0.0	GEE	0.849802371541502,0.8458498023715415,0.847167325428195,0.8511198945981555,0.8326745718050066,0.8458498023715415,0.847167325428195,0.8511198945981555,0.8234519104084321,0.8405797101449275,0.8247694334650857,0.8590250329380764,0.8801054018445322,0.8511198945981555,0.7957839262187089,0.8445322793148881,0.7905138339920948,0.8695652173913043,0.8208168642951251,0.849802371541502,0.8326745718050066,0.8326745718050066,0.8194993412384717,0.855072463768116,0.8405797101449275,0.8353096179183136,0.8814229249011858,0.8735177865612648,0.8326745718050066,0.8274044795783926,0.8880105401844532,0.8445322793148881,0.8379446640316206,0.8432147562582345,0.849802371541502,0.8379446640316206,0.8761528326745718,0.8379446640316206,0.8537549407114624,0.836627140974967,0.83399209486166,0.8603425559947299,0.8353096179183136,0.855072463768116,0.8445322793148881,0.8761528326745718,0.8234519104084321,0.8155467720685112,0.8774703557312253,0.8168642951251647,0.8563899868247694,0.855072463768116,0.847167325428195,0.8814229249011858,0.8221343873517787,0.852437417654809,0.8445322793148881,0.841897233201581,0.8326745718050066,0.8853754940711462,0.839262187088274,0.8458498023715415,0.8379446640316206,0.8181818181818182,0.8629776021080369,0.8682476943346509,0.852437417654809,0.8194993412384717,0.8642951251646904,0.8432147562582345,0.8484848484848485,0.8300395256916996,0.855072463768116,0.8089591567852438,0.8682476943346509,0.857707509881423,0.8787878787878788,0.8445322793148881,0.8761528326745718,0.8616600790513834,0.836627140974967,0.8274044795783926,0.8827404479578392,0.8880105401844532,0.83399209486166,0.8458498023715415,0.8735177865612648,0.8405797101449275,0.849802371541502,0.841897233201581,0.8603425559947299,0.8695652173913043,0.8023715415019763,0.8642951251646904,0.857707509881423,0.8300395256916996,0.83399209486166,0.8735177865612648,0.8155467720685112,0.8313570487483531,0.847167325428195,0.852437417654809,0.83399209486166,0.8642951251646904,0.8945981554677207,0.841897233201581,0.8563899868247694,0.8774703557312253,0.8168642951251647,0.8326745718050066,0.8142292490118577,0.836627140974967,0.8247694334650857,0.8603425559947299,0.8919631093544137,0.857707509881423,0.8722002635046113,0.8801054018445322,0.8274044795783926,0.8287220026350461,0.8603425559947299,0.841897233201581,0.8590250329380764,0.841897233201581,0.8735177865612648,0.8511198945981555,0.7931488801054019,0.8511198945981555,0.8247694334650857,0.8603425559947299,0.8300395256916996,0.8194993412384717,0.8563899868247694,0.852437417654809,0.8682476943346509,0.8274044795783926,0.8405797101449275,0.8511198945981555,0.8432147562582345,0.8300395256916996,0.8287220026350461,0.8063241106719368,0.836627140974967,0.857707509881423,0.8432147562582345,0.8405797101449275,0.8129117259552042,0.849802371541502,0.8445322793148881,0.8537549407114624,0.8445322793148881,0.8445322793148881,0.8155467720685112,0.8629776021080369,0.8537549407114624,0.8735177865612648,0.8353096179183136,0.8511198945981555,0.8432147562582345,0.8458498023715415,0.9130434782608695,0.8155467720685112,0.8326745718050066,0.8669301712779973,0.8445322793148881,0.8405797101449275,0.852437417654809,0.8353096179183136,0.8656126482213439,0.8274044795783926,0.8274044795783926,0.83399209486166,0.8682476943346509,0.8326745718050066,0.8458498023715415,0.8590250329380764,0.839262187088274,0.8405797101449275,0.8945981554677207,0.8484848484848485,0.8616600790513834,0.8616600790513834,0.8050065876152833,0.8405797101449275,0.8405797101449275,0.8458498023715415,0.782608695652174,0.8590250329380764,0.8353096179183136,0.8405797101449275,0.857707509881423,0.8405797101449275,0.8537549407114624,0.847167325428195,0.8405797101449275,0.847167325428195,0.8274044795783926,0.852437417654809,0.8801054018445322,0.8274044795783926
0.0	GNN	0.7562582345191041,0.5625823451910409,0.6640316205533597,0.7562582345191041,0.8511198945981555,0.8102766798418972,0.544137022397892,0.7075098814229249,0.6587615283267457,0.6469038208168643,0.8511198945981555,0.761528326745718,0.613965744400527,0.6798418972332015,0.5836627140974967,0.7338603425559947,0.6007905138339921,0.49407114624505927,0.8300395256916996,0.6324110671936759,0.8669301712779973,0.6521739130434783,0.6521739130434783,0.7523056653491436,0.6627140974967062,0.5177865612648221,0.6521739130434783,0.7299077733860343,0.7022397891963109,0.5177865612648221,0.6469038208168643,0.5638998682476943,0.5849802371541502,0.8036890645586298,0.8458498023715415,0.852437417654809,0.8287220026350461,0.6271409749670619,0.6640316205533597,0.5889328063241107,0.7417654808959157,0.5928853754940712,0.6376811594202898,0.7246376811594203,0.7865612648221344,0.6745718050065876,0.6350461133069829,0.6047430830039525,0.49407114624505927,0.5480895915678524,0.5428194993412385,0.7101449275362319,0.8181818181818182,0.6469038208168643,0.6600790513833992,0.6086956521739131,0.8089591567852438,0.8379446640316206,0.6100131752305665,0.7325428194993412,0.5375494071146245,0.8300395256916996,0.7444005270092227,0.83399209486166,0.6693017127799736,0.5849802371541502,0.5797101449275363,0.7839262187088274,0.5612648221343873,0.6851119894598156,0.6482213438735178,0.6126482213438735,0.7220026350461133,0.5270092226613966,0.45322793148880103,0.8774703557312253,0.8181818181818182,0.7299077733860343,0.6548089591567853,0.769433465085639,0.7562582345191041,0.49407114624505927,0.8155467720685112,0.6811594202898551,0.621870882740448,0.6798418972332015,0.5994729907773386,0.7088274044795784,0.6745718050065876,0.7457180500658761,0.616600790513834,0.6903820816864296,0.6337285902503293,0.6416337285902504,0.6640316205533597,0.761528326745718,0.8208168642951251,0.6627140974967062,0.8208168642951251,0.6956521739130435,0.5599472990777339,0.7206851119894598,0.7338603425559947,0.8102766798418972,0.8326745718050066,0.5573122529644269,0.6798418972332015,0.8260869565217391,0.4874835309617918,0.5362318840579711,0.7391304347826086,0.5638998682476943,0.6903820816864296,0.7496706192358367,0.6337285902503293,0.6416337285902504,0.6100131752305665,0.5164690382081687,0.689064558629776,0.5507246376811594,0.6824769433465085,0.5783926218708827,0.5757575757575758,0.5111989459815547,0.7575757575757576,0.7984189723320159,0.4901185770750988,0.7470355731225297,0.7285902503293807,0.47035573122529645,0.5006587615283268,0.4756258234519104,0.7523056653491436,0.5889328063241107,0.7259552042160737,0.5401844532279315,0.6337285902503293,0.6798418972332015,0.6587615283267457,0.6152832674571805,0.619235836627141,0.6930171277997365,0.7075098814229249,0.7562582345191041,0.7009222661396575,0.6613965744400527,0.48221343873517786,0.7285902503293807,0.6324110671936759,0.6785243741765481,0.6706192358366272,0.7193675889328063,0.5849802371541502,0.5731225296442688,0.6179183135704874,0.5862977602108037,0.6469038208168643,0.7180500658761528,0.6666666666666666,0.6284584980237155,0.7035573122529645,0.839262187088274,0.6772068511198946,0.5625823451910409,0.6389986824769434,0.8353096179183136,0.5757575757575758,0.6021080368906456,0.5072463768115942,0.7035573122529645,0.5876152832674572,0.6930171277997365,0.6389986824769434,0.43741765480895917,0.6930171277997365,0.7140974967061924,0.7154150197628458,0.6745718050065876,0.7812911725955204,0.69433465085639,0.6021080368906456,0.4440052700922266,0.5968379446640316,0.6482213438735178,0.6271409749670619,0.8287220026350461,0.8300395256916996,0.6732542819499341,0.7786561264822134,0.6521739130434783,0.696969696969697,0.761528326745718,0.6613965744400527,0.7075098814229249,0.7391304347826086,0.5968379446640316,0.7575757575757576,0.5612648221343873,0.6982872200263505,0.7799736495388669
0.0	GG	0.8853754940711462,0.8985507246376812,0.9209486166007905,0.83399209486166,0.46903820816864294,0.9525691699604744,0.8774703557312253,0.8511198945981555,0.8405797101449275,0.9038208168642952,0.7931488801054019,0.8313570487483531,0.8761528326745718,0.8959156785243741,0.7905138339920948,0.8669301712779973,0.8247694334650857,0.8801054018445322,0.8616600790513834,0.8642951251646904,0.9156785243741765,0.924901185770751,0.8484848484848485,0.6455862977602108,0.841897233201581,0.8287220026350461,0.6719367588932806,0.9183135704874835,0.8458498023715415,0.9815546772068511,0.7984189723320159,0.5731225296442688,0.8932806324110671,0.9169960474308301,0.8616600790513834,0.8866930171277997,0.8208168642951251,0.9815546772068511,0.7364953886693018,0.836627140974967,0.8287220026350461,0.8313570487483531,0.8906455862977603,0.9762845849802372,0.9183135704874835,0.8735177865612648,0.997364953886693,0.9090909090909091,0.8880105401844532,0.8326745718050066,0.6732542819499341,0.8985507246376812,0.9499341238471674,0.8959156785243741,0.8629776021080369,0.841897233201581,0.8761528326745718,0.9710144927536232,0.8445322793148881,0.47299077733860345,0.8656126482213439,0.9064558629776021,0.8866930171277997,0.8708827404479579,0.9631093544137023,0.8102766798418972,0.8919631093544137,0.8432147562582345,0.7048748353096179,0.7338603425559947,0.922266139657444,0.836627140974967,0.8998682476943346,0.8656126482213439,0.7523056653491436,0.9367588932806324,0.8247694334650857,0.8695652173913043,0.8853754940711462,0.8787878787878788,0.9156785243741765,0.9393939393939394,0.849802371541502,0.42160737812911725,0.83399209486166,0.5981554677206851,0.9789196310935442,0.919631093544137,0.8642951251646904,0.43478260869565216,0.8853754940711462,0.9499341238471674,0.847167325428195,0.8735177865612648,0.8761528326745718,0.8722002635046113,0.6416337285902504,0.8300395256916996,0.466403162055336,0.919631093544137,0.847167325428195,0.782608695652174,0.9538866930171278,0.9657444005270093,0.7364953886693018,0.9025032938076416,0.8945981554677207,0.8787878787878788,0.8089591567852438,0.8866930171277997,0.930171277997365,0.38998682476943347,0.9868247694334651,0.6693017127799736,0.8959156785243741,0.49538866930171277,0.9512516469038208,0.9578392621870883,0.9064558629776021,0.83399209486166,0.6100131752305665,0.7839262187088274,0.9591567852437418,0.927536231884058,0.5862977602108037,0.9723320158102767,0.8656126482213439,0.525691699604743,0.849802371541502,0.8945981554677207,0.8853754940711462,0.9393939393939394,0.7760210803689065,0.9117259552042161,0.5032938076416338,0.9104084321475626,0.9433465085638999,0.8656126482213439,0.930171277997365,0.9499341238471674,0.927536231884058,0.930171277997365,0.9235836627140975,0.8287220026350461,0.8629776021080369,0.9776021080368906,0.8932806324110671,0.9459815546772069,0.8616600790513834,0.9090909090909091,0.8945981554677207,0.9828722002635046,0.8695652173913043,0.8932806324110671,0.8300395256916996,0.8076416337285902,0.9288537549407114,0.9459815546772069,0.8959156785243741,0.8695652173913043,0.9064558629776021,0.9393939393939394,0.8537549407114624,0.7773386034255599,0.7009222661396575,0.6772068511198946,0.8511198945981555,0.8853754940711462,0.8893280632411067,0.9525691699604744,0.8326745718050066,0.8932806324110671,0.8906455862977603,0.8919631093544137,0.8682476943346509,0.9591567852437418,0.9117259552042161,0.9011857707509882,0.9038208168642952,0.43873517786561267,0.7602108036890646,0.9683794466403162,0.8722002635046113,0.9868247694334651,0.9446640316205533,0.8023715415019763,0.9025032938076416,0.8656126482213439,0.4479578392621871,0.8945981554677207,0.9051383399209486,0.932806324110672,0.8537549407114624,0.8274044795783926,0.9525691699604744,0.8893280632411067,0.7523056653491436,0.5533596837944664,0.6758893280632411,0.852437417654809
0.0	GG2	0.8866930171277997,0.924901185770751,0.9025032938076416,0.8906455862977603,0.9117259552042161,0.8998682476943346,0.9525691699604744,0.8880105401844532,0.8945981554677207,0.9710144927536232,0.9841897233201581,0.847167325428195,0.9380764163372859,0.927536231884058,0.9169960474308301,0.9591567852437418,0.9314888010540184,0.9367588932806324,0.8959156785243741,0.8840579710144928,0.8853754940711462,0.8722002635046113,0.8787878787878788,0.8945981554677207,0.9341238471673254,0.9341238471673254,0.8998682476943346,0.9433465085638999,0.9314888010540184,0.930171277997365,0.9512516469038208,0.8445322793148881,0.9393939393939394,0.9209486166007905,0.9235836627140975,0.8840579710144928,0.9117259552042161,0.930171277997365,0.9025032938076416,0.9262187088274044,0.9486166007905138,0.9130434782608695,0.9868247694334651,0.9907773386034255,0.9486166007905138,0.9077733860342556,0.9552042160737813,0.9815546772068511,0.9038208168642952,0.841897233201581,0.9064558629776021,0.847167325428195,0.9934123847167325,0.924901185770751,0.8221343873517787,0.8893280632411067,0.8814229249011858,0.8945981554677207,0.852437417654809,0.9789196310935442,0.8840579710144928,0.9459815546772069,0.8761528326745718,0.8748353096179183,0.9986824769433466,0.8985507246376812,0.9354413702239789,0.8708827404479579,0.8774703557312253,0.922266139657444,0.8880105401844532,0.9090909090909091,0.9090909090909091,0.8089591567852438,0.9156785243741765,0.9420289855072463,0.8603425559947299,0.9433465085638999,0.9064558629776021,0.8748353096179183,0.8735177865612648,0.9934123847167325,0.8919631093544137,0.9407114624505929,0.9525691699604744,0.847167325428195,1.0,0.927536231884058,0.9130434782608695,0.9011857707509882,0.9433465085638999,0.9894598155467721,0.9090909090909091,0.8972332015810277,0.9459815546772069,0.919631093544137,0.8563899868247694,0.8774703557312253,0.8642951251646904,0.932806324110672,0.8880105401844532,0.9064558629776021,0.9960474308300395,0.9393939393939394,0.9038208168642952,0.9077733860342556,0.924901185770751,0.9038208168642952,0.8656126482213439,0.9393939393939394,0.9025032938076416,0.997364953886693,0.9881422924901185,0.9459815546772069,0.9841897233201581,0.8959156785243741,1.0,0.9367588932806324,0.9011857707509882,0.8735177865612648,0.9025032938076416,0.8405797101449275,0.9525691699604744,0.841897233201581,0.8761528326745718,0.9920948616600791,0.8735177865612648,0.9828722002635046,0.9090909090909091,0.9776021080368906,0.8405797101449275,0.9472990777338604,0.8076416337285902,0.9025032938076416,0.8985507246376812,0.9117259552042161,0.8840579710144928,0.8906455862977603,0.9235836627140975,0.8801054018445322,0.9367588932806324,0.8985507246376812,0.9499341238471674,0.857707509881423,0.9354413702239789,0.9341238471673254,0.8972332015810277,0.9420289855072463,0.8445322793148881,0.930171277997365,0.9314888010540184,0.9670619235836627,0.8801054018445322,0.9077733860342556,0.9341238471673254,0.9209486166007905,0.9090909090909091,0.9591567852437418,0.8893280632411067,0.8893280632411067,0.9855072463768116,0.9723320158102767,0.9011857707509882,0.9499341238471674,0.8959156785243741,0.9143610013175231,0.9459815546772069,0.9433465085638999,0.922266139657444,0.9367588932806324,0.8827404479578392,0.8906455862977603,0.9565217391304348,0.932806324110672,0.8866930171277997,0.9565217391304348,0.9407114624505929,0.9710144927536232,0.9486166007905138,0.8985507246376812,0.8840579710144928,0.9380764163372859,0.8405797101449275,0.927536231884058,0.9617918313570487,0.930171277997365,0.9354413702239789,0.8932806324110671,0.8682476943346509,0.9446640316205533,0.8959156785243741,0.9380764163372859,0.9090909090909091,0.8511198945981555,0.9235836627140975,0.8985507246376812,0.6758893280632411,0.8695652173913043,0.9894598155467721,0.924901185770751
0.01	GEE	0.769433465085639,0.7799736495388669,0.7747035573122529,0.7760210803689065,0.7971014492753623,0.7720685111989459,0.7984189723320159,0.7747035573122529,0.769433465085639,0.8076416337285902,0.7891963109354414,0.7562582345191041,0.7865612648221344,0.7720685111989459,0.7931488801054019,0.7852437417654808,0.7799736495388669,0.7430830039525692,0.7931488801054019,0.8010540184453228,0.7747035573122529,0.7654808959156785,0.7971014492753623,0.769433465085639,0.7997364953886693,0.7681159420289855,0.7707509881422925,0.7773386034255599,0.8129117259552042,0.7707509881422925,0.7878787878787878,0.7773386034255599,0.7720685111989459,0.761528326745718,0.7852437417654808,0.7602108036890646,0.7773386034255599,0.782608695652174,0.761528326745718,0.782608695652174,0.7707509881422925,0.7971014492753623,0.7839262187088274,0.8010540184453228,0.7997364953886693,0.7944664031620553,0.7865612648221344,0.7509881422924901,0.7931488801054019,0.7799736495388669,0.7786561264822134,0.8194993412384717,0.7562582345191041,0.8142292490118577,0.7839262187088274,0.8247694334650857,0.769433465085639,0.7733860342555995,0.7918313570487484,0.7628458498023716,0.7957839262187089,0.7891963109354414,0.7891963109354414,0.8010540184453228,0.7812911725955204,0.769433465085639,0.8102766798418972,0.766798418972332,0.7918313570487484,0.8050065876152833,0.7839262187088274,0.7786561264822134,0.7575757575757576,0.7852437417654808,0.7786561264822134,0.761528326745718,0.7259552042160737,0.7918313570487484,0.769433465085639,0.764163372859025,0.8076416337285902,0.7971014492753623,0.7720685111989459,0.8115942028985508,0.7852437417654808,0.7812911725955204,0.782608695652174,0.7918313570487484,0.7681159420289855,0.782608695652174,0.7865612648221344,0.7747035573122529,0.766798418972332,0.7733860342555995,0.7602108036890646,0.7865612648221344,0.8142292490118577,0.7865612648221344,0.8036890645586298,0.7799736495388669,0.7747035573122529,0.7944664031620553,0.7918313570487484,0.7747035573122529,0.7628458498023716,0.7720685111989459,0.7931488801054019,0.7799736495388669,0.8023715415019763,0.7957839262187089,0.7733860342555995,0.7812911725955204,0.8036890645586298,0.782608695652174,0.7905138339920948,0.7878787878787878,0.7654808959156785,0.7602108036890646,0.7944664031620553,0.7931488801054019,0.782608695652174,0.7931488801054019,0.8076416337285902,0.7931488801054019,0.8023715415019763,0.7786561264822134,0.7747035573122529,0.764163372859025,0.7457180500658761,0.758893280632411,0.7931488801054019,0.7944664031620553,0.769433465085639,0.7865612648221344,0.7984189723320159,0.7773386034255599,0.8050065876152833,0.7852437417654808,0.8023715415019763,0.7918313570487484,0.7470355731225297,0.7773386034255599,0.8129117259552042,0.7628458498023716,0.8142292490118577,0.761528326745718,0.7918313570487484,0.764163372859025,0.7575757575757576,0.7786561264822134,0.769433465085639,0.7891963109354414,0.8115942028985508,0.7891963109354414,0.7984189723320159,0.7325428194993412,0.7812911725955204,0.7720685111989459,0.7799736495388669,0.7799736495388669,0.7852437417654808,0.7944664031620553,0.7984189723320159,0.764163372859025,0.7905138339920948,0.7918313570487484,0.8023715415019763,0.7773386034255599,0.7905138339920948,0.782608695652174,0.8010540184453228,0.764163372859025,0.7799736495388669,0.766798418972332,0.7536231884057971,0.7799736495388669,0.764163372859025,0.7812911725955204,0.7839262187088274,0.7523056653491436,0.7984189723320159,0.8036890645586298,0.7905138339920948,0.7562582345191041,0.7891963109354414,0.7707509881422925,0.7628458498023716,0.7812911725955204,0.7865612648221344,0.8076416337285902,0.7760210803689065,0.7747035573122529,0.8260869565217391,0.7812911725955204,0.7799736495388669,0.7971014492753623,0.7931488801054019,0.7918313570487484,0.766798418972332,0.782608695652174
0.01	GNN	0.7206851119894598,0.5915678524374176,0.541501976284585,0.621870882740448,0.6534914361001317,0.6877470355731226,0.47299077733860345,0.5480895915678524,0.4927536231884058,0.5322793148880105,0.6231884057971014,0.6034255599472991,0.47167325428194995,0.5955204216073782,0.4031620553359684,0.6231884057971014,0.4874835309617918,0.4756258234519104,0.6416337285902504,0.43873517786561267,0.6324110671936759,0.45586297760210803,0.6231884057971014,0.5401844532279315,0.4993412384716733,0.48221343873517786,0.5718050065876152,0.5757575757575758,0.5638998682476943,0.5217391304347826,0.6205533596837944,0.5322793148880105,0.5797101449275363,0.5889328063241107,0.6719367588932806,0.7048748353096179,0.696969696969697,0.4650856389986825,0.544137022397892,0.5823451910408433,0.5125164690382081,0.5177865612648221,0.5454545454545454,0.6271409749670619,0.6376811594202898,0.6047430830039525,0.4519104084321476,0.5981554677206851,0.4927536231884058,0.48089591567852435,0.4281949934123847,0.4914361001317523,0.7048748353096179,0.525691699604743,0.5375494071146245,0.5204216073781291,0.6100131752305665,0.6574440052700923,0.4914361001317523,0.5810276679841897,0.49407114624505927,0.6824769433465085,0.5797101449275363,0.7417654808959157,0.5612648221343873,0.47167325428194995,0.5428194993412385,0.6469038208168643,0.530961791831357,0.46903820816864294,0.61133069828722,0.5230566534914362,0.6732542819499341,0.525691699604743,0.5111989459815547,0.7220026350461133,0.6060606060606061,0.5678524374176548,0.6574440052700923,0.696969696969697,0.5783926218708827,0.45454545454545453,0.5296442687747036,0.6613965744400527,0.5204216073781291,0.6297760210803689,0.6152832674571805,0.6429512516469038,0.5401844532279315,0.7364953886693018,0.42555994729907776,0.5586297760210803,0.5480895915678524,0.5744400527009222,0.541501976284585,0.6310935441370223,0.6469038208168643,0.5612648221343873,0.7720685111989459,0.5889328063241107,0.4782608695652174,0.6060606060606061,0.6271409749670619,0.6732542819499341,0.6811594202898551,0.5599472990777339,0.5401844532279315,0.6732542819499341,0.544137022397892,0.45322793148880103,0.5546772068511199,0.5691699604743083,0.5533596837944664,0.689064558629776,0.5915678524374176,0.44664031620553357,0.6231884057971014,0.5876152832674572,0.61133069828722,0.4980237154150198,0.4888010540184453,0.4888010540184453,0.52832674571805,0.5349143610013175,0.5599472990777339,0.7562582345191041,0.4980237154150198,0.5046113306982872,0.6047430830039525,0.45718050065876153,0.48353096179183136,0.43346508563899866,0.6205533596837944,0.5520421607378129,0.5889328063241107,0.5665349143610013,0.525691699604743,0.5652173913043478,0.49407114624505927,0.463768115942029,0.4479578392621871,0.5862977602108037,0.5533596837944664,0.6982872200263505,0.5217391304347826,0.4505928853754941,0.3965744400527009,0.7088274044795784,0.5072463768115942,0.5480895915678524,0.6403162055335968,0.5678524374176548,0.549407114624506,0.5243741765480896,0.4782608695652174,0.43741765480895917,0.48221343873517786,0.6403162055335968,0.6956521739130435,0.5138339920948617,0.6363636363636364,0.6745718050065876,0.5665349143610013,0.38735177865612647,0.5612648221343873,0.6284584980237155,0.47167325428194995,0.37812911725955206,0.4888010540184453,0.6310935441370223,0.4426877470355731,0.6034255599472991,0.6389986824769434,0.42555994729907776,0.4756258234519104,0.6021080368906456,0.5217391304347826,0.6508563899868248,0.6508563899868248,0.696969696969697,0.461133069828722,0.45718050065876153,0.5270092226613966,0.49407114624505927,0.42555994729907776,0.7022397891963109,0.6416337285902504,0.4874835309617918,0.6034255599472991,0.6258234519104084,0.5072463768115942,0.6297760210803689,0.5573122529644269,0.6679841897233202,0.5362318840579711,0.5691699604743083,0.5994729907773386,0.4756258234519104,0.4176548089591568,0.5533596837944664
0.01	GG	0.7997364953886693,0.8432147562582345,0.7654808959156785,0.7786561264822134,0.5085638998682477,0.847167325428195,0.7747035573122529,0.7905138339920948,0.8129117259552042,0.8787878787878788,0.7931488801054019,0.7852437417654808,0.7997364953886693,0.8300395256916996,0.7404479578392622,0.7971014492753623,0.7812911725955204,0.761528326745718,0.847167325428195,0.7562582345191041,0.8129117259552042,0.7997364953886693,0.7997364953886693,0.7338603425559947,0.7905138339920948,0.7114624505928854,0.6548089591567853,0.8669301712779973,0.7338603425559947,0.852437417654809,0.7944664031620553,0.6350461133069829,0.839262187088274,0.7918313570487484,0.8115942028985508,0.8142292490118577,0.7088274044795784,0.8932806324110671,0.6429512516469038,0.7786561264822134,0.8129117259552042,0.7272727272727273,0.8102766798418972,0.8774703557312253,0.7891963109354414,0.782608695652174,0.8722002635046113,0.836627140974967,0.8050065876152833,0.7852437417654808,0.7799736495388669,0.8260869565217391,0.8247694334650857,0.836627140974967,0.7681159420289855,0.8221343873517787,0.847167325428195,0.8629776021080369,0.7549407114624506,0.5296442687747036,0.7720685111989459,0.7984189723320159,0.8089591567852438,0.8129117259552042,0.8287220026350461,0.7154150197628458,0.8379446640316206,0.7338603425559947,0.8155467720685112,0.769433465085639,0.8247694334650857,0.7878787878787878,0.8656126482213439,0.8076416337285902,0.7246376811594203,0.8405797101449275,0.6877470355731226,0.766798418972332,0.8642951251646904,0.8168642951251647,0.8616600790513834,0.8840579710144928,0.7891963109354414,0.7496706192358367,0.8010540184453228,0.6837944664031621,0.9090909090909091,0.8458498023715415,0.7562582345191041,0.5823451910408433,0.8194993412384717,0.7905138339920948,0.7747035573122529,0.686429512516469,0.764163372859025,0.8129117259552042,0.7325428194993412,0.7575757575757576,0.5797101449275363,0.8642951251646904,0.766798418972332,0.7180500658761528,0.919631093544137,0.841897233201581,0.7509881422924901,0.7457180500658761,0.8247694334650857,0.7852437417654808,0.8023715415019763,0.8629776021080369,0.8998682476943346,0.5968379446640316,0.8827404479578392,0.8247694334650857,0.839262187088274,0.6837944664031621,0.8511198945981555,0.7905138339920948,0.8458498023715415,0.7628458498023716,0.6824769433465085,0.7272727272727273,0.8985507246376812,0.8168642951251647,0.7061923583662714,0.8814229249011858,0.7562582345191041,0.538866930171278,0.8274044795783926,0.7918313570487484,0.782608695652174,0.8603425559947299,0.7549407114624506,0.855072463768116,0.5006587615283268,0.7272727272727273,0.9038208168642952,0.782608695652174,0.855072463768116,0.8748353096179183,0.7931488801054019,0.8748353096179183,0.8194993412384717,0.7470355731225297,0.7707509881422925,0.8590250329380764,0.7733860342555995,0.8695652173913043,0.7747035573122529,0.8089591567852438,0.8260869565217391,0.8629776021080369,0.782608695652174,0.8181818181818182,0.8287220026350461,0.7773386034255599,0.8432147562582345,0.8063241106719368,0.7312252964426877,0.7971014492753623,0.8511198945981555,0.8722002635046113,0.7997364953886693,0.6482213438735178,0.6442687747035574,0.7496706192358367,0.7878787878787878,0.761528326745718,0.849802371541502,0.8300395256916996,0.7878787878787878,0.7812911725955204,0.8313570487483531,0.8089591567852438,0.7628458498023716,0.836627140974967,0.8287220026350461,0.836627140974967,0.8194993412384717,0.6930171277997365,0.8181818181818182,0.9051383399209486,0.8656126482213439,0.9011857707509882,0.7957839262187089,0.8010540184453228,0.7773386034255599,0.847167325428195,0.5665349143610013,0.6653491436100132,0.8142292490118577,0.8590250329380764,0.7891963109354414,0.7549407114624506,0.7852437417654808,0.8247694334650857,0.7009222661396575,0.7747035573122529,0.8129117259552042,0.766798418972332
0.01	GG2	0.8379446640316206,0.8234519104084321,0.8405797101449275,0.7984189723320159,0.8274044795783926,0.836627140974967,0.8036890645586298,0.841897233201581,0.7944664031620553,0.8722002635046113,0.8774703557312253,0.8313570487483531,0.855072463768116,0.8642951251646904,0.8379446640316206,0.9064558629776021,0.8300395256916996,0.83399209486166,0.841897233201581,0.8115942028985508,0.7971014492753623,0.8115942028985508,0.849802371541502,0.7496706192358367,0.7918313570487484,0.8326745718050066,0.8063241106719368,0.8379446640316206,0.8484848484848485,0.857707509881423,0.8089591567852438,0.849802371541502,0.8629776021080369,0.8998682476943346,0.9143610013175231,0.8616600790513834,0.9064558629776021,0.922266139657444,0.8445322793148881,0.9051383399209486,0.7891963109354414,0.7997364953886693,0.83399209486166,0.930171277997365,0.8563899868247694,0.847167325428195,0.8590250329380764,0.8432147562582345,0.7944664031620553,0.8050065876152833,0.7628458498023716,0.8590250329380764,0.8063241106719368,0.8814229249011858,0.8076416337285902,0.8155467720685112,0.8814229249011858,0.9209486166007905,0.8208168642951251,0.836627140974967,0.8722002635046113,0.8221343873517787,0.8484848484848485,0.8998682476943346,0.8089591567852438,0.7891963109354414,0.8972332015810277,0.7865612648221344,0.839262187088274,0.7325428194993412,0.8247694334650857,0.8036890645586298,0.841897233201581,0.855072463768116,0.8221343873517787,0.8326745718050066,0.7470355731225297,0.8787878787878788,0.8274044795783926,0.7905138339920948,0.8722002635046113,0.9051383399209486,0.8010540184453228,0.7944664031620553,0.8616600790513834,0.7575757575757576,0.8893280632411067,0.836627140974967,0.8616600790513834,0.8102766798418972,0.8722002635046113,0.7905138339920948,0.7984189723320159,0.8181818181818182,0.841897233201581,0.8695652173913043,0.7984189723320159,0.855072463768116,0.8247694334650857,0.8735177865612648,0.7654808959156785,0.7259552042160737,0.9341238471673254,0.8445322793148881,0.8155467720685112,0.7852437417654808,0.847167325428195,0.8194993412384717,0.7773386034255599,0.8814229249011858,0.8445322793148881,0.8853754940711462,0.919631093544137,0.855072463768116,0.8603425559947299,0.7496706192358367,0.8181818181818182,0.8129117259552042,0.8603425559947299,0.8221343873517787,0.7944664031620553,0.852437417654809,0.9090909090909091,0.8326745718050066,0.847167325428195,0.8919631093544137,0.7891963109354414,0.8629776021080369,0.7707509881422925,0.8511198945981555,0.7957839262187089,0.8932806324110671,0.7971014492753623,0.857707509881423,0.841897233201581,0.9235836627140975,0.9183135704874835,0.8722002635046113,0.8405797101449275,0.8748353096179183,0.7760210803689065,0.857707509881423,0.83399209486166,0.849802371541502,0.8181818181818182,0.8814229249011858,0.8353096179183136,0.8669301712779973,0.849802371541502,0.8445322793148881,0.847167325428195,0.8405797101449275,0.8563899868247694,0.8260869565217391,0.8919631093544137,0.7628458498023716,0.7852437417654808,0.8247694334650857,0.7931488801054019,0.8590250329380764,0.855072463768116,0.9077733860342556,0.8708827404479579,0.8511198945981555,0.8590250329380764,0.8511198945981555,0.8722002635046113,0.8194993412384717,0.8010540184453228,0.8563899868247694,0.8234519104084321,0.7984189723320159,0.8405797101449275,0.8880105401844532,0.7984189723320159,0.8432147562582345,0.8458498023715415,0.847167325428195,0.8563899868247694,0.8708827404479579,0.83399209486166,0.8774703557312253,0.8181818181818182,0.8893280632411067,0.8893280632411067,0.7760210803689065,0.8642951251646904,0.852437417654809,0.8089591567852438,0.8063241106719368,0.9025032938076416,0.761528326745718,0.8708827404479579,0.7971014492753623,0.7812911725955204,0.8300395256916996,0.7878787878787878,0.8181818181818182,0.8353096179183136,0.8445322793148881
0.02	GEE	0.7022397891963109,0.7206851119894598,0.7272727272727273,0.7444005270092227,0.691699604743083,0.7259552042160737,0.7154150197628458,0.696969696969697,0.69433465085639,0.69433465085639,0.7180500658761528,0.7549407114624506,0.7549407114624506,0.7312252964426877,0.6996047430830039,0.7285902503293807,0.6798418972332015,0.7259552042160737,0.7220026350461133,0.689064558629776,0.7180500658761528,0.7088274044795784,0.7140974967061924,0.6877470355731226,0.7061923583662714,0.7101449275362319,0.7378129117259552,0.7285902503293807,0.7154150197628458,0.7088274044795784,0.7061923583662714,0.7233201581027668,0.7733860342555995,0.7114624505928854,0.7220026350461133,0.6956521739130435,0.696969696969697,0.7075098814229249,0.7193675889328063,0.6785243741765481,0.7127799736495388,0.7154150197628458,0.7272727272727273,0.69433465085639,0.6982872200263505,0.7206851119894598,0.7404479578392622,0.7022397891963109,0.7154150197628458,0.7022397891963109,0.7299077733860343,0.7470355731225297,0.7246376811594203,0.7562582345191041,0.6600790513833992,0.7523056653491436,0.7127799736495388,0.7391304347826086,0.7285902503293807,0.7140974967061924,0.7233201581027668,0.7154150197628458,0.7154150197628458,0.696969696969697,0.7338603425559947,0.7417654808959157,0.7220026350461133,0.7351778656126482,0.7167325428194994,0.7325428194993412,0.7101449275362319,0.7338603425559947,0.7114624505928854,0.7338603425559947,0.7444005270092227,0.7470355731225297,0.7246376811594203,0.6811594202898551,0.7233201581027668,0.69433465085639,0.7325428194993412,0.7061923583662714,0.7417654808959157,0.6930171277997365,0.7114624505928854,0.7351778656126482,0.7430830039525692,0.6785243741765481,0.7061923583662714,0.7009222661396575,0.696969696969697,0.7206851119894598,0.7364953886693018,0.7470355731225297,0.7299077733860343,0.7285902503293807,0.7259552042160737,0.7430830039525692,0.7180500658761528,0.7364953886693018,0.7272727272727273,0.6837944664031621,0.7180500658761528,0.7114624505928854,0.7206851119894598,0.7496706192358367,0.7391304347826086,0.7272727272727273,0.7351778656126482,0.7312252964426877,0.7285902503293807,0.7206851119894598,0.7351778656126482,0.7312252964426877,0.7325428194993412,0.7140974967061924,0.7061923583662714,0.7417654808959157,0.7299077733860343,0.7259552042160737,0.7193675889328063,0.7075098814229249,0.7220026350461133,0.7259552042160737,0.7088274044795784,0.7140974967061924,0.7562582345191041,0.7022397891963109,0.7114624505928854,0.7048748353096179,0.7206851119894598,0.7299077733860343,0.6982872200263505,0.6930171277997365,0.689064558629776,0.6930171277997365,0.7206851119894598,0.7325428194993412,0.7259552042160737,0.7285902503293807,0.7035573122529645,0.7140974967061924,0.7364953886693018,0.7061923583662714,0.7101449275362319,0.7404479578392622,0.7140974967061924,0.6982872200263505,0.7351778656126482,0.7233201581027668,0.7483530961791831,0.7246376811594203,0.7444005270092227,0.7088274044795784,0.7048748353096179,0.686429512516469,0.7509881422924901,0.7272727272727273,0.7285902503293807,0.7562582345191041,0.69433465085639,0.7299077733860343,0.7325428194993412,0.7364953886693018,0.7338603425559947,0.7220026350461133,0.6996047430830039,0.686429512516469,0.7048748353096179,0.7009222661396575,0.7061923583662714,0.7140974967061924,0.7048748353096179,0.7220026350461133,0.7075098814229249,0.7470355731225297,0.7351778656126482,0.7009222661396575,0.7338603425559947,0.7075098814229249,0.7154150197628458,0.7523056653491436,0.7114624505928854,0.7061923583662714,0.6482213438735178,0.7167325428194994,0.6982872200263505,0.7009222661396575,0.7338603425559947,0.7259552042160737,0.7114624505928854,0.7602108036890646,0.6956521739130435,0.7562582345191041,0.7154150197628458,0.7035573122529645,0.7114624505928854,0.7246376811594203,0.7430830039525692,0.7127799736495388
0.02	GNN	0.6653491436100132,0.5230566534914362,0.5599472990777339,0.5204216073781291,0.6297760210803689,0.5191040843214756,0.4281949934123847,0.5151515151515151,0.43610013175230566,0.48484848484848486,0.538866930171278,0.5322793148880105,0.4137022397891963,0.5573122529644269,0.39789196310935443,0.6258234519104084,0.4505928853754941,0.461133069828722,0.6653491436100132,0.37812911725955206,0.5981554677206851,0.3675889328063241,0.47299077733860345,0.47299077733860345,0.4440052700922266,0.41106719367588934,0.43741765480895917,0.4874835309617918,0.4927536231884058,0.49670619235836627,0.5349143610013175,0.4413702239789196,0.4440052700922266,0.530961791831357,0.6047430830039525,0.544137022397892,0.5757575757575758,0.4769433465085639,0.47299077733860345,0.4189723320158103,0.5111989459815547,0.49407114624505927,0.546772068511199,0.5006587615283268,0.6284584980237155,0.5599472990777339,0.47035573122529645,0.40974967061923584,0.48484848484848486,0.5072463768115942,0.5138339920948617,0.4295125164690382,0.6877470355731226,0.43610013175230566,0.5322793148880105,0.5322793148880105,0.5612648221343873,0.5625823451910409,0.45586297760210803,0.4993412384716733,0.4743083003952569,0.6205533596837944,0.541501976284585,0.7312252964426877,0.5032938076416338,0.45322793148880103,0.4400527009222661,0.5612648221343873,0.47299077733860345,0.4295125164690382,0.4914361001317523,0.43873517786561267,0.5981554677206851,0.4308300395256917,0.42160737812911725,0.6363636363636364,0.525691699604743,0.5322793148880105,0.5678524374176548,0.619235836627141,0.466403162055336,0.4268774703557312,0.48089591567852435,0.613965744400527,0.48221343873517786,0.5968379446640316,0.4914361001317523,0.6324110671936759,0.5019762845849802,0.6732542819499341,0.4519104084321476,0.5046113306982872,0.48616600790513836,0.4980237154150198,0.43741765480895917,0.48221343873517786,0.5783926218708827,0.5349143610013175,0.6824769433465085,0.48484848484848486,0.4005270092226614,0.5019762845849802,0.48484848484848486,0.5783926218708827,0.6429512516469038,0.4993412384716733,0.45454545454545453,0.6758893280632411,0.45849802371541504,0.47299077733860345,0.5032938076416338,0.5612648221343873,0.525691699604743,0.6034255599472991,0.525691699604743,0.40974967061923584,0.5770750988142292,0.46772068511198944,0.6047430830039525,0.46772068511198944,0.38603425559947296,0.4505928853754941,0.544137022397892,0.4769433465085639,0.5665349143610013,0.6495388669301713,0.46903820816864294,0.4914361001317523,0.4743083003952569,0.42555994729907776,0.4492753623188406,0.4492753623188406,0.5125164690382081,0.5098814229249012,0.5810276679841897,0.4163372859025033,0.45718050065876153,0.5191040843214756,0.43741765480895917,0.4137022397891963,0.3794466403162055,0.5138339920948617,0.4795783926218709,0.619235836627141,0.4874835309617918,0.3794466403162055,0.35046113306982873,0.6679841897233202,0.4519104084321476,0.40711462450592883,0.5072463768115942,0.4769433465085639,0.46772068511198944,0.4650856389986825,0.43741765480895917,0.3702239789196311,0.48616600790513836,0.5810276679841897,0.5968379446640316,0.45849802371541504,0.5744400527009222,0.5915678524374176,0.5177865612648221,0.3926218708827404,0.5652173913043478,0.5230566534914362,0.4440052700922266,0.36495388669301715,0.37812911725955206,0.5006587615283268,0.466403162055336,0.530961791831357,0.6337285902503293,0.4176548089591568,0.5862977602108037,0.5335968379446641,0.5032938076416338,0.5981554677206851,0.5296442687747036,0.6653491436100132,0.3794466403162055,0.42424242424242425,0.5177865612648221,0.4980237154150198,0.45586297760210803,0.6521739130434783,0.5823451910408433,0.5836627140974967,0.5625823451910409,0.49670619235836627,0.48221343873517786,0.48484848484848486,0.47167325428194995,0.5230566534914362,0.5111989459815547,0.49407114624505927,0.5559947299077734,0.41106719367588934,0.4031620553359684,0.47299077733860345
0.02	GG	0.7193675889328063,0.8010540184453228,0.7220026350461133,0.758893280632411,0.43346508563899866,0.7852437417654808,0.7246376811594203,0.7140974967061924,0.7470355731225297,0.7747035573122529,0.7325428194993412,0.7378129117259552,0.7325428194993412,0.7984189723320159,0.6495388669301713,0.7193675889328063,0.7127799736495388,0.7905138339920948,0.769433465085639,0.6495388669301713,0.7299077733860343,0.7773386034255599,0.7351778656126482,0.6310935441370223,0.6956521739130435,0.7457180500658761,0.696969696969697,0.7786561264822134,0.6613965744400527,0.761528326745718,0.6851119894598156,0.6930171277997365,0.7918313570487484,0.8194993412384717,0.7707509881422925,0.7351778656126482,0.7299077733860343,0.8445322793148881,0.6455862977602108,0.6930171277997365,0.696969696969697,0.6956521739130435,0.7285902503293807,0.8023715415019763,0.696969696969697,0.7325428194993412,0.7496706192358367,0.7984189723320159,0.7127799736495388,0.7180500658761528,0.6758893280632411,0.7747035573122529,0.764163372859025,0.7523056653491436,0.6706192358366272,0.7259552042160737,0.782608695652174,0.7048748353096179,0.6851119894598156,0.5599472990777339,0.7272727272727273,0.7272727272727273,0.758893280632411,0.7483530961791831,0.7773386034255599,0.6442687747035574,0.7944664031620553,0.7048748353096179,0.7931488801054019,0.7325428194993412,0.7417654808959157,0.7299077733860343,0.7971014492753623,0.758893280632411,0.7918313570487484,0.8089591567852438,0.6376811594202898,0.7048748353096179,0.7918313570487484,0.7206851119894598,0.8036890645586298,0.8023715415019763,0.7417654808959157,0.6310935441370223,0.7549407114624506,0.549407114624506,0.8629776021080369,0.7127799736495388,0.6534914361001317,0.7325428194993412,0.7444005270092227,0.7483530961791831,0.7457180500658761,0.4927536231884058,0.691699604743083,0.7259552042160737,0.6798418972332015,0.7905138339920948,0.5810276679841897,0.8274044795783926,0.7733860342555995,0.6837944664031621,0.8102766798418972,0.7470355731225297,0.7206851119894598,0.7496706192358367,0.7760210803689065,0.758893280632411,0.7351778656126482,0.7865612648221344,0.8260869565217391,0.69433465085639,0.8142292490118577,0.6627140974967062,0.7127799736495388,0.4927536231884058,0.7984189723320159,0.6903820816864296,0.7971014492753623,0.7549407114624506,0.6679841897233202,0.6903820816864296,0.8142292490118577,0.7022397891963109,0.6231884057971014,0.7878787878787878,0.7430830039525692,0.6772068511198946,0.7681159420289855,0.7272727272727273,0.7180500658761528,0.7773386034255599,0.6903820816864296,0.7628458498023716,0.6877470355731226,0.7035573122529645,0.8287220026350461,0.686429512516469,0.7602108036890646,0.8129117259552042,0.7444005270092227,0.7931488801054019,0.7575757575757576,0.7035573122529645,0.7312252964426877,0.7997364953886693,0.7509881422924901,0.7931488801054019,0.7061923583662714,0.7470355731225297,0.7997364953886693,0.764163372859025,0.6732542819499341,0.7180500658761528,0.7378129117259552,0.7299077733860343,0.8076416337285902,0.7483530961791831,0.7378129117259552,0.7193675889328063,0.6903820816864296,0.761528326745718,0.7167325428194994,0.6482213438735178,0.6640316205533597,0.6851119894598156,0.691699604743083,0.6903820816864296,0.7628458498023716,0.7259552042160737,0.7180500658761528,0.7127799736495388,0.7233201581027668,0.7483530961791831,0.7193675889328063,0.8168642951251647,0.7628458498023716,0.7773386034255599,0.758893280632411,0.5085638998682477,0.7549407114624506,0.8511198945981555,0.761528326745718,0.7957839262187089,0.7509881422924901,0.7799736495388669,0.7325428194993412,0.7364953886693018,0.6996047430830039,0.7378129117259552,0.758893280632411,0.8089591567852438,0.7075098814229249,0.6534914361001317,0.7351778656126482,0.7272727272727273,0.6679841897233202,0.7154150197628458,0.766798418972332,0.6824769433465085
0.02	GG2	0.8208168642951251,0.7971014492753623,0.7839262187088274,0.8010540184453228,0.7075098814229249,0.7628458498023716,0.7549407114624506,0.8155467720685112,0.7799736495388669,0.8168642951251647,0.7707509881422925,0.7338603425559947,0.7523056653491436,0.8208168642951251,0.7654808959156785,0.8129117259552042,0.7325428194993412,0.7891963109354414,0.7799736495388669,0.7509881422924901,0.6521739130434783,0.7575757575757576,0.764163372859025,0.7654808959156785,0.6047430830039525,0.7140974967061924,0.7509881422924901,0.8247694334650857,0.7918313570487484,0.8274044795783926,0.8023715415019763,0.758893280632411,0.8247694334650857,0.7681159420289855,0.8274044795783926,0.7839262187088274,0.6758893280632411,0.8234519104084321,0.7180500658761528,0.7496706192358367,0.7628458498023716,0.7470355731225297,0.7997364953886693,0.8445322793148881,0.7496706192358367,0.7193675889328063,0.769433465085639,0.8458498023715415,0.7905138339920948,0.7496706192358367,0.8511198945981555,0.7430830039525692,0.7457180500658761,0.8102766798418972,0.7364953886693018,0.7733860342555995,0.8326745718050066,0.8274044795783926,0.7799736495388669,0.7984189723320159,0.7905138339920948,0.7496706192358367,0.7905138339920948,0.7773386034255599,0.8234519104084321,0.841897233201581,0.8274044795783926,0.7931488801054019,0.7575757575757576,0.8089591567852438,0.7325428194993412,0.7523056653491436,0.7220026350461133,0.7918313570487484,0.8010540184453228,0.7944664031620553,0.8050065876152833,0.7391304347826086,0.7799736495388669,0.7483530961791831,0.8010540184453228,0.852437417654809,0.6758893280632411,0.7773386034255599,0.7905138339920948,0.7931488801054019,0.8629776021080369,0.7523056653491436,0.6416337285902504,0.7733860342555995,0.7760210803689065,0.7575757575757576,0.7733860342555995,0.7971014492753623,0.7747035573122529,0.8102766798418972,0.7206851119894598,0.7984189723320159,0.7470355731225297,0.836627140974967,0.7905138339920948,0.6851119894598156,0.8695652173913043,0.7720685111989459,0.7773386034255599,0.7931488801054019,0.8194993412384717,0.7470355731225297,0.7404479578392622,0.8155467720685112,0.8076416337285902,0.8155467720685112,0.7799736495388669,0.8616600790513834,0.857707509881423,0.766798418972332,0.8313570487483531,0.8010540184453228,0.8010540184453228,0.7786561264822134,0.7167325428194994,0.7272727272727273,0.7891963109354414,0.7391304347826086,0.8023715415019763,0.839262187088274,0.7891963109354414,0.6758893280632411,0.8115942028985508,0.7259552042160737,0.7391304347826086,0.7707509881422925,0.7430830039525692,0.7773386034255599,0.689064558629776,0.761528326745718,0.7786561264822134,0.7549407114624506,0.7852437417654808,0.8379446640316206,0.7338603425559947,0.7773386034255599,0.8445322793148881,0.7364953886693018,0.7272727272727273,0.7997364953886693,0.7549407114624506,0.8194993412384717,0.7707509881422925,0.7602108036890646,0.8287220026350461,0.7799736495388669,0.8234519104084321,0.7272727272727273,0.764163372859025,0.6679841897233202,0.8234519104084321,0.847167325428195,0.7101449275362319,0.7747035573122529,0.7575757575757576,0.7944664031620553,0.7338603425559947,0.8050065876152833,0.766798418972332,0.6086956521739131,0.7246376811594203,0.7101449275362319,0.7562582345191041,0.686429512516469,0.7351778656126482,0.766798418972332,0.7509881422924901,0.8221343873517787,0.7061923583662714,0.8089591567852438,0.7878787878787878,0.7918313570487484,0.7865612648221344,0.8023715415019763,0.7378129117259552,0.8563899868247694,0.8129117259552042,0.8115942028985508,0.8287220026350461,0.7509881422924901,0.7246376811594203,0.7905138339920948,0.7509881422924901,0.7575757575757576,0.8102766798418972,0.8036890645586298,0.7206851119894598,0.8313570487483531,0.7035573122529645,0.7865612648221344,0.7075098814229249,0.7364953886693018,0.7773386034255599,0.7470355731225297
0.03	GEE	0.686429512516469,0.6956521739130435,0.6508563899868248,0.6627140974967062,0.6337285902503293,0.6376811594202898,0.6600790513833992,0.6429512516469038,0.6679841897233202,0.6693017127799736,0.6732542819499341,0.7022397891963109,0.6903820816864296,0.6837944664031621,0.6666666666666666,0.6996047430830039,0.6679841897233202,0.6877470355731226,0.6548089591567853,0.686429512516469,0.6548089591567853,0.6416337285902504,0.6561264822134387,0.61133069828722,0.696969696969697,0.6653491436100132,0.6758893280632411,0.6758893280632411,0.6548089591567853,0.6851119894598156,0.6719367588932806,0.5994729907773386,0.691699604743083,0.6245059288537549,0.613965744400527,0.6376811594202898,0.6706192358366272,0.6693017127799736,0.6534914361001317,0.6679841897233202,0.6363636363636364,0.6719367588932806,0.6455862977602108,0.6561264822134387,0.6732542819499341,0.6811594202898551,0.6706192358366272,0.6521739130434783,0.6877470355731226,0.6930171277997365,0.6179183135704874,0.6613965744400527,0.6706192358366272,0.6706192358366272,0.6772068511198946,0.6482213438735178,0.6811594202898551,0.691699604743083,0.6772068511198946,0.6548089591567853,0.6455862977602108,0.69433465085639,0.7088274044795784,0.6389986824769434,0.7061923583662714,0.6653491436100132,0.6837944664031621,0.689064558629776,0.6587615283267457,0.689064558629776,0.6811594202898551,0.6956521739130435,0.6548089591567853,0.6653491436100132,0.6337285902503293,0.6640316205533597,0.6534914361001317,0.6548089591567853,0.6758893280632411,0.6416337285902504,0.6956521739130435,0.6403162055335968,0.6877470355731226,0.6996047430830039,0.6732542819499341,0.6587615283267457,0.6627140974967062,0.6640316205533597,0.6693017127799736,0.6640316205533597,0.7022397891963109,0.6350461133069829,0.6811594202898551,0.696969696969697,0.6706192358366272,0.6600790513833992,0.6798418972332015,0.6482213438735178,0.6324110671936759,0.6811594202898551,0.6719367588932806,0.6548089591567853,0.6693017127799736,0.6824769433465085,0.6798418972332015,0.6587615283267457,0.6758893280632411,0.6811594202898551,0.6231884057971014,0.6930171277997365,0.6772068511198946,0.6679841897233202,0.6521739130434783,0.6693017127799736,0.6679841897233202,0.6679841897233202,0.6996047430830039,0.6903820816864296,0.6956521739130435,0.6745718050065876,0.6745718050065876,0.7101449275362319,0.6851119894598156,0.6772068511198946,0.6627140974967062,0.6495388669301713,0.6706192358366272,0.6403162055335968,0.6693017127799736,0.6205533596837944,0.7061923583662714,0.6666666666666666,0.6679841897233202,0.6851119894598156,0.6469038208168643,0.6758893280632411,0.6600790513833992,0.6271409749670619,0.7088274044795784,0.6363636363636364,0.6350461133069829,0.7022397891963109,0.6640316205533597,0.7009222661396575,0.6956521739130435,0.6363636363636364,0.6837944664031621,0.6693017127799736,0.6772068511198946,0.6350461133069829,0.6337285902503293,0.6732542819499341,0.6587615283267457,0.69433465085639,0.6495388669301713,0.6561264822134387,0.6772068511198946,0.6455862977602108,0.6758893280632411,0.6548089591567853,0.5889328063241107,0.6693017127799736,0.6508563899868248,0.6640316205533597,0.6627140974967062,0.6798418972332015,0.6495388669301713,0.7114624505928854,0.7035573122529645,0.6956521739130435,0.6693017127799736,0.6600790513833992,0.6785243741765481,0.6772068511198946,0.691699604743083,0.6627140974967062,0.691699604743083,0.6613965744400527,0.6508563899868248,0.6772068511198946,0.6798418972332015,0.6956521739130435,0.6482213438735178,0.6785243741765481,0.7259552042160737,0.6508563899868248,0.6600790513833992,0.6482213438735178,0.6258234519104084,0.6534914361001317,0.6706192358366272,0.6956521739130435,0.69433465085639,0.6548089591567853,0.6758893280632411,0.6442687747035574,0.6982872200263505,0.6416337285902504,0.6297760210803689,0.6429512516469038
0.03	GNN	0.6455862977602108,0.525691699604743,0.47035573122529645,0.4505928853754941,0.5533596837944664,0.48484848484848486,0.3557312252964427,0.47035573122529645,0.4281949934123847,0.39789196310935443,0.43610013175230566,0.42424242424242425,0.38735177865612647,0.5059288537549407,0.29907773386034253,0.538866930171278,0.36100131752305664,0.47299077733860345,0.5546772068511199,0.36363636363636365,0.4057971014492754,0.3702239789196311,0.530961791831357,0.4624505928853755,0.4057971014492754,0.4057971014492754,0.35177865612648224,0.42028985507246375,0.4598155467720685,0.4321475625823452,0.4874835309617918,0.42160737812911725,0.4795783926218709,0.45718050065876153,0.4795783926218709,0.43873517786561267,0.48353096179183136,0.4150197628458498,0.4321475625823452,0.43741765480895917,0.4479578392621871,0.4519104084321476,0.45718050065876153,0.4650856389986825,0.5546772068511199,0.4756258234519104,0.40843214756258234,0.4189723320158103,0.38998682476943347,0.4308300395256917,0.4137022397891963,0.463768115942029,0.5704874835309618,0.4874835309617918,0.4874835309617918,0.5085638998682477,0.4453227931488801,0.544137022397892,0.40974967061923584,0.4927536231884058,0.41106719367588934,0.4888010540184453,0.5019762845849802,0.6877470355731226,0.40974967061923584,0.37549407114624506,0.4268774703557312,0.538866930171278,0.48221343873517786,0.37681159420289856,0.4150197628458498,0.38998682476943347,0.5573122529644269,0.43610013175230566,0.42424242424242425,0.5981554677206851,0.4782608695652174,0.4980237154150198,0.5164690382081687,0.5362318840579711,0.466403162055336,0.32674571805006586,0.42292490118577075,0.5665349143610013,0.43610013175230566,0.48221343873517786,0.5401844532279315,0.530961791831357,0.48221343873517786,0.5230566534914362,0.38603425559947296,0.43478260869565216,0.37681159420289856,0.4400527009222661,0.36100131752305664,0.4874835309617918,0.5059288537549407,0.4782608695652174,0.5836627140974967,0.4519104084321476,0.4321475625823452,0.45454545454545453,0.45586297760210803,0.5138339920948617,0.5652173913043478,0.4005270092226614,0.46903820816864294,0.5889328063241107,0.43741765480895917,0.3926218708827404,0.48089591567852435,0.48616600790513836,0.4413702239789196,0.5652173913043478,0.46903820816864294,0.3702239789196311,0.5019762845849802,0.4413702239789196,0.5401844532279315,0.4492753623188406,0.37285902503293805,0.43873517786561267,0.5019762845849802,0.4440052700922266,0.463768115942029,0.5942028985507246,0.4888010540184453,0.45718050065876153,0.4624505928853755,0.391304347826087,0.4479578392621871,0.3847167325428195,0.4650856389986825,0.45322793148880103,0.48484848484848486,0.4413702239789196,0.3926218708827404,0.4795783926218709,0.3847167325428195,0.3214756258234519,0.37812911725955206,0.43346508563899866,0.42292490118577075,0.6231884057971014,0.42160737812911725,0.39789196310935443,0.32806324110671936,0.6258234519104084,0.461133069828722,0.3386034255599473,0.5164690382081687,0.4150197628458498,0.4005270092226614,0.4782608695652174,0.37549407114624506,0.3794466403162055,0.4150197628458498,0.47299077733860345,0.5019762845849802,0.4505928853754941,0.5151515151515151,0.5138339920948617,0.43741765480895917,0.2951251646903821,0.5019762845849802,0.4769433465085639,0.42292490118577075,0.3662714097496706,0.3557312252964427,0.538866930171278,0.3715415019762846,0.4295125164690382,0.6310935441370223,0.3794466403162055,0.4795783926218709,0.525691699604743,0.45586297760210803,0.546772068511199,0.5032938076416338,0.5981554677206851,0.36231884057971014,0.39920948616600793,0.4163372859025033,0.43873517786561267,0.3820816864295125,0.541501976284585,0.4795783926218709,0.43873517786561267,0.461133069828722,0.3965744400527009,0.4901185770750988,0.5138339920948617,0.42424242424242425,0.4598155467720685,0.4743083003952569,0.48221343873517786,0.4756258234519104,0.30303030303030304,0.3425559947299078,0.40843214756258234
0.03	GG	0.6666666666666666,0.7378129117259552,0.6666666666666666,0.696969696969697,0.621870882740448,0.7325428194993412,0.6693017127799736,0.6772068511198946,0.7272727272727273,0.7009222661396575,0.6996047430830039,0.7351778656126482,0.6785243741765481,0.7470355731225297,0.616600790513834,0.6297760210803689,0.6666666666666666,0.6798418972332015,0.6851119894598156,0.6389986824769434,0.6679841897233202,0.7444005270092227,0.6758893280632411,0.5783926218708827,0.7180500658761528,0.6903820816864296,0.6284584980237155,0.7483530961791831,0.6021080368906456,0.7233201581027668,0.6930171277997365,0.6297760210803689,0.7338603425559947,0.7167325428194994,0.6732542819499341,0.6416337285902504,0.7140974967061924,0.761528326745718,0.6442687747035574,0.6877470355731226,0.6482213438735178,0.6785243741765481,0.6719367588932806,0.7127799736495388,0.6442687747035574,0.7220026350461133,0.6785243741765481,0.7035573122529645,0.69433465085639,0.6548089591567853,0.6350461133069829,0.6956521739130435,0.6706192358366272,0.6653491436100132,0.6745718050065876,0.6627140974967062,0.7378129117259552,0.7865612648221344,0.6469038208168643,0.6706192358366272,0.6666666666666666,0.7167325428194994,0.7470355731225297,0.689064558629776,0.6982872200263505,0.613965744400527,0.7180500658761528,0.6442687747035574,0.7022397891963109,0.691699604743083,0.7272727272727273,0.7022397891963109,0.7220026350461133,0.689064558629776,0.6508563899868248,0.7259552042160737,0.5876152832674572,0.6376811594202898,0.7088274044795784,0.7140974967061924,0.7575757575757576,0.6996047430830039,0.6495388669301713,0.6429512516469038,0.6851119894598156,0.5665349143610013,0.8142292490118577,0.6719367588932806,0.6442687747035574,0.6324110671936759,0.7075098814229249,0.6284584980237155,0.689064558629776,0.5942028985507246,0.6060606060606061,0.6534914361001317,0.616600790513834,0.6613965744400527,0.5797101449275363,0.7839262187088274,0.6982872200263505,0.6284584980237155,0.7509881422924901,0.7404479578392622,0.6455862977602108,0.6679841897233202,0.7430830039525692,0.7035573122529645,0.6258234519104084,0.7246376811594203,0.7299077733860343,0.616600790513834,0.7299077733860343,0.6785243741765481,0.6350461133069829,0.4624505928853755,0.764163372859025,0.761528326745718,0.7496706192358367,0.6837944664031621,0.5823451910408433,0.7009222661396575,0.8076416337285902,0.6758893280632411,0.6429512516469038,0.7154150197628458,0.6719367588932806,0.5823451910408433,0.7325428194993412,0.6693017127799736,0.7022397891963109,0.7180500658761528,0.6469038208168643,0.7681159420289855,0.6627140974967062,0.6337285902503293,0.7325428194993412,0.6152832674571805,0.6640316205533597,0.7430830039525692,0.6811594202898551,0.7325428194993412,0.6877470355731226,0.6851119894598156,0.696969696969697,0.696969696969697,0.6903820816864296,0.7154150197628458,0.6245059288537549,0.6851119894598156,0.7193675889328063,0.7167325428194994,0.6587615283267457,0.689064558629776,0.69433465085639,0.6719367588932806,0.7180500658761528,0.7022397891963109,0.6745718050065876,0.6310935441370223,0.6508563899868248,0.686429512516469,0.6179183135704874,0.6034255599472991,0.6534914361001317,0.6482213438735178,0.6416337285902504,0.6877470355731226,0.7378129117259552,0.7088274044795784,0.6811594202898551,0.6561264822134387,0.7193675889328063,0.6337285902503293,0.686429512516469,0.6996047430830039,0.7140974967061924,0.7180500658761528,0.6587615283267457,0.5046113306982872,0.6903820816864296,0.7483530961791831,0.7088274044795784,0.7575757575757576,0.7470355731225297,0.6837944664031621,0.6455862977602108,0.7061923583662714,0.6363636363636364,0.6679841897233202,0.7220026350461133,0.7865612648221344,0.7140974967061924,0.6245059288537549,0.7114624505928854,0.6389986824769434,0.6073781291172595,0.6745718050065876,0.6785243741765481,0.6561264822134387
0.03	GG2	0.7417654808959157,0.7733860342555995,0.7509881422924901,0.6679841897233202,0.6824769433465085,0.6903820816864296,0.686429512516469,0.7206851119894598,0.7444005270092227,0.7404479578392622,0.7509881422924901,0.7430830039525692,0.6719367588932806,0.7496706192358367,0.7180500658761528,0.7562582345191041,0.764163372859025,0.7061923583662714,0.696969696969697,0.6613965744400527,0.691699604743083,0.7285902503293807,0.7325428194993412,0.6310935441370223,0.7351778656126482,0.7483530961791831,0.6693017127799736,0.7483530961791831,0.6679841897233202,0.7364953886693018,0.7562582345191041,0.619235836627141,0.7891963109354414,0.7114624505928854,0.7575757575757576,0.6903820816864296,0.7417654808959157,0.7444005270092227,0.7483530961791831,0.7654808959156785,0.6613965744400527,0.6930171277997365,0.7167325428194994,0.7193675889328063,0.6877470355731226,0.764163372859025,0.7167325428194994,0.7154150197628458,0.7918313570487484,0.7140974967061924,0.6613965744400527,0.7035573122529645,0.7061923583662714,0.7299077733860343,0.7312252964426877,0.7167325428194994,0.7786561264822134,0.7470355731225297,0.7088274044795784,0.7259552042160737,0.6126482213438735,0.7496706192358367,0.7180500658761528,0.7220026350461133,0.7878787878787878,0.6613965744400527,0.6627140974967062,0.7193675889328063,0.7417654808959157,0.621870882740448,0.7272727272727273,0.7391304347826086,0.7114624505928854,0.7378129117259552,0.7193675889328063,0.7035573122529645,0.6785243741765481,0.6824769433465085,0.7259552042160737,0.69433465085639,0.7812911725955204,0.7351778656126482,0.7299077733860343,0.7285902503293807,0.7971014492753623,0.5612648221343873,0.7628458498023716,0.6811594202898551,0.69433465085639,0.686429512516469,0.7536231884057971,0.6534914361001317,0.6982872200263505,0.7206851119894598,0.7325428194993412,0.7391304347826086,0.6811594202898551,0.6521739130434783,0.7035573122529645,0.7799736495388669,0.691699604743083,0.7167325428194994,0.7852437417654808,0.7075098814229249,0.7470355731225297,0.7351778656126482,0.7338603425559947,0.6851119894598156,0.6613965744400527,0.7457180500658761,0.7325428194993412,0.7364953886693018,0.7654808959156785,0.7496706192358367,0.6693017127799736,0.7206851119894598,0.7733860342555995,0.758893280632411,0.7430830039525692,0.7035573122529645,0.6653491436100132,0.7430830039525692,0.7944664031620553,0.689064558629776,0.6666666666666666,0.7075098814229249,0.6640316205533597,0.6903820816864296,0.7786561264822134,0.7048748353096179,0.7272727272727273,0.7285902503293807,0.7127799736495388,0.7681159420289855,0.5678524374176548,0.6903820816864296,0.7351778656126482,0.6508563899868248,0.6587615283267457,0.7180500658761528,0.6824769433465085,0.7312252964426877,0.7523056653491436,0.7167325428194994,0.7220026350461133,0.6811594202898551,0.7299077733860343,0.758893280632411,0.6903820816864296,0.7180500658761528,0.7009222661396575,0.7839262187088274,0.6772068511198946,0.7114624505928854,0.7088274044795784,0.6758893280632411,0.7325428194993412,0.7496706192358367,0.7035573122529645,0.6350461133069829,0.6693017127799736,0.7206851119894598,0.7351778656126482,0.6653491436100132,0.6758893280632411,0.6508563899868248,0.7364953886693018,0.7720685111989459,0.7681159420289855,0.7509881422924901,0.7325428194993412,0.7009222661396575,0.7378129117259552,0.7061923583662714,0.7114624505928854,0.7351778656126482,0.7457180500658761,0.7562582345191041,0.6600790513833992,0.8115942028985508,0.691699604743083,0.7878787878787878,0.761528326745718,0.7259552042160737,0.7602108036890646,0.7035573122529645,0.7180500658761528,0.6732542819499341,0.6653491436100132,0.6534914361001317,0.764163372859025,0.769433465085639,0.7246376811594203,0.696969696969697,0.6956521739130435,0.613965744400527,0.6389986824769434,0.6956521739130435,0.5744400527009222,0.6758893280632411
0.04	GEE	0.6297760210803689,0.6429512516469038,0.5678524374176548,0.6271409749670619,0.5876152832674572,0.5731225296442688,0.6389986824769434,0.6205533596837944,0.621870882740448,0.6284584980237155,0.613965744400527,0.6442687747035574,0.6231884057971014,0.621870882740448,0.613965744400527,0.6073781291172595,0.6297760210803689,0.61133069828722,0.5942028985507246,0.619235836627141,0.6416337285902504,0.6363636363636364,0.6403162055335968,0.5994729907773386,0.6034255599472991,0.5876152832674572,0.5994729907773386,0.6429512516469038,0.530961791831357,0.6297760210803689,0.5981554677206851,0.6403162055335968,0.6126482213438735,0.6455862977602108,0.6034255599472991,0.6389986824769434,0.6482213438735178,0.619235836627141,0.5889328063241107,0.6205533596837944,0.6600790513833992,0.5994729907773386,0.6284584980237155,0.61133069828722,0.6297760210803689,0.6403162055335968,0.6047430830039525,0.6034255599472991,0.6258234519104084,0.6429512516469038,0.5942028985507246,0.6086956521739131,0.621870882740448,0.6205533596837944,0.5757575757575758,0.6047430830039525,0.5902503293807642,0.6350461133069829,0.5994729907773386,0.619235836627141,0.6455862977602108,0.6534914361001317,0.5981554677206851,0.6297760210803689,0.6403162055335968,0.5849802371541502,0.6442687747035574,0.6152832674571805,0.6548089591567853,0.6021080368906456,0.6442687747035574,0.6060606060606061,0.6337285902503293,0.6021080368906456,0.6324110671936759,0.6126482213438735,0.6350461133069829,0.6086956521739131,0.6363636363636364,0.6350461133069829,0.6653491436100132,0.6363636363636364,0.61133069828722,0.6152832674571805,0.6495388669301713,0.6324110671936759,0.6337285902503293,0.6231884057971014,0.546772068511199,0.6086956521739131,0.6231884057971014,0.6429512516469038,0.5691699604743083,0.6455862977602108,0.6245059288537549,0.5770750988142292,0.6021080368906456,0.5955204216073782,0.6179183135704874,0.6047430830039525,0.616600790513834,0.6100131752305665,0.6060606060606061,0.6245059288537549,0.6324110671936759,0.6284584980237155,0.6442687747035574,0.6508563899868248,0.6495388669301713,0.621870882740448,0.6521739130434783,0.61133069828722,0.6271409749670619,0.6126482213438735,0.6047430830039525,0.6073781291172595,0.6376811594202898,0.6047430830039525,0.6086956521739131,0.5968379446640316,0.6060606060606061,0.6245059288537549,0.6785243741765481,0.6060606060606061,0.6126482213438735,0.6152832674571805,0.6469038208168643,0.61133069828722,0.6271409749670619,0.5942028985507246,0.61133069828722,0.6337285902503293,0.6613965744400527,0.6126482213438735,0.5731225296442688,0.6350461133069829,0.6350461133069829,0.6126482213438735,0.5876152832674572,0.6047430830039525,0.5849802371541502,0.6231884057971014,0.6442687747035574,0.613965744400527,0.5862977602108037,0.6126482213438735,0.6561264822134387,0.6324110671936759,0.6403162055335968,0.616600790513834,0.6179183135704874,0.6152832674571805,0.6258234519104084,0.6258234519104084,0.6284584980237155,0.61133069828722,0.6297760210803689,0.6429512516469038,0.6047430830039525,0.6600790513833992,0.5968379446640316,0.6337285902503293,0.6469038208168643,0.6021080368906456,0.5955204216073782,0.6258234519104084,0.6205533596837944,0.619235836627141,0.6245059288537549,0.6179183135704874,0.5994729907773386,0.6205533596837944,0.5942028985507246,0.616600790513834,0.6100131752305665,0.616600790513834,0.613965744400527,0.6574440052700923,0.6574440052700923,0.6482213438735178,0.6258234519104084,0.6534914361001317,0.6047430830039525,0.6389986824769434,0.6548089591567853,0.616600790513834,0.6324110671936759,0.621870882740448,0.6350461133069829,0.6482213438735178,0.5915678524374176,0.6416337285902504,0.6152832674571805,0.5665349143610013,0.6231884057971014,0.6086956521739131,0.6337285902503293,0.6495388669301713,0.6324110671936759,0.6100131752305665
0.04	GNN	0.5757575757575758,0.49407114624505927,0.3952569169960474,0.37812911725955206,0.4044795783926219,0.47035573122529645,0.43741765480895917,0.3820816864295125,0.3939393939393939,0.3570487483530962,0.4005270092226614,0.42160737812911725,0.3583662714097497,0.4519104084321476,0.3386034255599473,0.4782608695652174,0.39789196310935443,0.4150197628458498,0.463768115942029,0.37812911725955206,0.4308300395256917,0.31752305665349145,0.48089591567852435,0.4440052700922266,0.40711462450592883,0.3583662714097497,0.33992094861660077,0.42160737812911725,0.40711462450592883,0.37812911725955206,0.4137022397891963,0.461133069828722,0.3926218708827404,0.5296442687747036,0.3570487483530962,0.49538866930171277,0.4137022397891963,0.40711462450592883,0.40843214756258234,0.39789196310935443,0.40974967061923584,0.45849802371541504,0.4137022397891963,0.3715415019762846,0.5665349143610013,0.46903820816864294,0.39789196310935443,0.48616600790513836,0.3794466403162055,0.39920948616600793,0.3794466403162055,0.36231884057971014,0.530961791831357,0.3926218708827404,0.38603425559947296,0.43741765480895917,0.4189723320158103,0.4927536231884058,0.391304347826087,0.3926218708827404,0.40974967061923584,0.48616600790513836,0.4057971014492754,0.6073781291172595,0.42028985507246375,0.3794466403162055,0.42160737812911725,0.4980237154150198,0.3689064558629776,0.3188405797101449,0.380764163372859,0.4426877470355731,0.5322793148880105,0.3386034255599473,0.4321475625823452,0.4743083003952569,0.4018445322793149,0.31488801054018445,0.48089591567852435,0.36495388669301715,0.4176548089591568,0.3662714097496706,0.3794466403162055,0.5019762845849802,0.38735177865612647,0.48089591567852435,0.49670619235836627,0.47167325428194995,0.4031620553359684,0.5573122529644269,0.37681159420289856,0.4308300395256917,0.31488801054018445,0.3965744400527009,0.3530961791831357,0.41238471673254284,0.45454545454545453,0.41106719367588934,0.5217391304347826,0.43478260869565216,0.3794466403162055,0.4031620553359684,0.3820816864295125,0.47035573122529645,0.48221343873517786,0.4268774703557312,0.4308300395256917,0.43346508563899866,0.4163372859025033,0.36100131752305664,0.4031620553359684,0.4505928853754941,0.35046113306982873,0.45718050065876153,0.38603425559947296,0.3425559947299078,0.48484848484848486,0.3794466403162055,0.4782608695652174,0.42160737812911725,0.27009222661396576,0.34914361001317523,0.47299077733860345,0.3820816864295125,0.43346508563899866,0.4756258234519104,0.45322793148880103,0.4189723320158103,0.40974967061923584,0.36495388669301715,0.3847167325428195,0.41106719367588934,0.43873517786561267,0.4519104084321476,0.4281949934123847,0.37285902503293805,0.3689064558629776,0.39920948616600793,0.3438735177865613,0.3227931488801054,0.3965744400527009,0.38735177865612647,0.4163372859025033,0.6073781291172595,0.40711462450592883,0.383399209486166,0.32806324110671936,0.5691699604743083,0.39920948616600793,0.3359683794466403,0.43478260869565216,0.3570487483530962,0.4927536231884058,0.4426877470355731,0.3952569169960474,0.3254281949934124,0.4044795783926219,0.4453227931488801,0.4453227931488801,0.4044795783926219,0.47035573122529645,0.4321475625823452,0.39920948616600793,0.28326745718050067,0.4413702239789196,0.38735177865612647,0.4163372859025033,0.2727272727272727,0.36100131752305664,0.45322793148880103,0.32674571805006586,0.3952569169960474,0.5085638998682477,0.36363636363636365,0.466403162055336,0.4413702239789196,0.34914361001317523,0.46772068511198944,0.5230566534914362,0.5625823451910409,0.34782608695652173,0.3227931488801054,0.3530961791831357,0.3544137022397892,0.3386034255599473,0.5375494071146245,0.36100131752305664,0.42028985507246375,0.4281949934123847,0.43873517786561267,0.3346508563899868,0.43478260869565216,0.3544137022397892,0.36363636363636365,0.4163372859025033,0.45454545454545453,0.36100131752305664,0.2924901185770751,0.31225296442687744,0.39920948616600793
0.04	GG	0.5968379446640316,0.7022397891963109,0.5783926218708827,0.6521739130434783,0.5704874835309618,0.6363636363636364,0.6258234519104084,0.6653491436100132,0.6758893280632411,0.6389986824769434,0.6086956521739131,0.6706192358366272,0.6442687747035574,0.6693017127799736,0.6007905138339921,0.5849802371541502,0.6034255599472991,0.6482213438735178,0.6429512516469038,0.5770750988142292,0.6060606060606061,0.6930171277997365,0.6060606060606061,0.5704874835309618,0.5704874835309618,0.6324110671936759,0.5902503293807642,0.6508563899868248,0.5625823451910409,0.6245059288537549,0.6100131752305665,0.6060606060606061,0.6021080368906456,0.7470355731225297,0.6310935441370223,0.6376811594202898,0.5744400527009222,0.7048748353096179,0.5757575757575758,0.6007905138339921,0.5704874835309618,0.5836627140974967,0.6205533596837944,0.6824769433465085,0.6205533596837944,0.6245059288537549,0.6587615283267457,0.6337285902503293,0.6284584980237155,0.5902503293807642,0.5849802371541502,0.6389986824769434,0.6337285902503293,0.5994729907773386,0.6205533596837944,0.6363636363636364,0.6613965744400527,0.7325428194993412,0.5691699604743083,0.5138339920948617,0.6495388669301713,0.6758893280632411,0.6297760210803689,0.6613965744400527,0.6403162055335968,0.549407114624506,0.7101449275362319,0.5704874835309618,0.6100131752305665,0.6021080368906456,0.6732542819499341,0.6376811594202898,0.6996047430830039,0.5902503293807642,0.6837944664031621,0.6455862977602108,0.5704874835309618,0.5968379446640316,0.6903820816864296,0.5942028985507246,0.696969696969697,0.689064558629776,0.5678524374176548,0.538866930171278,0.6416337285902504,0.5533596837944664,0.7035573122529645,0.6350461133069829,0.530961791831357,0.5783926218708827,0.6376811594202898,0.6324110671936759,0.5612648221343873,0.5349143610013175,0.5968379446640316,0.5520421607378129,0.5296442687747036,0.619235836627141,0.4874835309617918,0.6824769433465085,0.621870882740448,0.5823451910408433,0.7048748353096179,0.7048748353096179,0.5915678524374176,0.6231884057971014,0.686429512516469,0.7035573122529645,0.6442687747035574,0.6785243741765481,0.7088274044795784,0.6152832674571805,0.6982872200263505,0.6429512516469038,0.6100131752305665,0.544137022397892,0.6982872200263505,0.6034255599472991,0.6376811594202898,0.6693017127799736,0.52832674571805,0.6284584980237155,0.7444005270092227,0.6007905138339921,0.5862977602108037,0.6258234519104084,0.6455862977602108,0.5810276679841897,0.6600790513833992,0.6350461133069829,0.6034255599472991,0.6416337285902504,0.6548089591567853,0.6587615283267457,0.5731225296442688,0.6231884057971014,0.7536231884057971,0.5836627140974967,0.5968379446640316,0.6653491436100132,0.5520421607378129,0.6521739130434783,0.6403162055335968,0.6126482213438735,0.5981554677206851,0.6534914361001317,0.6508563899868248,0.6837944664031621,0.616600790513834,0.6548089591567853,0.6508563899868248,0.6600790513833992,0.6100131752305665,0.6310935441370223,0.6693017127799736,0.6534914361001317,0.6693017127799736,0.6271409749670619,0.6034255599472991,0.6693017127799736,0.6297760210803689,0.6389986824769434,0.613965744400527,0.5757575757575758,0.549407114624506,0.6231884057971014,0.621870882740448,0.6047430830039525,0.6772068511198946,0.6455862977602108,0.6245059288537549,0.6126482213438735,0.6455862977602108,0.5797101449275363,0.6324110671936759,0.6389986824769434,0.6310935441370223,0.6666666666666666,0.6297760210803689,0.4993412384716733,0.6574440052700923,0.6824769433465085,0.6613965744400527,0.7154150197628458,0.6824769433465085,0.6179183135704874,0.6324110671936759,0.6258234519104084,0.6640316205533597,0.621870882740448,0.6047430830039525,0.7075098814229249,0.5862977602108037,0.5678524374176548,0.6021080368906456,0.6034255599472991,0.5810276679841897,0.6297760210803689,0.6613965744400527,0.6100131752305665
0.04	GG2	0.689064558629776,0.7022397891963109,0.6561264822134387,0.6745718050065876,0.5718050065876152,0.6811594202898551,0.6403162055335968,0.6719367588932806,0.689064558629776,0.6837944664031621,0.6798418972332015,0.6574440052700923,0.6205533596837944,0.7009222661396575,0.6745718050065876,0.6350461133069829,0.6403162055335968,0.6495388669301713,0.613965744400527,0.6403162055335968,0.6521739130434783,0.6877470355731226,0.6693017127799736,0.6561264822134387,0.5968379446640316,0.5968379446640316,0.6086956521739131,0.5955204216073782,0.5836627140974967,0.6745718050065876,0.6179183135704874,0.6745718050065876,0.6363636363636364,0.7206851119894598,0.6324110671936759,0.6587615283267457,0.7180500658761528,0.7457180500658761,0.6100131752305665,0.7009222661396575,0.6693017127799736,0.5731225296442688,0.6666666666666666,0.7299077733860343,0.6429512516469038,0.6837944664031621,0.6613965744400527,0.6587615283267457,0.6600790513833992,0.6574440052700923,0.6482213438735178,0.6469038208168643,0.6429512516469038,0.6811594202898551,0.6798418972332015,0.6574440052700923,0.6745718050065876,0.7430830039525692,0.6047430830039525,0.6851119894598156,0.7101449275362319,0.7154150197628458,0.6745718050065876,0.6442687747035574,0.686429512516469,0.525691699604743,0.6693017127799736,0.7549407114624506,0.6534914361001317,0.613965744400527,0.6772068511198946,0.6060606060606061,0.7140974967061924,0.6442687747035574,0.7391304347826086,0.6982872200263505,0.6324110671936759,0.6996047430830039,0.69433465085639,0.6442687747035574,0.7114624505928854,0.7444005270092227,0.6231884057971014,0.6073781291172595,0.7035573122529645,0.6073781291172595,0.6706192358366272,0.6310935441370223,0.6034255599472991,0.6429512516469038,0.6996047430830039,0.5981554677206851,0.6086956521739131,0.6613965744400527,0.6613965744400527,0.6284584980237155,0.619235836627141,0.6258234519104084,0.6653491436100132,0.6469038208168643,0.6653491436100132,0.6561264822134387,0.7364953886693018,0.7220026350461133,0.6574440052700923,0.7075098814229249,0.7246376811594203,0.7088274044795784,0.686429512516469,0.7009222661396575,0.7233201581027668,0.6666666666666666,0.7180500658761528,0.619235836627141,0.621870882740448,0.5757575757575758,0.6877470355731226,0.6469038208168643,0.6469038208168643,0.6284584980237155,0.6205533596837944,0.6666666666666666,0.7167325428194994,0.6376811594202898,0.6851119894598156,0.6851119894598156,0.6508563899868248,0.5994729907773386,0.7009222661396575,0.6060606060606061,0.6429512516469038,0.686429512516469,0.7022397891963109,0.6561264822134387,0.5586297760210803,0.6811594202898551,0.7338603425559947,0.5994729907773386,0.6231884057971014,0.7312252964426877,0.5823451910408433,0.6719367588932806,0.7483530961791831,0.6903820816864296,0.6627140974967062,0.686429512516469,0.6956521739130435,0.7048748353096179,0.6389986824769434,0.6429512516469038,0.7193675889328063,0.6772068511198946,0.6060606060606061,0.6666666666666666,0.6508563899868248,0.6758893280632411,0.6469038208168643,0.7299077733860343,0.6245059288537549,0.6982872200263505,0.5928853754940712,0.6785243741765481,0.6574440052700923,0.6021080368906456,0.621870882740448,0.5942028985507246,0.6811594202898551,0.6521739130434783,0.6534914361001317,0.6363636363636364,0.6350461133069829,0.6297760210803689,0.6469038208168643,0.7193675889328063,0.6613965744400527,0.6376811594202898,0.691699604743083,0.7378129117259552,0.6732542819499341,0.7220026350461133,0.6824769433465085,0.7180500658761528,0.6706192358366272,0.7272727272727273,0.6996047430830039,0.6956521739130435,0.7378129117259552,0.6455862977602108,0.6021080368906456,0.5098814229249012,0.6627140974967062,0.7246376811594203,0.5638998682476943,0.6389986824769434,0.5836627140974967,0.6245059288537549,0.6811594202898551,0.7022397891963109,0.6679841897233202,0.6100131752305665
0.05	GEE	0.6007905138339921,0.6007905138339921,0.5876152832674572,0.5928853754940712,0.5757575757575758,0.6047430830039525,0.5810276679841897,0.5797101449275363,0.6152832674571805,0.5559947299077734,0.5612648221343873,0.5968379446640316,0.6021080368906456,0.6021080368906456,0.5599472990777339,0.5783926218708827,0.5862977602108037,0.5691699604743083,0.619235836627141,0.6021080368906456,0.5994729907773386,0.5691699604743083,0.5757575757575758,0.5533596837944664,0.6060606060606061,0.6126482213438735,0.5876152832674572,0.5836627140974967,0.5889328063241107,0.6007905138339921,0.5678524374176548,0.6100131752305665,0.616600790513834,0.5915678524374176,0.6047430830039525,0.5770750988142292,0.6047430830039525,0.5625823451910409,0.5889328063241107,0.5889328063241107,0.5480895915678524,0.6073781291172595,0.5586297760210803,0.538866930171278,0.5823451910408433,0.5770750988142292,0.5810276679841897,0.6534914361001317,0.5704874835309618,0.5968379446640316,0.5942028985507246,0.6100131752305665,0.5757575757575758,0.5981554677206851,0.5625823451910409,0.6073781291172595,0.5836627140974967,0.5955204216073782,0.5928853754940712,0.5599472990777339,0.619235836627141,0.5968379446640316,0.5902503293807642,0.5823451910408433,0.5810276679841897,0.6034255599472991,0.5836627140974967,0.5678524374176548,0.5744400527009222,0.5612648221343873,0.5797101449275363,0.5836627140974967,0.6179183135704874,0.5691699604743083,0.5955204216073782,0.6310935441370223,0.5823451910408433,0.5770750988142292,0.613965744400527,0.546772068511199,0.5665349143610013,0.5889328063241107,0.544137022397892,0.5691699604743083,0.5322793148880105,0.613965744400527,0.6060606060606061,0.5704874835309618,0.5599472990777339,0.525691699604743,0.5783926218708827,0.5836627140974967,0.5836627140974967,0.5731225296442688,0.5823451910408433,0.5335968379446641,0.5876152832674572,0.5994729907773386,0.5638998682476943,0.6231884057971014,0.5994729907773386,0.5665349143610013,0.5586297760210803,0.5599472990777339,0.613965744400527,0.5836627140974967,0.5797101449275363,0.5955204216073782,0.5902503293807642,0.5797101449275363,0.5586297760210803,0.5454545454545454,0.6245059288537549,0.6047430830039525,0.5744400527009222,0.6205533596837944,0.5718050065876152,0.6007905138339921,0.5994729907773386,0.5862977602108037,0.5902503293807642,0.5625823451910409,0.616600790513834,0.5573122529644269,0.5718050065876152,0.61133069828722,0.5586297760210803,0.5862977602108037,0.5797101449275363,0.5731225296442688,0.5797101449275363,0.5704874835309618,0.6086956521739131,0.6021080368906456,0.5625823451910409,0.5691699604743083,0.5757575757575758,0.5731225296442688,0.6245059288537549,0.5836627140974967,0.541501976284585,0.5797101449275363,0.5836627140974967,0.5638998682476943,0.5678524374176548,0.5770750988142292,0.5757575757575758,0.5915678524374176,0.549407114624506,0.5718050065876152,0.6034255599472991,0.544137022397892,0.5599472990777339,0.6021080368906456,0.5770750988142292,0.546772068511199,0.5876152832674572,0.5783926218708827,0.6007905138339921,0.5546772068511199,0.616600790513834,0.6231884057971014,0.5836627140974967,0.5968379446640316,0.5770750988142292,0.5704874835309618,0.5757575757575758,0.5559947299077734,0.6034255599472991,0.6231884057971014,0.546772068511199,0.5928853754940712,0.6060606060606061,0.6034255599472991,0.5757575757575758,0.5704874835309618,0.5915678524374176,0.5678524374176548,0.5915678524374176,0.6100131752305665,0.5520421607378129,0.5876152832674572,0.5770750988142292,0.616600790513834,0.5915678524374176,0.5507246376811594,0.5731225296442688,0.5718050065876152,0.5902503293807642,0.5942028985507246,0.5810276679841897,0.5968379446640316,0.5902503293807642,0.5533596837944664,0.5955204216073782,0.6073781291172595,0.5889328063241107,0.5586297760210803,0.5691699604743083,0.6007905138339921
0.05	GNN	0.46772068511198944,0.4321475625823452,0.32938076416337286,0.3241106719367589,0.39920948616600793,0.40711462450592883,0.34914361001317523,0.3662714097496706,0.36495388669301715,0.3544137022397892,0.4044795783926219,0.4295125164690382,0.308300395256917,0.3820816864295125,0.29117259552042163,0.4440052700922266,0.3544137022397892,0.3715415019762846,0.4492753623188406,0.3069828722002635,0.3583662714097497,0.33069828722002637,0.43478260869565216,0.4057971014492754,0.4057971014492754,0.3557312252964427,0.3372859025032938,0.40843214756258234,0.36495388669301715,0.40974967061923584,0.47299077733860345,0.383399209486166,0.3544137022397892,0.4505928853754941,0.3438735177865613,0.4519104084321476,0.37285902503293805,0.3662714097496706,0.3820816864295125,0.37681159420289856,0.38735177865612647,0.4018445322793149,0.3241106719367589,0.3952569169960474,0.5059288537549407,0.45454545454545453,0.4163372859025033,0.4650856389986825,0.35177865612648224,0.3689064558629776,0.3702239789196311,0.3451910408432148,0.4189723320158103,0.35046113306982873,0.4163372859025033,0.4400527009222661,0.3662714097496706,0.44664031620553357,0.3675889328063241,0.3952569169960474,0.3675889328063241,0.4176548089591568,0.40974967061923584,0.5177865612648221,0.4137022397891963,0.41106719367588934,0.38866930171277997,0.42424242424242425,0.3570487483530962,0.3241106719367589,0.3794466403162055,0.4005270092226614,0.4163372859025033,0.33201581027667987,0.3557312252964427,0.4519104084321476,0.40974967061923584,0.3333333333333333,0.49407114624505927,0.40843214756258234,0.3412384716732543,0.383399209486166,0.40974967061923584,0.466403162055336,0.3254281949934124,0.4189723320158103,0.46772068511198944,0.45454545454545453,0.36495388669301715,0.5362318840579711,0.37812911725955206,0.4519104084321476,0.3583662714097497,0.38603425559947296,0.35046113306982873,0.42424242424242425,0.4598155467720685,0.43478260869565216,0.4769433465085639,0.3715415019762846,0.3254281949934124,0.37285902503293805,0.4005270092226614,0.4163372859025033,0.4492753623188406,0.40843214756258234,0.4426877470355731,0.4321475625823452,0.36363636363636365,0.3188405797101449,0.3544137022397892,0.37549407114624506,0.3425559947299078,0.42292490118577075,0.3438735177865613,0.3069828722002635,0.4176548089591568,0.41238471673254284,0.43346508563899866,0.3939393939393939,0.2740447957839262,0.37681159420289856,0.4492753623188406,0.3465085638998682,0.4018445322793149,0.49670619235836627,0.45322793148880103,0.40974967061923584,0.3715415019762846,0.37681159420289856,0.35046113306982873,0.36100131752305664,0.4189723320158103,0.4295125164690382,0.4321475625823452,0.3214756258234519,0.36495388669301715,0.3530961791831357,0.3451910408432148,0.2845849802371542,0.3214756258234519,0.3451910408432148,0.3794466403162055,0.4453227931488801,0.4005270092226614,0.3188405797101449,0.3570487483530962,0.5164690382081687,0.3965744400527009,0.30303030303030304,0.4308300395256917,0.310935441370224,0.37549407114624506,0.4492753623188406,0.3557312252964427,0.33992094861660077,0.3689064558629776,0.4756258234519104,0.43873517786561267,0.3096179183135705,0.42424242424242425,0.3372859025032938,0.4150197628458498,0.2727272727272727,0.4268774703557312,0.37812911725955206,0.34782608695652173,0.25296442687747034,0.3557312252964427,0.4505928853754941,0.33069828722002637,0.39789196310935443,0.49538866930171277,0.3359683794466403,0.4189723320158103,0.4268774703557312,0.3451910408432148,0.42028985507246375,0.383399209486166,0.4795783926218709,0.3214756258234519,0.33069828722002637,0.3965744400527009,0.3359683794466403,0.31357048748353095,0.5019762845849802,0.4044795783926219,0.4044795783926219,0.40711462450592883,0.4281949934123847,0.40974967061923584,0.41238471673254284,0.3412384716732543,0.35968379446640314,0.4769433465085639,0.4176548089591568,0.3926218708827404,0.2977602108036891,0.2898550724637681,0.3820816864295125
0.05	GG	0.5559947299077734,0.6587615283267457,0.6640316205533597,0.6231884057971014,0.544137022397892,0.5994729907773386,0.5718050065876152,0.5968379446640316,0.6548089591567853,0.5849802371541502,0.5665349143610013,0.5915678524374176,0.5902503293807642,0.6205533596837944,0.549407114624506,0.5678524374176548,0.5612648221343873,0.6100131752305665,0.6337285902503293,0.5718050065876152,0.6034255599472991,0.61133069828722,0.5691699604743083,0.5032938076416338,0.6060606060606061,0.6363636363636364,0.4914361001317523,0.6284584980237155,0.538866930171278,0.613965744400527,0.5889328063241107,0.5810276679841897,0.6337285902503293,0.6389986824769434,0.6245059288537549,0.5981554677206851,0.6060606060606061,0.6455862977602108,0.5744400527009222,0.6152832674571805,0.5559947299077734,0.5612648221343873,0.5928853754940712,0.613965744400527,0.5573122529644269,0.5915678524374176,0.6060606060606061,0.6561264822134387,0.549407114624506,0.5546772068511199,0.5862977602108037,0.6086956521739131,0.5704874835309618,0.5981554677206851,0.5678524374176548,0.6179183135704874,0.613965744400527,0.6587615283267457,0.5691699604743083,0.5638998682476943,0.5573122529644269,0.5731225296442688,0.6271409749670619,0.5691699604743083,0.6047430830039525,0.5638998682476943,0.6231884057971014,0.5718050065876152,0.6376811594202898,0.5454545454545454,0.6100131752305665,0.6469038208168643,0.6534914361001317,0.5665349143610013,0.616600790513834,0.6600790513833992,0.5151515151515151,0.5797101449275363,0.6719367588932806,0.549407114624506,0.6429512516469038,0.6376811594202898,0.5322793148880105,0.5059288537549407,0.5638998682476943,0.5006587615283268,0.689064558629776,0.5744400527009222,0.530961791831357,0.5507246376811594,0.5902503293807642,0.5968379446640316,0.5520421607378129,0.5428194993412385,0.5177865612648221,0.5559947299077734,0.5296442687747036,0.6389986824769434,0.6034255599472991,0.6561264822134387,0.6350461133069829,0.4993412384716733,0.6205533596837944,0.5981554677206851,0.5757575757575758,0.5533596837944664,0.6482213438735178,0.6271409749670619,0.5625823451910409,0.6495388669301713,0.5836627140974967,0.5810276679841897,0.6508563899868248,0.6324110671936759,0.52832674571805,0.4901185770750988,0.616600790513834,0.6337285902503293,0.6613965744400527,0.61133069828722,0.525691699604743,0.5955204216073782,0.6798418972332015,0.5691699604743083,0.5480895915678524,0.5059288537549407,0.5744400527009222,0.530961791831357,0.613965744400527,0.5981554677206851,0.6073781291172595,0.5638998682476943,0.5889328063241107,0.6337285902503293,0.5559947299077734,0.5691699604743083,0.6745718050065876,0.5546772068511199,0.5849802371541502,0.6047430830039525,0.5955204216073782,0.616600790513834,0.5810276679841897,0.6100131752305665,0.5665349143610013,0.6745718050065876,0.5718050065876152,0.6086956521739131,0.5559947299077734,0.6245059288537549,0.6469038208168643,0.5968379446640316,0.5797101449275363,0.6086956521739131,0.5942028985507246,0.5797101449275363,0.6508563899868248,0.5981554677206851,0.5744400527009222,0.5665349143610013,0.5652173913043478,0.6073781291172595,0.5599472990777339,0.5362318840579711,0.5849802371541502,0.5480895915678524,0.5810276679841897,0.530961791831357,0.6258234519104084,0.5942028985507246,0.538866930171278,0.6152832674571805,0.6548089591567853,0.5652173913043478,0.5928853754940712,0.6389986824769434,0.5942028985507246,0.6271409749670619,0.6007905138339921,0.5032938076416338,0.5783926218708827,0.5928853754940712,0.5744400527009222,0.6824769433465085,0.6442687747035574,0.5533596837944664,0.5757575757575758,0.6021080368906456,0.5573122529644269,0.5520421607378129,0.6310935441370223,0.691699604743083,0.5520421607378129,0.5520421607378129,0.616600790513834,0.6179183135704874,0.5810276679841897,0.5889328063241107,0.5757575757575758,0.6086956521739131
0.05	GG2	0.6310935441370223,0.613965744400527,0.6798418972332015,0.6060606060606061,0.5810276679841897,0.6679841897233202,0.5665349143610013,0.5704874835309618,0.6666666666666666,0.6627140974967062,0.5138339920948617,0.6086956521739131,0.6310935441370223,0.616600790513834,0.6521739130434783,0.6047430830039525,0.6245059288537549,0.6640316205533597,0.6508563899868248,0.6508563899868248,0.6521739130434783,0.613965744400527,0.613965744400527,0.5862977602108037,0.6271409749670619,0.5678524374176548,0.6798418972332015,0.619235836627141,0.5915678524374176,0.6416337285902504,0.6152832674571805,0.6455862977602108,0.6495388669301713,0.6205533596837944,0.6561264822134387,0.5981554677206851,0.6587615283267457,0.6679841897233202,0.6785243741765481,0.7075098814229249,0.6152832674571805,0.5889328063241107,0.5573122529644269,0.5612648221343873,0.6363636363636364,0.6350461133069829,0.6231884057971014,0.6851119894598156,0.6337285902503293,0.5731225296442688,0.5744400527009222,0.6495388669301713,0.5981554677206851,0.6284584980237155,0.6587615283267457,0.6047430830039525,0.686429512516469,0.6587615283267457,0.6126482213438735,0.621870882740448,0.6798418972332015,0.6389986824769434,0.6442687747035574,0.6205533596837944,0.6508563899868248,0.5533596837944664,0.5955204216073782,0.5876152832674572,0.613965744400527,0.5006587615283268,0.6429512516469038,0.6495388669301713,0.6956521739130435,0.619235836627141,0.6403162055335968,0.6416337285902504,0.6508563899868248,0.5928853754940712,0.7101449275362319,0.6126482213438735,0.6389986824769434,0.6442687747035574,0.5019762845849802,0.6126482213438735,0.5876152832674572,0.6363636363636364,0.6851119894598156,0.5586297760210803,0.5955204216073782,0.5270092226613966,0.6561264822134387,0.5994729907773386,0.6060606060606061,0.5862977602108037,0.5704874835309618,0.5718050065876152,0.5520421607378129,0.6205533596837944,0.5546772068511199,0.6561264822134387,0.5770750988142292,0.6021080368906456,0.6613965744400527,0.5942028985507246,0.6047430830039525,0.6337285902503293,0.6495388669301713,0.619235836627141,0.6021080368906456,0.6653491436100132,0.5876152832674572,0.5480895915678524,0.6469038208168643,0.6403162055335968,0.6469038208168643,0.6086956521739131,0.6416337285902504,0.621870882740448,0.6613965744400527,0.5783926218708827,0.5691699604743083,0.5718050065876152,0.6837944664031621,0.5546772068511199,0.5573122529644269,0.619235836627141,0.5783926218708827,0.6587615283267457,0.6719367588932806,0.6772068511198946,0.621870882740448,0.6350461133069829,0.6310935441370223,0.6666666666666666,0.6034255599472991,0.6007905138339921,0.7022397891963109,0.6666666666666666,0.6442687747035574,0.6376811594202898,0.5731225296442688,0.6205533596837944,0.5783926218708827,0.5928853754940712,0.6640316205533597,0.6627140974967062,0.6034255599472991,0.6389986824769434,0.6021080368906456,0.6600790513833992,0.6403162055335968,0.541501976284585,0.5691699604743083,0.621870882740448,0.619235836627141,0.5797101449275363,0.6179183135704874,0.6666666666666666,0.6073781291172595,0.546772068511199,0.6389986824769434,0.6548089591567853,0.5876152832674572,0.5915678524374176,0.6271409749670619,0.5098814229249012,0.61133069828722,0.5586297760210803,0.6231884057971014,0.6363636363636364,0.5704874835309618,0.6245059288537549,0.6508563899868248,0.6350461133069829,0.5994729907773386,0.5942028985507246,0.6403162055335968,0.6179183135704874,0.5876152832674572,0.6930171277997365,0.6416337285902504,0.6469038208168643,0.6574440052700923,0.6706192358366272,0.6416337285902504,0.5586297760210803,0.6310935441370223,0.6376811594202898,0.5731225296442688,0.6086956521739131,0.7114624505928854,0.6521739130434783,0.5876152832674572,0.6021080368906456,0.5836627140974967,0.6245059288537549,0.5797101449275363,0.5968379446640316,0.6297760210803689,0.5994729907773386
0.06	GEE	0.5836627140974967,0.5335968379446641,0.4993412384716733,0.5335968379446641,0.5177865612648221,0.5335968379446641,0.5625823451910409,0.5586297760210803,0.5296442687747036,0.5217391304347826,0.49670619235836627,0.5375494071146245,0.5243741765480896,0.5296442687747036,0.5270092226613966,0.5335968379446641,0.49538866930171277,0.530961791831357,0.5322793148880105,0.5164690382081687,0.549407114624506,0.5230566534914362,0.5335968379446641,0.530961791831357,0.530961791831357,0.5111989459815547,0.5322793148880105,0.5599472990777339,0.5217391304347826,0.5151515151515151,0.549407114624506,0.5362318840579711,0.549407114624506,0.5428194993412385,0.5151515151515151,0.52832674571805,0.5085638998682477,0.49407114624505927,0.5349143610013175,0.4927536231884058,0.5428194993412385,0.5362318840579711,0.5164690382081687,0.5059288537549407,0.49407114624505927,0.5098814229249012,0.5151515151515151,0.5072463768115942,0.5072463768115942,0.5098814229249012,0.5428194993412385,0.4993412384716733,0.5270092226613966,0.5230566534914362,0.5401844532279315,0.5375494071146245,0.5428194993412385,0.5797101449275363,0.544137022397892,0.5138339920948617,0.5111989459815547,0.5520421607378129,0.538866930171278,0.5375494071146245,0.5177865612648221,0.530961791831357,0.5019762845849802,0.52832674571805,0.5533596837944664,0.5191040843214756,0.5204216073781291,0.5151515151515151,0.5704874835309618,0.5362318840579711,0.5573122529644269,0.4993412384716733,0.5454545454545454,0.5559947299077734,0.5191040843214756,0.5191040843214756,0.525691699604743,0.5401844532279315,0.5559947299077734,0.48221343873517786,0.546772068511199,0.5573122529644269,0.5638998682476943,0.546772068511199,0.5032938076416338,0.541501976284585,0.5085638998682477,0.541501976284585,0.5480895915678524,0.5322793148880105,0.5204216073781291,0.5559947299077734,0.5586297760210803,0.4505928853754941,0.538866930171278,0.525691699604743,0.4743083003952569,0.5375494071146245,0.4927536231884058,0.4901185770750988,0.5612648221343873,0.5125164690382081,0.52832674571805,0.5638998682476943,0.5454545454545454,0.5375494071146245,0.5217391304347826,0.5520421607378129,0.5757575757575758,0.5678524374176548,0.5059288537549407,0.5625823451910409,0.49407114624505927,0.5665349143610013,0.5586297760210803,0.4874835309617918,0.5507246376811594,0.544137022397892,0.5335968379446641,0.5349143610013175,0.5349143610013175,0.5125164690382081,0.5375494071146245,0.5032938076416338,0.5335968379446641,0.5217391304347826,0.5718050065876152,0.5085638998682477,0.5573122529644269,0.52832674571805,0.5335968379446641,0.5349143610013175,0.52832674571805,0.5164690382081687,0.5125164690382081,0.5177865612648221,0.5191040843214756,0.4795783926218709,0.546772068511199,0.5428194993412385,0.5533596837944664,0.5243741765480896,0.5612648221343873,0.5612648221343873,0.5362318840579711,0.5428194993412385,0.525691699604743,0.5599472990777339,0.5401844532279315,0.5520421607378129,0.466403162055336,0.5138339920948617,0.5296442687747036,0.5177865612648221,0.5349143610013175,0.5204216073781291,0.5230566534914362,0.5652173913043478,0.5138339920948617,0.5520421607378129,0.5230566534914362,0.5349143610013175,0.5085638998682477,0.5573122529644269,0.5559947299077734,0.52832674571805,0.5125164690382081,0.5243741765480896,0.5138339920948617,0.49670619235836627,0.5375494071146245,0.530961791831357,0.5507246376811594,0.49407114624505927,0.5480895915678524,0.4927536231884058,0.5164690382081687,0.5349143610013175,0.530961791831357,0.5349143610013175,0.52832674571805,0.5204216073781291,0.4756258234519104,0.525691699604743,0.538866930171278,0.546772068511199,0.5375494071146245,0.5349143610013175,0.5480895915678524,0.525691699604743,0.5191040843214756,0.5217391304347826,0.5230566534914362,0.541501976284585,0.5059288537549407,0.538866930171278
0.06	GNN	0.4914361001317523,0.45718050065876153,0.3794466403162055,0.2635046113306983,0.36100131752305664,0.3201581027667984,0.33201581027667987,0.3333333333333333,0.3386034255599473,0.2845849802371542,0.37417654808959155,0.35177865612648224,0.28194993412384717,0.36363636363636365,0.30566534914361,0.3530961791831357,0.3254281949934124,0.36363636363636365,0.43610013175230566,0.3069828722002635,0.3689064558629776,0.33201581027667987,0.3662714097496706,0.4176548089591568,0.36363636363636365,0.3583662714097497,0.29117259552042163,0.31752305665349145,0.3847167325428195,0.3689064558629776,0.3214756258234519,0.37285902503293805,0.33992094861660077,0.4281949934123847,0.29907773386034253,0.43741765480895917,0.31620553359683795,0.35177865612648224,0.36100131752305664,0.3451910408432148,0.33069828722002637,0.38998682476943347,0.32938076416337286,0.3570487483530962,0.43478260869565216,0.38866930171277997,0.3715415019762846,0.37549407114624506,0.35046113306982873,0.35177865612648224,0.3438735177865613,0.3333333333333333,0.4018445322793149,0.4031620553359684,0.3544137022397892,0.38603425559947296,0.32938076416337286,0.38866930171277997,0.3227931488801054,0.3412384716732543,0.3214756258234519,0.3583662714097497,0.2845849802371542,0.4598155467720685,0.31225296442687744,0.33069828722002637,0.3570487483530962,0.3952569169960474,0.30039525691699603,0.310935441370224,0.3188405797101449,0.37812911725955206,0.3689064558629776,0.3188405797101449,0.3254281949934124,0.4650856389986825,0.4163372859025033,0.3241106719367589,0.39789196310935443,0.40843214756258234,0.3926218708827404,0.36363636363636365,0.3557312252964427,0.43873517786561267,0.35177865612648224,0.380764163372859,0.4400527009222661,0.43478260869565216,0.33992094861660077,0.4980237154150198,0.3254281949934124,0.31488801054018445,0.3227931488801054,0.3241106719367589,0.35046113306982873,0.3689064558629776,0.37417654808959155,0.36100131752305664,0.5006587615283268,0.3188405797101449,0.31357048748353095,0.31488801054018445,0.3794466403162055,0.383399209486166,0.42424242424242425,0.36231884057971014,0.3530961791831357,0.4005270092226614,0.3227931488801054,0.3069828722002635,0.37285902503293805,0.36231884057971014,0.31620553359683795,0.4005270092226614,0.35046113306982873,0.34914361001317523,0.4044795783926219,0.4189723320158103,0.3702239789196311,0.36100131752305664,0.27931488801054016,0.3214756258234519,0.3952569169960474,0.30039525691699603,0.3438735177865613,0.3438735177865613,0.3952569169960474,0.3438735177865613,0.36231884057971014,0.3544137022397892,0.2951251646903821,0.3675889328063241,0.35046113306982873,0.33201581027667987,0.42028985507246375,0.31225296442687744,0.32806324110671936,0.34782608695652173,0.2964426877470356,0.23451910408432147,0.2753623188405797,0.37417654808959155,0.3346508563899868,0.49538866930171277,0.3702239789196311,0.2964426877470356,0.3544137022397892,0.4769433465085639,0.3530961791831357,0.3544137022397892,0.37417654808959155,0.2938076416337286,0.3412384716732543,0.3346508563899868,0.32674571805006586,0.2859025032938076,0.32806324110671936,0.41106719367588934,0.380764163372859,0.30039525691699603,0.4321475625823452,0.3451910408432148,0.36100131752305664,0.2977602108036891,0.380764163372859,0.3333333333333333,0.3241106719367589,0.33069828722002637,0.3451910408432148,0.34782608695652173,0.3254281949934124,0.3689064558629776,0.41106719367588934,0.3465085638998682,0.3689064558629776,0.40711462450592883,0.32938076416337286,0.3794466403162055,0.3372859025032938,0.43346508563899866,0.2977602108036891,0.31225296442687744,0.3451910408432148,0.308300395256917,0.3227931488801054,0.3939393939393939,0.35968379446640314,0.3386034255599473,0.33201581027667987,0.30039525691699603,0.34782608695652173,0.3715415019762846,0.3346508563899868,0.3451910408432148,0.42028985507246375,0.3346508563899868,0.3096179183135705,0.27009222661396576,0.31488801054018445,0.3557312252964427
0.06	GG	0.5652173913043478,0.5718050065876152,0.5559947299077734,0.5428194993412385,0.43346508563899866,0.5454545454545454,0.5586297760210803,0.5428194993412385,0.525691699604743,0.52832674571805,0.5177865612648221,0.5638998682476943,0.5296442687747036,0.6021080368906456,0.5006587615283268,0.5401844532279315,0.4901185770750988,0.541501976284585,0.5401844532279315,0.5204216073781291,0.4901185770750988,0.5849802371541502,0.5164690382081687,0.546772068511199,0.5230566534914362,0.5138339920948617,0.5046113306982872,0.6021080368906456,0.5270092226613966,0.5375494071146245,0.5401844532279315,0.5401844532279315,0.546772068511199,0.6060606060606061,0.538866930171278,0.5006587615283268,0.5217391304347826,0.5401844532279315,0.52832674571805,0.5072463768115942,0.4888010540184453,0.5230566534914362,0.5072463768115942,0.5731225296442688,0.4888010540184453,0.5191040843214756,0.5111989459815547,0.541501976284585,0.5138339920948617,0.5204216073781291,0.5573122529644269,0.5085638998682477,0.5454545454545454,0.4914361001317523,0.5876152832674572,0.5177865612648221,0.6073781291172595,0.4795783926218709,0.5217391304347826,0.4150197628458498,0.4927536231884058,0.5204216073781291,0.549407114624506,0.5612648221343873,0.5230566534914362,0.4927536231884058,0.5718050065876152,0.43346508563899866,0.5151515151515151,0.5230566534914362,0.5652173913043478,0.5375494071146245,0.5955204216073782,0.538866930171278,0.5797101449275363,0.544137022397892,0.4927536231884058,0.52832674571805,0.5744400527009222,0.5454545454545454,0.5638998682476943,0.5665349143610013,0.5204216073781291,0.463768115942029,0.5546772068511199,0.5032938076416338,0.621870882740448,0.5599472990777339,0.47299077733860345,0.5678524374176548,0.525691699604743,0.5217391304347826,0.5428194993412385,0.4453227931488801,0.48353096179183136,0.544137022397892,0.45718050065876153,0.5335968379446641,0.544137022397892,0.6034255599472991,0.541501976284585,0.49670619235836627,0.5243741765480896,0.5718050065876152,0.5243741765480896,0.4980237154150198,0.5718050065876152,0.5836627140974967,0.5480895915678524,0.5731225296442688,0.525691699604743,0.5270092226613966,0.5915678524374176,0.5599472990777339,0.49407114624505927,0.4598155467720685,0.5296442687747036,0.5928853754940712,0.5744400527009222,0.5032938076416338,0.5177865612648221,0.5586297760210803,0.5718050065876152,0.5428194993412385,0.4479578392621871,0.5243741765480896,0.52832674571805,0.5006587615283268,0.5520421607378129,0.5625823451910409,0.5981554677206851,0.48484848484848486,0.5217391304347826,0.5625823451910409,0.52832674571805,0.5191040843214756,0.61133069828722,0.4888010540184453,0.5177865612648221,0.5559947299077734,0.3372859025032938,0.5520421607378129,0.5559947299077734,0.5217391304347826,0.5586297760210803,0.5612648221343873,0.5744400527009222,0.5322793148880105,0.525691699604743,0.5915678524374176,0.5691699604743083,0.5955204216073782,0.5191040843214756,0.538866930171278,0.5454545454545454,0.5349143610013175,0.5810276679841897,0.541501976284585,0.5335968379446641,0.5111989459815547,0.5006587615283268,0.549407114624506,0.5125164690382081,0.49407114624505927,0.5296442687747036,0.549407114624506,0.5335968379446641,0.544137022397892,0.5731225296442688,0.5638998682476943,0.5401844532279315,0.5230566534914362,0.5428194993412385,0.47167325428194995,0.5401844532279315,0.5625823451910409,0.5573122529644269,0.5849802371541502,0.5349143610013175,0.46903820816864294,0.5296442687747036,0.5335968379446641,0.5362318840579711,0.5823451910408433,0.5138339920948617,0.5046113306982872,0.46903820816864294,0.5217391304347826,0.5111989459815547,0.5243741765480896,0.5520421607378129,0.6073781291172595,0.5164690382081687,0.5151515151515151,0.5731225296442688,0.5349143610013175,0.4927536231884058,0.5454545454545454,0.49407114624505927,0.541501976284585
0.06	GG2	0.6297760210803689,0.5836627140974967,0.5744400527009222,0.5889328063241107,0.5638998682476943,0.5573122529644269,0.549407114624506,0.5006587615283268,0.5757575757575758,0.5625823451910409,0.5586297760210803,0.530961791831357,0.5876152832674572,0.6126482213438735,0.5783926218708827,0.5994729907773386,0.4756258234519104,0.5942028985507246,0.5454545454545454,0.525691699604743,0.5507246376811594,0.5955204216073782,0.5296442687747036,0.5046113306982872,0.5375494071146245,0.5480895915678524,0.541501976284585,0.613965744400527,0.5454545454545454,0.5652173913043478,0.5349143610013175,0.6034255599472991,0.5823451910408433,0.5783926218708827,0.52832674571805,0.5665349143610013,0.5111989459815547,0.5902503293807642,0.544137022397892,0.5704874835309618,0.5204216073781291,0.4874835309617918,0.5362318840579711,0.5942028985507246,0.5164690382081687,0.5520421607378129,0.5375494071146245,0.5612648221343873,0.5375494071146245,0.5362318840579711,0.5625823451910409,0.5138339920948617,0.5138339920948617,0.5270092226613966,0.5849802371541502,0.5533596837944664,0.5678524374176548,0.6060606060606061,0.5191040843214756,0.5849802371541502,0.5230566534914362,0.6034255599472991,0.52832674571805,0.52832674571805,0.5586297760210803,0.48353096179183136,0.48484848484848486,0.5770750988142292,0.5691699604743083,0.549407114624506,0.5375494071146245,0.49538866930171277,0.6429512516469038,0.5915678524374176,0.5652173913043478,0.5612648221343873,0.5704874835309618,0.6245059288537549,0.5836627140974967,0.5480895915678524,0.5625823451910409,0.6047430830039525,0.48089591567852435,0.5335968379446641,0.5704874835309618,0.5823451910408433,0.6034255599472991,0.5968379446640316,0.5533596837944664,0.549407114624506,0.52832674571805,0.5151515151515151,0.538866930171278,0.5507246376811594,0.5757575757575758,0.5783926218708827,0.5586297760210803,0.48221343873517786,0.5428194993412385,0.5691699604743083,0.5454545454545454,0.5928853754940712,0.5098814229249012,0.5599472990777339,0.6297760210803689,0.5243741765480896,0.5586297760210803,0.5204216073781291,0.5546772068511199,0.5928853754940712,0.5744400527009222,0.5889328063241107,0.5599472990777339,0.5955204216073782,0.5994729907773386,0.5823451910408433,0.5270092226613966,0.5928853754940712,0.6073781291172595,0.5217391304347826,0.5191040843214756,0.5270092226613966,0.52832674571805,0.5349143610013175,0.5204216073781291,0.549407114624506,0.4650856389986825,0.5164690382081687,0.621870882740448,0.5652173913043478,0.6034255599472991,0.5059288537549407,0.5823451910408433,0.5942028985507246,0.525691699604743,0.52832674571805,0.6179183135704874,0.5085638998682477,0.48221343873517786,0.5744400527009222,0.530961791831357,0.5270092226613966,0.5533596837944664,0.5533596837944664,0.61133069828722,0.5652173913043478,0.5731225296442688,0.5731225296442688,0.42292490118577075,0.5797101449275363,0.5718050065876152,0.5559947299077734,0.5612648221343873,0.5731225296442688,0.5520421607378129,0.5191040843214756,0.5718050065876152,0.61133069828722,0.544137022397892,0.5546772068511199,0.5928853754940712,0.5823451910408433,0.5678524374176548,0.549407114624506,0.6073781291172595,0.5559947299077734,0.5362318840579711,0.6245059288537549,0.5573122529644269,0.5177865612648221,0.5454545454545454,0.5335968379446641,0.5085638998682477,0.525691699604743,0.5217391304347826,0.5718050065876152,0.5915678524374176,0.5177865612648221,0.5546772068511199,0.49538866930171277,0.5546772068511199,0.6297760210803689,0.5599472990777339,0.6007905138339921,0.5151515151515151,0.5678524374176548,0.544137022397892,0.5810276679841897,0.4993412384716733,0.5573122529644269,0.5915678524374176,0.6271409749670619,0.5810276679841897,0.5955204216073782,0.5507246376811594,0.546772068511199,0.5217391304347826,0.5559947299077734,0.5322793148880105,0.5428194993412385
0.07	GEE	0.45322793148880103,0.48089591567852435,0.5046113306982872,0.46772068511198944,0.45718050065876153,0.4769433465085639,0.530961791831357,0.5072463768115942,0.47299077733860345,0.5006587615283268,0.49670619235836627,0.4874835309617918,0.4914361001317523,0.5125164690382081,0.4874835309617918,0.5098814229249012,0.4980237154150198,0.5125164690382081,0.5454545454545454,0.5243741765480896,0.5718050065876152,0.5032938076416338,0.466403162055336,0.49670619235836627,0.48484848484848486,0.463768115942029,0.49407114624505927,0.5032938076416338,0.5125164690382081,0.5164690382081687,0.5046113306982872,0.4624505928853755,0.47167325428194995,0.49407114624505927,0.5375494071146245,0.5243741765480896,0.52832674571805,0.5217391304347826,0.5046113306982872,0.5072463768115942,0.4795783926218709,0.5362318840579711,0.5151515151515151,0.49407114624505927,0.48616600790513836,0.5032938076416338,0.47299077733860345,0.5401844532279315,0.5046113306982872,0.5006587615283268,0.48089591567852435,0.5098814229249012,0.4993412384716733,0.5125164690382081,0.48616600790513836,0.5019762845849802,0.5072463768115942,0.5072463768115942,0.48616600790513836,0.466403162055336,0.4980237154150198,0.49538866930171277,0.5177865612648221,0.4874835309617918,0.47167325428194995,0.5072463768115942,0.546772068511199,0.4993412384716733,0.4598155467720685,0.5059288537549407,0.5296442687747036,0.5085638998682477,0.48353096179183136,0.4624505928853755,0.48089591567852435,0.4927536231884058,0.48353096179183136,0.4914361001317523,0.5428194993412385,0.4888010540184453,0.4993412384716733,0.4795783926218709,0.5138339920948617,0.48089591567852435,0.5151515151515151,0.5375494071146245,0.5032938076416338,0.49670619235836627,0.4756258234519104,0.466403162055336,0.5362318840579711,0.5125164690382081,0.5046113306982872,0.5085638998682477,0.48221343873517786,0.43346508563899866,0.5164690382081687,0.4505928853754941,0.4795783926218709,0.49670619235836627,0.49670619235836627,0.48221343873517786,0.49670619235836627,0.5098814229249012,0.5296442687747036,0.5006587615283268,0.5019762845849802,0.4782608695652174,0.4756258234519104,0.5111989459815547,0.5151515151515151,0.4980237154150198,0.48616600790513836,0.52832674571805,0.46772068511198944,0.541501976284585,0.4914361001317523,0.5217391304347826,0.49407114624505927,0.4795783926218709,0.5217391304347826,0.4888010540184453,0.5151515151515151,0.4888010540184453,0.5059288537549407,0.5177865612648221,0.5230566534914362,0.5296442687747036,0.4980237154150198,0.5111989459815547,0.5177865612648221,0.4993412384716733,0.5111989459815547,0.49407114624505927,0.48353096179183136,0.48484848484848486,0.5098814229249012,0.48353096179183136,0.4756258234519104,0.5138339920948617,0.4137022397891963,0.4888010540184453,0.5138339920948617,0.5046113306982872,0.48484848484848486,0.4624505928853755,0.461133069828722,0.5059288537549407,0.4927536231884058,0.5533596837944664,0.46772068511198944,0.49538866930171277,0.47167325428194995,0.46772068511198944,0.5204216073781291,0.49407114624505927,0.5204216073781291,0.49538866930171277,0.4743083003952569,0.4440052700922266,0.48616600790513836,0.5072463768115942,0.4795783926218709,0.49407114624505927,0.4163372859025033,0.5032938076416338,0.48616600790513836,0.5085638998682477,0.5177865612648221,0.4927536231884058,0.4927536231884058,0.4980237154150198,0.4980237154150198,0.5322793148880105,0.4888010540184453,0.4874835309617918,0.4782608695652174,0.4440052700922266,0.4888010540184453,0.4927536231884058,0.5085638998682477,0.4980237154150198,0.47299077733860345,0.525691699604743,0.49538866930171277,0.4505928853754941,0.4874835309617918,0.4795783926218709,0.46903820816864294,0.5217391304347826,0.5217391304347826,0.4782608695652174,0.49407114624505927,0.4914361001317523,0.4927536231884058,0.48353096179183136,0.52832674571805,0.4492753623188406,0.4888010540184453,0.4888010540184453
0.07	GNN	0.42160737812911725,0.38998682476943347,0.3254281949934124,0.31752305665349145,0.3465085638998682,0.37285902503293805,0.3227931488801054,0.30566534914361,0.32674571805006586,0.30171277997364954,0.36100131752305664,0.2727272727272727,0.2766798418972332,0.3557312252964427,0.30434782608695654,0.3965744400527009,0.2753623188405797,0.3241106719367589,0.4426877470355731,0.2872200263504611,0.3201581027667984,0.310935441370224,0.3451910408432148,0.3201581027667984,0.33201581027667987,0.2938076416337286,0.31225296442687744,0.3188405797101449,0.37681159420289856,0.36100131752305664,0.3069828722002635,0.3333333333333333,0.2951251646903821,0.42424242424242425,0.3372859025032938,0.3965744400527009,0.3386034255599473,0.3451910408432148,0.3241106719367589,0.30039525691699603,0.37285902503293805,0.3926218708827404,0.32938076416337286,0.32674571805006586,0.41106719367588934,0.36495388669301715,0.32938076416337286,0.35968379446640314,0.30039525691699603,0.27931488801054016,0.3069828722002635,0.310935441370224,0.4176548089591568,0.31488801054018445,0.3530961791831357,0.37417654808959155,0.3069828722002635,0.310935441370224,0.3438735177865613,0.31488801054018445,0.36231884057971014,0.3333333333333333,0.33069828722002637,0.3820816864295125,0.31488801054018445,0.3333333333333333,0.3346508563899868,0.3557312252964427,0.3096179183135705,0.2635046113306983,0.3227931488801054,0.3702239789196311,0.3847167325428195,0.26613965744400525,0.30434782608695654,0.3557312252964427,0.4057971014492754,0.3214756258234519,0.39789196310935443,0.33201581027667987,0.3438735177865613,0.34782608695652173,0.31488801054018445,0.3952569169960474,0.34782608695652173,0.39920948616600793,0.40843214756258234,0.3689064558629776,0.31620553359683795,0.4756258234519104,0.3557312252964427,0.31488801054018445,0.30303030303030304,0.30566534914361,0.3241106719367589,0.3451910408432148,0.3451910408432148,0.33201581027667987,0.39920948616600793,0.30566534914361,0.3333333333333333,0.2898550724637681,0.3254281949934124,0.38866930171277997,0.41106719367588934,0.33992094861660077,0.38866930171277997,0.37681159420289856,0.33069828722002637,0.32674571805006586,0.3227931488801054,0.2872200263504611,0.3227931488801054,0.3557312252964427,0.2872200263504611,0.3386034255599473,0.3465085638998682,0.3438735177865613,0.32674571805006586,0.37549407114624506,0.3359683794466403,0.310935441370224,0.4057971014492754,0.2898550724637681,0.310935441370224,0.3794466403162055,0.35968379446640314,0.32806324110671936,0.3346508563899868,0.3254281949934124,0.32938076416337286,0.31752305665349145,0.36100131752305664,0.3662714097496706,0.3939393939393939,0.2845849802371542,0.3241106719367589,0.3254281949934124,0.2977602108036891,0.2779973649538867,0.30303030303030304,0.2938076416337286,0.3359683794466403,0.4426877470355731,0.3544137022397892,0.28063241106719367,0.3583662714097497,0.42555994729907776,0.3557312252964427,0.3254281949934124,0.3465085638998682,0.2608695652173913,0.3096179183135705,0.30171277997364954,0.3227931488801054,0.25428194993412384,0.3412384716732543,0.4018445322793149,0.3715415019762846,0.29117259552042163,0.39920948616600793,0.32806324110671936,0.3359683794466403,0.2859025032938076,0.32806324110671936,0.32806324110671936,0.3346508563899868,0.29907773386034253,0.32938076416337286,0.39789196310935443,0.230566534914361,0.3425559947299078,0.41238471673254284,0.308300395256917,0.3530961791831357,0.3438735177865613,0.30171277997364954,0.39920948616600793,0.3570487483530962,0.40843214756258234,0.2964426877470356,0.2964426877470356,0.3372859025032938,0.2977602108036891,0.2898550724637681,0.34782608695652173,0.33201581027667987,0.3333333333333333,0.308300395256917,0.33992094861660077,0.35968379446640314,0.310935441370224,0.31752305665349145,0.33992094861660077,0.34782608695652173,0.3544137022397892,0.32674571805006586,0.2898550724637681,0.2938076416337286,0.37681159420289856
0.07	GG	0.5019762845849802,0.5177865612648221,0.5138339920948617,0.5191040843214756,0.4150197628458498,0.541501976284585,0.5138339920948617,0.5480895915678524,0.49538866930171277,0.48353096179183136,0.4505928853754941,0.48616600790513836,0.541501976284585,0.5533596837944664,0.4914361001317523,0.4743083003952569,0.49538866930171277,0.5164690382081687,0.5349143610013175,0.5138339920948617,0.5006587615283268,0.5428194993412385,0.4598155467720685,0.48089591567852435,0.4782608695652174,0.4901185770750988,0.48089591567852435,0.5335968379446641,0.4888010540184453,0.5098814229249012,0.5731225296442688,0.4756258234519104,0.4980237154150198,0.5151515151515151,0.5665349143610013,0.49407114624505927,0.4769433465085639,0.5349143610013175,0.4440052700922266,0.52832674571805,0.4440052700922266,0.5111989459815547,0.549407114624506,0.5349143610013175,0.48353096179183136,0.5573122529644269,0.47035573122529645,0.5520421607378129,0.5085638998682477,0.4519104084321476,0.43741765480895917,0.5111989459815547,0.4914361001317523,0.4598155467720685,0.5243741765480896,0.5072463768115942,0.5546772068511199,0.5191040843214756,0.5151515151515151,0.4624505928853755,0.5085638998682477,0.5072463768115942,0.5151515151515151,0.5138339920948617,0.49670619235836627,0.48616600790513836,0.5968379446640316,0.43346508563899866,0.4927536231884058,0.5059288537549407,0.5665349143610013,0.5335968379446641,0.5586297760210803,0.5019762845849802,0.5019762845849802,0.5164690382081687,0.4400527009222661,0.49670619235836627,0.5955204216073782,0.4888010540184453,0.5428194993412385,0.5019762845849802,0.4479578392621871,0.48221343873517786,0.525691699604743,0.4598155467720685,0.5652173913043478,0.5270092226613966,0.4453227931488801,0.4743083003952569,0.5164690382081687,0.5322793148880105,0.45849802371541504,0.43610013175230566,0.4769433465085639,0.4400527009222661,0.48353096179183136,0.5270092226613966,0.4163372859025033,0.5533596837944664,0.52832674571805,0.4413702239789196,0.5428194993412385,0.5375494071146245,0.5059288537549407,0.45849802371541504,0.5968379446640316,0.5138339920948617,0.48089591567852435,0.5546772068511199,0.5125164690382081,0.525691699604743,0.5151515151515151,0.5533596837944664,0.4018445322793149,0.4795783926218709,0.5138339920948617,0.5428194993412385,0.5059288537549407,0.5138339920948617,0.48484848484848486,0.5138339920948617,0.5797101449275363,0.5191040843214756,0.5046113306982872,0.34914361001317523,0.5454545454545454,0.45322793148880103,0.5138339920948617,0.538866930171278,0.5322793148880105,0.48484848484848486,0.4795783926218709,0.5480895915678524,0.5085638998682477,0.48221343873517786,0.5652173913043478,0.4505928853754941,0.4598155467720685,0.5125164690382081,0.4598155467720685,0.52832674571805,0.5059288537549407,0.5177865612648221,0.5138339920948617,0.5098814229249012,0.45718050065876153,0.4927536231884058,0.4914361001317523,0.549407114624506,0.4993412384716733,0.5375494071146245,0.4993412384716733,0.4888010540184453,0.5335968379446641,0.5059288537549407,0.5902503293807642,0.5164690382081687,0.4980237154150198,0.46903820816864294,0.4189723320158103,0.5204216073781291,0.461133069828722,0.5006587615283268,0.5138339920948617,0.5217391304347826,0.5072463768115942,0.4650856389986825,0.5085638998682477,0.4756258234519104,0.4901185770750988,0.4901185770750988,0.5718050065876152,0.4519104084321476,0.5138339920948617,0.525691699604743,0.5204216073781291,0.541501976284585,0.5349143610013175,0.4400527009222661,0.43873517786561267,0.47167325428194995,0.5270092226613966,0.5625823451910409,0.5032938076416338,0.4888010540184453,0.47167325428194995,0.49407114624505927,0.48353096179183136,0.391304347826087,0.541501976284585,0.5520421607378129,0.47167325428194995,0.4176548089591568,0.5375494071146245,0.5085638998682477,0.5085638998682477,0.4479578392621871,0.5138339920948617,0.52832674571805
0.07	GG2	0.4888010540184453,0.4888010540184453,0.5823451910408433,0.461133069828722,0.4901185770750988,0.5243741765480896,0.5177865612648221,0.5691699604743083,0.5164690382081687,0.5665349143610013,0.541501976284585,0.538866930171278,0.530961791831357,0.5032938076416338,0.4874835309617918,0.5111989459815547,0.530961791831357,0.5230566534914362,0.549407114624506,0.530961791831357,0.5138339920948617,0.5349143610013175,0.5335968379446641,0.5335968379446641,0.4888010540184453,0.5401844532279315,0.530961791831357,0.5270092226613966,0.5059288537549407,0.5230566534914362,0.5362318840579711,0.48221343873517786,0.5072463768115942,0.5744400527009222,0.546772068511199,0.5559947299077734,0.5046113306982872,0.5546772068511199,0.549407114624506,0.5783926218708827,0.4980237154150198,0.52832674571805,0.525691699604743,0.5059288537549407,0.48353096179183136,0.538866930171278,0.4980237154150198,0.5968379446640316,0.5032938076416338,0.4650856389986825,0.37812911725955206,0.49670619235836627,0.46903820816864294,0.5401844532279315,0.5968379446640316,0.49670619235836627,0.5349143610013175,0.5204216073781291,0.48353096179183136,0.5098814229249012,0.48353096179183136,0.4927536231884058,0.5731225296442688,0.5072463768115942,0.4927536231884058,0.5428194993412385,0.5362318840579711,0.5770750988142292,0.49538866930171277,0.49407114624505927,0.546772068511199,0.47167325428194995,0.5691699604743083,0.546772068511199,0.5204216073781291,0.544137022397892,0.5032938076416338,0.5362318840579711,0.5889328063241107,0.48616600790513836,0.52832674571805,0.5204216073781291,0.5296442687747036,0.4914361001317523,0.525691699604743,0.530961791831357,0.5691699604743083,0.5019762845849802,0.5151515151515151,0.4769433465085639,0.5533596837944664,0.5691699604743083,0.49407114624505927,0.5638998682476943,0.5270092226613966,0.47035573122529645,0.48089591567852435,0.5098814229249012,0.5243741765480896,0.5428194993412385,0.5151515151515151,0.5243741765480896,0.5876152832674572,0.5678524374176548,0.5349143610013175,0.5270092226613966,0.5533596837944664,0.5204216073781291,0.530961791831357,0.5573122529644269,0.5744400527009222,0.530961791831357,0.5151515151515151,0.5889328063241107,0.42292490118577075,0.5098814229249012,0.5428194993412385,0.5401844532279315,0.5559947299077734,0.5204216073781291,0.5652173913043478,0.5217391304347826,0.52832674571805,0.5059288537549407,0.5349143610013175,0.5085638998682477,0.5085638998682477,0.5375494071146245,0.544137022397892,0.5586297760210803,0.5177865612648221,0.5177865612648221,0.5125164690382081,0.549407114624506,0.5125164690382081,0.4769433465085639,0.5704874835309618,0.4769433465085639,0.4519104084321476,0.5191040843214756,0.45586297760210803,0.5322793148880105,0.4769433465085639,0.49670619235836627,0.5573122529644269,0.5230566534914362,0.4413702239789196,0.5204216073781291,0.5428194993412385,0.4927536231884058,0.48353096179183136,0.5375494071146245,0.4993412384716733,0.5098814229249012,0.5032938076416338,0.4980237154150198,0.5902503293807642,0.5625823451910409,0.461133069828722,0.45586297760210803,0.4993412384716733,0.5296442687747036,0.5032938076416338,0.5072463768115942,0.45849802371541504,0.4888010540184453,0.525691699604743,0.5335968379446641,0.4914361001317523,0.4624505928853755,0.49407114624505927,0.538866930171278,0.5428194993412385,0.5401844532279315,0.4993412384716733,0.5322793148880105,0.5454545454545454,0.5559947299077734,0.5059288537549407,0.5678524374176548,0.5362318840579711,0.5296442687747036,0.5401844532279315,0.5362318840579711,0.5085638998682477,0.4795783926218709,0.4519104084321476,0.5335968379446641,0.42160737812911725,0.5243741765480896,0.5876152832674572,0.5678524374176548,0.49407114624505927,0.5704874835309618,0.4756258234519104,0.5085638998682477,0.42555994729907776,0.5085638998682477,0.47299077733860345,0.5401844532279315
0.08	GEE	0.45849802371541504,0.43741765480895917,0.4453227931488801,0.45849802371541504,0.48089591567852435,0.48616600790513836,0.45454545454545453,0.4624505928853755,0.42292490118577075,0.4505928853754941,0.4914361001317523,0.4281949934123847,0.45586297760210803,0.461133069828722,0.43610013175230566,0.47167325428194995,0.40974967061923584,0.4268774703557312,0.45849802371541504,0.4519104084321476,0.466403162055336,0.47035573122529645,0.45718050065876153,0.4163372859025033,0.4150197628458498,0.42424242424242425,0.42424242424242425,0.46903820816864294,0.4624505928853755,0.43478260869565216,0.4743083003952569,0.49407114624505927,0.4440052700922266,0.4874835309617918,0.48221343873517786,0.4453227931488801,0.45718050065876153,0.4308300395256917,0.39789196310935443,0.466403162055336,0.48484848484848486,0.4980237154150198,0.461133069828722,0.4189723320158103,0.48353096179183136,0.48089591567852435,0.48089591567852435,0.466403162055336,0.38998682476943347,0.42555994729907776,0.4769433465085639,0.48484848484848486,0.525691699604743,0.47167325428194995,0.46772068511198944,0.4624505928853755,0.47299077733860345,0.4914361001317523,0.42292490118577075,0.45849802371541504,0.4598155467720685,0.4479578392621871,0.46903820816864294,0.48221343873517786,0.43478260869565216,0.46772068511198944,0.463768115942029,0.4400527009222661,0.4492753623188406,0.44664031620553357,0.4519104084321476,0.461133069828722,0.4505928853754941,0.4519104084321476,0.4598155467720685,0.42555994729907776,0.45322793148880103,0.4993412384716733,0.4888010540184453,0.4650856389986825,0.45718050065876153,0.45849802371541504,0.45322793148880103,0.4769433465085639,0.4492753623188406,0.4901185770750988,0.44664031620553357,0.43610013175230566,0.4189723320158103,0.4479578392621871,0.45718050065876153,0.45454545454545453,0.39789196310935443,0.49670619235836627,0.4782608695652174,0.48353096179183136,0.43478260869565216,0.4163372859025033,0.4400527009222661,0.4492753623188406,0.43478260869565216,0.46903820816864294,0.46903820816864294,0.4519104084321476,0.43873517786561267,0.4519104084321476,0.4505928853754941,0.4624505928853755,0.4150197628458498,0.4598155467720685,0.4321475625823452,0.466403162055336,0.4492753623188406,0.4308300395256917,0.4440052700922266,0.463768115942029,0.4413702239789196,0.42424242424242425,0.4650856389986825,0.461133069828722,0.4519104084321476,0.4440052700922266,0.4624505928853755,0.48484848484848486,0.48616600790513836,0.4888010540184453,0.47167325428194995,0.45454545454545453,0.4624505928853755,0.4782608695652174,0.4888010540184453,0.4295125164690382,0.4743083003952569,0.466403162055336,0.4400527009222661,0.47035573122529645,0.48353096179183136,0.48089591567852435,0.47299077733860345,0.5072463768115942,0.466403162055336,0.4888010540184453,0.45586297760210803,0.4492753623188406,0.48484848484848486,0.43610013175230566,0.466403162055336,0.5111989459815547,0.46772068511198944,0.45322793148880103,0.45586297760210803,0.5098814229249012,0.4598155467720685,0.48353096179183136,0.461133069828722,0.4743083003952569,0.4874835309617918,0.4624505928853755,0.4782608695652174,0.466403162055336,0.48353096179183136,0.4598155467720685,0.40974967061923584,0.463768115942029,0.49538866930171277,0.4479578392621871,0.4479578392621871,0.4492753623188406,0.48089591567852435,0.4888010540184453,0.4426877470355731,0.48221343873517786,0.4453227931488801,0.4650856389986825,0.4163372859025033,0.4650856389986825,0.48221343873517786,0.4598155467720685,0.42555994729907776,0.4993412384716733,0.46903820816864294,0.4756258234519104,0.48484848484848486,0.4874835309617918,0.4281949934123847,0.42160737812911725,0.45322793148880103,0.43741765480895917,0.466403162055336,0.4479578392621871,0.48353096179183136,0.4519104084321476,0.46772068511198944,0.4624505928853755,0.4624505928853755,0.43478260869565216,0.46772068511198944,0.48221343873517786,0.4598155467720685,0.46772068511198944
0.08	GNN	0.38866930171277997,0.3386034255599473,0.3241106719367589,0.28194993412384717,0.29907773386034253,0.3254281949934124,0.35177865612648224,0.25823451910408435,0.32938076416337286,0.2740447957839262,0.3412384716732543,0.2898550724637681,0.30434782608695654,0.308300395256917,0.30434782608695654,0.32674571805006586,0.2872200263504611,0.32674571805006586,0.37549407114624506,0.2964426877470356,0.33069828722002637,0.2859025032938076,0.3386034255599473,0.34782608695652173,0.3241106719367589,0.2872200263504611,0.30303030303030304,0.30171277997364954,0.31620553359683795,0.31488801054018445,0.30434782608695654,0.3346508563899868,0.2977602108036891,0.4044795783926219,0.2437417654808959,0.34914361001317523,0.30434782608695654,0.3412384716732543,0.3214756258234519,0.2859025032938076,0.32938076416337286,0.3372859025032938,0.31488801054018445,0.308300395256917,0.3346508563899868,0.3201581027667984,0.3570487483530962,0.35177865612648224,0.3227931488801054,0.32938076416337286,0.3188405797101449,0.30039525691699603,0.3847167325428195,0.2977602108036891,0.31488801054018445,0.3254281949934124,0.2924901185770751,0.310935441370224,0.2845849802371542,0.31357048748353095,0.31488801054018445,0.32674571805006586,0.28063241106719367,0.4005270092226614,0.33201581027667987,0.33201581027667987,0.3438735177865613,0.37549407114624506,0.29907773386034253,0.33069828722002637,0.308300395256917,0.3227931488801054,0.37549407114624506,0.31225296442687744,0.2977602108036891,0.3333333333333333,0.36495388669301715,0.33201581027667987,0.35046113306982873,0.41106719367588934,0.25691699604743085,0.3069828722002635,0.2964426877470356,0.4189723320158103,0.29907773386034253,0.33201581027667987,0.3939393939393939,0.39789196310935443,0.3214756258234519,0.42028985507246375,0.2951251646903821,0.28194993412384717,0.3438735177865613,0.3241106719367589,0.3254281949934124,0.310935441370224,0.35046113306982873,0.31488801054018445,0.37285902503293805,0.27931488801054016,0.30303030303030304,0.2779973649538867,0.3359683794466403,0.3689064558629776,0.3715415019762846,0.32806324110671936,0.3451910408432148,0.3530961791831357,0.310935441370224,0.310935441370224,0.2885375494071146,0.32938076416337286,0.2964426877470356,0.3451910408432148,0.310935441370224,0.35968379446640314,0.2872200263504611,0.36495388669301715,0.29907773386034253,0.380764163372859,0.23847167325428195,0.32806324110671936,0.380764163372859,0.2727272727272727,0.2766798418972332,0.37812911725955206,0.3372859025032938,0.36231884057971014,0.3425559947299078,0.33201581027667987,0.2872200263504611,0.35046113306982873,0.3188405797101449,0.2938076416337286,0.3702239789196311,0.2648221343873518,0.30039525691699603,0.2859025032938076,0.26613965744400525,0.30566534914361,0.2977602108036891,0.32674571805006586,0.31357048748353095,0.4163372859025033,0.3241106719367589,0.28326745718050067,0.3227931488801054,0.3847167325428195,0.32938076416337286,0.28194993412384717,0.3702239789196311,0.2885375494071146,0.36100131752305664,0.34782608695652173,0.3346508563899868,0.28194993412384717,0.3412384716732543,0.39789196310935443,0.32674571805006586,0.26613965744400525,0.3794466403162055,0.30303030303030304,0.2964426877470356,0.28194993412384717,0.3438735177865613,0.31225296442687744,0.3583662714097497,0.31752305665349145,0.35046113306982873,0.3583662714097497,0.2635046113306983,0.3333333333333333,0.3675889328063241,0.2977602108036891,0.3544137022397892,0.3346508563899868,0.3214756258234519,0.36231884057971014,0.31752305665349145,0.3675889328063241,0.2885375494071146,0.2859025032938076,0.30039525691699603,0.2635046113306983,0.31225296442687744,0.383399209486166,0.3201581027667984,0.3069828722002635,0.3425559947299078,0.29907773386034253,0.29907773386034253,0.35968379446640314,0.3188405797101449,0.31488801054018445,0.3530961791831357,0.36100131752305664,0.30566534914361,0.3214756258234519,0.26877470355731226,0.33069828722002637
0.08	GG	0.45454545454545453,0.4769433465085639,0.47167325428194995,0.47167325428194995,0.4031620553359684,0.5006587615283268,0.42292490118577075,0.46772068511198944,0.4743083003952569,0.43873517786561267,0.45849802371541504,0.43478260869565216,0.5164690382081687,0.4598155467720685,0.43478260869565216,0.45454545454545453,0.4505928853754941,0.42028985507246375,0.4519104084321476,0.43478260869565216,0.4756258234519104,0.530961791831357,0.4281949934123847,0.45454545454545453,0.4413702239789196,0.4440052700922266,0.39920948616600793,0.5046113306982872,0.4743083003952569,0.4505928853754941,0.5111989459815547,0.4743083003952569,0.43873517786561267,0.530961791831357,0.4888010540184453,0.4295125164690382,0.4295125164690382,0.4769433465085639,0.4031620553359684,0.4413702239789196,0.4440052700922266,0.48353096179183136,0.48353096179183136,0.4650856389986825,0.44664031620553357,0.466403162055336,0.45586297760210803,0.48484848484848486,0.4492753623188406,0.43478260869565216,0.4189723320158103,0.4492753623188406,0.5349143610013175,0.4492753623188406,0.5138339920948617,0.40843214756258234,0.5151515151515151,0.4281949934123847,0.42028985507246375,0.4650856389986825,0.4281949934123847,0.4888010540184453,0.4413702239789196,0.466403162055336,0.4505928853754941,0.4650856389986825,0.40843214756258234,0.40974967061923584,0.4782608695652174,0.45586297760210803,0.47167325428194995,0.4874835309617918,0.4782608695652174,0.4598155467720685,0.47167325428194995,0.4426877470355731,0.42555994729907776,0.47299077733860345,0.5072463768115942,0.47167325428194995,0.4914361001317523,0.463768115942029,0.4426877470355731,0.45454545454545453,0.4440052700922266,0.4927536231884058,0.45586297760210803,0.4479578392621871,0.40974967061923584,0.4137022397891963,0.4479578392621871,0.463768115942029,0.39920948616600793,0.45322793148880103,0.48089591567852435,0.4874835309617918,0.42555994729907776,0.47167325428194995,0.49538866930171277,0.5177865612648221,0.5125164690382081,0.4137022397891963,0.5217391304347826,0.4888010540184453,0.3965744400527009,0.4281949934123847,0.5230566534914362,0.4769433465085639,0.4440052700922266,0.4914361001317523,0.4189723320158103,0.461133069828722,0.4492753623188406,0.4479578392621871,0.4189723320158103,0.4505928853754941,0.4795783926218709,0.47299077733860345,0.5019762845849802,0.5046113306982872,0.4598155467720685,0.463768115942029,0.40974967061923584,0.4769433465085639,0.49538866930171277,0.32806324110671936,0.49538866930171277,0.4650856389986825,0.48353096179183136,0.4993412384716733,0.5177865612648221,0.43346508563899866,0.4308300395256917,0.48221343873517786,0.45718050065876153,0.4598155467720685,0.5322793148880105,0.4519104084321476,0.4598155467720685,0.5296442687747036,0.2845849802371542,0.544137022397892,0.4519104084321476,0.45322793148880103,0.5098814229249012,0.4598155467720685,0.4492753623188406,0.45849802371541504,0.4769433465085639,0.47167325428194995,0.48353096179183136,0.5230566534914362,0.43873517786561267,0.49670619235836627,0.4769433465085639,0.48353096179183136,0.5125164690382081,0.48353096179183136,0.4795783926218709,0.42292490118577075,0.4308300395256917,0.45322793148880103,0.4057971014492754,0.43873517786561267,0.466403162055336,0.45586297760210803,0.40711462450592883,0.4598155467720685,0.5059288537549407,0.47035573122529645,0.4400527009222661,0.4769433465085639,0.5019762845849802,0.4176548089591568,0.45322793148880103,0.463768115942029,0.4782608695652174,0.4901185770750988,0.4453227931488801,0.43741765480895917,0.45849802371541504,0.47167325428194995,0.48353096179183136,0.5217391304347826,0.48221343873517786,0.42028985507246375,0.44664031620553357,0.4440052700922266,0.4492753623188406,0.4440052700922266,0.4914361001317523,0.5006587615283268,0.4479578392621871,0.46772068511198944,0.4769433465085639,0.45718050065876153,0.4453227931488801,0.4400527009222661,0.43346508563899866,0.48221343873517786
0.08	GG2	0.45718050065876153,0.47299077733860345,0.5046113306982872,0.4400527009222661,0.4782608695652174,0.5296442687747036,0.41106719367588934,0.4993412384716733,0.5059288537549407,0.48484848484848486,0.5322793148880105,0.47299077733860345,0.4624505928853755,0.4980237154150198,0.5072463768115942,0.4756258234519104,0.463768115942029,0.4308300395256917,0.48484848484848486,0.461133069828722,0.5019762845849802,0.4782608695652174,0.4281949934123847,0.4453227931488801,0.42424242424242425,0.5059288537549407,0.41238471673254284,0.5204216073781291,0.463768115942029,0.4505928853754941,0.461133069828722,0.45586297760210803,0.4743083003952569,0.5125164690382081,0.5164690382081687,0.40974967061923584,0.47167325428194995,0.48616600790513836,0.43610013175230566,0.5138339920948617,0.5204216073781291,0.5177865612648221,0.4914361001317523,0.42555994729907776,0.4650856389986825,0.49670619235836627,0.4874835309617918,0.4927536231884058,0.4150197628458498,0.466403162055336,0.5164690382081687,0.4321475625823452,0.49407114624505927,0.45718050065876153,0.5335968379446641,0.4440052700922266,0.47299077733860345,0.546772068511199,0.4874835309617918,0.47299077733860345,0.4453227931488801,0.5125164690382081,0.5032938076416338,0.46772068511198944,0.4505928853754941,0.4624505928853755,0.5401844532279315,0.43610013175230566,0.5098814229249012,0.466403162055336,0.4993412384716733,0.47299077733860345,0.5032938076416338,0.45586297760210803,0.5032938076416338,0.4413702239789196,0.4413702239789196,0.5085638998682477,0.5204216073781291,0.4914361001317523,0.5046113306982872,0.5349143610013175,0.4743083003952569,0.4189723320158103,0.5125164690382081,0.47299077733860345,0.4914361001317523,0.43741765480895917,0.4321475625823452,0.42292490118577075,0.4426877470355731,0.4492753623188406,0.42160737812911725,0.5401844532279315,0.5019762845849802,0.4888010540184453,0.41238471673254284,0.45586297760210803,0.45586297760210803,0.5138339920948617,0.5177865612648221,0.4756258234519104,0.4795783926218709,0.49407114624505927,0.4769433465085639,0.4519104084321476,0.48616600790513836,0.5125164690382081,0.4018445322793149,0.463768115942029,0.48353096179183136,0.4914361001317523,0.45322793148880103,0.48089591567852435,0.4914361001317523,0.42292490118577075,0.5375494071146245,0.4598155467720685,0.5072463768115942,0.5059288537549407,0.43346508563899866,0.4914361001317523,0.466403162055336,0.4927536231884058,0.48616600790513836,0.5375494071146245,0.47035573122529645,0.42555994729907776,0.4795783926218709,0.5059288537549407,0.48089591567852435,0.4426877470355731,0.48089591567852435,0.5270092226613966,0.4927536231884058,0.4993412384716733,0.5691699604743083,0.48616600790513836,0.48484848484848486,0.5349143610013175,0.4914361001317523,0.5296442687747036,0.49538866930171277,0.42028985507246375,0.5177865612648221,0.4769433465085639,0.5046113306982872,0.4888010540184453,0.42292490118577075,0.47035573122529645,0.48089591567852435,0.5401844532279315,0.4308300395256917,0.5059288537549407,0.4598155467720685,0.48221343873517786,0.4650856389986825,0.4901185770750988,0.4624505928853755,0.4281949934123847,0.5177865612648221,0.4189723320158103,0.4479578392621871,0.4756258234519104,0.4598155467720685,0.461133069828722,0.4743083003952569,0.42028985507246375,0.5270092226613966,0.4795783926218709,0.42292490118577075,0.466403162055336,0.45322793148880103,0.52832674571805,0.4479578392621871,0.4901185770750988,0.5151515151515151,0.48484848484848486,0.48616600790513836,0.5151515151515151,0.5085638998682477,0.5085638998682477,0.5375494071146245,0.52832674571805,0.5059288537549407,0.5019762845849802,0.5019762845849802,0.4874835309617918,0.45454545454545453,0.45718050065876153,0.5362318840579711,0.5072463768115942,0.48353096179183136,0.4769433465085639,0.4901185770750988,0.4769433465085639,0.5138339920948617,0.5059288537549407,0.463768115942029,0.5032938076416338
0.09	GEE	0.4479578392621871,0.47167325428194995,0.3926218708827404,0.4268774703557312,0.38866930171277997,0.3939393939393939,0.4268774703557312,0.41238471673254284,0.37681159420289856,0.39789196310935443,0.38866930171277997,0.44664031620553357,0.45849802371541504,0.4031620553359684,0.48353096179183136,0.42424242424242425,0.41106719367588934,0.43741765480895917,0.36495388669301715,0.380764163372859,0.4137022397891963,0.43610013175230566,0.45322793148880103,0.43610013175230566,0.4479578392621871,0.4519104084321476,0.4505928853754941,0.39920948616600793,0.44664031620553357,0.4400527009222661,0.4413702239789196,0.41238471673254284,0.45454545454545453,0.3939393939393939,0.43610013175230566,0.4505928853754941,0.4479578392621871,0.4268774703557312,0.391304347826087,0.4519104084321476,0.4005270092226614,0.42028985507246375,0.4176548089591568,0.47299077733860345,0.39789196310935443,0.48089591567852435,0.4281949934123847,0.4519104084321476,0.4624505928853755,0.46903820816864294,0.43478260869565216,0.4018445322793149,0.4176548089591568,0.43346508563899866,0.4268774703557312,0.39920948616600793,0.43873517786561267,0.41106719367588934,0.42160737812911725,0.4281949934123847,0.40843214756258234,0.4505928853754941,0.39920948616600793,0.4268774703557312,0.4321475625823452,0.4137022397891963,0.38866930171277997,0.4440052700922266,0.43741765480895917,0.3939393939393939,0.4413702239789196,0.42028985507246375,0.42292490118577075,0.391304347826087,0.43478260869565216,0.4413702239789196,0.42028985507246375,0.4901185770750988,0.4268774703557312,0.47299077733860345,0.4268774703557312,0.39920948616600793,0.3794466403162055,0.43610013175230566,0.4018445322793149,0.4189723320158103,0.45586297760210803,0.4031620553359684,0.44664031620553357,0.4163372859025033,0.45586297760210803,0.43741765480895917,0.44664031620553357,0.4453227931488801,0.43478260869565216,0.43346508563899866,0.4308300395256917,0.45322793148880103,0.4453227931488801,0.42424242424242425,0.37681159420289856,0.46903820816864294,0.42555994729907776,0.45454545454545453,0.4492753623188406,0.42424242424242425,0.42424242424242425,0.43741765480895917,0.4440052700922266,0.4650856389986825,0.43346508563899866,0.4308300395256917,0.4031620553359684,0.4440052700922266,0.42555994729907776,0.4321475625823452,0.42292490118577075,0.48353096179183136,0.43478260869565216,0.4505928853754941,0.42292490118577075,0.40843214756258234,0.4044795783926219,0.3926218708827404,0.4163372859025033,0.4598155467720685,0.4453227931488801,0.39789196310935443,0.42292490118577075,0.45718050065876153,0.42160737812911725,0.4268774703557312,0.4453227931488801,0.3820816864295125,0.45849802371541504,0.45718050065876153,0.4268774703557312,0.45849802371541504,0.4426877470355731,0.42555994729907776,0.38998682476943347,0.4281949934123847,0.42555994729907776,0.43873517786561267,0.4295125164690382,0.43873517786561267,0.4400527009222661,0.4031620553359684,0.4519104084321476,0.4057971014492754,0.42424242424242425,0.4176548089591568,0.4426877470355731,0.4268774703557312,0.45586297760210803,0.3965744400527009,0.43741765480895917,0.4163372859025033,0.44664031620553357,0.43478260869565216,0.4031620553359684,0.4189723320158103,0.42160737812911725,0.41106719367588934,0.4413702239789196,0.39920948616600793,0.4505928853754941,0.4426877470355731,0.42424242424242425,0.41238471673254284,0.43873517786561267,0.4927536231884058,0.4624505928853755,0.43610013175230566,0.37549407114624506,0.4295125164690382,0.42424242424242425,0.43741765480895917,0.4176548089591568,0.42292490118577075,0.3952569169960474,0.42555994729907776,0.4295125164690382,0.4268774703557312,0.43610013175230566,0.3794466403162055,0.45322793148880103,0.4163372859025033,0.4189723320158103,0.37812911725955206,0.45322793148880103,0.38866930171277997,0.38998682476943347,0.380764163372859,0.40974967061923584,0.38735177865612647,0.4189723320158103,0.4308300395256917,0.43741765480895917,0.4176548089591568
0.09	GNN	0.37549407114624506,0.36231884057971014,0.2621870882740448,0.27009222661396576,0.30039525691699603,0.3346508563899868,0.35046113306982873,0.25559947299077734,0.25428194993412384,0.27931488801054016,0.3201581027667984,0.2898550724637681,0.27931488801054016,0.308300395256917,0.24242424242424243,0.3412384716732543,0.27009222661396576,0.3544137022397892,0.3570487483530962,0.25296442687747034,0.32938076416337286,0.27140974967061926,0.37417654808959155,0.31488801054018445,0.2859025032938076,0.2924901185770751,0.310935441370224,0.28194993412384717,0.32806324110671936,0.3359683794466403,0.24242424242424243,0.3241106719367589,0.2859025032938076,0.4018445322793149,0.23715415019762845,0.35177865612648224,0.29907773386034253,0.3346508563899868,0.31225296442687744,0.3096179183135705,0.33069828722002637,0.3530961791831357,0.2938076416337286,0.2490118577075099,0.3689064558629776,0.35177865612648224,0.36363636363636365,0.3241106719367589,0.3372859025032938,0.27140974967061926,0.2779973649538867,0.26877470355731226,0.30566534914361,0.31752305665349145,0.2779973649538867,0.3254281949934124,0.2503293807641634,0.30171277997364954,0.28063241106719367,0.2727272727272727,0.2924901185770751,0.30039525691699603,0.2779973649538867,0.4005270092226614,0.32806324110671936,0.31752305665349145,0.31620553359683795,0.2964426877470356,0.2924901185770751,0.25559947299077734,0.2898550724637681,0.2635046113306983,0.3662714097496706,0.23583662714097497,0.2924901185770751,0.27931488801054016,0.39789196310935443,0.2859025032938076,0.32674571805006586,0.32674571805006586,0.28326745718050067,0.28326745718050067,0.36495388669301715,0.36100131752305664,0.3583662714097497,0.35177865612648224,0.36100131752305664,0.3715415019762846,0.2635046113306983,0.39789196310935443,0.33069828722002637,0.28326745718050067,0.2595520421607378,0.26745718050065875,0.31488801054018445,0.3689064558629776,0.3359683794466403,0.3188405797101449,0.3412384716732543,0.25691699604743085,0.2608695652173913,0.3096179183135705,0.3438735177865613,0.4044795783926219,0.3333333333333333,0.32938076416337286,0.32938076416337286,0.3227931488801054,0.3214756258234519,0.23583662714097497,0.28326745718050067,0.36100131752305664,0.28326745718050067,0.31488801054018445,0.25296442687747034,0.33069828722002637,0.31752305665349145,0.3333333333333333,0.3386034255599473,0.3689064558629776,0.23847167325428195,0.310935441370224,0.3386034255599473,0.29117259552042163,0.31225296442687744,0.34782608695652173,0.3675889328063241,0.29117259552042163,0.3254281949934124,0.2938076416337286,0.2595520421607378,0.3188405797101449,0.3214756258234519,0.3096179183135705,0.3544137022397892,0.3201581027667984,0.3201581027667984,0.3241106719367589,0.25823451910408435,0.2635046113306983,0.30039525691699603,0.2727272727272727,0.28326745718050067,0.3544137022397892,0.308300395256917,0.31620553359683795,0.30039525691699603,0.36495388669301715,0.30171277997364954,0.2503293807641634,0.31752305665349145,0.2621870882740448,0.31620553359683795,0.33201581027667987,0.2964426877470356,0.2845849802371542,0.32674571805006586,0.3465085638998682,0.30303030303030304,0.2595520421607378,0.33201581027667987,0.25559947299077734,0.2977602108036891,0.21739130434782608,0.31620553359683795,0.2621870882740448,0.2885375494071146,0.2740447957839262,0.2938076416337286,0.3530961791831357,0.25823451910408435,0.31357048748353095,0.3386034255599473,0.2595520421607378,0.3425559947299078,0.33201581027667987,0.2779973649538867,0.3372859025032938,0.29117259552042163,0.3465085638998682,0.2872200263504611,0.25428194993412384,0.3069828722002635,0.30434782608695654,0.3214756258234519,0.33992094861660077,0.2859025032938076,0.2727272727272727,0.3254281949934124,0.29907773386034253,0.2753623188405797,0.32806324110671936,0.2621870882740448,0.3069828722002635,0.3386034255599473,0.3372859025032938,0.2924901185770751,0.30171277997364954,0.26877470355731226,0.34782608695652173
0.09	GG	0.4479578392621871,0.4769433465085639,0.40974967061923584,0.4150197628458498,0.3412384716732543,0.46903820816864294,0.4137022397891963,0.40711462450592883,0.4295125164690382,0.43346508563899866,0.383399209486166,0.42424242424242425,0.48616600790513836,0.4044795783926219,0.48089591567852435,0.43478260869565216,0.4295125164690382,0.4308300395256917,0.4440052700922266,0.42028985507246375,0.3715415019762846,0.4756258234519104,0.41238471673254284,0.4400527009222661,0.39789196310935443,0.3965744400527009,0.36231884057971014,0.4308300395256917,0.391304347826087,0.38998682476943347,0.4440052700922266,0.4492753623188406,0.42555994729907776,0.43610013175230566,0.4598155467720685,0.39920948616600793,0.4150197628458498,0.45849802371541504,0.4057971014492754,0.39789196310935443,0.3939393939393939,0.4044795783926219,0.42555994729907776,0.4769433465085639,0.42424242424242425,0.48484848484848486,0.4440052700922266,0.41106719367588934,0.4492753623188406,0.46903820816864294,0.4018445322793149,0.42028985507246375,0.4176548089591568,0.36363636363636365,0.4505928853754941,0.3557312252964427,0.4769433465085639,0.4308300395256917,0.38603425559947296,0.3794466403162055,0.4268774703557312,0.42555994729907776,0.45322793148880103,0.43873517786561267,0.43478260869565216,0.4400527009222661,0.4189723320158103,0.33992094861660077,0.4295125164690382,0.42424242424242425,0.4281949934123847,0.44664031620553357,0.4598155467720685,0.40974967061923584,0.43741765480895917,0.45586297760210803,0.3965744400527009,0.48353096179183136,0.45849802371541504,0.43478260869565216,0.463768115942029,0.42555994729907776,0.41238471673254284,0.3465085638998682,0.40843214756258234,0.42028985507246375,0.4440052700922266,0.4176548089591568,0.4031620553359684,0.4044795783926219,0.4057971014492754,0.4769433465085639,0.39789196310935443,0.43610013175230566,0.4031620553359684,0.43873517786561267,0.40974967061923584,0.4031620553359684,0.34914361001317523,0.42292490118577075,0.4624505928853755,0.4479578392621871,0.4492753623188406,0.43346508563899866,0.40843214756258234,0.39920948616600793,0.49538866930171277,0.4281949934123847,0.43741765480895917,0.49538866930171277,0.40974967061923584,0.4453227931488801,0.3820816864295125,0.4281949934123847,0.43741765480895917,0.4295125164690382,0.43741765480895917,0.46903820816864294,0.43478260869565216,0.47035573122529645,0.43873517786561267,0.4308300395256917,0.4426877470355731,0.4137022397891963,0.4150197628458498,0.2964426877470356,0.4756258234519104,0.37417654808959155,0.48221343873517786,0.45586297760210803,0.41106719367588934,0.40843214756258234,0.4018445322793149,0.4137022397891963,0.4440052700922266,0.41238471673254284,0.45849802371541504,0.43873517786561267,0.4795783926218709,0.4624505928853755,0.3570487483530962,0.4281949934123847,0.45718050065876153,0.44664031620553357,0.4308300395256917,0.4479578392621871,0.466403162055336,0.38866930171277997,0.4426877470355731,0.4492753623188406,0.4057971014492754,0.46772068511198944,0.47035573122529645,0.42160737812911725,0.4492753623188406,0.4295125164690382,0.45454545454545453,0.4044795783926219,0.4624505928853755,0.4281949934123847,0.38998682476943347,0.4281949934123847,0.4268774703557312,0.40974967061923584,0.42292490118577075,0.4624505928853755,0.4057971014492754,0.4281949934123847,0.47299077733860345,0.43346508563899866,0.47035573122529645,0.4176548089591568,0.463768115942029,0.43346508563899866,0.43873517786561267,0.4756258234519104,0.43873517786561267,0.47299077733860345,0.43478260869565216,0.4308300395256917,0.4150197628458498,0.3847167325428195,0.42292490118577075,0.466403162055336,0.4505928853754941,0.4189723320158103,0.4400527009222661,0.4598155467720685,0.43478260869565216,0.3425559947299078,0.45586297760210803,0.45322793148880103,0.37812911725955206,0.4268774703557312,0.43610013175230566,0.4176548089591568,0.4308300395256917,0.3794466403162055,0.40711462450592883,0.4281949934123847
0.09	GG2	0.40974967061923584,0.47299077733860345,0.41238471673254284,0.466403162055336,0.40711462450592883,0.4308300395256917,0.37285902503293805,0.43478260869565216,0.43478260869565216,0.49407114624505927,0.37549407114624506,0.461133069828722,0.46772068511198944,0.37417654808959155,0.4650856389986825,0.4743083003952569,0.43741765480895917,0.466403162055336,0.43610013175230566,0.45849802371541504,0.4295125164690382,0.4137022397891963,0.466403162055336,0.4426877470355731,0.4295125164690382,0.4795783926218709,0.466403162055336,0.42424242424242425,0.42292490118577075,0.42555994729907776,0.45322793148880103,0.4308300395256917,0.4479578392621871,0.47167325428194995,0.4400527009222661,0.4492753623188406,0.44664031620553357,0.45322793148880103,0.43610013175230566,0.45849802371541504,0.4044795783926219,0.37285902503293805,0.4440052700922266,0.4150197628458498,0.37681159420289856,0.5046113306982872,0.38735177865612647,0.41238471673254284,0.4492753623188406,0.466403162055336,0.4400527009222661,0.4150197628458498,0.4137022397891963,0.4176548089591568,0.47299077733860345,0.45322793148880103,0.47167325428194995,0.45718050065876153,0.42424242424242425,0.5006587615283268,0.31752305665349145,0.43873517786561267,0.4492753623188406,0.43478260869565216,0.4479578392621871,0.45586297760210803,0.4137022397891963,0.4743083003952569,0.4479578392621871,0.43741765480895917,0.43478260869565216,0.47167325428194995,0.46903820816864294,0.42160737812911725,0.4453227931488801,0.463768115942029,0.4176548089591568,0.49538866930171277,0.4519104084321476,0.47167325428194995,0.47167325428194995,0.42028985507246375,0.3425559947299078,0.4308300395256917,0.40711462450592883,0.41238471673254284,0.4492753623188406,0.40843214756258234,0.4650856389986825,0.45322793148880103,0.4650856389986825,0.463768115942029,0.4650856389986825,0.43741765480895917,0.48089591567852435,0.40843214756258234,0.463768115942029,0.4756258234519104,0.4782608695652174,0.4650856389986825,0.42424242424242425,0.4980237154150198,0.4888010540184453,0.42555994729907776,0.45718050065876153,0.39789196310935443,0.47035573122529645,0.45849802371541504,0.4400527009222661,0.5006587615283268,0.45586297760210803,0.4031620553359684,0.3939393939393939,0.4479578392621871,0.45718050065876153,0.43478260869565216,0.463768115942029,0.4743083003952569,0.45454545454545453,0.49670619235836627,0.41238471673254284,0.4479578392621871,0.4413702239789196,0.383399209486166,0.4440052700922266,0.5032938076416338,0.4598155467720685,0.3675889328063241,0.4505928853754941,0.44664031620553357,0.40843214756258234,0.43741765480895917,0.42555994729907776,0.4426877470355731,0.4321475625823452,0.4782608695652174,0.47167325428194995,0.4479578392621871,0.48484848484848486,0.46772068511198944,0.4400527009222661,0.4176548089591568,0.4769433465085639,0.4295125164690382,0.4650856389986825,0.4769433465085639,0.45322793148880103,0.39920948616600793,0.4914361001317523,0.39789196310935443,0.45849802371541504,0.4163372859025033,0.4598155467720685,0.4281949934123847,0.4295125164690382,0.4453227931488801,0.4993412384716733,0.43478260869565216,0.4005270092226614,0.40711462450592883,0.4505928853754941,0.4189723320158103,0.4268774703557312,0.4044795783926219,0.4413702239789196,0.47299077733860345,0.4137022397891963,0.41106719367588934,0.4769433465085639,0.4453227931488801,0.4598155467720685,0.4505928853754941,0.4756258234519104,0.4505928853754941,0.4150197628458498,0.4782608695652174,0.4993412384716733,0.43346508563899866,0.4400527009222661,0.4782608695652174,0.4505928853754941,0.4400527009222661,0.4268774703557312,0.4137022397891963,0.4400527009222661,0.4189723320158103,0.4874835309617918,0.46772068511198944,0.41238471673254284,0.35046113306982873,0.45586297760210803,0.47035573122529645,0.4492753623188406,0.41106719367588934,0.4492753623188406,0.40711462450592883,0.43346508563899866,0.4426877470355731,0.4308300395256917,0.4031620553359684
0.1	GEE	0.3689064558629776,0.3939393939393939,0.38866930171277997,0.4321475625823452,0.34914361001317523,0.33992094861660077,0.3794466403162055,0.4137022397891963,0.40711462450592883,0.4057971014492754,0.3926218708827404,0.4018445322793149,0.38603425559947296,0.3715415019762846,0.383399209486166,0.3715415019762846,0.3939393939393939,0.43610013175230566,0.42555994729907776,0.43346508563899866,0.42292490118577075,0.41106719367588934,0.4308300395256917,0.43741765480895917,0.4018445322793149,0.4413702239789196,0.4163372859025033,0.42160737812911725,0.38998682476943347,0.43346508563899866,0.40843214756258234,0.39789196310935443,0.4624505928853755,0.42424242424242425,0.4308300395256917,0.39789196310935443,0.39920948616600793,0.40711462450592883,0.4057971014492754,0.4281949934123847,0.3544137022397892,0.38735177865612647,0.4137022397891963,0.36363636363636365,0.4018445322793149,0.4018445322793149,0.4295125164690382,0.383399209486166,0.40843214756258234,0.3715415019762846,0.38735177865612647,0.383399209486166,0.41238471673254284,0.4044795783926219,0.391304347826087,0.4492753623188406,0.380764163372859,0.4176548089591568,0.3847167325428195,0.380764163372859,0.37812911725955206,0.37285902503293805,0.4031620553359684,0.43741765480895917,0.4176548089591568,0.4453227931488801,0.40843214756258234,0.4295125164690382,0.4308300395256917,0.4137022397891963,0.38735177865612647,0.3939393939393939,0.39789196310935443,0.4268774703557312,0.4163372859025033,0.4018445322793149,0.4150197628458498,0.40974967061923584,0.4018445322793149,0.38998682476943347,0.4018445322793149,0.43610013175230566,0.41106719367588934,0.39789196310935443,0.4492753623188406,0.3662714097496706,0.42292490118577075,0.38603425559947296,0.3794466403162055,0.40843214756258234,0.38998682476943347,0.3675889328063241,0.45322793148880103,0.4005270092226614,0.3847167325428195,0.40974967061923584,0.4281949934123847,0.42028985507246375,0.33069828722002637,0.3794466403162055,0.38998682476943347,0.38866930171277997,0.4426877470355731,0.3820816864295125,0.4150197628458498,0.4005270092226614,0.3965744400527009,0.40711462450592883,0.43741765480895917,0.4031620553359684,0.40974967061923584,0.42028985507246375,0.39789196310935443,0.42555994729907776,0.33069828722002637,0.38866930171277997,0.36231884057971014,0.4321475625823452,0.3965744400527009,0.3425559947299078,0.4176548089591568,0.4624505928853755,0.3794466403162055,0.3952569169960474,0.4281949934123847,0.37417654808959155,0.40974967061923584,0.40843214756258234,0.42028985507246375,0.37417654808959155,0.4163372859025033,0.4150197628458498,0.42292490118577075,0.3662714097496706,0.40711462450592883,0.461133069828722,0.3689064558629776,0.4018445322793149,0.3952569169960474,0.4426877470355731,0.36495388669301715,0.3715415019762846,0.4281949934123847,0.37417654808959155,0.4044795783926219,0.4137022397891963,0.4426877470355731,0.4505928853754941,0.4005270092226614,0.4492753623188406,0.4176548089591568,0.4150197628458498,0.40974967061923584,0.33992094861660077,0.43610013175230566,0.37285902503293805,0.4492753623188406,0.36495388669301715,0.3952569169960474,0.3939393939393939,0.3557312252964427,0.39920948616600793,0.3847167325428195,0.3715415019762846,0.42028985507246375,0.4413702239789196,0.3847167325428195,0.4137022397891963,0.4268774703557312,0.3952569169960474,0.3926218708827404,0.42424242424242425,0.4295125164690382,0.3847167325428195,0.36100131752305664,0.4268774703557312,0.42028985507246375,0.39920948616600793,0.3702239789196311,0.42292490118577075,0.42160737812911725,0.4505928853754941,0.39789196310935443,0.40843214756258234,0.3926218708827404,0.4018445322793149,0.42424242424242425,0.3965744400527009,0.4137022397891963,0.4189723320158103,0.4492753623188406,0.37417654808959155,0.38603425559947296,0.45322793148880103,0.3965744400527009,0.45322793148880103,0.466403162055336,0.4505928853754941,0.42424242424242425,0.4044795783926219
0.1	GNN	0.3530961791831357,0.36100131752305664,0.2845849802371542,0.2503293807641634,0.3227931488801054,0.26613965744400525,0.30434782608695654,0.2779973649538867,0.2845849802371542,0.25823451910408435,0.308300395256917,0.2977602108036891,0.30566534914361,0.3333333333333333,0.2635046113306983,0.3346508563899868,0.2951251646903821,0.31620553359683795,0.34914361001317523,0.28194993412384717,0.31620553359683795,0.27140974967061926,0.3214756258234519,0.31225296442687744,0.2648221343873518,0.26745718050065875,0.26877470355731226,0.3069828722002635,0.3201581027667984,0.32674571805006586,0.2753623188405797,0.310935441370224,0.2635046113306983,0.37681159420289856,0.30566534914361,0.2977602108036891,0.26877470355731226,0.3583662714097497,0.2951251646903821,0.2845849802371542,0.2859025032938076,0.3438735177865613,0.2766798418972332,0.28063241106719367,0.3333333333333333,0.31357048748353095,0.3333333333333333,0.29907773386034253,0.30171277997364954,0.2898550724637681,0.23451910408432147,0.2753623188405797,0.31357048748353095,0.3254281949934124,0.2977602108036891,0.3188405797101449,0.25823451910408435,0.2924901185770751,0.2727272727272727,0.31620553359683795,0.2964426877470356,0.32938076416337286,0.26613965744400525,0.36363636363636365,0.2951251646903821,0.30566534914361,0.30434782608695654,0.2951251646903821,0.2938076416337286,0.2859025032938076,0.3069828722002635,0.32806324110671936,0.3386034255599473,0.23847167325428195,0.30039525691699603,0.2753623188405797,0.3570487483530962,0.27140974967061926,0.31488801054018445,0.3241106719367589,0.30171277997364954,0.31357048748353095,0.30039525691699603,0.3227931488801054,0.27931488801054016,0.26877470355731226,0.34782608695652173,0.36100131752305664,0.2859025032938076,0.37285902503293805,0.2964426877470356,0.24242424242424243,0.26613965744400525,0.3188405797101449,0.3069828722002635,0.3346508563899868,0.3096179183135705,0.2938076416337286,0.30566534914361,0.31752305665349145,0.25691699604743085,0.2635046113306983,0.28063241106719367,0.3333333333333333,0.3662714097496706,0.31752305665349145,0.3451910408432148,0.28063241106719367,0.3214756258234519,0.27931488801054016,0.26877470355731226,0.2885375494071146,0.30039525691699603,0.31620553359683795,0.2766798418972332,0.3241106719367589,0.2898550724637681,0.33201581027667987,0.30434782608695654,0.3188405797101449,0.28194993412384717,0.308300395256917,0.31752305665349145,0.3069828722002635,0.2951251646903821,0.37285902503293805,0.31225296442687744,0.29117259552042163,0.2938076416337286,0.30303030303030304,0.2753623188405797,0.3254281949934124,0.2845849802371542,0.2766798418972332,0.31225296442687744,0.2648221343873518,0.28063241106719367,0.30303030303030304,0.27140974967061926,0.233201581027668,0.28326745718050067,0.308300395256917,0.2924901185770751,0.33992094861660077,0.2872200263504611,0.27931488801054016,0.2872200263504611,0.3438735177865613,0.308300395256917,0.2635046113306983,0.31357048748353095,0.27931488801054016,0.29907773386034253,0.3214756258234519,0.28326745718050067,0.25296442687747034,0.3214756258234519,0.2845849802371542,0.2951251646903821,0.24242424242424243,0.3096179183135705,0.2859025032938076,0.30039525691699603,0.2635046113306983,0.36363636363636365,0.27931488801054016,0.30566534914361,0.2766798418972332,0.30303030303030304,0.3069828722002635,0.29117259552042163,0.3346508563899868,0.3214756258234519,0.27009222661396576,0.31752305665349145,0.33992094861660077,0.26745718050065875,0.3254281949934124,0.3227931488801054,0.36363636363636365,0.25823451910408435,0.23847167325428195,0.3254281949934124,0.2898550724637681,0.2859025032938076,0.2977602108036891,0.2779973649538867,0.30434782608695654,0.2595520421607378,0.2845849802371542,0.24769433465085638,0.2951251646903821,0.2766798418972332,0.3069828722002635,0.30566534914361,0.32806324110671936,0.2621870882740448,0.2595520421607378,0.2951251646903821,0.31357048748353095
0.1	GG	0.33992094861660077,0.42555994729907776,0.45322793148880103,0.4176548089591568,0.36363636363636365,0.38998682476943347,0.38603425559947296,0.42028985507246375,0.4031620553359684,0.4189723320158103,0.42160737812911725,0.4295125164690382,0.45454545454545453,0.40974967061923584,0.4031620553359684,0.3425559947299078,0.4057971014492754,0.43610013175230566,0.4426877470355731,0.42160737812911725,0.4057971014492754,0.42292490118577075,0.38998682476943347,0.4018445322793149,0.40711462450592883,0.3530961791831357,0.42028985507246375,0.4413702239789196,0.3715415019762846,0.48221343873517786,0.43610013175230566,0.4295125164690382,0.380764163372859,0.45454545454545453,0.4413702239789196,0.3689064558629776,0.40711462450592883,0.47299077733860345,0.38603425559947296,0.4426877470355731,0.3675889328063241,0.41106719367588934,0.4268774703557312,0.37417654808959155,0.4440052700922266,0.3715415019762846,0.43873517786561267,0.4308300395256917,0.4150197628458498,0.40974967061923584,0.43346508563899866,0.39920948616600793,0.44664031620553357,0.35046113306982873,0.42555994729907776,0.38998682476943347,0.41106719367588934,0.41106719367588934,0.38998682476943347,0.3188405797101449,0.4031620553359684,0.41106719367588934,0.3847167325428195,0.4163372859025033,0.4137022397891963,0.4519104084321476,0.3583662714097497,0.4018445322793149,0.3715415019762846,0.37285902503293805,0.4189723320158103,0.4650856389986825,0.4400527009222661,0.4492753623188406,0.45322793148880103,0.3675889328063241,0.39920948616600793,0.42292490118577075,0.4505928853754941,0.4044795783926219,0.47035573122529645,0.4440052700922266,0.380764163372859,0.38866930171277997,0.4650856389986825,0.3715415019762846,0.3820816864295125,0.3952569169960474,0.3675889328063241,0.391304347826087,0.4005270092226614,0.37812911725955206,0.39920948616600793,0.43610013175230566,0.3820816864295125,0.3794466403162055,0.391304347826087,0.3715415019762846,0.3188405797101449,0.4426877470355731,0.4189723320158103,0.3544137022397892,0.4400527009222661,0.4176548089591568,0.38603425559947296,0.36231884057971014,0.41106719367588934,0.4519104084321476,0.3939393939393939,0.45849802371541504,0.3939393939393939,0.4400527009222661,0.4137022397891963,0.4321475625823452,0.3702239789196311,0.3939393939393939,0.41106719367588934,0.4519104084321476,0.4163372859025033,0.43610013175230566,0.42292490118577075,0.45718050065876153,0.4150197628458498,0.38866930171277997,0.391304347826087,0.4137022397891963,0.43346508563899866,0.4505928853754941,0.44664031620553357,0.36231884057971014,0.4150197628458498,0.3662714097496706,0.4031620553359684,0.4163372859025033,0.3412384716732543,0.3702239789196311,0.3820816864295125,0.40974967061923584,0.43346508563899866,0.42555994729907776,0.30039525691699603,0.3794466403162055,0.4163372859025033,0.3675889328063241,0.42028985507246375,0.391304347826087,0.4598155467720685,0.4044795783926219,0.39789196310935443,0.4295125164690382,0.42028985507246375,0.45322793148880103,0.4057971014492754,0.3847167325428195,0.4176548089591568,0.42424242424242425,0.461133069828722,0.3820816864295125,0.37812911725955206,0.4321475625823452,0.32674571805006586,0.4018445322793149,0.4044795783926219,0.4295125164690382,0.4137022397891963,0.45849802371541504,0.42160737812911725,0.40974967061923584,0.4176548089591568,0.3926218708827404,0.39920948616600793,0.4505928853754941,0.4769433465085639,0.34782608695652173,0.39920948616600793,0.43346508563899866,0.4268774703557312,0.3926218708827404,0.4031620553359684,0.4321475625823452,0.38735177865612647,0.4031620553359684,0.38735177865612647,0.43346508563899866,0.3939393939393939,0.4150197628458498,0.4044795783926219,0.36231884057971014,0.4057971014492754,0.3069828722002635,0.44664031620553357,0.4150197628458498,0.3530961791831357,0.4479578392621871,0.47299077733860345,0.4598155467720685,0.3847167325428195,0.3227931488801054,0.39920948616600793,0.4176548089591568
0.1	GG2	0.39789196310935443,0.43741765480895917,0.46772068511198944,0.43346508563899866,0.3794466403162055,0.383399209486166,0.34914361001317523,0.4426877470355731,0.463768115942029,0.42555994729907776,0.4018445322793149,0.3820816864295125,0.4005270092226614,0.4281949934123847,0.4057971014492754,0.4189723320158103,0.3939393939393939,0.43873517786561267,0.3794466403162055,0.4400527009222661,0.4888010540184453,0.4018445322793149,0.45454545454545453,0.41238471673254284,0.40974967061923584,0.42292490118577075,0.42292490118577075,0.45718050065876153,0.35968379446640314,0.4624505928853755,0.41238471673254284,0.4057971014492754,0.380764163372859,0.40711462450592883,0.4598155467720685,0.39789196310935443,0.44664031620553357,0.4519104084321476,0.4018445322793149,0.40711462450592883,0.3965744400527009,0.4031620553359684,0.41106719367588934,0.34914361001317523,0.4281949934123847,0.39789196310935443,0.44664031620553357,0.39920948616600793,0.43741765480895917,0.3952569169960474,0.4308300395256917,0.33201581027667987,0.4268774703557312,0.38866930171277997,0.43346508563899866,0.4308300395256917,0.43610013175230566,0.4440052700922266,0.3715415019762846,0.4057971014492754,0.3794466403162055,0.4031620553359684,0.42160737812911725,0.46772068511198944,0.42028985507246375,0.4927536231884058,0.4268774703557312,0.38735177865612647,0.42292490118577075,0.40711462450592883,0.3926218708827404,0.38998682476943347,0.4519104084321476,0.4150197628458498,0.4176548089591568,0.4005270092226614,0.4163372859025033,0.4295125164690382,0.42160737812911725,0.37681159420289856,0.4163372859025033,0.4295125164690382,0.4400527009222661,0.42555994729907776,0.43741765480895917,0.3675889328063241,0.44664031620553357,0.38866930171277997,0.36100131752305664,0.4176548089591568,0.4308300395256917,0.38998682476943347,0.45718050065876153,0.4189723320158103,0.42555994729907776,0.4031620553359684,0.40974967061923584,0.44664031620553357,0.34914361001317523,0.43346508563899866,0.4295125164690382,0.40843214756258234,0.4598155467720685,0.42292490118577075,0.46772068511198944,0.37417654808959155,0.43873517786561267,0.45849802371541504,0.41106719367588934,0.43741765480895917,0.4005270092226614,0.37812911725955206,0.42160737812911725,0.4163372859025033,0.383399209486166,0.35177865612648224,0.4624505928853755,0.4413702239789196,0.45718050065876153,0.33992094861660077,0.42160737812911725,0.4163372859025033,0.38735177865612647,0.37549407114624506,0.4479578392621871,0.38866930171277997,0.4189723320158103,0.4176548089591568,0.42292490118577075,0.4137022397891963,0.43741765480895917,0.4163372859025033,0.39920948616600793,0.4150197628458498,0.43741765480895917,0.42292490118577075,0.4018445322793149,0.43873517786561267,0.4005270092226614,0.47035573122529645,0.42292490118577075,0.3952569169960474,0.4426877470355731,0.32806324110671936,0.4413702239789196,0.4426877470355731,0.4057971014492754,0.42292490118577075,0.3965744400527009,0.43610013175230566,0.42292490118577075,0.45849802371541504,0.4057971014492754,0.3465085638998682,0.41238471673254284,0.4176548089591568,0.47035573122529645,0.40974967061923584,0.38866930171277997,0.42555994729907776,0.3939393939393939,0.4163372859025033,0.37417654808959155,0.3675889328063241,0.42028985507246375,0.45849802371541504,0.4137022397891963,0.41106719367588934,0.4295125164690382,0.39789196310935443,0.37549407114624506,0.4321475625823452,0.4189723320158103,0.4268774703557312,0.35177865612648224,0.37285902503293805,0.46772068511198944,0.41238471673254284,0.42028985507246375,0.4005270092226614,0.43873517786561267,0.4321475625823452,0.40711462450592883,0.40843214756258234,0.3702239789196311,0.4018445322793149,0.466403162055336,0.4018445322793149,0.43873517786561267,0.45849802371541504,0.48221343873517786,0.46903820816864294,0.41238471673254284,0.4650856389986825,0.4308300395256917,0.47299077733860345,0.48353096179183136,0.40974967061923584,0.43346508563899866,0.4163372859025033
0.11	GEE	0.3702239789196311,0.42555994729907776,0.41238471673254284,0.35177865612648224,0.37549407114624506,0.36495388669301715,0.39920948616600793,0.3715415019762846,0.38603425559947296,0.3386034255599473,0.3662714097496706,0.4057971014492754,0.33992094861660077,0.3254281949934124,0.37812911725955206,0.37812911725955206,0.35968379446640314,0.3820816864295125,0.3425559947299078,0.3675889328063241,0.383399209486166,0.380764163372859,0.3702239789196311,0.3662714097496706,0.37812911725955206,0.3715415019762846,0.4057971014492754,0.3820816864295125,0.3820816864295125,0.3939393939393939,0.36495388669301715,0.3820816864295125,0.3201581027667984,0.38998682476943347,0.4057971014492754,0.3715415019762846,0.380764163372859,0.3715415019762846,0.3715415019762846,0.383399209486166,0.3675889328063241,0.3372859025032938,0.32674571805006586,0.34914361001317523,0.3386034255599473,0.35046113306982873,0.3675889328063241,0.4295125164690382,0.3662714097496706,0.4031620553359684,0.4057971014492754,0.3544137022397892,0.3214756258234519,0.3702239789196311,0.36100131752305664,0.36231884057971014,0.34914361001317523,0.3662714097496706,0.3465085638998682,0.3241106719367589,0.37812911725955206,0.39789196310935443,0.37285902503293805,0.35968379446640314,0.3372859025032938,0.3544137022397892,0.3662714097496706,0.3359683794466403,0.37812911725955206,0.37681159420289856,0.3465085638998682,0.3412384716732543,0.4031620553359684,0.3702239789196311,0.38998682476943347,0.3847167325428195,0.35046113306982873,0.3847167325428195,0.3372859025032938,0.37681159420289856,0.3702239789196311,0.37417654808959155,0.35046113306982873,0.37549407114624506,0.3939393939393939,0.3425559947299078,0.3557312252964427,0.3214756258234519,0.38866930171277997,0.35968379446640314,0.40843214756258234,0.3702239789196311,0.3965744400527009,0.383399209486166,0.37417654808959155,0.3662714097496706,0.35177865612648224,0.37549407114624506,0.34782608695652173,0.3372859025032938,0.37417654808959155,0.36231884057971014,0.3675889328063241,0.3965744400527009,0.4044795783926219,0.3557312252964427,0.3926218708827404,0.3372859025032938,0.3570487483530962,0.35046113306982873,0.30303030303030304,0.3820816864295125,0.35968379446640314,0.3675889328063241,0.38603425559947296,0.32674571805006586,0.32674571805006586,0.3675889328063241,0.3689064558629776,0.3438735177865613,0.4018445322793149,0.3702239789196311,0.380764163372859,0.3965744400527009,0.3451910408432148,0.38735177865612647,0.3702239789196311,0.37812911725955206,0.3583662714097497,0.36231884057971014,0.3689064558629776,0.38603425559947296,0.4150197628458498,0.36100131752305664,0.3794466403162055,0.36363636363636365,0.3675889328063241,0.3965744400527009,0.3794466403162055,0.383399209486166,0.3557312252964427,0.3794466403162055,0.3662714097496706,0.37812911725955206,0.3557312252964427,0.3794466403162055,0.4044795783926219,0.37681159420289856,0.3820816864295125,0.36231884057971014,0.3847167325428195,0.4163372859025033,0.45849802371541504,0.35968379446640314,0.41106719367588934,0.36100131752305664,0.3939393939393939,0.3386034255599473,0.3794466403162055,0.3689064558629776,0.4057971014492754,0.41106719367588934,0.3675889328063241,0.36495388669301715,0.37681159420289856,0.3359683794466403,0.34914361001317523,0.3715415019762846,0.3583662714097497,0.34782608695652173,0.3544137022397892,0.36100131752305664,0.4044795783926219,0.36231884057971014,0.3583662714097497,0.4031620553359684,0.4018445322793149,0.4057971014492754,0.3794466403162055,0.37285902503293805,0.3530961791831357,0.3820816864295125,0.4150197628458498,0.42160737812911725,0.4005270092226614,0.34782608695652173,0.37417654808959155,0.35046113306982873,0.383399209486166,0.3689064558629776,0.3333333333333333,0.35177865612648224,0.3465085638998682,0.33992094861660077,0.383399209486166,0.36231884057971014,0.40711462450592883,0.4044795783926219,0.3794466403162055,0.4044795783926219
0.11	GNN	0.36363636363636365,0.3583662714097497,0.30039525691699603,0.25691699604743085,0.32806324110671936,0.28194993412384717,0.30303030303030304,0.23847167325428195,0.26613965744400525,0.2608695652173913,0.33069828722002637,0.2648221343873518,0.27009222661396576,0.2898550724637681,0.2503293807641634,0.3188405797101449,0.28063241106719367,0.308300395256917,0.35177865612648224,0.2845849802371542,0.3096179183135705,0.28063241106719367,0.3201581027667984,0.28326745718050067,0.2621870882740448,0.28194993412384717,0.31752305665349145,0.29907773386034253,0.2845849802371542,0.30171277997364954,0.24242424242424243,0.2727272727272727,0.2318840579710145,0.37285902503293805,0.2437417654808959,0.3372859025032938,0.28326745718050067,0.32938076416337286,0.310935441370224,0.2924901185770751,0.3201581027667984,0.3333333333333333,0.2859025032938076,0.24769433465085638,0.30566534914361,0.30171277997364954,0.3333333333333333,0.3227931488801054,0.31620553359683795,0.2924901185770751,0.2753623188405797,0.2779973649538867,0.3386034255599473,0.27009222661396576,0.308300395256917,0.3227931488801054,0.2318840579710145,0.30434782608695654,0.27140974967061926,0.2938076416337286,0.2924901185770751,0.32938076416337286,0.2595520421607378,0.2924901185770751,0.27931488801054016,0.29117259552042163,0.3214756258234519,0.31488801054018445,0.3069828722002635,0.308300395256917,0.2938076416337286,0.2964426877470356,0.31620553359683795,0.2924901185770751,0.2885375494071146,0.26745718050065875,0.35046113306982873,0.2621870882740448,0.29907773386034253,0.3096179183135705,0.27009222661396576,0.25823451910408435,0.2740447957839262,0.3386034255599473,0.31357048748353095,0.25823451910408435,0.36363636363636365,0.32938076416337286,0.2951251646903821,0.3689064558629776,0.3188405797101449,0.31752305665349145,0.2621870882740448,0.2951251646903821,0.2938076416337286,0.308300395256917,0.2885375494071146,0.2951251646903821,0.3227931488801054,0.25428194993412384,0.2608695652173913,0.2753623188405797,0.2924901185770751,0.3386034255599473,0.35177865612648224,0.31752305665349145,0.3227931488801054,0.2648221343873518,0.2845849802371542,0.2766798418972332,0.3069828722002635,0.2885375494071146,0.30303030303030304,0.32674571805006586,0.26877470355731226,0.3069828722002635,0.2964426877470356,0.308300395256917,0.2885375494071146,0.3451910408432148,0.24769433465085638,0.2608695652173913,0.2872200263504611,0.2727272727272727,0.26877470355731226,0.3662714097496706,0.30039525691699603,0.2872200263504611,0.32938076416337286,0.2977602108036891,0.25559947299077734,0.31225296442687744,0.2872200263504611,0.2648221343873518,0.2635046113306983,0.27931488801054016,0.2872200263504611,0.2938076416337286,0.2463768115942029,0.2635046113306983,0.2964426877470356,0.25823451910408435,0.30171277997364954,0.3359683794466403,0.28194993412384717,0.2885375494071146,0.2595520421607378,0.3188405797101449,0.32938076416337286,0.2608695652173913,0.30039525691699603,0.2608695652173913,0.2753623188405797,0.31357048748353095,0.29117259552042163,0.2779973649538867,0.25691699604743085,0.30303030303030304,0.30171277997364954,0.2595520421607378,0.32674571805006586,0.2938076416337286,0.31225296442687744,0.2437417654808959,0.308300395256917,0.2779973649538867,0.2872200263504611,0.2964426877470356,0.31488801054018445,0.31488801054018445,0.2608695652173913,0.30566534914361,0.35177865612648224,0.2740447957839262,0.308300395256917,0.2885375494071146,0.2766798418972332,0.33201581027667987,0.30434782608695654,0.3544137022397892,0.2845849802371542,0.22793148880105402,0.33069828722002637,0.2872200263504611,0.30434782608695654,0.24769433465085638,0.29117259552042163,0.31225296442687744,0.2766798418972332,0.2727272727272727,0.2595520421607378,0.31752305665349145,0.2872200263504611,0.3372859025032938,0.28063241106719367,0.31225296442687744,0.25691699604743085,0.2964426877470356,0.2648221343873518,0.3254281949934124
0.11	GG	0.32938076416337286,0.4426877470355731,0.4005270092226614,0.32938076416337286,0.33201581027667987,0.40843214756258234,0.4150197628458498,0.3820816864295125,0.3926218708827404,0.38735177865612647,0.3425559947299078,0.35046113306982873,0.37812911725955206,0.34914361001317523,0.38735177865612647,0.3570487483530962,0.37285902503293805,0.37549407114624506,0.3965744400527009,0.36363636363636365,0.383399209486166,0.39789196310935443,0.36495388669301715,0.37812911725955206,0.3465085638998682,0.3847167325428195,0.25296442687747034,0.3952569169960474,0.3583662714097497,0.383399209486166,0.4281949934123847,0.37549407114624506,0.2938076416337286,0.4163372859025033,0.4150197628458498,0.38735177865612647,0.3820816864295125,0.39789196310935443,0.3333333333333333,0.3926218708827404,0.36231884057971014,0.35046113306982873,0.3530961791831357,0.3820816864295125,0.36363636363636365,0.36100131752305664,0.36100131752305664,0.41238471673254284,0.3715415019762846,0.37681159420289856,0.42292490118577075,0.3965744400527009,0.3544137022397892,0.3069828722002635,0.42555994729907776,0.3570487483530962,0.37417654808959155,0.4163372859025033,0.35968379446640314,0.36363636363636365,0.3451910408432148,0.4492753623188406,0.35046113306982873,0.33201581027667987,0.391304347826087,0.3939393939393939,0.3530961791831357,0.3465085638998682,0.3794466403162055,0.3346508563899868,0.39789196310935443,0.35046113306982873,0.391304347826087,0.3926218708827404,0.37812911725955206,0.3926218708827404,0.3662714097496706,0.38735177865612647,0.3926218708827404,0.3689064558629776,0.4281949934123847,0.3939393939393939,0.3438735177865613,0.2951251646903821,0.3570487483530962,0.3583662714097497,0.3201581027667984,0.37549407114624506,0.3820816864295125,0.3201581027667984,0.308300395256917,0.3544137022397892,0.35968379446640314,0.4057971014492754,0.37417654808959155,0.3544137022397892,0.4018445322793149,0.3530961791831357,0.310935441370224,0.42160737812911725,0.37549407114624506,0.310935441370224,0.36100131752305664,0.42028985507246375,0.4044795783926219,0.35046113306982873,0.42555994729907776,0.37549407114624506,0.3847167325428195,0.37549407114624506,0.3557312252964427,0.42292490118577075,0.3662714097496706,0.4031620553359684,0.37549407114624506,0.33201581027667987,0.3412384716732543,0.42160737812911725,0.3530961791831357,0.4308300395256917,0.3820816864295125,0.41106719367588934,0.3702239789196311,0.4137022397891963,0.37285902503293805,0.2753623188405797,0.4005270092226614,0.3530961791831357,0.3926218708827404,0.32938076416337286,0.3702239789196311,0.3702239789196311,0.3702239789196311,0.34782608695652173,0.27140974967061926,0.36100131752305664,0.38998682476943347,0.3662714097496706,0.40974967061923584,0.3702239789196311,0.22134387351778656,0.43346508563899866,0.37812911725955206,0.39789196310935443,0.36363636363636365,0.3544137022397892,0.39789196310935443,0.310935441370224,0.3702239789196311,0.35177865612648224,0.3583662714097497,0.42292490118577075,0.43873517786561267,0.3939393939393939,0.42424242424242425,0.4018445322793149,0.4268774703557312,0.4018445322793149,0.3939393939393939,0.38866930171277997,0.3570487483530962,0.4268774703557312,0.3425559947299078,0.3544137022397892,0.40974967061923584,0.3952569169960474,0.3662714097496706,0.40843214756258234,0.37417654808959155,0.37812911725955206,0.3847167325428195,0.34782608695652173,0.40974967061923584,0.3372859025032938,0.37549407114624506,0.39789196310935443,0.37417654808959155,0.4453227931488801,0.391304347826087,0.3847167325428195,0.2964426877470356,0.3465085638998682,0.4176548089591568,0.4295125164690382,0.39920948616600793,0.39789196310935443,0.35046113306982873,0.3583662714097497,0.3952569169960474,0.31488801054018445,0.3557312252964427,0.3820816864295125,0.36231884057971014,0.32806324110671936,0.41106719367588934,0.4018445322793149,0.37549407114624506,0.3939393939393939,0.33992094861660077,0.4057971014492754
0.11	GG2	0.37812911725955206,0.43741765480895917,0.4018445322793149,0.3544137022397892,0.36363636363636365,0.3939393939393939,0.3372859025032938,0.3254281949934124,0.3794466403162055,0.4031620553359684,0.37549407114624506,0.37681159420289856,0.3847167325428195,0.3201581027667984,0.39789196310935443,0.4176548089591568,0.40974967061923584,0.4005270092226614,0.380764163372859,0.383399209486166,0.40843214756258234,0.42028985507246375,0.32674571805006586,0.380764163372859,0.3820816864295125,0.4321475625823452,0.3689064558629776,0.3965744400527009,0.3952569169960474,0.40711462450592883,0.3794466403162055,0.35177865612648224,0.2766798418972332,0.42555994729907776,0.3926218708827404,0.3583662714097497,0.37417654808959155,0.4189723320158103,0.3544137022397892,0.4598155467720685,0.383399209486166,0.3241106719367589,0.4057971014492754,0.3926218708827404,0.391304347826087,0.33069828722002637,0.4163372859025033,0.41106719367588934,0.3557312252964427,0.37812911725955206,0.391304347826087,0.29907773386034253,0.37417654808959155,0.42424242424242425,0.4176548089591568,0.36495388669301715,0.380764163372859,0.3926218708827404,0.3794466403162055,0.34782608695652173,0.36363636363636365,0.40711462450592883,0.3820816864295125,0.41238471673254284,0.39789196310935443,0.36363636363636365,0.42160737812911725,0.35177865612648224,0.3662714097496706,0.3702239789196311,0.380764163372859,0.3386034255599473,0.4057971014492754,0.37681159420289856,0.36363636363636365,0.3386034255599473,0.380764163372859,0.4281949934123847,0.42028985507246375,0.383399209486166,0.4321475625823452,0.3965744400527009,0.3662714097496706,0.3965744400527009,0.38735177865612647,0.35968379446640314,0.38998682476943347,0.32806324110671936,0.34782608695652173,0.2977602108036891,0.3939393939393939,0.4005270092226614,0.391304347826087,0.3939393939393939,0.38735177865612647,0.3386034255599473,0.3254281949934124,0.3965744400527009,0.35177865612648224,0.383399209486166,0.3939393939393939,0.37417654808959155,0.35177865612648224,0.42292490118577075,0.4057971014492754,0.36363636363636365,0.40711462450592883,0.3583662714097497,0.3214756258234519,0.3689064558629776,0.33992094861660077,0.42292490118577075,0.38998682476943347,0.3952569169960474,0.3820816864295125,0.34914361001317523,0.38998682476943347,0.39920948616600793,0.4189723320158103,0.37549407114624506,0.36100131752305664,0.4281949934123847,0.4044795783926219,0.42160737812911725,0.41106719367588934,0.42292490118577075,0.4137022397891963,0.3662714097496706,0.37285902503293805,0.38866930171277997,0.40974967061923584,0.3583662714097497,0.4295125164690382,0.35177865612648224,0.37549407114624506,0.36363636363636365,0.40843214756258234,0.42160737812911725,0.380764163372859,0.42292490118577075,0.3926218708827404,0.4137022397891963,0.4031620553359684,0.4018445322793149,0.38998682476943347,0.33992094861660077,0.3570487483530962,0.3583662714097497,0.37681159420289856,0.3675889328063241,0.37285902503293805,0.38998682476943347,0.4163372859025033,0.3675889328063241,0.4281949934123847,0.4137022397891963,0.38603425559947296,0.391304347826087,0.4150197628458498,0.3662714097496706,0.43741765480895917,0.380764163372859,0.35968379446640314,0.3557312252964427,0.3965744400527009,0.3583662714097497,0.3939393939393939,0.39920948616600793,0.38866930171277997,0.36363636363636365,0.3794466403162055,0.380764163372859,0.36363636363636365,0.3675889328063241,0.37681159420289856,0.4031620553359684,0.37812911725955206,0.40843214756258234,0.4150197628458498,0.39789196310935443,0.3965744400527009,0.3926218708827404,0.42555994729907776,0.4044795783926219,0.461133069828722,0.4044795783926219,0.4150197628458498,0.3583662714097497,0.37417654808959155,0.3939393939393939,0.3438735177865613,0.3702239789196311,0.35968379446640314,0.3412384716732543,0.39920948616600793,0.38998682476943347,0.4044795783926219,0.4057971014492754,0.3570487483530962,0.4176548089591568
0.12	GEE	0.3570487483530962,0.383399209486166,0.3241106719367589,0.34782608695652173,0.30039525691699603,0.35046113306982873,0.31620553359683795,0.33992094861660077,0.3359683794466403,0.33069828722002637,0.32938076416337286,0.35968379446640314,0.3570487483530962,0.41106719367588934,0.36100131752305664,0.34914361001317523,0.3201581027667984,0.3675889328063241,0.36100131752305664,0.3465085638998682,0.38866930171277997,0.32674571805006586,0.3715415019762846,0.3386034255599473,0.3438735177865613,0.32938076416337286,0.3583662714097497,0.3227931488801054,0.36100131752305664,0.3544137022397892,0.34914361001317523,0.35968379446640314,0.3847167325428195,0.3583662714097497,0.33992094861660077,0.3333333333333333,0.3227931488801054,0.37681159420289856,0.3425559947299078,0.3557312252964427,0.3820816864295125,0.3965744400527009,0.310935441370224,0.36495388669301715,0.3096179183135705,0.3952569169960474,0.3359683794466403,0.35177865612648224,0.3425559947299078,0.33201581027667987,0.31752305665349145,0.310935441370224,0.36363636363636365,0.36100131752305664,0.37285902503293805,0.3939393939393939,0.37549407114624506,0.4031620553359684,0.36363636363636365,0.37812911725955206,0.2924901185770751,0.30566534914361,0.33069828722002637,0.35968379446640314,0.3254281949934124,0.31225296442687744,0.33992094861660077,0.34914361001317523,0.2964426877470356,0.37417654808959155,0.38735177865612647,0.3451910408432148,0.3438735177865613,0.3425559947299078,0.36495388669301715,0.38603425559947296,0.36363636363636365,0.37285902503293805,0.3214756258234519,0.33069828722002637,0.3346508563899868,0.3425559947299078,0.37812911725955206,0.3570487483530962,0.3702239789196311,0.36100131752305664,0.3583662714097497,0.3346508563899868,0.33201581027667987,0.3346508563899868,0.33069828722002637,0.32938076416337286,0.39920948616600793,0.36231884057971014,0.4057971014492754,0.380764163372859,0.31620553359683795,0.30303030303030304,0.30171277997364954,0.3847167325428195,0.3702239789196311,0.3386034255599473,0.32674571805006586,0.32806324110671936,0.38603425559947296,0.3333333333333333,0.3372859025032938,0.33992094861660077,0.35177865612648224,0.3214756258234519,0.3214756258234519,0.3570487483530962,0.34782608695652173,0.37681159420289856,0.3438735177865613,0.31620553359683795,0.3438735177865613,0.3662714097496706,0.3254281949934124,0.3425559947299078,0.31488801054018445,0.35046113306982873,0.3188405797101449,0.35968379446640314,0.3372859025032938,0.3346508563899868,0.308300395256917,0.34914361001317523,0.4163372859025033,0.3386034255599473,0.34782608695652173,0.27931488801054016,0.31488801054018445,0.3451910408432148,0.3359683794466403,0.3662714097496706,0.3412384716732543,0.3333333333333333,0.3346508563899868,0.31488801054018445,0.36363636363636365,0.37285902503293805,0.310935441370224,0.37681159420289856,0.3372859025032938,0.3675889328063241,0.3333333333333333,0.3425559947299078,0.380764163372859,0.35046113306982873,0.37285902503293805,0.37417654808959155,0.37681159420289856,0.3333333333333333,0.3359683794466403,0.3530961791831357,0.3333333333333333,0.2898550724637681,0.37285902503293805,0.3333333333333333,0.35046113306982873,0.36231884057971014,0.36495388669301715,0.33992094861660077,0.3847167325428195,0.3425559947299078,0.3544137022397892,0.32938076416337286,0.2898550724637681,0.35968379446640314,0.37549407114624506,0.3820816864295125,0.3372859025032938,0.30171277997364954,0.31488801054018445,0.3346508563899868,0.3201581027667984,0.33069828722002637,0.36495388669301715,0.3425559947299078,0.36363636363636365,0.36231884057971014,0.3346508563899868,0.3530961791831357,0.36100131752305664,0.2977602108036891,0.36100131752305664,0.32938076416337286,0.3583662714097497,0.3254281949934124,0.3847167325428195,0.3333333333333333,0.38735177865612647,0.3412384716732543,0.30434782608695654,0.33069828722002637,0.33201581027667987,0.33201581027667987,0.3359683794466403,0.3412384716732543
0.12	GNN	0.29117259552042163,0.30039525691699603,0.2595520421607378,0.25428194993412384,0.25428194993412384,0.2740447957839262,0.26877470355731226,0.25559947299077734,0.26877470355731226,0.28326745718050067,0.3386034255599473,0.2134387351778656,0.2938076416337286,0.2635046113306983,0.30434782608695654,0.2621870882740448,0.2595520421607378,0.3069828722002635,0.308300395256917,0.26877470355731226,0.2964426877470356,0.2977602108036891,0.27931488801054016,0.2766798418972332,0.2648221343873518,0.24110671936758893,0.26877470355731226,0.25823451910408435,0.2885375494071146,0.32806324110671936,0.26613965744400525,0.2740447957839262,0.2621870882740448,0.37549407114624506,0.21080368906455862,0.26613965744400525,0.22529644268774704,0.3069828722002635,0.3188405797101449,0.2872200263504611,0.2727272727272727,0.3227931488801054,0.310935441370224,0.29117259552042163,0.3530961791831357,0.2766798418972332,0.2845849802371542,0.2977602108036891,0.29907773386034253,0.2740447957839262,0.25296442687747034,0.28194993412384717,0.30434782608695654,0.26745718050065875,0.27931488801054016,0.2727272727272727,0.2503293807641634,0.27931488801054016,0.2951251646903821,0.3438735177865613,0.27931488801054016,0.2898550724637681,0.2503293807641634,0.28326745718050067,0.2727272727272727,0.30039525691699603,0.3096179183135705,0.2951251646903821,0.27140974967061926,0.24769433465085638,0.2977602108036891,0.2621870882740448,0.31488801054018445,0.29117259552042163,0.26613965744400525,0.29907773386034253,0.33992094861660077,0.2621870882740448,0.25823451910408435,0.308300395256917,0.25823451910408435,0.2463768115942029,0.2727272727272727,0.2924901185770751,0.2740447957839262,0.28326745718050067,0.3689064558629776,0.30171277997364954,0.23583662714097497,0.3333333333333333,0.3188405797101449,0.2964426877470356,0.2753623188405797,0.28063241106719367,0.2898550724637681,0.30566534914361,0.30171277997364954,0.28063241106719367,0.30566534914361,0.2621870882740448,0.27931488801054016,0.28326745718050067,0.30303030303030304,0.310935441370224,0.2938076416337286,0.28063241106719367,0.2845849802371542,0.2766798418972332,0.2463768115942029,0.26745718050065875,0.2740447957839262,0.2740447957839262,0.2885375494071146,0.2951251646903821,0.24242424242424243,0.2885375494071146,0.2727272727272727,0.31752305665349145,0.27931488801054016,0.3359683794466403,0.2516469038208169,0.29907773386034253,0.29907773386034253,0.29117259552042163,0.2766798418972332,0.27009222661396576,0.2938076416337286,0.3069828722002635,0.31225296442687744,0.29907773386034253,0.28063241106719367,0.30434782608695654,0.28326745718050067,0.2160737812911726,0.3227931488801054,0.2450592885375494,0.30566534914361,0.31620553359683795,0.2516469038208169,0.2463768115942029,0.2753623188405797,0.2885375494071146,0.2977602108036891,0.3465085638998682,0.32938076416337286,0.25823451910408435,0.25428194993412384,0.30303030303030304,0.3096179183135705,0.2608695652173913,0.31752305665349145,0.2740447957839262,0.26745718050065875,0.30171277997364954,0.3201581027667984,0.26745718050065875,0.24769433465085638,0.27931488801054016,0.29907773386034253,0.2450592885375494,0.2766798418972332,0.2938076416337286,0.2938076416337286,0.27140974967061926,0.28194993412384717,0.25559947299077734,0.2740447957839262,0.2951251646903821,0.308300395256917,0.2924901185770751,0.27140974967061926,0.28063241106719367,0.2977602108036891,0.27009222661396576,0.3201581027667984,0.31620553359683795,0.2779973649538867,0.3241106719367589,0.2964426877470356,0.29907773386034253,0.2845849802371542,0.2490118577075099,0.28194993412384717,0.2766798418972332,0.29117259552042163,0.26877470355731226,0.29907773386034253,0.3254281949934124,0.2753623188405797,0.2885375494071146,0.24242424242424243,0.308300395256917,0.3201581027667984,0.30303030303030304,0.2779973649538867,0.31752305665349145,0.2753623188405797,0.2608695652173913,0.26877470355731226,0.32806324110671936
0.12	GG	0.3425559947299078,0.4005270092226614,0.3794466403162055,0.30171277997364954,0.2898550724637681,0.3662714097496706,0.3214756258234519,0.34914361001317523,0.3557312252964427,0.28194993412384717,0.3530961791831357,0.4031620553359684,0.4005270092226614,0.38603425559947296,0.33201581027667987,0.42424242424242425,0.3372859025032938,0.3689064558629776,0.380764163372859,0.3438735177865613,0.31752305665349145,0.36363636363636365,0.33992094861660077,0.35177865612648224,0.35046113306982873,0.35046113306982873,0.2437417654808959,0.380764163372859,0.36363636363636365,0.37417654808959155,0.391304347826087,0.39920948616600793,0.3715415019762846,0.38866930171277997,0.3386034255599473,0.30171277997364954,0.35968379446640314,0.3583662714097497,0.30171277997364954,0.31488801054018445,0.35046113306982873,0.391304347826087,0.3372859025032938,0.36231884057971014,0.3662714097496706,0.42028985507246375,0.310935441370224,0.37285902503293805,0.37417654808959155,0.3465085638998682,0.35968379446640314,0.3965744400527009,0.36100131752305664,0.31488801054018445,0.3465085638998682,0.33069828722002637,0.37417654808959155,0.4005270092226614,0.3227931488801054,0.36231884057971014,0.2621870882740448,0.36495388669301715,0.33201581027667987,0.35177865612648224,0.3096179183135705,0.3965744400527009,0.31357048748353095,0.2977602108036891,0.33201581027667987,0.3465085638998682,0.3451910408432148,0.4044795783926219,0.3386034255599473,0.3451910408432148,0.35968379446640314,0.37812911725955206,0.32938076416337286,0.3530961791831357,0.3412384716732543,0.35177865612648224,0.39789196310935443,0.4005270092226614,0.3359683794466403,0.26613965744400525,0.3702239789196311,0.3675889328063241,0.3372859025032938,0.3847167325428195,0.3201581027667984,0.3214756258234519,0.3425559947299078,0.3188405797101449,0.2766798418972332,0.4163372859025033,0.39920948616600793,0.31620553359683795,0.40711462450592883,0.30171277997364954,0.31357048748353095,0.4150197628458498,0.3794466403162055,0.2727272727272727,0.3227931488801054,0.3451910408432148,0.37812911725955206,0.28194993412384717,0.35177865612648224,0.35968379446640314,0.380764163372859,0.4268774703557312,0.33069828722002637,0.4281949934123847,0.3689064558629776,0.38998682476943347,0.3557312252964427,0.31357048748353095,0.3254281949934124,0.3227931488801054,0.33201581027667987,0.3794466403162055,0.32674571805006586,0.36231884057971014,0.3425559947299078,0.3662714097496706,0.33069828722002637,0.2595520421607378,0.31357048748353095,0.3544137022397892,0.40974967061923584,0.3530961791831357,0.32674571805006586,0.2938076416337286,0.31620553359683795,0.3544137022397892,0.3333333333333333,0.32674571805006586,0.3425559947299078,0.3438735177865613,0.4189723320158103,0.33992094861660077,0.23583662714097497,0.42028985507246375,0.32806324110671936,0.3675889328063241,0.3583662714097497,0.34782608695652173,0.3346508563899868,0.3201581027667984,0.3939393939393939,0.391304347826087,0.3188405797101449,0.380764163372859,0.39920948616600793,0.3530961791831357,0.34782608695652173,0.391304347826087,0.3557312252964427,0.3465085638998682,0.37681159420289856,0.3451910408432148,0.32674571805006586,0.37681159420289856,0.3412384716732543,0.4005270092226614,0.3530961791831357,0.40711462450592883,0.3530961791831357,0.380764163372859,0.33992094861660077,0.3557312252964427,0.36231884057971014,0.31620553359683795,0.3715415019762846,0.2898550724637681,0.36495388669301715,0.383399209486166,0.33201581027667987,0.3359683794466403,0.40974967061923584,0.4018445322793149,0.34782608695652173,0.33201581027667987,0.31357048748353095,0.38866930171277997,0.32674571805006586,0.4005270092226614,0.3689064558629776,0.3530961791831357,0.37417654808959155,0.29907773386034253,0.38735177865612647,0.3702239789196311,0.3544137022397892,0.38735177865612647,0.34914361001317523,0.36100131752305664,0.3544137022397892,0.2964426877470356,0.33201581027667987,0.3662714097496706
0.12	GG2	0.3425559947299078,0.39789196310935443,0.37681159420289856,0.3465085638998682,0.36231884057971014,0.36363636363636365,0.3201581027667984,0.3715415019762846,0.36495388669301715,0.3689064558629776,0.3438735177865613,0.40711462450592883,0.37681159420289856,0.37549407114624506,0.40974967061923584,0.36495388669301715,0.28194993412384717,0.40974967061923584,0.33992094861660077,0.33201581027667987,0.38998682476943347,0.3425559947299078,0.3583662714097497,0.36495388669301715,0.36495388669301715,0.38735177865612647,0.40711462450592883,0.3847167325428195,0.4044795783926219,0.4005270092226614,0.30039525691699603,0.35177865612648224,0.4031620553359684,0.4031620553359684,0.3530961791831357,0.31357048748353095,0.30171277997364954,0.37549407114624506,0.38603425559947296,0.4005270092226614,0.3794466403162055,0.38998682476943347,0.34914361001317523,0.3465085638998682,0.37417654808959155,0.3715415019762846,0.3570487483530962,0.37417654808959155,0.3557312252964427,0.3438735177865613,0.37681159420289856,0.2872200263504611,0.3926218708827404,0.33069828722002637,0.40843214756258234,0.40974967061923584,0.383399209486166,0.3952569169960474,0.3794466403162055,0.383399209486166,0.28194993412384717,0.37549407114624506,0.33069828722002637,0.38998682476943347,0.3188405797101449,0.3227931488801054,0.35177865612648224,0.4031620553359684,0.31488801054018445,0.37417654808959155,0.32806324110671936,0.380764163372859,0.3794466403162055,0.3451910408432148,0.37285902503293805,0.3715415019762846,0.36495388669301715,0.37812911725955206,0.34914361001317523,0.37681159420289856,0.42160737812911725,0.3965744400527009,0.36100131752305664,0.38735177865612647,0.3689064558629776,0.383399209486166,0.36495388669301715,0.36231884057971014,0.3465085638998682,0.3544137022397892,0.31357048748353095,0.3847167325428195,0.37549407114624506,0.3820816864295125,0.41106719367588934,0.36495388669301715,0.3675889328063241,0.33069828722002637,0.310935441370224,0.3820816864295125,0.3939393939393939,0.3583662714097497,0.3425559947299078,0.3926218708827404,0.3952569169960474,0.32674571805006586,0.3438735177865613,0.38866930171277997,0.3583662714097497,0.40843214756258234,0.38866930171277997,0.37417654808959155,0.34914361001317523,0.3794466403162055,0.3557312252964427,0.30566534914361,0.38866930171277997,0.40711462450592883,0.3465085638998682,0.38735177865612647,0.36495388669301715,0.38603425559947296,0.3662714097496706,0.37285902503293805,0.3675889328063241,0.383399209486166,0.3201581027667984,0.34914361001317523,0.4018445322793149,0.3214756258234519,0.32806324110671936,0.2898550724637681,0.3214756258234519,0.3662714097496706,0.34782608695652173,0.3926218708827404,0.35046113306982873,0.38866930171277997,0.3939393939393939,0.37681159420289856,0.4137022397891963,0.38735177865612647,0.3715415019762846,0.35177865612648224,0.37681159420289856,0.3702239789196311,0.3583662714097497,0.30566534914361,0.3675889328063241,0.37417654808959155,0.39789196310935443,0.38998682476943347,0.41106719367588934,0.3557312252964427,0.3662714097496706,0.3820816864295125,0.3662714097496706,0.37549407114624506,0.3715415019762846,0.36363636363636365,0.34914361001317523,0.37417654808959155,0.3847167325428195,0.36100131752305664,0.36363636363636365,0.3847167325428195,0.35968379446640314,0.37812911725955206,0.3702239789196311,0.3544137022397892,0.36100131752305664,0.38603425559947296,0.35177865612648224,0.32938076416337286,0.36100131752305664,0.3425559947299078,0.3465085638998682,0.3069828722002635,0.4163372859025033,0.37681159420289856,0.3372859025032938,0.3675889328063241,0.3675889328063241,0.3530961791831357,0.33992094861660077,0.3451910408432148,0.4281949934123847,0.4163372859025033,0.33069828722002637,0.38603425559947296,0.380764163372859,0.36100131752305664,0.36231884057971014,0.36495388669301715,0.3438735177865613,0.3702239789196311,0.35968379446640314,0.3438735177865613,0.34782608695652173,0.3346508563899868
0.13	GEE	0.34914361001317523,0.30171277997364954,0.3214756258234519,0.3227931488801054,0.3214756258234519,0.30303030303030304,0.2898550724637681,0.3188405797101449,0.3544137022397892,0.35177865612648224,0.3254281949934124,0.33992094861660077,0.37681159420289856,0.34782608695652173,0.2924901185770751,0.31488801054018445,0.2964426877470356,0.3214756258234519,0.3465085638998682,0.30566534914361,0.39920948616600793,0.30434782608695654,0.3333333333333333,0.32806324110671936,0.36231884057971014,0.3241106719367589,0.3333333333333333,0.33201581027667987,0.33069828722002637,0.35177865612648224,0.32806324110671936,0.30303030303030304,0.29907773386034253,0.3254281949934124,0.32806324110671936,0.36231884057971014,0.3438735177865613,0.33069828722002637,0.3214756258234519,0.3188405797101449,0.28326745718050067,0.31488801054018445,0.28063241106719367,0.32938076416337286,0.32806324110671936,0.30171277997364954,0.32674571805006586,0.36231884057971014,0.2872200263504611,0.33069828722002637,0.3241106719367589,0.31225296442687744,0.3662714097496706,0.3662714097496706,0.310935441370224,0.32938076416337286,0.3227931488801054,0.33201581027667987,0.31488801054018445,0.3570487483530962,0.37812911725955206,0.3438735177865613,0.37549407114624506,0.30434782608695654,0.3359683794466403,0.32674571805006586,0.32806324110671936,0.3386034255599473,0.29117259552042163,0.33992094861660077,0.3662714097496706,0.30434782608695654,0.3412384716732543,0.34914361001317523,0.4044795783926219,0.2924901185770751,0.3214756258234519,0.3227931488801054,0.32806324110671936,0.2766798418972332,0.3333333333333333,0.2898550724637681,0.34914361001317523,0.3557312252964427,0.33201581027667987,0.32674571805006586,0.36231884057971014,0.2621870882740448,0.4031620553359684,0.2951251646903821,0.32938076416337286,0.2872200263504611,0.37681159420289856,0.30303030303030304,0.32938076416337286,0.36231884057971014,0.2740447957839262,0.2463768115942029,0.2924901185770751,0.31620553359683795,0.30039525691699603,0.3346508563899868,0.33992094861660077,0.3214756258234519,0.37812911725955206,0.34914361001317523,0.2779973649538867,0.37417654808959155,0.3583662714097497,0.2924901185770751,0.31488801054018445,0.34914361001317523,0.32938076416337286,0.2740447957839262,0.37681159420289856,0.33069828722002637,0.3372859025032938,0.37681159420289856,0.3069828722002635,0.2503293807641634,0.33201581027667987,0.36363636363636365,0.32806324110671936,0.37681159420289856,0.308300395256917,0.3425559947299078,0.3069828722002635,0.3069828722002635,0.31225296442687744,0.3425559947299078,0.30434782608695654,0.32674571805006586,0.32806324110671936,0.3451910408432148,0.310935441370224,0.33992094861660077,0.34782608695652173,0.3214756258234519,0.2938076416337286,0.3438735177865613,0.3689064558629776,0.30566534914361,0.34914361001317523,0.34914361001317523,0.34782608695652173,0.30434782608695654,0.31620553359683795,0.32674571805006586,0.31225296442687744,0.30171277997364954,0.3544137022397892,0.30039525691699603,0.36100131752305664,0.2951251646903821,0.3438735177865613,0.32806324110671936,0.30171277997364954,0.33992094861660077,0.3372859025032938,0.40711462450592883,0.31488801054018445,0.28194993412384717,0.3702239789196311,0.31752305665349145,0.34914361001317523,0.32806324110671936,0.2964426877470356,0.36495388669301715,0.30566534914361,0.3227931488801054,0.35177865612648224,0.32806324110671936,0.3425559947299078,0.31488801054018445,0.32806324110671936,0.30566534914361,0.2964426877470356,0.33201581027667987,0.3346508563899868,0.30566534914361,0.310935441370224,0.31488801054018445,0.30171277997364954,0.3227931488801054,0.31752305665349145,0.32674571805006586,0.3583662714097497,0.3530961791831357,0.310935441370224,0.33069828722002637,0.3570487483530962,0.2872200263504611,0.31357048748353095,0.33992094861660077,0.3820816864295125,0.3544137022397892,0.33201581027667987,0.30303030303030304,0.2766798418972332,0.3715415019762846
0.13	GNN	0.2845849802371542,0.31225296442687744,0.2872200263504611,0.24242424242424243,0.2964426877470356,0.30171277997364954,0.23978919631093545,0.30171277997364954,0.26613965744400525,0.26613965744400525,0.2977602108036891,0.26877470355731226,0.2595520421607378,0.31225296442687744,0.28194993412384717,0.2938076416337286,0.2766798418972332,0.3241106719367589,0.31620553359683795,0.2779973649538867,0.3096179183135705,0.24769433465085638,0.34782608695652173,0.3096179183135705,0.26613965744400525,0.28194993412384717,0.2779973649538867,0.22529644268774704,0.25691699604743085,0.3412384716732543,0.26745718050065875,0.25428194993412384,0.24242424242424243,0.3438735177865613,0.2766798418972332,0.32674571805006586,0.28326745718050067,0.3201581027667984,0.2977602108036891,0.2516469038208169,0.27140974967061926,0.3241106719367589,0.31225296442687744,0.2490118577075099,0.31620553359683795,0.32806324110671936,0.35046113306982873,0.2964426877470356,0.31752305665349145,0.2595520421607378,0.2595520421607378,0.2924901185770751,0.28194993412384717,0.28194993412384717,0.2885375494071146,0.32674571805006586,0.2779973649538867,0.2318840579710145,0.25428194993412384,0.30039525691699603,0.2859025032938076,0.31752305665349145,0.23715415019762845,0.30434782608695654,0.28063241106719367,0.308300395256917,0.28326745718050067,0.26877470355731226,0.2516469038208169,0.2924901185770751,0.25559947299077734,0.3069828722002635,0.2779973649538867,0.2463768115942029,0.2463768115942029,0.2885375494071146,0.3201581027667984,0.2753623188405797,0.2740447957839262,0.28063241106719367,0.26613965744400525,0.2753623188405797,0.31225296442687744,0.2885375494071146,0.2845849802371542,0.2490118577075099,0.36100131752305664,0.2951251646903821,0.2621870882740448,0.33069828722002637,0.3096179183135705,0.28194993412384717,0.25691699604743085,0.25691699604743085,0.2859025032938076,0.3241106719367589,0.30566534914361,0.30171277997364954,0.26877470355731226,0.28194993412384717,0.2490118577075099,0.22924901185770752,0.2898550724637681,0.30303030303030304,0.2872200263504611,0.27009222661396576,0.308300395256917,0.2924901185770751,0.2924901185770751,0.2938076416337286,0.25559947299077734,0.27009222661396576,0.2740447957839262,0.3214756258234519,0.2595520421607378,0.2951251646903821,0.30566534914361,0.31488801054018445,0.27009222661396576,0.3346508563899868,0.22793148880105402,0.25428194993412384,0.2885375494071146,0.27140974967061926,0.27931488801054016,0.308300395256917,0.3096179183135705,0.28063241106719367,0.3188405797101449,0.2924901185770751,0.23451910408432147,0.2753623188405797,0.25823451910408435,0.308300395256917,0.3227931488801054,0.30039525691699603,0.230566534914361,0.26877470355731226,0.2964426877470356,0.26877470355731226,0.28194993412384717,0.2964426877470356,0.2608695652173913,0.3372859025032938,0.29907773386034253,0.27140974967061926,0.27931488801054016,0.31752305665349145,0.31488801054018445,0.2648221343873518,0.2845849802371542,0.2859025032938076,0.2648221343873518,0.30566534914361,0.2753623188405797,0.26877470355731226,0.2766798418972332,0.30039525691699603,0.2938076416337286,0.20685111989459815,0.31752305665349145,0.26745718050065875,0.2845849802371542,0.23978919631093545,0.30171277997364954,0.2872200263504611,0.26613965744400525,0.23715415019762845,0.32806324110671936,0.31225296442687744,0.25691699604743085,0.31488801054018445,0.31225296442687744,0.3096179183135705,0.31225296442687744,0.2951251646903821,0.2951251646903821,0.3096179183135705,0.29117259552042163,0.29117259552042163,0.2964426877470356,0.26745718050065875,0.30039525691699603,0.27009222661396576,0.31752305665349145,0.30039525691699603,0.310935441370224,0.29907773386034253,0.2648221343873518,0.2859025032938076,0.2621870882740448,0.2753623188405797,0.3346508563899868,0.308300395256917,0.28063241106719367,0.30171277997364954,0.2648221343873518,0.25559947299077734,0.27931488801054016,0.32806324110671936
0.13	GG	0.34914361001317523,0.36100131752305664,0.3794466403162055,0.33201581027667987,0.2977602108036891,0.3425559947299078,0.33201581027667987,0.3333333333333333,0.3530961791831357,0.2977602108036891,0.27140974967061926,0.3557312252964427,0.3702239789196311,0.3227931488801054,0.2977602108036891,0.2859025032938076,0.30566534914361,0.30434782608695654,0.3227931488801054,0.3412384716732543,0.2977602108036891,0.3214756258234519,0.33201581027667987,0.2964426877470356,0.3465085638998682,0.33201581027667987,0.2028985507246377,0.3820816864295125,0.2753623188405797,0.32806324110671936,0.37417654808959155,0.31225296442687744,0.3201581027667984,0.36495388669301715,0.33992094861660077,0.35968379446640314,0.38998682476943347,0.3346508563899868,0.2951251646903821,0.27931488801054016,0.32674571805006586,0.3570487483530962,0.32674571805006586,0.31620553359683795,0.33069828722002637,0.3530961791831357,0.3241106719367589,0.38603425559947296,0.3438735177865613,0.3425559947299078,0.2964426877470356,0.391304347826087,0.37549407114624506,0.29907773386034253,0.3241106719367589,0.2951251646903821,0.34914361001317523,0.4044795783926219,0.31488801054018445,0.3069828722002635,0.35177865612648224,0.3386034255599473,0.3386034255599473,0.27931488801054016,0.32938076416337286,0.40974967061923584,0.31620553359683795,0.2766798418972332,0.2872200263504611,0.3069828722002635,0.37681159420289856,0.3451910408432148,0.30171277997364954,0.3570487483530962,0.4479578392621871,0.2951251646903821,0.31357048748353095,0.31620553359683795,0.3715415019762846,0.3254281949934124,0.30171277997364954,0.31225296442687744,0.31620553359683795,0.2779973649538867,0.36231884057971014,0.34782608695652173,0.3438735177865613,0.3069828722002635,0.2924901185770751,0.28326745718050067,0.26745718050065875,0.2924901185770751,0.29117259552042163,0.3965744400527009,0.31357048748353095,0.34914361001317523,0.34914361001317523,0.2872200263504611,0.2964426877470356,0.37681159420289856,0.2938076416337286,0.2885375494071146,0.3386034255599473,0.36363636363636365,0.380764163372859,0.2872200263504611,0.37681159420289856,0.37681159420289856,0.34914361001317523,0.31225296442687744,0.2964426877470356,0.37549407114624506,0.30171277997364954,0.3662714097496706,0.35177865612648224,0.30434782608695654,0.308300395256917,0.3820816864295125,0.2924901185770751,0.3689064558629776,0.34782608695652173,0.3530961791831357,0.30434782608695654,0.38735177865612647,0.31488801054018445,0.22134387351778656,0.3241106719367589,0.33992094861660077,0.32938076416337286,0.3333333333333333,0.3372859025032938,0.31752305665349145,0.30566534914361,0.31752305665349145,0.27009222661396576,0.31620553359683795,0.3530961791831357,0.3425559947299078,0.3794466403162055,0.32674571805006586,0.24110671936758893,0.37681159420289856,0.32806324110671936,0.3451910408432148,0.3820816864295125,0.3227931488801054,0.34782608695652173,0.27931488801054016,0.3241106719367589,0.36495388669301715,0.34914361001317523,0.31620553359683795,0.36231884057971014,0.31620553359683795,0.32806324110671936,0.3346508563899868,0.3583662714097497,0.3227931488801054,0.35177865612648224,0.32806324110671936,0.2964426877470356,0.3188405797101449,0.3096179183135705,0.3530961791831357,0.3820816864295125,0.3952569169960474,0.3359683794466403,0.35968379446640314,0.310935441370224,0.35177865612648224,0.3386034255599473,0.3557312252964427,0.3715415019762846,0.30434782608695654,0.34782608695652173,0.32938076416337286,0.3241106719367589,0.30171277997364954,0.34782608695652173,0.4163372859025033,0.23583662714097497,0.27931488801054016,0.2898550724637681,0.3359683794466403,0.3096179183135705,0.3227931488801054,0.34914361001317523,0.2964426877470356,0.30039525691699603,0.2977602108036891,0.37549407114624506,0.2964426877470356,0.2490118577075099,0.3201581027667984,0.3952569169960474,0.3359683794466403,0.31752305665349145,0.3227931488801054,0.30566534914361,0.34914361001317523
0.13	GG2	0.3662714097496706,0.34914361001317523,0.3346508563899868,0.36495388669301715,0.3715415019762846,0.3254281949934124,0.32806324110671936,0.3372859025032938,0.37417654808959155,0.3702239789196311,0.3965744400527009,0.3241106719367589,0.3425559947299078,0.31225296442687744,0.31357048748353095,0.37285902503293805,0.30566534914361,0.35968379446640314,0.3544137022397892,0.35177865612648224,0.40974967061923584,0.31620553359683795,0.31225296442687744,0.2951251646903821,0.3820816864295125,0.37285902503293805,0.33201581027667987,0.36495388669301715,0.3241106719367589,0.3662714097496706,0.3451910408432148,0.31752305665349145,0.3386034255599473,0.3952569169960474,0.3372859025032938,0.3715415019762846,0.32674571805006586,0.37812911725955206,0.3530961791831357,0.3675889328063241,0.31357048748353095,0.33069828722002637,0.32938076416337286,0.2740447957839262,0.3188405797101449,0.3333333333333333,0.3939393939393939,0.39920948616600793,0.3689064558629776,0.3438735177865613,0.33069828722002637,0.3069828722002635,0.3675889328063241,0.383399209486166,0.38603425559947296,0.3544137022397892,0.3715415019762846,0.3847167325428195,0.3570487483530962,0.35177865612648224,0.3241106719367589,0.28194993412384717,0.3847167325428195,0.391304347826087,0.3372859025032938,0.3241106719367589,0.39789196310935443,0.383399209486166,0.3096179183135705,0.3201581027667984,0.36363636363636365,0.3386034255599473,0.33069828722002637,0.3530961791831357,0.3544137022397892,0.3241106719367589,0.3214756258234519,0.35177865612648224,0.36100131752305664,0.3438735177865613,0.3359683794466403,0.32938076416337286,0.3820816864295125,0.2951251646903821,0.3346508563899868,0.34782608695652173,0.37285902503293805,0.31620553359683795,0.38866930171277997,0.31752305665349145,0.3386034255599473,0.2740447957839262,0.35968379446640314,0.3544137022397892,0.3689064558629776,0.36495388669301715,0.2898550724637681,0.28326745718050067,0.25428194993412384,0.31752305665349145,0.3438735177865613,0.37285902503293805,0.3675889328063241,0.35046113306982873,0.3702239789196311,0.35046113306982873,0.36100131752305664,0.3952569169960474,0.3346508563899868,0.2938076416337286,0.3544137022397892,0.3438735177865613,0.3201581027667984,0.3847167325428195,0.38735177865612647,0.36100131752305664,0.3254281949934124,0.3820816864295125,0.3372859025032938,0.30566534914361,0.33992094861660077,0.3675889328063241,0.36100131752305664,0.391304347826087,0.33992094861660077,0.3820816864295125,0.3386034255599473,0.3254281949934124,0.33201581027667987,0.3820816864295125,0.37417654808959155,0.3333333333333333,0.30171277997364954,0.32938076416337286,0.31225296442687744,0.33992094861660077,0.36100131752305664,0.3583662714097497,0.3372859025032938,0.36100131752305664,0.38735177865612647,0.310935441370224,0.3715415019762846,0.3412384716732543,0.3465085638998682,0.3201581027667984,0.32938076416337286,0.2859025032938076,0.36495388669301715,0.3557312252964427,0.34782608695652173,0.308300395256917,0.37812911725955206,0.33201581027667987,0.3425559947299078,0.3583662714097497,0.35968379446640314,0.35046113306982873,0.3662714097496706,0.37681159420289856,0.32674571805006586,0.30039525691699603,0.3570487483530962,0.32674571805006586,0.4005270092226614,0.3689064558629776,0.3530961791831357,0.30566534914361,0.32938076416337286,0.3386034255599473,0.36363636363636365,0.3241106719367589,0.33992094861660077,0.3425559947299078,0.36231884057971014,0.3372859025032938,0.3425559947299078,0.29907773386034253,0.3662714097496706,0.38866930171277997,0.3254281949934124,0.30171277997364954,0.33201581027667987,0.2977602108036891,0.3188405797101449,0.3465085638998682,0.38735177865612647,0.3438735177865613,0.3214756258234519,0.3544137022397892,0.3702239789196311,0.32938076416337286,0.3214756258234519,0.37681159420289856,0.37417654808959155,0.36231884057971014,0.32674571805006586,0.27931488801054016,0.308300395256917,0.3557312252964427
0.14	GEE	0.30434782608695654,0.32938076416337286,0.33069828722002637,0.32938076416337286,0.28326745718050067,0.28326745718050067,0.30434782608695654,0.28194993412384717,0.30303030303030304,0.308300395256917,0.3465085638998682,0.2938076416337286,0.2753623188405797,0.33069828722002637,0.2779973649538867,0.2437417654808959,0.2885375494071146,0.3451910408432148,0.26877470355731226,0.2845849802371542,0.2859025032938076,0.308300395256917,0.32938076416337286,0.310935441370224,0.30171277997364954,0.30039525691699603,0.30434782608695654,0.26613965744400525,0.310935441370224,0.27140974967061926,0.3346508563899868,0.34914361001317523,0.3465085638998682,0.30303030303030304,0.31357048748353095,0.28326745718050067,0.2898550724637681,0.3201581027667984,0.28194993412384717,0.27140974967061926,0.2766798418972332,0.3425559947299078,0.3359683794466403,0.2516469038208169,0.2516469038208169,0.2885375494071146,0.3201581027667984,0.3241106719367589,0.32806324110671936,0.30303030303030304,0.3227931488801054,0.29907773386034253,0.31620553359683795,0.308300395256917,0.33201581027667987,0.30303030303030304,0.3069828722002635,0.29907773386034253,0.2964426877470356,0.3346508563899868,0.3386034255599473,0.37549407114624506,0.35177865612648224,0.32938076416337286,0.3241106719367589,0.2766798418972332,0.2740447957839262,0.3096179183135705,0.29907773386034253,0.29907773386034253,0.2924901185770751,0.3241106719367589,0.32674571805006586,0.27140974967061926,0.3386034255599473,0.30566534914361,0.3412384716732543,0.30171277997364954,0.28063241106719367,0.37417654808959155,0.3333333333333333,0.2938076416337286,0.25691699604743085,0.30434782608695654,0.3201581027667984,0.3333333333333333,0.33992094861660077,0.3254281949934124,0.2872200263504611,0.2779973649538867,0.3530961791831357,0.30434782608695654,0.3570487483530962,0.32806324110671936,0.30434782608695654,0.28194993412384717,0.2951251646903821,0.310935441370224,0.2951251646903821,0.30566534914361,0.29907773386034253,0.33992094861660077,0.3201581027667984,0.2951251646903821,0.27931488801054016,0.3241106719367589,0.3227931488801054,0.30434782608695654,0.3201581027667984,0.3689064558629776,0.3451910408432148,0.3241106719367589,0.31357048748353095,0.31225296442687744,0.3412384716732543,0.3451910408432148,0.3544137022397892,0.32938076416337286,0.3241106719367589,0.2635046113306983,0.28063241106719367,0.3386034255599473,0.3069828722002635,0.2635046113306983,0.3372859025032938,0.2859025032938076,0.24769433465085638,0.30434782608695654,0.29907773386034253,0.2898550724637681,0.34782608695652173,0.35046113306982873,0.308300395256917,0.27140974967061926,0.2859025032938076,0.3346508563899868,0.32674571805006586,0.3201581027667984,0.30434782608695654,0.30303030303030304,0.2977602108036891,0.30566534914361,0.36231884057971014,0.3096179183135705,0.31752305665349145,0.3386034255599473,0.23978919631093545,0.26613965744400525,0.33201581027667987,0.3241106719367589,0.2859025032938076,0.33201581027667987,0.38866930171277997,0.28063241106719367,0.308300395256917,0.2938076416337286,0.3662714097496706,0.30303030303030304,0.3188405797101449,0.31488801054018445,0.2898550724637681,0.30434782608695654,0.3438735177865613,0.31620553359683795,0.2951251646903821,0.3096179183135705,0.30039525691699603,0.33069828722002637,0.3372859025032938,0.30566534914361,0.31620553359683795,0.30303030303030304,0.30039525691699603,0.32938076416337286,0.26745718050065875,0.3201581027667984,0.3241106719367589,0.2938076416337286,0.2872200263504611,0.31752305665349145,0.35046113306982873,0.26877470355731226,0.2964426877470356,0.30434782608695654,0.31752305665349145,0.31225296442687744,0.2964426877470356,0.31225296442687744,0.2898550724637681,0.3333333333333333,0.3069828722002635,0.2766798418972332,0.30434782608695654,0.3254281949934124,0.2964426877470356,0.31752305665349145,0.308300395256917,0.36495388669301715,0.3214756258234519,0.37417654808959155
0.14	GNN	0.3069828722002635,0.33201581027667987,0.2898550724637681,0.22924901185770752,0.30303030303030304,0.2924901185770751,0.3069828722002635,0.2779973649538867,0.2753623188405797,0.30566534914361,0.3069828722002635,0.21739130434782608,0.25823451910408435,0.27140974967061926,0.28194993412384717,0.2740447957839262,0.22266139657444006,0.32674571805006586,0.31357048748353095,0.2608695652173913,0.2951251646903821,0.2595520421607378,0.3214756258234519,0.2951251646903821,0.26745718050065875,0.25559947299077734,0.3214756258234519,0.26745718050065875,0.25559947299077734,0.2859025032938076,0.22661396574440051,0.2898550724637681,0.27140974967061926,0.3346508563899868,0.26745718050065875,0.30171277997364954,0.2648221343873518,0.30566534914361,0.2898550724637681,0.2924901185770751,0.2779973649538867,0.3096179183135705,0.3386034255599473,0.26745718050065875,0.30566534914361,0.30039525691699603,0.27931488801054016,0.2845849802371542,0.30039525691699603,0.2740447957839262,0.230566534914361,0.2753623188405797,0.27931488801054016,0.2437417654808959,0.26877470355731226,0.31225296442687744,0.2740447957839262,0.2450592885375494,0.2595520421607378,0.32806324110671936,0.2779973649538867,0.31357048748353095,0.25428194993412384,0.29117259552042163,0.28326745718050067,0.2635046113306983,0.30434782608695654,0.2964426877470356,0.2635046113306983,0.28063241106719367,0.3201581027667984,0.26613965744400525,0.3188405797101449,0.2648221343873518,0.2608695652173913,0.29117259552042163,0.3241106719367589,0.26613965744400525,0.27009222661396576,0.2964426877470356,0.30039525691699603,0.2872200263504611,0.2872200263504611,0.32674571805006586,0.2872200263504611,0.2898550724637681,0.36495388669301715,0.3096179183135705,0.24242424242424243,0.3570487483530962,0.31357048748353095,0.2635046113306983,0.29907773386034253,0.2977602108036891,0.31488801054018445,0.3333333333333333,0.3386034255599473,0.31225296442687744,0.28194993412384717,0.2885375494071146,0.27140974967061926,0.27931488801054016,0.2437417654808959,0.3333333333333333,0.29907773386034253,0.28194993412384717,0.3412384716732543,0.2898550724637681,0.30434782608695654,0.28194993412384717,0.2648221343873518,0.2977602108036891,0.2845849802371542,0.3069828722002635,0.26745718050065875,0.2872200263504611,0.2924901185770751,0.31488801054018445,0.2898550724637681,0.2885375494071146,0.2318840579710145,0.2766798418972332,0.26877470355731226,0.2766798418972332,0.2898550724637681,0.3465085638998682,0.33069828722002637,0.28063241106719367,0.32674571805006586,0.30039525691699603,0.30566534914361,0.310935441370224,0.27931488801054016,0.30171277997364954,0.2753623188405797,0.2872200263504611,0.2924901185770751,0.2872200263504611,0.29117259552042163,0.25296442687747034,0.27009222661396576,0.2938076416337286,0.25296442687747034,0.30434782608695654,0.3214756258234519,0.2635046113306983,0.2885375494071146,0.3254281949934124,0.30303030303030304,0.27140974967061926,0.2635046113306983,0.25428194993412384,0.2608695652173913,0.2740447957839262,0.3346508563899868,0.25428194993412384,0.32938076416337286,0.3346508563899868,0.25559947299077734,0.23847167325428195,0.2964426877470356,0.2951251646903821,0.3386034255599473,0.2648221343873518,0.28194993412384717,0.28194993412384717,0.31357048748353095,0.2845849802371542,0.30566534914361,0.3069828722002635,0.2753623188405797,0.2779973649538867,0.29907773386034253,0.2516469038208169,0.25691699604743085,0.2872200263504611,0.2872200263504611,0.3386034255599473,0.2885375494071146,0.33069828722002637,0.25823451910408435,0.25428194993412384,0.26613965744400525,0.25296442687747034,0.2635046113306983,0.30171277997364954,0.28326745718050067,0.31225296442687744,0.2463768115942029,0.27140974967061926,0.2845849802371542,0.2977602108036891,0.29117259552042163,0.2859025032938076,0.31488801054018445,0.2898550724637681,0.26613965744400525,0.2595520421607378,0.29907773386034253,0.3254281949934124
0.14	GG	0.33201581027667987,0.33992094861660077,0.33201581027667987,0.31357048748353095,0.32674571805006586,0.35046113306982873,0.3214756258234519,0.3465085638998682,0.2740447957839262,0.2450592885375494,0.32938076416337286,0.33992094861660077,0.35046113306982873,0.3214756258234519,0.31620553359683795,0.2648221343873518,0.3465085638998682,0.310935441370224,0.2977602108036891,0.2727272727272727,0.30566534914361,0.32806324110671936,0.3372859025032938,0.2951251646903821,0.32674571805006586,0.30566534914361,0.18840579710144928,0.3188405797101449,0.3557312252964427,0.30171277997364954,0.310935441370224,0.32938076416337286,0.31488801054018445,0.3214756258234519,0.3333333333333333,0.29117259552042163,0.3241106719367589,0.3201581027667984,0.26613965744400525,0.2635046113306983,0.28326745718050067,0.3254281949934124,0.3386034255599473,0.28194993412384717,0.30171277997364954,0.30171277997364954,0.30303030303030304,0.310935441370224,0.3333333333333333,0.3241106719367589,0.2977602108036891,0.37681159420289856,0.3333333333333333,0.28326745718050067,0.3675889328063241,0.28194993412384717,0.32938076416337286,0.4044795783926219,0.31225296442687744,0.28326745718050067,0.31752305665349145,0.35968379446640314,0.33069828722002637,0.31488801054018445,0.3188405797101449,0.3069828722002635,0.3069828722002635,0.3069828722002635,0.31225296442687744,0.26745718050065875,0.3346508563899868,0.3451910408432148,0.3188405797101449,0.30303030303030304,0.37681159420289856,0.31752305665349145,0.3412384716732543,0.3188405797101449,0.31752305665349145,0.31488801054018445,0.3583662714097497,0.25823451910408435,0.28063241106719367,0.23847167325428195,0.308300395256917,0.3333333333333333,0.3254281949934124,0.32806324110671936,0.26613965744400525,0.2924901185770751,0.2766798418972332,0.31225296442687744,0.27931488801054016,0.39920948616600793,0.32938076416337286,0.28063241106719367,0.3214756258234519,0.2859025032938076,0.30303030303030304,0.3583662714097497,0.2924901185770751,0.35046113306982873,0.3069828722002635,0.33069828722002637,0.33201581027667987,0.2977602108036891,0.3465085638998682,0.29907773386034253,0.3214756258234519,0.38603425559947296,0.2885375494071146,0.391304347826087,0.2924901185770751,0.3662714097496706,0.3188405797101449,0.3372859025032938,0.3451910408432148,0.36363636363636365,0.31357048748353095,0.35046113306982873,0.32674571805006586,0.3557312252964427,0.29907773386034253,0.2924901185770751,0.32938076416337286,0.2134387351778656,0.30434782608695654,0.3188405797101449,0.3241106719367589,0.2977602108036891,0.35177865612648224,0.2766798418972332,0.2859025032938076,0.2740447957839262,0.23451910408432147,0.31488801054018445,0.3241106719367589,0.33069828722002637,0.36363636363636365,0.2872200263504611,0.2147562582345191,0.36100131752305664,0.3544137022397892,0.2938076416337286,0.310935441370224,0.27931488801054016,0.31620553359683795,0.29907773386034253,0.31488801054018445,0.35046113306982873,0.2753623188405797,0.3451910408432148,0.38603425559947296,0.29907773386034253,0.28326745718050067,0.2885375494071146,0.3346508563899868,0.31620553359683795,0.31488801054018445,0.3438735177865613,0.23451910408432147,0.2977602108036891,0.2608695652173913,0.32938076416337286,0.31752305665349145,0.36495388669301715,0.3557312252964427,0.3412384716732543,0.33069828722002637,0.2859025032938076,0.2635046113306983,0.2845849802371542,0.3570487483530962,0.25691699604743085,0.3241106719367589,0.3386034255599473,0.31488801054018445,0.31620553359683795,0.3241106719367589,0.4005270092226614,0.2621870882740448,0.25823451910408435,0.2977602108036891,0.3241106719367589,0.3201581027667984,0.4031620553359684,0.31488801054018445,0.28326745718050067,0.2885375494071146,0.30171277997364954,0.31752305665349145,0.2898550724637681,0.308300395256917,0.3530961791831357,0.2872200263504611,0.3412384716732543,0.33992094861660077,0.2503293807641634,0.30171277997364954,0.31620553359683795
0.14	GG2	0.31225296442687744,0.380764163372859,0.33992094861660077,0.30171277997364954,0.27009222661396576,0.29907773386034253,0.3188405797101449,0.31225296442687744,0.33069828722002637,0.35046113306982873,0.3847167325428195,0.32806324110671936,0.36495388669301715,0.3096179183135705,0.3214756258234519,0.3201581027667984,0.33069828722002637,0.3333333333333333,0.2648221343873518,0.3254281949934124,0.30171277997364954,0.3333333333333333,0.32938076416337286,0.30039525691699603,0.33992094861660077,0.3386034255599473,0.3451910408432148,0.30171277997364954,0.33992094861660077,0.34782608695652173,0.3662714097496706,0.3096179183135705,0.3359683794466403,0.3214756258234519,0.2859025032938076,0.28063241106719367,0.3359683794466403,0.3359683794466403,0.30303030303030304,0.35177865612648224,0.2872200263504611,0.3201581027667984,0.32938076416337286,0.2885375494071146,0.310935441370224,0.30566534914361,0.3227931488801054,0.310935441370224,0.34914361001317523,0.3333333333333333,0.2924901185770751,0.2885375494071146,0.3214756258234519,0.3412384716732543,0.39789196310935443,0.3662714097496706,0.32674571805006586,0.33992094861660077,0.31752305665349145,0.3583662714097497,0.3530961791831357,0.3544137022397892,0.3214756258234519,0.310935441370224,0.3069828722002635,0.3214756258234519,0.2766798418972332,0.3451910408432148,0.38998682476943347,0.3451910408432148,0.3425559947299078,0.2977602108036891,0.3254281949934124,0.31488801054018445,0.3096179183135705,0.31620553359683795,0.3346508563899868,0.30566534914361,0.29117259552042163,0.3952569169960474,0.31357048748353095,0.32938076416337286,0.2898550724637681,0.35968379446640314,0.2766798418972332,0.34914361001317523,0.3372859025032938,0.38998682476943347,0.25823451910408435,0.3227931488801054,0.35968379446640314,0.31357048748353095,0.35177865612648224,0.3386034255599473,0.383399209486166,0.2608695652173913,0.3241106719367589,0.3939393939393939,0.31620553359683795,0.3465085638998682,0.31620553359683795,0.3372859025032938,0.3372859025032938,0.3451910408432148,0.33992094861660077,0.34782608695652173,0.31620553359683795,0.2938076416337286,0.3333333333333333,0.37812911725955206,0.34914361001317523,0.3333333333333333,0.30566534914361,0.2740447957839262,0.37285902503293805,0.3386034255599473,0.32806324110671936,0.34914361001317523,0.3557312252964427,0.3254281949934124,0.31752305665349145,0.34914361001317523,0.3570487483530962,0.28326745718050067,0.37549407114624506,0.30303030303030304,0.31357048748353095,0.3201581027667984,0.32806324110671936,0.3438735177865613,0.33992094861660077,0.391304347826087,0.36231884057971014,0.3069828722002635,0.3214756258234519,0.30039525691699603,0.34782608695652173,0.3583662714097497,0.3386034255599473,0.2964426877470356,0.3386034255599473,0.36363636363636365,0.3689064558629776,0.3188405797101449,0.3412384716732543,0.3227931488801054,0.25691699604743085,0.25559947299077734,0.3386034255599473,0.34782608695652173,0.31357048748353095,0.3583662714097497,0.3965744400527009,0.3201581027667984,0.31488801054018445,0.31225296442687744,0.2938076416337286,0.36495388669301715,0.3583662714097497,0.3465085638998682,0.310935441370224,0.3214756258234519,0.35046113306982873,0.28194993412384717,0.3583662714097497,0.3254281949934124,0.3346508563899868,0.31357048748353095,0.37417654808959155,0.30434782608695654,0.29907773386034253,0.38735177865612647,0.29907773386034253,0.35968379446640314,0.31225296442687744,0.3662714097496706,0.3438735177865613,0.31225296442687744,0.3465085638998682,0.3702239789196311,0.3333333333333333,0.29117259552042163,0.35177865612648224,0.33992094861660077,0.3675889328063241,0.31488801054018445,0.37681159420289856,0.3346508563899868,0.3096179183135705,0.33992094861660077,0.2885375494071146,0.3675889328063241,0.3214756258234519,0.3359683794466403,0.2859025032938076,0.33992094861660077,0.3412384716732543,0.38735177865612647,0.308300395256917,0.36231884057971014
0.15	GEE	0.2595520421607378,0.2872200263504611,0.31620553359683795,0.2951251646903821,0.23715415019762845,0.3438735177865613,0.28326745718050067,0.29117259552042163,0.25559947299077734,0.25428194993412384,0.25296442687747034,0.2872200263504611,0.31620553359683795,0.30171277997364954,0.2924901185770751,0.2938076416337286,0.2779973649538867,0.2977602108036891,0.2740447957839262,0.2766798418972332,0.33201581027667987,0.30434782608695654,0.2885375494071146,0.3359683794466403,0.2885375494071146,0.36495388669301715,0.27140974967061926,0.2648221343873518,0.30171277997364954,0.31752305665349145,0.31488801054018445,0.308300395256917,0.3333333333333333,0.308300395256917,0.2845849802371542,0.30039525691699603,0.23715415019762845,0.2463768115942029,0.2964426877470356,0.2779973649538867,0.2753623188405797,0.3451910408432148,0.30039525691699603,0.28063241106719367,0.3069828722002635,0.3412384716732543,0.26613965744400525,0.28063241106719367,0.2463768115942029,0.2872200263504611,0.3069828722002635,0.2779973649538867,0.2872200263504611,0.2740447957839262,0.27140974967061926,0.26877470355731226,0.2727272727272727,0.2898550724637681,0.2977602108036891,0.3254281949934124,0.3188405797101449,0.26613965744400525,0.26877470355731226,0.22924901185770752,0.3201581027667984,0.29117259552042163,0.2621870882740448,0.2621870882740448,0.2872200263504611,0.30171277997364954,0.27140974967061926,0.2779973649538867,0.26613965744400525,0.33201581027667987,0.25296442687747034,0.24242424242424243,0.2924901185770751,0.3359683794466403,0.30566534914361,0.33201581027667987,0.2951251646903821,0.30303030303030304,0.27009222661396576,0.308300395256917,0.28194993412384717,0.25691699604743085,0.3333333333333333,0.30303030303030304,0.2898550724637681,0.22661396574440051,0.3069828722002635,0.25428194993412384,0.3544137022397892,0.2727272727272727,0.30566534914361,0.3227931488801054,0.3096179183135705,0.2490118577075099,0.2753623188405797,0.28326745718050067,0.2740447957839262,0.3201581027667984,0.2938076416337286,0.2621870882740448,0.2964426877470356,0.30434782608695654,0.2621870882740448,0.31752305665349145,0.3214756258234519,0.30566534914361,0.3333333333333333,0.3201581027667984,0.3214756258234519,0.25296442687747034,0.2740447957839262,0.2924901185770751,0.25296442687747034,0.2779973649538867,0.2898550724637681,0.2160737812911726,0.2938076416337286,0.28194993412384717,0.2753623188405797,0.26877470355731226,0.2753623188405797,0.25559947299077734,0.30039525691699603,0.2648221343873518,0.26877470355731226,0.30303030303030304,0.3227931488801054,0.3254281949934124,0.2951251646903821,0.2845849802371542,0.22529644268774704,0.2951251646903821,0.34914361001317523,0.2898550724637681,0.27009222661396576,0.32674571805006586,0.31225296442687744,0.2977602108036891,0.2490118577075099,0.3451910408432148,0.2845849802371542,0.2872200263504611,0.30303030303030304,0.33201581027667987,0.2859025032938076,0.2740447957839262,0.27931488801054016,0.2845849802371542,0.3346508563899868,0.31488801054018445,0.308300395256917,0.26745718050065875,0.3557312252964427,0.2872200263504611,0.2885375494071146,0.3254281949934124,0.30566534914361,0.25823451910408435,0.28326745718050067,0.24769433465085638,0.26613965744400525,0.25296442687747034,0.2964426877470356,0.25428194993412384,0.2779973649538867,0.33069828722002637,0.30566534914361,0.29117259552042163,0.26613965744400525,0.2938076416337286,0.2845849802371542,0.2463768115942029,0.31488801054018445,0.3096179183135705,0.25559947299077734,0.2885375494071146,0.26613965744400525,0.30566534914361,0.2964426877470356,0.33201581027667987,0.3069828722002635,0.3201581027667984,0.2516469038208169,0.2503293807641634,0.2753623188405797,0.2753623188405797,0.2740447957839262,0.27009222661396576,0.2727272727272727,0.30303030303030304,0.30566534914361,0.3096179183135705,0.2595520421607378,0.25559947299077734,0.3201581027667984,0.2872200263504611
0.15	GNN	0.26877470355731226,0.3214756258234519,0.2859025032938076,0.2490118577075099,0.2938076416337286,0.2490118577075099,0.31357048748353095,0.2608695652173913,0.22793148880105402,0.30303030303030304,0.3241106719367589,0.26613965744400525,0.2753623188405797,0.2845849802371542,0.2779973649538867,0.25691699604743085,0.2635046113306983,0.31488801054018445,0.2977602108036891,0.2938076416337286,0.2648221343873518,0.26613965744400525,0.2490118577075099,0.2951251646903821,0.28326745718050067,0.2595520421607378,0.33069828722002637,0.2727272727272727,0.2779973649538867,0.31620553359683795,0.23847167325428195,0.2503293807641634,0.2318840579710145,0.3201581027667984,0.2872200263504611,0.2885375494071146,0.2964426877470356,0.2766798418972332,0.30303030303030304,0.2779973649538867,0.25296442687747034,0.31752305665349145,0.29907773386034253,0.28063241106719367,0.2872200263504611,0.310935441370224,0.30566534914361,0.22793148880105402,0.2740447957839262,0.23847167325428195,0.22397891963109354,0.2938076416337286,0.3096179183135705,0.24242424242424243,0.26613965744400525,0.2872200263504611,0.23978919631093545,0.24242424242424243,0.2938076416337286,0.30434782608695654,0.26877470355731226,0.2898550724637681,0.230566534914361,0.31357048748353095,0.26877470355731226,0.2595520421607378,0.32674571805006586,0.2845849802371542,0.2753623188405797,0.2859025032938076,0.27931488801054016,0.26745718050065875,0.2608695652173913,0.27140974967061926,0.2648221343873518,0.28194993412384717,0.32938076416337286,0.230566534914361,0.27140974967061926,0.2938076416337286,0.2740447957839262,0.27009222661396576,0.2766798418972332,0.2845849802371542,0.30566534914361,0.25559947299077734,0.3096179183135705,0.2753623188405797,0.3069828722002635,0.29907773386034253,0.3359683794466403,0.2938076416337286,0.30303030303030304,0.25691699604743085,0.2859025032938076,0.3227931488801054,0.28063241106719367,0.2977602108036891,0.2898550724637681,0.25296442687747034,0.24769433465085638,0.30566534914361,0.3096179183135705,0.30039525691699603,0.30434782608695654,0.2964426877470356,0.2938076416337286,0.27931488801054016,0.23715415019762845,0.2595520421607378,0.2503293807641634,0.2490118577075099,0.2740447957839262,0.30303030303030304,0.2740447957839262,0.2779973649538867,0.2977602108036891,0.27009222661396576,0.2595520421607378,0.2924901185770751,0.2490118577075099,0.2938076416337286,0.2964426877470356,0.2450592885375494,0.308300395256917,0.308300395256917,0.2753623188405797,0.30566534914361,0.26877470355731226,0.2648221343873518,0.2859025032938076,0.27009222661396576,0.26877470355731226,0.25823451910408435,0.25823451910408435,0.310935441370224,0.31225296442687744,0.28194993412384717,0.2621870882740448,0.2147562582345191,0.2977602108036891,0.2753623188405797,0.2938076416337286,0.2727272727272727,0.2845849802371542,0.2766798418972332,0.27009222661396576,0.26613965744400525,0.32674571805006586,0.28063241106719367,0.29907773386034253,0.2740447957839262,0.2740447957839262,0.3386034255599473,0.2845849802371542,0.30566534914361,0.25296442687747034,0.2885375494071146,0.2977602108036891,0.2463768115942029,0.29117259552042163,0.2635046113306983,0.2885375494071146,0.26877470355731226,0.29117259552042163,0.25559947299077734,0.308300395256917,0.30303030303030304,0.2859025032938076,0.2740447957839262,0.26877470355731226,0.3188405797101449,0.24242424242424243,0.2898550724637681,0.27140974967061926,0.3201581027667984,0.2859025032938076,0.30434782608695654,0.2648221343873518,0.2885375494071146,0.2727272727272727,0.233201581027668,0.2779973649538867,0.25296442687747034,0.28063241106719367,0.2753623188405797,0.2977602108036891,0.31488801054018445,0.2516469038208169,0.2621870882740448,0.26877470355731226,0.31225296442687744,0.30171277997364954,0.3201581027667984,0.29907773386034253,0.3096179183135705,0.2635046113306983,0.28326745718050067,0.2859025032938076,0.31225296442687744
0.15	GG	0.25823451910408435,0.3201581027667984,0.3557312252964427,0.30039525691699603,0.2727272727272727,0.30434782608695654,0.3386034255599473,0.2766798418972332,0.25823451910408435,0.25296442687747034,0.2727272727272727,0.3557312252964427,0.36231884057971014,0.2779973649538867,0.26745718050065875,0.3069828722002635,0.30039525691699603,0.3069828722002635,0.26613965744400525,0.308300395256917,0.2727272727272727,0.2964426877470356,0.3241106719367589,0.31488801054018445,0.29117259552042163,0.3201581027667984,0.16469038208168643,0.3096179183135705,0.3372859025032938,0.32674571805006586,0.3425559947299078,0.31225296442687744,0.2621870882740448,0.31357048748353095,0.30171277997364954,0.2595520421607378,0.33992094861660077,0.22661396574440051,0.27009222661396576,0.28194993412384717,0.2898550724637681,0.3465085638998682,0.33069828722002637,0.2898550724637681,0.29117259552042163,0.3201581027667984,0.2859025032938076,0.26877470355731226,0.23978919631093545,0.2924901185770751,0.31225296442687744,0.3965744400527009,0.3188405797101449,0.25296442687747034,0.3412384716732543,0.2503293807641634,0.30303030303030304,0.4031620553359684,0.29907773386034253,0.30303030303030304,0.3254281949934124,0.2740447957839262,0.2608695652173913,0.2450592885375494,0.30566534914361,0.391304347826087,0.2964426877470356,0.2648221343873518,0.2503293807641634,0.25428194993412384,0.2859025032938076,0.29117259552042163,0.2621870882740448,0.3530961791831357,0.26745718050065875,0.30039525691699603,0.32674571805006586,0.32806324110671936,0.3438735177865613,0.29117259552042163,0.308300395256917,0.2595520421607378,0.29117259552042163,0.22134387351778656,0.2516469038208169,0.2845849802371542,0.36231884057971014,0.3096179183135705,0.26745718050065875,0.29117259552042163,0.2490118577075099,0.2845849802371542,0.2898550724637681,0.37549407114624506,0.2779973649538867,0.2779973649538867,0.38603425559947296,0.2859025032938076,0.2977602108036891,0.3386034255599473,0.3188405797101449,0.37417654808959155,0.3201581027667984,0.26613965744400525,0.2859025032938076,0.29907773386034253,0.2964426877470356,0.3069828722002635,0.3096179183135705,0.37681159420289856,0.3096179183135705,0.37549407114624506,0.29907773386034253,0.3188405797101449,0.32938076416337286,0.2951251646903821,0.2924901185770751,0.3570487483530962,0.26745718050065875,0.308300395256917,0.30566534914361,0.29907773386034253,0.3412384716732543,0.28326745718050067,0.2845849802371542,0.22661396574440051,0.3425559947299078,0.2648221343873518,0.31488801054018445,0.30434782608695654,0.2964426877470356,0.2160737812911726,0.2766798418972332,0.26613965744400525,0.24242424242424243,0.2437417654808959,0.34914361001317523,0.30039525691699603,0.38735177865612647,0.3386034255599473,0.20685111989459815,0.36495388669301715,0.30566534914361,0.31620553359683795,0.26745718050065875,0.2740447957839262,0.35177865612648224,0.26877470355731226,0.2648221343873518,0.308300395256917,0.26877470355731226,0.28194993412384717,0.3346508563899868,0.3241106719367589,0.2516469038208169,0.30303030303030304,0.31488801054018445,0.30039525691699603,0.3201581027667984,0.33992094861660077,0.2779973649538867,0.2648221343873518,0.2450592885375494,0.2753623188405797,0.2885375494071146,0.36100131752305664,0.3227931488801054,0.2938076416337286,0.30039525691699603,0.30303030303030304,0.2450592885375494,0.2964426877470356,0.3214756258234519,0.25296442687747034,0.2648221343873518,0.2779973649538867,0.3227931488801054,0.31225296442687744,0.2885375494071146,0.3465085638998682,0.21212121212121213,0.25823451910408435,0.2779973649538867,0.31357048748353095,0.2740447957839262,0.4005270092226614,0.28326745718050067,0.26745718050065875,0.26613965744400525,0.29907773386034253,0.2964426877470356,0.2727272727272727,0.2779973649538867,0.3227931488801054,0.3201581027667984,0.3662714097496706,0.2924901185770751,0.24769433465085638,0.2490118577075099,0.2964426877470356
0.15	GG2	0.2951251646903821,0.33992094861660077,0.3926218708827404,0.3465085638998682,0.31225296442687744,0.31488801054018445,0.3662714097496706,0.28063241106719367,0.2753623188405797,0.2727272727272727,0.3201581027667984,0.308300395256917,0.3583662714097497,0.28194993412384717,0.32938076416337286,0.3689064558629776,0.31488801054018445,0.3425559947299078,0.28063241106719367,0.31488801054018445,0.3544137022397892,0.29117259552042163,0.30303030303030304,0.2898550724637681,0.31488801054018445,0.383399209486166,0.3346508563899868,0.31620553359683795,0.2898550724637681,0.3570487483530962,0.30434782608695654,0.310935441370224,0.3359683794466403,0.31620553359683795,0.23978919631093545,0.2898550724637681,0.27140974967061926,0.2503293807641634,0.30566534914361,0.26613965744400525,0.33069828722002637,0.3386034255599473,0.31225296442687744,0.27931488801054016,0.3372859025032938,0.30434782608695654,0.2727272727272727,0.2727272727272727,0.32806324110671936,0.30039525691699603,0.33201581027667987,0.25428194993412384,0.31488801054018445,0.2977602108036891,0.36363636363636365,0.29117259552042163,0.28063241106719367,0.32674571805006586,0.3465085638998682,0.3847167325428195,0.3465085638998682,0.310935441370224,0.30039525691699603,0.26745718050065875,0.33201581027667987,0.3241106719367589,0.37681159420289856,0.32938076416337286,0.32938076416337286,0.2740447957839262,0.2779973649538867,0.3241106719367589,0.24769433465085638,0.3530961791831357,0.24110671936758893,0.2595520421607378,0.3188405797101449,0.2924901185770751,0.32674571805006586,0.36231884057971014,0.32806324110671936,0.31752305665349145,0.2727272727272727,0.2924901185770751,0.30566534914361,0.32938076416337286,0.3412384716732543,0.2924901185770751,0.3096179183135705,0.21739130434782608,0.3254281949934124,0.3557312252964427,0.35177865612648224,0.30434782608695654,0.35046113306982873,0.2938076416337286,0.3451910408432148,0.31488801054018445,0.2621870882740448,0.3359683794466403,0.2938076416337286,0.29117259552042163,0.3227931488801054,0.28063241106719367,0.3254281949934124,0.32806324110671936,0.2779973649538867,0.3702239789196311,0.3201581027667984,0.38998682476943347,0.383399209486166,0.31752305665349145,0.33069828722002637,0.2977602108036891,0.3227931488801054,0.25428194993412384,0.3359683794466403,0.30566534914361,0.28326745718050067,0.29907773386034253,0.30566534914361,0.308300395256917,0.24242424242424243,0.2779973649538867,0.3241106719367589,0.30434782608695654,0.2845849802371542,0.30303030303030304,0.3227931488801054,0.3346508563899868,0.3689064558629776,0.3333333333333333,0.3214756258234519,0.31620553359683795,0.2147562582345191,0.310935441370224,0.37285902503293805,0.33201581027667987,0.2898550724637681,0.30434782608695654,0.3438735177865613,0.3096179183135705,0.2845849802371542,0.3227931488801054,0.3214756258234519,0.31357048748353095,0.3333333333333333,0.2727272727272727,0.26745718050065875,0.3254281949934124,0.308300395256917,0.3096179183135705,0.3214756258234519,0.2977602108036891,0.30434782608695654,0.308300395256917,0.2779973649538867,0.3096179183135705,0.308300395256917,0.3201581027667984,0.3451910408432148,0.27931488801054016,0.2779973649538867,0.2766798418972332,0.310935441370224,0.2859025032938076,0.3583662714097497,0.2463768115942029,0.35046113306982873,0.3227931488801054,0.3438735177865613,0.3201581027667984,0.2635046113306983,0.25559947299077734,0.3096179183135705,0.3254281949934124,0.3557312252964427,0.2951251646903821,0.2898550724637681,0.37681159420289856,0.2503293807641634,0.30303030303030304,0.3662714097496706,0.3201581027667984,0.30434782608695654,0.37681159420289856,0.2898550724637681,0.3201581027667984,0.28326745718050067,0.3465085638998682,0.31620553359683795,0.30171277997364954,0.31225296442687744,0.33069828722002637,0.3227931488801054,0.36231884057971014,0.308300395256917,0.28326745718050067,0.3201581027667984,0.32674571805006586
