0.0	GEE	0.006391048431396484,0.004816770553588867,0.004757881164550781,0.004851102828979492,0.0047607421875,0.0049321651458740234,0.004923820495605469,0.004930973052978516,0.004873037338256836,0.005769014358520508,0.004933834075927734,0.005037069320678711,0.004801034927368164,0.004804134368896484,0.004815816879272461,0.004770040512084961,0.0047757625579833984,0.004979133605957031,0.00555419921875,0.004840850830078125,0.00488591194152832,0.004778861999511719,0.004817962646484375,0.005074977874755859,0.004737138748168945,0.004773139953613281,0.004733085632324219,0.00479578971862793,0.004984140396118164,0.004765033721923828,0.00491786003112793,0.004859209060668945,0.004877805709838867,0.004762172698974609,0.004818916320800781,0.005031108856201172,0.005017995834350586,0.0049169063568115234,0.004811763763427734,0.005182027816772461,0.004775047302246094,0.0051839351654052734,0.004895925521850586,0.0050580501556396484,0.0048520565032958984,0.005039215087890625,0.005626201629638672,0.005445957183837891,0.005691051483154297,0.00477910041809082,0.005299806594848633,0.004813194274902344,0.0051729679107666016,0.0048198699951171875,0.0054798126220703125,0.0048639774322509766,0.004763126373291016,0.004827976226806641,0.004949092864990234,0.004748106002807617,0.0048029422760009766,0.005036115646362305,0.0047800540924072266,0.005327701568603516,0.005075216293334961,0.0054111480712890625,0.005630970001220703,0.004955768585205078,0.004838228225708008,0.004888772964477539,0.00479888916015625,0.004934072494506836,0.004868030548095703,0.004832029342651367,0.004724979400634766,0.004983186721801758,0.004906892776489258,0.004857063293457031,0.0048062801361083984,0.004745006561279297,0.004920005798339844,0.0048940181732177734,0.004827976226806641,0.004759073257446289,0.005668163299560547,0.005182027816772461,0.004759073257446289,0.00483393669128418,0.005043983459472656,0.005045175552368164,0.004785060882568359,0.004930019378662109,0.0047490596771240234,0.005316019058227539,0.004784107208251953,0.0050389766693115234,0.005573749542236328,0.004759788513183594,0.0049250125885009766,0.0047948360443115234,0.0050618648529052734,0.00475001335144043,0.005347251892089844,0.004868984222412109,0.004940986633300781,0.0057032108306884766,0.0048770904541015625,0.004808187484741211,0.00477910041809082,0.004890918731689453,0.00485682487487793,0.004981040954589844,0.00509190559387207,0.0047149658203125,0.004849910736083984,0.005135774612426758,0.004929065704345703,0.0047588348388671875,0.004928112030029297,0.004796028137207031,0.0047779083251953125,0.0054416656494140625,0.0048198699951171875,0.004742860794067383,0.004798173904418945,0.00487208366394043,0.005176067352294922,0.0047588348388671875,0.004992961883544922,0.005106925964355469,0.0057201385498046875,0.0054340362548828125,0.004871845245361328,0.005187034606933594,0.004834175109863281,0.005463123321533203,0.004786968231201172,0.004745006561279297,0.00478672981262207,0.004808902740478516,0.005561113357543945,0.004884958267211914,0.0048787593841552734,0.005663156509399414,0.0051021575927734375,0.00493621826171875,0.004766941070556641,0.004785060882568359,0.004848003387451172,0.00469207763671875,0.0049610137939453125,0.004866123199462891,0.005526065826416016,0.004747152328491211,0.004766941070556641,0.005088090896606445,0.004754066467285156,0.004808902740478516,0.004850864410400391,0.004796028137207031,0.004938840866088867,0.004892826080322266,0.005604982376098633,0.004770755767822266,0.004915952682495117,0.005478858947753906,0.004846096038818359,0.005315065383911133,0.004782676696777344,0.005418062210083008,0.005655765533447266,0.004950046539306641,0.004808902740478516,0.004904031753540039,0.005093812942504883,0.005589008331298828,0.005000114440917969,0.004728078842163086,0.005158185958862305,0.0054357051849365234,0.004816770553588867,0.004827260971069336,0.004976034164428711,0.004766225814819336,0.004944801330566406,0.004729270935058594,0.005019187927246094,0.0048100948333740234,0.0048601627349853516,0.005544900894165039,0.00484919548034668,0.0047609806060791016,0.0054891109466552734,0.004996061325073242,0.005014896392822266,0.0049097537994384766,0.00480198860168457,0.004776954650878906,0.004770040512084961,0.005825996398925781
0.0	GNN	0.1970670223236084,0.2501201629638672,0.21970677375793457,0.3678152561187744,0.27910614013671875,0.25997114181518555,0.2164630889892578,0.36169004440307617,0.2517271041870117,0.2501189708709717,0.26930785179138184,0.2202310562133789,0.2303318977355957,0.2821040153503418,0.21136713027954102,0.26885390281677246,0.27837276458740234,0.2396228313446045,0.3021690845489502,0.2077500820159912,0.3115990161895752,0.22069501876831055,0.280167818069458,0.30549001693725586,0.20770883560180664,0.3917958736419678,0.3663020133972168,0.23226499557495117,0.3001720905303955,0.263139009475708,0.24117517471313477,0.29795408248901367,0.3290538787841797,0.2844688892364502,0.2693672180175781,0.23068904876708984,0.41820812225341797,0.3292500972747803,0.21019864082336426,0.29520726203918457,0.3570261001586914,0.35831570625305176,0.2831087112426758,0.3349947929382324,0.3521699905395508,0.31400609016418457,0.24822402000427246,0.26430416107177734,0.2679178714752197,0.31693005561828613,0.30645012855529785,0.26961684226989746,0.29808998107910156,0.29772114753723145,0.3209407329559326,0.3516051769256592,0.360400915145874,0.30852293968200684,0.3299379348754883,0.3510909080505371,0.5011398792266846,0.28024911880493164,0.21848297119140625,0.26696205139160156,0.31540894508361816,0.2695291042327881,0.3196089267730713,0.3631460666656494,0.23176813125610352,0.24524402618408203,0.23940587043762207,0.2379307746887207,0.3096318244934082,0.21984100341796875,0.4343698024749756,0.2658839225769043,0.4030728340148926,0.44640111923217773,0.308607816696167,0.25300097465515137,0.3583247661590576,0.4113280773162842,0.22917413711547852,0.2575950622558594,0.2633228302001953,0.2664759159088135,0.2656888961791992,0.31873583793640137,0.4288299083709717,0.3058931827545166,0.22964191436767578,0.21072721481323242,0.2667877674102783,0.3063089847564697,0.3286006450653076,0.24419188499450684,0.3294839859008789,0.26397275924682617,0.2397780418395996,0.3273601531982422,0.3116629123687744,0.4523468017578125,0.25647807121276855,0.29047608375549316,0.3504140377044678,0.208420991897583,0.2243039608001709,0.2587110996246338,0.2779526710510254,0.26319122314453125,0.26370716094970703,0.23802900314331055,0.281170129776001,0.32781386375427246,0.29979610443115234,0.21279311180114746,0.43267083168029785,0.2607722282409668,0.2690250873565674,0.36876797676086426,0.2132401466369629,0.30196714401245117,0.27887892723083496,0.2531759738922119,0.2203841209411621,0.2254648208618164,0.26732707023620605,0.22966718673706055,0.22009801864624023,0.3069758415222168,0.31381726264953613,0.3021070957183838,0.2936131954193115,0.32214903831481934,0.4095940589904785,0.31702089309692383,0.25137805938720703,0.37210988998413086,0.2666478157043457,0.25879716873168945,0.21550893783569336,0.27718091011047363,0.23897886276245117,0.30809807777404785,0.3340950012207031,0.34440183639526367,0.2984352111816406,0.3854849338531494,0.2596719264984131,0.2294600009918213,0.35472893714904785,0.24271702766418457,0.28286290168762207,0.3507957458496094,0.24062108993530273,0.291517972946167,0.24818897247314453,0.23545289039611816,0.35987091064453125,0.3180248737335205,0.28588294982910156,0.25037527084350586,0.22223520278930664,0.25728511810302734,0.40561795234680176,0.32442402839660645,0.22173190116882324,0.30995988845825195,0.266247034072876,0.21153974533081055,0.27668309211730957,0.26259303092956543,0.2639150619506836,0.2737298011779785,0.322418212890625,0.2679319381713867,0.3849177360534668,0.3680400848388672,0.20383071899414062,0.3093700408935547,0.21212172508239746,0.2694249153137207,0.3461470603942871,0.2216501235961914,0.27745485305786133,0.23786592483520508,0.32901811599731445,0.385040283203125,0.3505840301513672,0.34055089950561523,0.22807025909423828,0.3186330795288086,0.23073601722717285,0.40198302268981934,0.2742447853088379,0.32834887504577637,0.3874552249908447,0.3179600238800049,0.27771878242492676,0.3137640953063965
0.0	GG	0.38144588470458984,0.21081995964050293,0.21375584602355957,0.2110309600830078,0.2768058776855469,0.28165197372436523,0.41981005668640137,0.22280383110046387,0.23688602447509766,0.3313460350036621,0.25763893127441406,0.33306431770324707,0.2541520595550537,0.22464418411254883,0.39894866943359375,0.2907118797302246,0.36157798767089844,0.2758469581604004,0.30605220794677734,0.2051529884338379,0.41240620613098145,0.21008610725402832,0.21815204620361328,0.2609992027282715,0.39749789237976074,0.2529888153076172,0.21182799339294434,0.3099648952484131,0.4833872318267822,0.20781993865966797,0.38112497329711914,0.20731282234191895,0.28947925567626953,0.21023011207580566,0.2419419288635254,0.3246281147003174,0.4262967109680176,0.2236771583557129,0.33061671257019043,0.23939919471740723,0.37626099586486816,0.39067912101745605,0.3535940647125244,0.24218392372131348,0.3256189823150635,0.5599849224090576,0.38585400581359863,0.20603394508361816,0.2655797004699707,0.35109806060791016,0.4736330509185791,0.22174882888793945,0.2087268829345703,0.20965981483459473,0.2423717975616455,0.33710312843322754,0.21384310722351074,0.5223538875579834,0.26628875732421875,0.21115708351135254,0.3150491714477539,0.38173890113830566,0.4951348304748535,0.4535958766937256,0.21541595458984375,0.3477959632873535,0.4224209785461426,0.4796469211578369,0.5375587940216064,0.4250519275665283,0.276993989944458,0.4780459403991699,0.22443437576293945,0.20975685119628906,0.3191518783569336,0.20688104629516602,0.20580196380615234,0.20975184440612793,0.31475305557250977,0.36376380920410156,0.24715375900268555,0.4515268802642822,0.3601648807525635,0.25785398483276367,0.21162915229797363,0.4333028793334961,0.29548025131225586,0.21323299407958984,0.4086289405822754,0.21564698219299316,0.31047916412353516,0.2847018241882324,0.2809638977050781,0.6007528305053711,0.21981215476989746,0.1927049160003662,0.34729695320129395,0.27085423469543457,0.26843690872192383,0.4048612117767334,0.2205219268798828,0.3183150291442871,0.20969486236572266,0.22707581520080566,0.2943897247314453,0.3406708240509033,0.3510429859161377,0.3632631301879883,0.3221149444580078,0.22405219078063965,0.2167501449584961,0.2094101905822754,0.2085721492767334,0.222182035446167,0.22042012214660645,0.21361303329467773,0.23447608947753906,0.325944185256958,0.2178339958190918,0.3162820339202881,0.21886181831359863,0.24184083938598633,0.21041393280029297,0.3106539249420166,0.2555241584777832,0.256972074508667,0.2204759120941162,0.26877617835998535,0.20790600776672363,0.32495999336242676,0.3171520233154297,0.2076420783996582,0.22062087059020996,0.2244579792022705,0.3048689365386963,0.21986889839172363,0.2088172435760498,0.3197140693664551,0.31548380851745605,0.21315813064575195,0.2913789749145508,0.22372198104858398,0.20738506317138672,0.25045013427734375,0.3210110664367676,0.20928597450256348,0.3455989360809326,0.21505975723266602,0.21040010452270508,0.2370460033416748,0.3577430248260498,0.2879669666290283,0.4149949550628662,0.27242088317871094,0.3044297695159912,0.21056795120239258,0.41204118728637695,0.21113801002502441,0.2960851192474365,0.3244497776031494,0.3014218807220459,0.21720600128173828,0.29570889472961426,0.2147829532623291,0.27504611015319824,0.23416900634765625,0.2632319927215576,0.46329307556152344,0.21052098274230957,0.22127699851989746,0.2382967472076416,0.5852689743041992,0.3900008201599121,0.46980905532836914,0.26296091079711914,0.21458101272583008,0.2286839485168457,0.3998072147369385,0.22817492485046387,0.39218711853027344,0.22340798377990723,0.2126600742340088,0.2782771587371826,0.27565908432006836,0.20982789993286133,0.5643901824951172,0.37156009674072266,0.6606531143188477,0.3463709354400635,0.2064650058746338,0.2191927433013916,0.21686625480651855,0.210784912109375,0.20972013473510742,0.23837780952453613,0.3385159969329834,0.405825138092041,0.28638505935668945,0.2079932689666748,0.3710319995880127
0.0	GG2	0.38144588470458984,0.21081995964050293,0.21375584602355957,0.2110309600830078,0.2768058776855469,0.28165197372436523,0.41981005668640137,0.22280383110046387,0.23688602447509766,0.3313460350036621,0.25763893127441406,0.33306431770324707,0.2541520595550537,0.22464418411254883,0.39894866943359375,0.2907118797302246,0.36157798767089844,0.2758469581604004,0.30605220794677734,0.2051529884338379,0.41240620613098145,0.21008610725402832,0.21815204620361328,0.2609992027282715,0.39749789237976074,0.2529888153076172,0.21182799339294434,0.3099648952484131,0.4833872318267822,0.20781993865966797,0.38112497329711914,0.20731282234191895,0.28947925567626953,0.21023011207580566,0.2419419288635254,0.3246281147003174,0.4262967109680176,0.2236771583557129,0.33061671257019043,0.23939919471740723,0.37626099586486816,0.39067912101745605,0.3535940647125244,0.24218392372131348,0.3256189823150635,0.5599849224090576,0.38585400581359863,0.20603394508361816,0.2655797004699707,0.35109806060791016,0.4736330509185791,0.22174882888793945,0.2087268829345703,0.20965981483459473,0.2423717975616455,0.33710312843322754,0.21384310722351074,0.5223538875579834,0.26628875732421875,0.21115708351135254,0.3150491714477539,0.38173890113830566,0.4951348304748535,0.4535958766937256,0.21541595458984375,0.3477959632873535,0.4224209785461426,0.4796469211578369,0.5375587940216064,0.4250519275665283,0.276993989944458,0.4780459403991699,0.22443437576293945,0.20975685119628906,0.3191518783569336,0.20688104629516602,0.20580196380615234,0.20975184440612793,0.31475305557250977,0.36376380920410156,0.24715375900268555,0.4515268802642822,0.3601648807525635,0.25785398483276367,0.21162915229797363,0.4333028793334961,0.29548025131225586,0.21323299407958984,0.4086289405822754,0.21564698219299316,0.31047916412353516,0.2847018241882324,0.2809638977050781,0.6007528305053711,0.21981215476989746,0.1927049160003662,0.34729695320129395,0.27085423469543457,0.26843690872192383,0.4048612117767334,0.2205219268798828,0.3183150291442871,0.20969486236572266,0.22707581520080566,0.2943897247314453,0.3406708240509033,0.3510429859161377,0.3632631301879883,0.3221149444580078,0.22405219078063965,0.2167501449584961,0.2094101905822754,0.2085721492767334,0.222182035446167,0.22042012214660645,0.21361303329467773,0.23447608947753906,0.325944185256958,0.2178339958190918,0.3162820339202881,0.21886181831359863,0.24184083938598633,0.21041393280029297,0.3106539249420166,0.2555241584777832,0.256972074508667,0.2204759120941162,0.26877617835998535,0.20790600776672363,0.32495999336242676,0.3171520233154297,0.2076420783996582,0.22062087059020996,0.2244579792022705,0.3048689365386963,0.21986889839172363,0.2088172435760498,0.3197140693664551,0.31548380851745605,0.21315813064575195,0.2913789749145508,0.22372198104858398,0.20738506317138672,0.25045013427734375,0.3210110664367676,0.20928597450256348,0.3455989360809326,0.21505975723266602,0.21040010452270508,0.2370460033416748,0.3577430248260498,0.2879669666290283,0.4149949550628662,0.27242088317871094,0.3044297695159912,0.21056795120239258,0.41204118728637695,0.21113801002502441,0.2960851192474365,0.3244497776031494,0.3014218807220459,0.21720600128173828,0.29570889472961426,0.2147829532623291,0.27504611015319824,0.23416900634765625,0.2632319927215576,0.46329307556152344,0.21052098274230957,0.22127699851989746,0.2382967472076416,0.5852689743041992,0.3900008201599121,0.46980905532836914,0.26296091079711914,0.21458101272583008,0.2286839485168457,0.3998072147369385,0.22817492485046387,0.39218711853027344,0.22340798377990723,0.2126600742340088,0.2782771587371826,0.27565908432006836,0.20982789993286133,0.5643901824951172,0.37156009674072266,0.6606531143188477,0.3463709354400635,0.2064650058746338,0.2191927433013916,0.21686625480651855,0.210784912109375,0.20972013473510742,0.23837780952453613,0.3385159969329834,0.405825138092041,0.28638505935668945,0.2079932689666748,0.3710319995880127
0.01	GEE	0.00625300407409668,0.006289243698120117,0.005700111389160156,0.005776166915893555,0.005754947662353516,0.005703926086425781,0.0060727596282958984,0.0057659149169921875,0.005773782730102539,0.005748271942138672,0.005717039108276367,0.006432056427001953,0.0057599544525146484,0.006358146667480469,0.005693912506103516,0.005765199661254883,0.005655765533447266,0.0060307979583740234,0.005810737609863281,0.005708932876586914,0.0058879852294921875,0.0064449310302734375,0.005628108978271484,0.006145000457763672,0.005956888198852539,0.0065419673919677734,0.006176948547363281,0.00569915771484375,0.005711078643798828,0.005825042724609375,0.005752086639404297,0.0058629512786865234,0.005733013153076172,0.0059168338775634766,0.005856037139892578,0.006052732467651367,0.005882740020751953,0.005751848220825195,0.0057790279388427734,0.005707979202270508,0.006264686584472656,0.00577092170715332,0.00583195686340332,0.005729198455810547,0.005774021148681641,0.0059337615966796875,0.005789279937744141,0.006017208099365234,0.005727291107177734,0.0057888031005859375,0.005850076675415039,0.005736351013183594,0.0057849884033203125,0.005732059478759766,0.005938053131103516,0.006289958953857422,0.0069561004638671875,0.00644993782043457,0.005874156951904297,0.0058650970458984375,0.0058879852294921875,0.0059392452239990234,0.005775928497314453,0.00574803352355957,0.005717039108276367,0.005850076675415039,0.005871295928955078,0.005827903747558594,0.006593227386474609,0.005711078643798828,0.006219148635864258,0.005702018737792969,0.006181955337524414,0.00573420524597168,0.0058057308197021484,0.006639957427978516,0.0057430267333984375,0.005807161331176758,0.005722999572753906,0.006179094314575195,0.0058367252349853516,0.006083965301513672,0.005693197250366211,0.005961894989013672,0.005934000015258789,0.005892038345336914,0.006134986877441406,0.005710124969482422,0.006577014923095703,0.005921125411987305,0.005753040313720703,0.006742954254150391,0.006103992462158203,0.006627082824707031,0.006803035736083984,0.005762815475463867,0.006807088851928711,0.006086826324462891,0.005851030349731445,0.005960941314697266,0.0058441162109375,0.00568389892578125,0.005915164947509766,0.005707979202270508,0.005716085433959961,0.006551980972290039,0.006163120269775391,0.006752967834472656,0.005896329879760742,0.005886077880859375,0.006161212921142578,0.005865335464477539,0.006768941879272461,0.0061130523681640625,0.005886077880859375,0.005645036697387695,0.005851030349731445,0.005838871002197266,0.005944967269897461,0.0058820247650146484,0.006541013717651367,0.0066680908203125,0.005940914154052734,0.00585174560546875,0.00572967529296875,0.005634784698486328,0.005886077880859375,0.005692243576049805,0.00585484504699707,0.005916118621826172,0.005714893341064453,0.006250858306884766,0.005750894546508789,0.0058481693267822266,0.006087779998779297,0.005793094635009766,0.005917072296142578,0.005799055099487305,0.005846977233886719,0.006008148193359375,0.006103038787841797,0.006730079650878906,0.0057337284088134766,0.005728006362915039,0.005715131759643555,0.0058710575103759766,0.005784034729003906,0.0059621334075927734,0.005947113037109375,0.005848884582519531,0.006165981292724609,0.006804943084716797,0.00595402717590332,0.006048917770385742,0.005915164947509766,0.005927085876464844,0.005700111389160156,0.0057299137115478516,0.00597381591796875,0.0057830810546875,0.005815029144287109,0.005852937698364258,0.005937099456787109,0.00580596923828125,0.005975008010864258,0.0058519840240478516,0.005798816680908203,0.005925178527832031,0.005963802337646484,0.006129026412963867,0.006773948669433594,0.00575709342956543,0.006437778472900391,0.005850076675415039,0.0056989192962646484,0.006055116653442383,0.006562709808349609,0.005939960479736328,0.005766868591308594,0.0059528350830078125,0.0058062076568603516,0.005820035934448242,0.005933046340942383,0.005710124969482422,0.0060579776763916016,0.00576472282409668,0.005866050720214844,0.005861997604370117,0.00586390495300293,0.005721092224121094,0.006349086761474609,0.0058231353759765625,0.00584101676940918,0.00584101676940918,0.005846977233886719,0.006246328353881836,0.005747795104980469,0.005761861801147461,0.005788087844848633,0.006745815277099609
0.01	GNN	0.23504090309143066,0.25287294387817383,0.3969738483428955,0.41060376167297363,0.3466501235961914,0.2480149269104004,0.22456622123718262,0.3232760429382324,0.2695469856262207,0.24706196784973145,0.2681620121002197,0.29932689666748047,0.22005414962768555,0.2340102195739746,0.22037887573242188,0.23314833641052246,0.2658679485321045,0.28064799308776855,0.38118910789489746,0.2614729404449463,0.336184024810791,0.3365602493286133,0.3005349636077881,0.2576441764831543,0.23285388946533203,0.3187122344970703,0.2844696044921875,0.23085308074951172,0.2851259708404541,0.4441661834716797,0.2854452133178711,0.3481569290161133,0.2648487091064453,0.3971102237701416,0.3001847267150879,0.23061299324035645,0.3459811210632324,0.23477673530578613,0.2348031997680664,0.22108912467956543,0.37390899658203125,0.45384979248046875,0.3029139041900635,0.2813239097595215,0.30025386810302734,0.37720394134521484,0.5498907566070557,0.34566211700439453,0.23721909523010254,0.32090282440185547,0.2211618423461914,0.4074971675872803,0.38551783561706543,0.2434370517730713,0.23015809059143066,0.2294168472290039,0.33759403228759766,0.23043608665466309,0.26723194122314453,0.2701878547668457,0.23143291473388672,0.2816438674926758,0.24349117279052734,0.3285360336303711,0.27185893058776855,0.22542619705200195,0.2741551399230957,0.2892191410064697,0.24702906608581543,0.23220086097717285,0.2733759880065918,0.28801393508911133,0.2872178554534912,0.22682809829711914,0.27704882621765137,0.20471501350402832,0.23065900802612305,0.2337629795074463,0.22699689865112305,0.4876420497894287,0.226593017578125,0.2315371036529541,0.2430860996246338,0.35692596435546875,0.23657488822937012,0.36061811447143555,0.5564620494842529,0.2960240840911865,0.33827996253967285,0.3203740119934082,0.28176188468933105,0.22048091888427734,0.23693418502807617,0.23999428749084473,0.23102903366088867,0.2194359302520752,0.2675282955169678,0.3861420154571533,0.2840578556060791,0.30175185203552246,0.21905016899108887,0.5029537677764893,0.23114681243896484,0.27336764335632324,0.3095588684082031,0.23872900009155273,0.2236340045928955,0.22641491889953613,0.2667970657348633,0.3792741298675537,0.31630587577819824,0.40135669708251953,0.33910489082336426,0.2819521427154541,0.37023401260375977,0.2384030818939209,0.21930217742919922,0.25417613983154297,0.5614440441131592,0.37809205055236816,0.25620579719543457,0.21942520141601562,0.32314610481262207,0.23322105407714844,0.23993515968322754,0.26033878326416016,0.2566208839416504,0.2741398811340332,0.25547122955322266,0.25310492515563965,0.28289794921875,0.2385571002960205,0.32243776321411133,0.3529479503631592,0.5226359367370605,0.25049400329589844,0.37195706367492676,0.21856307983398438,0.22658205032348633,0.25850605964660645,0.33132386207580566,0.230546236038208,0.2717170715332031,0.4368157386779785,0.3264307975769043,0.38968896865844727,0.2343130111694336,0.2516758441925049,0.2865169048309326,0.24367570877075195,0.2196485996246338,0.31636881828308105,0.2420039176940918,0.2500803470611572,0.2721741199493408,0.3045191764831543,0.35201311111450195,0.23814702033996582,0.37009596824645996,0.3261539936065674,0.28787922859191895,0.30349016189575195,0.2252979278564453,0.23112106323242188,0.22584795951843262,0.3921489715576172,0.228057861328125,0.22058868408203125,0.38831281661987305,0.22315311431884766,0.282437801361084,0.2891709804534912,0.2791011333465576,0.2726011276245117,0.40939807891845703,0.42114877700805664,0.3713841438293457,0.24191904067993164,0.39734768867492676,0.27445363998413086,0.23381710052490234,0.3435389995574951,0.22113275527954102,0.21733379364013672,0.2463541030883789,0.34807324409484863,0.297468900680542,0.3227419853210449,0.4829559326171875,0.34812498092651367,0.3311948776245117,0.3686339855194092,0.23047494888305664,0.22848892211914062,0.29686808586120605,0.2256309986114502,0.4125339984893799,0.28248000144958496,0.22487616539001465,0.31181907653808594
0.01	GG	0.2599008083343506,0.22115302085876465,0.6286277770996094,0.22124695777893066,0.29855799674987793,0.23483014106750488,0.21673011779785156,0.26671814918518066,0.29128003120422363,0.2638282775878906,0.2529878616333008,0.23267388343811035,0.23960590362548828,0.24146413803100586,0.4210093021392822,0.239152193069458,0.21650099754333496,0.29335784912109375,0.22561311721801758,0.22910690307617188,0.30944228172302246,0.22852516174316406,0.24721193313598633,0.29287290573120117,0.21537208557128906,0.3459949493408203,0.22065424919128418,0.44349193572998047,0.27942895889282227,0.21980619430541992,0.36604785919189453,0.22112512588500977,0.2160017490386963,0.22202110290527344,0.23267316818237305,0.3146321773529053,0.4060781002044678,0.4124171733856201,0.2194828987121582,0.23606014251708984,0.5857460498809814,0.43677210807800293,0.4369211196899414,0.5461471080780029,0.21889710426330566,0.22633910179138184,0.3401031494140625,0.390657901763916,0.23562192916870117,0.26952195167541504,0.21936678886413574,0.43329405784606934,0.25170421600341797,0.23483896255493164,0.2348489761352539,0.2190089225769043,0.21973204612731934,0.3321809768676758,0.3693501949310303,0.3924901485443115,0.29473400115966797,0.3704559803009033,0.221297025680542,0.21403813362121582,0.38086605072021484,0.3386378288269043,0.22877097129821777,0.22686100006103516,0.23116588592529297,0.34349894523620605,0.28560900688171387,0.22671222686767578,0.22985410690307617,0.22190308570861816,0.2348320484161377,0.2596557140350342,0.22083210945129395,0.22764801979064941,0.22639107704162598,0.22176814079284668,0.21713495254516602,0.39667701721191406,0.22926092147827148,0.48069310188293457,0.22867703437805176,0.4373970031738281,0.2173900604248047,0.42608094215393066,0.37954139709472656,0.34776997566223145,0.2265300750732422,0.3748040199279785,0.23181891441345215,0.21129775047302246,0.22169280052185059,0.33173513412475586,0.3318169116973877,0.22325396537780762,0.36060166358947754,0.2853100299835205,0.23553013801574707,0.24815106391906738,0.23230886459350586,0.35814809799194336,0.23053884506225586,0.21304798126220703,0.2188408374786377,0.22565293312072754,0.2523918151855469,0.2203972339630127,0.2268359661102295,0.5661940574645996,0.2702951431274414,0.4931461811065674,0.21976113319396973,0.3863978385925293,0.22559285163879395,0.22298789024353027,0.22688603401184082,0.32912421226501465,0.22769808769226074,0.21746301651000977,0.347395658493042,0.2203991413116455,0.30623912811279297,0.2778947353363037,0.40010809898376465,0.2324531078338623,0.21766877174377441,0.3809220790863037,0.22232508659362793,0.2348628044128418,0.33206796646118164,0.2880377769470215,0.2903420925140381,0.4194810390472412,0.2298421859741211,0.21919488906860352,0.2191770076751709,0.23989081382751465,0.4510629177093506,0.24680709838867188,0.42290806770324707,0.21799302101135254,0.21581411361694336,0.22100615501403809,0.23448491096496582,0.22692513465881348,0.22909903526306152,0.3027079105377197,0.24489498138427734,0.21625590324401855,0.24005913734436035,0.23238587379455566,0.22097492218017578,0.30904197692871094,0.22284793853759766,0.4143359661102295,0.21916985511779785,0.34527587890625,0.2699589729309082,0.36568188667297363,0.22394108772277832,0.223038911819458,0.2797420024871826,0.4755077362060547,0.2403888702392578,0.44736576080322266,0.4393632411956787,0.2377159595489502,0.21872401237487793,0.4441368579864502,0.44014811515808105,0.2307140827178955,0.27404022216796875,0.2351512908935547,0.22003889083862305,0.26513004302978516,0.22028398513793945,0.4124948978424072,0.21872210502624512,0.22165203094482422,0.23055315017700195,0.39745378494262695,0.22962498664855957,0.2291867733001709,0.33275270462036133,0.2199239730834961,0.4906609058380127,0.3941609859466553,0.24457383155822754,0.2185349464416504,0.22891712188720703,0.2560567855834961,0.29790616035461426,0.2683098316192627,0.2991609573364258,0.22594404220581055,0.36899399757385254,0.2188858985900879
0.01	GG2	0.2599008083343506,0.22115302085876465,0.6286277770996094,0.22124695777893066,0.29855799674987793,0.23483014106750488,0.21673011779785156,0.26671814918518066,0.29128003120422363,0.2638282775878906,0.2529878616333008,0.23267388343811035,0.23960590362548828,0.24146413803100586,0.4210093021392822,0.239152193069458,0.21650099754333496,0.29335784912109375,0.22561311721801758,0.22910690307617188,0.30944228172302246,0.22852516174316406,0.24721193313598633,0.29287290573120117,0.21537208557128906,0.3459949493408203,0.22065424919128418,0.44349193572998047,0.27942895889282227,0.21980619430541992,0.36604785919189453,0.22112512588500977,0.2160017490386963,0.22202110290527344,0.23267316818237305,0.3146321773529053,0.4060781002044678,0.4124171733856201,0.2194828987121582,0.23606014251708984,0.5857460498809814,0.43677210807800293,0.4369211196899414,0.5461471080780029,0.21889710426330566,0.22633910179138184,0.3401031494140625,0.390657901763916,0.23562192916870117,0.26952195167541504,0.21936678886413574,0.43329405784606934,0.25170421600341797,0.23483896255493164,0.2348489761352539,0.2190089225769043,0.21973204612731934,0.3321809768676758,0.3693501949310303,0.3924901485443115,0.29473400115966797,0.3704559803009033,0.221297025680542,0.21403813362121582,0.38086605072021484,0.3386378288269043,0.22877097129821777,0.22686100006103516,0.23116588592529297,0.34349894523620605,0.28560900688171387,0.22671222686767578,0.22985410690307617,0.22190308570861816,0.2348320484161377,0.2596557140350342,0.22083210945129395,0.22764801979064941,0.22639107704162598,0.22176814079284668,0.21713495254516602,0.39667701721191406,0.22926092147827148,0.48069310188293457,0.22867703437805176,0.4373970031738281,0.2173900604248047,0.42608094215393066,0.37954139709472656,0.34776997566223145,0.2265300750732422,0.3748040199279785,0.23181891441345215,0.21129775047302246,0.22169280052185059,0.33173513412475586,0.3318169116973877,0.22325396537780762,0.36060166358947754,0.2853100299835205,0.23553013801574707,0.24815106391906738,0.23230886459350586,0.35814809799194336,0.23053884506225586,0.21304798126220703,0.2188408374786377,0.22565293312072754,0.2523918151855469,0.2203972339630127,0.2268359661102295,0.5661940574645996,0.2702951431274414,0.4931461811065674,0.21976113319396973,0.3863978385925293,0.22559285163879395,0.22298789024353027,0.22688603401184082,0.32912421226501465,0.22769808769226074,0.21746301651000977,0.347395658493042,0.2203991413116455,0.30623912811279297,0.2778947353363037,0.40010809898376465,0.2324531078338623,0.21766877174377441,0.3809220790863037,0.22232508659362793,0.2348628044128418,0.33206796646118164,0.2880377769470215,0.2903420925140381,0.4194810390472412,0.2298421859741211,0.21919488906860352,0.2191770076751709,0.23989081382751465,0.4510629177093506,0.24680709838867188,0.42290806770324707,0.21799302101135254,0.21581411361694336,0.22100615501403809,0.23448491096496582,0.22692513465881348,0.22909903526306152,0.3027079105377197,0.24489498138427734,0.21625590324401855,0.24005913734436035,0.23238587379455566,0.22097492218017578,0.30904197692871094,0.22284793853759766,0.4143359661102295,0.21916985511779785,0.34527587890625,0.2699589729309082,0.36568188667297363,0.22394108772277832,0.223038911819458,0.2797420024871826,0.4755077362060547,0.2403888702392578,0.44736576080322266,0.4393632411956787,0.2377159595489502,0.21872401237487793,0.4441368579864502,0.44014811515808105,0.2307140827178955,0.27404022216796875,0.2351512908935547,0.22003889083862305,0.26513004302978516,0.22028398513793945,0.4124948978424072,0.21872210502624512,0.22165203094482422,0.23055315017700195,0.39745378494262695,0.22962498664855957,0.2291867733001709,0.33275270462036133,0.2199239730834961,0.4906609058380127,0.3941609859466553,0.24457383155822754,0.2185349464416504,0.22891712188720703,0.2560567855834961,0.29790616035461426,0.2683098316192627,0.2991609573364258,0.22594404220581055,0.36899399757385254,0.2188858985900879
0.02	GEE	0.0066318511962890625,0.0066339969635009766,0.006854057312011719,0.006819963455200195,0.006675004959106445,0.006632328033447266,0.007505178451538086,0.0064868927001953125,0.00670623779296875,0.006705045700073242,0.007147073745727539,0.006761074066162109,0.0067901611328125,0.006700038909912109,0.006651878356933594,0.006747007369995117,0.0071048736572265625,0.006637096405029297,0.00723719596862793,0.0067901611328125,0.007239818572998047,0.006866931915283203,0.006621122360229492,0.0068988800048828125,0.006867885589599609,0.006803989410400391,0.006703853607177734,0.00686192512512207,0.006766080856323242,0.0066339969635009766,0.006834745407104492,0.007364034652709961,0.006701946258544922,0.006762981414794922,0.007136106491088867,0.00704503059387207,0.006876230239868164,0.006868124008178711,0.007063150405883789,0.006649017333984375,0.006923198699951172,0.006639003753662109,0.006929159164428711,0.00667881965637207,0.006659030914306641,0.007210969924926758,0.007088184356689453,0.007161140441894531,0.006820201873779297,0.006599903106689453,0.006802082061767578,0.00680088996887207,0.006469249725341797,0.006747007369995117,0.0066869258880615234,0.0066699981689453125,0.00732421875,0.0075719356536865234,0.0066220760345458984,0.007660627365112305,0.006671905517578125,0.00677490234375,0.007609128952026367,0.006673097610473633,0.0068950653076171875,0.006665229797363281,0.006810188293457031,0.006577014923095703,0.0068988800048828125,0.006871223449707031,0.006517887115478516,0.006945133209228516,0.0066699981689453125,0.007055044174194336,0.0067441463470458984,0.006700754165649414,0.0075130462646484375,0.007598876953125,0.006653785705566406,0.006654977798461914,0.006763935089111328,0.007384061813354492,0.006833791732788086,0.0073871612548828125,0.007749080657958984,0.00664973258972168,0.006802797317504883,0.007561922073364258,0.006894111633300781,0.006577730178833008,0.006825923919677734,0.006822109222412109,0.006844997406005859,0.006541728973388672,0.006590127944946289,0.006823062896728516,0.00653529167175293,0.006745100021362305,0.007589817047119141,0.0066318511962890625,0.006639719009399414,0.00662994384765625,0.006551027297973633,0.007873058319091797,0.007077932357788086,0.006755828857421875,0.006868124008178711,0.006762981414794922,0.0073490142822265625,0.006622314453125,0.007718801498413086,0.006869077682495117,0.00662684440612793,0.0067691802978515625,0.008001089096069336,0.007776021957397461,0.006871938705444336,0.006460905075073242,0.006641864776611328,0.007469892501831055,0.006579875946044922,0.006506681442260742,0.0073359012603759766,0.006983280181884766,0.006613016128540039,0.006691694259643555,0.0066988468170166016,0.006797075271606445,0.006716012954711914,0.007776975631713867,0.006732940673828125,0.006906986236572266,0.02524113655090332,0.006577014923095703,0.00668787956237793,0.007081270217895508,0.0076448917388916016,0.006943941116333008,0.0070648193359375,0.006578207015991211,0.006947994232177734,0.007969856262207031,0.0067059993743896484,0.006644010543823242,0.006777286529541016,0.007355928421020508,0.006755828857421875,0.007036924362182617,0.006727933883666992,0.00753474235534668,0.007003068923950195,0.006785154342651367,0.00703883171081543,0.006688117980957031,0.0067157745361328125,0.007086753845214844,0.006760835647583008,0.006758213043212891,0.0066280364990234375,0.006824016571044922,0.007096052169799805,0.007427215576171875,0.0065441131591796875,0.007248878479003906,0.006829261779785156,0.0066378116607666016,0.006674051284790039,0.006834745407104492,0.007980823516845703,0.0067179203033447266,0.006876230239868164,0.006880998611450195,0.007066249847412109,0.007184743881225586,0.006972074508666992,0.006559848785400391,0.007203102111816406,0.006888151168823242,0.0068590641021728516,0.007585048675537109,0.007104158401489258,0.006644010543823242,0.007847070693969727,0.007657051086425781,0.006719112396240234,0.006970882415771484,0.0071468353271484375,0.00664973258972168,0.007651090621948242,0.00664210319519043,0.006677865982055664,0.007039070129394531,0.006620168685913086,0.006857872009277344,0.006783246994018555,0.00658416748046875,0.007230997085571289,0.006723165512084961,0.006599903106689453,0.0070040225982666016
0.02	GNN	0.29511189460754395,0.4310610294342041,0.3595271110534668,0.3431081771850586,0.393481969833374,0.25060582160949707,0.317249059677124,0.2512969970703125,0.3076670169830322,0.3106081485748291,0.3979377746582031,0.49692702293395996,0.3073999881744385,0.23340892791748047,0.3958141803741455,0.242232084274292,0.33029603958129883,0.48825502395629883,0.2935798168182373,0.24071812629699707,0.37845873832702637,0.24345803260803223,0.37261486053466797,0.39714789390563965,0.2785062789916992,0.2597939968109131,0.23921585083007812,0.2529149055480957,0.3042728900909424,0.2376701831817627,0.36937594413757324,0.4763357639312744,0.29450535774230957,0.23597002029418945,0.366347074508667,0.3076040744781494,0.3956160545349121,0.334381103515625,0.28057384490966797,0.26123809814453125,0.27821826934814453,0.3381659984588623,0.3709590435028076,0.34012627601623535,0.27253079414367676,0.40836620330810547,0.32973217964172363,0.27688002586364746,0.25508689880371094,0.2379319667816162,0.5747199058532715,0.24965190887451172,0.32141804695129395,0.41771817207336426,0.39019012451171875,0.5024340152740479,0.3246169090270996,0.28931689262390137,0.3774757385253906,0.30763912200927734,0.23366093635559082,0.288665771484375,0.32671165466308594,0.36675190925598145,0.24103689193725586,0.24538302421569824,0.3534388542175293,0.4284369945526123,0.37474918365478516,0.4079611301422119,0.2538869380950928,0.2944948673248291,0.23370695114135742,0.34491801261901855,0.25208592414855957,0.3357970714569092,0.3467378616333008,0.2998771667480469,0.29898715019226074,0.42053675651550293,0.2451791763305664,0.36797189712524414,0.25173091888427734,0.26084208488464355,0.25725793838500977,0.2776021957397461,0.3094291687011719,0.3404848575592041,0.3433501720428467,0.23168396949768066,0.29514098167419434,0.2487492561340332,0.2568047046661377,0.35138487815856934,0.3698770999908447,0.3591310977935791,0.4318530559539795,0.32995080947875977,0.3348839282989502,0.25127434730529785,0.3942101001739502,0.3350081443786621,0.3027336597442627,0.3397209644317627,0.31891489028930664,0.23893308639526367,0.558603048324585,0.3393411636352539,0.2882349491119385,0.3174631595611572,0.2675960063934326,0.23539996147155762,0.23647689819335938,0.23567485809326172,0.3876159191131592,0.24099993705749512,0.3562183380126953,0.23620390892028809,0.2661261558532715,0.390826940536499,0.5710320472717285,0.24080920219421387,0.3518240451812744,0.24653196334838867,0.23973298072814941,0.2595069408416748,0.35556983947753906,0.26705312728881836,0.24064016342163086,0.4206380844116211,0.2973611354827881,0.337831974029541,0.24463295936584473,0.3584010601043701,0.23636102676391602,0.3083367347717285,0.3529362678527832,0.40783190727233887,0.29650402069091797,0.24919414520263672,0.27951693534851074,0.2810978889465332,0.49179887771606445,0.34919214248657227,0.24514293670654297,0.46860408782958984,0.25222301483154297,0.24546313285827637,0.2659919261932373,0.334827184677124,0.3121151924133301,0.26778197288513184,0.40187907218933105,0.23735713958740234,0.2409811019897461,0.47913694381713867,0.2296466827392578,0.2651340961456299,0.45423102378845215,0.3628358840942383,0.2836480140686035,0.40482425689697266,0.28999996185302734,0.4324820041656494,0.23720788955688477,0.4009981155395508,0.2579379081726074,0.2448887825012207,0.2681300640106201,0.24544095993041992,0.2765629291534424,0.365253210067749,0.33370208740234375,0.338792085647583,0.3127171993255615,0.24895787239074707,0.27866387367248535,0.23459672927856445,0.23370981216430664,0.3920259475708008,0.2462451457977295,0.2815530300140381,0.3755049705505371,0.25884079933166504,0.2351398468017578,0.2411787509918213,0.23272395133972168,0.3735227584838867,0.37810182571411133,0.26235294342041016,0.24874305725097656,0.302825927734375,0.25505805015563965,0.2904210090637207,0.37925219535827637,0.249222993850708,0.2704789638519287,0.2833089828491211,0.2798149585723877,0.2514071464538574
0.02	GG	0.24979305267333984,0.29212498664855957,0.27613329887390137,0.2430591583251953,0.23671603202819824,0.25777101516723633,0.23447799682617188,0.4111020565032959,0.23090600967407227,0.2694430351257324,0.393740177154541,0.2810680866241455,0.2554640769958496,0.23146581649780273,0.25731992721557617,0.2334458827972412,0.2386329174041748,0.2711598873138428,0.44296979904174805,0.2545890808105469,0.48407816886901855,0.29302096366882324,0.27877020835876465,0.22943115234375,0.487579345703125,0.4776792526245117,0.3652992248535156,0.2753920555114746,0.3625020980834961,0.454556941986084,0.29057908058166504,0.2773120403289795,0.28022098541259766,0.2781376838684082,0.32363295555114746,0.40018510818481445,0.4342489242553711,0.4400460720062256,0.23063111305236816,0.46004199981689453,0.2600092887878418,0.4309108257293701,0.23435497283935547,0.4256629943847656,0.23670697212219238,0.24608278274536133,0.2677459716796875,0.23170900344848633,0.2323012351989746,0.32642292976379395,0.28807568550109863,0.40659618377685547,0.2348020076751709,0.23574233055114746,0.2717568874359131,0.2531778812408447,0.32654786109924316,0.4646437168121338,0.30513906478881836,0.26365113258361816,0.35683202743530273,0.2512030601501465,0.350924015045166,0.3239901065826416,0.37528395652770996,0.3893101215362549,0.5087788105010986,0.24243974685668945,0.5873191356658936,0.23073983192443848,0.24785375595092773,0.3017158508300781,0.23353290557861328,0.23319506645202637,0.2972540855407715,0.2729809284210205,0.24435210227966309,0.42966604232788086,0.5448970794677734,0.2308979034423828,0.2490251064300537,0.4354069232940674,0.26973414421081543,0.31514477729797363,0.27835893630981445,0.5208587646484375,0.23274874687194824,0.23842096328735352,0.23163914680480957,0.24203109741210938,0.23856091499328613,0.23560118675231934,0.26096081733703613,0.3619499206542969,0.3155221939086914,0.24767708778381348,0.40634775161743164,0.36771392822265625,0.42258191108703613,0.37322497367858887,0.44985198974609375,0.23798894882202148,0.27414512634277344,0.4177711009979248,0.23467493057250977,0.2524130344390869,0.23469805717468262,0.4056079387664795,0.3950929641723633,0.2835218906402588,0.4209725856781006,0.3325920104980469,0.2454991340637207,0.4729318618774414,0.30229711532592773,0.2776908874511719,0.2562708854675293,0.34985804557800293,0.23690128326416016,0.39715099334716797,0.23578596115112305,0.2565429210662842,0.3235139846801758,0.3766329288482666,0.474365234375,0.2803828716278076,0.2675442695617676,0.47074198722839355,0.2680702209472656,0.4317193031311035,0.2374253273010254,0.31356072425842285,0.313385009765625,0.2893500328063965,0.27321481704711914,0.4575529098510742,0.24013590812683105,0.24108290672302246,0.23277783393859863,0.2353532314300537,0.4123389720916748,0.23318982124328613,0.36185193061828613,0.2400829792022705,0.30965280532836914,0.23112201690673828,0.2959129810333252,0.2611849308013916,0.24872493743896484,0.27309584617614746,0.2320859432220459,0.2513129711151123,0.28714895248413086,0.2483839988708496,0.24155497550964355,0.4582688808441162,0.2572798728942871,0.3167250156402588,0.24405193328857422,0.2940042018890381,0.37537312507629395,0.29122400283813477,0.29442691802978516,0.2525789737701416,0.235062837600708,0.23209285736083984,0.3238999843597412,0.2610468864440918,0.41451597213745117,0.45616793632507324,0.26209402084350586,0.42805004119873047,0.32820987701416016,0.24805474281311035,0.23443913459777832,0.24901580810546875,0.2446448802947998,0.38866710662841797,0.2617931365966797,0.4170811176300049,0.5187540054321289,0.24175000190734863,0.23507285118103027,0.2500600814819336,0.2830479145050049,0.49681711196899414,0.26265406608581543,0.350435733795166,0.3493080139160156,0.5479869842529297,0.23686981201171875,0.27007579803466797,0.23930883407592773,0.29510498046875,0.23883318901062012,0.24723005294799805,0.23439407348632812,0.5384340286254883,0.2404780387878418,0.2616288661956787
0.02	GG2	0.24979305267333984,0.29212498664855957,0.27613329887390137,0.2430591583251953,0.23671603202819824,0.25777101516723633,0.23447799682617188,0.4111020565032959,0.23090600967407227,0.2694430351257324,0.393740177154541,0.2810680866241455,0.2554640769958496,0.23146581649780273,0.25731992721557617,0.2334458827972412,0.2386329174041748,0.2711598873138428,0.44296979904174805,0.2545890808105469,0.48407816886901855,0.29302096366882324,0.27877020835876465,0.22943115234375,0.487579345703125,0.4776792526245117,0.3652992248535156,0.2753920555114746,0.3625020980834961,0.454556941986084,0.29057908058166504,0.2773120403289795,0.28022098541259766,0.2781376838684082,0.32363295555114746,0.40018510818481445,0.4342489242553711,0.4400460720062256,0.23063111305236816,0.46004199981689453,0.2600092887878418,0.4309108257293701,0.23435497283935547,0.4256629943847656,0.23670697212219238,0.24608278274536133,0.2677459716796875,0.23170900344848633,0.2323012351989746,0.32642292976379395,0.28807568550109863,0.40659618377685547,0.2348020076751709,0.23574233055114746,0.2717568874359131,0.2531778812408447,0.32654786109924316,0.4646437168121338,0.30513906478881836,0.26365113258361816,0.35683202743530273,0.2512030601501465,0.350924015045166,0.3239901065826416,0.37528395652770996,0.3893101215362549,0.5087788105010986,0.24243974685668945,0.5873191356658936,0.23073983192443848,0.24785375595092773,0.3017158508300781,0.23353290557861328,0.23319506645202637,0.2972540855407715,0.2729809284210205,0.24435210227966309,0.42966604232788086,0.5448970794677734,0.2308979034423828,0.2490251064300537,0.4354069232940674,0.26973414421081543,0.31514477729797363,0.27835893630981445,0.5208587646484375,0.23274874687194824,0.23842096328735352,0.23163914680480957,0.24203109741210938,0.23856091499328613,0.23560118675231934,0.26096081733703613,0.3619499206542969,0.3155221939086914,0.24767708778381348,0.40634775161743164,0.36771392822265625,0.42258191108703613,0.37322497367858887,0.44985198974609375,0.23798894882202148,0.27414512634277344,0.4177711009979248,0.23467493057250977,0.2524130344390869,0.23469805717468262,0.4056079387664795,0.3950929641723633,0.2835218906402588,0.4209725856781006,0.3325920104980469,0.2454991340637207,0.4729318618774414,0.30229711532592773,0.2776908874511719,0.2562708854675293,0.34985804557800293,0.23690128326416016,0.39715099334716797,0.23578596115112305,0.2565429210662842,0.3235139846801758,0.3766329288482666,0.474365234375,0.2803828716278076,0.2675442695617676,0.47074198722839355,0.2680702209472656,0.4317193031311035,0.2374253273010254,0.31356072425842285,0.313385009765625,0.2893500328063965,0.27321481704711914,0.4575529098510742,0.24013590812683105,0.24108290672302246,0.23277783393859863,0.2353532314300537,0.4123389720916748,0.23318982124328613,0.36185193061828613,0.2400829792022705,0.30965280532836914,0.23112201690673828,0.2959129810333252,0.2611849308013916,0.24872493743896484,0.27309584617614746,0.2320859432220459,0.2513129711151123,0.28714895248413086,0.2483839988708496,0.24155497550964355,0.4582688808441162,0.2572798728942871,0.3167250156402588,0.24405193328857422,0.2940042018890381,0.37537312507629395,0.29122400283813477,0.29442691802978516,0.2525789737701416,0.235062837600708,0.23209285736083984,0.3238999843597412,0.2610468864440918,0.41451597213745117,0.45616793632507324,0.26209402084350586,0.42805004119873047,0.32820987701416016,0.24805474281311035,0.23443913459777832,0.24901580810546875,0.2446448802947998,0.38866710662841797,0.2617931365966797,0.4170811176300049,0.5187540054321289,0.24175000190734863,0.23507285118103027,0.2500600814819336,0.2830479145050049,0.49681711196899414,0.26265406608581543,0.350435733795166,0.3493080139160156,0.5479869842529297,0.23686981201171875,0.27007579803466797,0.23930883407592773,0.29510498046875,0.23883318901062012,0.24723005294799805,0.23439407348632812,0.5384340286254883,0.2404780387878418,0.2616288661956787
0.03	GEE	0.007810831069946289,0.007950067520141602,0.00885629653930664,0.0076749324798583984,0.00799703598022461,0.0077190399169921875,0.008004903793334961,0.007421970367431641,0.00781702995300293,0.007526874542236328,0.007547140121459961,0.007507801055908203,0.007625102996826172,0.00761103630065918,0.0076258182525634766,0.007565021514892578,0.007500886917114258,0.007653236389160156,0.007775068283081055,0.0075910091400146484,0.007374763488769531,0.007462024688720703,0.007353067398071289,0.007607936859130859,0.007485151290893555,0.007616758346557617,0.007359981536865234,0.0073773860931396484,0.0077059268951416016,0.0074138641357421875,0.0074918270111083984,0.0075228214263916016,0.007664918899536133,0.007448911666870117,0.007720947265625,0.007483243942260742,0.0075681209564208984,0.007513284683227539,0.0074770450592041016,0.0075571537017822266,0.007700920104980469,0.007493019104003906,0.007503032684326172,0.0075190067291259766,0.007560014724731445,0.0074732303619384766,0.007501125335693359,0.007484912872314453,0.007356166839599609,0.007714986801147461,0.007647991180419922,0.007758140563964844,0.007567882537841797,0.0073430538177490234,0.00728917121887207,0.0073359012603759766,0.0075037479400634766,0.007569789886474609,0.00763392448425293,0.007653713226318359,0.007475852966308594,0.007820844650268555,0.007460117340087891,0.0075070858001708984,0.007849931716918945,0.00743412971496582,0.007679939270019531,0.007618904113769531,0.0076029300689697266,0.007548809051513672,0.007636070251464844,0.007721900939941406,0.00750279426574707,0.00757598876953125,0.007530927658081055,0.007491111755371094,0.007449150085449219,0.007568836212158203,0.007836103439331055,0.0077190399169921875,0.007543087005615234,0.0074310302734375,0.007470130920410156,0.0074329376220703125,0.007571220397949219,0.00751805305480957,0.007430076599121094,0.0074920654296875,0.007582902908325195,0.007475137710571289,0.007360935211181641,0.007786989212036133,0.00728607177734375,0.007450103759765625,0.0076601505279541016,0.007550954818725586,0.007962226867675781,0.007746696472167969,0.007498025894165039,0.007536172866821289,0.007445096969604492,0.0074198246002197266,0.007565975189208984,0.007688999176025391,0.007537841796875,0.007733821868896484,0.00756382942199707,0.007446765899658203,0.007493734359741211,0.0078029632568359375,0.007567167282104492,0.007502079010009766,0.007754087448120117,0.007678031921386719,0.007603883743286133,0.007585048675537109,0.007548809051513672,0.007490873336791992,0.007715940475463867,0.007514238357543945,0.007714033126831055,0.007741212844848633,0.007411956787109375,0.0074808597564697266,0.007584810256958008,0.0075719356536865234,0.007752895355224609,0.0076448917388916016,0.007462024688720703,0.007606983184814453,0.0074748992919921875,0.007528781890869141,0.007582426071166992,0.007429838180541992,0.007357120513916016,0.007581949234008789,0.007622957229614258,0.00755000114440918,0.007511138916015625,0.007529020309448242,0.007622957229614258,0.007712841033935547,0.007524251937866211,0.007634162902832031,0.007775068283081055,0.007524967193603516,0.007544279098510742,0.007509946823120117,0.0076141357421875,0.007756948471069336,0.007340192794799805,0.007506132125854492,0.00745701789855957,0.007458209991455078,0.007626056671142578,0.0074329376220703125,0.007333040237426758,0.007318973541259766,0.0076999664306640625,0.007482051849365234,0.007631063461303711,0.007469892501831055,0.00763392448425293,0.007712125778198242,0.007737874984741211,0.007580280303955078,0.007441043853759766,0.00770878791809082,0.007325887680053711,0.007508039474487305,0.007578849792480469,0.007512807846069336,0.0076007843017578125,0.007537126541137695,0.00764012336730957,0.007688760757446289,0.007612943649291992,0.007547140121459961,0.007470846176147461,0.007552146911621094,0.007690906524658203,0.00800013542175293,0.007542133331298828,0.007842063903808594,0.007827997207641602,0.00745701789855957,0.007950067520141602,0.007762908935546875,0.0074770450592041016,0.007665872573852539,0.007475137710571289,0.007308006286621094,0.007520914077758789,0.0077059268951416016,0.007707834243774414,0.007419109344482422,0.0075380802154541016,0.007792949676513672,0.00755000114440918,0.007535219192504883
0.03	GNN	0.2267007827758789,0.3292076587677002,0.22854018211364746,0.3378729820251465,0.30189013481140137,0.29811668395996094,0.22388505935668945,0.3356602191925049,0.21396183967590332,0.3250589370727539,0.2380359172821045,0.24060797691345215,0.2714653015136719,0.20651006698608398,0.2055680751800537,0.3519599437713623,0.20439600944519043,0.20538902282714844,0.2912790775299072,0.21995782852172852,0.2083263397216797,0.3320732116699219,0.2786068916320801,0.2618551254272461,0.2063138484954834,0.205535888671875,0.20712900161743164,0.3151848316192627,0.20451593399047852,0.20561003684997559,0.22335433959960938,0.2807939052581787,0.20590472221374512,0.4118330478668213,0.2122509479522705,0.3339567184448242,0.2846541404724121,0.2503790855407715,0.20504426956176758,0.2107861042022705,0.20337271690368652,0.2083120346069336,0.30671191215515137,0.20787620544433594,0.2570970058441162,0.32121706008911133,0.32936787605285645,0.22128582000732422,0.26010870933532715,0.3530411720275879,0.2740771770477295,0.34293103218078613,0.2045602798461914,0.20510601997375488,0.3161048889160156,0.3569021224975586,0.5365512371063232,0.33597707748413086,0.37082386016845703,0.25882387161254883,0.3156139850616455,0.20557022094726562,0.23815679550170898,0.30008482933044434,0.3081481456756592,0.21934199333190918,0.49608302116394043,0.28293395042419434,0.2045729160308838,0.20722603797912598,0.28650689125061035,0.27030396461486816,0.3423271179199219,0.3009610176086426,0.25141406059265137,0.21601319313049316,0.29456305503845215,0.2845609188079834,0.36760497093200684,0.21137523651123047,0.29802894592285156,0.33427906036376953,0.21788692474365234,0.21001696586608887,0.2089540958404541,0.34238600730895996,0.29027462005615234,0.2697727680206299,0.3983747959136963,0.26933908462524414,0.22801709175109863,0.20328283309936523,0.25590085983276367,0.27268290519714355,0.2626068592071533,0.20735502243041992,0.32747507095336914,0.27689290046691895,0.3820078372955322,0.20722198486328125,0.3647439479827881,0.20708107948303223,0.229475736618042,0.30368709564208984,0.21691226959228516,0.24762201309204102,0.21109700202941895,0.34572696685791016,0.3430311679840088,0.5306539535522461,0.2064952850341797,0.2402210235595703,0.2071232795715332,0.21821212768554688,0.20720195770263672,0.3162350654602051,0.2581949234008789,0.2075948715209961,0.20942425727844238,0.32782483100891113,0.2968480587005615,0.2065138816833496,0.2663750648498535,0.20722699165344238,0.2060861587524414,0.20676517486572266,0.284318208694458,0.20531201362609863,0.20717906951904297,0.2667379379272461,0.29659175872802734,0.2049880027770996,0.2092149257659912,0.21048879623413086,0.2885890007019043,0.2055668830871582,0.36199522018432617,0.30130982398986816,0.24601387977600098,0.24627304077148438,0.20701313018798828,0.2278730869293213,0.3381080627441406,0.3821730613708496,0.30860280990600586,0.20396685600280762,0.21262884140014648,0.20662879943847656,0.2550959587097168,0.223311185836792,0.2898578643798828,0.33272695541381836,0.23395109176635742,0.3982110023498535,0.20820307731628418,0.37884521484375,0.22297191619873047,0.3172018527984619,0.30355095863342285,0.20281481742858887,0.2208552360534668,0.20655393600463867,0.20728778839111328,0.386890172958374,0.20440196990966797,0.2070000171661377,0.31881284713745117,0.20675396919250488,0.3656148910522461,0.20578598976135254,0.30321192741394043,0.274766206741333,0.2636260986328125,0.26464319229125977,0.25936102867126465,0.3117368221282959,0.2052321434020996,0.32883286476135254,0.20452404022216797,0.2786839008331299,0.30285000801086426,0.2394089698791504,0.2067267894744873,0.22102999687194824,0.22221803665161133,0.27103209495544434,0.20338892936706543,0.2052011489868164,0.2454988956451416,0.2568240165710449,0.20761704444885254,0.2966029644012451,0.20984101295471191,0.21063494682312012,0.38958096504211426,0.33841681480407715,0.28021717071533203,0.22349071502685547,0.22499608993530273,0.3372018337249756
0.03	GG	0.2511019706726074,0.34323716163635254,0.4324369430541992,0.26703619956970215,0.32193708419799805,0.2102198600769043,0.37218403816223145,0.3223111629486084,0.29178595542907715,0.22320795059204102,0.3056771755218506,0.23987197875976562,0.31493210792541504,0.2896912097930908,0.2061471939086914,0.20522093772888184,0.2069101333618164,0.20558977127075195,0.2049238681793213,0.204331636428833,0.26893115043640137,0.2062079906463623,0.20570969581604004,0.2050158977508545,0.20448899269104004,0.32575106620788574,0.20522379875183105,0.2627079486846924,0.34372615814208984,0.3870849609375,0.21545195579528809,0.20491909980773926,0.20348310470581055,0.416823148727417,0.223222017288208,0.3159208297729492,0.3684539794921875,0.20510315895080566,0.2061913013458252,0.272244930267334,0.2757580280303955,0.20630502700805664,0.20654892921447754,0.2045588493347168,0.20574307441711426,0.20927715301513672,0.3418560028076172,0.20513582229614258,0.20606589317321777,0.20437908172607422,0.20498299598693848,0.4695701599121094,0.2608919143676758,0.36618709564208984,0.20558428764343262,0.20579886436462402,0.3309643268585205,0.34627795219421387,0.20764994621276855,0.23944306373596191,0.2859489917755127,0.20534300804138184,0.24711823463439941,0.23976874351501465,0.31939005851745605,0.346876859664917,0.363292932510376,0.2235550880432129,0.40496373176574707,0.23123693466186523,0.20405030250549316,0.30064988136291504,0.284290075302124,0.28699493408203125,0.21288490295410156,0.20745086669921875,0.29085206985473633,0.20934200286865234,0.28597187995910645,0.21175909042358398,0.20570707321166992,0.4114348888397217,0.20512819290161133,0.33222126960754395,0.2045130729675293,0.33942222595214844,0.2554628849029541,0.2884831428527832,0.28737497329711914,0.20691514015197754,0.20588898658752441,0.3753039836883545,0.20575499534606934,0.4103109836578369,0.3053748607635498,0.2554337978363037,0.2654109001159668,0.3231940269470215,0.2068638801574707,0.455247163772583,0.2328939437866211,0.3704569339752197,0.2068321704864502,0.38201117515563965,0.20650005340576172,0.2695169448852539,0.20592093467712402,0.20348000526428223,0.24862289428710938,0.20513415336608887,0.2111527919769287,0.2968559265136719,0.20491433143615723,0.25626707077026367,0.20514988899230957,0.38198304176330566,0.2050952911376953,0.4958498477935791,0.20580005645751953,0.2431948184967041,0.20594000816345215,0.2065119743347168,0.20758819580078125,0.3303391933441162,0.20458698272705078,0.44408226013183594,0.2050628662109375,0.22818517684936523,0.3407309055328369,0.3772289752960205,0.2539536952972412,0.20495200157165527,0.20679402351379395,0.21198105812072754,0.2042996883392334,0.20634222030639648,0.23108625411987305,0.20610499382019043,0.20498418807983398,0.27807092666625977,0.40480613708496094,0.4208989143371582,0.20501208305358887,0.2080090045928955,0.20712494850158691,0.20550870895385742,0.23646211624145508,0.2071549892425537,0.22292041778564453,0.2109241485595703,0.20595884323120117,0.21570420265197754,0.22212600708007812,0.2064800262451172,0.2068169116973877,0.44199204444885254,0.2682228088378906,0.20353007316589355,0.2611868381500244,0.24044513702392578,0.2090160846710205,0.2915515899658203,0.20675396919250488,0.37035608291625977,0.2050178050994873,0.38494396209716797,0.2800877094268799,0.20802807807922363,0.29102516174316406,0.343127965927124,0.20920276641845703,0.3894639015197754,0.25275325775146484,0.33361101150512695,0.20517969131469727,0.22164297103881836,0.33852195739746094,0.3011209964752197,0.30702996253967285,0.29918384552001953,0.40147995948791504,0.20479488372802734,0.20544219017028809,0.3441131114959717,0.20569419860839844,0.20473384857177734,0.22847485542297363,0.32773399353027344,0.34959888458251953,0.374697208404541,0.22054600715637207,0.2059950828552246,0.2904672622680664,0.31830620765686035,0.2075939178466797,0.29102301597595215,0.20978379249572754,0.31727099418640137,0.4871342182159424,0.20907187461853027
0.03	GG2	0.2511019706726074,0.34323716163635254,0.4324369430541992,0.26703619956970215,0.32193708419799805,0.2102198600769043,0.37218403816223145,0.3223111629486084,0.29178595542907715,0.22320795059204102,0.3056771755218506,0.23987197875976562,0.31493210792541504,0.2896912097930908,0.2061471939086914,0.20522093772888184,0.2069101333618164,0.20558977127075195,0.2049238681793213,0.204331636428833,0.26893115043640137,0.2062079906463623,0.20570969581604004,0.2050158977508545,0.20448899269104004,0.32575106620788574,0.20522379875183105,0.2627079486846924,0.34372615814208984,0.3870849609375,0.21545195579528809,0.20491909980773926,0.20348310470581055,0.416823148727417,0.223222017288208,0.3159208297729492,0.3684539794921875,0.20510315895080566,0.2061913013458252,0.272244930267334,0.2757580280303955,0.20630502700805664,0.20654892921447754,0.2045588493347168,0.20574307441711426,0.20927715301513672,0.3418560028076172,0.20513582229614258,0.20606589317321777,0.20437908172607422,0.20498299598693848,0.4695701599121094,0.2608919143676758,0.36618709564208984,0.20558428764343262,0.20579886436462402,0.3309643268585205,0.34627795219421387,0.20764994621276855,0.23944306373596191,0.2859489917755127,0.20534300804138184,0.24711823463439941,0.23976874351501465,0.31939005851745605,0.346876859664917,0.363292932510376,0.2235550880432129,0.40496373176574707,0.23123693466186523,0.20405030250549316,0.30064988136291504,0.284290075302124,0.28699493408203125,0.21288490295410156,0.20745086669921875,0.29085206985473633,0.20934200286865234,0.28597187995910645,0.21175909042358398,0.20570707321166992,0.4114348888397217,0.20512819290161133,0.33222126960754395,0.2045130729675293,0.33942222595214844,0.2554628849029541,0.2884831428527832,0.28737497329711914,0.20691514015197754,0.20588898658752441,0.3753039836883545,0.20575499534606934,0.4103109836578369,0.3053748607635498,0.2554337978363037,0.2654109001159668,0.3231940269470215,0.2068638801574707,0.455247163772583,0.2328939437866211,0.3704569339752197,0.2068321704864502,0.38201117515563965,0.20650005340576172,0.2695169448852539,0.20592093467712402,0.20348000526428223,0.24862289428710938,0.20513415336608887,0.2111527919769287,0.2968559265136719,0.20491433143615723,0.25626707077026367,0.20514988899230957,0.38198304176330566,0.2050952911376953,0.4958498477935791,0.20580005645751953,0.2431948184967041,0.20594000816345215,0.2065119743347168,0.20758819580078125,0.3303391933441162,0.20458698272705078,0.44408226013183594,0.2050628662109375,0.22818517684936523,0.3407309055328369,0.3772289752960205,0.2539536952972412,0.20495200157165527,0.20679402351379395,0.21198105812072754,0.2042996883392334,0.20634222030639648,0.23108625411987305,0.20610499382019043,0.20498418807983398,0.27807092666625977,0.40480613708496094,0.4208989143371582,0.20501208305358887,0.2080090045928955,0.20712494850158691,0.20550870895385742,0.23646211624145508,0.2071549892425537,0.22292041778564453,0.2109241485595703,0.20595884323120117,0.21570420265197754,0.22212600708007812,0.2064800262451172,0.2068169116973877,0.44199204444885254,0.2682228088378906,0.20353007316589355,0.2611868381500244,0.24044513702392578,0.2090160846710205,0.2915515899658203,0.20675396919250488,0.37035608291625977,0.2050178050994873,0.38494396209716797,0.2800877094268799,0.20802807807922363,0.29102516174316406,0.343127965927124,0.20920276641845703,0.3894639015197754,0.25275325775146484,0.33361101150512695,0.20517969131469727,0.22164297103881836,0.33852195739746094,0.3011209964752197,0.30702996253967285,0.29918384552001953,0.40147995948791504,0.20479488372802734,0.20544219017028809,0.3441131114959717,0.20569419860839844,0.20473384857177734,0.22847485542297363,0.32773399353027344,0.34959888458251953,0.374697208404541,0.22054600715637207,0.2059950828552246,0.2904672622680664,0.31830620765686035,0.2075939178466797,0.29102301597595215,0.20978379249572754,0.31727099418640137,0.4871342182159424,0.20907187461853027
0.04	GEE	0.008511781692504883,0.00851893424987793,0.00859212875366211,0.008387088775634766,0.008383989334106445,0.008512020111083984,0.008607864379882812,0.008209228515625,0.00849294662475586,0.008640050888061523,0.008330106735229492,0.008189201354980469,0.008567094802856445,0.008423805236816406,0.008371114730834961,0.008358955383300781,0.008450031280517578,0.008502960205078125,0.008401870727539062,0.00858306884765625,0.008205890655517578,0.008671760559082031,0.008347034454345703,0.008481025695800781,0.00914311408996582,0.008395910263061523,0.008447885513305664,0.008392095565795898,0.00864410400390625,0.008353233337402344,0.008352041244506836,0.008730888366699219,0.008244991302490234,0.008763313293457031,0.008588075637817383,0.008327007293701172,0.008293867111206055,0.009311914443969727,0.00835418701171875,0.008436918258666992,0.008491039276123047,0.008385181427001953,0.008485078811645508,0.008583307266235352,0.008521080017089844,0.008352041244506836,0.008465290069580078,0.008348941802978516,0.00840306282043457,0.008471965789794922,0.008649110794067383,0.008255958557128906,0.008389949798583984,0.008523941040039062,0.008331060409545898,0.008689165115356445,0.008458852767944336,0.008377790451049805,0.008668184280395508,0.008399009704589844,0.008606910705566406,0.008430719375610352,0.008228063583374023,0.008608102798461914,0.008487939834594727,0.00850987434387207,0.008271932601928711,0.008406877517700195,0.008450031280517578,0.008220911026000977,0.008391857147216797,0.008358001708984375,0.00859975814819336,0.008432149887084961,0.009020090103149414,0.00872182846069336,0.00847005844116211,0.00868082046508789,0.008505105972290039,0.00830388069152832,0.008401155471801758,0.00836491584777832,0.008651971817016602,0.008412837982177734,0.00854802131652832,0.00848531723022461,0.008625030517578125,0.008654117584228516,0.008810043334960938,0.008131027221679688,0.008466958999633789,0.008581876754760742,0.008348941802978516,0.008378028869628906,0.00844717025756836,0.008760929107666016,0.008393287658691406,0.008355855941772461,0.008200883865356445,0.008748054504394531,0.008804082870483398,0.00841522216796875,0.00867915153503418,0.008445978164672852,0.008591890335083008,0.008610010147094727,0.008587837219238281,0.008478879928588867,0.008381128311157227,0.009193181991577148,0.008417129516601562,0.008413314819335938,0.008343935012817383,0.00860285758972168,0.0084228515625,0.008605003356933594,0.008595943450927734,0.008667945861816406,0.008213043212890625,0.008745908737182617,0.008377790451049805,0.008495092391967773,0.008472681045532227,0.008255243301391602,0.008409261703491211,0.008417129516601562,0.008871316909790039,0.008481025695800781,0.008328914642333984,0.008734941482543945,0.008517980575561523,0.008478879928588867,0.008469104766845703,0.008393049240112305,0.008243322372436523,0.009259939193725586,0.008568763732910156,0.008480072021484375,0.008673906326293945,0.008301019668579102,0.00838017463684082,0.008516073226928711,0.00857090950012207,0.008911848068237305,0.008643150329589844,0.008376121520996094,0.00838923454284668,0.008446931838989258,0.008547782897949219,0.008457183837890625,0.008437156677246094,0.008622169494628906,0.008560895919799805,0.008368968963623047,0.008569717407226562,0.00835728645324707,0.008748054504394531,0.008307933807373047,0.008620023727416992,0.008615970611572266,0.008418083190917969,0.008702993392944336,0.008466005325317383,0.008351325988769531,0.008563995361328125,0.00847315788269043,0.008857250213623047,0.008647918701171875,0.008467912673950195,0.008357048034667969,0.00828409194946289,0.00855398178100586,0.008288145065307617,0.00838780403137207,0.00854182243347168,0.008955001831054688,0.008278131484985352,0.008419990539550781,0.008445978164672852,0.009109973907470703,0.00885915756225586,0.008435964584350586,0.00836801528930664,0.008559942245483398,0.008905887603759766,0.008352041244506836,0.008488893508911133,0.008272171020507812,0.008355855941772461,0.008311033248901367,0.008280038833618164,0.008856058120727539,0.008405923843383789,0.008317947387695312,0.00849604606628418,0.008427143096923828,0.00865793228149414,0.008581876754760742,0.00835418701171875,0.008694887161254883
0.04	GNN	0.22641992568969727,0.3351740837097168,0.2225809097290039,0.3607170581817627,0.25235676765441895,0.21626496315002441,0.3813180923461914,0.21730685234069824,0.27979326248168945,0.23182320594787598,0.3394780158996582,0.36924219131469727,0.28444695472717285,0.21741008758544922,0.21765995025634766,0.21532011032104492,0.2708289623260498,0.23286080360412598,0.2200019359588623,0.24703192710876465,0.256378173828125,0.23300480842590332,0.2827489376068115,0.2754209041595459,0.21908807754516602,0.49865007400512695,0.2199721336364746,0.23723626136779785,0.2178821563720703,0.2171461582183838,0.3187577724456787,0.33225512504577637,0.3160538673400879,0.24036478996276855,0.22774291038513184,0.2199552059173584,0.3488337993621826,0.21691608428955078,0.23000383377075195,0.4090297222137451,0.31637001037597656,0.2538130283355713,0.22846078872680664,0.3401639461517334,0.21392011642456055,0.4033219814300537,0.3177311420440674,0.3413829803466797,0.2179121971130371,0.21641802787780762,0.22846102714538574,0.2201981544494629,0.26171207427978516,0.21550393104553223,0.40268373489379883,0.21538710594177246,0.2508389949798584,0.24570012092590332,0.2912559509277344,0.21790528297424316,0.40091490745544434,0.2161877155303955,0.2729041576385498,0.4133749008178711,0.2690451145172119,0.2335960865020752,0.22816014289855957,0.21578311920166016,0.21826171875,0.21937990188598633,0.290971040725708,0.23557591438293457,0.288330078125,0.23947405815124512,0.3386070728302002,0.21764779090881348,0.2278892993927002,0.2567479610443115,0.301192045211792,0.35910820960998535,0.21779489517211914,0.3779609203338623,0.3973722457885742,0.33293700218200684,0.39650511741638184,0.24326562881469727,0.2174510955810547,0.45745086669921875,0.2186717987060547,0.25228190422058105,0.24349164962768555,0.2312641143798828,0.2440481185913086,0.2175741195678711,0.4003582000732422,0.22960901260375977,0.4171631336212158,0.2550504207611084,0.24703478813171387,0.21806979179382324,0.2923011779785156,0.3230929374694824,0.2354731559753418,0.2954092025756836,0.2574610710144043,0.2189161777496338,0.21788406372070312,0.25193285942077637,0.2696561813354492,0.49348998069763184,0.30530405044555664,0.22206783294677734,0.31430888175964355,0.25823211669921875,0.4598808288574219,0.22819304466247559,0.3679509162902832,0.21557402610778809,0.39166784286499023,0.3478870391845703,0.23408174514770508,0.21810388565063477,0.2707231044769287,0.21518397331237793,0.21491503715515137,0.22990989685058594,0.22790884971618652,0.23038887977600098,0.2661287784576416,0.44210195541381836,0.23291492462158203,0.40267515182495117,0.2341020107269287,0.2939019203186035,0.21515202522277832,0.28002309799194336,0.35510921478271484,0.360767126083374,0.24497199058532715,0.3723487854003906,0.21608376502990723,0.31050920486450195,0.21575713157653809,0.21821284294128418,0.29911303520202637,0.2309103012084961,0.24617600440979004,0.2334897518157959,0.28267598152160645,0.25639796257019043,0.37220096588134766,0.21778106689453125,0.21531915664672852,0.2161242961883545,0.28412389755249023,0.232435941696167,0.2339320182800293,0.2544729709625244,0.36685991287231445,0.23134899139404297,0.3161180019378662,0.26410508155822754,0.26843714714050293,0.21897482872009277,0.2228851318359375,0.22293615341186523,0.32194995880126953,0.22841668128967285,0.23233389854431152,0.2738521099090576,0.21937298774719238,0.5089788436889648,0.2342228889465332,0.21560120582580566,0.2263810634613037,0.30102014541625977,0.23265600204467773,0.21970105171203613,0.21766996383666992,0.310610294342041,0.22514820098876953,0.34338903427124023,0.22564411163330078,0.21936583518981934,0.25266098976135254,0.21964526176452637,0.2183072566986084,0.2156531810760498,0.29111695289611816,0.3841409683227539,0.22003507614135742,0.362015962600708,0.23534393310546875,0.22937393188476562,0.3309011459350586,0.31115078926086426,0.24686169624328613,0.3262600898742676,0.21938395500183105,0.21966910362243652
0.04	GG	0.22339296340942383,0.2164318561553955,0.46087193489074707,0.28458285331726074,0.2935609817504883,0.38749217987060547,0.23546099662780762,0.21707892417907715,0.2402968406677246,0.2653391361236572,0.2182309627532959,0.35778188705444336,0.2689228057861328,0.2373807430267334,0.21632790565490723,0.21591782569885254,0.21906709671020508,0.25503110885620117,0.40880298614501953,0.2332000732421875,0.3229408264160156,0.2652449607849121,0.2145371437072754,0.2943418025970459,0.5846450328826904,0.359633207321167,0.23094820976257324,0.3781259059906006,0.27970170974731445,0.2724039554595947,0.32651805877685547,0.2165520191192627,0.2151951789855957,0.2167527675628662,0.28056907653808594,0.3258700370788574,0.21673083305358887,0.23976802825927734,0.29142236709594727,0.21610808372497559,0.21619892120361328,0.37287402153015137,0.2184908390045166,0.46740293502807617,0.21713685989379883,0.26465511322021484,0.2970619201660156,0.2317638397216797,0.3334691524505615,0.2293710708618164,0.25654077529907227,0.4094369411468506,0.21619296073913574,0.3757040500640869,0.3994560241699219,0.21766400337219238,0.33871912956237793,0.2163071632385254,0.2360093593597412,0.35039782524108887,0.22842097282409668,0.40655994415283203,0.22245502471923828,0.2156682014465332,0.22011709213256836,0.37691187858581543,0.37587404251098633,0.23206305503845215,0.2183239459991455,0.31081724166870117,0.23171091079711914,0.23919320106506348,0.2948329448699951,0.23443388938903809,0.2674887180328369,0.2430567741394043,0.24011611938476562,0.21637201309204102,0.2918689250946045,0.3698570728302002,0.2691059112548828,0.39052486419677734,0.2299060821533203,0.3659088611602783,0.21572208404541016,0.2749598026275635,0.31655001640319824,0.34145689010620117,0.2177443504333496,0.2615070343017578,0.24144482612609863,0.3845100402832031,0.23531794548034668,0.2215733528137207,0.3644981384277344,0.2148149013519287,0.31321287155151367,0.3460822105407715,0.40282583236694336,0.4190859794616699,0.2900526523590088,0.21750807762145996,0.32364535331726074,0.4592478275299072,0.40143895149230957,0.22050118446350098,0.2338271141052246,0.3773691654205322,0.22101902961730957,0.21859002113342285,0.26539015769958496,0.2159428596496582,0.22809386253356934,0.42358899116516113,0.21347784996032715,0.3628687858581543,0.38010311126708984,0.4370851516723633,0.2149660587310791,0.4180159568786621,0.21564006805419922,0.23154282569885254,0.2519721984863281,0.27295398712158203,0.3442859649658203,0.34763407707214355,0.25568604469299316,0.2216048240661621,0.33540821075439453,0.2921731472015381,0.294126033782959,0.32300519943237305,0.2911820411682129,0.21640419960021973,0.28891420364379883,0.36620020866394043,0.28650689125061035,0.2168869972229004,0.23015904426574707,0.22828292846679688,0.23333406448364258,0.36676907539367676,0.236253023147583,0.2156839370727539,0.21555089950561523,0.22904491424560547,0.34424400329589844,0.2479398250579834,0.23081588745117188,0.21625018119812012,0.2412872314453125,0.2200179100036621,0.2533278465270996,0.21529483795166016,0.22926688194274902,0.3625497817993164,0.5109989643096924,0.2165820598602295,0.2879769802093506,0.28930187225341797,0.49683094024658203,0.21688103675842285,0.40929579734802246,0.21877503395080566,0.2433161735534668,0.4354422092437744,0.4472639560699463,0.2894270420074463,0.24002480506896973,0.2167510986328125,0.22988486289978027,0.43311119079589844,0.22826218605041504,0.21888399124145508,0.264984130859375,0.23960399627685547,0.22936797142028809,0.21713471412658691,0.45911502838134766,0.30525898933410645,0.4701559543609619,0.3027768135070801,0.23453497886657715,0.2630329132080078,0.2821509838104248,0.23248791694641113,0.2163701057434082,0.30312204360961914,0.21314597129821777,0.2940330505371094,0.4459240436553955,0.23096680641174316,0.3577001094818115,0.36811184883117676,0.21715807914733887,0.24840092658996582,0.4438350200653076,0.23460912704467773,0.23067712783813477,0.23235607147216797
0.04	GG2	0.22339296340942383,0.2164318561553955,0.46087193489074707,0.28458285331726074,0.2935609817504883,0.38749217987060547,0.23546099662780762,0.21707892417907715,0.2402968406677246,0.2653391361236572,0.2182309627532959,0.35778188705444336,0.2689228057861328,0.2373807430267334,0.21632790565490723,0.21591782569885254,0.21906709671020508,0.25503110885620117,0.40880298614501953,0.2332000732421875,0.3229408264160156,0.2652449607849121,0.2145371437072754,0.2943418025970459,0.5846450328826904,0.359633207321167,0.23094820976257324,0.3781259059906006,0.27970170974731445,0.2724039554595947,0.32651805877685547,0.2165520191192627,0.2151951789855957,0.2167527675628662,0.28056907653808594,0.3258700370788574,0.21673083305358887,0.23976802825927734,0.29142236709594727,0.21610808372497559,0.21619892120361328,0.37287402153015137,0.2184908390045166,0.46740293502807617,0.21713685989379883,0.26465511322021484,0.2970619201660156,0.2317638397216797,0.3334691524505615,0.2293710708618164,0.25654077529907227,0.4094369411468506,0.21619296073913574,0.3757040500640869,0.3994560241699219,0.21766400337219238,0.33871912956237793,0.2163071632385254,0.2360093593597412,0.35039782524108887,0.22842097282409668,0.40655994415283203,0.22245502471923828,0.2156682014465332,0.22011709213256836,0.37691187858581543,0.37587404251098633,0.23206305503845215,0.2183239459991455,0.31081724166870117,0.23171091079711914,0.23919320106506348,0.2948329448699951,0.23443388938903809,0.2674887180328369,0.2430567741394043,0.24011611938476562,0.21637201309204102,0.2918689250946045,0.3698570728302002,0.2691059112548828,0.39052486419677734,0.2299060821533203,0.3659088611602783,0.21572208404541016,0.2749598026275635,0.31655001640319824,0.34145689010620117,0.2177443504333496,0.2615070343017578,0.24144482612609863,0.3845100402832031,0.23531794548034668,0.2215733528137207,0.3644981384277344,0.2148149013519287,0.31321287155151367,0.3460822105407715,0.40282583236694336,0.4190859794616699,0.2900526523590088,0.21750807762145996,0.32364535331726074,0.4592478275299072,0.40143895149230957,0.22050118446350098,0.2338271141052246,0.3773691654205322,0.22101902961730957,0.21859002113342285,0.26539015769958496,0.2159428596496582,0.22809386253356934,0.42358899116516113,0.21347784996032715,0.3628687858581543,0.38010311126708984,0.4370851516723633,0.2149660587310791,0.4180159568786621,0.21564006805419922,0.23154282569885254,0.2519721984863281,0.27295398712158203,0.3442859649658203,0.34763407707214355,0.25568604469299316,0.2216048240661621,0.33540821075439453,0.2921731472015381,0.294126033782959,0.32300519943237305,0.2911820411682129,0.21640419960021973,0.28891420364379883,0.36620020866394043,0.28650689125061035,0.2168869972229004,0.23015904426574707,0.22828292846679688,0.23333406448364258,0.36676907539367676,0.236253023147583,0.2156839370727539,0.21555089950561523,0.22904491424560547,0.34424400329589844,0.2479398250579834,0.23081588745117188,0.21625018119812012,0.2412872314453125,0.2200179100036621,0.2533278465270996,0.21529483795166016,0.22926688194274902,0.3625497817993164,0.5109989643096924,0.2165820598602295,0.2879769802093506,0.28930187225341797,0.49683094024658203,0.21688103675842285,0.40929579734802246,0.21877503395080566,0.2433161735534668,0.4354422092437744,0.4472639560699463,0.2894270420074463,0.24002480506896973,0.2167510986328125,0.22988486289978027,0.43311119079589844,0.22826218605041504,0.21888399124145508,0.264984130859375,0.23960399627685547,0.22936797142028809,0.21713471412658691,0.45911502838134766,0.30525898933410645,0.4701559543609619,0.3027768135070801,0.23453497886657715,0.2630329132080078,0.2821509838104248,0.23248791694641113,0.2163701057434082,0.30312204360961914,0.21314597129821777,0.2940330505371094,0.4459240436553955,0.23096680641174316,0.3577001094818115,0.36811184883117676,0.21715807914733887,0.24840092658996582,0.4438350200653076,0.23460912704467773,0.23067712783813477,0.23235607147216797
0.05	GEE	0.009599924087524414,0.009791851043701172,0.009585857391357422,0.009335041046142578,0.009345769882202148,0.009830951690673828,0.009268999099731445,0.009302139282226562,0.009196043014526367,0.009361028671264648,0.009248971939086914,0.009258031845092773,0.009285926818847656,0.009284734725952148,0.009783029556274414,0.00951695442199707,0.009283065795898438,0.009443044662475586,0.009451150894165039,0.009282112121582031,0.00948190689086914,0.009207010269165039,0.009502887725830078,0.009325981140136719,0.009234905242919922,0.009497880935668945,0.009931087493896484,0.009330034255981445,0.009643077850341797,0.009283065795898438,0.009299993515014648,0.009676933288574219,0.00906515121459961,0.009470939636230469,0.009499788284301758,0.009488821029663086,0.00962686538696289,0.009434938430786133,0.009475231170654297,0.009072065353393555,0.009573221206665039,0.009450197219848633,0.009444952011108398,0.009273767471313477,0.009886980056762695,0.00931692123413086,0.009381294250488281,0.009424924850463867,0.009202003479003906,0.009200096130371094,0.00931096076965332,0.009212017059326172,0.009303092956542969,0.009974956512451172,0.009397029876708984,0.009491205215454102,0.009356975555419922,0.009636878967285156,0.009210824966430664,0.009207010269165039,0.009517192840576172,0.009668827056884766,0.009207010269165039,0.00993204116821289,0.009418964385986328,0.009456157684326172,0.009479999542236328,0.00983285903930664,0.009279012680053711,0.009536981582641602,0.009358882904052734,0.009533166885375977,0.009417057037353516,0.00982975959777832,0.009135961532592773,0.00954127311706543,0.009421825408935547,0.009240865707397461,0.009328126907348633,0.009396791458129883,0.009105920791625977,0.009370088577270508,0.009343862533569336,0.009091854095458984,0.009528160095214844,0.009924173355102539,0.009126901626586914,0.009752035140991211,0.009242057800292969,0.00945901870727539,0.009376049041748047,0.009461164474487305,0.009330987930297852,0.009350061416625977,0.009483814239501953,0.009338140487670898,0.009424924850463867,0.010002851486206055,0.009266853332519531,0.009630918502807617,0.009629011154174805,0.009387016296386719,0.009536027908325195,0.00923299789428711,0.00951695442199707,0.009393930435180664,0.009305953979492188,0.009549140930175781,0.00917506217956543,0.00929117202758789,0.009278059005737305,0.009326934814453125,0.009289979934692383,0.009252071380615234,0.009335041046142578,0.00971221923828125,0.009424924850463867,0.009536981582641602,0.009446859359741211,0.009634017944335938,0.009686946868896484,0.00928187370300293,0.00929403305053711,0.009446859359741211,0.009402990341186523,0.009277820587158203,0.009383916854858398,0.009235858917236328,0.009273052215576172,0.009145021438598633,0.009414911270141602,0.009315252304077148,0.009474039077758789,0.009237051010131836,0.00937199592590332,0.009222984313964844,0.009258031845092773,0.00942683219909668,0.009282112121582031,0.00937509536743164,0.009614944458007812,0.009467840194702148,0.009379863739013672,0.009312152862548828,0.00939488410949707,0.009167909622192383,0.009406089782714844,0.00928187370300293,0.009402990341186523,0.00935816764831543,0.009489059448242188,0.009267091751098633,0.010020017623901367,0.009317874908447266,0.00937795639038086,0.009185075759887695,0.009106159210205078,0.009332895278930664,0.009286165237426758,0.009188175201416016,0.009551286697387695,0.009222984313964844,0.009420156478881836,0.009404897689819336,0.009278059005737305,0.009392976760864258,0.009535074234008789,0.009364128112792969,0.009356021881103516,0.009714841842651367,0.009471893310546875,0.00912785530090332,0.00935983657836914,0.009505033493041992,0.009955883026123047,0.009504079818725586,0.009190082550048828,0.00931096076965332,0.009433984756469727,0.009295940399169922,0.009474039077758789,0.009465217590332031,0.00928497314453125,0.010084152221679688,0.009562969207763672,0.009158849716186523,0.009409904479980469,0.00939488410949707,0.009775876998901367,0.009346961975097656,0.00936126708984375,0.009193181991577148,0.009334087371826172,0.00937032699584961,0.009786844253540039,0.009154081344604492,0.009457111358642578,0.009428977966308594,0.009387016296386719,0.009328126907348633
0.05	GNN	0.38430213928222656,0.3758430480957031,0.23142385482788086,0.2642202377319336,0.2509911060333252,0.45442914962768555,0.31142091751098633,0.3002490997314453,0.30085206031799316,0.22761893272399902,0.38950300216674805,0.41829562187194824,0.3634631633758545,0.23542308807373047,0.22989177703857422,0.22426915168762207,0.37946319580078125,0.42215609550476074,0.24045491218566895,0.23608016967773438,0.23147320747375488,0.2547798156738281,0.2983059883117676,0.22571182250976562,0.25400280952453613,0.22523999214172363,0.26024484634399414,0.4182090759277344,0.31917405128479004,0.3557732105255127,0.3210129737854004,0.3699922561645508,0.3542189598083496,0.22908902168273926,0.265455961227417,0.2290947437286377,0.3885040283203125,0.32573890686035156,0.23819422721862793,0.2510049343109131,0.2738950252532959,0.2670462131500244,0.35791611671447754,0.4175140857696533,0.2821629047393799,0.31958603858947754,0.30302906036376953,0.2944180965423584,0.3000521659851074,0.2344801425933838,0.28282809257507324,0.30458498001098633,0.25348687171936035,0.23286771774291992,0.23046612739562988,0.3179047107696533,0.2849709987640381,0.2615468502044678,0.4415750503540039,0.284045934677124,0.34715795516967773,0.3412961959838867,0.32883715629577637,0.2332780361175537,0.43720293045043945,0.280534029006958,0.4737062454223633,0.3478200435638428,0.3632378578186035,0.2222592830657959,0.3881809711456299,0.27802300453186035,0.24915480613708496,0.23617792129516602,0.25123000144958496,0.24599003791809082,0.2653329372406006,0.24971818923950195,0.2662508487701416,0.2303919792175293,0.22596383094787598,0.25638604164123535,0.33156299591064453,0.6382589340209961,0.2491469383239746,0.3468363285064697,0.23668885231018066,0.33689093589782715,0.2611079216003418,0.28249621391296387,0.23430895805358887,0.22735881805419922,0.22861003875732422,0.4252622127532959,0.2275710105895996,0.24721312522888184,0.23354697227478027,0.38189005851745605,0.2575850486755371,0.2600109577178955,0.36940479278564453,0.2996058464050293,0.2785358428955078,0.23980283737182617,0.29329776763916016,0.26253175735473633,0.23723506927490234,0.34971117973327637,0.40149497985839844,0.3689441680908203,0.359097957611084,0.26747703552246094,0.3333549499511719,0.2358860969543457,0.37330031394958496,0.23537158966064453,0.49878883361816406,0.341933012008667,0.22651314735412598,0.565065860748291,0.23762774467468262,0.3100168704986572,0.48038506507873535,0.2325592041015625,0.24333691596984863,0.32251405715942383,0.2781970500946045,0.22820091247558594,0.23564815521240234,0.22732901573181152,0.22900676727294922,0.2700049877166748,0.23682188987731934,0.4026322364807129,0.3590209484100342,0.3470420837402344,0.22579503059387207,0.31698012351989746,0.2456059455871582,0.22439217567443848,0.24504494667053223,0.24124503135681152,0.329725980758667,0.23496603965759277,0.28767991065979004,0.2247779369354248,0.2657778263092041,0.2872772216796875,0.26710033416748047,0.23266077041625977,0.23959016799926758,0.23907685279846191,0.2711946964263916,0.31493592262268066,0.31491613388061523,0.2628152370452881,0.246992826461792,0.2247331142425537,0.245866060256958,0.3739800453186035,0.2978692054748535,0.23496603965759277,0.26909923553466797,0.22463607788085938,0.25530195236206055,0.23748397827148438,0.23711204528808594,0.2261061668395996,0.2643089294433594,0.2518730163574219,0.23757505416870117,0.5085577964782715,0.2317659854888916,0.22656583786010742,0.27458906173706055,0.22452998161315918,0.25692009925842285,0.2479238510131836,0.2960178852081299,0.3196420669555664,0.3021538257598877,0.26976990699768066,0.23608112335205078,0.23879790306091309,0.22403407096862793,0.2434070110321045,0.2272813320159912,0.31117796897888184,0.3081941604614258,0.23782896995544434,0.4617938995361328,0.23165297508239746,0.22473812103271484,0.26012206077575684,0.3053750991821289,0.24448513984680176,0.38860416412353516,0.23840689659118652,0.4058380126953125,0.24537229537963867
0.05	GG	0.23112916946411133,0.23989176750183105,0.2364659309387207,0.22440099716186523,0.5376827716827393,0.2241978645324707,0.22351908683776855,0.22503089904785156,0.35174989700317383,0.41958093643188477,0.4108121395111084,0.4825928211212158,0.2260119915008545,0.24266290664672852,0.26500582695007324,0.22322893142700195,0.2442150115966797,0.2384650707244873,0.22551393508911133,0.23599004745483398,0.4473259449005127,0.22924304008483887,0.28547096252441406,0.3485257625579834,0.42972612380981445,0.5048890113830566,0.4286799430847168,0.23629498481750488,0.3440237045288086,0.23087620735168457,0.23900890350341797,0.22907590866088867,0.2288379669189453,0.2501559257507324,0.22695302963256836,0.42913293838500977,0.38904809951782227,0.2733440399169922,0.22242498397827148,0.3469817638397217,0.23534607887268066,0.25485706329345703,0.2700459957122803,0.37587690353393555,0.23313689231872559,0.22677397727966309,0.4314587116241455,0.23771977424621582,0.23716306686401367,0.2243051528930664,0.424741268157959,0.24165797233581543,0.32535290718078613,0.2930717468261719,0.36296606063842773,0.22500085830688477,0.3708329200744629,0.22891712188720703,0.2264258861541748,0.2525599002838135,0.3537309169769287,0.3404552936553955,0.2302248477935791,0.3172609806060791,0.23583579063415527,0.31428003311157227,0.5122032165527344,0.376568078994751,0.4715921878814697,0.24991798400878906,0.24727821350097656,0.2988240718841553,0.3186459541320801,0.5263500213623047,0.2255847454071045,0.23930907249450684,0.5068869590759277,0.24007606506347656,0.29760098457336426,0.2630941867828369,0.271435022354126,0.4898960590362549,0.23868799209594727,0.3422970771789551,0.24638605117797852,0.22528791427612305,0.22783470153808594,0.32648682594299316,0.2331252098083496,0.26108789443969727,0.23928093910217285,0.44434499740600586,0.3478119373321533,0.23478221893310547,0.3341188430786133,0.24495697021484375,0.37592601776123047,0.38529300689697266,0.22571015357971191,0.39312100410461426,0.4128446578979492,0.3551309108734131,0.42194604873657227,0.42322564125061035,0.22665810585021973,0.25171828269958496,0.28028273582458496,0.22470879554748535,0.24018216133117676,0.3203299045562744,0.2326042652130127,0.23687314987182617,0.30340075492858887,0.5053870677947998,0.22278189659118652,0.30341196060180664,0.2462301254272461,0.2382981777191162,0.26309990882873535,0.2544240951538086,0.22759008407592773,0.23998713493347168,0.3622457981109619,0.2616891860961914,0.4396376609802246,0.36176586151123047,0.25233006477355957,0.22794294357299805,0.2418076992034912,0.3708460330963135,0.3458540439605713,0.23515629768371582,0.345109224319458,0.24832725524902344,0.46482086181640625,0.22368693351745605,0.45184993743896484,0.31490564346313477,0.4147489070892334,0.2796449661254883,0.5537328720092773,0.5678501129150391,0.22757720947265625,0.31581997871398926,0.2362840175628662,0.22469210624694824,0.22405099868774414,0.2240619659423828,0.2712869644165039,0.2917299270629883,0.24142193794250488,0.24186491966247559,0.43643784523010254,0.32727885246276855,0.2566490173339844,0.22858500480651855,0.37445831298828125,0.2950296401977539,0.2267007827758789,0.22516512870788574,0.22997689247131348,0.33483409881591797,0.29627394676208496,0.2515909671783447,0.22721099853515625,0.25176215171813965,0.22809195518493652,0.25488734245300293,0.2252826690673828,0.23044395446777344,0.22934389114379883,0.41321396827697754,0.24347186088562012,0.2425379753112793,0.2877776622772217,0.22428011894226074,0.2935218811035156,0.2628052234649658,0.3378639221191406,0.30518317222595215,0.46291303634643555,0.22641801834106445,0.24016690254211426,0.3309061527252197,0.30545783042907715,0.2368309497833252,0.2400960922241211,0.334414005279541,0.29137706756591797,0.5959641933441162,0.3254821300506592,0.2433338165283203,0.22421908378601074,0.23253226280212402,0.24506807327270508,0.22584295272827148,0.24311304092407227,0.4844181537628174,0.30413174629211426,0.23502779006958008
0.05	GG2	0.23112916946411133,0.23989176750183105,0.2364659309387207,0.22440099716186523,0.5376827716827393,0.2241978645324707,0.22351908683776855,0.22503089904785156,0.35174989700317383,0.41958093643188477,0.4108121395111084,0.4825928211212158,0.2260119915008545,0.24266290664672852,0.26500582695007324,0.22322893142700195,0.2442150115966797,0.2384650707244873,0.22551393508911133,0.23599004745483398,0.4473259449005127,0.22924304008483887,0.28547096252441406,0.3485257625579834,0.42972612380981445,0.5048890113830566,0.4286799430847168,0.23629498481750488,0.3440237045288086,0.23087620735168457,0.23900890350341797,0.22907590866088867,0.2288379669189453,0.2501559257507324,0.22695302963256836,0.42913293838500977,0.38904809951782227,0.2733440399169922,0.22242498397827148,0.3469817638397217,0.23534607887268066,0.25485706329345703,0.2700459957122803,0.37587690353393555,0.23313689231872559,0.22677397727966309,0.4314587116241455,0.23771977424621582,0.23716306686401367,0.2243051528930664,0.424741268157959,0.24165797233581543,0.32535290718078613,0.2930717468261719,0.36296606063842773,0.22500085830688477,0.3708329200744629,0.22891712188720703,0.2264258861541748,0.2525599002838135,0.3537309169769287,0.3404552936553955,0.2302248477935791,0.3172609806060791,0.23583579063415527,0.31428003311157227,0.5122032165527344,0.376568078994751,0.4715921878814697,0.24991798400878906,0.24727821350097656,0.2988240718841553,0.3186459541320801,0.5263500213623047,0.2255847454071045,0.23930907249450684,0.5068869590759277,0.24007606506347656,0.29760098457336426,0.2630941867828369,0.271435022354126,0.4898960590362549,0.23868799209594727,0.3422970771789551,0.24638605117797852,0.22528791427612305,0.22783470153808594,0.32648682594299316,0.2331252098083496,0.26108789443969727,0.23928093910217285,0.44434499740600586,0.3478119373321533,0.23478221893310547,0.3341188430786133,0.24495697021484375,0.37592601776123047,0.38529300689697266,0.22571015357971191,0.39312100410461426,0.4128446578979492,0.3551309108734131,0.42194604873657227,0.42322564125061035,0.22665810585021973,0.25171828269958496,0.28028273582458496,0.22470879554748535,0.24018216133117676,0.3203299045562744,0.2326042652130127,0.23687314987182617,0.30340075492858887,0.5053870677947998,0.22278189659118652,0.30341196060180664,0.2462301254272461,0.2382981777191162,0.26309990882873535,0.2544240951538086,0.22759008407592773,0.23998713493347168,0.3622457981109619,0.2616891860961914,0.4396376609802246,0.36176586151123047,0.25233006477355957,0.22794294357299805,0.2418076992034912,0.3708460330963135,0.3458540439605713,0.23515629768371582,0.345109224319458,0.24832725524902344,0.46482086181640625,0.22368693351745605,0.45184993743896484,0.31490564346313477,0.4147489070892334,0.2796449661254883,0.5537328720092773,0.5678501129150391,0.22757720947265625,0.31581997871398926,0.2362840175628662,0.22469210624694824,0.22405099868774414,0.2240619659423828,0.2712869644165039,0.2917299270629883,0.24142193794250488,0.24186491966247559,0.43643784523010254,0.32727885246276855,0.2566490173339844,0.22858500480651855,0.37445831298828125,0.2950296401977539,0.2267007827758789,0.22516512870788574,0.22997689247131348,0.33483409881591797,0.29627394676208496,0.2515909671783447,0.22721099853515625,0.25176215171813965,0.22809195518493652,0.25488734245300293,0.2252826690673828,0.23044395446777344,0.22934389114379883,0.41321396827697754,0.24347186088562012,0.2425379753112793,0.2877776622772217,0.22428011894226074,0.2935218811035156,0.2628052234649658,0.3378639221191406,0.30518317222595215,0.46291303634643555,0.22641801834106445,0.24016690254211426,0.3309061527252197,0.30545783042907715,0.2368309497833252,0.2400960922241211,0.334414005279541,0.29137706756591797,0.5959641933441162,0.3254821300506592,0.2433338165283203,0.22421908378601074,0.23253226280212402,0.24506807327270508,0.22584295272827148,0.24311304092407227,0.4844181537628174,0.30413174629211426,0.23502779006958008
0.060000000000000005	GEE	0.010076045989990234,0.010227203369140625,0.010942935943603516,0.01102900505065918,0.010181903839111328,0.010009765625,0.010393857955932617,0.01007986068725586,0.010670900344848633,0.010294914245605469,0.010272979736328125,0.010477066040039062,0.010380983352661133,0.010539054870605469,0.01009821891784668,0.010318279266357422,0.010106086730957031,0.010088920593261719,0.010356903076171875,0.01014399528503418,0.010343313217163086,0.01015925407409668,0.010079383850097656,0.010406970977783203,0.010778188705444336,0.010203838348388672,0.010180234909057617,0.010066032409667969,0.01007533073425293,0.01032400131225586,0.0100250244140625,0.01016688346862793,0.010020256042480469,0.010226964950561523,0.010118961334228516,0.010186910629272461,0.01020193099975586,0.010655879974365234,0.010003089904785156,0.01004791259765625,0.010421037673950195,0.010104656219482422,0.01003408432006836,0.010232210159301758,0.010043859481811523,0.010303020477294922,0.010144948959350586,0.010302305221557617,0.010250091552734375,0.010294914245605469,0.009943962097167969,0.010122060775756836,0.010040044784545898,0.010754108428955078,0.010277032852172852,0.010152101516723633,0.010652780532836914,0.010275125503540039,0.010044097900390625,0.010205984115600586,0.010866880416870117,0.01048898696899414,0.010202884674072266,0.010090112686157227,0.011474847793579102,0.010170936584472656,0.010084152221679688,0.010231971740722656,0.010263919830322266,0.010142803192138672,0.010155916213989258,0.010098934173583984,0.010440826416015625,0.010386943817138672,0.010098934173583984,0.009930133819580078,0.010232925415039062,0.010308265686035156,0.010116100311279297,0.010421037673950195,0.010215997695922852,0.010130882263183594,0.010204792022705078,0.010197877883911133,0.009948015213012695,0.010259389877319336,0.010323286056518555,0.010064125061035156,0.01022195816040039,0.01029205322265625,0.010268926620483398,0.01041102409362793,0.010101079940795898,0.010200738906860352,0.009927034378051758,0.010239124298095703,0.010335922241210938,0.010125160217285156,0.010270118713378906,0.010723114013671875,0.010413169860839844,0.010261058807373047,0.010267257690429688,0.010241031646728516,0.010249853134155273,0.010305166244506836,0.010123014450073242,0.010420083999633789,0.010010957717895508,0.010357141494750977,0.01047205924987793,0.010085105895996094,0.010209083557128906,0.01046299934387207,0.01036524772644043,0.010191917419433594,0.010830879211425781,0.010165214538574219,0.010772943496704102,0.010024070739746094,0.010165929794311523,0.010190963745117188,0.010009765625,0.010061025619506836,0.010261058807373047,0.010332107543945312,0.009984016418457031,0.010700225830078125,0.010260820388793945,0.010652303695678711,0.010086774826049805,0.009997129440307617,0.010056018829345703,0.010196924209594727,0.010096073150634766,0.01024317741394043,0.01025700569152832,0.010220050811767578,0.010274171829223633,0.010030031204223633,0.010655879974365234,0.010049104690551758,0.01110982894897461,0.010714054107666016,0.010294198989868164,0.010195016860961914,0.010198116302490234,0.01024627685546875,0.010158061981201172,0.010348796844482422,0.01070713996887207,0.010821104049682617,0.010243892669677734,0.01020193099975586,0.010093212127685547,0.01006317138671875,0.010430097579956055,0.009984016418457031,0.010873794555664062,0.010313987731933594,0.010101079940795898,0.010142087936401367,0.010781288146972656,0.010070085525512695,0.009999990463256836,0.010100126266479492,0.010236978530883789,0.01016688346862793,0.010946989059448242,0.010863065719604492,0.010220050811767578,0.00997304916381836,0.010348081588745117,0.010979890823364258,0.011305093765258789,0.010061025619506836,0.010020017623901367,0.010403156280517578,0.010212182998657227,0.010071992874145508,0.010363101959228516,0.010764122009277344,0.01019287109375,0.01043701171875,0.010460138320922852,0.010131359100341797,0.010691165924072266,0.010762929916381836,0.010085821151733398,0.01025080680847168,0.009970903396606445,0.010222673416137695,0.010038137435913086,0.010162830352783203,0.010148286819458008,0.011094093322753906,0.010381937026977539,0.010311126708984375,0.01018071174621582,0.010195016860961914
0.060000000000000005	GNN	0.2607419490814209,0.2622830867767334,0.24976515769958496,0.28476595878601074,0.29998016357421875,0.26024293899536133,0.24558496475219727,0.2470860481262207,0.2692253589630127,0.24562597274780273,0.4765770435333252,0.29032015800476074,0.23512887954711914,0.35817790031433105,0.236954927444458,0.2575860023498535,0.38896799087524414,0.5185279846191406,0.2399129867553711,0.2675638198852539,0.34534502029418945,0.23592305183410645,0.36202001571655273,0.2853121757507324,0.2507660388946533,0.2360248565673828,0.25235986709594727,0.4506561756134033,0.28076887130737305,0.2491140365600586,0.2790801525115967,0.2533130645751953,0.3781449794769287,0.2501688003540039,0.23508596420288086,0.3271019458770752,0.24551129341125488,0.28853774070739746,0.2539052963256836,0.24744415283203125,0.24724984169006348,0.24686503410339355,0.2503817081451416,0.24291419982910156,0.29131412506103516,0.26923489570617676,0.3180809020996094,0.2852969169616699,0.40299391746520996,0.23825311660766602,0.2651638984680176,0.3429269790649414,0.25171685218811035,0.3800539970397949,0.2471151351928711,0.3702101707458496,0.25051307678222656,0.2671217918395996,0.23282408714294434,0.25545811653137207,0.34673380851745605,0.24306821823120117,0.2469632625579834,0.24491310119628906,0.2958500385284424,0.23665094375610352,0.383634090423584,0.25835680961608887,0.2713148593902588,0.25062108039855957,0.2448110580444336,0.3124358654022217,0.36757493019104004,0.2335207462310791,0.25553297996520996,0.26903820037841797,0.4617142677307129,0.3252599239349365,0.2623317241668701,0.2794201374053955,0.3363780975341797,0.2628042697906494,0.2315661907196045,0.23090195655822754,0.28258419036865234,0.2836720943450928,0.25015687942504883,0.32039809226989746,0.41522884368896484,0.3009169101715088,0.2656209468841553,0.2452538013458252,0.4651219844818115,0.2662019729614258,0.26590895652770996,0.23732304573059082,0.2479078769683838,0.2579691410064697,0.41606688499450684,0.25275707244873047,0.3507957458496094,0.48038220405578613,0.2430129051208496,0.23894476890563965,0.23761796951293945,0.24853920936584473,0.2576782703399658,0.24616193771362305,0.451448917388916,0.24807500839233398,0.3087639808654785,0.48776984214782715,0.30928993225097656,0.24917078018188477,0.31246304512023926,0.2536320686340332,0.6014289855957031,0.24794697761535645,0.3036158084869385,0.3639659881591797,0.37699389457702637,0.4279179573059082,0.2992119789123535,0.25449204444885254,0.2418041229248047,0.3399050235748291,0.26778411865234375,0.34071898460388184,0.31702303886413574,0.23880314826965332,0.30388808250427246,0.23758697509765625,0.3720991611480713,0.30260300636291504,0.31515002250671387,0.23411297798156738,0.2375197410583496,0.23545598983764648,0.2649848461151123,0.31894874572753906,0.3634469509124756,0.23813319206237793,0.32347536087036133,0.254406213760376,0.4357469081878662,0.29225707054138184,0.2569568157196045,0.24582314491271973,0.33904576301574707,0.27196407318115234,0.28432297706604004,0.260037899017334,0.3095700740814209,0.2558252811431885,0.3533189296722412,0.42101502418518066,0.4026367664337158,0.2346360683441162,0.2646317481994629,0.5569088459014893,0.3212411403656006,0.29884862899780273,0.2674107551574707,0.40968990325927734,0.2455000877380371,0.23987293243408203,0.24195313453674316,0.2373638153076172,0.31607985496520996,0.25200796127319336,0.3595588207244873,0.3273661136627197,0.35767388343811035,0.36864399909973145,0.25319790840148926,0.23497605323791504,0.23471689224243164,0.34156370162963867,0.38341188430786133,0.31601524353027344,0.3243739604949951,0.26714015007019043,0.24984502792358398,0.26408982276916504,0.26679491996765137,0.2534477710723877,0.4149460792541504,0.33409786224365234,0.4491260051727295,0.26654505729675293,0.49530482292175293,0.23951411247253418,0.2525351047515869,0.3658168315887451,0.3266897201538086,0.4037160873413086,0.303206205368042,0.24979615211486816,0.41251111030578613,0.24602103233337402
0.060000000000000005	GG	0.3119659423828125,0.3733248710632324,0.24237418174743652,0.25341010093688965,0.23863482475280762,0.23446393013000488,0.4615941047668457,0.2369551658630371,0.26929616928100586,0.23382091522216797,0.25797080993652344,0.42383718490600586,0.2632582187652588,0.3777809143066406,0.2470719814300537,0.24204802513122559,0.24508309364318848,0.26056599617004395,0.5747079849243164,0.24530625343322754,0.3781321048736572,0.2466130256652832,0.2482619285583496,0.511540412902832,0.2625291347503662,0.24842596054077148,0.23887300491333008,0.2939450740814209,0.23527002334594727,0.2508559226989746,0.23477888107299805,0.24937224388122559,0.26531124114990234,0.2620549201965332,0.24881792068481445,0.2389528751373291,0.36829280853271484,0.23609614372253418,0.3170590400695801,0.24521303176879883,0.3919968605041504,0.2340540885925293,0.25621986389160156,0.47159910202026367,0.24011015892028809,0.23254871368408203,0.40726804733276367,0.25413990020751953,0.2475430965423584,0.27675890922546387,0.2463531494140625,0.3355281352996826,0.23991179466247559,0.26309704780578613,0.2339160442352295,0.235029935836792,0.30683398246765137,0.25792574882507324,0.46930694580078125,0.26472902297973633,0.353456974029541,0.2502119541168213,0.23416495323181152,0.2507331371307373,0.23601293563842773,0.37203192710876465,0.45479488372802734,0.2546670436859131,0.23851704597473145,0.323833703994751,0.4433610439300537,0.312913179397583,0.30276918411254883,0.2596268653869629,0.23516607284545898,0.2524681091308594,0.30821919441223145,0.23467493057250977,0.23437094688415527,0.3257629871368408,0.466062068939209,0.4016289710998535,0.3592979907989502,0.30073094367980957,0.2526121139526367,0.2332470417022705,0.2666010856628418,0.35355687141418457,0.38892197608947754,0.4509289264678955,0.2507610321044922,0.25481605529785156,0.23583221435546875,0.3301661014556885,0.26184916496276855,0.4600701332092285,0.4059877395629883,0.4451310634613037,0.23380208015441895,0.25249505043029785,0.3404679298400879,0.24626994132995605,0.25616002082824707,0.4393789768218994,0.4313971996307373,0.2460339069366455,0.4041328430175781,0.24616122245788574,0.2976851463317871,0.3723430633544922,0.25655198097229004,0.23514389991760254,0.299454927444458,0.2527811527252197,0.24620389938354492,0.3460230827331543,0.23644280433654785,0.4767580032348633,0.23166799545288086,0.37183308601379395,0.23812508583068848,0.25136899948120117,0.23875808715820312,0.24682021141052246,0.4009079933166504,0.24634599685668945,0.24343276023864746,0.23384618759155273,0.3146989345550537,0.27785682678222656,0.26694798469543457,0.27942919731140137,0.2586669921875,0.26617431640625,0.6557919979095459,0.26096224784851074,0.2630929946899414,0.23340487480163574,0.4192078113555908,0.2527759075164795,0.2353527545928955,0.2944931983947754,0.2446610927581787,0.26108574867248535,0.3967568874359131,0.23361420631408691,0.36153292655944824,0.2499539852142334,0.24381303787231445,0.2471611499786377,0.33982086181640625,0.3169591426849365,0.2462320327758789,0.23713111877441406,0.24766898155212402,0.24378585815429688,0.2527961730957031,0.26743483543395996,0.30193591117858887,0.23738527297973633,0.23929500579833984,0.30442190170288086,0.3187377452850342,0.2895619869232178,0.2677450180053711,0.2632300853729248,0.26541638374328613,0.2831239700317383,0.3060307502746582,0.23706507682800293,0.24965214729309082,0.5061681270599365,0.560060977935791,0.2609691619873047,0.4582068920135498,0.26203489303588867,0.506098747253418,0.24263906478881836,0.4055309295654297,0.24122405052185059,0.4998316764831543,0.23375487327575684,0.5545997619628906,0.3404409885406494,0.2763969898223877,0.4890627861022949,0.2507939338684082,0.48989224433898926,0.23864388465881348,0.25056982040405273,0.4400479793548584,0.2899191379547119,0.23592591285705566,0.42050886154174805,0.25090909004211426,0.2935490608215332,0.25091099739074707,0.34133386611938477,0.31835079193115234,0.2309720516204834
0.060000000000000005	GG2	0.3119659423828125,0.3733248710632324,0.24237418174743652,0.25341010093688965,0.23863482475280762,0.23446393013000488,0.4615941047668457,0.2369551658630371,0.26929616928100586,0.23382091522216797,0.25797080993652344,0.42383718490600586,0.2632582187652588,0.3777809143066406,0.2470719814300537,0.24204802513122559,0.24508309364318848,0.26056599617004395,0.5747079849243164,0.24530625343322754,0.3781321048736572,0.2466130256652832,0.2482619285583496,0.511540412902832,0.2625291347503662,0.24842596054077148,0.23887300491333008,0.2939450740814209,0.23527002334594727,0.2508559226989746,0.23477888107299805,0.24937224388122559,0.26531124114990234,0.2620549201965332,0.24881792068481445,0.2389528751373291,0.36829280853271484,0.23609614372253418,0.3170590400695801,0.24521303176879883,0.3919968605041504,0.2340540885925293,0.25621986389160156,0.47159910202026367,0.24011015892028809,0.23254871368408203,0.40726804733276367,0.25413990020751953,0.2475430965423584,0.27675890922546387,0.2463531494140625,0.3355281352996826,0.23991179466247559,0.26309704780578613,0.2339160442352295,0.235029935836792,0.30683398246765137,0.25792574882507324,0.46930694580078125,0.26472902297973633,0.353456974029541,0.2502119541168213,0.23416495323181152,0.2507331371307373,0.23601293563842773,0.37203192710876465,0.45479488372802734,0.2546670436859131,0.23851704597473145,0.323833703994751,0.4433610439300537,0.312913179397583,0.30276918411254883,0.2596268653869629,0.23516607284545898,0.2524681091308594,0.30821919441223145,0.23467493057250977,0.23437094688415527,0.3257629871368408,0.466062068939209,0.4016289710998535,0.3592979907989502,0.30073094367980957,0.2526121139526367,0.2332470417022705,0.2666010856628418,0.35355687141418457,0.38892197608947754,0.4509289264678955,0.2507610321044922,0.25481605529785156,0.23583221435546875,0.3301661014556885,0.26184916496276855,0.4600701332092285,0.4059877395629883,0.4451310634613037,0.23380208015441895,0.25249505043029785,0.3404679298400879,0.24626994132995605,0.25616002082824707,0.4393789768218994,0.4313971996307373,0.2460339069366455,0.4041328430175781,0.24616122245788574,0.2976851463317871,0.3723430633544922,0.25655198097229004,0.23514389991760254,0.299454927444458,0.2527811527252197,0.24620389938354492,0.3460230827331543,0.23644280433654785,0.4767580032348633,0.23166799545288086,0.37183308601379395,0.23812508583068848,0.25136899948120117,0.23875808715820312,0.24682021141052246,0.4009079933166504,0.24634599685668945,0.24343276023864746,0.23384618759155273,0.3146989345550537,0.27785682678222656,0.26694798469543457,0.27942919731140137,0.2586669921875,0.26617431640625,0.6557919979095459,0.26096224784851074,0.2630929946899414,0.23340487480163574,0.4192078113555908,0.2527759075164795,0.2353527545928955,0.2944931983947754,0.2446610927581787,0.26108574867248535,0.3967568874359131,0.23361420631408691,0.36153292655944824,0.2499539852142334,0.24381303787231445,0.2471611499786377,0.33982086181640625,0.3169591426849365,0.2462320327758789,0.23713111877441406,0.24766898155212402,0.24378585815429688,0.2527961730957031,0.26743483543395996,0.30193591117858887,0.23738527297973633,0.23929500579833984,0.30442190170288086,0.3187377452850342,0.2895619869232178,0.2677450180053711,0.2632300853729248,0.26541638374328613,0.2831239700317383,0.3060307502746582,0.23706507682800293,0.24965214729309082,0.5061681270599365,0.560060977935791,0.2609691619873047,0.4582068920135498,0.26203489303588867,0.506098747253418,0.24263906478881836,0.4055309295654297,0.24122405052185059,0.4998316764831543,0.23375487327575684,0.5545997619628906,0.3404409885406494,0.2763969898223877,0.4890627861022949,0.2507939338684082,0.48989224433898926,0.23864388465881348,0.25056982040405273,0.4400479793548584,0.2899191379547119,0.23592591285705566,0.42050886154174805,0.25090909004211426,0.2935490608215332,0.25091099739074707,0.34133386611938477,0.31835079193115234,0.2309720516204834
0.07	GEE	0.011308670043945312,0.011385917663574219,0.011145830154418945,0.011039972305297852,0.01108407974243164,0.01104879379272461,0.01134181022644043,0.011227130889892578,0.011147022247314453,0.01141810417175293,0.01086735725402832,0.011116981506347656,0.011297225952148438,0.011167049407958984,0.011050939559936523,0.011215686798095703,0.011878013610839844,0.011056184768676758,0.011230945587158203,0.011143922805786133,0.011394023895263672,0.011261940002441406,0.010843992233276367,0.01171112060546875,0.011217355728149414,0.01282501220703125,0.01141810417175293,0.011195898056030273,0.010987997055053711,0.011120080947875977,0.011004209518432617,0.011078119277954102,0.010864019393920898,0.011340141296386719,0.010927915573120117,0.010856151580810547,0.011151313781738281,0.011206865310668945,0.011051177978515625,0.010956048965454102,0.011164188385009766,0.011089324951171875,0.010864734649658203,0.011002779006958008,0.011549949645996094,0.010787010192871094,0.011097908020019531,0.011066913604736328,0.011011838912963867,0.011873960494995117,0.01091909408569336,0.011041879653930664,0.011063098907470703,0.011126995086669922,0.01123189926147461,0.010989904403686523,0.011152029037475586,0.011165857315063477,0.011058807373046875,0.011463165283203125,0.01175689697265625,0.011739253997802734,0.011106014251708984,0.011762857437133789,0.011343002319335938,0.011144876480102539,0.011013031005859375,0.011137008666992188,0.011013031005859375,0.011018037796020508,0.01153707504272461,0.011543035507202148,0.011436939239501953,0.01094818115234375,0.011095046997070312,0.011280059814453125,0.011090993881225586,0.01126241683959961,0.01126408576965332,0.010952234268188477,0.01102900505065918,0.010977029800415039,0.011478185653686523,0.011111736297607422,0.011214017868041992,0.011317968368530273,0.011195182800292969,0.011172294616699219,0.011092185974121094,0.011201143264770508,0.011255025863647461,0.011277914047241211,0.011808156967163086,0.011104106903076172,0.011111974716186523,0.011156797409057617,0.011231184005737305,0.011142969131469727,0.010848045349121094,0.011147022247314453,0.011348962783813477,0.011053085327148438,0.011056184768676758,0.011307001113891602,0.011324167251586914,0.011179924011230469,0.011142730712890625,0.011041641235351562,0.011012077331542969,0.011263370513916016,0.011151790618896484,0.010951995849609375,0.010840177536010742,0.010987997055053711,0.011008024215698242,0.010842084884643555,0.01104879379272461,0.011043071746826172,0.010829925537109375,0.01096796989440918,0.011735677719116211,0.012140750885009766,0.011090993881225586,0.011074066162109375,0.011519908905029297,0.010792016983032227,0.011300802230834961,0.011556863784790039,0.011198043823242188,0.011757135391235352,0.010943889617919922,0.010898113250732422,0.011211872100830078,0.011136054992675781,0.01087498664855957,0.011144876480102539,0.011106014251708984,0.011525869369506836,0.010978937149047852,0.01128077507019043,0.011750936508178711,0.011435985565185547,0.011328935623168945,0.010959863662719727,0.011242866516113281,0.011134862899780273,0.010943889617919922,0.01115870475769043,0.011409997940063477,0.01106882095336914,0.011220932006835938,0.011858940124511719,0.011091947555541992,0.011459112167358398,0.010982990264892578,0.010987043380737305,0.011092901229858398,0.01116800308227539,0.01105499267578125,0.010986328125,0.011536836624145508,0.01128697395324707,0.011282920837402344,0.012111902236938477,0.011238813400268555,0.010898113250732422,0.011303186416625977,0.011039972305297852,0.01108407974243164,0.011121034622192383,0.011812210083007812,0.011268138885498047,0.011023998260498047,0.011273860931396484,0.01123189926147461,0.012125015258789062,0.011125802993774414,0.0113372802734375,0.011308908462524414,0.011165142059326172,0.011140823364257812,0.011462211608886719,0.01133108139038086,0.011017322540283203,0.011289119720458984,0.011004924774169922,0.011223793029785156,0.01105499267578125,0.011368036270141602,0.010970115661621094,0.011070966720581055,0.011126995086669922,0.011970043182373047,0.01146388053894043,0.01095724105834961,0.011156082153320312,0.011308670043945312,0.011136054992675781,0.01270604133605957,0.011052131652832031
0.07	GNN	0.30751824378967285,0.2449197769165039,0.28728795051574707,0.3677511215209961,0.34520506858825684,0.24439311027526855,0.23947715759277344,0.2739741802215576,0.47716522216796875,0.26662206649780273,0.37819504737854004,0.2512180805206299,0.2767140865325928,0.24418997764587402,0.24089980125427246,0.26978397369384766,0.2798640727996826,0.33554601669311523,0.255385160446167,0.2592940330505371,0.35510921478271484,0.2623100280761719,0.3701171875,0.2716078758239746,0.2547941207885742,0.3656120300292969,0.2980039119720459,0.34791111946105957,0.4183049201965332,0.41982173919677734,0.26909899711608887,0.254863977432251,0.24187898635864258,0.2999579906463623,0.26342201232910156,0.25136303901672363,0.4949679374694824,0.24112915992736816,0.25533580780029297,0.2727470397949219,0.33781909942626953,0.28606605529785156,0.3388681411743164,0.32915306091308594,0.3069031238555908,0.2732391357421875,0.32224607467651367,0.37142324447631836,0.4493520259857178,0.2702369689941406,0.24700403213500977,0.3865070343017578,0.2572479248046875,0.257871150970459,0.27365708351135254,0.37270307540893555,0.24810576438903809,0.44191789627075195,0.441328763961792,0.38797783851623535,0.2624382972717285,0.26976680755615234,0.5065429210662842,0.25789594650268555,0.33672499656677246,0.25997376441955566,0.3136599063873291,0.40285515785217285,0.3685188293457031,0.2745540142059326,0.25928616523742676,0.34426116943359375,0.25273919105529785,0.25667500495910645,0.2974998950958252,0.2655351161956787,0.25896596908569336,0.29205918312072754,0.25832223892211914,0.3985769748687744,0.24535918235778809,0.2465050220489502,0.5107619762420654,0.39895200729370117,0.2855992317199707,0.27480602264404297,0.26877522468566895,0.2994511127471924,0.24408221244812012,0.2827308177947998,0.3934051990509033,0.2609260082244873,0.5361897945404053,0.2523820400238037,0.24594807624816895,0.26612210273742676,0.3690941333770752,0.26384997367858887,0.2607920169830322,0.27466392517089844,0.5473170280456543,0.25890421867370605,0.28402113914489746,0.2603766918182373,0.2883899211883545,0.24422001838684082,0.2578151226043701,0.2583608627319336,0.3433210849761963,0.30489277839660645,0.24196767807006836,0.3189351558685303,0.31182098388671875,0.3642251491546631,0.3826477527618408,0.25763368606567383,0.2788429260253906,0.4061770439147949,0.2515830993652344,0.25141382217407227,0.24207615852355957,0.27111220359802246,0.3140263557434082,0.2460002899169922,0.2566800117492676,0.2465059757232666,0.3764610290527344,0.3181760311126709,0.2623910903930664,0.35761094093322754,0.3541097640991211,0.2445690631866455,0.494495153427124,0.26850008964538574,0.2540309429168701,0.25017380714416504,0.26599812507629395,0.25462818145751953,0.2462301254272461,0.2505769729614258,0.3117249011993408,0.28279805183410645,0.24214410781860352,0.28459906578063965,0.5012450218200684,0.3766510486602783,0.28878116607666016,0.2686278820037842,0.4640970230102539,0.29962992668151855,0.26068592071533203,0.25679993629455566,0.29610133171081543,0.2433030605316162,0.245513916015625,0.4444241523742676,0.3266940116882324,0.272383451461792,0.3262042999267578,0.46851682662963867,0.26693010330200195,0.25464296340942383,0.27210307121276855,0.2703261375427246,0.4631800651550293,0.36296701431274414,0.35881686210632324,0.2753019332885742,0.3788440227508545,0.2703690528869629,0.26196885108947754,0.25956106185913086,0.2847468852996826,0.31371331214904785,0.3101780414581299,0.43514180183410645,0.4168820381164551,0.25438427925109863,0.3342299461364746,0.4268770217895508,0.2697570323944092,0.2713949680328369,0.27968502044677734,0.25931382179260254,0.32143187522888184,0.36190009117126465,0.24980521202087402,0.3938789367675781,0.23883485794067383,0.2783060073852539,0.26056694984436035,0.24071311950683594,0.28295016288757324,0.2855563163757324,0.2803688049316406,0.3771851062774658,0.26915597915649414,0.46119213104248047,0.27688121795654297,0.2696380615234375
0.07	GG	0.27771592140197754,0.27798032760620117,0.2585878372192383,0.35944080352783203,0.3475470542907715,0.27068018913269043,0.24675893783569336,0.2417752742767334,0.2698030471801758,0.3066251277923584,0.4542419910430908,0.24282503128051758,0.25705909729003906,0.2691209316253662,0.39640021324157715,0.24863791465759277,0.2887752056121826,0.2557401657104492,0.6007070541381836,0.24375009536743164,0.4798870086669922,0.3204207420349121,0.611004114151001,0.24474596977233887,0.2653160095214844,0.2505810260772705,0.40737271308898926,0.4798147678375244,0.24408817291259766,0.44348883628845215,0.2601938247680664,0.2723522186279297,0.3201730251312256,0.4822049140930176,0.3159198760986328,0.24483394622802734,0.4371969699859619,0.4161210060119629,0.258587121963501,0.3840460777282715,0.26047301292419434,0.43285202980041504,0.26603221893310547,0.4499549865722656,0.2523331642150879,0.37235188484191895,0.4952418804168701,0.24151110649108887,0.48709893226623535,0.25473523139953613,0.4204678535461426,0.25039100646972656,0.3528730869293213,0.4933478832244873,0.38764214515686035,0.2741560935974121,0.38489866256713867,0.2439558506011963,0.33396196365356445,0.2530221939086914,0.3721129894256592,0.240037202835083,0.2657959461212158,0.24393701553344727,0.2571530342102051,0.4758009910583496,0.27495503425598145,0.24164414405822754,0.5046467781066895,0.2603569030761719,0.2514820098876953,0.2559201717376709,0.41869282722473145,0.4106099605560303,0.3891620635986328,0.2989187240600586,0.2613649368286133,0.3427271842956543,0.2586390972137451,0.2543962001800537,0.27059388160705566,0.26798200607299805,0.2560551166534424,0.24200820922851562,0.2719290256500244,0.30112481117248535,0.4088456630706787,0.2542719841003418,0.2747347354888916,0.26617884635925293,0.2951478958129883,0.6106491088867188,0.44974327087402344,0.4127810001373291,0.2724490165710449,0.2602109909057617,0.26619505882263184,0.41452693939208984,0.5020830631256104,0.24329519271850586,0.4322988986968994,0.25209903717041016,0.417726993560791,0.5058438777923584,0.2714078426361084,0.28244471549987793,0.3312258720397949,0.342897891998291,0.2697451114654541,0.44699907302856445,0.42090392112731934,0.2612290382385254,0.2593228816986084,0.2727489471435547,0.2608063220977783,0.24117422103881836,0.5256221294403076,0.26883983612060547,0.2940399646759033,0.505120038986206,0.2545888423919678,0.26104187965393066,0.35123181343078613,0.2705199718475342,0.3859519958496094,0.5128271579742432,0.3222332000732422,0.2559773921966553,0.2557649612426758,0.4375448226928711,0.26653099060058594,0.4557499885559082,0.24640679359436035,0.24791312217712402,0.2738640308380127,0.490919828414917,0.2568540573120117,0.26543474197387695,0.46933722496032715,0.25469207763671875,0.2533841133117676,0.48900294303894043,0.5844650268554688,0.34299492835998535,0.2398209571838379,0.24497199058532715,0.3587520122528076,0.4880359172821045,0.30471181869506836,0.2688758373260498,0.2901580333709717,0.2412259578704834,0.2749519348144531,0.27283406257629395,0.2689790725708008,0.2458951473236084,0.25369882583618164,0.24358391761779785,0.36855125427246094,0.409653902053833,0.2616598606109619,0.6086509227752686,0.24567079544067383,0.24737286567687988,0.3161149024963379,0.24204230308532715,0.2517051696777344,0.46930575370788574,0.24364495277404785,0.29767584800720215,0.25365185737609863,0.7471108436584473,0.24702906608581543,0.2730579376220703,0.3184778690338135,0.2725489139556885,0.24188494682312012,0.43234920501708984,0.24304604530334473,0.3730800151824951,0.24296307563781738,0.2837638854980469,0.2536001205444336,0.416959285736084,0.4496278762817383,0.2776927947998047,0.28716015815734863,0.4258570671081543,0.45910096168518066,0.2554507255554199,0.267348051071167,0.25641870498657227,0.33865809440612793,0.32422399520874023,0.2578277587890625,0.275195837020874,0.27120089530944824,0.4920508861541748,0.26675891876220703,0.26085400581359863
0.07	GG2	0.27771592140197754,0.27798032760620117,0.2585878372192383,0.35944080352783203,0.3475470542907715,0.27068018913269043,0.24675893783569336,0.2417752742767334,0.2698030471801758,0.3066251277923584,0.4542419910430908,0.24282503128051758,0.25705909729003906,0.2691209316253662,0.39640021324157715,0.24863791465759277,0.2887752056121826,0.2557401657104492,0.6007070541381836,0.24375009536743164,0.4798870086669922,0.3204207420349121,0.611004114151001,0.24474596977233887,0.2653160095214844,0.2505810260772705,0.40737271308898926,0.4798147678375244,0.24408817291259766,0.44348883628845215,0.2601938247680664,0.2723522186279297,0.3201730251312256,0.4822049140930176,0.3159198760986328,0.24483394622802734,0.4371969699859619,0.4161210060119629,0.258587121963501,0.3840460777282715,0.26047301292419434,0.43285202980041504,0.26603221893310547,0.4499549865722656,0.2523331642150879,0.37235188484191895,0.4952418804168701,0.24151110649108887,0.48709893226623535,0.25473523139953613,0.4204678535461426,0.25039100646972656,0.3528730869293213,0.4933478832244873,0.38764214515686035,0.2741560935974121,0.38489866256713867,0.2439558506011963,0.33396196365356445,0.2530221939086914,0.3721129894256592,0.240037202835083,0.2657959461212158,0.24393701553344727,0.2571530342102051,0.4758009910583496,0.27495503425598145,0.24164414405822754,0.5046467781066895,0.2603569030761719,0.2514820098876953,0.2559201717376709,0.41869282722473145,0.4106099605560303,0.3891620635986328,0.2989187240600586,0.2613649368286133,0.3427271842956543,0.2586390972137451,0.2543962001800537,0.27059388160705566,0.26798200607299805,0.2560551166534424,0.24200820922851562,0.2719290256500244,0.30112481117248535,0.4088456630706787,0.2542719841003418,0.2747347354888916,0.26617884635925293,0.2951478958129883,0.6106491088867188,0.44974327087402344,0.4127810001373291,0.2724490165710449,0.2602109909057617,0.26619505882263184,0.41452693939208984,0.5020830631256104,0.24329519271850586,0.4322988986968994,0.25209903717041016,0.417726993560791,0.5058438777923584,0.2714078426361084,0.28244471549987793,0.3312258720397949,0.342897891998291,0.2697451114654541,0.44699907302856445,0.42090392112731934,0.2612290382385254,0.2593228816986084,0.2727489471435547,0.2608063220977783,0.24117422103881836,0.5256221294403076,0.26883983612060547,0.2940399646759033,0.505120038986206,0.2545888423919678,0.26104187965393066,0.35123181343078613,0.2705199718475342,0.3859519958496094,0.5128271579742432,0.3222332000732422,0.2559773921966553,0.2557649612426758,0.4375448226928711,0.26653099060058594,0.4557499885559082,0.24640679359436035,0.24791312217712402,0.2738640308380127,0.490919828414917,0.2568540573120117,0.26543474197387695,0.46933722496032715,0.25469207763671875,0.2533841133117676,0.48900294303894043,0.5844650268554688,0.34299492835998535,0.2398209571838379,0.24497199058532715,0.3587520122528076,0.4880359172821045,0.30471181869506836,0.2688758373260498,0.2901580333709717,0.2412259578704834,0.2749519348144531,0.27283406257629395,0.2689790725708008,0.2458951473236084,0.25369882583618164,0.24358391761779785,0.36855125427246094,0.409653902053833,0.2616598606109619,0.6086509227752686,0.24567079544067383,0.24737286567687988,0.3161149024963379,0.24204230308532715,0.2517051696777344,0.46930575370788574,0.24364495277404785,0.29767584800720215,0.25365185737609863,0.7471108436584473,0.24702906608581543,0.2730579376220703,0.3184778690338135,0.2725489139556885,0.24188494682312012,0.43234920501708984,0.24304604530334473,0.3730800151824951,0.24296307563781738,0.2837638854980469,0.2536001205444336,0.416959285736084,0.4496278762817383,0.2776927947998047,0.28716015815734863,0.4258570671081543,0.45910096168518066,0.2554507255554199,0.267348051071167,0.25641870498657227,0.33865809440612793,0.32422399520874023,0.2578277587890625,0.275195837020874,0.27120089530944824,0.4920508861541748,0.26675891876220703,0.26085400581359863
0.08000000000000002	GEE	0.011828899383544922,0.012078046798706055,0.01199793815612793,0.012061834335327148,0.011928081512451172,0.012065887451171875,0.012362003326416016,0.011941909790039062,0.01232600212097168,0.012242794036865234,0.011741876602172852,0.012053966522216797,0.012137889862060547,0.012536048889160156,0.011891841888427734,0.012138128280639648,0.01281595230102539,0.012069225311279297,0.01203608512878418,0.012233972549438477,0.012060165405273438,0.012389183044433594,0.012240171432495117,0.011911869049072266,0.012551069259643555,0.011993885040283203,0.012288093566894531,0.011954069137573242,0.011953115463256836,0.012115001678466797,0.012140989303588867,0.013022184371948242,0.012109756469726562,0.011837005615234375,0.011753082275390625,0.01192784309387207,0.012063980102539062,0.012082815170288086,0.01190328598022461,0.011852741241455078,0.012035846710205078,0.012214899063110352,0.012337923049926758,0.011983156204223633,0.012633085250854492,0.01217508316040039,0.011934995651245117,0.012112140655517578,0.01203298568725586,0.011973857879638672,0.011732816696166992,0.012872934341430664,0.012018918991088867,0.011879920959472656,0.0124359130859375,0.012480974197387695,0.011898994445800781,0.012527942657470703,0.011904001235961914,0.011954069137573242,0.012434244155883789,0.011901140213012695,0.012380123138427734,0.012540102005004883,0.011962175369262695,0.011956930160522461,0.011866092681884766,0.012565135955810547,0.013222932815551758,0.012001991271972656,0.011942863464355469,0.013705015182495117,0.012069940567016602,0.011710405349731445,0.012085914611816406,0.012055158615112305,0.012256860733032227,0.012372970581054688,0.012226104736328125,0.011897802352905273,0.01305699348449707,0.011964082717895508,0.012506723403930664,0.012054920196533203,0.012094259262084961,0.01187896728515625,0.011941194534301758,0.012046098709106445,0.012094974517822266,0.012056827545166016,0.011778116226196289,0.012965202331542969,0.01211094856262207,0.011918067932128906,0.01240992546081543,0.011908292770385742,0.01200723648071289,0.011877059936523438,0.01194000244140625,0.011882305145263672,0.012258052825927734,0.012206792831420898,0.01285099983215332,0.012144804000854492,0.01225900650024414,0.011870861053466797,0.012208223342895508,0.011928081512451172,0.012975931167602539,0.012093067169189453,0.012068986892700195,0.012048959732055664,0.012565851211547852,0.012340784072875977,0.013051033020019531,0.011856794357299805,0.012041091918945312,0.012339115142822266,0.01205301284790039,0.012948036193847656,0.012043952941894531,0.012073993682861328,0.01213693618774414,0.01199793815612793,0.011873006820678711,0.012248039245605469,0.01203608512878418,0.012110233306884766,0.012998819351196289,0.011789083480834961,0.012273788452148438,0.011985063552856445,0.012339115142822266,0.012148857116699219,0.012161731719970703,0.011850833892822266,0.01217198371887207,0.012089252471923828,0.012083292007446289,0.012449026107788086,0.012122869491577148,0.012179136276245117,0.01194000244140625,0.012197256088256836,0.011968851089477539,0.011850118637084961,0.012366771697998047,0.013100862503051758,0.01200103759765625,0.01193380355834961,0.012243986129760742,0.012360095977783203,0.011983156204223633,0.012582778930664062,0.012183666229248047,0.012089729309082031,0.012408256530761719,0.012380123138427734,0.01176595687866211,0.01278829574584961,0.01222085952758789,0.012280941009521484,0.012302875518798828,0.012012004852294922,0.012176752090454102,0.012827873229980469,0.01214289665222168,0.012108087539672852,0.011908769607543945,0.011965036392211914,0.012084007263183594,0.011956930160522461,0.01213693618774414,0.011934757232666016,0.011776208877563477,0.01207280158996582,0.012668132781982422,0.012071847915649414,0.012635231018066406,0.012119770050048828,0.012753009796142578,0.012274026870727539,0.011753082275390625,0.013360023498535156,0.013102054595947266,0.011941194534301758,0.012094974517822266,0.013026952743530273,0.012009382247924805,0.012247085571289062,0.011894941329956055,0.012174129486083984,0.011759757995605469,0.011898040771484375,0.012171030044555664,0.011953115463256836,0.011941909790039062,0.012092113494873047,0.012803077697753906,0.012807130813598633
0.08000000000000002	GNN	0.40523219108581543,0.27663493156433105,0.2986030578613281,0.32253098487854004,0.3587028980255127,0.2829906940460205,0.28295397758483887,0.26623082160949707,0.2873392105102539,0.31041383743286133,0.33939099311828613,0.30561184883117676,0.2813107967376709,0.2837388515472412,0.2551000118255615,0.3412179946899414,0.25476574897766113,0.31342411041259766,0.26195383071899414,0.2975952625274658,0.2838408946990967,0.27970004081726074,0.3559699058532715,0.32672691345214844,0.2661900520324707,0.33039093017578125,0.2911851406097412,0.2934000492095947,0.3061378002166748,0.3219780921936035,0.29408907890319824,0.25768184661865234,0.4074709415435791,0.334716796875,0.2544131278991699,0.2701380252838135,0.4469339847564697,0.2545340061187744,0.2940819263458252,0.2923548221588135,0.44379401206970215,0.29953503608703613,0.4919271469116211,0.5002532005310059,0.361112117767334,0.3510143756866455,0.5076570510864258,0.40146398544311523,0.31470203399658203,0.2645559310913086,0.3936159610748291,0.34256672859191895,0.35131192207336426,0.26419997215270996,0.262606143951416,0.2679760456085205,0.2720191478729248,0.39438700675964355,0.2793872356414795,0.3289179801940918,0.3462069034576416,0.26378679275512695,0.5314140319824219,0.2608647346496582,0.27837395668029785,0.2553856372833252,0.28047895431518555,0.40145111083984375,0.4668128490447998,0.25138401985168457,0.38033199310302734,0.3255889415740967,0.27476000785827637,0.24718689918518066,0.2630741596221924,0.28568005561828613,0.3680849075317383,0.340770959854126,0.28778600692749023,0.2842848300933838,0.5155012607574463,0.2525601387023926,0.37488770484924316,0.4405951499938965,0.28870391845703125,0.29197072982788086,0.2778491973876953,0.3488328456878662,0.257612943649292,0.3591909408569336,0.2891879081726074,0.2618558406829834,0.31049489974975586,0.27986717224121094,0.3147542476654053,0.2716689109802246,0.3163871765136719,0.2612931728363037,0.3763852119445801,0.25852108001708984,0.47734999656677246,0.2637908458709717,0.28004002571105957,0.5289647579193115,0.294661283493042,0.2659261226654053,0.2909102439880371,0.2779350280761719,0.40291309356689453,0.2537848949432373,0.3920879364013672,0.43350982666015625,0.2563309669494629,0.2544887065887451,0.3899409770965576,0.28331422805786133,0.26247334480285645,0.2676870822906494,0.2918550968170166,0.25920820236206055,0.2550530433654785,0.26271700859069824,0.2512178421020508,0.3174326419830322,0.27695298194885254,0.2905709743499756,0.32029104232788086,0.36319589614868164,0.27788686752319336,0.25595712661743164,0.3843231201171875,0.26758408546447754,0.28548669815063477,0.27410292625427246,0.27118802070617676,0.39092516899108887,0.28334999084472656,0.4023909568786621,0.28185319900512695,0.26599597930908203,0.4054138660430908,0.27972888946533203,0.41686511039733887,0.432539701461792,0.2562081813812256,0.4252359867095947,0.27985095977783203,0.40459680557250977,0.2666192054748535,0.32990479469299316,0.4721648693084717,0.2725241184234619,0.2642960548400879,0.28026795387268066,0.27983784675598145,0.289172887802124,0.28232812881469727,0.2990539073944092,0.26497888565063477,0.2643709182739258,0.2909119129180908,0.2514019012451172,0.28056812286376953,0.2714228630065918,0.2678060531616211,0.27529382705688477,0.28021979331970215,0.26352524757385254,0.28182315826416016,0.2936530113220215,0.39476490020751953,0.2521169185638428,0.384807825088501,0.26779794692993164,0.28537917137145996,0.248992919921875,0.2832210063934326,0.26462388038635254,0.28105592727661133,0.2800712585449219,0.26709985733032227,0.27048397064208984,0.2568051815032959,0.28235888481140137,0.2744581699371338,0.310028076171875,0.27886104583740234,0.39742231369018555,0.43338799476623535,0.3632969856262207,0.39798593521118164,0.3067028522491455,0.384660005569458,0.2990891933441162,0.3550548553466797,0.39446091651916504,0.5653159618377686,0.2520880699157715,0.2708890438079834,0.2826850414276123
0.08000000000000002	GG	0.27558302879333496,0.4100768566131592,0.26660609245300293,0.45055365562438965,0.25612592697143555,0.2565598487854004,0.2559359073638916,0.3489367961883545,0.4042699337005615,0.33314990997314453,0.4291069507598877,0.28520989418029785,0.2534458637237549,0.27950119972229004,0.28494811058044434,0.2692728042602539,0.26303982734680176,0.2855851650238037,0.2674887180328369,0.2632169723510742,0.2534492015838623,0.5197908878326416,0.45808911323547363,0.4374871253967285,0.42894506454467773,0.2588658332824707,0.2633810043334961,0.35193419456481934,0.3470010757446289,0.4490182399749756,0.2692747116088867,0.27770185470581055,0.26725006103515625,0.2768120765686035,0.2810230255126953,0.3832738399505615,0.47422194480895996,0.2848191261291504,0.25698089599609375,0.43247318267822266,0.2823936939239502,0.2649421691894531,0.3132140636444092,0.500952959060669,0.28945016860961914,0.4100360870361328,0.5555291175842285,0.26692819595336914,0.3206171989440918,0.27333998680114746,0.27135586738586426,0.2520928382873535,0.4418632984161377,0.41744208335876465,0.5114891529083252,0.2870652675628662,0.5716021060943604,0.2542150020599365,0.2532541751861572,0.279634952545166,0.2668740749359131,0.37919187545776367,0.28217291831970215,0.2791860103607178,0.2944309711456299,0.4989960193634033,0.25197911262512207,0.2876431941986084,0.28121495246887207,0.3485748767852783,0.4581780433654785,0.33349609375,0.2708568572998047,0.4115447998046875,0.2903931140899658,0.2838010787963867,0.25937986373901367,0.2639298439025879,0.25420403480529785,0.2531740665435791,0.48038816452026367,0.5516691207885742,0.28872179985046387,0.5107231140136719,0.26515722274780273,0.2982621192932129,0.25930094718933105,0.3227870464324951,0.4041159152984619,0.5176889896392822,0.42014288902282715,0.489516019821167,0.2508108615875244,0.2676098346710205,0.5137438774108887,0.608544111251831,0.4443471431732178,0.2633941173553467,0.4542269706726074,0.4584171772003174,0.29343724250793457,0.2782278060913086,0.2586343288421631,0.28611111640930176,0.33088111877441406,0.26880407333374023,0.4790358543395996,0.2651510238647461,0.28658103942871094,0.4694712162017822,0.2620868682861328,0.2823147773742676,0.27700185775756836,0.5354568958282471,0.2714061737060547,0.2515861988067627,0.32215189933776855,0.34615397453308105,0.3108391761779785,0.28092312812805176,0.38156795501708984,0.3375880718231201,0.41377806663513184,0.32098817825317383,0.26330018043518066,0.2537848949432373,0.29061198234558105,0.4344620704650879,0.27979111671447754,0.30765485763549805,0.2664189338684082,0.262584924697876,0.29578685760498047,0.2775890827178955,0.26641297340393066,0.2844510078430176,0.2703258991241455,0.25139808654785156,0.5135171413421631,0.29264402389526367,0.2534799575805664,0.5229001045227051,0.6425058841705322,0.2806227207183838,0.2794606685638428,0.26430392265319824,0.2685737609863281,0.2840540409088135,0.26316118240356445,0.25339293479919434,0.27905774116516113,0.2730710506439209,0.2560880184173584,0.2610492706298828,0.26486682891845703,0.5706131458282471,0.47519421577453613,0.28118300437927246,0.28392601013183594,0.2548530101776123,0.3707752227783203,0.28766417503356934,0.5050959587097168,0.2708749771118164,0.25594186782836914,0.4131782054901123,0.25192999839782715,0.28691983222961426,0.2821469306945801,0.25098204612731934,0.28346705436706543,0.29706501960754395,0.2685229778289795,0.26494717597961426,0.5793359279632568,0.28401780128479004,0.2537078857421875,0.26830506324768066,0.45914411544799805,0.2672240734100342,0.2799699306488037,0.513314962387085,0.26691412925720215,0.34595727920532227,0.2624480724334717,0.2832679748535156,0.3013277053833008,0.2712540626525879,0.44368505477905273,0.2784891128540039,0.49529314041137695,0.2708151340484619,0.38842225074768066,0.3202481269836426,0.2659270763397217,0.25389695167541504,0.2821192741394043,0.28000402450561523,0.3494291305541992,0.2664172649383545
0.08000000000000002	GG2	0.27558302879333496,0.4100768566131592,0.26660609245300293,0.45055365562438965,0.25612592697143555,0.2565598487854004,0.2559359073638916,0.3489367961883545,0.4042699337005615,0.33314990997314453,0.4291069507598877,0.28520989418029785,0.2534458637237549,0.27950119972229004,0.28494811058044434,0.2692728042602539,0.26303982734680176,0.2855851650238037,0.2674887180328369,0.2632169723510742,0.2534492015838623,0.5197908878326416,0.45808911323547363,0.4374871253967285,0.42894506454467773,0.2588658332824707,0.2633810043334961,0.35193419456481934,0.3470010757446289,0.4490182399749756,0.2692747116088867,0.27770185470581055,0.26725006103515625,0.2768120765686035,0.2810230255126953,0.3832738399505615,0.47422194480895996,0.2848191261291504,0.25698089599609375,0.43247318267822266,0.2823936939239502,0.2649421691894531,0.3132140636444092,0.500952959060669,0.28945016860961914,0.4100360870361328,0.5555291175842285,0.26692819595336914,0.3206171989440918,0.27333998680114746,0.27135586738586426,0.2520928382873535,0.4418632984161377,0.41744208335876465,0.5114891529083252,0.2870652675628662,0.5716021060943604,0.2542150020599365,0.2532541751861572,0.279634952545166,0.2668740749359131,0.37919187545776367,0.28217291831970215,0.2791860103607178,0.2944309711456299,0.4989960193634033,0.25197911262512207,0.2876431941986084,0.28121495246887207,0.3485748767852783,0.4581780433654785,0.33349609375,0.2708568572998047,0.4115447998046875,0.2903931140899658,0.2838010787963867,0.25937986373901367,0.2639298439025879,0.25420403480529785,0.2531740665435791,0.48038816452026367,0.5516691207885742,0.28872179985046387,0.5107231140136719,0.26515722274780273,0.2982621192932129,0.25930094718933105,0.3227870464324951,0.4041159152984619,0.5176889896392822,0.42014288902282715,0.489516019821167,0.2508108615875244,0.2676098346710205,0.5137438774108887,0.608544111251831,0.4443471431732178,0.2633941173553467,0.4542269706726074,0.4584171772003174,0.29343724250793457,0.2782278060913086,0.2586343288421631,0.28611111640930176,0.33088111877441406,0.26880407333374023,0.4790358543395996,0.2651510238647461,0.28658103942871094,0.4694712162017822,0.2620868682861328,0.2823147773742676,0.27700185775756836,0.5354568958282471,0.2714061737060547,0.2515861988067627,0.32215189933776855,0.34615397453308105,0.3108391761779785,0.28092312812805176,0.38156795501708984,0.3375880718231201,0.41377806663513184,0.32098817825317383,0.26330018043518066,0.2537848949432373,0.29061198234558105,0.4344620704650879,0.27979111671447754,0.30765485763549805,0.2664189338684082,0.262584924697876,0.29578685760498047,0.2775890827178955,0.26641297340393066,0.2844510078430176,0.2703258991241455,0.25139808654785156,0.5135171413421631,0.29264402389526367,0.2534799575805664,0.5229001045227051,0.6425058841705322,0.2806227207183838,0.2794606685638428,0.26430392265319824,0.2685737609863281,0.2840540409088135,0.26316118240356445,0.25339293479919434,0.27905774116516113,0.2730710506439209,0.2560880184173584,0.2610492706298828,0.26486682891845703,0.5706131458282471,0.47519421577453613,0.28118300437927246,0.28392601013183594,0.2548530101776123,0.3707752227783203,0.28766417503356934,0.5050959587097168,0.2708749771118164,0.25594186782836914,0.4131782054901123,0.25192999839782715,0.28691983222961426,0.2821469306945801,0.25098204612731934,0.28346705436706543,0.29706501960754395,0.2685229778289795,0.26494717597961426,0.5793359279632568,0.28401780128479004,0.2537078857421875,0.26830506324768066,0.45914411544799805,0.2672240734100342,0.2799699306488037,0.513314962387085,0.26691412925720215,0.34595727920532227,0.2624480724334717,0.2832679748535156,0.3013277053833008,0.2712540626525879,0.44368505477905273,0.2784891128540039,0.49529314041137695,0.2708151340484619,0.38842225074768066,0.3202481269836426,0.2659270763397217,0.25389695167541504,0.2821192741394043,0.28000402450561523,0.3494291305541992,0.2664172649383545
0.09000000000000001	GEE	0.012778997421264648,0.013437986373901367,0.012760162353515625,0.012682914733886719,0.013558149337768555,0.012896060943603516,0.01249384880065918,0.01308298110961914,0.012610912322998047,0.01295781135559082,0.012651681900024414,0.012640953063964844,0.012839794158935547,0.012816190719604492,0.012859821319580078,0.01281118392944336,0.013003110885620117,0.012855768203735352,0.012828826904296875,0.012714862823486328,0.012465953826904297,0.012981891632080078,0.014890193939208984,0.012578964233398438,0.013022899627685547,0.01342010498046875,0.012721061706542969,0.01261281967163086,0.013155937194824219,0.012845039367675781,0.012653827667236328,0.01314997673034668,0.012733221054077148,0.01297307014465332,0.012813091278076172,0.01266789436340332,0.013334035873413086,0.01302480697631836,0.012743949890136719,0.012544870376586914,0.013690948486328125,0.013581275939941406,0.012830972671508789,0.012661933898925781,0.012782096862792969,0.01301717758178711,0.013158082962036133,0.012745857238769531,0.01270604133605957,0.01300501823425293,0.012607812881469727,0.012490034103393555,0.012969970703125,0.012860774993896484,0.012774944305419922,0.01346898078918457,0.012814044952392578,0.013122797012329102,0.01278996467590332,0.012851953506469727,0.013029098510742188,0.012536048889160156,0.01266789436340332,0.012904882431030273,0.012916088104248047,0.012698173522949219,0.012764930725097656,0.013835906982421875,0.012951850891113281,0.013183832168579102,0.014322757720947266,0.013029336929321289,0.01425480842590332,0.012854814529418945,0.013031959533691406,0.01297616958618164,0.01275491714477539,0.013067960739135742,0.01293492317199707,0.012639999389648438,0.012959957122802734,0.012876033782958984,0.012961149215698242,0.012840032577514648,0.01415705680847168,0.013015031814575195,0.01264810562133789,0.013074159622192383,0.012885093688964844,0.01304483413696289,0.013693094253540039,0.012622833251953125,0.012583017349243164,0.012577056884765625,0.012518882751464844,0.01264810562133789,0.013450860977172852,0.012991905212402344,0.013601064682006836,0.012675762176513672,0.012866020202636719,0.012778997421264648,0.013170003890991211,0.012759923934936523,0.013134241104125977,0.012533903121948242,0.012936115264892578,0.01258707046508789,0.012969017028808594,0.013117074966430664,0.013212203979492188,0.012943744659423828,0.01388096809387207,0.013899087905883789,0.013586997985839844,0.013128995895385742,0.013656139373779297,0.01256704330444336,0.01312112808227539,0.012811899185180664,0.012780904769897461,0.014155149459838867,0.012724876403808594,0.012661218643188477,0.01357889175415039,0.01312875747680664,0.012651920318603516,0.01281881332397461,0.01269674301147461,0.01317596435546875,0.012674093246459961,0.01296687126159668,0.01279902458190918,0.012775182723999023,0.012831926345825195,0.012844085693359375,0.012920618057250977,0.01358795166015625,0.013728141784667969,0.012983083724975586,0.012758016586303711,0.013257980346679688,0.012794256210327148,0.012938976287841797,0.013117790222167969,0.01316690444946289,0.012897014617919922,0.013154983520507812,0.012980937957763672,0.013146162033081055,0.013132095336914062,0.012740135192871094,0.012774944305419922,0.013113975524902344,0.012902259826660156,0.012800216674804688,0.013209104537963867,0.013182878494262695,0.013956785202026367,0.013133764266967773,0.013091087341308594,0.012781143188476562,0.012782812118530273,0.013084173202514648,0.012871742248535156,0.01297903060913086,0.012647867202758789,0.013497114181518555,0.014377355575561523,0.012876033782958984,0.013702869415283203,0.012989282608032227,0.012965917587280273,0.0128021240234375,0.01337885856628418,0.01310420036315918,0.012965917587280273,0.012773752212524414,0.013019084930419922,0.012959957122802734,0.012772083282470703,0.012900829315185547,0.01288914680480957,0.012569189071655273,0.012701034545898438,0.012949943542480469,0.012766122817993164,0.012701988220214844,0.012920856475830078,0.012956857681274414,0.013037919998168945,0.013953208923339844,0.013632059097290039,0.012930870056152344,0.012809991836547852,0.012841939926147461,0.012758016586303711,0.01267099380493164,0.012729883193969727,0.012823104858398438
0.09000000000000001	GNN	0.29634618759155273,0.3540811538696289,0.32437992095947266,0.5236537456512451,0.30908203125,0.30634379386901855,0.2869241237640381,0.2729039192199707,0.28580784797668457,0.4109792709350586,0.28084301948547363,0.3807690143585205,0.28375792503356934,0.3070528507232666,0.2702929973602295,0.5669670104980469,0.3055548667907715,0.287050724029541,0.31203508377075195,0.32010793685913086,0.27858901023864746,0.3113560676574707,0.3436920642852783,0.2989809513092041,0.3988490104675293,0.2842268943786621,0.28940486907958984,0.32673168182373047,0.3118629455566406,0.3069729804992676,0.33493518829345703,0.27222585678100586,0.3062410354614258,0.27420902252197266,0.2829740047454834,0.672706127166748,0.40546607971191406,0.31017017364501953,0.28659486770629883,0.3114008903503418,0.2996659278869629,0.7209410667419434,0.2894630432128906,0.2925701141357422,0.5192089080810547,0.39759182929992676,0.5110700130462646,0.3269460201263428,0.3105440139770508,0.3032097816467285,0.30674004554748535,0.47917795181274414,0.4690570831298828,0.3146169185638428,0.358335018157959,0.4908599853515625,0.27414798736572266,0.30591273307800293,0.3617091178894043,0.33118295669555664,0.30660510063171387,0.3143899440765381,0.44248175621032715,0.4290890693664551,0.365081787109375,0.3240499496459961,0.45348191261291504,0.4190328121185303,0.46283411979675293,0.3070812225341797,0.33750009536743164,0.38469386100769043,0.29627203941345215,0.35770392417907715,0.3142259120941162,0.2888071537017822,0.28679513931274414,0.6573963165283203,0.30882930755615234,0.2987661361694336,0.2928619384765625,0.3007030487060547,0.3908848762512207,0.38727283477783203,0.3894379138946533,0.3538496494293213,0.29839277267456055,0.3156909942626953,0.3200697898864746,0.29357194900512695,0.4005410671234131,0.28909993171691895,0.3486359119415283,0.3524150848388672,0.32465410232543945,0.31609511375427246,0.7148139476776123,0.37674903869628906,0.33501529693603516,0.34630703926086426,0.3152289390563965,0.3004622459411621,0.3034188747406006,0.30229830741882324,0.32674288749694824,0.3646378517150879,0.32720375061035156,0.32626914978027344,0.3026559352874756,0.6648991107940674,0.40673828125,0.4116380214691162,0.309218168258667,0.31540822982788086,0.40678977966308594,0.4456000328063965,0.3111729621887207,0.4450509548187256,0.3083460330963135,0.38080477714538574,0.45197296142578125,0.38443493843078613,0.3053731918334961,0.3044290542602539,0.3189868927001953,0.3341853618621826,0.42534923553466797,0.3783419132232666,0.3336961269378662,0.32463693618774414,0.432096004486084,0.37222790718078613,0.3159496784210205,0.4094569683074951,0.3301727771759033,0.28916096687316895,0.306628942489624,0.3132197856903076,0.3169739246368408,0.4090139865875244,0.2882251739501953,0.4966409206390381,0.4423999786376953,0.3018512725830078,0.47081708908081055,0.28797078132629395,0.4046630859375,0.3825199604034424,0.3347630500793457,0.518099308013916,0.3842806816101074,0.2939188480377197,0.29509568214416504,0.28203272819519043,0.577225923538208,0.3363070487976074,0.31423282623291016,0.5044128894805908,0.3060941696166992,0.28723597526550293,0.30004096031188965,0.29244184494018555,0.34790611267089844,0.33029890060424805,0.5245640277862549,0.3276510238647461,0.4012258052825928,0.31583690643310547,0.32642102241516113,0.32421398162841797,0.32152891159057617,0.3339107036590576,0.29083895683288574,0.3037240505218506,0.539423942565918,0.4048497676849365,0.3260018825531006,0.3058619499206543,0.29892730712890625,0.4016749858856201,0.4498860836029053,0.4188060760498047,0.5900919437408447,0.3856022357940674,0.31902098655700684,0.3109300136566162,0.44019103050231934,0.4379148483276367,0.3706700801849365,0.3034977912902832,0.299450159072876,0.5657830238342285,0.3221151828765869,0.3181922435760498,0.6013038158416748,0.3264608383178711,0.3483147621154785,0.3264808654785156,0.29325079917907715,0.30243682861328125
0.09000000000000001	GG	0.3763389587402344,0.5475430488586426,0.3077371120452881,0.2986786365509033,0.271925687789917,0.2844080924987793,0.58315110206604,0.4061141014099121,0.29783105850219727,0.5030629634857178,0.540438175201416,0.4843289852142334,0.3081839084625244,0.35386180877685547,0.35030460357666016,0.3002200126647949,0.36015772819519043,0.4907219409942627,0.5237791538238525,0.2801220417022705,0.299241304397583,0.27719783782958984,0.3091731071472168,0.2896237373352051,0.3685438632965088,0.30058979988098145,0.3057851791381836,0.2992992401123047,0.4763920307159424,0.4389638900756836,0.3034040927886963,0.455535888671875,0.2995889186859131,0.30657482147216797,0.3626880645751953,0.2905151844024658,0.6015422344207764,0.2821676731109619,0.30889177322387695,0.2875180244445801,0.5412271022796631,0.27969908714294434,0.28879690170288086,0.3099541664123535,0.29067230224609375,0.30291199684143066,0.4724440574645996,0.35064005851745605,0.552839994430542,0.3490300178527832,0.3044142723083496,0.3039209842681885,0.27524781227111816,0.30243802070617676,0.38451409339904785,0.3005850315093994,0.4499070644378662,0.28229212760925293,0.26769304275512695,0.30425500869750977,0.28582215309143066,0.5338630676269531,0.30062198638916016,0.4950730800628662,0.5197398662567139,0.2898838520050049,0.28859901428222656,0.2994260787963867,0.28922319412231445,0.3569657802581787,0.29938817024230957,0.2857992649078369,0.4223761558532715,0.29334211349487305,0.28985595703125,0.39951014518737793,0.2998018264770508,0.28151798248291016,0.270827054977417,0.3229827880859375,0.32849884033203125,0.5042989253997803,0.47670412063598633,0.29390501976013184,0.3654611110687256,0.451923131942749,0.3284139633178711,0.5696628093719482,0.42983412742614746,0.2998237609863281,0.3268759250640869,0.6093661785125732,0.28565287590026855,0.2825961112976074,0.29344797134399414,0.8340017795562744,0.2967360019683838,0.4842338562011719,0.32864928245544434,0.33014607429504395,0.3219602108001709,0.3286600112915039,0.3255429267883301,0.32056093215942383,0.8108258247375488,0.33074283599853516,0.2876627445220947,0.448854923248291,0.324674129486084,0.5071699619293213,0.3878610134124756,0.3023202419281006,0.29212307929992676,0.3067190647125244,0.3312199115753174,0.5317111015319824,0.3944840431213379,0.43054795265197754,0.39972686767578125,0.39048314094543457,0.30746984481811523,0.3612091541290283,0.541956901550293,0.4163808822631836,0.47028589248657227,0.6584768295288086,0.29375576972961426,0.3008127212524414,0.3060119152069092,0.47635412216186523,0.40335607528686523,0.30044102668762207,0.29012584686279297,0.47250795364379883,0.6533830165863037,0.495711088180542,0.3070182800292969,0.29199695587158203,0.365678071975708,0.30522704124450684,0.31781601905822754,0.3277440071105957,0.4200618267059326,0.3251988887786865,0.32502198219299316,0.32616400718688965,0.5688660144805908,0.32631921768188477,0.3359031677246094,0.4178910255432129,0.328035831451416,0.5588600635528564,0.35993528366088867,0.4231281280517578,0.2906491756439209,0.2997927665710449,0.7527260780334473,0.39290380477905273,0.5841841697692871,0.4322781562805176,0.3234131336212158,0.3310079574584961,0.5557107925415039,0.30657076835632324,0.3602769374847412,0.6562728881835938,0.5509777069091797,0.3262960910797119,0.2892181873321533,0.3211250305175781,0.2986927032470703,0.6190841197967529,0.32599902153015137,0.31990933418273926,0.33338379859924316,0.29636311531066895,0.456207275390625,0.5378172397613525,0.31875109672546387,0.423382043838501,0.6168782711029053,0.3686528205871582,0.4574911594390869,0.49518680572509766,0.3006119728088379,0.41179895401000977,0.2883720397949219,0.33213090896606445,0.32410120964050293,0.32045698165893555,0.4207761287689209,0.3039391040802002,0.2907378673553467,0.4615938663482666,0.2909660339355469,0.3065311908721924,0.3026120662689209,0.7152848243713379,0.32521700859069824,0.33226585388183594
0.09000000000000001	GG2	0.3763389587402344,0.5475430488586426,0.3077371120452881,0.2986786365509033,0.271925687789917,0.2844080924987793,0.58315110206604,0.4061141014099121,0.29783105850219727,0.5030629634857178,0.540438175201416,0.4843289852142334,0.3081839084625244,0.35386180877685547,0.35030460357666016,0.3002200126647949,0.36015772819519043,0.4907219409942627,0.5237791538238525,0.2801220417022705,0.299241304397583,0.27719783782958984,0.3091731071472168,0.2896237373352051,0.3685438632965088,0.30058979988098145,0.3057851791381836,0.2992992401123047,0.4763920307159424,0.4389638900756836,0.3034040927886963,0.455535888671875,0.2995889186859131,0.30657482147216797,0.3626880645751953,0.2905151844024658,0.6015422344207764,0.2821676731109619,0.30889177322387695,0.2875180244445801,0.5412271022796631,0.27969908714294434,0.28879690170288086,0.3099541664123535,0.29067230224609375,0.30291199684143066,0.4724440574645996,0.35064005851745605,0.552839994430542,0.3490300178527832,0.3044142723083496,0.3039209842681885,0.27524781227111816,0.30243802070617676,0.38451409339904785,0.3005850315093994,0.4499070644378662,0.28229212760925293,0.26769304275512695,0.30425500869750977,0.28582215309143066,0.5338630676269531,0.30062198638916016,0.4950730800628662,0.5197398662567139,0.2898838520050049,0.28859901428222656,0.2994260787963867,0.28922319412231445,0.3569657802581787,0.29938817024230957,0.2857992649078369,0.4223761558532715,0.29334211349487305,0.28985595703125,0.39951014518737793,0.2998018264770508,0.28151798248291016,0.270827054977417,0.3229827880859375,0.32849884033203125,0.5042989253997803,0.47670412063598633,0.29390501976013184,0.3654611110687256,0.451923131942749,0.3284139633178711,0.5696628093719482,0.42983412742614746,0.2998237609863281,0.3268759250640869,0.6093661785125732,0.28565287590026855,0.2825961112976074,0.29344797134399414,0.8340017795562744,0.2967360019683838,0.4842338562011719,0.32864928245544434,0.33014607429504395,0.3219602108001709,0.3286600112915039,0.3255429267883301,0.32056093215942383,0.8108258247375488,0.33074283599853516,0.2876627445220947,0.448854923248291,0.324674129486084,0.5071699619293213,0.3878610134124756,0.3023202419281006,0.29212307929992676,0.3067190647125244,0.3312199115753174,0.5317111015319824,0.3944840431213379,0.43054795265197754,0.39972686767578125,0.39048314094543457,0.30746984481811523,0.3612091541290283,0.541956901550293,0.4163808822631836,0.47028589248657227,0.6584768295288086,0.29375576972961426,0.3008127212524414,0.3060119152069092,0.47635412216186523,0.40335607528686523,0.30044102668762207,0.29012584686279297,0.47250795364379883,0.6533830165863037,0.495711088180542,0.3070182800292969,0.29199695587158203,0.365678071975708,0.30522704124450684,0.31781601905822754,0.3277440071105957,0.4200618267059326,0.3251988887786865,0.32502198219299316,0.32616400718688965,0.5688660144805908,0.32631921768188477,0.3359031677246094,0.4178910255432129,0.328035831451416,0.5588600635528564,0.35993528366088867,0.4231281280517578,0.2906491756439209,0.2997927665710449,0.7527260780334473,0.39290380477905273,0.5841841697692871,0.4322781562805176,0.3234131336212158,0.3310079574584961,0.5557107925415039,0.30657076835632324,0.3602769374847412,0.6562728881835938,0.5509777069091797,0.3262960910797119,0.2892181873321533,0.3211250305175781,0.2986927032470703,0.6190841197967529,0.32599902153015137,0.31990933418273926,0.33338379859924316,0.29636311531066895,0.456207275390625,0.5378172397613525,0.31875109672546387,0.423382043838501,0.6168782711029053,0.3686528205871582,0.4574911594390869,0.49518680572509766,0.3006119728088379,0.41179895401000977,0.2883720397949219,0.33213090896606445,0.32410120964050293,0.32045698165893555,0.4207761287689209,0.3039391040802002,0.2907378673553467,0.4615938663482666,0.2909660339355469,0.3065311908721924,0.3026120662689209,0.7152848243713379,0.32521700859069824,0.33226585388183594
0.1	GEE	0.013818979263305664,0.014118194580078125,0.013514995574951172,0.01353311538696289,0.013512372970581055,0.013751983642578125,0.014104127883911133,0.013556957244873047,0.014627695083618164,0.013883829116821289,0.013507843017578125,0.014739036560058594,0.01375579833984375,0.013712882995605469,0.013670921325683594,0.013946056365966797,0.01460409164428711,0.013614892959594727,0.013895034790039062,0.013550043106079102,0.013830900192260742,0.01376795768737793,0.01376199722290039,0.013650894165039062,0.013626813888549805,0.013700008392333984,0.013643980026245117,0.013731241226196289,0.013879060745239258,0.013512134552001953,0.013694047927856445,0.013878107070922852,0.013708114624023438,0.013555288314819336,0.013863086700439453,0.013434886932373047,0.013571023941040039,0.013965129852294922,0.013586997985839844,0.013720035552978516,0.013829231262207031,0.014316797256469727,0.013875007629394531,0.014086723327636719,0.013951778411865234,0.013813018798828125,0.015107870101928711,0.013783931732177734,0.01442408561706543,0.013410091400146484,0.01390218734741211,0.013605833053588867,0.013638973236083984,0.01359105110168457,0.013457775115966797,0.013669013977050781,0.013638973236083984,0.013709068298339844,0.013576984405517578,0.013961076736450195,0.013535022735595703,0.014471292495727539,0.013586282730102539,0.013633012771606445,0.01391911506652832,0.014657020568847656,0.0147552490234375,0.013512849807739258,0.013628005981445312,0.013732194900512695,0.013554096221923828,0.013369321823120117,0.013590097427368164,0.014940738677978516,0.013756752014160156,0.013633012771606445,0.013525724411010742,0.014822006225585938,0.013626813888549805,0.013773918151855469,0.013463973999023438,0.014569997787475586,0.013810873031616211,0.013484954833984375,0.013503789901733398,0.013612031936645508,0.01371908187866211,0.014378070831298828,0.013703346252441406,0.013283967971801758,0.01370382308959961,0.013561010360717773,0.013719797134399414,0.013827085494995117,0.013607978820800781,0.014624834060668945,0.013883829116821289,0.014023303985595703,0.013741016387939453,0.01360630989074707,0.013780355453491211,0.013688087463378906,0.013953924179077148,0.013669729232788086,0.013518095016479492,0.013853788375854492,0.013705968856811523,0.013444662094116211,0.013731718063354492,0.013518810272216797,0.013638019561767578,0.013952970504760742,0.013731956481933594,0.013650178909301758,0.013844966888427734,0.013742923736572266,0.013821125030517578,0.013957738876342773,0.013616085052490234,0.01370692253112793,0.01378488540649414,0.013685941696166992,0.013577938079833984,0.01425790786743164,0.013387918472290039,0.014658927917480469,0.014456748962402344,0.013549089431762695,0.013822078704833984,0.01367807388305664,0.013444900512695312,0.01394200325012207,0.013553857803344727,0.013624191284179688,0.014183282852172852,0.013659954071044922,0.01371002197265625,0.013796806335449219,0.013582944869995117,0.013744115829467773,0.013520002365112305,0.015048980712890625,0.01399087905883789,0.01388096809387207,0.014248132705688477,0.01383519172668457,0.013786077499389648,0.013581991195678711,0.014662027359008789,0.013592004776000977,0.013936758041381836,0.013532161712646484,0.013921022415161133,0.013598203659057617,0.013386011123657227,0.014667987823486328,0.013718605041503906,0.013991832733154297,0.01378631591796875,0.013330221176147461,0.0142059326171875,0.01349782943725586,0.014426708221435547,0.014863014221191406,0.013675928115844727,0.013823986053466797,0.013829231262207031,0.013827800750732422,0.01361989974975586,0.013904809951782227,0.01363992691040039,0.013701200485229492,0.013727903366088867,0.013841867446899414,0.014500856399536133,0.013518810272216797,0.01366114616394043,0.01350712776184082,0.013666152954101562,0.013582944869995117,0.015076160430908203,0.013978242874145508,0.013733148574829102,0.013737201690673828,0.013957023620605469,0.013729095458984375,0.013548135757446289,0.01384115219116211,0.013933181762695312,0.014737844467163086,0.014367103576660156,0.013741016387939453,0.013844966888427734,0.013334989547729492,0.014027118682861328,0.013651847839355469,0.013622045516967773,0.013540983200073242,0.01360011100769043,0.013568878173828125
0.1	GNN	0.32289600372314453,0.3220250606536865,0.36284804344177246,0.46831703186035156,0.7593300342559814,0.3402140140533447,0.3067359924316406,0.3123798370361328,0.3520209789276123,0.307966947555542,0.42469191551208496,0.4894237518310547,0.33827710151672363,0.578697919845581,0.3177299499511719,0.618729829788208,0.2977132797241211,0.4160292148590088,0.2966928482055664,0.33533787727355957,0.30037498474121094,0.4618229866027832,0.44567012786865234,0.44969892501831055,0.33743906021118164,0.31974196434020996,0.5707290172576904,0.31061577796936035,0.3330881595611572,0.2913520336151123,0.3205599784851074,0.3095569610595703,0.5600259304046631,0.3432886600494385,0.33590030670166016,0.45428991317749023,0.2914109230041504,0.5675919055938721,0.3194580078125,0.4046511650085449,0.4270930290222168,0.5532011985778809,0.3124253749847412,0.35121798515319824,0.5551450252532959,0.30647706985473633,0.29985833168029785,0.32547998428344727,0.34729599952697754,0.31248998641967773,0.31328272819519043,0.34532690048217773,0.5275168418884277,0.32893991470336914,0.3335559368133545,0.3164231777191162,0.48981809616088867,0.31032800674438477,0.3122098445892334,0.32561206817626953,0.3200559616088867,0.5010781288146973,0.3517649173736572,0.3376648426055908,0.3887670040130615,0.318774938583374,0.3592677116394043,0.5684711933135986,0.3465290069580078,0.32292723655700684,0.4519219398498535,0.372575044631958,0.3795180320739746,0.5762350559234619,0.290935754776001,0.323544979095459,0.40146565437316895,0.33452415466308594,0.2997932434082031,0.3349330425262451,0.3469691276550293,0.32614827156066895,0.4737517833709717,0.4886660575866699,0.31397032737731934,0.3222379684448242,0.49089694023132324,0.321613073348999,0.5408108234405518,0.36643099784851074,0.3965461254119873,0.2999851703643799,0.3233158588409424,0.3043191432952881,0.5557270050048828,0.32482099533081055,0.4560670852661133,0.3850071430206299,0.33472728729248047,0.2833118438720703,0.31196093559265137,0.2977306842803955,0.3146519660949707,0.30455517768859863,0.29311418533325195,0.3100430965423584,0.28612399101257324,0.34749293327331543,0.31143712997436523,0.45877981185913086,0.3983461856842041,0.3110079765319824,0.31452107429504395,0.28232908248901367,0.31293511390686035,0.2767832279205322,0.391528844833374,0.43128514289855957,0.305844783782959,0.4101259708404541,0.5272738933563232,0.42186880111694336,0.30457305908203125,0.3188621997833252,0.3017868995666504,0.5889012813568115,0.40558910369873047,0.5240042209625244,0.3005852699279785,0.6338338851928711,0.30730772018432617,0.3031182289123535,0.3023808002471924,0.39746928215026855,0.32022929191589355,0.2933800220489502,0.3261220455169678,0.35524797439575195,0.3117711544036865,0.4953000545501709,0.3392965793609619,0.33587098121643066,0.3665289878845215,0.281757116317749,0.32112598419189453,0.4485330581665039,0.3345060348510742,0.30194926261901855,0.3606421947479248,0.29555797576904297,0.4983701705932617,0.318662166595459,0.3363301753997803,0.28436732292175293,0.31325316429138184,0.3212292194366455,0.3046998977661133,0.3271498680114746,0.31765103340148926,0.6077070236206055,0.31453609466552734,0.3240010738372803,0.3118879795074463,0.3223581314086914,0.31620001792907715,0.3200089931488037,0.32245302200317383,0.30089497566223145,0.5730547904968262,0.3406527042388916,0.31722307205200195,0.31255340576171875,0.2962961196899414,0.30949997901916504,0.30531907081604004,0.2936568260192871,0.31993889808654785,0.296159029006958,0.47371697425842285,0.42296290397644043,0.4035980701446533,0.3364229202270508,0.28146982192993164,0.2997162342071533,0.4329969882965088,0.3080880641937256,0.44319796562194824,0.29614710807800293,0.4157838821411133,0.30170416831970215,0.32733798027038574,0.29629087448120117,0.2839982509613037,0.31380486488342285,0.320324182510376,0.3061940670013428,0.3681321144104004,0.3108549118041992,0.37379908561706543,0.2879061698913574
0.1	GG	0.42204999923706055,0.32416629791259766,0.30792784690856934,0.40117502212524414,0.2968010902404785,0.4347217082977295,0.5900528430938721,0.4831969738006592,0.33176612854003906,0.35585999488830566,0.5798988342285156,0.31230688095092773,0.3028721809387207,0.2974269390106201,0.4697306156158447,0.31000614166259766,0.30988597869873047,0.39035701751708984,0.32321882247924805,0.3202228546142578,0.45220184326171875,0.48929381370544434,0.3297238349914551,0.32443809509277344,0.46815013885498047,0.6131336688995361,0.3946676254272461,0.35439467430114746,0.34383511543273926,0.3510880470275879,0.33492016792297363,0.32292890548706055,0.3504807949066162,0.311535120010376,0.29662084579467773,0.33406996726989746,0.34189796447753906,0.29845571517944336,0.49643397331237793,0.4382460117340088,0.2895851135253906,0.3081190586090088,0.5596961975097656,0.5348420143127441,0.3143479824066162,0.33113813400268555,0.30534911155700684,0.5315072536468506,0.3683042526245117,0.35231471061706543,0.31704092025756836,0.28245091438293457,0.30881619453430176,0.33298707008361816,0.560377836227417,0.5018970966339111,0.39322805404663086,0.3100399971008301,0.4023857116699219,0.5990326404571533,0.5200760364532471,0.2789480686187744,0.2922496795654297,0.2984440326690674,0.5348060131072998,0.31291699409484863,0.6178271770477295,0.31081318855285645,0.3113229274749756,0.3109779357910156,0.36105799674987793,0.3011178970336914,0.3015868663787842,0.3192250728607178,0.32775402069091797,0.30080366134643555,0.36109209060668945,0.29973411560058594,0.29187893867492676,0.2940521240234375,0.3003361225128174,0.5857200622558594,0.5108520984649658,0.4745008945465088,0.4532630443572998,0.30267977714538574,0.4210398197174072,0.4921751022338867,0.3108181953430176,0.4680900573730469,0.3351101875305176,1.0568060874938965,0.4895927906036377,0.4118378162384033,0.31139707565307617,0.3834989070892334,0.2799553871154785,0.6334550380706787,0.31589221954345703,0.3231770992279053,0.483126163482666,0.3450150489807129,0.33876776695251465,0.31040000915527344,0.31062912940979004,0.3920466899871826,0.35349202156066895,0.3026549816131592,0.3116140365600586,0.2800161838531494,0.47274184226989746,0.48495006561279297,0.3525090217590332,0.3148801326751709,0.32039308547973633,0.3167269229888916,0.3182528018951416,0.6075470447540283,0.3226640224456787,0.2774169445037842,0.30072999000549316,0.29964494705200195,0.3730909824371338,0.39681315422058105,0.2838408946990967,0.2791109085083008,0.3087317943572998,0.30772924423217773,0.33040571212768555,0.29891300201416016,0.2898232936859131,0.5482559204101562,0.36147093772888184,0.27953004837036133,0.600445032119751,0.30956315994262695,0.3108208179473877,0.5218648910522461,0.31226301193237305,0.48117709159851074,0.3026919364929199,0.29268312454223633,0.5530698299407959,0.3067760467529297,0.2797987461090088,0.3104119300842285,0.33442115783691406,0.4432950019836426,0.309093713760376,0.2931041717529297,0.31546688079833984,0.37308478355407715,0.7826218605041504,0.3683199882507324,0.2868921756744385,0.4101541042327881,0.4396212100982666,0.2784891128540039,0.5518999099731445,0.32237696647644043,0.4615049362182617,0.4375951290130615,0.3110990524291992,0.44478917121887207,0.3374631404876709,0.31722116470336914,0.5197257995605469,0.333590030670166,0.3609607219696045,0.4384899139404297,0.3194148540496826,0.33997297286987305,0.37055492401123047,0.7212400436401367,0.3393819332122803,0.31429362297058105,0.3087489604949951,0.3109760284423828,0.3183319568634033,0.49156713485717773,0.5176587104797363,0.34150099754333496,0.3109703063964844,0.5748300552368164,0.3025650978088379,0.3074350357055664,0.3539578914642334,0.3200080394744873,0.5926790237426758,0.3081982135772705,0.594170093536377,0.5422062873840332,0.3321957588195801,0.4753761291503906,0.512793779373169,0.34746813774108887,0.29188084602355957,0.29900097846984863,0.4263308048248291,0.307204008102417
0.1	GG2	0.42204999923706055,0.32416629791259766,0.30792784690856934,0.40117502212524414,0.2968010902404785,0.4347217082977295,0.5900528430938721,0.4831969738006592,0.33176612854003906,0.35585999488830566,0.5798988342285156,0.31230688095092773,0.3028721809387207,0.2974269390106201,0.4697306156158447,0.31000614166259766,0.30988597869873047,0.39035701751708984,0.32321882247924805,0.3202228546142578,0.45220184326171875,0.48929381370544434,0.3297238349914551,0.32443809509277344,0.46815013885498047,0.6131336688995361,0.3946676254272461,0.35439467430114746,0.34383511543273926,0.3510880470275879,0.33492016792297363,0.32292890548706055,0.3504807949066162,0.311535120010376,0.29662084579467773,0.33406996726989746,0.34189796447753906,0.29845571517944336,0.49643397331237793,0.4382460117340088,0.2895851135253906,0.3081190586090088,0.5596961975097656,0.5348420143127441,0.3143479824066162,0.33113813400268555,0.30534911155700684,0.5315072536468506,0.3683042526245117,0.35231471061706543,0.31704092025756836,0.28245091438293457,0.30881619453430176,0.33298707008361816,0.560377836227417,0.5018970966339111,0.39322805404663086,0.3100399971008301,0.4023857116699219,0.5990326404571533,0.5200760364532471,0.2789480686187744,0.2922496795654297,0.2984440326690674,0.5348060131072998,0.31291699409484863,0.6178271770477295,0.31081318855285645,0.3113229274749756,0.3109779357910156,0.36105799674987793,0.3011178970336914,0.3015868663787842,0.3192250728607178,0.32775402069091797,0.30080366134643555,0.36109209060668945,0.29973411560058594,0.29187893867492676,0.2940521240234375,0.3003361225128174,0.5857200622558594,0.5108520984649658,0.4745008945465088,0.4532630443572998,0.30267977714538574,0.4210398197174072,0.4921751022338867,0.3108181953430176,0.4680900573730469,0.3351101875305176,1.0568060874938965,0.4895927906036377,0.4118378162384033,0.31139707565307617,0.3834989070892334,0.2799553871154785,0.6334550380706787,0.31589221954345703,0.3231770992279053,0.483126163482666,0.3450150489807129,0.33876776695251465,0.31040000915527344,0.31062912940979004,0.3920466899871826,0.35349202156066895,0.3026549816131592,0.3116140365600586,0.2800161838531494,0.47274184226989746,0.48495006561279297,0.3525090217590332,0.3148801326751709,0.32039308547973633,0.3167269229888916,0.3182528018951416,0.6075470447540283,0.3226640224456787,0.2774169445037842,0.30072999000549316,0.29964494705200195,0.3730909824371338,0.39681315422058105,0.2838408946990967,0.2791109085083008,0.3087317943572998,0.30772924423217773,0.33040571212768555,0.29891300201416016,0.2898232936859131,0.5482559204101562,0.36147093772888184,0.27953004837036133,0.600445032119751,0.30956315994262695,0.3108208179473877,0.5218648910522461,0.31226301193237305,0.48117709159851074,0.3026919364929199,0.29268312454223633,0.5530698299407959,0.3067760467529297,0.2797987461090088,0.3104119300842285,0.33442115783691406,0.4432950019836426,0.309093713760376,0.2931041717529297,0.31546688079833984,0.37308478355407715,0.7826218605041504,0.3683199882507324,0.2868921756744385,0.4101541042327881,0.4396212100982666,0.2784891128540039,0.5518999099731445,0.32237696647644043,0.4615049362182617,0.4375951290130615,0.3110990524291992,0.44478917121887207,0.3374631404876709,0.31722116470336914,0.5197257995605469,0.333590030670166,0.3609607219696045,0.4384899139404297,0.3194148540496826,0.33997297286987305,0.37055492401123047,0.7212400436401367,0.3393819332122803,0.31429362297058105,0.3087489604949951,0.3109760284423828,0.3183319568634033,0.49156713485717773,0.5176587104797363,0.34150099754333496,0.3109703063964844,0.5748300552368164,0.3025650978088379,0.3074350357055664,0.3539578914642334,0.3200080394744873,0.5926790237426758,0.3081982135772705,0.594170093536377,0.5422062873840332,0.3321957588195801,0.4753761291503906,0.512793779373169,0.34746813774108887,0.29188084602355957,0.29900097846984863,0.4263308048248291,0.307204008102417
0.11000000000000001	GEE	0.015013933181762695,0.01455068588256836,0.014634132385253906,0.014948129653930664,0.014976024627685547,0.014400005340576172,0.01579904556274414,0.014451026916503906,0.014309167861938477,0.015095949172973633,0.015289783477783203,0.014466047286987305,0.014714956283569336,0.014336109161376953,0.014536857604980469,0.01499485969543457,0.014467000961303711,0.014352798461914062,0.01464390754699707,0.014741897583007812,0.01464533805847168,0.014969110488891602,0.014312982559204102,0.015629053115844727,0.015167951583862305,0.0143280029296875,0.015130043029785156,0.014828920364379883,0.014529943466186523,0.014493227005004883,0.014846086502075195,0.014457225799560547,0.01448202133178711,0.014771223068237305,0.01441192626953125,0.01435995101928711,0.015213727951049805,0.015930652618408203,0.014552116394042969,0.014860153198242188,0.014655113220214844,0.01446986198425293,0.014525890350341797,0.014750957489013672,0.014362096786499023,0.01451420783996582,0.014465093612670898,0.014917850494384766,0.014780044555664062,0.014700174331665039,0.014729976654052734,0.014613151550292969,0.014855146408081055,0.015084981918334961,0.014799833297729492,0.014288187026977539,0.01460409164428711,0.014605045318603516,0.014819860458374023,0.014246940612792969,0.01458287239074707,0.014835119247436523,0.014645099639892578,0.014533758163452148,0.014629840850830078,0.014396190643310547,0.014723062515258789,0.014327049255371094,0.014536142349243164,0.014539957046508789,0.014605045318603516,0.014490127563476562,0.01451420783996582,0.014425992965698242,0.014467239379882812,0.014945030212402344,0.014574289321899414,0.014412879943847656,0.014570951461791992,0.014519929885864258,0.014636039733886719,0.014524221420288086,0.014673948287963867,0.014389991760253906,0.014566898345947266,0.014497041702270508,0.015655994415283203,0.01462411880493164,0.016819000244140625,0.014542102813720703,0.014607906341552734,0.01474618911743164,0.01448822021484375,0.015670061111450195,0.01440286636352539,0.01460409164428711,0.014542818069458008,0.014867782592773438,0.014571189880371094,0.014441967010498047,0.014719963073730469,0.015168905258178711,0.01512908935546875,0.014325857162475586,0.014662027359008789,0.01609492301940918,0.014605045318603516,0.015696287155151367,0.014580011367797852,0.014631271362304688,0.015286922454833984,0.014576196670532227,0.014863014221191406,0.014561176300048828,0.014707803726196289,0.015681028366088867,0.015022039413452148,0.014486074447631836,0.014838933944702148,0.014916181564331055,0.015019893646240234,0.01891493797302246,0.016521930694580078,0.021357059478759766,0.014953851699829102,0.01578211784362793,0.014831066131591797,0.014616012573242188,0.014899969100952148,0.014793872833251953,0.01498866081237793,0.014645099639892578,0.014734745025634766,0.014934778213500977,0.014862060546875,0.01623988151550293,0.01465606689453125,0.014544963836669922,0.014952898025512695,0.014428853988647461,0.014505863189697266,0.014817953109741211,0.015608072280883789,0.014495849609375,0.01503610610961914,0.015099763870239258,0.014595985412597656,0.014400005340576172,0.01469111442565918,0.014461994171142578,0.014934062957763672,0.014991998672485352,0.014713048934936523,0.014935731887817383,0.014833927154541016,0.014809131622314453,0.014477014541625977,0.014532089233398438,0.014574766159057617,0.014806032180786133,0.01487421989440918,0.014931201934814453,0.014651060104370117,0.015314340591430664,0.015972137451171875,0.014572858810424805,0.014667987823486328,0.014703989028930664,0.014780044555664062,0.014775991439819336,0.01616191864013672,0.014650821685791016,0.014798879623413086,0.014944791793823242,0.014616012573242188,0.014802932739257812,0.015215158462524414,0.01603412628173828,0.014689207077026367,0.0160830020904541,0.014712095260620117,0.014599800109863281,0.021738052368164062,0.014699935913085938,0.014834880828857422,0.014582157135009766,0.01436614990234375,0.01462101936340332,0.014792919158935547,0.014628887176513672,0.014700174331665039,0.014918088912963867,0.014796972274780273,0.01710796356201172,0.014878273010253906,0.014522790908813477,0.014634847640991211,0.014607667922973633,0.014735698699951172,0.014759063720703125
0.11000000000000001	GNN	0.5249218940734863,0.32931995391845703,0.5514430999755859,0.33333420753479004,0.3872509002685547,0.31496620178222656,0.2882061004638672,0.312802791595459,0.48863720893859863,0.3088080883026123,0.32529306411743164,0.4336261749267578,0.5222289562225342,0.32849788665771484,0.33223462104797363,0.3799278736114502,0.3650832176208496,0.33049774169921875,0.335644006729126,0.34467315673828125,0.3439056873321533,0.3087790012359619,0.3067610263824463,0.28945398330688477,0.33067798614501953,0.33173298835754395,0.3402848243713379,0.2978947162628174,0.3288750648498535,0.32918596267700195,0.5020480155944824,0.328704833984375,0.3152949810028076,0.32787585258483887,0.3652050495147705,0.33481812477111816,0.41096019744873047,0.32729125022888184,0.3317840099334717,0.32695484161376953,0.3666219711303711,0.33474111557006836,0.3170790672302246,0.3786492347717285,0.558845043182373,0.3228740692138672,0.44884586334228516,0.3415088653564453,0.36588406562805176,0.44169068336486816,0.29364585876464844,0.4222531318664551,0.413226842880249,0.606212854385376,0.32266807556152344,0.29976391792297363,0.32393765449523926,0.568228006362915,0.31377410888671875,0.38578200340270996,0.30652809143066406,0.32073068618774414,0.3506581783294678,0.5774440765380859,0.3267018795013428,0.5621159076690674,0.3478231430053711,0.7028298377990723,0.4286010265350342,0.3312339782714844,0.40117979049682617,0.2914409637451172,0.30707406997680664,0.3251347541809082,0.3329930305480957,0.32997608184814453,0.3461737632751465,0.36969780921936035,0.34883689880371094,0.3136739730834961,0.2865610122680664,0.3237900733947754,0.4510941505432129,0.46708202362060547,0.35111093521118164,0.35834193229675293,0.5534069538116455,0.4625520706176758,0.5647768974304199,0.32203125953674316,0.345700740814209,0.29470324516296387,0.30992817878723145,0.3318650722503662,0.34078431129455566,0.3169412612915039,0.4317779541015625,0.3442850112915039,0.3766746520996094,0.3338429927825928,0.5657169818878174,0.32010602951049805,0.34071898460388184,0.41823887825012207,0.42692089080810547,0.3212120532989502,0.34013795852661133,0.4471709728240967,0.29180312156677246,0.311525821685791,0.4453299045562744,0.3279078006744385,0.4151771068572998,0.34428906440734863,0.3381519317626953,0.33856201171875,0.32304906845092773,0.32366490364074707,0.3673391342163086,0.35297393798828125,0.35831403732299805,0.3139777183532715,0.34789204597473145,0.3332936763763428,0.3499319553375244,0.5500578880310059,0.403839111328125,0.35138702392578125,0.34073495864868164,0.4681391716003418,0.3159151077270508,0.3117399215698242,0.3532721996307373,0.30617499351501465,0.35413408279418945,0.33546972274780273,0.3589010238647461,0.42845678329467773,0.3243589401245117,0.4918041229248047,0.3085298538208008,0.31658411026000977,0.31489992141723633,0.3099856376647949,0.4498717784881592,0.3558928966522217,0.39422106742858887,0.49042391777038574,0.4008960723876953,0.37165117263793945,0.387465238571167,0.6274449825286865,0.34119105339050293,0.3132820129394531,0.46740031242370605,0.311168909072876,0.3523728847503662,0.32652997970581055,0.4851200580596924,0.4790201187133789,0.31181788444519043,0.3487989902496338,0.3532888889312744,0.3381161689758301,0.32573580741882324,0.3245198726654053,0.46390604972839355,0.34058594703674316,0.449207067489624,0.43095922470092773,0.37308526039123535,0.3115246295928955,0.3190317153930664,0.3233509063720703,0.3565709590911865,0.6800346374511719,0.3412001132965088,0.3244028091430664,0.5917761325836182,0.6330151557922363,0.414567232131958,0.4187307357788086,0.4107797145843506,0.3234531879425049,0.597822904586792,0.4430971145629883,0.31243205070495605,0.6396729946136475,0.40706920623779297,0.3148050308227539,0.4557769298553467,0.3700850009918213,0.34137797355651855,0.3516077995300293,0.436478853225708,0.34508395195007324,0.5323591232299805,0.3397669792175293,0.3414480686187744,0.3131887912750244
0.11000000000000001	GG	0.3056669235229492,0.5106217861175537,0.3960418701171875,0.31101489067077637,0.5790231227874756,0.3355846405029297,0.32819414138793945,0.37197279930114746,0.3259000778198242,0.5386459827423096,0.3371281623840332,0.6058120727539062,0.28717875480651855,0.3104128837585449,0.29050397872924805,0.45119309425354004,0.3235001564025879,0.30886197090148926,0.3331148624420166,0.29317498207092285,0.6614179611206055,0.35320281982421875,0.3066427707672119,0.4190189838409424,0.30936598777770996,0.6134040355682373,0.43317627906799316,0.362109899520874,0.5494897365570068,0.3065018653869629,0.3026859760284424,0.32049012184143066,0.3025357723236084,0.31745171546936035,0.2912719249725342,0.3543281555175781,0.48383307456970215,0.2939000129699707,0.4149601459503174,0.3146998882293701,0.2921741008758545,0.31247496604919434,0.3032491207122803,0.30587100982666016,0.48172807693481445,0.3330690860748291,0.4446678161621094,0.36794590950012207,0.3244590759277344,0.3070681095123291,0.6370389461517334,0.32659196853637695,0.3347189426422119,0.6191952228546143,0.5321521759033203,0.3185238838195801,0.5571157932281494,0.3322749137878418,0.32819581031799316,0.5239460468292236,0.6597120761871338,0.49124670028686523,0.2917160987854004,0.2932286262512207,0.45091819763183594,0.6012208461761475,0.2897951602935791,0.32982826232910156,0.4709019660949707,0.5583100318908691,0.33139514923095703,0.3325788974761963,0.5643267631530762,0.3231160640716553,0.31574201583862305,0.33303189277648926,0.3079819679260254,0.29355525970458984,0.41521501541137695,0.34697508811950684,0.4473910331726074,0.616157054901123,0.290661096572876,0.3365457057952881,0.32389116287231445,0.3088498115539551,0.370363712310791,0.31723594665527344,0.5863087177276611,0.3367500305175781,0.4628639221191406,0.33120107650756836,0.32475781440734863,0.35566020011901855,0.32976675033569336,0.3304460048675537,0.33083510398864746,0.629885196685791,0.3040158748626709,0.28949999809265137,0.3042910099029541,0.32230281829833984,0.5708572864532471,0.29325175285339355,0.31116795539855957,0.2907438278198242,0.31302905082702637,0.3262450695037842,0.3353440761566162,0.5752389430999756,0.32523322105407715,0.3709700107574463,0.5046567916870117,0.32401299476623535,0.3276560306549072,0.5823230743408203,0.34664177894592285,0.37981486320495605,0.3115818500518799,0.30934977531433105,0.32698607444763184,0.3158588409423828,0.32843804359436035,0.3426671028137207,0.6605558395385742,0.3219010829925537,0.6516220569610596,0.3238680362701416,0.3238389492034912,0.34876322746276855,0.5225269794464111,0.3547389507293701,0.4707329273223877,0.44684410095214844,0.3129880428314209,0.4761319160461426,0.6506009101867676,0.3369271755218506,0.33799290657043457,0.34001922607421875,0.35602521896362305,0.33434605598449707,0.35398077964782715,0.345196008682251,0.515376091003418,0.3117661476135254,0.3523120880126953,0.44836997985839844,0.31273603439331055,0.30921435356140137,0.3598949909210205,0.41002392768859863,0.3508460521697998,0.3503241539001465,0.3528618812561035,0.34623217582702637,0.4538130760192871,0.3458380699157715,0.39417076110839844,0.3449580669403076,0.6536240577697754,0.3091919422149658,0.3261580467224121,0.33309268951416016,0.33976078033447266,0.35717082023620605,0.5594906806945801,0.41039109230041504,0.33887219429016113,0.47719287872314453,0.35863614082336426,0.7116580009460449,0.5926368236541748,0.3711988925933838,0.30890893936157227,0.4485738277435303,0.3228111267089844,0.6585788726806641,0.3184628486633301,0.3523859977722168,0.5107131004333496,0.3121988773345947,0.3319990634918213,0.3533749580383301,0.31307315826416016,0.3415958881378174,0.3512430191040039,0.3293929100036621,0.36016011238098145,0.3425750732421875,0.3435027599334717,0.3382289409637451,0.40305304527282715,0.47635698318481445,0.3393580913543701,0.3178586959838867,0.3430020809173584,0.31243276596069336,0.7545571327209473,0.5098850727081299
0.11000000000000001	GG2	0.3056669235229492,0.5106217861175537,0.3960418701171875,0.31101489067077637,0.5790231227874756,0.3355846405029297,0.32819414138793945,0.37197279930114746,0.3259000778198242,0.5386459827423096,0.3371281623840332,0.6058120727539062,0.28717875480651855,0.3104128837585449,0.29050397872924805,0.45119309425354004,0.3235001564025879,0.30886197090148926,0.3331148624420166,0.29317498207092285,0.6614179611206055,0.35320281982421875,0.3066427707672119,0.4190189838409424,0.30936598777770996,0.6134040355682373,0.43317627906799316,0.362109899520874,0.5494897365570068,0.3065018653869629,0.3026859760284424,0.32049012184143066,0.3025357723236084,0.31745171546936035,0.2912719249725342,0.3543281555175781,0.48383307456970215,0.2939000129699707,0.4149601459503174,0.3146998882293701,0.2921741008758545,0.31247496604919434,0.3032491207122803,0.30587100982666016,0.48172807693481445,0.3330690860748291,0.4446678161621094,0.36794590950012207,0.3244590759277344,0.3070681095123291,0.6370389461517334,0.32659196853637695,0.3347189426422119,0.6191952228546143,0.5321521759033203,0.3185238838195801,0.5571157932281494,0.3322749137878418,0.32819581031799316,0.5239460468292236,0.6597120761871338,0.49124670028686523,0.2917160987854004,0.2932286262512207,0.45091819763183594,0.6012208461761475,0.2897951602935791,0.32982826232910156,0.4709019660949707,0.5583100318908691,0.33139514923095703,0.3325788974761963,0.5643267631530762,0.3231160640716553,0.31574201583862305,0.33303189277648926,0.3079819679260254,0.29355525970458984,0.41521501541137695,0.34697508811950684,0.4473910331726074,0.616157054901123,0.290661096572876,0.3365457057952881,0.32389116287231445,0.3088498115539551,0.370363712310791,0.31723594665527344,0.5863087177276611,0.3367500305175781,0.4628639221191406,0.33120107650756836,0.32475781440734863,0.35566020011901855,0.32976675033569336,0.3304460048675537,0.33083510398864746,0.629885196685791,0.3040158748626709,0.28949999809265137,0.3042910099029541,0.32230281829833984,0.5708572864532471,0.29325175285339355,0.31116795539855957,0.2907438278198242,0.31302905082702637,0.3262450695037842,0.3353440761566162,0.5752389430999756,0.32523322105407715,0.3709700107574463,0.5046567916870117,0.32401299476623535,0.3276560306549072,0.5823230743408203,0.34664177894592285,0.37981486320495605,0.3115818500518799,0.30934977531433105,0.32698607444763184,0.3158588409423828,0.32843804359436035,0.3426671028137207,0.6605558395385742,0.3219010829925537,0.6516220569610596,0.3238680362701416,0.3238389492034912,0.34876322746276855,0.5225269794464111,0.3547389507293701,0.4707329273223877,0.44684410095214844,0.3129880428314209,0.4761319160461426,0.6506009101867676,0.3369271755218506,0.33799290657043457,0.34001922607421875,0.35602521896362305,0.33434605598449707,0.35398077964782715,0.345196008682251,0.515376091003418,0.3117661476135254,0.3523120880126953,0.44836997985839844,0.31273603439331055,0.30921435356140137,0.3598949909210205,0.41002392768859863,0.3508460521697998,0.3503241539001465,0.3528618812561035,0.34623217582702637,0.4538130760192871,0.3458380699157715,0.39417076110839844,0.3449580669403076,0.6536240577697754,0.3091919422149658,0.3261580467224121,0.33309268951416016,0.33976078033447266,0.35717082023620605,0.5594906806945801,0.41039109230041504,0.33887219429016113,0.47719287872314453,0.35863614082336426,0.7116580009460449,0.5926368236541748,0.3711988925933838,0.30890893936157227,0.4485738277435303,0.3228111267089844,0.6585788726806641,0.3184628486633301,0.3523859977722168,0.5107131004333496,0.3121988773345947,0.3319990634918213,0.3533749580383301,0.31307315826416016,0.3415958881378174,0.3512430191040039,0.3293929100036621,0.36016011238098145,0.3425750732421875,0.3435027599334717,0.3382289409637451,0.40305304527282715,0.47635698318481445,0.3393580913543701,0.3178586959838867,0.3430020809173584,0.31243276596069336,0.7545571327209473,0.5098850727081299
0.12000000000000002	GEE	0.015451192855834961,0.016062259674072266,0.015524148941040039,0.015654802322387695,0.015507936477661133,0.015397310256958008,0.01592397689819336,0.015474081039428711,0.015351057052612305,0.01600790023803711,0.015205860137939453,0.015679121017456055,0.01687908172607422,0.015172243118286133,0.015550851821899414,0.01592111587524414,0.016031980514526367,0.01670217514038086,0.01573324203491211,0.015236854553222656,0.015505075454711914,0.01674509048461914,0.016485929489135742,0.015384197235107422,0.015345096588134766,0.015690088272094727,0.015992164611816406,0.016331911087036133,0.01570582389831543,0.015239715576171875,0.015187978744506836,0.015745162963867188,0.016650915145874023,0.015253067016601562,0.015949010848999023,0.015106916427612305,0.01669001579284668,0.017115354537963867,0.015360832214355469,0.015545129776000977,0.01568007469177246,0.017854928970336914,0.01526784896850586,0.01526784896850586,0.01552581787109375,0.015250921249389648,0.01520395278930664,0.015439033508300781,0.016038179397583008,0.015254020690917969,0.016474008560180664,0.01579117774963379,0.015384912490844727,0.015544891357421875,0.015377998352050781,0.015575885772705078,0.015352725982666016,0.015255212783813477,0.015527963638305664,0.015583038330078125,0.015491962432861328,0.01589822769165039,0.015288114547729492,0.015477180480957031,0.01588892936706543,0.01564812660217285,0.015642881393432617,0.015331029891967773,0.015344858169555664,0.01537013053894043,0.015415668487548828,0.015527963638305664,0.016136884689331055,0.016403913497924805,0.015436887741088867,0.01511693000793457,0.015202045440673828,0.015367269515991211,0.015273332595825195,0.015362024307250977,0.015494823455810547,0.015751123428344727,0.015702009201049805,0.015460968017578125,0.015420913696289062,0.015578269958496094,0.01529693603515625,0.01683807373046875,0.015801191329956055,0.01577925682067871,0.015747785568237305,0.016989946365356445,0.015318155288696289,0.015343189239501953,0.016551971435546875,0.01529073715209961,0.0154571533203125,0.01568293571472168,0.015198945999145508,0.015501022338867188,0.015583992004394531,0.015396833419799805,0.01569986343383789,0.017439842224121094,0.015251874923706055,0.015735864639282227,0.015196084976196289,0.015510082244873047,0.018105030059814453,0.015455007553100586,0.015380144119262695,0.015235185623168945,0.016603708267211914,0.015540838241577148,0.016788005828857422,0.015522003173828125,0.01573491096496582,0.015385150909423828,0.015501022338867188,0.015485048294067383,0.015306949615478516,0.016160964965820312,0.015334129333496094,0.015216827392578125,0.015480995178222656,0.015385866165161133,0.015439987182617188,0.01557302474975586,0.015901803970336914,0.015315055847167969,0.017431020736694336,0.015362024307250977,0.015424966812133789,0.017220735549926758,0.01538395881652832,0.015646934509277344,0.015501976013183594,0.01523590087890625,0.015185832977294922,0.015542030334472656,0.015506982803344727,0.01600503921508789,0.015380144119262695,0.017225980758666992,0.016010046005249023,0.01648998260498047,0.015472173690795898,0.016732215881347656,0.015358924865722656,0.0158541202545166,0.015748023986816406,0.015841007232666016,0.015413999557495117,0.015488862991333008,0.015469074249267578,0.015372991561889648,0.016936779022216797,0.015579938888549805,0.01536703109741211,0.015571117401123047,0.015508174896240234,0.015938997268676758,0.015372753143310547,0.01604485511779785,0.01522517204284668,0.015465021133422852,0.015743017196655273,0.015559196472167969,0.015528202056884766,0.015501022338867188,0.015533924102783203,0.015484809875488281,0.01542806625366211,0.015319108963012695,0.01537179946899414,0.01547694206237793,0.01589226722717285,0.015516996383666992,0.015245199203491211,0.01554417610168457,0.01539301872253418,0.015643835067749023,0.015278816223144531,0.015780210494995117,0.015691041946411133,0.01600813865661621,0.015459775924682617,0.015295982360839844,0.015503168106079102,0.015837907791137695,0.015425920486450195,0.01583075523376465,0.015782833099365234,0.015410900115966797,0.015290021896362305,0.015352010726928711,0.01590585708618164,0.01569199562072754,0.015580892562866211,0.015468120574951172
0.12000000000000002	GNN	0.3355600833892822,0.3545112609863281,0.35826897621154785,0.4188239574432373,0.3251228332519531,0.3202669620513916,0.35895490646362305,0.34395289421081543,0.38759922981262207,0.3579070568084717,0.36641836166381836,0.38816189765930176,0.32567906379699707,0.3185117244720459,0.34764981269836426,0.39152002334594727,0.34385204315185547,0.3283812999725342,0.31988096237182617,0.37401819229125977,0.437114953994751,0.5462038516998291,0.558621883392334,0.5526490211486816,0.3482072353363037,0.3226139545440674,0.3745081424713135,0.336090087890625,0.34300684928894043,0.3625168800354004,0.5001077651977539,0.36640310287475586,0.335935115814209,0.3602943420410156,0.37450170516967773,0.39899778366088867,0.49651288986206055,0.3798363208770752,0.32000184059143066,0.3735239505767822,0.363422155380249,0.37183117866516113,0.5172688961029053,0.3155817985534668,0.4252591133117676,0.33386802673339844,0.3210020065307617,0.38062000274658203,0.35257601737976074,0.35174107551574707,0.33200883865356445,0.3295879364013672,0.5130040645599365,0.3305058479309082,0.37908506393432617,0.3156261444091797,0.3214268684387207,0.37888097763061523,0.40393686294555664,0.49157094955444336,0.3520328998565674,0.3516509532928467,0.5021500587463379,0.3620259761810303,0.36136889457702637,0.36161017417907715,0.32496094703674316,0.6733057498931885,0.48917412757873535,0.34763598442077637,0.3592979907989502,0.3591187000274658,0.34848999977111816,0.3707568645477295,0.31954288482666016,0.4065721035003662,0.42716097831726074,0.48546385765075684,0.343167781829834,0.36172008514404297,0.3650059700012207,0.32891082763671875,0.3490722179412842,0.33544492721557617,0.3962228298187256,0.4066791534423828,0.6549482345581055,0.47867894172668457,0.32907533645629883,0.6546750068664551,0.39153194427490234,0.3382291793823242,0.3937656879425049,0.36192989349365234,0.48226284980773926,0.3905768394470215,0.319014310836792,0.37614893913269043,0.33277392387390137,0.3209421634674072,0.4624292850494385,0.3187141418457031,0.3377699851989746,0.3405430316925049,0.5096931457519531,0.3395252227783203,0.3438241481781006,0.36156797409057617,0.5987513065338135,0.36124420166015625,0.36147093772888184,0.4819018840789795,0.38045692443847656,0.35518813133239746,0.4282708168029785,0.35213804244995117,0.3480257987976074,0.3577086925506592,0.4090261459350586,0.41339874267578125,0.36807703971862793,0.3358001708984375,0.4274117946624756,0.3391900062561035,0.32879114151000977,0.3527028560638428,0.4735848903656006,0.4114542007446289,0.3164207935333252,0.35941505432128906,0.4545631408691406,0.5176918506622314,0.3858330249786377,0.3440389633178711,0.5068137645721436,0.5878980159759521,0.6355509757995605,0.3550562858581543,0.35973620414733887,0.333986759185791,0.5989561080932617,0.328125,0.3673079013824463,0.44948577880859375,0.36037707328796387,0.3600490093231201,0.3573129177093506,0.3442220687866211,0.3895599842071533,0.35245203971862793,0.3306722640991211,0.33975815773010254,0.4484710693359375,0.3286621570587158,0.5784718990325928,0.3570418357849121,0.3289909362792969,0.33918213844299316,0.5380749702453613,0.35275983810424805,0.5348138809204102,0.36702585220336914,0.37037014961242676,0.3966331481933594,0.3384690284729004,0.32700181007385254,0.3476369380950928,0.31911587715148926,0.3488171100616455,0.45511889457702637,0.4004340171813965,0.43217992782592773,0.5600769519805908,0.32065391540527344,0.4190499782562256,0.6078190803527832,0.358705997467041,0.3796370029449463,0.36396193504333496,0.35121893882751465,0.35936689376831055,0.3244009017944336,0.32307982444763184,0.3207590579986572,0.32451796531677246,0.35234928131103516,0.3449280261993408,0.3149259090423584,0.4455149173736572,0.36527180671691895,0.5017380714416504,0.329434871673584,0.32320189476013184,0.3723180294036865,0.5200703144073486,0.39963388442993164,0.3532528877258301,0.358201265335083,0.34865713119506836,0.32015514373779297
0.12000000000000002	GG	0.36696791648864746,0.34569787979125977,0.34049201011657715,0.35886597633361816,0.3456583023071289,0.3570578098297119,0.32326388359069824,0.3178551197052002,0.3188791275024414,0.6829729080200195,0.32819509506225586,0.550774097442627,0.3618497848510742,0.3250272274017334,0.428541898727417,0.37700390815734863,0.3443901538848877,0.35446596145629883,0.3619089126586914,0.32369303703308105,0.45524096488952637,0.3213839530944824,0.4334073066711426,0.5922696590423584,0.46717214584350586,0.6749768257141113,0.3281548023223877,0.3884139060974121,0.35161781311035156,0.3187229633331299,0.339885950088501,0.32306504249572754,0.47469425201416016,0.33841609954833984,0.4617593288421631,0.3371579647064209,0.600574254989624,0.36511993408203125,0.37801384925842285,0.3223257064819336,0.34040188789367676,0.34563779830932617,0.35692429542541504,0.5797560214996338,0.36272597312927246,0.38124799728393555,0.35506510734558105,0.33099913597106934,0.32834792137145996,0.32051515579223633,0.3678288459777832,0.36040282249450684,0.34714508056640625,0.35836029052734375,0.3636801242828369,0.6553070545196533,0.5112109184265137,0.35447192192077637,0.3230910301208496,0.31943178176879883,0.33768224716186523,0.3302431106567383,0.3166811466217041,0.3243088722229004,0.31804394721984863,0.35677599906921387,0.35713624954223633,0.35805392265319824,0.6030519008636475,0.317763090133667,0.3173658847808838,0.31946301460266113,0.33453893661499023,0.3622572422027588,0.34880495071411133,0.3165709972381592,0.6304178237915039,0.36103177070617676,0.32494115829467773,0.3365631103515625,0.3449528217315674,0.6001698970794678,0.3217310905456543,0.6039628982543945,0.47377896308898926,0.35420823097229004,0.3567659854888916,0.7103092670440674,0.657355785369873,0.6119201183319092,0.4920828342437744,0.3636190891265869,0.3288142681121826,0.3534879684448242,0.5134937763214111,0.3594229221343994,0.32148218154907227,0.3473219871520996,0.3609011173248291,0.3593132495880127,0.3681201934814453,0.5217421054840088,0.48238182067871094,0.3618450164794922,0.38248205184936523,0.5637412071228027,0.3613431453704834,0.3240320682525635,0.35761094093322754,0.32300615310668945,0.4386758804321289,0.35098910331726074,0.3516418933868408,0.5948209762573242,0.4193229675292969,0.3218808174133301,0.6240897178649902,0.3179492950439453,0.3509490489959717,0.3696320056915283,0.32544493675231934,0.38222217559814453,0.3716411590576172,0.34883832931518555,0.3580460548400879,0.31838107109069824,0.36952710151672363,0.41673994064331055,0.3625319004058838,0.37107205390930176,0.3335752487182617,0.6147191524505615,0.5283839702606201,0.35867810249328613,0.3989551067352295,0.6095931529998779,0.5343742370605469,0.3160691261291504,0.4799799919128418,0.3721480369567871,0.3487849235534668,0.6508989334106445,0.3249852657318115,0.3219277858734131,0.3250908851623535,0.40824007987976074,0.37709903717041016,0.36337995529174805,0.3389880657196045,0.3719019889831543,0.3507499694824219,0.44379401206970215,0.36006927490234375,0.35677313804626465,0.3159182071685791,0.6232180595397949,0.35603785514831543,0.43691015243530273,0.33121705055236816,0.31852197647094727,0.7867681980133057,0.42878007888793945,0.5754737854003906,0.3538501262664795,0.3594627380371094,0.6544430255889893,0.3630990982055664,0.4433310031890869,0.31965017318725586,0.3671112060546875,0.32298707962036133,0.3525810241699219,0.3467991352081299,0.36862897872924805,0.6706039905548096,0.3285698890686035,0.6334958076477051,0.32249903678894043,0.3205111026763916,0.6638238430023193,0.3227992057800293,0.5173230171203613,0.3635251522064209,0.37253475189208984,0.3937368392944336,0.3641669750213623,0.3499453067779541,0.5958261489868164,0.574476957321167,0.3545053005218506,0.3769228458404541,0.35789990425109863,0.35038208961486816,0.48401689529418945,0.37318921089172363,0.3385629653930664,0.4923226833343506,0.3268578052520752,0.5706532001495361,0.44197702407836914
0.12000000000000002	GG2	0.36696791648864746,0.34569787979125977,0.34049201011657715,0.35886597633361816,0.3456583023071289,0.3570578098297119,0.32326388359069824,0.3178551197052002,0.3188791275024414,0.6829729080200195,0.32819509506225586,0.550774097442627,0.3618497848510742,0.3250272274017334,0.428541898727417,0.37700390815734863,0.3443901538848877,0.35446596145629883,0.3619089126586914,0.32369303703308105,0.45524096488952637,0.3213839530944824,0.4334073066711426,0.5922696590423584,0.46717214584350586,0.6749768257141113,0.3281548023223877,0.3884139060974121,0.35161781311035156,0.3187229633331299,0.339885950088501,0.32306504249572754,0.47469425201416016,0.33841609954833984,0.4617593288421631,0.3371579647064209,0.600574254989624,0.36511993408203125,0.37801384925842285,0.3223257064819336,0.34040188789367676,0.34563779830932617,0.35692429542541504,0.5797560214996338,0.36272597312927246,0.38124799728393555,0.35506510734558105,0.33099913597106934,0.32834792137145996,0.32051515579223633,0.3678288459777832,0.36040282249450684,0.34714508056640625,0.35836029052734375,0.3636801242828369,0.6553070545196533,0.5112109184265137,0.35447192192077637,0.3230910301208496,0.31943178176879883,0.33768224716186523,0.3302431106567383,0.3166811466217041,0.3243088722229004,0.31804394721984863,0.35677599906921387,0.35713624954223633,0.35805392265319824,0.6030519008636475,0.317763090133667,0.3173658847808838,0.31946301460266113,0.33453893661499023,0.3622572422027588,0.34880495071411133,0.3165709972381592,0.6304178237915039,0.36103177070617676,0.32494115829467773,0.3365631103515625,0.3449528217315674,0.6001698970794678,0.3217310905456543,0.6039628982543945,0.47377896308898926,0.35420823097229004,0.3567659854888916,0.7103092670440674,0.657355785369873,0.6119201183319092,0.4920828342437744,0.3636190891265869,0.3288142681121826,0.3534879684448242,0.5134937763214111,0.3594229221343994,0.32148218154907227,0.3473219871520996,0.3609011173248291,0.3593132495880127,0.3681201934814453,0.5217421054840088,0.48238182067871094,0.3618450164794922,0.38248205184936523,0.5637412071228027,0.3613431453704834,0.3240320682525635,0.35761094093322754,0.32300615310668945,0.4386758804321289,0.35098910331726074,0.3516418933868408,0.5948209762573242,0.4193229675292969,0.3218808174133301,0.6240897178649902,0.3179492950439453,0.3509490489959717,0.3696320056915283,0.32544493675231934,0.38222217559814453,0.3716411590576172,0.34883832931518555,0.3580460548400879,0.31838107109069824,0.36952710151672363,0.41673994064331055,0.3625319004058838,0.37107205390930176,0.3335752487182617,0.6147191524505615,0.5283839702606201,0.35867810249328613,0.3989551067352295,0.6095931529998779,0.5343742370605469,0.3160691261291504,0.4799799919128418,0.3721480369567871,0.3487849235534668,0.6508989334106445,0.3249852657318115,0.3219277858734131,0.3250908851623535,0.40824007987976074,0.37709903717041016,0.36337995529174805,0.3389880657196045,0.3719019889831543,0.3507499694824219,0.44379401206970215,0.36006927490234375,0.35677313804626465,0.3159182071685791,0.6232180595397949,0.35603785514831543,0.43691015243530273,0.33121705055236816,0.31852197647094727,0.7867681980133057,0.42878007888793945,0.5754737854003906,0.3538501262664795,0.3594627380371094,0.6544430255889893,0.3630990982055664,0.4433310031890869,0.31965017318725586,0.3671112060546875,0.32298707962036133,0.3525810241699219,0.3467991352081299,0.36862897872924805,0.6706039905548096,0.3285698890686035,0.6334958076477051,0.32249903678894043,0.3205111026763916,0.6638238430023193,0.3227992057800293,0.5173230171203613,0.3635251522064209,0.37253475189208984,0.3937368392944336,0.3641669750213623,0.3499453067779541,0.5958261489868164,0.574476957321167,0.3545053005218506,0.3769228458404541,0.35789990425109863,0.35038208961486816,0.48401689529418945,0.37318921089172363,0.3385629653930664,0.4923226833343506,0.3268578052520752,0.5706532001495361,0.44197702407836914
0.13	GEE	0.016689777374267578,0.016834020614624023,0.016465187072753906,0.016257047653198242,0.016337156295776367,0.017870187759399414,0.016291141510009766,0.016508102416992188,0.016569137573242188,0.017968177795410156,0.016515016555786133,0.020085811614990234,0.016449928283691406,0.016475200653076172,0.016642093658447266,0.01642608642578125,0.016367673873901367,0.016625165939331055,0.016642093658447266,0.01666879653930664,0.016580820083618164,0.017755985260009766,0.016534805297851562,0.01640033721923828,0.016537904739379883,0.016546010971069336,0.016417980194091797,0.016525983810424805,0.016555070877075195,0.01645803451538086,0.01616811752319336,0.016196012496948242,0.01651620864868164,0.016484975814819336,0.016176939010620117,0.01901698112487793,0.016837120056152344,0.016313791275024414,0.01682305335998535,0.01620197296142578,0.016595125198364258,0.01717996597290039,0.017283916473388672,0.01782512664794922,0.0164947509765625,0.016563892364501953,0.01627802848815918,0.017696857452392578,0.016569852828979492,0.016216754913330078,0.016453981399536133,0.016576051712036133,0.016546010971069336,0.01654195785522461,0.018355369567871094,0.01645493507385254,0.016531944274902344,0.01659417152404785,0.016932964324951172,0.016417980194091797,0.02114582061767578,0.016958951950073242,0.016596078872680664,0.016440868377685547,0.017275094985961914,0.016913890838623047,0.01648569107055664,0.016196012496948242,0.01848602294921875,0.016494035720825195,0.016354084014892578,0.01739025115966797,0.016360998153686523,0.02049422264099121,0.016429662704467773,0.016640901565551758,0.01631784439086914,0.01647806167602539,0.016589879989624023,0.016501188278198242,0.01659989356994629,0.017691850662231445,0.016475200653076172,0.016615867614746094,0.016427040100097656,0.016756772994995117,0.01662611961364746,0.017679929733276367,0.01665782928466797,0.016722917556762695,0.016433238983154297,0.018399953842163086,0.017058849334716797,0.017541170120239258,0.017404794692993164,0.016933679580688477,0.016829967498779297,0.01806497573852539,0.016613006591796875,0.016522884368896484,0.017216920852661133,0.016458988189697266,0.016371965408325195,0.016363143920898438,0.01677393913269043,0.017039060592651367,0.016497135162353516,0.016252994537353516,0.01690387725830078,0.017238140106201172,0.016776084899902344,0.01667022705078125,0.016530990600585938,0.016508817672729492,0.017312049865722656,0.016344070434570312,0.016538143157958984,0.016485214233398438,0.016479969024658203,0.020948171615600586,0.01630687713623047,0.01659989356994629,0.016104936599731445,0.016729116439819336,0.016549110412597656,0.016772985458374023,0.016223907470703125,0.016384124755859375,0.01668095588684082,0.01654195785522461,0.016381025314331055,0.016991138458251953,0.016654014587402344,0.01642894744873047,0.016887903213500977,0.016958236694335938,0.016379833221435547,0.016813039779663086,0.016524076461791992,0.017248868942260742,0.017864227294921875,0.016780853271484375,0.016850948333740234,0.016933202743530273,0.016343116760253906,0.016562938690185547,0.017457008361816406,0.016097068786621094,0.016620159149169922,0.01637578010559082,0.016487836837768555,0.01648402214050293,0.016782045364379883,0.016768932342529297,0.0165097713470459,0.016580820083618164,0.017812013626098633,0.016495227813720703,0.016809940338134766,0.01667618751525879,0.01645374298095703,0.017666101455688477,0.01680898666381836,0.016442298889160156,0.016743183135986328,0.016133785247802734,0.01706981658935547,0.016470909118652344,0.017169952392578125,0.019251108169555664,0.01682305335998535,0.017187118530273438,0.017161130905151367,0.01642298698425293,0.01651620864868164,0.01683211326599121,0.016475915908813477,0.016438961029052734,0.018096208572387695,0.01659417152404785,0.016499996185302734,0.016691923141479492,0.01639699935913086,0.017315149307250977,0.01652669906616211,0.016742706298828125,0.01695704460144043,0.017124176025390625,0.017132043838500977,0.016656160354614258,0.016355037689208984,0.017210960388183594,0.016382217407226562,0.017766714096069336,0.01735711097717285,0.01654195785522461,0.016495943069458008,0.01651620864868164,0.017037153244018555,0.01664423942565918
0.13	GNN	0.3443880081176758,0.5081799030303955,0.435744047164917,0.4834160804748535,0.3263838291168213,0.3521881103515625,0.5161352157592773,0.3271150588989258,0.414808988571167,0.37224817276000977,0.368990421295166,0.44892001152038574,0.5467960834503174,0.3565049171447754,0.3269681930541992,0.36791014671325684,0.36223793029785156,0.3292868137359619,0.37395191192626953,0.3759140968322754,0.5207879543304443,0.49160027503967285,0.5252728462219238,0.4002201557159424,0.3495218753814697,0.3511219024658203,0.3918039798736572,0.5760817527770996,0.34534621238708496,0.37198400497436523,0.5565676689147949,0.3671278953552246,0.3577690124511719,0.3349649906158447,0.3671588897705078,0.35289597511291504,0.3382248878479004,0.40204405784606934,0.3506500720977783,0.3223111629486084,0.3290581703186035,0.5526728630065918,0.5249679088592529,0.33916592597961426,0.8904411792755127,0.33550429344177246,0.46782422065734863,0.3500192165374756,0.36603283882141113,0.5160019397735596,0.3673698902130127,0.36166882514953613,0.345977783203125,0.37222981452941895,0.3466317653656006,0.32728099822998047,0.40580296516418457,0.4098539352416992,0.4141199588775635,0.39954686164855957,0.35828590393066406,0.32968616485595703,0.37941813468933105,0.39191293716430664,0.33429598808288574,0.3568687438964844,0.32609987258911133,0.6017251014709473,0.3520641326904297,0.33974719047546387,0.3747262954711914,0.34810495376586914,0.3563239574432373,0.34779906272888184,0.332744836807251,0.38999319076538086,0.5648899078369141,0.48236680030822754,0.35869693756103516,0.3474588394165039,0.3406698703765869,0.49120593070983887,0.3725450038909912,0.43778204917907715,0.36640191078186035,0.3698692321777344,0.3201289176940918,0.3379700183868408,0.35239577293395996,0.365537166595459,0.3825089931488037,0.347383975982666,0.3404557704925537,0.4787459373474121,0.34262609481811523,0.3950929641723633,0.3762829303741455,0.3988628387451172,0.5250039100646973,0.36699438095092773,0.4632720947265625,0.35197019577026367,0.39450597763061523,0.5634791851043701,0.3918600082397461,0.35358405113220215,0.33426785469055176,0.35286784172058105,0.40978169441223145,0.48149728775024414,0.40880393981933594,0.36802220344543457,0.423084020614624,0.3884859085083008,0.3724088668823242,0.36100101470947266,0.33832478523254395,0.3639402389526367,0.37453317642211914,0.32976365089416504,0.3266329765319824,0.5395889282226562,0.43561601638793945,0.36244702339172363,0.3798491954803467,0.5403180122375488,0.4040870666503906,0.3555269241333008,0.34139585494995117,0.3646049499511719,0.37784695625305176,0.6848039627075195,0.3608729839324951,0.37183284759521484,0.33939194679260254,0.37396669387817383,0.41213393211364746,0.3618769645690918,0.37027692794799805,0.3636171817779541,0.33196115493774414,0.364778995513916,0.33205676078796387,0.37265801429748535,0.32940006256103516,0.4034156799316406,0.6428873538970947,0.3948349952697754,0.36580610275268555,0.34674835205078125,0.45073413848876953,0.3296971321105957,0.5057041645050049,0.3657827377319336,0.34083032608032227,0.3491849899291992,0.3602149486541748,0.33170008659362793,0.39174914360046387,0.33229708671569824,0.386699914932251,0.3265509605407715,0.37221407890319824,0.39421892166137695,0.3841228485107422,0.3845200538635254,0.6171262264251709,0.45542216300964355,0.3868372440338135,0.47817325592041016,0.3551650047302246,0.3330831527709961,0.35049915313720703,0.3357062339782715,0.35671496391296387,0.3252558708190918,0.3607170581817627,0.3779630661010742,0.38091492652893066,0.3753490447998047,0.3628520965576172,0.3544950485229492,0.3670010566711426,0.36423420906066895,0.673499345779419,0.5442647933959961,0.6362299919128418,0.35436129570007324,0.47287487983703613,0.3310227394104004,0.3578207492828369,0.32585978507995605,0.3675069808959961,0.3365747928619385,0.40321826934814453,0.3581559658050537,0.5042312145233154,0.3710339069366455,0.5201148986816406,0.5839221477508545
0.13	GG	0.3848397731781006,0.36841797828674316,0.37134790420532227,0.6273350715637207,0.6969990730285645,0.36354899406433105,0.5992119312286377,0.34832072257995605,0.33904004096984863,0.41928601264953613,0.7762551307678223,0.5548129081726074,0.3343219757080078,0.36061787605285645,0.35918307304382324,0.32436180114746094,0.4514601230621338,0.3671092987060547,0.3281230926513672,0.34964680671691895,0.5099918842315674,0.33115196228027344,0.6041629314422607,0.3703911304473877,0.5434372425079346,0.8242251873016357,0.5815560817718506,0.3615121841430664,0.625572681427002,0.41821908950805664,0.36200785636901855,0.3317410945892334,0.366973876953125,0.3672330379486084,0.5601058006286621,0.5489201545715332,0.8271880149841309,0.4788789749145508,0.3720989227294922,0.37401318550109863,0.6523637771606445,0.32450199127197266,0.3425462245941162,0.3715372085571289,0.3581259250640869,0.35613107681274414,0.3419373035430908,0.3575859069824219,0.32751893997192383,0.3278789520263672,0.32569169998168945,0.3593180179595947,0.3532872200012207,0.3817179203033447,0.3536970615386963,0.37443995475769043,0.33066821098327637,0.3618500232696533,0.36101818084716797,0.5454950332641602,0.35928916931152344,0.9678099155426025,0.3327980041503906,0.3651871681213379,0.43585801124572754,0.36844873428344727,0.3672969341278076,0.33071017265319824,0.3591170310974121,0.36340904235839844,0.5321469306945801,0.3721320629119873,0.3392040729522705,0.7824709415435791,0.36235690116882324,0.3588438034057617,0.5381669998168945,0.36464595794677734,0.37111806869506836,0.3704800605773926,0.6391000747680664,0.5470180511474609,0.5294182300567627,0.36592817306518555,0.5476179122924805,0.5684309005737305,0.47672176361083984,0.36669206619262695,0.5095870494842529,0.3258957862854004,0.3390839099884033,0.3556649684906006,0.4471590518951416,0.6084537506103516,0.5643360614776611,0.33406519889831543,0.3388981819152832,0.3704380989074707,0.3215007781982422,0.3319861888885498,0.3422839641571045,0.4326510429382324,0.4815390110015869,0.32244300842285156,0.6562192440032959,0.37050914764404297,0.3702540397644043,0.33751893043518066,0.3538181781768799,0.3353731632232666,0.3578460216522217,0.32587599754333496,0.491117000579834,0.6053571701049805,0.41942405700683594,0.6352801322937012,0.5382630825042725,0.6799001693725586,0.3664839267730713,0.3673408031463623,0.36509108543395996,0.48426008224487305,0.3404386043548584,0.5897579193115234,0.3403000831604004,0.6314172744750977,0.34339284896850586,0.5834031105041504,0.3540232181549072,0.33078503608703613,0.37235403060913086,0.6738467216491699,0.45546603202819824,0.4150819778442383,0.4373288154602051,0.3730010986328125,0.4072530269622803,0.3286609649658203,0.5239789485931396,0.35897207260131836,0.3612821102142334,0.3650517463684082,0.6360909938812256,0.44040393829345703,0.36635279655456543,0.36455607414245605,0.33098697662353516,0.4411959648132324,0.3630821704864502,0.378098726272583,0.3722198009490967,0.4572792053222656,0.3223128318786621,0.3519279956817627,0.3707420825958252,0.6383979320526123,0.7561399936676025,0.3674330711364746,0.3895878791809082,0.3573610782623291,0.36391186714172363,0.5555868148803711,0.41146421432495117,0.3482680320739746,0.3254868984222412,0.3719630241394043,0.351513147354126,0.387620210647583,0.3410608768463135,0.345059871673584,0.3599870204925537,0.3750181198120117,0.4811410903930664,0.3660447597503662,0.36861395835876465,0.3747878074645996,0.3322319984436035,0.3574850559234619,0.7911908626556396,0.4601128101348877,0.37607431411743164,0.5908598899841309,0.3203449249267578,0.3719289302825928,0.3742861747741699,0.3439500331878662,0.6437170505523682,0.3850080966949463,0.5917448997497559,0.3660120964050293,0.3613739013671875,0.6223709583282471,0.3589169979095459,0.3905026912689209,0.46434712409973145,0.33669590950012207,0.35976600646972656,0.3958311080932617,0.372499942779541,0.4345219135284424
0.13	GG2	0.3848397731781006,0.36841797828674316,0.37134790420532227,0.6273350715637207,0.6969990730285645,0.36354899406433105,0.5992119312286377,0.34832072257995605,0.33904004096984863,0.41928601264953613,0.7762551307678223,0.5548129081726074,0.3343219757080078,0.36061787605285645,0.35918307304382324,0.32436180114746094,0.4514601230621338,0.3671092987060547,0.3281230926513672,0.34964680671691895,0.5099918842315674,0.33115196228027344,0.6041629314422607,0.3703911304473877,0.5434372425079346,0.8242251873016357,0.5815560817718506,0.3615121841430664,0.625572681427002,0.41821908950805664,0.36200785636901855,0.3317410945892334,0.366973876953125,0.3672330379486084,0.5601058006286621,0.5489201545715332,0.8271880149841309,0.4788789749145508,0.3720989227294922,0.37401318550109863,0.6523637771606445,0.32450199127197266,0.3425462245941162,0.3715372085571289,0.3581259250640869,0.35613107681274414,0.3419373035430908,0.3575859069824219,0.32751893997192383,0.3278789520263672,0.32569169998168945,0.3593180179595947,0.3532872200012207,0.3817179203033447,0.3536970615386963,0.37443995475769043,0.33066821098327637,0.3618500232696533,0.36101818084716797,0.5454950332641602,0.35928916931152344,0.9678099155426025,0.3327980041503906,0.3651871681213379,0.43585801124572754,0.36844873428344727,0.3672969341278076,0.33071017265319824,0.3591170310974121,0.36340904235839844,0.5321469306945801,0.3721320629119873,0.3392040729522705,0.7824709415435791,0.36235690116882324,0.3588438034057617,0.5381669998168945,0.36464595794677734,0.37111806869506836,0.3704800605773926,0.6391000747680664,0.5470180511474609,0.5294182300567627,0.36592817306518555,0.5476179122924805,0.5684309005737305,0.47672176361083984,0.36669206619262695,0.5095870494842529,0.3258957862854004,0.3390839099884033,0.3556649684906006,0.4471590518951416,0.6084537506103516,0.5643360614776611,0.33406519889831543,0.3388981819152832,0.3704380989074707,0.3215007781982422,0.3319861888885498,0.3422839641571045,0.4326510429382324,0.4815390110015869,0.32244300842285156,0.6562192440032959,0.37050914764404297,0.3702540397644043,0.33751893043518066,0.3538181781768799,0.3353731632232666,0.3578460216522217,0.32587599754333496,0.491117000579834,0.6053571701049805,0.41942405700683594,0.6352801322937012,0.5382630825042725,0.6799001693725586,0.3664839267730713,0.3673408031463623,0.36509108543395996,0.48426008224487305,0.3404386043548584,0.5897579193115234,0.3403000831604004,0.6314172744750977,0.34339284896850586,0.5834031105041504,0.3540232181549072,0.33078503608703613,0.37235403060913086,0.6738467216491699,0.45546603202819824,0.4150819778442383,0.4373288154602051,0.3730010986328125,0.4072530269622803,0.3286609649658203,0.5239789485931396,0.35897207260131836,0.3612821102142334,0.3650517463684082,0.6360909938812256,0.44040393829345703,0.36635279655456543,0.36455607414245605,0.33098697662353516,0.4411959648132324,0.3630821704864502,0.378098726272583,0.3722198009490967,0.4572792053222656,0.3223128318786621,0.3519279956817627,0.3707420825958252,0.6383979320526123,0.7561399936676025,0.3674330711364746,0.3895878791809082,0.3573610782623291,0.36391186714172363,0.5555868148803711,0.41146421432495117,0.3482680320739746,0.3254868984222412,0.3719630241394043,0.351513147354126,0.387620210647583,0.3410608768463135,0.345059871673584,0.3599870204925537,0.3750181198120117,0.4811410903930664,0.3660447597503662,0.36861395835876465,0.3747878074645996,0.3322319984436035,0.3574850559234619,0.7911908626556396,0.4601128101348877,0.37607431411743164,0.5908598899841309,0.3203449249267578,0.3719289302825928,0.3742861747741699,0.3439500331878662,0.6437170505523682,0.3850080966949463,0.5917448997497559,0.3660120964050293,0.3613739013671875,0.6223709583282471,0.3589169979095459,0.3905026912689209,0.46434712409973145,0.33669590950012207,0.35976600646972656,0.3958311080932617,0.372499942779541,0.4345219135284424
0.14	GEE	0.017481088638305664,0.018202781677246094,0.018798112869262695,0.017965078353881836,0.017251014709472656,0.017177104949951172,0.017810821533203125,0.01735663414001465,0.017323017120361328,0.017771005630493164,0.017138004302978516,0.017206907272338867,0.018650054931640625,0.01730203628540039,0.017489194869995117,0.01746511459350586,0.018439054489135742,0.018211841583251953,0.01805877685546875,0.0175018310546875,0.017595767974853516,0.017632007598876953,0.019073009490966797,0.017363309860229492,0.017740249633789062,0.017614126205444336,0.017459869384765625,0.01907801628112793,0.019196033477783203,0.01737236976623535,0.017583131790161133,0.01744222640991211,0.01780986785888672,0.017422199249267578,0.01712489128112793,0.017651081085205078,0.017483949661254883,0.01886725425720215,0.017406940460205078,0.017473697662353516,0.01760697364807129,0.017840862274169922,0.019006013870239258,0.01883387565612793,0.017364978790283203,0.017853975296020508,0.01751995086669922,0.01742100715637207,0.017367124557495117,0.01872110366821289,0.01738429069519043,0.017423152923583984,0.01724410057067871,0.01720404624938965,0.017226219177246094,0.017750024795532227,0.017476797103881836,0.017033100128173828,0.017271995544433594,0.018877029418945312,0.017378807067871094,0.018803834915161133,0.017583131790161133,0.018614768981933594,0.019526004791259766,0.018781185150146484,0.017653942108154297,0.017492055892944336,0.018224000930786133,0.017312049865722656,0.01728367805480957,0.018514156341552734,0.02132105827331543,0.0174410343170166,0.01717519760131836,0.017436742782592773,0.017230987548828125,0.017367839813232422,0.017667055130004883,0.018298864364624023,0.01776123046875,0.01824498176574707,0.017509937286376953,0.018335342407226562,0.018667936325073242,0.01743912696838379,0.017495155334472656,0.017714262008666992,0.01725006103515625,0.01813793182373047,0.01748180389404297,0.017034053802490234,0.01768183708190918,0.01743316650390625,0.01819896697998047,0.017466306686401367,0.0178680419921875,0.018248796463012695,0.017763137817382812,0.018873929977416992,0.0192108154296875,0.018942832946777344,0.01854109764099121,0.018862009048461914,0.018853187561035156,0.01848578453063965,0.018770933151245117,0.018932342529296875,0.018610000610351562,0.019062042236328125,0.01916193962097168,0.01908588409423828,0.018993139266967773,0.01933908462524414,0.019610881805419922,0.01901078224182129,0.019217729568481445,0.019414186477661133,0.020860910415649414,0.019201993942260742,0.01904916763305664,0.018784046173095703,0.019656896591186523,0.018992185592651367,0.019069910049438477,0.018959760665893555,0.018557071685791016,0.019217967987060547,0.019257307052612305,0.018757104873657227,0.018991708755493164,0.018769025802612305,0.019553184509277344,0.01928997039794922,0.019350051879882812,0.018595218658447266,0.01938319206237793,0.019273996353149414,0.019320011138916016,0.018917083740234375,0.01937699317932129,0.01961660385131836,0.01905989646911621,0.018790245056152344,0.019529104232788086,0.019006967544555664,0.020844221115112305,0.019863128662109375,0.018883943557739258,0.018635988235473633,0.019299030303955078,0.01865100860595703,0.018800020217895508,0.01912379264831543,0.01856708526611328,0.019099712371826172,0.01922917366027832,0.019943952560424805,0.018873929977416992,0.019199132919311523,0.01891183853149414,0.019689083099365234,0.01938796043395996,0.019472122192382812,0.019344329833984375,0.01910114288330078,0.019305944442749023,0.018907785415649414,0.019685029983520508,0.018551111221313477,0.01981210708618164,0.01951885223388672,0.019086122512817383,0.019376039505004883,0.019437789916992188,0.01945185661315918,0.01879405975341797,0.019041061401367188,0.018568992614746094,0.019622087478637695,0.019044876098632812,0.01959085464477539,0.019565105438232422,0.018774986267089844,0.01949286460876465,0.01948094367980957,0.018787860870361328,0.019472837448120117,0.01924586296081543,0.019205093383789062,0.019675016403198242,0.018875837326049805,0.018989086151123047,0.019479036331176758,0.01932501792907715,0.018836259841918945,0.019826889038085938,0.019968032836914062,0.019316911697387695,0.019194841384887695
0.14	GNN	0.46310901641845703,0.38306379318237305,0.4918558597564697,0.5707330703735352,0.6016921997070312,0.3742368221282959,0.33652210235595703,0.36902379989624023,0.3272130489349365,0.39950084686279297,0.7928597927093506,0.6733791828155518,0.34069395065307617,0.3676769733428955,0.3393712043762207,0.3725130558013916,0.5623419284820557,0.35889220237731934,0.3713870048522949,0.39144086837768555,0.4913299083709717,0.38089418411254883,0.34158992767333984,0.37010884284973145,0.3772401809692383,0.4498610496520996,0.38907599449157715,0.5180392265319824,0.3681919574737549,0.36650514602661133,0.5767688751220703,0.5681431293487549,0.3942301273345947,0.5743539333343506,0.37676095962524414,0.36490821838378906,0.3828611373901367,0.34232091903686523,0.34052419662475586,0.4665670394897461,0.42626190185546875,0.5318069458007812,0.4695119857788086,0.5639259815216064,0.4805130958557129,0.41603589057922363,0.5282001495361328,0.4196810722351074,0.36446595191955566,0.3548758029937744,0.3485429286956787,0.38663792610168457,0.33657217025756836,0.36356306076049805,0.3817119598388672,0.34992313385009766,0.44628310203552246,0.4104650020599365,0.3802931308746338,0.39615893363952637,0.3773460388183594,0.3627660274505615,0.5793519020080566,0.3706049919128418,0.5167810916900635,0.3787498474121094,0.4827880859375,0.5950109958648682,0.37260890007019043,0.4289588928222656,0.3830130100250244,0.5316691398620605,0.5700128078460693,0.585831880569458,0.37519073486328125,0.6169660091400146,0.4502558708190918,0.36588287353515625,0.616182804107666,0.38278770446777344,0.3807859420776367,0.39725804328918457,0.33852505683898926,0.36525917053222656,0.5141158103942871,0.3494431972503662,0.33686399459838867,0.5870308876037598,0.3781092166900635,0.4872889518737793,0.6115999221801758,0.3768646717071533,0.3782651424407959,0.38211989402770996,0.4644131660461426,0.36870479583740234,0.37773585319519043,0.35586094856262207,0.39008092880249023,0.4319179058074951,0.5821821689605713,0.34896302223205566,0.343764066696167,0.31549596786499023,0.37849974632263184,0.35574865341186523,0.31997227668762207,0.45633792877197266,0.36786675453186035,0.3207433223724365,0.48412418365478516,0.36910510063171387,0.3457159996032715,0.5340840816497803,0.32616710662841797,0.40524888038635254,0.3584771156311035,0.33552074432373047,0.3435831069946289,0.4216339588165283,0.3661191463470459,0.42343807220458984,0.3179299831390381,0.36200618743896484,0.348207950592041,0.3363347053527832,0.43865108489990234,0.31832313537597656,0.3275880813598633,0.4512939453125,0.43522214889526367,0.36730504035949707,0.3654789924621582,0.5241138935089111,0.375075101852417,0.3737461566925049,0.3525660037994385,0.36492490768432617,0.33385181427001953,0.3674488067626953,0.33298397064208984,0.3572218418121338,0.34264397621154785,0.3702399730682373,0.3967740535736084,0.49549412727355957,0.33667588233947754,0.4030008316040039,0.5113320350646973,0.394122838973999,0.3851299285888672,0.39325690269470215,0.49661779403686523,0.37272095680236816,0.6237668991088867,0.6103332042694092,0.37276601791381836,0.34552597999572754,0.379410982131958,0.35326385498046875,0.3460829257965088,0.41488099098205566,0.3707461357116699,0.3318629264831543,0.3773188591003418,0.5555710792541504,0.337939977645874,0.4170961380004883,0.38649415969848633,0.3743457794189453,0.32206010818481445,0.33665919303894043,0.39772629737854004,0.48006105422973633,0.380828857421875,0.31745266914367676,0.363908052444458,0.36551713943481445,0.6244432926177979,0.48175907135009766,0.6195099353790283,0.7619597911834717,0.34485316276550293,0.3662278652191162,0.36265015602111816,0.4164111614227295,0.3757953643798828,0.35460901260375977,0.40810608863830566,0.40432095527648926,0.33669614791870117,0.4262237548828125,0.3557119369506836,0.36186695098876953,0.3304469585418701,0.37209296226501465,0.6569700241088867,0.33786511421203613,0.5930497646331787,0.6850481033325195
0.14	GG	0.34533190727233887,0.5228128433227539,0.3444058895111084,0.3668231964111328,0.6581699848175049,0.4530460834503174,0.37121105194091797,0.3742399215698242,0.37430810928344727,0.6697161197662354,0.3846311569213867,0.5743100643157959,0.37251806259155273,0.37989115715026855,0.37261104583740234,0.33564066886901855,0.5924220085144043,0.37804198265075684,0.3385028839111328,0.3718600273132324,0.37426209449768066,0.3460249900817871,0.37298011779785156,0.36426806449890137,0.37727904319763184,0.37677001953125,0.3425111770629883,0.3466329574584961,0.42430806159973145,0.41827392578125,0.33088111877441406,0.34232401847839355,0.42226386070251465,0.45880603790283203,0.6843326091766357,0.6695082187652588,0.38240909576416016,0.3728671073913574,0.3559722900390625,0.37706756591796875,0.33870506286621094,0.3457458019256592,0.37980008125305176,0.3791213035583496,0.6591796875,0.37806105613708496,0.6226351261138916,0.41934823989868164,0.5920119285583496,0.3599131107330322,0.3591618537902832,0.38451194763183594,0.3743398189544678,0.4869687557220459,0.36281919479370117,0.36844491958618164,0.5871460437774658,0.32691216468811035,0.3512859344482422,0.36046409606933594,0.32976794242858887,0.37946009635925293,0.3384671211242676,0.7042760848999023,0.3393828868865967,0.37084388732910156,0.3821990489959717,0.3348977565765381,0.8397419452667236,0.36574411392211914,0.330700159072876,0.36275601387023926,0.35867786407470703,0.4760289192199707,0.3371260166168213,0.37813806533813477,0.46261000633239746,0.3858358860015869,0.32776427268981934,0.5678138732910156,0.5183248519897461,0.7919859886169434,0.3694169521331787,0.7459282875061035,0.569943904876709,0.49510693550109863,0.3935072422027588,0.3663969039916992,0.628716230392456,0.484177827835083,0.3809370994567871,0.34248995780944824,0.3695032596588135,0.33553004264831543,0.5499908924102783,0.31780195236206055,0.4943108558654785,0.34954118728637695,0.3617682456970215,0.329941987991333,0.40108585357666016,0.34612417221069336,0.5922789573669434,0.3644258975982666,0.32779788970947266,0.4419238567352295,0.36862897872924805,0.35202527046203613,0.5284302234649658,0.3634638786315918,0.3685431480407715,0.33370208740234375,0.3618779182434082,0.36719679832458496,0.5669150352478027,0.3384430408477783,0.37293386459350586,0.4455230236053467,0.3765401840209961,0.3214540481567383,0.419541597366333,0.3663351535797119,0.41179800033569336,0.3405289649963379,0.3745129108428955,0.3508450984954834,0.3755049705505371,0.3709719181060791,0.3640100955963135,0.3661191463470459,0.32579517364501953,0.6992578506469727,0.5260651111602783,0.3584163188934326,0.3208200931549072,0.5439229011535645,0.3717329502105713,0.4423177242279053,0.35909605026245117,0.3622899055480957,0.37058305740356445,0.33928894996643066,0.45190882682800293,0.3299069404602051,0.35828185081481934,0.33548903465270996,0.683135986328125,0.3689398765563965,0.4518249034881592,0.32838892936706543,0.4085409641265869,0.4143519401550293,0.3497278690338135,0.3211047649383545,0.6377871036529541,0.37218594551086426,0.35582494735717773,0.3580300807952881,0.34476685523986816,0.34230804443359375,0.3761100769042969,0.5832021236419678,0.3744387626647949,0.36823105812072754,0.34717893600463867,0.3816370964050293,0.37687087059020996,0.4418680667877197,0.43088293075561523,0.3700411319732666,0.37149810791015625,0.35511016845703125,0.36226320266723633,0.41795897483825684,0.3750448226928711,0.37000441551208496,0.32303476333618164,0.6051540374755859,0.3567931652069092,0.6007049083709717,0.3395810127258301,0.3445570468902588,0.48780202865600586,0.6173479557037354,0.37412381172180176,0.32908105850219727,0.33953166007995605,0.6164770126342773,0.5224282741546631,0.344801664352417,0.4107379913330078,0.41017723083496094,0.46853089332580566,0.4555821418762207,0.6477360725402832,0.60807204246521,0.40337181091308594,0.3565511703491211,0.6657800674438477,0.3527181148529053
0.14	GG2	0.34533190727233887,0.5228128433227539,0.3444058895111084,0.3668231964111328,0.6581699848175049,0.4530460834503174,0.37121105194091797,0.3742399215698242,0.37430810928344727,0.6697161197662354,0.3846311569213867,0.5743100643157959,0.37251806259155273,0.37989115715026855,0.37261104583740234,0.33564066886901855,0.5924220085144043,0.37804198265075684,0.3385028839111328,0.3718600273132324,0.37426209449768066,0.3460249900817871,0.37298011779785156,0.36426806449890137,0.37727904319763184,0.37677001953125,0.3425111770629883,0.3466329574584961,0.42430806159973145,0.41827392578125,0.33088111877441406,0.34232401847839355,0.42226386070251465,0.45880603790283203,0.6843326091766357,0.6695082187652588,0.38240909576416016,0.3728671073913574,0.3559722900390625,0.37706756591796875,0.33870506286621094,0.3457458019256592,0.37980008125305176,0.3791213035583496,0.6591796875,0.37806105613708496,0.6226351261138916,0.41934823989868164,0.5920119285583496,0.3599131107330322,0.3591618537902832,0.38451194763183594,0.3743398189544678,0.4869687557220459,0.36281919479370117,0.36844491958618164,0.5871460437774658,0.32691216468811035,0.3512859344482422,0.36046409606933594,0.32976794242858887,0.37946009635925293,0.3384671211242676,0.7042760848999023,0.3393828868865967,0.37084388732910156,0.3821990489959717,0.3348977565765381,0.8397419452667236,0.36574411392211914,0.330700159072876,0.36275601387023926,0.35867786407470703,0.4760289192199707,0.3371260166168213,0.37813806533813477,0.46261000633239746,0.3858358860015869,0.32776427268981934,0.5678138732910156,0.5183248519897461,0.7919859886169434,0.3694169521331787,0.7459282875061035,0.569943904876709,0.49510693550109863,0.3935072422027588,0.3663969039916992,0.628716230392456,0.484177827835083,0.3809370994567871,0.34248995780944824,0.3695032596588135,0.33553004264831543,0.5499908924102783,0.31780195236206055,0.4943108558654785,0.34954118728637695,0.3617682456970215,0.329941987991333,0.40108585357666016,0.34612417221069336,0.5922789573669434,0.3644258975982666,0.32779788970947266,0.4419238567352295,0.36862897872924805,0.35202527046203613,0.5284302234649658,0.3634638786315918,0.3685431480407715,0.33370208740234375,0.3618779182434082,0.36719679832458496,0.5669150352478027,0.3384430408477783,0.37293386459350586,0.4455230236053467,0.3765401840209961,0.3214540481567383,0.419541597366333,0.3663351535797119,0.41179800033569336,0.3405289649963379,0.3745129108428955,0.3508450984954834,0.3755049705505371,0.3709719181060791,0.3640100955963135,0.3661191463470459,0.32579517364501953,0.6992578506469727,0.5260651111602783,0.3584163188934326,0.3208200931549072,0.5439229011535645,0.3717329502105713,0.4423177242279053,0.35909605026245117,0.3622899055480957,0.37058305740356445,0.33928894996643066,0.45190882682800293,0.3299069404602051,0.35828185081481934,0.33548903465270996,0.683135986328125,0.3689398765563965,0.4518249034881592,0.32838892936706543,0.4085409641265869,0.4143519401550293,0.3497278690338135,0.3211047649383545,0.6377871036529541,0.37218594551086426,0.35582494735717773,0.3580300807952881,0.34476685523986816,0.34230804443359375,0.3761100769042969,0.5832021236419678,0.3744387626647949,0.36823105812072754,0.34717893600463867,0.3816370964050293,0.37687087059020996,0.4418680667877197,0.43088293075561523,0.3700411319732666,0.37149810791015625,0.35511016845703125,0.36226320266723633,0.41795897483825684,0.3750448226928711,0.37000441551208496,0.32303476333618164,0.6051540374755859,0.3567931652069092,0.6007049083709717,0.3395810127258301,0.3445570468902588,0.48780202865600586,0.6173479557037354,0.37412381172180176,0.32908105850219727,0.33953166007995605,0.6164770126342773,0.5224282741546631,0.344801664352417,0.4107379913330078,0.41017723083496094,0.46853089332580566,0.4555821418762207,0.6477360725402832,0.60807204246521,0.40337181091308594,0.3565511703491211,0.6657800674438477,0.3527181148529053
0.15000000000000002	GEE	0.018548965454101562,0.02033209800720215,0.020778894424438477,0.019932031631469727,0.020321130752563477,0.020760059356689453,0.020534038543701172,0.02019786834716797,0.020247936248779297,0.02074885368347168,0.020324230194091797,0.02023029327392578,0.02363109588623047,0.020370006561279297,0.020374059677124023,0.022117137908935547,0.020243167877197266,0.01996302604675293,0.02054119110107422,0.020235061645507812,0.020117998123168945,0.020392894744873047,0.020048856735229492,0.020570755004882812,0.02064800262451172,0.02112603187561035,0.0205080509185791,0.020264863967895508,0.02059006690979004,0.02041912078857422,0.020424842834472656,0.021035194396972656,0.01988816261291504,0.02068614959716797,0.0206298828125,0.020350933074951172,0.02060222625732422,0.02089095115661621,0.02016901969909668,0.01976919174194336,0.020596981048583984,0.020062923431396484,0.019794225692749023,0.020775794982910156,0.019932985305786133,0.020717144012451172,0.02082085609436035,0.020328998565673828,0.020388126373291016,0.021165847778320312,0.0211789608001709,0.02036571502685547,0.01990818977355957,0.020496845245361328,0.02048492431640625,0.022547006607055664,0.020685195922851562,0.0197298526763916,0.01988077163696289,0.02135920524597168,0.019855976104736328,0.021137237548828125,0.019767045974731445,0.0200808048248291,0.02100205421447754,0.02005290985107422,0.01994490623474121,0.02101612091064453,0.019939899444580078,0.019859790802001953,0.01999688148498535,0.02233099937438965,0.020130634307861328,0.021629810333251953,0.02058696746826172,0.01986980438232422,0.020114898681640625,0.02048206329345703,0.01981329917907715,0.020901203155517578,0.020160675048828125,0.020325183868408203,0.019871950149536133,0.020612716674804688,0.020167827606201172,0.019757747650146484,0.020608901977539062,0.020565032958984375,0.020260095596313477,0.02045297622680664,0.02034616470336914,0.02039504051208496,0.02000880241394043,0.02019810676574707,0.020335912704467773,0.02047586441040039,0.020428895950317383,0.02051091194152832,0.020267963409423828,0.020583152770996094,0.01989293098449707,0.019944190979003906,0.020402908325195312,0.019732952117919922,0.01994800567626953,0.020714998245239258,0.020277023315429688,0.0199432373046875,0.019890785217285156,0.02130293846130371,0.020585298538208008,0.020855188369750977,0.02025604248046875,0.0200350284576416,0.020129919052124023,0.0199129581451416,0.02013707160949707,0.01986098289489746,0.02102208137512207,0.020672082901000977,0.020138025283813477,0.019821882247924805,0.020205020904541016,0.020592212677001953,0.020397186279296875,0.021213054656982422,0.020344018936157227,0.020179033279418945,0.02133488655090332,0.02050185203552246,0.020042896270751953,0.02070021629333496,0.020337820053100586,0.020515918731689453,0.02018904685974121,0.0204470157623291,0.020103931427001953,0.020214080810546875,0.020358800888061523,0.02107977867126465,0.02048206329345703,0.02116084098815918,0.021094799041748047,0.02076125144958496,0.02068305015563965,0.020300865173339844,0.020557641983032227,0.01989889144897461,0.020305156707763672,0.02059483528137207,0.01977992057800293,0.02036595344543457,0.02013707160949707,0.0200803279876709,0.020546913146972656,0.02034592628479004,0.019791841506958008,0.020137310028076172,0.022387981414794922,0.020448923110961914,0.020018815994262695,0.021319150924682617,0.02065277099609375,0.020577669143676758,0.020117998123168945,0.02029585838317871,0.020273923873901367,0.020167112350463867,0.020704984664916992,0.02232074737548828,0.01993083953857422,0.02049875259399414,0.02091813087463379,0.020282268524169922,0.020115137100219727,0.020560741424560547,0.02960515022277832,0.022317886352539062,0.02054595947265625,0.02037215232849121,0.019791126251220703,0.020661115646362305,0.020287036895751953,0.02045297622680664,0.019906044006347656,0.021067142486572266,0.020048141479492188,0.020674943923950195,0.02106308937072754,0.019895076751708984,0.020833730697631836,0.02044081687927246,0.01997995376586914,0.02049112319946289,0.01979804039001465,0.020040035247802734,0.01991105079650879,0.020392179489135742,0.020977020263671875,0.02043890953063965
0.15000000000000002	GNN	0.3637528419494629,0.37792015075683594,0.37851786613464355,0.6502387523651123,0.38570713996887207,0.3554050922393799,0.3824470043182373,0.39447808265686035,0.38071513175964355,0.37515687942504883,0.4408712387084961,0.38048601150512695,0.3624413013458252,0.3835718631744385,0.3857762813568115,0.5311851501464844,0.5276780128479004,0.4387190341949463,0.3875241279602051,0.38364315032958984,0.38366222381591797,0.3884868621826172,0.7257468700408936,0.43938302993774414,0.36101508140563965,0.38919591903686523,0.4117560386657715,0.7255151271820068,0.3840358257293701,0.5276889801025391,0.4136672019958496,0.35837793350219727,0.5437881946563721,0.37833189964294434,0.38652896881103516,0.3651399612426758,0.359935998916626,0.3872189521789551,0.38644886016845703,0.40397000312805176,0.3901848793029785,0.5132710933685303,0.7410430908203125,0.37014222145080566,0.38540220260620117,0.4856092929840088,0.38528990745544434,0.39117431640625,0.6424660682678223,0.5285358428955078,0.3892488479614258,0.5513210296630859,0.37433481216430664,0.3946108818054199,0.40213990211486816,0.3932149410247803,0.3437340259552002,0.434863805770874,0.3819301128387451,0.3866438865661621,0.39946985244750977,0.38324403762817383,0.41124510765075684,0.3849949836730957,0.39253711700439453,0.37295103073120117,0.3951907157897949,0.5023400783538818,0.6458950042724609,0.385814905166626,0.5271670818328857,0.38830113410949707,0.562690019607544,0.34769582748413086,0.3834969997406006,0.3916659355163574,0.5772020816802979,0.4455997943878174,0.6158792972564697,0.44671106338500977,0.3625001907348633,0.39228010177612305,0.38661909103393555,0.3801238536834717,0.38284802436828613,0.38732004165649414,0.3401319980621338,0.3404097557067871,0.384166955947876,0.6301651000976562,0.6385462284088135,0.340609073638916,0.4079599380493164,0.38104987144470215,0.3477058410644531,0.3696613311767578,0.39879298210144043,0.3584880828857422,0.3747529983520508,0.4008450508117676,0.39336490631103516,0.384660005569458,0.4004342555999756,0.38466405868530273,0.6022539138793945,0.38106203079223633,0.4260861873626709,0.39674901962280273,0.4004638195037842,0.36185526847839355,0.38716697692871094,0.3996460437774658,0.5660350322723389,0.37493467330932617,0.4772520065307617,0.48920583724975586,0.6634929180145264,0.38047003746032715,0.36823105812072754,0.3818349838256836,0.39385294914245605,0.3908841609954834,0.4393131732940674,0.3855149745941162,0.38691186904907227,0.345487117767334,0.45583009719848633,0.7355709075927734,0.5585851669311523,0.5707509517669678,0.5224261283874512,0.5174498558044434,0.3927030563354492,0.45637083053588867,0.38678812980651855,0.37229394912719727,0.48978400230407715,0.3845489025115967,0.3932180404663086,0.35538601875305176,0.39574289321899414,0.6322622299194336,0.3656771183013916,0.382526159286499,0.6062049865722656,0.3438582420349121,0.40210390090942383,0.381695032119751,0.3925018310546875,0.3910830020904541,0.4850270748138428,0.5615622997283936,0.9114871025085449,0.5340638160705566,0.5630567073822021,0.6825599670410156,0.38215208053588867,0.3887441158294678,0.49289679527282715,0.37203216552734375,0.3836860656738281,0.36275410652160645,0.35153889656066895,0.3826029300689697,0.386721134185791,0.37560009956359863,0.38471317291259766,0.3832387924194336,0.37939000129699707,0.36362171173095703,0.3862340450286865,0.37049102783203125,0.3718690872192383,0.3506040573120117,0.4667398929595947,0.5020079612731934,0.3526430130004883,0.3745291233062744,0.38613104820251465,0.3814971446990967,0.3951711654663086,0.373960018157959,0.41556406021118164,0.36501407623291016,0.38501501083374023,0.38625001907348633,0.3796679973602295,0.37770819664001465,0.46923208236694336,0.5412261486053467,0.36832594871520996,0.547692060470581,0.6268730163574219,0.40764904022216797,0.3885688781738281,0.5556809902191162,0.5900070667266846,0.3809781074523926,0.6286818981170654,0.3679993152618408
0.15000000000000002	GG	0.4070918560028076,0.357830286026001,0.3913729190826416,0.3747069835662842,0.8559212684631348,0.3878970146179199,0.3778829574584961,0.7115697860717773,0.8228669166564941,0.39743995666503906,0.3890349864959717,0.6011343002319336,0.7093608379364014,0.42752695083618164,0.5411269664764404,0.49535369873046875,0.34551000595092773,0.39204907417297363,0.39751100540161133,0.36006903648376465,0.38713812828063965,0.45782899856567383,0.389847993850708,0.3919229507446289,0.7289438247680664,0.35994505882263184,0.37204694747924805,0.36910104751586914,0.38950014114379883,0.38123273849487305,0.3903341293334961,0.3821687698364258,0.34926295280456543,0.38468003273010254,0.3570370674133301,0.38888072967529297,0.35803914070129395,0.3784298896789551,0.5561809539794922,0.7536160945892334,0.33488893508911133,0.3446991443634033,0.34719228744506836,0.3887059688568115,0.6469590663909912,0.3941318988800049,0.3437471389770508,0.3923161029815674,0.35622620582580566,0.37665390968322754,0.38629817962646484,0.3543367385864258,0.38719677925109863,0.39768099784851074,0.3447232246398926,0.7312400341033936,0.3907158374786377,0.3886270523071289,0.3560791015625,0.38466477394104004,0.38905787467956543,0.7706758975982666,0.4541752338409424,0.39008092880249023,0.34527015686035156,0.3949401378631592,0.35488295555114746,0.3567490577697754,0.38904309272766113,0.5194759368896484,0.36170291900634766,0.39025402069091797,0.36147093772888184,0.3775808811187744,0.3570549488067627,0.3880183696746826,0.6250779628753662,0.3461449146270752,0.3930659294128418,0.3879969120025635,0.6280779838562012,0.4693412780761719,0.3866260051727295,0.3543510437011719,0.389329195022583,0.3932209014892578,0.5541222095489502,0.37945008277893066,0.39421534538269043,0.5667471885681152,0.3835599422454834,0.38272523880004883,0.38216590881347656,0.6761858463287354,0.45593976974487305,0.384105920791626,0.3877260684967041,0.7443721294403076,0.35020899772644043,0.4297292232513428,0.6603567600250244,0.512336015701294,0.3979470729827881,0.34221887588500977,0.38876795768737793,0.34276413917541504,0.38001489639282227,0.39311909675598145,0.3515617847442627,0.38402414321899414,0.34598708152770996,0.3886752128601074,0.5485851764678955,0.3942830562591553,0.3909721374511719,0.41803717613220215,0.3905918598175049,0.3866770267486572,0.5563430786132812,0.343707799911499,0.38828229904174805,0.672896146774292,0.3861250877380371,0.5202829837799072,0.37951111793518066,0.38611793518066406,0.3880786895751953,0.38911986351013184,0.38817310333251953,0.4426078796386719,0.4340040683746338,0.3848259449005127,0.3871748447418213,0.38680601119995117,0.4243428707122803,0.4119689464569092,0.3496260643005371,0.3913290500640869,0.8548381328582764,0.39539003372192383,0.38666415214538574,0.36426615715026855,0.38837409019470215,0.34899091720581055,0.39050912857055664,0.37675905227661133,0.3854711055755615,0.5725061893463135,0.41410088539123535,0.3970177173614502,0.4162917137145996,0.34568095207214355,0.5625452995300293,0.386444091796875,0.39533114433288574,0.3790748119354248,0.39304280281066895,0.34781885147094727,0.3474009037017822,0.3921701908111572,0.36494898796081543,0.5569469928741455,0.4524359703063965,0.4663071632385254,0.39220476150512695,0.4968130588531494,0.3839528560638428,0.4846012592315674,0.35616111755371094,0.3869180679321289,0.3501880168914795,0.38625311851501465,0.3566548824310303,0.41240501403808594,0.45308399200439453,0.34607696533203125,0.7178537845611572,0.38466906547546387,0.6743259429931641,0.3578648567199707,0.4916861057281494,0.38766002655029297,0.3868749141693115,0.3648366928100586,0.6013708114624023,0.3440089225769043,0.3876228332519531,0.3585491180419922,0.3597381114959717,0.3647940158843994,0.3869171142578125,0.38195300102233887,0.38640689849853516,0.44671082496643066,0.3609318733215332,0.4487130641937256,0.5110890865325928,0.38879990577697754,0.3596079349517822,0.4154808521270752
0.15000000000000002	GG2	0.4070918560028076,0.357830286026001,0.3913729190826416,0.3747069835662842,0.8559212684631348,0.3878970146179199,0.3778829574584961,0.7115697860717773,0.8228669166564941,0.39743995666503906,0.3890349864959717,0.6011343002319336,0.7093608379364014,0.42752695083618164,0.5411269664764404,0.49535369873046875,0.34551000595092773,0.39204907417297363,0.39751100540161133,0.36006903648376465,0.38713812828063965,0.45782899856567383,0.389847993850708,0.3919229507446289,0.7289438247680664,0.35994505882263184,0.37204694747924805,0.36910104751586914,0.38950014114379883,0.38123273849487305,0.3903341293334961,0.3821687698364258,0.34926295280456543,0.38468003273010254,0.3570370674133301,0.38888072967529297,0.35803914070129395,0.3784298896789551,0.5561809539794922,0.7536160945892334,0.33488893508911133,0.3446991443634033,0.34719228744506836,0.3887059688568115,0.6469590663909912,0.3941318988800049,0.3437471389770508,0.3923161029815674,0.35622620582580566,0.37665390968322754,0.38629817962646484,0.3543367385864258,0.38719677925109863,0.39768099784851074,0.3447232246398926,0.7312400341033936,0.3907158374786377,0.3886270523071289,0.3560791015625,0.38466477394104004,0.38905787467956543,0.7706758975982666,0.4541752338409424,0.39008092880249023,0.34527015686035156,0.3949401378631592,0.35488295555114746,0.3567490577697754,0.38904309272766113,0.5194759368896484,0.36170291900634766,0.39025402069091797,0.36147093772888184,0.3775808811187744,0.3570549488067627,0.3880183696746826,0.6250779628753662,0.3461449146270752,0.3930659294128418,0.3879969120025635,0.6280779838562012,0.4693412780761719,0.3866260051727295,0.3543510437011719,0.389329195022583,0.3932209014892578,0.5541222095489502,0.37945008277893066,0.39421534538269043,0.5667471885681152,0.3835599422454834,0.38272523880004883,0.38216590881347656,0.6761858463287354,0.45593976974487305,0.384105920791626,0.3877260684967041,0.7443721294403076,0.35020899772644043,0.4297292232513428,0.6603567600250244,0.512336015701294,0.3979470729827881,0.34221887588500977,0.38876795768737793,0.34276413917541504,0.38001489639282227,0.39311909675598145,0.3515617847442627,0.38402414321899414,0.34598708152770996,0.3886752128601074,0.5485851764678955,0.3942830562591553,0.3909721374511719,0.41803717613220215,0.3905918598175049,0.3866770267486572,0.5563430786132812,0.343707799911499,0.38828229904174805,0.672896146774292,0.3861250877380371,0.5202829837799072,0.37951111793518066,0.38611793518066406,0.3880786895751953,0.38911986351013184,0.38817310333251953,0.4426078796386719,0.4340040683746338,0.3848259449005127,0.3871748447418213,0.38680601119995117,0.4243428707122803,0.4119689464569092,0.3496260643005371,0.3913290500640869,0.8548381328582764,0.39539003372192383,0.38666415214538574,0.36426615715026855,0.38837409019470215,0.34899091720581055,0.39050912857055664,0.37675905227661133,0.3854711055755615,0.5725061893463135,0.41410088539123535,0.3970177173614502,0.4162917137145996,0.34568095207214355,0.5625452995300293,0.386444091796875,0.39533114433288574,0.3790748119354248,0.39304280281066895,0.34781885147094727,0.3474009037017822,0.3921701908111572,0.36494898796081543,0.5569469928741455,0.4524359703063965,0.4663071632385254,0.39220476150512695,0.4968130588531494,0.3839528560638428,0.4846012592315674,0.35616111755371094,0.3869180679321289,0.3501880168914795,0.38625311851501465,0.3566548824310303,0.41240501403808594,0.45308399200439453,0.34607696533203125,0.7178537845611572,0.38466906547546387,0.6743259429931641,0.3578648567199707,0.4916861057281494,0.38766002655029297,0.3868749141693115,0.3648366928100586,0.6013708114624023,0.3440089225769043,0.3876228332519531,0.3585491180419922,0.3597381114959717,0.3647940158843994,0.3869171142578125,0.38195300102233887,0.38640689849853516,0.44671082496643066,0.3609318733215332,0.4487130641937256,0.5110890865325928,0.38879990577697754,0.3596079349517822,0.4154808521270752
