0.0	GEE	0.6825,0.658125,0.671875,0.675,0.679375,0.66,0.7,0.67375,0.6575,0.654375,0.644375,0.640625,0.671875,0.65375,0.659375,0.673125,0.656875,0.651875,0.695,0.66375,0.65375,0.6425,0.681875,0.66625,0.655,0.65625,0.655,0.6475,0.64875,0.665,0.659375,0.67,0.664375,0.643125,0.67,0.6525,0.64625,0.66625,0.669375,0.663125,0.65,0.676875,0.661875,0.63875,0.653125,0.659375,0.66875,0.655625,0.6625,0.6625,0.645625,0.658125,0.6625,0.6725,0.653125,0.658125,0.6675,0.651875,0.673125,0.659375,0.6725,0.6525,0.665625,0.650625,0.67,0.64125,0.6675,0.675,0.6625,0.6575,0.67,0.675,0.6525,0.650625,0.645625,0.664375,0.67625,0.640625,0.661875,0.683125,0.643125,0.645625,0.686875,0.6725,0.665625,0.678125,0.6875,0.6725,0.638125,0.654375,0.65875,0.6375,0.675,0.655,0.66,0.6725,0.62875,0.670625,0.69125,0.65375,0.69875,0.688125,0.63875,0.66125,0.646875,0.653125,0.6775,0.666875,0.67125,0.6525,0.67625,0.66,0.650625,0.643125,0.67125,0.665625,0.681875,0.638125,0.648125,0.6525,0.646875,0.645,0.666875,0.665625,0.679375,0.675,0.66,0.681875,0.66875,0.66875,0.62625,0.6825,0.669375,0.648125,0.665625,0.68,0.664375,0.660625,0.655,0.64875,0.681875,0.674375,0.671875,0.679375,0.681875,0.63875,0.66625,0.663125,0.67625,0.67,0.65875,0.644375,0.664375,0.68625,0.64125,0.680625,0.658125,0.6725,0.669375,0.67625,0.67625,0.6525,0.669375,0.673125,0.669375,0.641875,0.636875,0.6775,0.665625,0.69125,0.64875,0.674375,0.67,0.633125,0.668125,0.676875,0.639375,0.659375,0.66875,0.653125,0.681875,0.669375,0.6625,0.645,0.6575,0.688125,0.6525,0.63875,0.660625,0.65625,0.66,0.69,0.651875,0.659375,0.675,0.648125,0.671875,0.66125,0.64625,0.669375
0.0	GNN	0.5925,0.505625,0.56,0.715625,0.641875,0.635,0.414375,0.5275,0.480625,0.653125,0.60375,0.646875,0.548125,0.556875,0.384375,0.534375,0.501875,0.544375,0.715625,0.459375,0.623125,0.485,0.6025,0.511875,0.45875,0.52,0.438125,0.5275,0.4825,0.47,0.515625,0.521875,0.528125,0.656875,0.574375,0.66625,0.63,0.39375,0.569375,0.494375,0.606875,0.44875,0.505,0.563125,0.480625,0.54,0.415625,0.61875,0.55375,0.590625,0.435625,0.550625,0.723125,0.574375,0.596875,0.5075,0.550625,0.646875,0.4525,0.628125,0.485,0.54625,0.563125,0.6625,0.5675,0.51125,0.45375,0.64875,0.53625,0.5025,0.555,0.52875,0.57875,0.53,0.46125,0.7625,0.524375,0.491875,0.603125,0.615625,0.489375,0.440625,0.6725,0.604375,0.468125,0.65875,0.533125,0.588125,0.564375,0.655625,0.478125,0.61875,0.54875,0.595625,0.456875,0.54,0.589375,0.605625,0.6925,0.5625,0.46375,0.518125,0.661875,0.61375,0.619375,0.474375,0.529375,0.615,0.573125,0.520625,0.5975,0.6,0.6325,0.588125,0.48375,0.483125,0.513125,0.50375,0.575,0.456875,0.50125,0.428125,0.44875,0.413125,0.58875,0.625,0.4775,0.555,0.5375,0.54625,0.528125,0.543125,0.58375,0.576875,0.62375,0.551875,0.553125,0.449375,0.6,0.52875,0.4375,0.458125,0.61875,0.681875,0.423125,0.550625,0.571875,0.5075,0.551875,0.47,0.635625,0.509375,0.5625,0.554375,0.571875,0.34625,0.5375,0.649375,0.58625,0.56,0.62375,0.66,0.575625,0.423125,0.525625,0.568125,0.459375,0.46,0.54,0.635,0.565,0.740625,0.50375,0.5075,0.573125,0.50875,0.545625,0.48125,0.61375,0.613125,0.4725,0.49125,0.530625,0.559375,0.5425,0.60125,0.6225,0.554375,0.525625,0.621875,0.564375,0.521875,0.5225,0.608125,0.59125,0.4825,0.621875,0.54625,0.398125,0.659375
0.0	GG	0.678125,0.72,0.795625,0.7175,0.568125,0.78875,0.72125,0.65875,0.6525,0.7075,0.76,0.68625,0.721875,0.7825,0.6325,0.68625,0.75,0.70625,0.7375,0.751875,0.690625,0.70875,0.725,0.7175,0.67,0.676875,0.621875,0.73375,0.606875,0.826875,0.644375,0.638125,0.683125,0.7125,0.70875,0.675,0.71,0.80875,0.695,0.670625,0.653125,0.726875,0.791875,0.764375,0.7575,0.664375,0.8175,0.820625,0.66,0.711875,0.68375,0.72,0.796875,0.734375,0.735,0.758125,0.74375,0.85,0.681875,0.536875,0.67,0.674375,0.675625,0.710625,0.739375,0.60375,0.7725,0.666875,0.749375,0.65625,0.624375,0.656875,0.755,0.66375,0.613125,0.788125,0.66625,0.696875,0.7625,0.726875,0.77875,0.765625,0.6675,0.65375,0.7325,0.51,0.8675,0.743125,0.7125,0.5525,0.755625,0.710625,0.698125,0.688125,0.794375,0.6975,0.60625,0.62,0.67125,0.754375,0.746875,0.691875,0.82625,0.8125,0.6325,0.70125,0.720625,0.689375,0.676875,0.720625,0.763125,0.65875,0.839375,0.69875,0.77875,0.59125,0.756875,0.544375,0.811875,0.655625,0.61125,0.57,0.773125,0.76125,0.681875,0.794375,0.726875,0.679375,0.731875,0.70625,0.638125,0.81125,0.6725,0.725,0.708125,0.70375,0.7925,0.7025,0.74375,0.75,0.743125,0.741875,0.763125,0.68375,0.720625,0.753125,0.68625,0.77125,0.6775,0.781875,0.77125,0.81875,0.67875,0.71625,0.7675,0.74125,0.6975,0.745,0.686875,0.649375,0.715,0.813125,0.694375,0.67375,0.58625,0.5625,0.66125,0.72625,0.73625,0.7575,0.62875,0.69,0.755,0.714375,0.72875,0.753125,0.720625,0.761875,0.703125,0.72375,0.70375,0.85375,0.7175,0.855625,0.758125,0.66125,0.73,0.68375,0.63875,0.734375,0.72,0.765625,0.65375,0.66,0.755,0.715,0.603125,0.64375,0.781875,0.735
0.0	GG2	0.790625,0.796875,0.844375,0.810625,0.82375,0.82625,0.796875,0.795,0.744375,0.701875,0.765625,0.75875,0.805625,0.765625,0.6625,0.69625,0.84,0.8325,0.806875,0.78375,0.728125,0.7725,0.77375,0.71375,0.69875,0.725625,0.794375,0.8525,0.695,0.76,0.75,0.68125,0.869375,0.84125,0.860625,0.79,0.79,0.83125,0.7175,0.835625,0.66125,0.7275,0.81,0.865,0.8475,0.795,0.83125,0.84375,0.713125,0.83125,0.649375,0.721875,0.8925,0.821875,0.75625,0.755625,0.796875,0.855,0.719375,0.79625,0.756875,0.78125,0.745,0.763125,0.833125,0.768125,0.8,0.708125,0.759375,0.675625,0.76875,0.80875,0.8325,0.826875,0.84875,0.86875,0.78125,0.866875,0.849375,0.79875,0.845,0.851875,0.769375,0.745625,0.8175,0.65625,0.89375,0.833125,0.735,0.825625,0.823125,0.730625,0.83875,0.675,0.783125,0.7825,0.708125,0.750625,0.800625,0.835,0.8575,0.79375,0.86625,0.806875,0.765625,0.776875,0.800625,0.79125,0.808125,0.7,0.84,0.67125,0.869375,0.793125,0.849375,0.73125,0.7975,0.74625,0.83625,0.736875,0.695,0.710625,0.8325,0.75,0.74375,0.81875,0.75125,0.79,0.73875,0.789375,0.7275,0.750625,0.73375,0.82625,0.78125,0.714375,0.86625,0.72875,0.799375,0.84625,0.755625,0.849375,0.819375,0.708125,0.849375,0.844375,0.7175,0.794375,0.806875,0.7825,0.7975,0.8475,0.73375,0.80625,0.74375,0.74625,0.7475,0.809375,0.723125,0.85875,0.800625,0.825625,0.735625,0.72875,0.82,0.579375,0.74625,0.794375,0.800625,0.805,0.86875,0.711875,0.825625,0.833125,0.76875,0.803125,0.78,0.840625,0.745,0.781875,0.7425,0.841875,0.854375,0.869375,0.785625,0.741875,0.756875,0.768125,0.679375,0.8475,0.8025,0.841875,0.73,0.76125,0.78125,0.745,0.73125,0.668125,0.78625,0.805
0.02	GEE	0.621875,0.643125,0.611875,0.63625,0.61375,0.63125,0.614375,0.635625,0.6375,0.630625,0.624375,0.6075,0.623125,0.605625,0.64375,0.61,0.63375,0.615625,0.6625,0.6075,0.631875,0.60875,0.611875,0.620625,0.619375,0.645625,0.625,0.63125,0.618125,0.63375,0.639375,0.628125,0.635625,0.611875,0.605,0.633125,0.651875,0.61625,0.609375,0.618125,0.61,0.63625,0.636875,0.6525,0.65375,0.610625,0.63875,0.64,0.64125,0.644375,0.60875,0.62125,0.624375,0.626875,0.625,0.623125,0.621875,0.626875,0.6525,0.61,0.6425,0.62875,0.646875,0.60375,0.655,0.621875,0.645,0.623125,0.630625,0.62875,0.613125,0.65125,0.641875,0.616875,0.63,0.62375,0.624375,0.606875,0.61125,0.614375,0.63375,0.624375,0.639375,0.6075,0.64625,0.62875,0.63,0.650625,0.6225,0.633125,0.630625,0.628125,0.646875,0.638125,0.640625,0.639375,0.6375,0.620625,0.5975,0.6,0.62625,0.6475,0.616875,0.630625,0.62625,0.63375,0.621875,0.626875,0.630625,0.615,0.620625,0.611875,0.64,0.630625,0.6225,0.65,0.62875,0.61,0.629375,0.605,0.63875,0.6375,0.62875,0.631875,0.6475,0.635625,0.6125,0.614375,0.618125,0.635625,0.629375,0.64375,0.625,0.6475,0.634375,0.608125,0.608125,0.639375,0.6275,0.653125,0.64,0.6025,0.625625,0.644375,0.66,0.62125,0.6225,0.63875,0.62,0.64625,0.609375,0.6225,0.638125,0.61375,0.62875,0.621875,0.631875,0.615,0.624375,0.610625,0.644375,0.643125,0.635625,0.658125,0.61875,0.635625,0.604375,0.6375,0.645,0.6275,0.62625,0.6375,0.65625,0.645625,0.63125,0.605,0.606875,0.64625,0.6275,0.600625,0.621875,0.635625,0.6175,0.63,0.6325,0.616875,0.630625,0.625,0.6375,0.629375,0.616875,0.613125,0.645,0.619375,0.6525,0.643125,0.6175,0.635,0.635,0.631875
0.02	GNN	0.535625,0.465625,0.459375,0.503125,0.489375,0.531875,0.391875,0.40875,0.413125,0.52125,0.454375,0.545,0.47375,0.500625,0.3325,0.479375,0.4475,0.418125,0.5175,0.359375,0.491875,0.36375,0.500625,0.435625,0.36875,0.438125,0.41875,0.444375,0.44625,0.431875,0.458125,0.47125,0.45875,0.534375,0.491875,0.52375,0.473125,0.413125,0.481875,0.375,0.531875,0.408125,0.399375,0.475,0.425625,0.44625,0.41875,0.470625,0.418125,0.498125,0.416875,0.46625,0.594375,0.52,0.49375,0.426875,0.4425,0.525,0.33625,0.4975,0.411875,0.434375,0.468125,0.575,0.480625,0.445,0.40125,0.524375,0.391875,0.355625,0.424375,0.429375,0.529375,0.466875,0.42125,0.605,0.461875,0.42125,0.516875,0.52125,0.413125,0.39875,0.51875,0.476875,0.445,0.5225,0.410625,0.503125,0.526875,0.594375,0.403125,0.536875,0.356875,0.43,0.385625,0.4275,0.4725,0.489375,0.58625,0.435625,0.410625,0.413125,0.57625,0.499375,0.508125,0.455625,0.45,0.473125,0.473125,0.413125,0.514375,0.51375,0.5325,0.481875,0.3775,0.37125,0.476875,0.460625,0.4975,0.44,0.4175,0.421875,0.428125,0.35375,0.46625,0.53875,0.448125,0.454375,0.454375,0.41375,0.4625,0.480625,0.513125,0.4825,0.534375,0.429375,0.435625,0.40875,0.431875,0.415,0.408125,0.375,0.45875,0.566875,0.439375,0.46375,0.4125,0.4775,0.474375,0.41,0.563125,0.385625,0.495,0.42625,0.494375,0.2975,0.4575,0.58375,0.464375,0.418125,0.5225,0.499375,0.47,0.3675,0.4575,0.4275,0.420625,0.35875,0.484375,0.451875,0.406875,0.553125,0.469375,0.346875,0.473125,0.45125,0.466875,0.41,0.476875,0.554375,0.4,0.40375,0.438125,0.453125,0.509375,0.484375,0.459375,0.48625,0.42125,0.51125,0.46,0.488125,0.435625,0.491875,0.5,0.405,0.481875,0.435625,0.326875,0.486875
0.02	GG	0.57875,0.68125,0.69125,0.654375,0.52625,0.724375,0.5375,0.64,0.645625,0.671875,0.655,0.62875,0.666875,0.69125,0.580625,0.575625,0.673125,0.63375,0.67375,0.646875,0.646875,0.690625,0.66125,0.65375,0.6275,0.626875,0.56375,0.690625,0.61375,0.74125,0.610625,0.58375,0.68875,0.6925,0.655,0.633125,0.67375,0.73625,0.615625,0.645625,0.61625,0.641875,0.686875,0.67125,0.664375,0.609375,0.7225,0.713125,0.63,0.684375,0.614375,0.66875,0.71375,0.656875,0.631875,0.654375,0.68375,0.725625,0.638125,0.614375,0.606875,0.63375,0.626875,0.62125,0.640625,0.546875,0.683125,0.62125,0.641875,0.62125,0.60875,0.619375,0.710625,0.62625,0.606875,0.70625,0.6175,0.64375,0.661875,0.643125,0.713125,0.716875,0.5925,0.555,0.68625,0.516875,0.741875,0.67375,0.6225,0.62625,0.66375,0.680625,0.679375,0.60375,0.686875,0.658125,0.565,0.621875,0.605,0.670625,0.696875,0.61625,0.71,0.695625,0.61125,0.621875,0.66375,0.630625,0.6325,0.709375,0.7025,0.60625,0.734375,0.6525,0.649375,0.61125,0.690625,0.52125,0.743125,0.625625,0.626875,0.5975,0.7175,0.68125,0.623125,0.71,0.66875,0.61125,0.68625,0.635625,0.633125,0.735,0.6275,0.699375,0.670625,0.60375,0.704375,0.643125,0.6775,0.676875,0.6625,0.6375,0.638125,0.625625,0.638125,0.6875,0.620625,0.7275,0.63625,0.668125,0.710625,0.679375,0.64875,0.63875,0.626875,0.683125,0.646875,0.68,0.640625,0.590625,0.6875,0.70375,0.598125,0.63875,0.57625,0.598125,0.59,0.660625,0.68875,0.67625,0.5925,0.653125,0.691875,0.660625,0.66125,0.719375,0.670625,0.716875,0.638125,0.58875,0.6425,0.771875,0.6775,0.7375,0.655,0.60125,0.63,0.6375,0.598125,0.626875,0.6475,0.69125,0.594375,0.6325,0.7225,0.638125,0.58,0.6175,0.680625,0.686875
0.02	GG2	0.6425,0.739375,0.72125,0.65,0.724375,0.75375,0.668125,0.6625,0.70125,0.715,0.710625,0.67375,0.68375,0.6675,0.640625,0.61875,0.731875,0.71625,0.693125,0.64875,0.65375,0.6875,0.68375,0.685625,0.613125,0.671875,0.616875,0.708125,0.64,0.733125,0.63375,0.64625,0.769375,0.69625,0.689375,0.666875,0.70375,0.67375,0.678125,0.72875,0.63625,0.66,0.690625,0.743125,0.701875,0.65875,0.745625,0.69375,0.655,0.70875,0.668125,0.6675,0.720625,0.709375,0.69625,0.68,0.716875,0.753125,0.65625,0.675625,0.70375,0.6775,0.691875,0.705625,0.674375,0.62375,0.693125,0.63,0.649375,0.625,0.669375,0.66125,0.69875,0.688125,0.62,0.66375,0.65625,0.694375,0.69875,0.634375,0.750625,0.785625,0.628125,0.608125,0.768125,0.62,0.740625,0.73125,0.725,0.68875,0.70875,0.665,0.7075,0.635,0.68625,0.72625,0.64125,0.650625,0.609375,0.71125,0.641875,0.610625,0.709375,0.71875,0.67875,0.690625,0.63375,0.653125,0.58875,0.74125,0.6675,0.6525,0.740625,0.72125,0.7125,0.65125,0.72,0.703125,0.73875,0.614375,0.599375,0.585625,0.759375,0.66875,0.658125,0.723125,0.689375,0.68625,0.700625,0.69375,0.60625,0.740625,0.69125,0.7,0.695,0.6825,0.709375,0.666875,0.69125,0.7525,0.6825,0.73,0.68625,0.639375,0.72875,0.74,0.6375,0.74125,0.721875,0.72375,0.7375,0.67625,0.66875,0.6325,0.72875,0.683125,0.70375,0.699375,0.66,0.64375,0.693125,0.709375,0.63375,0.62875,0.595,0.620625,0.634375,0.724375,0.696875,0.7075,0.6775,0.709375,0.778125,0.724375,0.66875,0.699375,0.704375,0.740625,0.698125,0.64625,0.663125,0.769375,0.739375,0.730625,0.711875,0.639375,0.689375,0.671875,0.626875,0.684375,0.670625,0.723125,0.67,0.66375,0.6775,0.688125,0.608125,0.630625,0.704375,0.68875
0.04	GEE	0.574375,0.5925,0.545,0.571875,0.57625,0.58125,0.57625,0.563125,0.591875,0.595,0.585,0.594375,0.595625,0.61375,0.581875,0.611875,0.588125,0.584375,0.59625,0.616875,0.595625,0.57625,0.585,0.581875,0.600625,0.578125,0.594375,0.600625,0.605,0.5825,0.595,0.58125,0.585,0.57875,0.6075,0.61125,0.59125,0.591875,0.584375,0.5775,0.593125,0.58625,0.586875,0.573125,0.575,0.593125,0.57375,0.601875,0.61,0.596875,0.5825,0.57625,0.6025,0.58125,0.595,0.58,0.595,0.6,0.5875,0.58375,0.575,0.588125,0.56875,0.6,0.600625,0.60125,0.5875,0.5875,0.61,0.57,0.6,0.58125,0.57875,0.581875,0.5775,0.5975,0.590625,0.59125,0.59,0.584375,0.5875,0.56625,0.58375,0.59,0.575625,0.590625,0.570625,0.579375,0.568125,0.598125,0.61875,0.57625,0.5825,0.609375,0.57375,0.596875,0.583125,0.58375,0.57625,0.56625,0.58375,0.590625,0.56,0.55875,0.59125,0.5825,0.589375,0.586875,0.58375,0.578125,0.565,0.593125,0.60125,0.54625,0.5775,0.588125,0.565,0.601875,0.6,0.598125,0.5925,0.583125,0.5975,0.6125,0.5775,0.61,0.5675,0.575625,0.575625,0.60125,0.595,0.580625,0.598125,0.59625,0.57625,0.549375,0.571875,0.589375,0.583125,0.601875,0.578125,0.591875,0.57625,0.570625,0.59375,0.590625,0.60375,0.610625,0.585625,0.604375,0.58125,0.5875,0.580625,0.590625,0.59625,0.58125,0.59,0.56375,0.596875,0.6025,0.570625,0.57125,0.61875,0.591875,0.58125,0.57625,0.57875,0.58375,0.59,0.619375,0.595625,0.58875,0.554375,0.579375,0.599375,0.595625,0.593125,0.57125,0.595625,0.556875,0.56875,0.6,0.575625,0.549375,0.576875,0.5825,0.588125,0.58375,0.56625,0.608125,0.581875,0.616875,0.590625,0.566875,0.568125,0.59,0.585625,0.609375,0.571875,0.585625
0.04	GNN	0.481875,0.389375,0.39,0.40125,0.339375,0.435625,0.3625,0.3425,0.375,0.37375,0.38375,0.499375,0.426875,0.41625,0.324375,0.428125,0.42875,0.396875,0.41875,0.293125,0.4425,0.34625,0.45125,0.40875,0.323125,0.35875,0.378125,0.40625,0.41375,0.354375,0.4,0.414375,0.390625,0.45375,0.408125,0.399375,0.42875,0.3525,0.423125,0.336875,0.43875,0.339375,0.31375,0.393125,0.394375,0.38875,0.3875,0.391875,0.36,0.418125,0.393125,0.40375,0.50625,0.43875,0.445,0.35,0.395,0.459375,0.309375,0.45125,0.39875,0.378125,0.350625,0.5475,0.4425,0.384375,0.345,0.47375,0.3775,0.3425,0.366875,0.37625,0.408125,0.355,0.35625,0.546875,0.413125,0.3975,0.45,0.45125,0.336875,0.360625,0.46,0.4175,0.385625,0.44375,0.396875,0.464375,0.415625,0.54,0.326875,0.4275,0.334375,0.3575,0.3325,0.400625,0.42625,0.44125,0.478125,0.36,0.3575,0.33875,0.4975,0.438125,0.456875,0.38875,0.41125,0.41875,0.41125,0.38875,0.465,0.489375,0.45875,0.4075,0.3375,0.32875,0.4275,0.45,0.453125,0.3775,0.335,0.351875,0.40625,0.32625,0.411875,0.49125,0.433125,0.40625,0.389375,0.3875,0.41625,0.4175,0.415,0.40875,0.45125,0.319375,0.38625,0.353125,0.370625,0.344375,0.31625,0.306875,0.343125,0.500625,0.4125,0.3875,0.405,0.46875,0.451875,0.311875,0.451875,0.3475,0.4075,0.41125,0.410625,0.2875,0.413125,0.46,0.435625,0.343125,0.450625,0.403125,0.43,0.29,0.409375,0.415,0.370625,0.32625,0.41,0.4175,0.373125,0.420625,0.408125,0.30125,0.404375,0.403125,0.413125,0.375625,0.38875,0.45375,0.344375,0.3525,0.375,0.389375,0.405,0.38,0.37875,0.41375,0.378125,0.43,0.436875,0.409375,0.365,0.408125,0.436875,0.384375,0.415625,0.364375,0.31375,0.4625
0.04	GG	0.5475,0.62625,0.605,0.57625,0.555,0.665,0.6025,0.57125,0.576875,0.608125,0.6325,0.60125,0.628125,0.65,0.55875,0.580625,0.61625,0.62,0.626875,0.558125,0.59375,0.6225,0.591875,0.564375,0.6,0.583125,0.56,0.636875,0.598125,0.643125,0.56,0.538125,0.62,0.665,0.615,0.6125,0.618125,0.644375,0.57375,0.59625,0.58125,0.595625,0.605625,0.609375,0.60375,0.604375,0.605,0.619375,0.61375,0.599375,0.55375,0.605,0.66125,0.62,0.575625,0.5525,0.663125,0.6425,0.585,0.5775,0.553125,0.5725,0.5725,0.58375,0.5875,0.53125,0.63,0.558125,0.586875,0.56375,0.5875,0.5425,0.63875,0.549375,0.578125,0.64375,0.588125,0.605625,0.606875,0.604375,0.649375,0.62375,0.58125,0.53625,0.60375,0.511875,0.691875,0.6325,0.569375,0.564375,0.62375,0.590625,0.61,0.586875,0.595,0.6075,0.544375,0.57375,0.59625,0.611875,0.638125,0.555625,0.65375,0.61,0.580625,0.5675,0.599375,0.6025,0.59,0.62875,0.648125,0.554375,0.655,0.54125,0.579375,0.5625,0.611875,0.48625,0.6625,0.6,0.59375,0.56875,0.664375,0.6025,0.54625,0.660625,0.6125,0.560625,0.62,0.608125,0.60125,0.629375,0.60625,0.65625,0.615625,0.556875,0.638125,0.574375,0.6175,0.621875,0.59,0.63625,0.585625,0.555625,0.595625,0.605,0.5775,0.66,0.580625,0.63875,0.635,0.62375,0.588125,0.603125,0.659375,0.585,0.569375,0.575,0.600625,0.605625,0.591875,0.635,0.595,0.6075,0.58875,0.549375,0.576875,0.54875,0.62625,0.65125,0.606875,0.584375,0.5675,0.585,0.633125,0.655625,0.633125,0.656875,0.591875,0.54,0.59375,0.705625,0.658125,0.663125,0.61125,0.59,0.609375,0.620625,0.55125,0.574375,0.57375,0.629375,0.585,0.5725,0.629375,0.6075,0.56875,0.5625,0.603125,0.65
0.04	GG2	0.6225,0.678125,0.63625,0.64125,0.601875,0.719375,0.611875,0.643125,0.633125,0.653125,0.625625,0.624375,0.63,0.6425,0.594375,0.6375,0.634375,0.604375,0.635,0.656875,0.63,0.63375,0.56625,0.61,0.625625,0.65875,0.611875,0.625625,0.633125,0.64,0.613125,0.59,0.645,0.661875,0.67125,0.6675,0.6525,0.655625,0.613125,0.594375,0.590625,0.619375,0.6525,0.663125,0.633125,0.631875,0.644375,0.65,0.640625,0.648125,0.595625,0.620625,0.663125,0.670625,0.664375,0.620625,0.67,0.674375,0.646875,0.65625,0.610625,0.648125,0.645,0.623125,0.6475,0.5925,0.6275,0.59375,0.60125,0.5925,0.62375,0.613125,0.65875,0.66625,0.6125,0.6575,0.6225,0.653125,0.64375,0.616875,0.689375,0.709375,0.659375,0.595625,0.661875,0.558125,0.68375,0.65375,0.62,0.606875,0.644375,0.59875,0.629375,0.591875,0.6175,0.645,0.608125,0.594375,0.593125,0.649375,0.625625,0.645625,0.6925,0.679375,0.598125,0.613125,0.594375,0.61125,0.6075,0.605625,0.645625,0.63875,0.675,0.59,0.649375,0.6,0.631875,0.67125,0.67625,0.615625,0.5775,0.585625,0.685625,0.621875,0.655625,0.674375,0.630625,0.59375,0.633125,0.61625,0.619375,0.6525,0.638125,0.653125,0.616875,0.57875,0.65875,0.5825,0.63,0.67875,0.6075,0.65125,0.619375,0.57375,0.66875,0.67,0.59625,0.67,0.609375,0.65125,0.62625,0.6475,0.606875,0.613125,0.646875,0.563125,0.636875,0.663125,0.635625,0.614375,0.616875,0.624375,0.628125,0.604375,0.570625,0.56125,0.63625,0.60875,0.65,0.695,0.61875,0.625625,0.644375,0.653125,0.62125,0.65125,0.636875,0.67625,0.61125,0.575625,0.599375,0.69875,0.656875,0.67875,0.668125,0.605,0.634375,0.63625,0.574375,0.635,0.594375,0.6675,0.609375,0.55875,0.61125,0.661875,0.570625,0.569375,0.621875,0.655
0.06	GEE	0.535625,0.505625,0.555625,0.54625,0.53875,0.53375,0.543125,0.5125,0.5375,0.505,0.5325,0.55,0.53875,0.536875,0.52625,0.52,0.526875,0.5375,0.53,0.545625,0.553125,0.55125,0.5275,0.52375,0.5175,0.5225,0.528125,0.52375,0.535,0.515,0.53625,0.52625,0.533125,0.52125,0.535625,0.49625,0.550625,0.545625,0.520625,0.535625,0.5275,0.535625,0.52625,0.543125,0.53875,0.551875,0.5175,0.525,0.528125,0.548125,0.51875,0.540625,0.543125,0.501875,0.520625,0.536875,0.538125,0.538125,0.5275,0.5475,0.56,0.556875,0.519375,0.53375,0.513125,0.535625,0.5275,0.523125,0.554375,0.53375,0.534375,0.521875,0.51625,0.5325,0.531875,0.508125,0.53375,0.529375,0.526875,0.555,0.540625,0.545625,0.520625,0.5225,0.519375,0.525,0.550625,0.513125,0.524375,0.5425,0.53875,0.54875,0.5225,0.525625,0.535625,0.523125,0.481875,0.535625,0.524375,0.52125,0.544375,0.529375,0.5375,0.5375,0.535625,0.535625,0.53625,0.51875,0.539375,0.525625,0.52375,0.546875,0.534375,0.555,0.5225,0.533125,0.526875,0.51,0.54375,0.523125,0.544375,0.529375,0.5425,0.54,0.539375,0.541875,0.520625,0.550625,0.524375,0.540625,0.5375,0.519375,0.5225,0.52125,0.535625,0.515,0.52875,0.5125,0.529375,0.5125,0.544375,0.53875,0.52625,0.538125,0.54375,0.5325,0.5275,0.539375,0.54125,0.528125,0.549375,0.53875,0.519375,0.544375,0.55125,0.51875,0.52875,0.534375,0.51875,0.541875,0.538125,0.53875,0.538125,0.536875,0.53,0.5275,0.525,0.515,0.55,0.5375,0.524375,0.5175,0.535625,0.52625,0.538125,0.50875,0.55,0.535625,0.53625,0.521875,0.501875,0.54625,0.526875,0.54375,0.535,0.540625,0.545625,0.519375,0.55125,0.513125,0.516875,0.555,0.545,0.526875,0.534375,0.544375,0.534375,0.51625,0.5425,0.548125
0.06	GNN	0.4375,0.346875,0.330625,0.350625,0.305,0.391875,0.325625,0.318125,0.32625,0.349375,0.3575,0.409375,0.36125,0.38875,0.28375,0.384375,0.35125,0.355625,0.35875,0.31125,0.375,0.32625,0.39125,0.35,0.32375,0.3375,0.331875,0.35625,0.3325,0.343125,0.3675,0.373125,0.296875,0.41875,0.355625,0.345625,0.354375,0.374375,0.38,0.301875,0.4025,0.320625,0.3175,0.35,0.34875,0.361875,0.34,0.370625,0.324375,0.380625,0.3575,0.37125,0.418125,0.381875,0.410625,0.328125,0.34125,0.448125,0.305625,0.3825,0.345625,0.370625,0.325,0.4625,0.39125,0.339375,0.3075,0.43875,0.356875,0.30125,0.32125,0.35,0.36375,0.35,0.34125,0.466875,0.3675,0.33,0.396875,0.3975,0.305,0.33125,0.3875,0.368125,0.355,0.368125,0.351875,0.39375,0.366875,0.46375,0.36,0.391875,0.303125,0.31125,0.308125,0.345,0.37875,0.405,0.41125,0.359375,0.325625,0.295625,0.46,0.37625,0.405625,0.334375,0.390625,0.381875,0.38625,0.3325,0.4025,0.384375,0.416875,0.38875,0.3025,0.289375,0.376875,0.418125,0.421875,0.33375,0.31625,0.33875,0.386875,0.305625,0.3825,0.4225,0.370625,0.38,0.375625,0.32875,0.375,0.388125,0.38125,0.368125,0.4375,0.278125,0.331875,0.3375,0.355,0.3475,0.335625,0.300625,0.339375,0.414375,0.366875,0.348125,0.325625,0.419375,0.321875,0.274375,0.421875,0.310625,0.365,0.36625,0.373125,0.24125,0.35125,0.45,0.370625,0.3175,0.4075,0.358125,0.355,0.26,0.33875,0.34125,0.334375,0.28625,0.3775,0.371875,0.316875,0.38375,0.359375,0.28125,0.365625,0.35375,0.370625,0.33375,0.335,0.421875,0.33375,0.325625,0.33375,0.338125,0.374375,0.3425,0.3175,0.360625,0.333125,0.406875,0.36125,0.354375,0.34625,0.356875,0.41125,0.330625,0.385625,0.319375,0.26625,0.41375
0.06	GG	0.498125,0.546875,0.504375,0.525625,0.52625,0.59375,0.523125,0.513125,0.533125,0.53875,0.53625,0.55375,0.55375,0.584375,0.5075,0.515,0.555,0.53875,0.56125,0.520625,0.548125,0.55875,0.52375,0.54125,0.5125,0.518125,0.483125,0.575,0.516875,0.57375,0.5,0.51,0.56625,0.55625,0.52875,0.505625,0.5675,0.600625,0.504375,0.54375,0.521875,0.49125,0.51125,0.544375,0.55875,0.534375,0.55625,0.54375,0.50875,0.5225,0.48625,0.565625,0.58625,0.544375,0.5,0.51375,0.5825,0.5925,0.534375,0.548125,0.52625,0.544375,0.523125,0.523125,0.500625,0.491875,0.5625,0.510625,0.55875,0.5375,0.545625,0.509375,0.5675,0.521875,0.530625,0.555,0.513125,0.555,0.534375,0.56625,0.581875,0.599375,0.490625,0.485625,0.545625,0.486875,0.6025,0.545,0.53125,0.5175,0.555625,0.53125,0.54625,0.514375,0.540625,0.534375,0.446875,0.53875,0.501875,0.55375,0.559375,0.5225,0.598125,0.55375,0.525625,0.526875,0.540625,0.540625,0.553125,0.581875,0.574375,0.484375,0.584375,0.534375,0.52,0.521875,0.54125,0.499375,0.58125,0.5225,0.535,0.52125,0.594375,0.565,0.515625,0.58125,0.55125,0.55625,0.563125,0.523125,0.54,0.55375,0.525,0.566875,0.54625,0.531875,0.573125,0.529375,0.554375,0.57,0.551875,0.5625,0.529375,0.541875,0.5425,0.571875,0.53625,0.59375,0.5325,0.5725,0.571875,0.569375,0.5075,0.54625,0.56625,0.5375,0.50625,0.525625,0.52375,0.529375,0.554375,0.561875,0.50875,0.51875,0.523125,0.486875,0.53375,0.504375,0.580625,0.561875,0.523125,0.52125,0.52125,0.49625,0.5775,0.5725,0.5825,0.565625,0.535,0.521875,0.52,0.60625,0.575625,0.600625,0.54,0.521875,0.53,0.525,0.535,0.499375,0.54625,0.601875,0.538125,0.5175,0.5575,0.52125,0.476875,0.499375,0.548125,0.58
0.06	GG2	0.563125,0.571875,0.6125,0.573125,0.548125,0.5825,0.54125,0.55125,0.56125,0.535,0.56375,0.57125,0.558125,0.595625,0.5325,0.5575,0.569375,0.584375,0.57625,0.571875,0.574375,0.589375,0.5625,0.5425,0.575625,0.54125,0.51375,0.574375,0.56125,0.565,0.51875,0.56,0.58375,0.566875,0.598125,0.5125,0.58,0.605625,0.53125,0.574375,0.525625,0.583125,0.583125,0.604375,0.583125,0.55625,0.5775,0.595,0.53375,0.565,0.530625,0.564375,0.583125,0.55875,0.56125,0.56875,0.591875,0.5925,0.5775,0.583125,0.59875,0.583125,0.5475,0.543125,0.551875,0.555625,0.575,0.520625,0.56125,0.53625,0.558125,0.543125,0.565625,0.545,0.55375,0.568125,0.534375,0.565625,0.57125,0.5825,0.6125,0.605625,0.56625,0.509375,0.574375,0.483125,0.613125,0.576875,0.546875,0.549375,0.560625,0.56375,0.56375,0.530625,0.56,0.585625,0.4975,0.54375,0.515,0.589375,0.576875,0.548125,0.625,0.620625,0.5525,0.576875,0.581875,0.541875,0.548125,0.57125,0.5775,0.603125,0.586875,0.58125,0.601875,0.555,0.55875,0.56625,0.596875,0.52125,0.551875,0.555625,0.589375,0.55875,0.525,0.59625,0.540625,0.585,0.584375,0.558125,0.536875,0.590625,0.554375,0.57875,0.543125,0.550625,0.570625,0.5175,0.5625,0.583125,0.57375,0.575,0.538125,0.5475,0.568125,0.600625,0.54125,0.59,0.53875,0.6,0.58375,0.5575,0.51,0.55875,0.58,0.5025,0.55625,0.555625,0.51375,0.56875,0.563125,0.55375,0.575,0.519375,0.53125,0.549375,0.536875,0.56375,0.59,0.568125,0.535625,0.55125,0.59375,0.575625,0.57375,0.561875,0.5925,0.58625,0.53125,0.545,0.511875,0.601875,0.578125,0.596875,0.578125,0.545625,0.576875,0.561875,0.54,0.5375,0.56,0.61125,0.569375,0.52125,0.565625,0.5725,0.5475,0.51375,0.57125,0.55875
0.08	GEE	0.5225,0.51875,0.531875,0.519375,0.518125,0.519375,0.500625,0.505,0.533125,0.504375,0.538125,0.53,0.54625,0.53875,0.508125,0.5275,0.50875,0.5325,0.535,0.515625,0.524375,0.519375,0.513125,0.528125,0.518125,0.52875,0.516875,0.525,0.535,0.5375,0.541875,0.506875,0.528125,0.509375,0.539375,0.515,0.5225,0.528125,0.518125,0.5225,0.516875,0.50375,0.52625,0.536875,0.52125,0.534375,0.513125,0.50625,0.52875,0.511875,0.524375,0.525625,0.506875,0.525625,0.515625,0.51875,0.4975,0.505,0.5375,0.524375,0.5175,0.510625,0.516875,0.50625,0.516875,0.500625,0.531875,0.52,0.52375,0.51625,0.53625,0.54875,0.50625,0.515625,0.5175,0.500625,0.54125,0.504375,0.516875,0.5375,0.51625,0.5175,0.518125,0.51375,0.505,0.53375,0.5375,0.515625,0.535625,0.504375,0.526875,0.5225,0.5225,0.51875,0.513125,0.531875,0.511875,0.5125,0.53125,0.525625,0.538125,0.505,0.52125,0.52875,0.51375,0.524375,0.525,0.496875,0.535625,0.525,0.5225,0.516875,0.5325,0.50875,0.545,0.500625,0.505625,0.50625,0.50625,0.523125,0.51,0.525625,0.525,0.5325,0.52125,0.54875,0.516875,0.510625,0.51375,0.523125,0.523125,0.509375,0.54,0.520625,0.521875,0.495625,0.521875,0.515,0.514375,0.52,0.495,0.51125,0.536875,0.5325,0.5225,0.5125,0.5275,0.51,0.530625,0.511875,0.530625,0.516875,0.52,0.52125,0.51875,0.511875,0.529375,0.520625,0.5225,0.505,0.52375,0.523125,0.509375,0.51875,0.5075,0.515625,0.52625,0.52375,0.520625,0.52375,0.503125,0.53125,0.530625,0.511875,0.521875,0.51125,0.5175,0.530625,0.50125,0.525,0.526875,0.5275,0.50625,0.51375,0.5075,0.516875,0.505,0.52125,0.54625,0.53125,0.51875,0.508125,0.525625,0.5025,0.526875,0.530625,0.50125,0.515625,0.510625,0.51375
0.08	GNN	0.430625,0.32875,0.333125,0.338125,0.3275,0.388125,0.33625,0.288125,0.293125,0.3575,0.319375,0.339375,0.366875,0.35125,0.295,0.354375,0.335625,0.32375,0.3575,0.2725,0.35875,0.283125,0.385625,0.3775,0.30125,0.338125,0.35,0.335625,0.339375,0.328125,0.340625,0.35875,0.344375,0.409375,0.3375,0.355,0.334375,0.385625,0.3575,0.28375,0.40125,0.31625,0.305,0.334375,0.33625,0.344375,0.3575,0.335625,0.323125,0.354375,0.35,0.360625,0.3775,0.389375,0.355625,0.310625,0.319375,0.39375,0.288125,0.346875,0.353125,0.355,0.315625,0.429375,0.371875,0.305,0.285,0.41,0.341875,0.291875,0.318125,0.359375,0.346875,0.31625,0.368125,0.428125,0.3725,0.315,0.39375,0.371875,0.27875,0.308125,0.37125,0.33375,0.3475,0.3625,0.340625,0.385,0.383125,0.473125,0.300625,0.38875,0.311875,0.29875,0.28,0.336875,0.333125,0.37625,0.389375,0.3325,0.3275,0.30375,0.43125,0.375,0.376875,0.325625,0.393125,0.3575,0.35125,0.313125,0.37625,0.3625,0.38875,0.3325,0.274375,0.306875,0.37,0.39125,0.371875,0.344375,0.29875,0.315,0.374375,0.325,0.329375,0.42125,0.37125,0.344375,0.355,0.34125,0.3625,0.3475,0.376875,0.3825,0.395625,0.28875,0.331875,0.3175,0.291875,0.31625,0.30375,0.284375,0.29875,0.404375,0.333125,0.3375,0.329375,0.37375,0.33125,0.28375,0.40375,0.315625,0.38375,0.34,0.33125,0.25375,0.36875,0.396875,0.350625,0.319375,0.348125,0.346875,0.343125,0.26125,0.328125,0.3375,0.31875,0.2775,0.36625,0.338125,0.295,0.323125,0.354375,0.281875,0.359375,0.333125,0.335,0.31,0.333125,0.395625,0.31125,0.306875,0.296875,0.316875,0.395,0.348125,0.2975,0.3525,0.3,0.365,0.32625,0.35,0.34875,0.355625,0.41375,0.324375,0.361875,0.299375,0.265,0.365
0.08	GG	0.496875,0.539375,0.553125,0.520625,0.47375,0.5725,0.498125,0.488125,0.53625,0.535625,0.531875,0.5,0.5375,0.54125,0.481875,0.510625,0.516875,0.545625,0.554375,0.518125,0.53125,0.54875,0.485,0.49375,0.48875,0.508125,0.4775,0.551875,0.51625,0.55625,0.493125,0.50125,0.555625,0.53875,0.5525,0.516875,0.54875,0.56375,0.48875,0.53,0.530625,0.440625,0.5175,0.52625,0.528125,0.535625,0.533125,0.51,0.508125,0.505,0.510625,0.52875,0.559375,0.52625,0.50625,0.51375,0.53625,0.5375,0.544375,0.5225,0.49875,0.491875,0.516875,0.52,0.51,0.47125,0.5375,0.45875,0.538125,0.50875,0.543125,0.5,0.549375,0.509375,0.48625,0.554375,0.5175,0.5225,0.51875,0.54625,0.55875,0.565625,0.4875,0.49,0.538125,0.45875,0.6075,0.5675,0.529375,0.50375,0.534375,0.480625,0.5175,0.483125,0.529375,0.53625,0.46125,0.525625,0.50625,0.55,0.55,0.468125,0.569375,0.53875,0.489375,0.494375,0.52875,0.509375,0.533125,0.53375,0.56625,0.50625,0.569375,0.510625,0.529375,0.465625,0.52125,0.479375,0.548125,0.50625,0.49875,0.463125,0.546875,0.551875,0.508125,0.583125,0.54625,0.5125,0.543125,0.500625,0.526875,0.525625,0.535,0.55625,0.530625,0.510625,0.565625,0.4925,0.533125,0.558125,0.505,0.521875,0.540625,0.51625,0.53125,0.52125,0.509375,0.549375,0.50875,0.53125,0.5675,0.529375,0.524375,0.54625,0.519375,0.519375,0.489375,0.505625,0.50125,0.495625,0.51875,0.53125,0.4925,0.54375,0.485625,0.445,0.515625,0.526875,0.53375,0.528125,0.505,0.523125,0.523125,0.5225,0.515,0.556875,0.52625,0.55125,0.499375,0.533125,0.53875,0.570625,0.52375,0.565,0.533125,0.52125,0.51875,0.50125,0.5225,0.46625,0.523125,0.523125,0.52375,0.50375,0.540625,0.529375,0.513125,0.508125,0.529375,0.5325
0.08	GG2	0.538125,0.543125,0.554375,0.53875,0.535,0.57875,0.51375,0.51875,0.54375,0.546875,0.55375,0.54,0.5575,0.548125,0.501875,0.554375,0.53125,0.536875,0.599375,0.520625,0.555625,0.561875,0.54,0.54875,0.55,0.56125,0.51375,0.549375,0.535,0.56375,0.5575,0.5175,0.569375,0.549375,0.57375,0.538125,0.551875,0.55375,0.55875,0.55125,0.533125,0.5125,0.56875,0.56375,0.543125,0.545625,0.54,0.549375,0.528125,0.529375,0.545,0.52625,0.55,0.570625,0.54875,0.56125,0.5575,0.55375,0.543125,0.53875,0.555,0.528125,0.566875,0.525625,0.5525,0.528125,0.543125,0.561875,0.558125,0.524375,0.5575,0.530625,0.57375,0.536875,0.566875,0.558125,0.5425,0.525625,0.526875,0.568125,0.575625,0.559375,0.533125,0.504375,0.551875,0.475625,0.6075,0.5625,0.55375,0.51875,0.549375,0.54375,0.550625,0.55375,0.52875,0.55375,0.53875,0.525625,0.519375,0.5625,0.56,0.5425,0.585625,0.565625,0.540625,0.51875,0.535,0.515625,0.54125,0.57125,0.56125,0.546875,0.56875,0.52375,0.570625,0.51375,0.545625,0.534375,0.5575,0.526875,0.516875,0.540625,0.555625,0.549375,0.541875,0.5775,0.53875,0.559375,0.58,0.53625,0.531875,0.546875,0.573125,0.566875,0.516875,0.525,0.576875,0.52625,0.544375,0.555,0.509375,0.540625,0.556875,0.53625,0.54375,0.56,0.524375,0.5525,0.573125,0.533125,0.574375,0.536875,0.544375,0.549375,0.541875,0.516875,0.528125,0.54125,0.516875,0.505625,0.5275,0.53125,0.535,0.53375,0.5025,0.5325,0.528125,0.53375,0.538125,0.5425,0.550625,0.5325,0.575,0.525625,0.513125,0.55125,0.54875,0.564375,0.49625,0.541875,0.560625,0.56375,0.555625,0.554375,0.565,0.515,0.52375,0.519375,0.54,0.55625,0.55125,0.549375,0.535625,0.51875,0.549375,0.53875,0.51375,0.526875,0.53375,0.535625
0.1	GEE	0.495,0.483125,0.456875,0.466875,0.48625,0.476875,0.503125,0.475625,0.48375,0.485625,0.5025,0.485625,0.48625,0.479375,0.466875,0.4825,0.50125,0.495625,0.485,0.49375,0.474375,0.485625,0.48625,0.480625,0.4925,0.49,0.4875,0.47,0.46375,0.475,0.49375,0.47375,0.488125,0.470625,0.488125,0.455625,0.48125,0.496875,0.481875,0.49,0.4725,0.47625,0.476875,0.491875,0.485625,0.471875,0.464375,0.45875,0.485625,0.48375,0.47125,0.48875,0.49875,0.48875,0.46125,0.49125,0.47,0.4875,0.488125,0.471875,0.465625,0.4975,0.49375,0.50125,0.485,0.48875,0.488125,0.474375,0.461875,0.466875,0.495625,0.483125,0.474375,0.491875,0.480625,0.496875,0.49125,0.4725,0.479375,0.48875,0.485625,0.488125,0.484375,0.48125,0.47625,0.486875,0.488125,0.4875,0.4975,0.478125,0.49125,0.480625,0.483125,0.475625,0.48125,0.495,0.489375,0.49625,0.4775,0.479375,0.494375,0.466875,0.4875,0.4825,0.513125,0.48875,0.4825,0.485625,0.510625,0.48,0.475625,0.49625,0.4825,0.480625,0.49875,0.473125,0.474375,0.48125,0.476875,0.49125,0.484375,0.4625,0.4775,0.488125,0.498125,0.500625,0.476875,0.48125,0.4825,0.49375,0.503125,0.46125,0.5025,0.483125,0.469375,0.4875,0.46,0.465625,0.485625,0.505625,0.4875,0.489375,0.47875,0.4825,0.45625,0.498125,0.48625,0.49375,0.48875,0.4875,0.483125,0.485625,0.47375,0.49125,0.465,0.480625,0.4725,0.504375,0.470625,0.4925,0.47625,0.495625,0.485625,0.491875,0.50625,0.48,0.494375,0.475625,0.471875,0.485625,0.49125,0.475,0.48125,0.49375,0.4825,0.4925,0.488125,0.468125,0.48625,0.48375,0.4725,0.4775,0.485,0.499375,0.485,0.494375,0.49,0.458125,0.4975,0.49375,0.47625,0.494375,0.489375,0.4725,0.471875,0.48375,0.490625,0.466875,0.493125,0.49875
0.1	GNN	0.381875,0.3175,0.31375,0.31625,0.285625,0.320625,0.3075,0.28625,0.311875,0.31,0.31125,0.339375,0.31875,0.333125,0.2925,0.33875,0.31875,0.325625,0.311875,0.25625,0.363125,0.28,0.348125,0.336875,0.294375,0.331875,0.26625,0.28875,0.32,0.28625,0.33375,0.330625,0.285625,0.360625,0.32625,0.345625,0.309375,0.3475,0.333125,0.2875,0.354375,0.28375,0.28125,0.294375,0.32625,0.3325,0.321875,0.301875,0.324375,0.35625,0.3325,0.341875,0.374375,0.353125,0.330625,0.318125,0.295625,0.363125,0.25375,0.31375,0.309375,0.335,0.3175,0.411875,0.3325,0.29125,0.286875,0.360625,0.3075,0.29125,0.313125,0.3375,0.3325,0.308125,0.305625,0.3725,0.345625,0.3425,0.348125,0.354375,0.303125,0.33875,0.35625,0.34125,0.3075,0.344375,0.326875,0.34625,0.3325,0.404375,0.29375,0.349375,0.273125,0.278125,0.269375,0.314375,0.324375,0.339375,0.33125,0.30625,0.3175,0.28,0.38625,0.335,0.351875,0.334375,0.346875,0.319375,0.363125,0.304375,0.345625,0.359375,0.37375,0.32,0.295,0.289375,0.335,0.35,0.33875,0.30875,0.280625,0.326875,0.3125,0.311875,0.30875,0.394375,0.32375,0.3175,0.336875,0.3125,0.335,0.3275,0.355,0.34875,0.374375,0.273125,0.29625,0.315625,0.30625,0.305625,0.261875,0.310625,0.309375,0.369375,0.304375,0.29375,0.336875,0.370625,0.326875,0.26625,0.368125,0.2775,0.345625,0.314375,0.326875,0.254375,0.341875,0.370625,0.318125,0.29,0.355625,0.31,0.31375,0.255,0.284375,0.31375,0.28875,0.270625,0.334375,0.3275,0.3,0.309375,0.34,0.2725,0.360625,0.285,0.365625,0.30125,0.3025,0.390625,0.294375,0.27625,0.31,0.31125,0.330625,0.29625,0.2975,0.325625,0.30625,0.3275,0.330625,0.308125,0.29375,0.321875,0.35,0.29875,0.3275,0.28,0.25375,0.36125
0.1	GG	0.470625,0.49625,0.4775,0.475,0.475,0.504375,0.46125,0.47,0.47,0.499375,0.493125,0.4775,0.49375,0.48125,0.463125,0.463125,0.511875,0.52,0.48875,0.478125,0.475,0.496875,0.465,0.48,0.486875,0.4775,0.456875,0.481875,0.455,0.51375,0.463125,0.45375,0.4925,0.49875,0.488125,0.459375,0.4775,0.52625,0.471875,0.491875,0.464375,0.481875,0.488125,0.49625,0.499375,0.4775,0.46625,0.4775,0.480625,0.478125,0.4625,0.4625,0.5275,0.516875,0.46,0.499375,0.50375,0.503125,0.48,0.463125,0.445,0.47875,0.496875,0.48125,0.4775,0.48625,0.508125,0.465625,0.46,0.46625,0.4975,0.469375,0.51125,0.48625,0.469375,0.50875,0.45,0.494375,0.489375,0.49,0.50875,0.510625,0.44875,0.45875,0.485,0.45375,0.530625,0.51125,0.485625,0.47125,0.49125,0.480625,0.495,0.47375,0.47625,0.4875,0.429375,0.503125,0.441875,0.485625,0.51375,0.441875,0.51625,0.495625,0.47875,0.466875,0.471875,0.483125,0.505,0.495625,0.50125,0.48875,0.51625,0.463125,0.48,0.44875,0.471875,0.473125,0.49875,0.488125,0.495,0.4125,0.49,0.50875,0.485,0.526875,0.504375,0.47125,0.505625,0.49125,0.488125,0.480625,0.48875,0.49625,0.478125,0.465,0.46625,0.46,0.4925,0.5225,0.49125,0.498125,0.47125,0.47375,0.45625,0.501875,0.478125,0.49875,0.474375,0.499375,0.489375,0.501875,0.471875,0.503125,0.486875,0.481875,0.45625,0.484375,0.483125,0.47875,0.49125,0.506875,0.453125,0.46125,0.481875,0.470625,0.489375,0.476875,0.4925,0.495625,0.498125,0.4775,0.491875,0.4625,0.491875,0.52875,0.485625,0.498125,0.4475,0.484375,0.4875,0.51625,0.518125,0.5275,0.488125,0.48375,0.47375,0.4725,0.47375,0.48,0.494375,0.5,0.49875,0.479375,0.475,0.475625,0.425,0.48,0.4975,0.49125
0.1	GG2	0.495,0.524375,0.4825,0.489375,0.4725,0.511875,0.513125,0.51625,0.484375,0.518125,0.504375,0.520625,0.503125,0.469375,0.483125,0.484375,0.536875,0.519375,0.50625,0.49875,0.484375,0.486875,0.50875,0.48625,0.50125,0.51875,0.478125,0.49125,0.47625,0.5175,0.4825,0.478125,0.509375,0.50375,0.529375,0.475625,0.4825,0.53125,0.51375,0.5025,0.48125,0.490625,0.515,0.536875,0.51875,0.478125,0.490625,0.48375,0.4875,0.498125,0.473125,0.475,0.52875,0.55125,0.479375,0.486875,0.505,0.506875,0.50375,0.505,0.485625,0.515,0.500625,0.509375,0.506875,0.485,0.505,0.47625,0.46375,0.475625,0.500625,0.48625,0.513125,0.51625,0.496875,0.513125,0.51,0.511875,0.4925,0.509375,0.511875,0.530625,0.5075,0.480625,0.516875,0.498125,0.533125,0.5,0.5175,0.485,0.506875,0.50875,0.5,0.475625,0.51375,0.49,0.48125,0.503125,0.5025,0.509375,0.508125,0.484375,0.538125,0.47875,0.513125,0.506875,0.488125,0.490625,0.51375,0.528125,0.50125,0.50625,0.511875,0.48125,0.52125,0.45875,0.495,0.485625,0.5075,0.493125,0.4875,0.483125,0.504375,0.513125,0.505625,0.526875,0.500625,0.521875,0.515625,0.52125,0.503125,0.484375,0.516875,0.520625,0.47875,0.50375,0.480625,0.4775,0.48875,0.53875,0.493125,0.50625,0.5025,0.501875,0.48625,0.539375,0.4925,0.519375,0.5175,0.510625,0.496875,0.5125,0.475625,0.52125,0.47875,0.47,0.48625,0.535,0.479375,0.505,0.520625,0.5175,0.504375,0.5,0.49875,0.495,0.495,0.48625,0.4875,0.515,0.5025,0.48375,0.495625,0.498125,0.493125,0.533125,0.510625,0.505,0.5075,0.475625,0.493125,0.53375,0.531875,0.528125,0.515,0.501875,0.518125,0.46875,0.494375,0.490625,0.495625,0.5175,0.513125,0.48625,0.49375,0.484375,0.489375,0.476875,0.511875,0.510625
0.12	GEE	0.445625,0.47,0.465,0.45,0.458125,0.45125,0.445625,0.45375,0.46875,0.461875,0.464375,0.45875,0.4625,0.446875,0.45625,0.489375,0.463125,0.43625,0.4575,0.46,0.453125,0.458125,0.455625,0.44625,0.44125,0.458125,0.465,0.455,0.4625,0.466875,0.450625,0.445625,0.464375,0.434375,0.461875,0.470625,0.45125,0.4675,0.45125,0.44,0.46,0.450625,0.4525,0.45125,0.45375,0.449375,0.460625,0.463125,0.451875,0.4425,0.460625,0.44125,0.486875,0.455,0.4575,0.46875,0.419375,0.471875,0.44,0.448125,0.464375,0.46,0.449375,0.431875,0.443125,0.45375,0.448125,0.4525,0.44875,0.45375,0.478125,0.438125,0.45375,0.4225,0.468125,0.455,0.45125,0.4325,0.439375,0.469375,0.460625,0.448125,0.4375,0.445625,0.449375,0.461875,0.453125,0.4675,0.4675,0.44375,0.455625,0.443125,0.463125,0.450625,0.4325,0.469375,0.44875,0.478125,0.455,0.434375,0.439375,0.449375,0.439375,0.45875,0.45,0.4375,0.45,0.450625,0.461875,0.458125,0.44,0.446875,0.453125,0.45125,0.45375,0.4425,0.485,0.428125,0.45625,0.448125,0.438125,0.456875,0.4575,0.45875,0.460625,0.465625,0.44625,0.445625,0.46875,0.451875,0.44875,0.4725,0.460625,0.458125,0.4525,0.47875,0.4575,0.44875,0.47375,0.45375,0.45875,0.460625,0.45,0.459375,0.458125,0.4575,0.45875,0.453125,0.45375,0.4575,0.45625,0.455,0.44625,0.446875,0.435,0.44625,0.465,0.476875,0.448125,0.444375,0.43125,0.466875,0.45375,0.445625,0.459375,0.4525,0.45125,0.468125,0.44875,0.4675,0.434375,0.455,0.45125,0.459375,0.476875,0.46,0.455,0.446875,0.446875,0.46375,0.458125,0.45,0.456875,0.465,0.46125,0.44375,0.47625,0.4575,0.45875,0.445,0.46625,0.453125,0.446875,0.44625,0.465625,0.46625,0.433125,0.449375,0.47625,0.468125
0.12	GNN	0.36,0.281875,0.264375,0.278125,0.2875,0.31375,0.31125,0.26125,0.2775,0.2625,0.309375,0.341875,0.30625,0.316875,0.269375,0.310625,0.315,0.29125,0.3,0.2475,0.315,0.271875,0.343125,0.315625,0.283125,0.2775,0.295,0.286875,0.293125,0.280625,0.28375,0.318125,0.31375,0.3175,0.314375,0.291875,0.306875,0.351875,0.319375,0.2875,0.34375,0.29625,0.266875,0.280625,0.290625,0.2775,0.31625,0.301875,0.29625,0.330625,0.316875,0.3075,0.346875,0.3275,0.31125,0.270625,0.315625,0.33125,0.27875,0.29625,0.303125,0.3075,0.2675,0.366875,0.3375,0.268125,0.266875,0.326875,0.290625,0.26125,0.26125,0.31125,0.311875,0.3,0.3125,0.360625,0.318125,0.339375,0.33625,0.341875,0.24875,0.304375,0.31625,0.31375,0.30875,0.29875,0.2925,0.346875,0.3125,0.41875,0.286875,0.3375,0.281875,0.270625,0.254375,0.325625,0.316875,0.319375,0.334375,0.265,0.285625,0.27,0.36125,0.330625,0.33,0.285625,0.326875,0.309375,0.323125,0.2875,0.333125,0.335625,0.314375,0.311875,0.27875,0.293125,0.34,0.34375,0.346875,0.321875,0.269375,0.291875,0.314375,0.285625,0.31125,0.376875,0.3125,0.324375,0.3175,0.29625,0.310625,0.300625,0.29625,0.3325,0.375,0.25625,0.271875,0.29625,0.275,0.299375,0.286875,0.285,0.280625,0.35875,0.306875,0.2775,0.30125,0.319375,0.300625,0.283125,0.349375,0.2725,0.31125,0.294375,0.32,0.280625,0.29625,0.36875,0.31,0.281875,0.334375,0.2875,0.30375,0.248125,0.269375,0.2875,0.28125,0.25125,0.321875,0.311875,0.275625,0.28875,0.3175,0.255,0.306875,0.288125,0.314375,0.2675,0.300625,0.359375,0.280625,0.274375,0.305,0.295625,0.325625,0.2925,0.281875,0.315625,0.295625,0.31875,0.314375,0.3025,0.298125,0.288125,0.360625,0.278125,0.306875,0.2925,0.248125,0.3225
0.12	GG	0.419375,0.47375,0.415,0.439375,0.451875,0.463125,0.43875,0.431875,0.465,0.473125,0.468125,0.43375,0.4775,0.451875,0.42625,0.47,0.45375,0.436875,0.45625,0.439375,0.461875,0.45375,0.4475,0.434375,0.433125,0.439375,0.428125,0.450625,0.4375,0.46125,0.444375,0.423125,0.470625,0.445625,0.458125,0.469375,0.454375,0.474375,0.436875,0.4375,0.45625,0.435625,0.461875,0.44125,0.46125,0.466875,0.455,0.459375,0.45375,0.449375,0.431875,0.465,0.505,0.460625,0.431875,0.448125,0.431875,0.479375,0.45,0.43375,0.4525,0.458125,0.4375,0.446875,0.453125,0.386875,0.443125,0.43,0.45375,0.444375,0.46125,0.4425,0.470625,0.41125,0.4575,0.4725,0.4325,0.45125,0.428125,0.46625,0.481875,0.461875,0.416875,0.435,0.458125,0.426875,0.466875,0.478125,0.448125,0.4325,0.461875,0.425,0.468125,0.424375,0.43875,0.449375,0.42625,0.461875,0.42875,0.444375,0.454375,0.4325,0.47875,0.46375,0.428125,0.44625,0.456875,0.451875,0.475625,0.46,0.46625,0.419375,0.471875,0.434375,0.45625,0.4175,0.481875,0.430625,0.4825,0.46125,0.430625,0.445,0.455625,0.461875,0.460625,0.496875,0.465625,0.456875,0.464375,0.425625,0.46125,0.4725,0.45625,0.460625,0.450625,0.405,0.4725,0.434375,0.4775,0.4675,0.43,0.450625,0.443125,0.458125,0.444375,0.453125,0.4325,0.481875,0.4575,0.46125,0.46,0.455625,0.445625,0.4575,0.461875,0.42875,0.449375,0.45875,0.451875,0.4575,0.440625,0.465625,0.439375,0.41625,0.42625,0.445,0.448125,0.46,0.471875,0.459375,0.444375,0.4525,0.43875,0.433125,0.4925,0.503125,0.45875,0.45875,0.4225,0.386875,0.44125,0.469375,0.470625,0.485625,0.456875,0.44125,0.453125,0.430625,0.453125,0.389375,0.45375,0.454375,0.441875,0.44375,0.469375,0.46125,0.404375,0.448125,0.476875,0.49125
0.12	GG2	0.450625,0.488125,0.485,0.478125,0.4575,0.465625,0.44375,0.45875,0.465625,0.49375,0.479375,0.45875,0.4875,0.4725,0.464375,0.490625,0.459375,0.475,0.474375,0.471875,0.486875,0.473125,0.450625,0.45625,0.444375,0.468125,0.464375,0.473125,0.46625,0.47,0.449375,0.45625,0.488125,0.440625,0.485625,0.488125,0.46375,0.47625,0.464375,0.455,0.455,0.436875,0.464375,0.4525,0.461875,0.463125,0.464375,0.476875,0.4625,0.45,0.4775,0.46125,0.514375,0.48625,0.43625,0.464375,0.446875,0.488125,0.43375,0.49125,0.47,0.4575,0.434375,0.460625,0.465625,0.465625,0.448125,0.4425,0.454375,0.449375,0.47125,0.445625,0.4675,0.445,0.48,0.46625,0.456875,0.461875,0.4625,0.480625,0.505625,0.468125,0.4525,0.455,0.45625,0.4575,0.46125,0.4725,0.46125,0.464375,0.469375,0.44625,0.48625,0.465,0.45625,0.4625,0.423125,0.4725,0.466875,0.451875,0.4625,0.45,0.494375,0.483125,0.450625,0.444375,0.4625,0.455625,0.47,0.475625,0.473125,0.451875,0.490625,0.45125,0.48,0.42125,0.52,0.458125,0.4625,0.46125,0.445,0.460625,0.460625,0.4625,0.465625,0.481875,0.458125,0.4775,0.484375,0.465,0.450625,0.4825,0.47,0.471875,0.455,0.47625,0.470625,0.451875,0.485625,0.466875,0.453125,0.46,0.453125,0.473125,0.445,0.4675,0.43375,0.47875,0.46625,0.46625,0.4575,0.49125,0.454375,0.464375,0.45,0.440625,0.466875,0.485625,0.454375,0.454375,0.436875,0.464375,0.445,0.45375,0.4725,0.4525,0.4575,0.469375,0.478125,0.456875,0.44375,0.48,0.460625,0.4475,0.48875,0.494375,0.4775,0.47125,0.455625,0.484375,0.461875,0.4875,0.48125,0.48375,0.46625,0.4425,0.480625,0.448125,0.461875,0.4675,0.458125,0.460625,0.453125,0.459375,0.47,0.469375,0.454375,0.449375,0.47375,0.46625
0.14	GEE	0.43875,0.424375,0.429375,0.42875,0.43875,0.425,0.41875,0.415,0.41,0.43125,0.41125,0.418125,0.4175,0.43875,0.420625,0.420625,0.406875,0.441875,0.446875,0.416875,0.4025,0.396875,0.425,0.439375,0.39375,0.4675,0.4275,0.410625,0.411875,0.42,0.41875,0.431875,0.439375,0.42,0.41375,0.425,0.439375,0.43,0.43875,0.4125,0.435625,0.4025,0.43125,0.43375,0.425,0.440625,0.43625,0.42125,0.430625,0.42125,0.429375,0.436875,0.405,0.43625,0.433125,0.4525,0.436875,0.45125,0.411875,0.436875,0.409375,0.433125,0.38875,0.40875,0.3975,0.445625,0.413125,0.429375,0.425,0.423125,0.389375,0.40875,0.415625,0.419375,0.42625,0.395,0.428125,0.4025,0.404375,0.418125,0.43125,0.42125,0.4125,0.403125,0.436875,0.415,0.43875,0.414375,0.41375,0.423125,0.424375,0.41125,0.418125,0.425,0.406875,0.421875,0.426875,0.423125,0.411875,0.42,0.430625,0.444375,0.41875,0.41125,0.415625,0.44375,0.42,0.4225,0.423125,0.42125,0.4325,0.41125,0.425625,0.42,0.416875,0.40875,0.424375,0.416875,0.433125,0.41125,0.41125,0.428125,0.404375,0.404375,0.451875,0.415,0.43,0.418125,0.418125,0.424375,0.420625,0.411875,0.411875,0.425625,0.4475,0.40125,0.418125,0.419375,0.44,0.460625,0.425,0.42375,0.428125,0.430625,0.42875,0.416875,0.446875,0.42875,0.425,0.403125,0.42,0.424375,0.438125,0.43125,0.43875,0.415625,0.42875,0.435,0.43125,0.405,0.43875,0.461875,0.405625,0.414375,0.448125,0.41125,0.44125,0.428125,0.4225,0.41625,0.41625,0.431875,0.42875,0.42375,0.44625,0.4175,0.421875,0.414375,0.41375,0.4275,0.405625,0.42125,0.446875,0.419375,0.396875,0.40875,0.4275,0.4225,0.408125,0.421875,0.4325,0.400625,0.43875,0.430625,0.42375,0.42125,0.44,0.4275,0.42,0.41375
0.14	GNN	0.335,0.28125,0.280625,0.2925,0.265625,0.295625,0.27,0.26125,0.2625,0.285625,0.27,0.321875,0.285,0.3,0.271875,0.294375,0.31125,0.273125,0.3075,0.255,0.320625,0.285625,0.338125,0.280625,0.245,0.29375,0.255,0.29875,0.286875,0.285625,0.288125,0.310625,0.276875,0.284375,0.30625,0.27875,0.3,0.294375,0.31375,0.26875,0.305,0.2975,0.27125,0.25875,0.28875,0.279375,0.291875,0.28,0.286875,0.3175,0.303125,0.303125,0.305,0.303125,0.29625,0.274375,0.278125,0.31875,0.258125,0.28625,0.26125,0.283125,0.28875,0.345,0.29375,0.283125,0.295,0.33625,0.275625,0.24125,0.275625,0.308125,0.305,0.295,0.290625,0.33,0.271875,0.304375,0.338125,0.31625,0.274375,0.290625,0.304375,0.303125,0.3125,0.28125,0.279375,0.3275,0.29625,0.383125,0.269375,0.319375,0.2675,0.2625,0.255625,0.29375,0.28875,0.32125,0.303125,0.26375,0.2775,0.290625,0.32,0.31375,0.329375,0.2925,0.281875,0.320625,0.29875,0.270625,0.335,0.29375,0.30125,0.2925,0.261875,0.28125,0.301875,0.33125,0.315,0.30625,0.258125,0.264375,0.2825,0.263125,0.27125,0.3375,0.30625,0.275625,0.3075,0.27625,0.30875,0.3,0.29625,0.308125,0.34625,0.26875,0.26625,0.27625,0.260625,0.28,0.266875,0.28,0.27125,0.335,0.30625,0.285625,0.301875,0.296875,0.261875,0.259375,0.32625,0.250625,0.323125,0.290625,0.281875,0.254375,0.3025,0.328125,0.27,0.28,0.305625,0.2975,0.273125,0.25125,0.28125,0.273125,0.26875,0.25125,0.33375,0.27375,0.27875,0.26875,0.314375,0.2725,0.309375,0.273125,0.29375,0.270625,0.2825,0.34375,0.26625,0.268125,0.28125,0.26375,0.309375,0.300625,0.25875,0.304375,0.288125,0.330625,0.29,0.30125,0.27875,0.271875,0.328125,0.288125,0.288125,0.2725,0.25375,0.318125
0.14	GG	0.42375,0.4175,0.435,0.424375,0.4275,0.46125,0.385,0.401875,0.404375,0.43875,0.4075,0.415,0.42,0.445625,0.41,0.405625,0.444375,0.439375,0.426875,0.3975,0.395,0.41875,0.41125,0.430625,0.39375,0.43,0.41125,0.429375,0.40125,0.4225,0.4075,0.393125,0.41625,0.4175,0.42125,0.419375,0.435,0.44625,0.4225,0.415625,0.423125,0.37875,0.39625,0.44125,0.42625,0.43125,0.429375,0.41875,0.426875,0.421875,0.4225,0.404375,0.42625,0.445625,0.403125,0.430625,0.44375,0.45875,0.41875,0.416875,0.41125,0.40875,0.411875,0.411875,0.398125,0.395625,0.4225,0.434375,0.42375,0.41375,0.384375,0.40625,0.439375,0.398125,0.411875,0.433125,0.41875,0.39125,0.410625,0.4375,0.435,0.4325,0.396875,0.4025,0.42,0.403125,0.4625,0.425,0.4175,0.41875,0.415,0.42625,0.445625,0.42125,0.40625,0.425,0.388125,0.418125,0.4275,0.4225,0.420625,0.419375,0.426875,0.42,0.393125,0.43,0.4275,0.42,0.420625,0.4175,0.44875,0.379375,0.424375,0.3975,0.4175,0.408125,0.40125,0.35375,0.44125,0.419375,0.401875,0.403125,0.40375,0.416875,0.425625,0.445,0.415625,0.408125,0.43125,0.418125,0.421875,0.42375,0.4225,0.410625,0.454375,0.378125,0.42875,0.399375,0.41875,0.459375,0.424375,0.429375,0.414375,0.43375,0.401875,0.43125,0.408125,0.439375,0.41375,0.4225,0.4175,0.408125,0.435,0.431875,0.428125,0.405,0.425,0.41625,0.41125,0.41125,0.43125,0.461875,0.403125,0.41875,0.430625,0.406875,0.43125,0.438125,0.450625,0.4275,0.401875,0.39375,0.40375,0.410625,0.430625,0.431875,0.425625,0.420625,0.398125,0.413125,0.3825,0.4425,0.440625,0.430625,0.42625,0.381875,0.4325,0.419375,0.4075,0.424375,0.42,0.409375,0.4475,0.425,0.42,0.40625,0.431875,0.4075,0.420625,0.42625
0.14	GG2	0.42,0.41875,0.440625,0.42,0.430625,0.44875,0.418125,0.41375,0.43,0.443125,0.41375,0.433125,0.42375,0.461875,0.4425,0.4175,0.446875,0.44625,0.43375,0.450625,0.44125,0.413125,0.44375,0.440625,0.415,0.438125,0.42375,0.4325,0.4175,0.42375,0.418125,0.424375,0.4425,0.42375,0.433125,0.441875,0.429375,0.455625,0.440625,0.43875,0.4175,0.411875,0.44375,0.44375,0.425,0.440625,0.43125,0.430625,0.426875,0.434375,0.418125,0.425,0.431875,0.45375,0.43375,0.44125,0.44125,0.456875,0.435625,0.45125,0.405625,0.43875,0.415,0.42,0.419375,0.45125,0.429375,0.44,0.431875,0.419375,0.416875,0.42375,0.435625,0.4125,0.4175,0.42375,0.423125,0.40625,0.410625,0.43875,0.45,0.425,0.43,0.406875,0.44,0.4325,0.453125,0.4275,0.425625,0.4375,0.435625,0.420625,0.45125,0.425625,0.4225,0.426875,0.445625,0.435,0.42625,0.43125,0.433125,0.455,0.42625,0.443125,0.4175,0.44625,0.42125,0.444375,0.44,0.425625,0.4525,0.43,0.426875,0.413125,0.42875,0.401875,0.41625,0.44875,0.45625,0.423125,0.41,0.415,0.4075,0.425625,0.434375,0.4425,0.41875,0.436875,0.445625,0.424375,0.4425,0.415625,0.425,0.42,0.450625,0.426875,0.43,0.4175,0.41625,0.470625,0.43375,0.429375,0.439375,0.441875,0.460625,0.4275,0.439375,0.435,0.43375,0.42375,0.43375,0.416875,0.443125,0.439375,0.428125,0.4075,0.449375,0.44,0.4175,0.415,0.435625,0.450625,0.405625,0.4275,0.42875,0.410625,0.431875,0.440625,0.445,0.419375,0.42125,0.43875,0.430625,0.435,0.430625,0.42875,0.4475,0.420625,0.416875,0.430625,0.436875,0.440625,0.44625,0.428125,0.431875,0.420625,0.44,0.43125,0.404375,0.4275,0.441875,0.421875,0.45,0.450625,0.443125,0.43125,0.4625,0.43875,0.425,0.444375
0.16	GEE	0.379375,0.39875,0.385,0.385,0.39125,0.406875,0.355625,0.373125,0.405625,0.3625,0.404375,0.384375,0.390625,0.394375,0.3875,0.395625,0.39625,0.39625,0.403125,0.39625,0.385,0.38625,0.37875,0.37375,0.40125,0.39875,0.380625,0.390625,0.37625,0.3775,0.383125,0.391875,0.398125,0.405625,0.4025,0.391875,0.386875,0.380625,0.39,0.405,0.391875,0.395,0.385,0.394375,0.38875,0.3875,0.391875,0.40125,0.39,0.365,0.38,0.395,0.383125,0.3825,0.37875,0.396875,0.384375,0.39125,0.403125,0.368125,0.418125,0.386875,0.400625,0.376875,0.393125,0.38875,0.39375,0.39625,0.3875,0.3975,0.4,0.386875,0.383125,0.365625,0.394375,0.39875,0.38875,0.390625,0.376875,0.390625,0.366875,0.38625,0.383125,0.391875,0.39375,0.37875,0.39875,0.37625,0.3975,0.41875,0.40375,0.37625,0.398125,0.38625,0.3875,0.405625,0.405625,0.3975,0.373125,0.40375,0.399375,0.393125,0.381875,0.39625,0.403125,0.37875,0.414375,0.39875,0.38,0.37125,0.39875,0.38625,0.408125,0.40125,0.395,0.40625,0.3925,0.39875,0.39625,0.380625,0.3775,0.39,0.3725,0.385625,0.40625,0.3825,0.385,0.401875,0.386875,0.40375,0.40625,0.40125,0.385625,0.3825,0.3825,0.39875,0.393125,0.39375,0.37875,0.400625,0.376875,0.399375,0.395625,0.39,0.38125,0.403125,0.398125,0.385,0.3775,0.3775,0.385625,0.3925,0.37625,0.4025,0.411875,0.374375,0.38625,0.39125,0.385625,0.395625,0.386875,0.400625,0.3825,0.40125,0.3875,0.38,0.3925,0.383125,0.375625,0.375,0.395,0.4125,0.37875,0.383125,0.410625,0.4175,0.39875,0.394375,0.380625,0.39875,0.409375,0.41625,0.393125,0.38125,0.39625,0.39875,0.394375,0.374375,0.39375,0.408125,0.385,0.3975,0.39,0.405,0.386875,0.408125,0.37875,0.375,0.389375,0.381875
0.16	GNN	0.291875,0.27875,0.2525,0.258125,0.28125,0.294375,0.291875,0.25125,0.2575,0.2775,0.270625,0.269375,0.26625,0.299375,0.264375,0.276875,0.3025,0.29875,0.286875,0.23,0.29875,0.2475,0.290625,0.291875,0.261875,0.29625,0.269375,0.270625,0.258125,0.271875,0.285625,0.28,0.26,0.2825,0.2725,0.265625,0.263125,0.286875,0.28125,0.255,0.26625,0.26375,0.261875,0.2675,0.2675,0.28,0.283125,0.27125,0.2725,0.3075,0.28,0.30375,0.305,0.265625,0.291875,0.254375,0.273125,0.29625,0.263125,0.271875,0.25875,0.2775,0.26375,0.32375,0.3,0.2675,0.2625,0.29,0.27125,0.259375,0.268125,0.278125,0.28875,0.258125,0.264375,0.295,0.28125,0.283125,0.276875,0.289375,0.28,0.274375,0.29375,0.284375,0.276875,0.2825,0.2825,0.275625,0.274375,0.34375,0.251875,0.29375,0.246875,0.24,0.265,0.30375,0.259375,0.29,0.288125,0.2725,0.269375,0.259375,0.3125,0.266875,0.315625,0.275625,0.279375,0.294375,0.2875,0.25375,0.271875,0.2875,0.276875,0.288125,0.255625,0.2625,0.30125,0.289375,0.289375,0.296875,0.2425,0.27375,0.284375,0.265,0.279375,0.320625,0.27375,0.2825,0.278125,0.29375,0.268125,0.26875,0.304375,0.285625,0.29125,0.25875,0.259375,0.274375,0.25875,0.27,0.264375,0.2525,0.27125,0.3025,0.286875,0.26875,0.2925,0.313125,0.26625,0.255625,0.30375,0.29125,0.315625,0.275625,0.271875,0.253125,0.28875,0.309375,0.289375,0.2625,0.271875,0.264375,0.265,0.2525,0.24875,0.265625,0.263125,0.265625,0.289375,0.27875,0.255,0.251875,0.281875,0.25,0.268125,0.2575,0.29125,0.285,0.275,0.32375,0.275625,0.269375,0.305,0.266875,0.28125,0.27875,0.26625,0.29,0.264375,0.278125,0.27125,0.280625,0.279375,0.256875,0.32,0.27875,0.273125,0.255625,0.25125,0.294375
0.16	GG	0.360625,0.38125,0.385,0.408125,0.374375,0.420625,0.360625,0.366875,0.3975,0.37875,0.399375,0.36375,0.391875,0.3775,0.37875,0.375,0.41625,0.4125,0.401875,0.38875,0.376875,0.375625,0.36,0.366875,0.386875,0.37375,0.361875,0.38375,0.365625,0.384375,0.380625,0.383125,0.39375,0.41125,0.395,0.39625,0.390625,0.383125,0.379375,0.401875,0.384375,0.3875,0.3775,0.38375,0.384375,0.380625,0.390625,0.39,0.385,0.37875,0.378125,0.39375,0.385,0.38,0.368125,0.39375,0.38875,0.404375,0.408125,0.371875,0.38625,0.37625,0.404375,0.379375,0.389375,0.364375,0.4075,0.37625,0.37875,0.405625,0.385625,0.361875,0.379375,0.365,0.385,0.405,0.38,0.394375,0.355,0.385,0.3725,0.3925,0.37125,0.37,0.395625,0.35,0.39875,0.333125,0.378125,0.403125,0.399375,0.3525,0.4025,0.38,0.37875,0.395,0.37375,0.400625,0.35875,0.401875,0.3775,0.385,0.385625,0.390625,0.38875,0.360625,0.398125,0.396875,0.391875,0.37,0.396875,0.356875,0.408125,0.39625,0.39625,0.38625,0.375625,0.371875,0.40875,0.37125,0.383125,0.3925,0.375,0.39,0.366875,0.394375,0.396875,0.40125,0.39875,0.3675,0.40875,0.38875,0.36125,0.395,0.371875,0.38125,0.389375,0.3875,0.36875,0.4,0.371875,0.37875,0.38875,0.39375,0.38,0.3975,0.386875,0.3975,0.371875,0.386875,0.395,0.40625,0.3775,0.409375,0.383125,0.36,0.37,0.375,0.378125,0.395625,0.38375,0.4125,0.370625,0.379375,0.381875,0.36875,0.375,0.38125,0.376875,0.385625,0.37625,0.386875,0.375,0.3425,0.405,0.418125,0.40375,0.389375,0.38125,0.345625,0.3825,0.416875,0.395625,0.385625,0.411875,0.393125,0.398125,0.37875,0.359375,0.37375,0.379375,0.395625,0.40625,0.404375,0.380625,0.359375,0.369375,0.376875,0.388125,0.389375
0.16	GG2	0.37125,0.404375,0.394375,0.41125,0.396875,0.424375,0.354375,0.384375,0.405625,0.37875,0.4025,0.3925,0.40375,0.378125,0.388125,0.3875,0.42,0.3975,0.40125,0.389375,0.381875,0.3925,0.388125,0.3775,0.39375,0.39,0.3775,0.400625,0.36875,0.395625,0.37375,0.386875,0.41125,0.4125,0.404375,0.386875,0.368125,0.38125,0.40875,0.41875,0.396875,0.39,0.393125,0.396875,0.390625,0.38625,0.396875,0.39625,0.373125,0.36875,0.39,0.389375,0.385625,0.385,0.3825,0.399375,0.393125,0.39125,0.4025,0.386875,0.43125,0.3825,0.394375,0.376875,0.396875,0.394375,0.396875,0.403125,0.384375,0.393125,0.40375,0.388125,0.3675,0.3725,0.386875,0.40875,0.386875,0.394375,0.380625,0.39,0.384375,0.404375,0.384375,0.395625,0.404375,0.37875,0.401875,0.363125,0.4,0.415,0.408125,0.38125,0.40625,0.37875,0.39875,0.3975,0.415,0.4025,0.376875,0.396875,0.38625,0.381875,0.39625,0.398125,0.391875,0.388125,0.406875,0.389375,0.399375,0.3825,0.385,0.401875,0.410625,0.4025,0.40125,0.415,0.3875,0.399375,0.41125,0.37875,0.3925,0.404375,0.379375,0.386875,0.4175,0.403125,0.39125,0.423125,0.405,0.39875,0.403125,0.401875,0.394375,0.394375,0.385,0.39125,0.405,0.395,0.4025,0.398125,0.38375,0.379375,0.413125,0.40625,0.390625,0.40625,0.405,0.400625,0.389375,0.3975,0.40875,0.39375,0.37625,0.416875,0.394375,0.380625,0.395,0.390625,0.39125,0.401875,0.389375,0.415,0.391875,0.401875,0.379375,0.37375,0.37625,0.399375,0.37625,0.384375,0.380625,0.4,0.38625,0.394375,0.415625,0.399375,0.40375,0.4025,0.378125,0.385625,0.39125,0.4175,0.394375,0.39,0.414375,0.383125,0.4,0.385,0.386875,0.380625,0.3975,0.413125,0.41125,0.423125,0.39875,0.386875,0.380625,0.379375,0.395,0.389375
0.18	GEE	0.35875,0.364375,0.374375,0.375625,0.375,0.365,0.371875,0.36625,0.366875,0.363125,0.373125,0.3875,0.3825,0.360625,0.37375,0.376875,0.359375,0.37375,0.3825,0.353125,0.366875,0.38,0.354375,0.35875,0.364375,0.38875,0.350625,0.37,0.375,0.366875,0.369375,0.35125,0.365,0.37625,0.356875,0.3625,0.37,0.356875,0.359375,0.390625,0.38375,0.355,0.364375,0.36375,0.361875,0.365,0.389375,0.3575,0.374375,0.398125,0.3875,0.36,0.36,0.365625,0.376875,0.375625,0.378125,0.354375,0.3525,0.384375,0.365625,0.37375,0.368125,0.38125,0.369375,0.380625,0.374375,0.37125,0.36625,0.378125,0.34625,0.36125,0.376875,0.356875,0.37,0.384375,0.3725,0.36625,0.368125,0.37875,0.37,0.368125,0.376875,0.376875,0.35625,0.35625,0.3725,0.36125,0.3725,0.378125,0.38,0.378125,0.375625,0.385625,0.355,0.36875,0.37375,0.3875,0.39125,0.375625,0.38,0.359375,0.375625,0.3425,0.36375,0.371875,0.369375,0.3925,0.368125,0.39625,0.3675,0.365625,0.366875,0.348125,0.374375,0.365,0.35375,0.385,0.351875,0.369375,0.358125,0.37625,0.38625,0.36625,0.374375,0.376875,0.37625,0.366875,0.355625,0.373125,0.368125,0.38375,0.36375,0.36375,0.36875,0.373125,0.381875,0.379375,0.3775,0.368125,0.37,0.37,0.348125,0.36375,0.369375,0.353125,0.35875,0.369375,0.364375,0.33875,0.383125,0.393125,0.368125,0.38625,0.3725,0.371875,0.36125,0.37125,0.35625,0.358125,0.359375,0.36875,0.373125,0.36375,0.3675,0.371875,0.3725,0.365625,0.3625,0.3725,0.37625,0.3725,0.384375,0.366875,0.36,0.358125,0.37625,0.381875,0.36625,0.386875,0.370625,0.345625,0.360625,0.35625,0.405,0.361875,0.36,0.38875,0.35625,0.3575,0.403125,0.37875,0.381875,0.351875,0.396875,0.373125,0.365625,0.371875,0.36625,0.365
0.18	GNN	0.3175,0.28,0.254375,0.244375,0.27,0.285625,0.26375,0.2575,0.260625,0.25125,0.2675,0.263125,0.27625,0.27875,0.251875,0.26625,0.293125,0.26625,0.268125,0.243125,0.284375,0.250625,0.28,0.27625,0.25125,0.285,0.288125,0.284375,0.265625,0.26,0.29,0.2725,0.265,0.27125,0.27375,0.285625,0.270625,0.290625,0.276875,0.250625,0.291875,0.28,0.2675,0.258125,0.2725,0.25375,0.27625,0.28,0.28125,0.29875,0.258125,0.275,0.274375,0.28625,0.295,0.265,0.27125,0.29625,0.245625,0.275625,0.276875,0.270625,0.264375,0.29375,0.276875,0.27625,0.2725,0.2925,0.28875,0.24375,0.25625,0.295625,0.2875,0.273125,0.278125,0.300625,0.27375,0.25375,0.300625,0.29,0.268125,0.29875,0.2775,0.29375,0.27875,0.29375,0.278125,0.28375,0.274375,0.31625,0.2375,0.28375,0.253125,0.24375,0.2675,0.283125,0.269375,0.28125,0.2775,0.265625,0.271875,0.251875,0.305,0.28375,0.295,0.288125,0.274375,0.28625,0.280625,0.25875,0.279375,0.26875,0.281875,0.266875,0.255625,0.25375,0.27875,0.301875,0.278125,0.291875,0.25375,0.3025,0.301875,0.26375,0.2675,0.305625,0.2975,0.265625,0.290625,0.29,0.26,0.293125,0.285,0.30125,0.306875,0.24375,0.255,0.28125,0.258125,0.263125,0.24625,0.26875,0.2575,0.275625,0.2825,0.261875,0.281875,0.306875,0.26875,0.244375,0.2825,0.265,0.288125,0.2625,0.2625,0.275,0.299375,0.283125,0.264375,0.2575,0.295,0.264375,0.26125,0.229375,0.2675,0.25875,0.256875,0.26625,0.28625,0.268125,0.259375,0.2675,0.285625,0.2275,0.28625,0.258125,0.29125,0.2575,0.286875,0.305,0.25875,0.265,0.271875,0.260625,0.298125,0.276875,0.255,0.258125,0.241875,0.29625,0.26625,0.27,0.26625,0.245,0.298125,0.255,0.269375,0.25,0.229375,0.28
0.18	GG	0.351875,0.3625,0.3775,0.379375,0.36375,0.365625,0.3525,0.33625,0.366875,0.378125,0.3475,0.38,0.37875,0.365625,0.36625,0.360625,0.3675,0.365625,0.365625,0.345,0.36,0.390625,0.34875,0.363125,0.37625,0.386875,0.3475,0.37375,0.355,0.36625,0.358125,0.350625,0.35125,0.383125,0.356875,0.3575,0.3725,0.36875,0.354375,0.37875,0.363125,0.3525,0.358125,0.368125,0.360625,0.36875,0.355625,0.354375,0.371875,0.383125,0.375,0.351875,0.37125,0.3575,0.355,0.35125,0.3775,0.35625,0.346875,0.37875,0.356875,0.365,0.36875,0.339375,0.379375,0.351875,0.369375,0.378125,0.3725,0.361875,0.361875,0.34875,0.38125,0.345,0.363125,0.3625,0.35625,0.370625,0.375625,0.371875,0.379375,0.36125,0.35875,0.363125,0.351875,0.336875,0.36875,0.37125,0.35375,0.363125,0.363125,0.3775,0.374375,0.369375,0.359375,0.36125,0.3325,0.386875,0.361875,0.35875,0.365,0.3625,0.366875,0.36125,0.3625,0.36875,0.36,0.3825,0.369375,0.378125,0.371875,0.3525,0.3625,0.328125,0.36375,0.35,0.36125,0.38375,0.359375,0.37875,0.358125,0.351875,0.37625,0.3625,0.328125,0.374375,0.366875,0.369375,0.366875,0.375625,0.374375,0.36,0.351875,0.376875,0.3225,0.33125,0.381875,0.365,0.359375,0.3625,0.36375,0.37125,0.35,0.365625,0.3475,0.361875,0.365,0.38,0.3725,0.345,0.3775,0.3825,0.36125,0.36875,0.365625,0.386875,0.36125,0.350625,0.36625,0.369375,0.363125,0.365625,0.355625,0.3525,0.3725,0.360625,0.374375,0.345625,0.3625,0.36875,0.374375,0.371875,0.366875,0.323125,0.36375,0.375,0.381875,0.38375,0.359375,0.36875,0.3725,0.366875,0.363125,0.354375,0.385,0.3625,0.361875,0.355625,0.345,0.340625,0.38125,0.354375,0.383125,0.373125,0.39,0.3625,0.34875,0.356875,0.35375,0.3675
0.18	GG2	0.358125,0.37,0.37875,0.3825,0.36125,0.38125,0.364375,0.3675,0.375,0.384375,0.373125,0.389375,0.385625,0.35875,0.391875,0.383125,0.365625,0.365,0.374375,0.3525,0.364375,0.37625,0.363125,0.365625,0.3875,0.376875,0.358125,0.378125,0.35875,0.365625,0.383125,0.350625,0.3575,0.381875,0.3675,0.35625,0.366875,0.361875,0.38125,0.3825,0.395625,0.356875,0.35625,0.370625,0.3575,0.365625,0.385625,0.349375,0.37,0.391875,0.378125,0.355625,0.374375,0.375,0.360625,0.340625,0.38875,0.35625,0.37625,0.3875,0.374375,0.37625,0.38625,0.359375,0.381875,0.376875,0.36625,0.380625,0.366875,0.370625,0.363125,0.368125,0.38,0.356875,0.358125,0.370625,0.366875,0.3775,0.37375,0.371875,0.36625,0.375,0.3625,0.369375,0.354375,0.359375,0.37,0.3775,0.364375,0.388125,0.35125,0.375,0.385625,0.391875,0.366875,0.37375,0.37875,0.384375,0.3675,0.375,0.374375,0.37,0.3725,0.35625,0.36125,0.37625,0.375,0.381875,0.369375,0.39625,0.381875,0.363125,0.35875,0.35375,0.361875,0.384375,0.366875,0.406875,0.361875,0.38625,0.349375,0.36,0.37,0.369375,0.390625,0.37,0.36875,0.366875,0.37625,0.369375,0.366875,0.371875,0.35375,0.381875,0.36375,0.3675,0.389375,0.36375,0.385,0.374375,0.37625,0.359375,0.369375,0.36375,0.37375,0.356875,0.368125,0.379375,0.371875,0.3475,0.37875,0.396875,0.375625,0.374375,0.37125,0.39,0.374375,0.36375,0.37,0.375,0.371875,0.369375,0.379375,0.365625,0.373125,0.3625,0.3675,0.341875,0.365,0.3725,0.375625,0.37375,0.379375,0.359375,0.37,0.376875,0.38125,0.393125,0.3625,0.376875,0.370625,0.373125,0.38125,0.35125,0.398125,0.36125,0.374375,0.375,0.360625,0.353125,0.39,0.37,0.381875,0.36375,0.415,0.359375,0.38125,0.37125,0.35375,0.368125
0.2	GEE	0.348125,0.351875,0.353125,0.34625,0.344375,0.344375,0.341875,0.344375,0.335,0.365625,0.346875,0.350625,0.355625,0.3375,0.3425,0.346875,0.3575,0.341875,0.359375,0.339375,0.353125,0.369375,0.345625,0.344375,0.348125,0.351875,0.34375,0.3575,0.36,0.35,0.34875,0.351875,0.349375,0.341875,0.355625,0.343125,0.344375,0.343125,0.35875,0.33375,0.34875,0.33,0.345,0.33625,0.34375,0.340625,0.359375,0.338125,0.37625,0.32875,0.369375,0.37125,0.359375,0.3375,0.350625,0.363125,0.35375,0.344375,0.349375,0.330625,0.36125,0.34625,0.356875,0.3425,0.336875,0.36125,0.351875,0.346875,0.356875,0.35125,0.341875,0.37375,0.335625,0.368125,0.35125,0.346875,0.363125,0.348125,0.35625,0.354375,0.349375,0.356875,0.35,0.336875,0.34875,0.3675,0.340625,0.3425,0.343125,0.365,0.34875,0.35,0.353125,0.349375,0.35,0.35,0.35125,0.36875,0.3375,0.350625,0.35875,0.364375,0.349375,0.363125,0.3525,0.334375,0.34875,0.354375,0.3675,0.36125,0.37875,0.334375,0.333125,0.363125,0.3325,0.359375,0.35125,0.340625,0.3525,0.34875,0.35625,0.36125,0.355,0.35625,0.34125,0.345,0.366875,0.358125,0.33,0.343125,0.348125,0.35375,0.353125,0.34875,0.34125,0.36875,0.358125,0.3325,0.34,0.32625,0.35125,0.335625,0.34625,0.376875,0.34625,0.346875,0.369375,0.34625,0.33625,0.353125,0.346875,0.340625,0.33625,0.355,0.36,0.353125,0.340625,0.34625,0.350625,0.320625,0.330625,0.3575,0.341875,0.338125,0.3625,0.354375,0.329375,0.344375,0.353125,0.35,0.346875,0.369375,0.344375,0.350625,0.33625,0.354375,0.344375,0.344375,0.34,0.368125,0.353125,0.334375,0.34875,0.371875,0.34875,0.37875,0.335625,0.334375,0.350625,0.33125,0.339375,0.343125,0.36625,0.35625,0.35375,0.34375,0.363125,0.363125,0.36,0.345625
0.2	GNN	0.293125,0.26,0.261875,0.266875,0.246875,0.286875,0.265,0.246875,0.27125,0.27625,0.271875,0.273125,0.265625,0.26625,0.266875,0.261875,0.26875,0.255625,0.264375,0.255,0.27375,0.26875,0.290625,0.2725,0.24375,0.270625,0.268125,0.264375,0.25375,0.271875,0.263125,0.273125,0.22875,0.284375,0.255,0.25,0.263125,0.28875,0.2725,0.253125,0.2875,0.258125,0.248125,0.268125,0.265,0.250625,0.27125,0.2675,0.280625,0.29375,0.27875,0.27375,0.273125,0.281875,0.280625,0.263125,0.266875,0.2775,0.250625,0.263125,0.281875,0.246875,0.240625,0.300625,0.284375,0.271875,0.25875,0.28375,0.24625,0.26625,0.241875,0.29125,0.260625,0.250625,0.29875,0.284375,0.28875,0.25,0.281875,0.278125,0.25625,0.285,0.303125,0.28625,0.2625,0.268125,0.25,0.283125,0.275625,0.30125,0.255625,0.275,0.248125,0.238125,0.258125,0.275625,0.2725,0.285,0.266875,0.28125,0.28,0.25375,0.288125,0.269375,0.29,0.265625,0.261875,0.278125,0.28125,0.2625,0.285,0.263125,0.27,0.265,0.253125,0.256875,0.285625,0.2875,0.274375,0.25875,0.26375,0.28,0.271875,0.25625,0.27,0.3075,0.29375,0.274375,0.2775,0.281875,0.28125,0.274375,0.273125,0.27,0.285625,0.238125,0.260625,0.26875,0.2675,0.25375,0.25875,0.261875,0.245625,0.293125,0.261875,0.26375,0.255,0.298125,0.266875,0.26375,0.281875,0.25875,0.2575,0.265,0.2775,0.244375,0.28,0.280625,0.269375,0.25875,0.24375,0.27,0.271875,0.230625,0.26625,0.264375,0.2475,0.255625,0.28375,0.284375,0.27,0.255,0.264375,0.2425,0.291875,0.2675,0.265625,0.258125,0.2625,0.31125,0.256875,0.245,0.28125,0.275,0.29375,0.259375,0.26125,0.270625,0.261875,0.278125,0.271875,0.274375,0.2625,0.24625,0.2875,0.28,0.27625,0.254375,0.245625,0.271875
0.2	GG	0.33625,0.355,0.35,0.33375,0.350625,0.33875,0.33,0.33375,0.34,0.3475,0.3425,0.31625,0.360625,0.33875,0.33625,0.325,0.343125,0.3325,0.36,0.3225,0.338125,0.350625,0.306875,0.34625,0.340625,0.325625,0.333125,0.349375,0.348125,0.355625,0.35625,0.334375,0.330625,0.335625,0.360625,0.345625,0.34125,0.34375,0.339375,0.335625,0.325625,0.3325,0.351875,0.3375,0.3625,0.346875,0.359375,0.34875,0.37125,0.315,0.35625,0.360625,0.3625,0.334375,0.3475,0.37,0.36375,0.33,0.351875,0.33,0.35,0.331875,0.356875,0.339375,0.33625,0.324375,0.293125,0.333125,0.34875,0.344375,0.328125,0.36,0.336875,0.355625,0.355625,0.345,0.339375,0.341875,0.345,0.345,0.320625,0.35,0.3525,0.3375,0.3475,0.338125,0.3425,0.35125,0.348125,0.364375,0.356875,0.345,0.366875,0.32875,0.31,0.338125,0.325,0.365,0.294375,0.339375,0.325,0.34,0.3475,0.3625,0.345625,0.3325,0.355,0.34625,0.35125,0.369375,0.370625,0.3275,0.341875,0.3525,0.33,0.3475,0.355,0.329375,0.358125,0.35625,0.36,0.33,0.359375,0.359375,0.328125,0.319375,0.369375,0.359375,0.33875,0.328125,0.35625,0.339375,0.35625,0.345625,0.338125,0.341875,0.37,0.318125,0.316875,0.3475,0.33875,0.3275,0.35125,0.36875,0.340625,0.3425,0.3475,0.353125,0.3375,0.335625,0.364375,0.34375,0.3175,0.336875,0.3475,0.356875,0.335625,0.346875,0.328125,0.333125,0.315,0.34875,0.335,0.343125,0.354375,0.3475,0.343125,0.33,0.35375,0.35125,0.3375,0.371875,0.336875,0.311875,0.325625,0.349375,0.345625,0.348125,0.33,0.3425,0.339375,0.340625,0.35125,0.37125,0.338125,0.35,0.326875,0.32375,0.34375,0.335625,0.345,0.34875,0.359375,0.345,0.34375,0.343125,0.33875,0.368125,0.343125,0.334375
0.2	GG2	0.343125,0.35125,0.35875,0.343125,0.3375,0.3475,0.345,0.33125,0.345,0.351875,0.348125,0.34625,0.3575,0.343125,0.359375,0.336875,0.363125,0.33375,0.366875,0.345,0.355625,0.35125,0.345,0.353125,0.338125,0.336875,0.345,0.3575,0.35,0.348125,0.359375,0.335,0.333125,0.341875,0.349375,0.34625,0.33625,0.344375,0.354375,0.340625,0.359375,0.334375,0.355,0.360625,0.363125,0.34375,0.36375,0.346875,0.36,0.339375,0.36625,0.366875,0.3625,0.33875,0.358125,0.361875,0.371875,0.3475,0.36625,0.354375,0.343125,0.340625,0.353125,0.345625,0.355,0.349375,0.344375,0.3475,0.346875,0.34375,0.339375,0.36875,0.328125,0.3625,0.36375,0.345625,0.349375,0.33,0.354375,0.34625,0.33875,0.351875,0.361875,0.354375,0.354375,0.353125,0.345625,0.34375,0.349375,0.37,0.35125,0.344375,0.36,0.34125,0.341875,0.3625,0.346875,0.366875,0.34625,0.34875,0.338125,0.355,0.34625,0.356875,0.348125,0.338125,0.3575,0.35,0.35375,0.365625,0.363125,0.3225,0.34125,0.36125,0.335,0.3525,0.361875,0.346875,0.355625,0.358125,0.363125,0.3425,0.360625,0.364375,0.3375,0.35,0.36,0.358125,0.35,0.351875,0.355625,0.358125,0.359375,0.35625,0.3325,0.34375,0.36375,0.325,0.35125,0.344375,0.348125,0.3225,0.34875,0.359375,0.35625,0.361875,0.354375,0.346875,0.336875,0.34875,0.364375,0.345,0.321875,0.3425,0.34375,0.351875,0.341875,0.3375,0.34125,0.315625,0.3275,0.368125,0.35125,0.35625,0.3625,0.35375,0.335625,0.344375,0.346875,0.355,0.33,0.38125,0.35125,0.343125,0.33875,0.35375,0.3425,0.3575,0.3275,0.358125,0.35125,0.359375,0.346875,0.36125,0.345625,0.35625,0.3425,0.338125,0.355625,0.3425,0.331875,0.33875,0.366875,0.344375,0.3575,0.345,0.35625,0.35875,0.35625,0.335
0.22	GEE	0.33125,0.314375,0.330625,0.326875,0.333125,0.34875,0.32375,0.334375,0.328125,0.339375,0.338125,0.328125,0.3175,0.320625,0.328125,0.3325,0.326875,0.309375,0.3275,0.333125,0.336875,0.321875,0.33,0.33,0.32875,0.3275,0.354375,0.336875,0.313125,0.32,0.326875,0.346875,0.333125,0.34625,0.335,0.33375,0.33875,0.33,0.323125,0.346875,0.3275,0.33625,0.333125,0.318125,0.319375,0.34375,0.343125,0.33125,0.330625,0.3275,0.35625,0.315,0.34125,0.3475,0.32375,0.33375,0.32375,0.343125,0.353125,0.331875,0.316875,0.345625,0.33,0.32625,0.3225,0.33625,0.333125,0.31625,0.32375,0.32125,0.320625,0.343125,0.349375,0.304375,0.31,0.334375,0.330625,0.308125,0.34125,0.325625,0.334375,0.339375,0.34375,0.335,0.318125,0.323125,0.33625,0.34875,0.3225,0.318125,0.326875,0.31,0.31875,0.316875,0.33,0.336875,0.33375,0.3125,0.34375,0.334375,0.33875,0.3225,0.34875,0.334375,0.34875,0.3375,0.3475,0.305625,0.323125,0.336875,0.324375,0.3325,0.356875,0.334375,0.318125,0.32375,0.326875,0.329375,0.335,0.32875,0.323125,0.329375,0.35,0.3275,0.33125,0.315,0.336875,0.33375,0.3225,0.32625,0.32625,0.3325,0.316875,0.331875,0.33625,0.326875,0.355,0.315625,0.3425,0.34,0.333125,0.31875,0.3225,0.324375,0.35375,0.32625,0.343125,0.314375,0.348125,0.32375,0.34375,0.31625,0.33625,0.329375,0.3225,0.306875,0.324375,0.34625,0.330625,0.33625,0.345625,0.331875,0.3275,0.316875,0.33,0.3475,0.338125,0.33375,0.334375,0.32625,0.3375,0.33625,0.306875,0.35,0.330625,0.320625,0.343125,0.334375,0.34375,0.319375,0.33,0.329375,0.32125,0.3225,0.318125,0.32,0.34625,0.32125,0.335625,0.32625,0.331875,0.32375,0.334375,0.334375,0.324375,0.3475,0.3325,0.345,0.325625,0.34125
0.22	GNN	0.281875,0.244375,0.254375,0.265,0.2525,0.27375,0.26625,0.231875,0.255,0.243125,0.248125,0.259375,0.263125,0.27125,0.2475,0.275,0.255,0.265,0.28375,0.229375,0.265,0.26625,0.268125,0.26375,0.226875,0.264375,0.265,0.256875,0.2775,0.275,0.25875,0.255625,0.23625,0.285,0.259375,0.251875,0.2725,0.266875,0.276875,0.2325,0.271875,0.265,0.261875,0.26125,0.276875,0.246875,0.26125,0.269375,0.258125,0.2625,0.27625,0.265625,0.266875,0.25,0.2825,0.239375,0.24125,0.275,0.248125,0.243125,0.248125,0.2425,0.25,0.270625,0.26625,0.265625,0.254375,0.294375,0.250625,0.23625,0.261875,0.280625,0.26375,0.239375,0.269375,0.271875,0.248125,0.268125,0.273125,0.285625,0.256875,0.263125,0.268125,0.245625,0.245625,0.254375,0.25625,0.2625,0.276875,0.300625,0.2375,0.25625,0.260625,0.2275,0.239375,0.275,0.2525,0.2625,0.2675,0.26875,0.271875,0.271875,0.2725,0.266875,0.27625,0.26125,0.273125,0.253125,0.26375,0.245,0.248125,0.270625,0.273125,0.264375,0.238125,0.250625,0.266875,0.306875,0.27,0.2625,0.251875,0.270625,0.276875,0.2475,0.240625,0.291875,0.27875,0.25,0.25125,0.24375,0.255625,0.271875,0.275,0.2625,0.285625,0.24625,0.248125,0.256875,0.23625,0.26875,0.236875,0.281875,0.250625,0.266875,0.253125,0.258125,0.275,0.2575,0.263125,0.274375,0.266875,0.260625,0.285625,0.2725,0.263125,0.264375,0.273125,0.27625,0.26375,0.24375,0.259375,0.255625,0.259375,0.23375,0.264375,0.2425,0.265,0.25375,0.279375,0.25625,0.275,0.251875,0.27875,0.239375,0.273125,0.248125,0.2875,0.25625,0.258125,0.3,0.253125,0.25,0.2675,0.255625,0.2875,0.248125,0.2425,0.27,0.238125,0.26875,0.255625,0.275,0.26125,0.239375,0.27375,0.23875,0.26625,0.2625,0.24625,0.2625
0.22	GG	0.32375,0.315625,0.28625,0.32625,0.3325,0.343125,0.32375,0.30625,0.33125,0.344375,0.34375,0.29125,0.318125,0.315625,0.3275,0.318125,0.3325,0.318125,0.336875,0.321875,0.30125,0.336875,0.32375,0.33,0.319375,0.3275,0.33875,0.32625,0.304375,0.319375,0.323125,0.33125,0.333125,0.335625,0.335625,0.326875,0.3325,0.329375,0.309375,0.348125,0.325,0.301875,0.3225,0.32375,0.31375,0.33875,0.335,0.331875,0.336875,0.321875,0.334375,0.31,0.32875,0.33375,0.3175,0.330625,0.329375,0.3375,0.32875,0.343125,0.315625,0.3275,0.324375,0.324375,0.321875,0.335625,0.33,0.325,0.3225,0.32625,0.309375,0.31375,0.3375,0.328125,0.31125,0.33125,0.31375,0.301875,0.33125,0.32375,0.323125,0.32,0.330625,0.341875,0.313125,0.321875,0.33625,0.320625,0.320625,0.31,0.329375,0.316875,0.335,0.299375,0.309375,0.325625,0.32125,0.3275,0.335,0.34125,0.3375,0.3225,0.3375,0.301875,0.338125,0.329375,0.32625,0.31,0.318125,0.319375,0.315625,0.341875,0.34375,0.32,0.3175,0.311875,0.318125,0.304375,0.3325,0.315,0.331875,0.3175,0.336875,0.336875,0.311875,0.29625,0.338125,0.3275,0.3275,0.318125,0.326875,0.32,0.313125,0.345,0.304375,0.29875,0.331875,0.31625,0.331875,0.345625,0.324375,0.321875,0.314375,0.3275,0.36125,0.336875,0.35375,0.314375,0.3475,0.316875,0.3425,0.3125,0.311875,0.329375,0.325625,0.31625,0.3225,0.3425,0.3225,0.330625,0.32625,0.33625,0.31875,0.328125,0.319375,0.328125,0.31,0.329375,0.318125,0.315625,0.330625,0.333125,0.308125,0.31875,0.3225,0.318125,0.348125,0.33625,0.32375,0.310625,0.335625,0.323125,0.344375,0.325,0.325,0.32,0.314375,0.3025,0.329375,0.316875,0.3375,0.331875,0.34125,0.335625,0.325,0.343125,0.31,0.34,0.31625,0.32
0.22	GG2	0.333125,0.310625,0.328125,0.3325,0.325625,0.34625,0.333125,0.325,0.335625,0.345,0.345625,0.319375,0.318125,0.306875,0.333125,0.310625,0.33625,0.31875,0.340625,0.318125,0.3425,0.328125,0.31875,0.311875,0.32,0.32,0.35375,0.338125,0.3225,0.315625,0.341875,0.32375,0.316875,0.33125,0.318125,0.316875,0.3375,0.320625,0.333125,0.359375,0.31625,0.330625,0.34125,0.315,0.313125,0.3325,0.33,0.340625,0.32875,0.3125,0.334375,0.310625,0.340625,0.33375,0.324375,0.33125,0.329375,0.32875,0.33625,0.34,0.315625,0.335625,0.321875,0.330625,0.31875,0.339375,0.319375,0.31875,0.331875,0.341875,0.334375,0.3325,0.336875,0.315625,0.31625,0.344375,0.325,0.31125,0.33125,0.32125,0.32,0.35375,0.3325,0.3325,0.301875,0.32,0.33,0.349375,0.32125,0.31125,0.319375,0.3175,0.330625,0.32375,0.315625,0.333125,0.34125,0.334375,0.333125,0.334375,0.345,0.320625,0.33625,0.329375,0.345625,0.34125,0.329375,0.318125,0.321875,0.3225,0.3175,0.34,0.348125,0.329375,0.31875,0.324375,0.32,0.326875,0.326875,0.320625,0.33625,0.325625,0.34625,0.318125,0.326875,0.308125,0.33625,0.321875,0.32,0.319375,0.328125,0.33375,0.3275,0.33875,0.338125,0.320625,0.331875,0.30875,0.33375,0.34625,0.32875,0.315625,0.320625,0.31,0.34875,0.333125,0.35,0.324375,0.346875,0.3325,0.34625,0.320625,0.329375,0.32875,0.33375,0.30875,0.338125,0.341875,0.334375,0.3375,0.336875,0.336875,0.330625,0.328125,0.335625,0.331875,0.323125,0.34375,0.319375,0.3375,0.33125,0.336875,0.31375,0.34875,0.318125,0.321875,0.338125,0.31625,0.33,0.320625,0.34375,0.325625,0.32625,0.310625,0.328125,0.320625,0.329375,0.32125,0.333125,0.35125,0.335625,0.32625,0.34,0.335625,0.33125,0.34375,0.331875,0.336875,0.33,0.323125
0.24	GEE	0.310625,0.325,0.294375,0.30875,0.29625,0.319375,0.324375,0.311875,0.308125,0.290625,0.329375,0.3075,0.301875,0.300625,0.3,0.323125,0.3225,0.311875,0.29,0.3,0.294375,0.31,0.313125,0.299375,0.30375,0.299375,0.29,0.3,0.3075,0.286875,0.321875,0.294375,0.304375,0.303125,0.299375,0.295,0.325,0.29125,0.299375,0.295,0.314375,0.2925,0.294375,0.313125,0.30875,0.3025,0.304375,0.299375,0.306875,0.2975,0.309375,0.294375,0.299375,0.306875,0.301875,0.315,0.31,0.31125,0.31375,0.29875,0.28875,0.31,0.303125,0.314375,0.305,0.29125,0.343125,0.30375,0.3225,0.32,0.295,0.29625,0.3075,0.30375,0.29875,0.2925,0.295625,0.325625,0.31125,0.299375,0.2775,0.2925,0.31,0.31625,0.304375,0.28375,0.31,0.30375,0.30625,0.301875,0.311875,0.3175,0.311875,0.30625,0.286875,0.301875,0.298125,0.300625,0.30875,0.304375,0.299375,0.3275,0.311875,0.314375,0.305625,0.29125,0.303125,0.3075,0.304375,0.318125,0.321875,0.311875,0.29625,0.318125,0.27875,0.2975,0.318125,0.30625,0.2975,0.2875,0.300625,0.32375,0.30875,0.313125,0.29,0.305625,0.311875,0.320625,0.314375,0.315625,0.293125,0.298125,0.29875,0.319375,0.3025,0.301875,0.304375,0.314375,0.31125,0.305,0.31125,0.2975,0.28875,0.31375,0.29625,0.31625,0.29,0.3025,0.303125,0.30625,0.321875,0.31625,0.31,0.318125,0.289375,0.29,0.295,0.325625,0.310625,0.310625,0.308125,0.319375,0.29625,0.305625,0.309375,0.2775,0.305625,0.306875,0.298125,0.3175,0.300625,0.3025,0.29,0.301875,0.30875,0.314375,0.309375,0.2975,0.313125,0.308125,0.3325,0.315625,0.291875,0.3075,0.296875,0.2975,0.30125,0.2875,0.32625,0.305625,0.30125,0.300625,0.3075,0.29375,0.315,0.31125,0.298125,0.30125,0.310625,0.289375
0.24	GNN	0.2925,0.27,0.2525,0.2325,0.240625,0.268125,0.275,0.253125,0.2275,0.2575,0.25875,0.27,0.260625,0.244375,0.25875,0.263125,0.2775,0.259375,0.27375,0.244375,0.269375,0.24625,0.27125,0.269375,0.26,0.258125,0.269375,0.2475,0.250625,0.266875,0.263125,0.26,0.2475,0.270625,0.25125,0.261875,0.259375,0.264375,0.274375,0.27,0.25,0.268125,0.265,0.26625,0.26625,0.268125,0.253125,0.26,0.253125,0.28625,0.266875,0.281875,0.266875,0.26,0.25375,0.2425,0.254375,0.261875,0.25,0.25375,0.27125,0.27375,0.244375,0.304375,0.26625,0.255,0.24125,0.27,0.256875,0.258125,0.25625,0.266875,0.265,0.250625,0.26,0.2925,0.259375,0.275625,0.275625,0.270625,0.249375,0.275,0.26375,0.2575,0.253125,0.26625,0.258125,0.26125,0.270625,0.28125,0.260625,0.253125,0.256875,0.25875,0.254375,0.27125,0.265,0.268125,0.265625,0.26375,0.256875,0.2675,0.28125,0.24875,0.28,0.274375,0.270625,0.2625,0.281875,0.26125,0.259375,0.2525,0.25125,0.26125,0.24375,0.278125,0.254375,0.29125,0.275,0.2575,0.244375,0.283125,0.27125,0.271875,0.268125,0.288125,0.276875,0.279375,0.26375,0.281875,0.246875,0.2575,0.2725,0.28625,0.2875,0.261875,0.25375,0.28375,0.23875,0.235625,0.238125,0.265,0.271875,0.268125,0.2775,0.245625,0.253125,0.259375,0.25125,0.253125,0.280625,0.26375,0.273125,0.24625,0.27,0.253125,0.2675,0.280625,0.285625,0.2575,0.269375,0.259375,0.25875,0.245625,0.2425,0.268125,0.264375,0.258125,0.25,0.261875,0.25,0.248125,0.278125,0.2475,0.266875,0.2475,0.26125,0.243125,0.24125,0.286875,0.24875,0.255625,0.264375,0.2575,0.285625,0.2675,0.2525,0.270625,0.25,0.25625,0.26,0.27,0.258125,0.245625,0.265,0.2625,0.265625,0.255625,0.239375,0.275625
0.24	GG	0.310625,0.316875,0.291875,0.3025,0.30125,0.309375,0.2975,0.2925,0.308125,0.295625,0.320625,0.283125,0.30125,0.30875,0.2925,0.311875,0.324375,0.305,0.283125,0.303125,0.295625,0.291875,0.293125,0.308125,0.313125,0.293125,0.30375,0.27375,0.289375,0.306875,0.320625,0.284375,0.2975,0.305,0.285625,0.28625,0.30625,0.30625,0.29125,0.296875,0.31,0.278125,0.30125,0.31375,0.303125,0.320625,0.28875,0.30125,0.31125,0.2975,0.298125,0.28875,0.295,0.3025,0.304375,0.306875,0.309375,0.27375,0.306875,0.30875,0.276875,0.31875,0.295,0.2925,0.30875,0.2825,0.27875,0.309375,0.31875,0.298125,0.294375,0.300625,0.305625,0.306875,0.298125,0.299375,0.28875,0.318125,0.291875,0.309375,0.273125,0.3125,0.299375,0.30125,0.310625,0.300625,0.3125,0.290625,0.29625,0.31125,0.29625,0.33375,0.305625,0.31125,0.305,0.3,0.291875,0.305,0.278125,0.296875,0.3125,0.31375,0.31125,0.315625,0.318125,0.28875,0.30375,0.29875,0.313125,0.31625,0.299375,0.298125,0.30125,0.311875,0.295,0.2875,0.320625,0.296875,0.3,0.289375,0.296875,0.3075,0.30375,0.3275,0.284375,0.2875,0.301875,0.323125,0.31125,0.28625,0.305,0.271875,0.300625,0.319375,0.313125,0.288125,0.2975,0.310625,0.314375,0.3125,0.306875,0.28,0.29875,0.30375,0.291875,0.309375,0.276875,0.31375,0.31375,0.29625,0.30375,0.31,0.313125,0.318125,0.29875,0.288125,0.295,0.31375,0.306875,0.29625,0.29125,0.30625,0.290625,0.30875,0.3,0.27375,0.285625,0.315625,0.306875,0.30625,0.296875,0.299375,0.27875,0.265625,0.31,0.3125,0.304375,0.306875,0.296875,0.3025,0.331875,0.31125,0.2925,0.3025,0.316875,0.305,0.3075,0.276875,0.31625,0.29375,0.30375,0.29625,0.3125,0.295,0.30125,0.305625,0.301875,0.30875,0.3125,0.293125
0.24	GG2	0.328125,0.3225,0.285625,0.3025,0.293125,0.32125,0.315,0.295625,0.2975,0.301875,0.32125,0.301875,0.313125,0.29,0.29,0.298125,0.329375,0.298125,0.27375,0.29125,0.295625,0.2925,0.30625,0.301875,0.311875,0.29375,0.2875,0.286875,0.304375,0.301875,0.326875,0.286875,0.2925,0.296875,0.291875,0.28875,0.308125,0.301875,0.304375,0.296875,0.3075,0.2925,0.3075,0.31375,0.298125,0.32125,0.305,0.298125,0.31625,0.314375,0.288125,0.294375,0.28375,0.309375,0.29375,0.2925,0.300625,0.301875,0.306875,0.314375,0.27875,0.313125,0.305625,0.304375,0.29875,0.295625,0.339375,0.306875,0.31375,0.30625,0.306875,0.3,0.301875,0.31875,0.294375,0.29875,0.289375,0.3275,0.303125,0.2975,0.27,0.311875,0.295,0.29625,0.295625,0.289375,0.30125,0.3025,0.304375,0.301875,0.295,0.319375,0.305,0.31125,0.301875,0.3025,0.299375,0.299375,0.301875,0.2925,0.3175,0.315,0.3175,0.3125,0.323125,0.29625,0.29125,0.304375,0.3125,0.313125,0.31625,0.28375,0.288125,0.310625,0.285625,0.29125,0.30125,0.294375,0.304375,0.3025,0.3125,0.32375,0.319375,0.310625,0.281875,0.296875,0.295625,0.319375,0.30875,0.306875,0.299375,0.28875,0.299375,0.30875,0.30375,0.291875,0.305625,0.30625,0.305625,0.311875,0.304375,0.29375,0.298125,0.29375,0.280625,0.300625,0.285,0.304375,0.31875,0.3,0.305625,0.3175,0.318125,0.311875,0.308125,0.293125,0.31375,0.324375,0.29625,0.314375,0.300625,0.306875,0.295625,0.306875,0.314375,0.29625,0.3,0.298125,0.3025,0.3,0.28875,0.29625,0.293125,0.30125,0.310625,0.31375,0.300625,0.3025,0.29875,0.3025,0.328125,0.31,0.284375,0.30125,0.32,0.303125,0.315,0.28375,0.31375,0.299375,0.286875,0.2975,0.319375,0.295,0.304375,0.311875,0.30375,0.308125,0.318125,0.2875
0.26	GEE	0.29625,0.283125,0.295,0.28,0.2875,0.28375,0.27375,0.279375,0.29375,0.303125,0.2925,0.29625,0.30375,0.288125,0.270625,0.288125,0.295625,0.278125,0.293125,0.2925,0.2725,0.301875,0.27625,0.285,0.27125,0.281875,0.295,0.270625,0.29875,0.285,0.291875,0.2825,0.27375,0.265,0.29125,0.273125,0.303125,0.2925,0.283125,0.28625,0.293125,0.285,0.284375,0.2725,0.28875,0.281875,0.298125,0.295625,0.2925,0.301875,0.29375,0.29125,0.29375,0.269375,0.303125,0.265,0.281875,0.285625,0.30625,0.29,0.285625,0.295625,0.295,0.26875,0.3075,0.296875,0.2975,0.291875,0.286875,0.275625,0.286875,0.2875,0.29875,0.296875,0.263125,0.2825,0.2825,0.28125,0.28375,0.29125,0.300625,0.27625,0.285625,0.27125,0.275,0.2725,0.2875,0.298125,0.291875,0.271875,0.293125,0.2725,0.275625,0.288125,0.28875,0.300625,0.274375,0.28375,0.285625,0.279375,0.276875,0.275,0.26875,0.273125,0.275625,0.28625,0.288125,0.298125,0.283125,0.275,0.275,0.288125,0.306875,0.283125,0.289375,0.2725,0.28125,0.288125,0.276875,0.285,0.289375,0.28625,0.29625,0.27125,0.273125,0.2875,0.2725,0.28625,0.271875,0.28,0.276875,0.29,0.285625,0.29625,0.291875,0.27,0.285,0.28,0.280625,0.280625,0.28,0.27,0.285,0.2775,0.284375,0.29875,0.29,0.285625,0.263125,0.300625,0.2675,0.278125,0.273125,0.27125,0.298125,0.28875,0.285,0.265625,0.3075,0.27875,0.28375,0.28625,0.29875,0.28375,0.2975,0.291875,0.275625,0.290625,0.278125,0.283125,0.27125,0.29625,0.275,0.281875,0.275625,0.29125,0.27625,0.25625,0.295,0.285,0.285,0.279375,0.2725,0.305,0.301875,0.28875,0.275,0.28875,0.293125,0.265,0.275,0.2975,0.28375,0.2825,0.280625,0.275,0.301875,0.273125,0.265625,0.293125
0.26	GNN	0.265,0.241875,0.2575,0.26,0.24625,0.255,0.25375,0.2275,0.24375,0.25,0.263125,0.255625,0.266875,0.2575,0.256875,0.254375,0.24125,0.2425,0.24875,0.24125,0.2425,0.26,0.260625,0.27,0.263125,0.24875,0.2325,0.245,0.27125,0.23875,0.258125,0.25625,0.23375,0.255625,0.254375,0.239375,0.249375,0.2725,0.255625,0.241875,0.2675,0.265,0.261875,0.249375,0.25375,0.265,0.249375,0.251875,0.280625,0.2575,0.2525,0.260625,0.24875,0.26,0.265,0.24875,0.254375,0.264375,0.2325,0.2625,0.274375,0.25125,0.254375,0.261875,0.256875,0.265625,0.244375,0.255625,0.2525,0.253125,0.23875,0.256875,0.264375,0.261875,0.27125,0.28875,0.25125,0.25125,0.258125,0.251875,0.2325,0.24375,0.246875,0.24,0.241875,0.24875,0.244375,0.251875,0.27125,0.2425,0.258125,0.25125,0.255625,0.245,0.24,0.263125,0.259375,0.2625,0.24625,0.27,0.26125,0.2525,0.27,0.24,0.265625,0.264375,0.27375,0.23625,0.264375,0.251875,0.268125,0.25,0.254375,0.256875,0.263125,0.24375,0.250625,0.2775,0.255,0.26375,0.258125,0.2525,0.2575,0.25125,0.2625,0.2825,0.25125,0.25,0.261875,0.25875,0.24625,0.263125,0.26125,0.25625,0.266875,0.23625,0.2525,0.285625,0.243125,0.260625,0.2275,0.251875,0.263125,0.248125,0.265625,0.25125,0.26625,0.260625,0.250625,0.238125,0.246875,0.263125,0.2425,0.260625,0.249375,0.259375,0.251875,0.245,0.26625,0.250625,0.263125,0.266875,0.265,0.234375,0.241875,0.246875,0.261875,0.24875,0.253125,0.25875,0.254375,0.243125,0.25125,0.245,0.249375,0.255625,0.248125,0.263125,0.2625,0.27,0.2425,0.271875,0.258125,0.256875,0.285625,0.259375,0.245625,0.25,0.250625,0.234375,0.246875,0.273125,0.25125,0.24375,0.249375,0.248125,0.275,0.251875,0.2425,0.269375
0.26	GG	0.278125,0.278125,0.275,0.2825,0.268125,0.2775,0.268125,0.27125,0.2875,0.294375,0.280625,0.291875,0.276875,0.28125,0.27125,0.29125,0.283125,0.2875,0.27875,0.2875,0.275,0.293125,0.273125,0.274375,0.2725,0.26875,0.300625,0.26,0.28375,0.2875,0.280625,0.283125,0.291875,0.26,0.27875,0.268125,0.29375,0.283125,0.279375,0.280625,0.288125,0.270625,0.285625,0.2775,0.29375,0.260625,0.295625,0.280625,0.289375,0.295625,0.2975,0.291875,0.286875,0.28,0.305625,0.28,0.295,0.254375,0.3075,0.276875,0.291875,0.29,0.298125,0.275,0.311875,0.288125,0.2825,0.27625,0.291875,0.281875,0.283125,0.26875,0.3,0.28,0.241875,0.281875,0.274375,0.281875,0.295,0.286875,0.286875,0.276875,0.291875,0.25375,0.26625,0.2725,0.288125,0.293125,0.28375,0.26875,0.284375,0.271875,0.29375,0.2875,0.280625,0.278125,0.26625,0.275,0.286875,0.270625,0.27,0.27375,0.2775,0.3,0.2825,0.2925,0.29125,0.28375,0.283125,0.269375,0.275,0.28125,0.294375,0.26,0.298125,0.27,0.280625,0.268125,0.283125,0.285,0.295,0.28625,0.286875,0.284375,0.274375,0.281875,0.26125,0.293125,0.2825,0.275,0.29,0.27125,0.2775,0.285,0.2775,0.273125,0.2875,0.273125,0.27625,0.274375,0.27375,0.266875,0.281875,0.28375,0.2825,0.29,0.285625,0.28,0.27,0.3,0.260625,0.28,0.27125,0.273125,0.279375,0.283125,0.27375,0.271875,0.29625,0.280625,0.29,0.291875,0.295625,0.285625,0.286875,0.288125,0.295,0.306875,0.28375,0.2625,0.2675,0.29125,0.28,0.278125,0.285625,0.288125,0.28125,0.261875,0.271875,0.285,0.2775,0.27375,0.278125,0.294375,0.29375,0.27625,0.25375,0.278125,0.299375,0.265625,0.28375,0.301875,0.2875,0.295,0.2825,0.269375,0.285,0.286875,0.27,0.283125
0.26	GG2	0.28,0.280625,0.270625,0.28125,0.256875,0.268125,0.26,0.266875,0.285625,0.284375,0.275,0.293125,0.295,0.283125,0.28125,0.290625,0.286875,0.28125,0.28375,0.2825,0.2775,0.294375,0.274375,0.280625,0.278125,0.275625,0.295625,0.261875,0.285,0.2875,0.2875,0.275625,0.28375,0.259375,0.285625,0.2675,0.285,0.279375,0.27875,0.283125,0.285625,0.2725,0.285,0.288125,0.296875,0.27125,0.300625,0.29125,0.295,0.304375,0.286875,0.290625,0.290625,0.275,0.30125,0.27625,0.276875,0.289375,0.29625,0.271875,0.294375,0.281875,0.28125,0.27875,0.309375,0.299375,0.2975,0.283125,0.28125,0.273125,0.28375,0.281875,0.296875,0.283125,0.256875,0.275625,0.270625,0.285625,0.29125,0.285625,0.290625,0.276875,0.293125,0.28375,0.246875,0.27625,0.280625,0.285,0.285,0.27,0.2875,0.283125,0.2925,0.295,0.27875,0.26625,0.27125,0.27625,0.300625,0.28625,0.2725,0.270625,0.2825,0.298125,0.28125,0.2825,0.2875,0.28625,0.269375,0.269375,0.27875,0.274375,0.296875,0.294375,0.28375,0.275625,0.28625,0.285625,0.29625,0.28,0.2975,0.284375,0.280625,0.2625,0.273125,0.29875,0.2675,0.283125,0.285625,0.2775,0.275625,0.28,0.278125,0.2775,0.303125,0.27125,0.28625,0.276875,0.276875,0.270625,0.2775,0.26125,0.286875,0.278125,0.283125,0.29,0.293125,0.284375,0.269375,0.29375,0.26875,0.28375,0.266875,0.26375,0.2875,0.28375,0.283125,0.244375,0.291875,0.28,0.286875,0.273125,0.290625,0.29375,0.289375,0.2975,0.290625,0.305,0.28125,0.27375,0.2725,0.290625,0.279375,0.281875,0.274375,0.28625,0.295,0.26625,0.281875,0.2875,0.28125,0.27875,0.28375,0.294375,0.286875,0.28,0.271875,0.28,0.3025,0.26625,0.28625,0.299375,0.28625,0.28375,0.2725,0.260625,0.289375,0.2875,0.2725,0.30125
0.28	GEE	0.2725,0.275625,0.256875,0.2925,0.25625,0.256875,0.26625,0.256875,0.28125,0.265,0.27125,0.283125,0.27625,0.273125,0.263125,0.254375,0.264375,0.264375,0.2575,0.276875,0.263125,0.26625,0.261875,0.274375,0.269375,0.2575,0.276875,0.27,0.271875,0.285625,0.258125,0.259375,0.273125,0.269375,0.241875,0.260625,0.280625,0.29125,0.2725,0.25875,0.26875,0.2625,0.275,0.285,0.261875,0.258125,0.26625,0.2475,0.27625,0.273125,0.2425,0.2675,0.2825,0.289375,0.266875,0.28,0.25875,0.25625,0.2725,0.27625,0.275625,0.26375,0.2575,0.25875,0.27625,0.281875,0.274375,0.26625,0.261875,0.2675,0.271875,0.27375,0.25,0.251875,0.273125,0.27,0.265,0.270625,0.266875,0.255,0.273125,0.26,0.26125,0.2925,0.268125,0.26125,0.2625,0.261875,0.283125,0.269375,0.2675,0.274375,0.26125,0.25375,0.27875,0.26625,0.274375,0.26875,0.245625,0.27125,0.2775,0.26875,0.256875,0.2675,0.27375,0.245,0.27625,0.281875,0.265,0.28125,0.294375,0.265,0.2725,0.265,0.258125,0.269375,0.28125,0.265625,0.25875,0.266875,0.25125,0.248125,0.274375,0.27875,0.268125,0.270625,0.28125,0.276875,0.278125,0.265625,0.285,0.25625,0.271875,0.26375,0.263125,0.250625,0.246875,0.268125,0.283125,0.276875,0.27,0.280625,0.25,0.28625,0.264375,0.27875,0.265625,0.25625,0.28875,0.26125,0.2725,0.244375,0.3025,0.25875,0.28,0.264375,0.25875,0.27625,0.2725,0.276875,0.263125,0.271875,0.2625,0.260625,0.258125,0.274375,0.284375,0.264375,0.274375,0.2575,0.269375,0.248125,0.279375,0.24125,0.253125,0.274375,0.276875,0.27375,0.269375,0.26625,0.2625,0.264375,0.26625,0.279375,0.27375,0.26875,0.266875,0.261875,0.281875,0.270625,0.259375,0.259375,0.2475,0.26,0.269375,0.27875,0.27125,0.28,0.2725,0.249375
0.28	GNN	0.274375,0.246875,0.25625,0.24125,0.250625,0.250625,0.26375,0.25375,0.25625,0.238125,0.258125,0.2575,0.260625,0.255,0.261875,0.240625,0.265,0.2525,0.2375,0.244375,0.236875,0.265,0.253125,0.256875,0.24625,0.255,0.25,0.2525,0.26625,0.24375,0.25,0.261875,0.254375,0.2475,0.2525,0.25,0.25875,0.248125,0.275625,0.263125,0.2575,0.2525,0.245,0.265,0.255,0.243125,0.26,0.276875,0.258125,0.244375,0.25375,0.254375,0.2475,0.238125,0.256875,0.243125,0.248125,0.238125,0.24,0.26125,0.263125,0.245625,0.256875,0.2525,0.263125,0.26125,0.2525,0.248125,0.238125,0.2475,0.2625,0.25875,0.25125,0.2425,0.234375,0.26125,0.239375,0.2475,0.254375,0.2575,0.236875,0.2625,0.260625,0.23375,0.229375,0.256875,0.246875,0.259375,0.245625,0.26125,0.236875,0.25125,0.266875,0.261875,0.2325,0.25375,0.259375,0.2575,0.235625,0.245625,0.22375,0.2475,0.2475,0.24125,0.234375,0.2725,0.26875,0.25625,0.231875,0.255625,0.2675,0.255,0.265,0.27625,0.246875,0.264375,0.265625,0.26125,0.235625,0.245625,0.25125,0.26,0.25875,0.238125,0.2375,0.25125,0.24875,0.250625,0.260625,0.26625,0.25375,0.255,0.255625,0.261875,0.25125,0.244375,0.269375,0.25625,0.25625,0.2575,0.23875,0.254375,0.2625,0.269375,0.248125,0.235625,0.24375,0.26,0.2575,0.244375,0.26125,0.251875,0.265,0.245625,0.2675,0.264375,0.259375,0.27,0.25125,0.255625,0.26,0.2375,0.2775,0.255625,0.255,0.258125,0.239375,0.2575,0.25875,0.26875,0.240625,0.246875,0.258125,0.266875,0.24875,0.25875,0.24625,0.235,0.2425,0.25875,0.241875,0.264375,0.248125,0.259375,0.271875,0.25625,0.26375,0.2425,0.244375,0.27375,0.245,0.243125,0.26375,0.2425,0.2525,0.25,0.24875,0.251875,0.24875,0.254375
0.28	GG	0.27,0.26375,0.269375,0.28375,0.25375,0.244375,0.269375,0.2825,0.2775,0.259375,0.25875,0.273125,0.27125,0.274375,0.265625,0.266875,0.263125,0.256875,0.256875,0.273125,0.25125,0.268125,0.2475,0.27375,0.274375,0.250625,0.25125,0.2625,0.275,0.293125,0.270625,0.2675,0.268125,0.274375,0.25625,0.2675,0.3,0.27,0.25875,0.260625,0.26125,0.27,0.25875,0.278125,0.27,0.2725,0.256875,0.2475,0.26375,0.259375,0.263125,0.243125,0.270625,0.275625,0.276875,0.27375,0.275625,0.275625,0.2775,0.27125,0.266875,0.27,0.2525,0.25875,0.273125,0.28,0.263125,0.259375,0.25375,0.249375,0.27625,0.2875,0.264375,0.265625,0.279375,0.268125,0.270625,0.255625,0.25625,0.256875,0.276875,0.263125,0.25125,0.29125,0.264375,0.25875,0.27375,0.271875,0.2825,0.26,0.2625,0.264375,0.261875,0.264375,0.26875,0.27125,0.275625,0.26,0.258125,0.285625,0.273125,0.264375,0.254375,0.275625,0.27625,0.250625,0.27125,0.265,0.273125,0.28875,0.279375,0.276875,0.290625,0.254375,0.2675,0.266875,0.275,0.26875,0.256875,0.271875,0.24375,0.260625,0.28,0.2625,0.26875,0.26875,0.288125,0.283125,0.27375,0.273125,0.28625,0.2625,0.27625,0.274375,0.26,0.261875,0.25875,0.25875,0.28375,0.26375,0.26125,0.28,0.2625,0.275625,0.275,0.275625,0.250625,0.2525,0.271875,0.268125,0.2675,0.226875,0.30125,0.26625,0.2725,0.26875,0.256875,0.266875,0.269375,0.283125,0.2625,0.2525,0.260625,0.254375,0.266875,0.27625,0.269375,0.265,0.265625,0.26,0.273125,0.246875,0.27625,0.250625,0.259375,0.275,0.25875,0.264375,0.274375,0.261875,0.24875,0.258125,0.26125,0.27375,0.2925,0.2625,0.25625,0.254375,0.280625,0.260625,0.276875,0.250625,0.251875,0.26,0.275,0.28,0.273125,0.270625,0.261875,0.26
0.28	GG2	0.269375,0.263125,0.269375,0.283125,0.248125,0.246875,0.283125,0.284375,0.2725,0.264375,0.26125,0.25875,0.265,0.279375,0.266875,0.263125,0.275625,0.265,0.260625,0.256875,0.245,0.261875,0.24875,0.2675,0.26125,0.26,0.26,0.269375,0.274375,0.28375,0.26875,0.263125,0.26,0.275625,0.255625,0.24375,0.29375,0.275,0.27125,0.26,0.255,0.265,0.26,0.27125,0.268125,0.260625,0.268125,0.25,0.2725,0.254375,0.255625,0.263125,0.269375,0.27125,0.2825,0.261875,0.25625,0.27,0.280625,0.266875,0.28625,0.249375,0.25375,0.268125,0.274375,0.28,0.27,0.25875,0.265,0.258125,0.258125,0.283125,0.258125,0.264375,0.2625,0.270625,0.269375,0.255625,0.268125,0.256875,0.293125,0.268125,0.265,0.2925,0.2575,0.27875,0.276875,0.273125,0.27875,0.25625,0.26125,0.290625,0.259375,0.261875,0.273125,0.255625,0.2675,0.2675,0.26125,0.28375,0.27375,0.254375,0.271875,0.263125,0.270625,0.25125,0.26625,0.265625,0.278125,0.275625,0.294375,0.27,0.276875,0.26625,0.25875,0.2675,0.290625,0.274375,0.2475,0.271875,0.25125,0.255,0.28625,0.26875,0.2675,0.273125,0.27125,0.286875,0.26875,0.274375,0.280625,0.2625,0.271875,0.26875,0.26,0.25875,0.2575,0.26,0.280625,0.25,0.27125,0.270625,0.275625,0.266875,0.2575,0.276875,0.25375,0.266875,0.27,0.244375,0.26875,0.249375,0.29375,0.26125,0.2825,0.2625,0.258125,0.280625,0.275625,0.273125,0.265625,0.26,0.256875,0.25125,0.2675,0.270625,0.273125,0.260625,0.264375,0.27,0.271875,0.249375,0.276875,0.250625,0.266875,0.281875,0.263125,0.258125,0.284375,0.25125,0.275,0.273125,0.256875,0.28125,0.2825,0.26875,0.280625,0.25625,0.276875,0.255625,0.26,0.255,0.243125,0.26125,0.270625,0.28125,0.270625,0.268125,0.2475,0.254375
0.3	GEE	0.274375,0.241875,0.2675,0.26,0.2425,0.233125,0.259375,0.2375,0.241875,0.256875,0.25375,0.25,0.27125,0.25375,0.2425,0.2775,0.253125,0.25125,0.234375,0.23625,0.258125,0.255625,0.241875,0.23625,0.24625,0.2525,0.259375,0.249375,0.244375,0.258125,0.24875,0.255625,0.246875,0.248125,0.2525,0.251875,0.24875,0.253125,0.25875,0.271875,0.25375,0.2475,0.2625,0.2525,0.2625,0.26875,0.26,0.23,0.2525,0.240625,0.245,0.26,0.278125,0.2625,0.2475,0.253125,0.255625,0.245,0.2625,0.253125,0.25125,0.255,0.27125,0.2325,0.2425,0.25,0.24125,0.2675,0.26875,0.275,0.259375,0.24625,0.246875,0.241875,0.24375,0.2775,0.259375,0.23875,0.24875,0.250625,0.236875,0.268125,0.235625,0.255625,0.254375,0.2375,0.251875,0.25125,0.25375,0.239375,0.25875,0.25625,0.255625,0.25875,0.264375,0.2325,0.236875,0.2625,0.249375,0.25375,0.2475,0.228125,0.255625,0.24125,0.24,0.2575,0.259375,0.230625,0.245,0.24875,0.265,0.238125,0.22875,0.255625,0.265,0.258125,0.258125,0.245625,0.245625,0.26375,0.236875,0.265625,0.254375,0.264375,0.241875,0.265625,0.256875,0.255,0.251875,0.27125,0.236875,0.23875,0.231875,0.256875,0.275625,0.26125,0.24625,0.2475,0.245,0.250625,0.263125,0.239375,0.240625,0.2275,0.240625,0.265625,0.25375,0.25375,0.263125,0.253125,0.24375,0.25875,0.255625,0.263125,0.24625,0.24,0.2625,0.24,0.249375,0.245625,0.25875,0.2575,0.24375,0.243125,0.245625,0.2525,0.241875,0.2425,0.23375,0.250625,0.25875,0.240625,0.2475,0.24,0.248125,0.249375,0.2525,0.24375,0.2525,0.2475,0.25125,0.248125,0.239375,0.2625,0.25125,0.258125,0.255,0.25,0.229375,0.26125,0.25625,0.260625,0.245,0.260625,0.24625,0.26125,0.258125,0.25375,0.25375,0.264375
0.3	GNN	0.259375,0.271875,0.238125,0.249375,0.256875,0.26125,0.24875,0.269375,0.2525,0.260625,0.26875,0.269375,0.25,0.238125,0.245625,0.249375,0.25625,0.264375,0.26125,0.245,0.2525,0.25875,0.2575,0.260625,0.256875,0.266875,0.245625,0.26375,0.2725,0.24875,0.26375,0.234375,0.245625,0.2675,0.273125,0.251875,0.271875,0.28,0.248125,0.27125,0.265625,0.259375,0.260625,0.256875,0.255625,0.274375,0.265,0.25625,0.266875,0.245625,0.260625,0.2525,0.2625,0.265625,0.255625,0.25875,0.265625,0.26875,0.254375,0.265625,0.27375,0.245,0.250625,0.255625,0.27375,0.266875,0.254375,0.27,0.25375,0.259375,0.243125,0.2575,0.25625,0.258125,0.2475,0.266875,0.256875,0.249375,0.253125,0.24875,0.24375,0.265625,0.251875,0.256875,0.25125,0.268125,0.25625,0.258125,0.264375,0.2475,0.241875,0.25625,0.24125,0.25375,0.24125,0.26,0.24,0.273125,0.2725,0.264375,0.24875,0.23375,0.285,0.259375,0.273125,0.261875,0.2675,0.265625,0.24875,0.234375,0.260625,0.25875,0.26125,0.2425,0.253125,0.259375,0.25,0.264375,0.249375,0.2625,0.2625,0.25,0.266875,0.241875,0.2475,0.241875,0.27125,0.269375,0.251875,0.236875,0.254375,0.26125,0.2425,0.2475,0.259375,0.27375,0.2425,0.251875,0.24625,0.25875,0.25875,0.245625,0.26,0.261875,0.255,0.2575,0.224375,0.2525,0.235625,0.241875,0.2575,0.2675,0.258125,0.268125,0.255625,0.259375,0.258125,0.274375,0.274375,0.235625,0.260625,0.26625,0.265,0.26,0.25625,0.2475,0.224375,0.248125,0.248125,0.265625,0.261875,0.241875,0.2425,0.250625,0.2575,0.26125,0.254375,0.255625,0.273125,0.2575,0.244375,0.260625,0.25375,0.243125,0.24625,0.2425,0.266875,0.24875,0.259375,0.255625,0.274375,0.259375,0.2275,0.256875,0.260625,0.241875,0.2525,0.260625,0.245,0.253125
0.3	GG	0.249375,0.241875,0.2475,0.22875,0.24875,0.236875,0.25625,0.236875,0.240625,0.24625,0.2375,0.245625,0.268125,0.259375,0.245,0.28125,0.245625,0.269375,0.23375,0.2375,0.259375,0.273125,0.245,0.234375,0.2575,0.243125,0.24125,0.245625,0.23625,0.254375,0.24125,0.26125,0.25,0.256875,0.25625,0.24875,0.245,0.2525,0.25125,0.254375,0.265625,0.240625,0.245625,0.258125,0.2525,0.27625,0.24125,0.238125,0.2575,0.25,0.243125,0.25375,0.27375,0.240625,0.249375,0.245,0.245,0.2525,0.255,0.263125,0.2525,0.2625,0.264375,0.245,0.243125,0.25875,0.244375,0.258125,0.2525,0.256875,0.2675,0.251875,0.24875,0.235,0.241875,0.255625,0.245625,0.24625,0.249375,0.245,0.24375,0.258125,0.24375,0.235625,0.248125,0.2625,0.258125,0.254375,0.253125,0.230625,0.256875,0.2575,0.25375,0.253125,0.270625,0.235,0.2375,0.275625,0.251875,0.25875,0.26125,0.229375,0.250625,0.248125,0.244375,0.261875,0.248125,0.23125,0.25625,0.254375,0.260625,0.23625,0.2275,0.246875,0.2725,0.25375,0.260625,0.245,0.245,0.251875,0.250625,0.256875,0.26,0.255,0.241875,0.24625,0.248125,0.251875,0.25625,0.27,0.239375,0.233125,0.2475,0.26,0.2525,0.25125,0.240625,0.2475,0.245625,0.25125,0.26375,0.255625,0.249375,0.24375,0.24125,0.26875,0.23375,0.238125,0.249375,0.24625,0.24,0.26,0.26,0.26,0.241875,0.246875,0.269375,0.234375,0.256875,0.265,0.24125,0.25125,0.240625,0.241875,0.261875,0.2375,0.25625,0.234375,0.2425,0.24125,0.249375,0.243125,0.25125,0.24375,0.244375,0.255625,0.253125,0.253125,0.258125,0.261875,0.246875,0.2475,0.236875,0.26,0.235625,0.25375,0.259375,0.245,0.2375,0.26875,0.24875,0.248125,0.25,0.2725,0.25125,0.259375,0.2575,0.253125,0.2575,0.260625
0.3	GG2	0.26625,0.245,0.24625,0.2475,0.24875,0.245625,0.258125,0.240625,0.235,0.250625,0.226875,0.254375,0.27125,0.250625,0.26,0.260625,0.26125,0.24625,0.235,0.2475,0.246875,0.255625,0.243125,0.2325,0.25875,0.251875,0.2475,0.24625,0.23625,0.256875,0.239375,0.261875,0.243125,0.25625,0.26,0.243125,0.23625,0.25,0.244375,0.26875,0.2475,0.244375,0.2575,0.239375,0.25,0.269375,0.249375,0.241875,0.25625,0.246875,0.24625,0.251875,0.279375,0.250625,0.2525,0.248125,0.251875,0.266875,0.250625,0.25125,0.2425,0.25,0.2575,0.23375,0.248125,0.27125,0.22625,0.26875,0.25375,0.265625,0.264375,0.243125,0.2425,0.238125,0.243125,0.2575,0.243125,0.2375,0.2525,0.241875,0.25,0.2575,0.240625,0.236875,0.24875,0.24625,0.25875,0.253125,0.25375,0.243125,0.25875,0.25,0.2625,0.261875,0.26125,0.230625,0.23625,0.265,0.255625,0.2575,0.265,0.22875,0.245625,0.2475,0.235,0.2575,0.265,0.22625,0.233125,0.25125,0.2575,0.235625,0.2275,0.249375,0.26,0.263125,0.2675,0.23875,0.240625,0.254375,0.225,0.2625,0.248125,0.260625,0.241875,0.24625,0.24,0.26,0.248125,0.27875,0.226875,0.24125,0.23875,0.255625,0.27,0.251875,0.231875,0.236875,0.241875,0.25375,0.255625,0.235,0.249375,0.243125,0.246875,0.26125,0.243125,0.2425,0.24625,0.24375,0.23625,0.251875,0.2525,0.26,0.2475,0.24125,0.240625,0.248125,0.244375,0.25,0.23875,0.255,0.235,0.23875,0.26125,0.2475,0.245625,0.244375,0.2325,0.2525,0.2525,0.25625,0.248125,0.24875,0.244375,0.253125,0.243125,0.251875,0.25875,0.26,0.24875,0.23875,0.25125,0.25875,0.239375,0.2625,0.263125,0.269375,0.22125,0.2625,0.2425,0.258125,0.2625,0.283125,0.24,0.261875,0.26375,0.245625,0.264375,0.26875
