0.0	GEE	0.71875,0.6675,0.688125,0.7025,0.686875,0.69875,0.729375,0.695625,0.680625,0.695,0.72375,0.69,0.720625,0.71375,0.71125,0.695625,0.720625,0.69125,0.70625,0.711875,0.686875,0.708125,0.714375,0.681875,0.66375,0.70375,0.705625,0.7,0.709375,0.6575,0.69625,0.701875,0.703125,0.66625,0.72375,0.663125,0.6875,0.70375,0.7,0.69125,0.72375,0.7175,0.709375,0.705625,0.69625,0.7,0.691875,0.700625,0.731875,0.6775,0.696875,0.69,0.735625,0.6825,0.701875,0.69,0.6975,0.6925,0.70125,0.7075,0.68625,0.70625,0.678125,0.67875,0.704375,0.690625,0.7025,0.729375,0.700625,0.7125,0.685,0.68125,0.635,0.65875,0.71625,0.70625,0.69,0.690625,0.703125,0.711875,0.70125,0.63125,0.706875,0.720625,0.711875,0.705625,0.719375,0.70625,0.650625,0.69875,0.701875,0.728125,0.690625,0.73,0.7125,0.72875,0.686875,0.694375,0.731875,0.70375,0.730625,0.69375,0.688125,0.71,0.715,0.68375,0.6875,0.725625,0.693125,0.7,0.719375,0.655,0.70375,0.665,0.689375,0.70875,0.715625,0.62875,0.7075,0.69875,0.68375,0.695,0.69625,0.698125,0.714375,0.71375,0.709375,0.72625,0.694375,0.63625,0.7025,0.680625,0.69375,0.703125,0.643125,0.638125,0.695,0.705,0.695625,0.709375,0.705625,0.653125,0.683125,0.659375,0.7025,0.69375,0.695625,0.708125,0.711875,0.714375,0.694375,0.695625,0.719375,0.720625,0.728125,0.684375,0.71,0.715,0.71625,0.683125,0.683125,0.675,0.7025,0.721875,0.6675,0.70625,0.665,0.67625,0.71,0.74125,0.709375,0.718125,0.695,0.68625,0.70375,0.728125,0.693125,0.685625,0.74,0.67,0.675625,0.666875,0.69125,0.72125,0.7,0.6875,0.705,0.73125,0.73125,0.70375,0.724375,0.71875,0.644375,0.6875,0.708125,0.670625,0.708125,0.71625,0.705625,0.715625
0.0	GNN	0.71625,0.539375,0.585,0.659375,0.6475,0.66875,0.508125,0.604375,0.5725,0.571875,0.675625,0.72,0.48625,0.62125,0.406875,0.6325,0.46125,0.46875,0.691875,0.446875,0.6575,0.52125,0.570625,0.56625,0.536875,0.54125,0.48375,0.608125,0.483125,0.44625,0.590625,0.518125,0.525625,0.693125,0.569375,0.696875,0.61125,0.4325,0.56375,0.52125,0.570625,0.5375,0.5625,0.63,0.5575,0.64625,0.47125,0.628125,0.52375,0.599375,0.460625,0.47375,0.7875,0.573125,0.625,0.528125,0.67,0.69125,0.505625,0.625,0.4425,0.72,0.62,0.74875,0.575625,0.455,0.505625,0.6275,0.531875,0.505625,0.57875,0.535,0.674375,0.445625,0.46625,0.74875,0.628125,0.62125,0.578125,0.67,0.55375,0.46875,0.661875,0.64875,0.510625,0.691875,0.54875,0.66,0.605,0.735,0.431875,0.575,0.581875,0.665,0.506875,0.615,0.670625,0.579375,0.723125,0.61125,0.521875,0.51125,0.67125,0.62125,0.71625,0.495625,0.625625,0.688125,0.45125,0.451875,0.52375,0.635,0.5825,0.7125,0.5475,0.4875,0.553125,0.584375,0.625625,0.50375,0.5125,0.529375,0.50625,0.38625,0.62,0.691875,0.4525,0.54375,0.62625,0.48125,0.5,0.494375,0.7,0.56875,0.609375,0.551875,0.585625,0.515,0.52875,0.495625,0.5325,0.598125,0.5875,0.701875,0.544375,0.476875,0.49125,0.628125,0.6,0.56875,0.7175,0.516875,0.499375,0.536875,0.519375,0.44125,0.54,0.635625,0.595,0.586875,0.63875,0.701875,0.638125,0.450625,0.58125,0.683125,0.50375,0.464375,0.445,0.650625,0.52,0.6925,0.6,0.493125,0.713125,0.638125,0.600625,0.561875,0.67125,0.59625,0.479375,0.5025,0.600625,0.468125,0.600625,0.635625,0.669375,0.62125,0.65,0.568125,0.5675,0.589375,0.5125,0.5825,0.62875,0.545625,0.671875,0.59875,0.436875,0.5775
0.0	GG	0.751875,0.711875,0.783125,0.72875,0.725,0.78,0.72,0.721875,0.7275,0.765625,0.756875,0.67625,0.670625,0.8,0.6575,0.659375,0.71625,0.76,0.7475,0.765625,0.741875,0.775625,0.71125,0.733125,0.6325,0.695625,0.70125,0.698125,0.6,0.813125,0.636875,0.531875,0.73375,0.7975,0.72625,0.735625,0.744375,0.810625,0.589375,0.771875,0.71,0.688125,0.771875,0.81625,0.755625,0.756875,0.809375,0.825,0.70125,0.670625,0.68,0.755,0.780625,0.805,0.754375,0.7375,0.755625,0.82375,0.691875,0.71375,0.646875,0.758125,0.68375,0.7475,0.796875,0.674375,0.790625,0.725,0.78875,0.709375,0.66625,0.708125,0.786875,0.7775,0.6525,0.799375,0.583125,0.68625,0.78875,0.723125,0.804375,0.84375,0.686875,0.68375,0.665625,0.539375,0.868125,0.70125,0.70375,0.704375,0.76,0.798125,0.67875,0.695,0.76125,0.7625,0.68875,0.715625,0.74875,0.80125,0.718125,0.7075,0.856875,0.82375,0.675,0.75625,0.705625,0.72625,0.7,0.716875,0.75375,0.696875,0.856875,0.766875,0.776875,0.5075,0.7375,0.70375,0.81,0.665625,0.58,0.673125,0.825,0.724375,0.75625,0.789375,0.695,0.66875,0.721875,0.70125,0.669375,0.8075,0.65125,0.76875,0.79,0.730625,0.8175,0.768125,0.71875,0.788125,0.74375,0.718125,0.825,0.70375,0.7125,0.8175,0.71,0.8275,0.68875,0.7875,0.7975,0.78125,0.6825,0.69375,0.7825,0.799375,0.753125,0.795,0.71375,0.68875,0.759375,0.86625,0.716875,0.673125,0.613125,0.61625,0.73,0.70125,0.78,0.7275,0.684375,0.67125,0.733125,0.73875,0.72125,0.76,0.738125,0.781875,0.735,0.70125,0.7175,0.835625,0.7275,0.839375,0.81125,0.7425,0.738125,0.7225,0.679375,0.714375,0.78875,0.776875,0.638125,0.6675,0.77,0.7325,0.620625,0.6825,0.81125,0.678125
0.0	GG2	0.8525,0.814375,0.84625,0.78375,0.700625,0.878125,0.81,0.73125,0.8025,0.82125,0.844375,0.816875,0.776875,0.809375,0.751875,0.79375,0.801875,0.831875,0.795,0.775,0.785,0.745625,0.785625,0.73625,0.700625,0.76875,0.76375,0.76,0.73125,0.8525,0.851875,0.8,0.854375,0.88125,0.866875,0.7675,0.811875,0.85375,0.86125,0.714375,0.7675,0.788125,0.846875,0.875,0.778125,0.793125,0.885625,0.820625,0.815625,0.801875,0.706875,0.78,0.89375,0.83625,0.8,0.846875,0.82125,0.86,0.738125,0.80625,0.698125,0.77625,0.75125,0.838125,0.866875,0.76875,0.826875,0.73125,0.8125,0.77,0.77125,0.763125,0.81625,0.835,0.788125,0.82375,0.771875,0.871875,0.855625,0.8025,0.78625,0.853125,0.749375,0.70625,0.86,0.705625,0.88125,0.84625,0.835625,0.8075,0.794375,0.794375,0.8575,0.695625,0.819375,0.815625,0.7075,0.663125,0.8,0.835,0.8175,0.75375,0.83,0.813125,0.82,0.763125,0.753125,0.80625,0.709375,0.83125,0.865,0.71,0.861875,0.833125,0.8475,0.619375,0.8125,0.85125,0.8525,0.730625,0.69375,0.7425,0.8625,0.836875,0.78,0.816875,0.7775,0.771875,0.735,0.675,0.735,0.858125,0.754375,0.820625,0.74,0.7875,0.825625,0.700625,0.7825,0.80125,0.735625,0.85375,0.855625,0.70375,0.806875,0.849375,0.690625,0.855625,0.853125,0.84625,0.82375,0.85875,0.775625,0.81,0.784375,0.7625,0.795,0.85625,0.71875,0.685625,0.774375,0.86125,0.720625,0.7225,0.86375,0.70875,0.795,0.745625,0.795625,0.855,0.79125,0.795625,0.818125,0.866875,0.764375,0.81375,0.83875,0.863125,0.849375,0.803125,0.803125,0.865,0.82125,0.889375,0.826875,0.779375,0.811875,0.831875,0.741875,0.871875,0.873125,0.849375,0.709375,0.69375,0.81125,0.818125,0.7875,0.77375,0.801875,0.808125
0.02	GEE	0.694375,0.645,0.675,0.65625,0.674375,0.661875,0.665,0.654375,0.6625,0.591875,0.625625,0.684375,0.649375,0.65625,0.565625,0.59625,0.689375,0.593125,0.644375,0.666875,0.67125,0.6575,0.665625,0.659375,0.628125,0.679375,0.635625,0.6875,0.583125,0.6575,0.658125,0.64625,0.630625,0.67125,0.6775,0.65625,0.68,0.66625,0.590625,0.6725,0.616875,0.67875,0.663125,0.595625,0.669375,0.590625,0.646875,0.685,0.676875,0.695625,0.684375,0.63375,0.655625,0.68125,0.66125,0.66,0.6775,0.66375,0.660625,0.66625,0.676875,0.685,0.664375,0.63125,0.648125,0.629375,0.65375,0.648125,0.674375,0.65625,0.583125,0.613125,0.670625,0.650625,0.625625,0.681875,0.6925,0.65125,0.631875,0.6325,0.636875,0.645625,0.69625,0.6525,0.694375,0.658125,0.6225,0.693125,0.683125,0.66875,0.675,0.62625,0.61375,0.64125,0.645,0.67125,0.66125,0.661875,0.693125,0.65,0.586875,0.6825,0.61125,0.67125,0.669375,0.67125,0.680625,0.6375,0.700625,0.681875,0.6675,0.66875,0.62,0.6325,0.6625,0.70125,0.6475,0.584375,0.664375,0.61,0.64875,0.63625,0.655625,0.676875,0.66375,0.645625,0.644375,0.63875,0.605,0.65875,0.606875,0.5975,0.61875,0.653125,0.6675,0.694375,0.65375,0.653125,0.648125,0.680625,0.65625,0.685,0.683125,0.6225,0.688125,0.5975,0.6025,0.65625,0.57,0.663125,0.65375,0.625,0.67375,0.653125,0.64125,0.678125,0.621875,0.66875,0.65375,0.65625,0.65875,0.5975,0.634375,0.694375,0.6275,0.669375,0.5975,0.636875,0.6775,0.653125,0.67375,0.655625,0.688125,0.598125,0.68375,0.6875,0.649375,0.609375,0.661875,0.65125,0.65625,0.60875,0.639375,0.669375,0.65125,0.685,0.65375,0.684375,0.65875,0.660625,0.7025,0.590625,0.693125,0.626875,0.6775,0.64625,0.66125,0.668125,0.63625,0.688125
0.02	GNN	0.63125,0.49875,0.491875,0.525,0.500625,0.573125,0.44875,0.468125,0.518125,0.46375,0.570625,0.631875,0.425,0.544375,0.32,0.5475,0.445,0.42625,0.574375,0.388125,0.530625,0.34625,0.528125,0.496875,0.445625,0.440625,0.429375,0.521875,0.4275,0.408125,0.53875,0.479375,0.475,0.583125,0.518125,0.57875,0.518125,0.438125,0.54375,0.410625,0.44,0.475,0.505,0.53375,0.5075,0.571875,0.465625,0.500625,0.445625,0.5325,0.4375,0.435625,0.68625,0.510625,0.544375,0.494375,0.565,0.586875,0.381875,0.544375,0.375625,0.575625,0.51625,0.68,0.484375,0.393125,0.48875,0.4825,0.508125,0.404375,0.47625,0.489375,0.610625,0.395,0.37875,0.62375,0.490625,0.493125,0.536875,0.568125,0.480625,0.471875,0.561875,0.575625,0.475625,0.596875,0.51,0.584375,0.53625,0.695,0.3825,0.529375,0.441875,0.52125,0.454375,0.558125,0.601875,0.54875,0.63375,0.518125,0.42,0.47,0.599375,0.548125,0.60375,0.489375,0.54,0.56125,0.3875,0.42125,0.47,0.5375,0.525,0.6275,0.479375,0.42625,0.508125,0.533125,0.540625,0.484375,0.409375,0.461875,0.454375,0.38375,0.52375,0.6475,0.46875,0.464375,0.555625,0.4575,0.44875,0.45,0.621875,0.53,0.563125,0.41375,0.5175,0.471875,0.424375,0.416875,0.42625,0.49,0.506875,0.640625,0.52375,0.42625,0.443125,0.5625,0.489375,0.41125,0.615625,0.42375,0.455,0.530625,0.44125,0.33,0.505,0.540625,0.539375,0.509375,0.628125,0.57125,0.541875,0.346875,0.52375,0.52375,0.39,0.405625,0.3675,0.540625,0.429375,0.52625,0.52625,0.394375,0.539375,0.6175,0.515,0.513125,0.518125,0.57625,0.389375,0.39375,0.534375,0.413125,0.503125,0.588125,0.529375,0.523125,0.540625,0.515625,0.4725,0.523125,0.458125,0.44,0.588125,0.5,0.5725,0.44625,0.37,0.52625
0.02	GG	0.68125,0.673125,0.685625,0.7025,0.638125,0.716875,0.60625,0.66,0.71,0.71125,0.661875,0.640625,0.66125,0.7375,0.595,0.61125,0.674375,0.696875,0.675625,0.665,0.6525,0.713125,0.66,0.665625,0.59875,0.63625,0.623125,0.6675,0.61,0.725625,0.6075,0.60625,0.6975,0.745625,0.686875,0.678125,0.69375,0.736875,0.594375,0.72125,0.643125,0.6,0.696875,0.669375,0.66375,0.686875,0.72875,0.734375,0.62625,0.666875,0.63375,0.70125,0.671875,0.69625,0.66,0.67625,0.690625,0.74375,0.635,0.694375,0.626875,0.698125,0.701875,0.69125,0.674375,0.604375,0.718125,0.695,0.6925,0.675,0.674375,0.67875,0.746875,0.680625,0.668125,0.73375,0.5775,0.60625,0.709375,0.655625,0.74875,0.761875,0.63625,0.606875,0.640625,0.559375,0.771875,0.72125,0.6575,0.6475,0.6875,0.69875,0.68875,0.59375,0.65,0.69875,0.599375,0.66875,0.674375,0.711875,0.7275,0.634375,0.769375,0.746875,0.646875,0.645,0.67,0.704375,0.66125,0.708125,0.70125,0.629375,0.758125,0.68625,0.630625,0.59375,0.684375,0.595625,0.755,0.606875,0.5775,0.60125,0.754375,0.659375,0.661875,0.70625,0.611875,0.568125,0.72125,0.71125,0.633125,0.7275,0.63,0.728125,0.710625,0.6575,0.756875,0.704375,0.671875,0.72625,0.704375,0.68375,0.7325,0.675625,0.650625,0.731875,0.691875,0.770625,0.625625,0.74125,0.72625,0.679375,0.5975,0.62375,0.744375,0.74625,0.709375,0.710625,0.63125,0.6175,0.69875,0.76375,0.62875,0.6275,0.62125,0.624375,0.668125,0.6425,0.723125,0.63,0.658125,0.61125,0.684375,0.680625,0.650625,0.69875,0.665,0.753125,0.658125,0.574375,0.716875,0.77875,0.72875,0.7675,0.69375,0.688125,0.634375,0.699375,0.611875,0.606875,0.71875,0.715,0.609375,0.645,0.671875,0.675625,0.6475,0.6475,0.73125,0.64625
0.02	GG2	0.708125,0.6675,0.718125,0.71,0.6525,0.759375,0.726875,0.716875,0.699375,0.6725,0.66375,0.676875,0.71625,0.745625,0.673125,0.590625,0.753125,0.713125,0.73875,0.675,0.694375,0.6925,0.719375,0.68375,0.666875,0.678125,0.686875,0.720625,0.60375,0.756875,0.681875,0.6375,0.760625,0.753125,0.76875,0.739375,0.731875,0.7475,0.620625,0.72625,0.69125,0.70375,0.7225,0.77,0.7225,0.65125,0.735,0.7325,0.725625,0.710625,0.684375,0.6975,0.689375,0.758125,0.68125,0.709375,0.753125,0.76125,0.650625,0.739375,0.71875,0.685,0.7225,0.694375,0.749375,0.6375,0.750625,0.66625,0.699375,0.643125,0.700625,0.710625,0.765625,0.744375,0.714375,0.745625,0.688125,0.6875,0.76625,0.674375,0.751875,0.78125,0.646875,0.629375,0.704375,0.62125,0.7875,0.72,0.705625,0.6825,0.71125,0.730625,0.7025,0.59875,0.676875,0.70375,0.65,0.67375,0.725625,0.753125,0.746875,0.7075,0.765,0.77125,0.703125,0.71375,0.720625,0.72,0.721875,0.719375,0.675625,0.688125,0.78875,0.723125,0.743125,0.6925,0.725625,0.6825,0.743125,0.659375,0.65,0.72375,0.785,0.6875,0.678125,0.761875,0.755625,0.67125,0.719375,0.745,0.67125,0.791875,0.718125,0.754375,0.744375,0.72,0.77375,0.694375,0.661875,0.7325,0.658125,0.7675,0.74,0.61875,0.729375,0.775625,0.7,0.783125,0.653125,0.763125,0.740625,0.679375,0.69375,0.693125,0.743125,0.745625,0.755625,0.731875,0.6575,0.725625,0.735,0.7175,0.661875,0.6575,0.6125,0.681875,0.7025,0.7125,0.74625,0.749375,0.735625,0.660625,0.7425,0.690625,0.636875,0.716875,0.730625,0.7775,0.71625,0.675625,0.771875,0.789375,0.75,0.77375,0.713125,0.71375,0.688125,0.7625,0.6925,0.68625,0.75375,0.7325,0.6925,0.605625,0.770625,0.68875,0.66125,0.680625,0.7425,0.715
0.04	GEE	0.63375,0.570625,0.605625,0.593125,0.640625,0.58625,0.56125,0.60625,0.61,0.621875,0.58625,0.603125,0.580625,0.60375,0.6475,0.63375,0.59625,0.639375,0.58625,0.591875,0.614375,0.589375,0.601875,0.6375,0.589375,0.6,0.62,0.62125,0.63375,0.60375,0.55375,0.59,0.613125,0.60875,0.583125,0.649375,0.62625,0.61625,0.60125,0.62625,0.605625,0.56,0.59625,0.599375,0.600625,0.594375,0.554375,0.564375,0.604375,0.62375,0.65,0.585625,0.62,0.5975,0.560625,0.586875,0.63375,0.62375,0.60625,0.61625,0.62,0.605,0.609375,0.635625,0.630625,0.59625,0.6,0.57625,0.60125,0.63625,0.616875,0.620625,0.60625,0.621875,0.6225,0.62875,0.64875,0.643125,0.595,0.600625,0.616875,0.629375,0.65125,0.64,0.596875,0.634375,0.56375,0.636875,0.619375,0.62125,0.59625,0.583125,0.61375,0.623125,0.605,0.60375,0.614375,0.61125,0.66875,0.57125,0.581875,0.56625,0.560625,0.63,0.64625,0.574375,0.645625,0.595625,0.591875,0.616875,0.6175,0.593125,0.606875,0.610625,0.611875,0.608125,0.615,0.574375,0.60875,0.6325,0.56625,0.600625,0.64375,0.6375,0.636875,0.575,0.63375,0.615,0.63,0.628125,0.63375,0.64125,0.640625,0.645625,0.553125,0.615,0.623125,0.623125,0.62,0.640625,0.6175,0.571875,0.626875,0.625,0.631875,0.61625,0.65375,0.61875,0.62625,0.57375,0.61875,0.5975,0.654375,0.60875,0.565625,0.55125,0.605,0.6275,0.565,0.61375,0.538125,0.59125,0.65625,0.646875,0.62375,0.575625,0.594375,0.59875,0.62125,0.625,0.576875,0.56125,0.605,0.62375,0.55625,0.568125,0.60875,0.605625,0.648125,0.61125,0.57125,0.554375,0.60625,0.560625,0.63625,0.625625,0.609375,0.609375,0.593125,0.585625,0.6075,0.6375,0.629375,0.62375,0.589375,0.634375,0.626875,0.60125,0.63875,0.63375
0.04	GNN	0.584375,0.47875,0.4475,0.4325,0.380625,0.524375,0.41625,0.445,0.4575,0.37375,0.47625,0.57125,0.37625,0.5275,0.323125,0.51625,0.398125,0.43375,0.5175,0.303125,0.461875,0.335625,0.49375,0.465625,0.400625,0.41375,0.394375,0.47125,0.3725,0.39625,0.531875,0.45375,0.4275,0.519375,0.45125,0.534375,0.440625,0.441875,0.4475,0.416875,0.40375,0.46625,0.44125,0.451875,0.486875,0.515625,0.44125,0.4825,0.370625,0.4525,0.395625,0.349375,0.608125,0.446875,0.484375,0.46375,0.466875,0.51875,0.368125,0.47625,0.36625,0.505,0.458125,0.626875,0.483125,0.39625,0.459375,0.463125,0.429375,0.383125,0.40625,0.5,0.543125,0.354375,0.314375,0.5675,0.45,0.47,0.485,0.530625,0.4175,0.44375,0.525625,0.505,0.42375,0.535,0.5275,0.52125,0.489375,0.6475,0.32,0.514375,0.38,0.475625,0.395625,0.523125,0.514375,0.5125,0.5175,0.42625,0.39375,0.42875,0.516875,0.510625,0.6175,0.439375,0.49625,0.509375,0.376875,0.381875,0.455,0.566875,0.486875,0.513125,0.41625,0.374375,0.46375,0.505625,0.49875,0.4475,0.39125,0.44625,0.45875,0.32125,0.49625,0.57625,0.444375,0.43875,0.46,0.425,0.411875,0.434375,0.5725,0.515625,0.499375,0.363125,0.445,0.40625,0.379375,0.391875,0.39,0.375,0.428125,0.601875,0.480625,0.403125,0.400625,0.593125,0.463125,0.36,0.549375,0.369375,0.421875,0.4875,0.358125,0.31375,0.4775,0.515625,0.484375,0.459375,0.54,0.47875,0.508125,0.336875,0.501875,0.493125,0.35125,0.396875,0.3625,0.515,0.388125,0.479375,0.473125,0.4,0.510625,0.5475,0.44875,0.4525,0.4275,0.52125,0.353125,0.38,0.484375,0.384375,0.395625,0.515,0.445,0.484375,0.495,0.4775,0.41875,0.463125,0.4,0.431875,0.550625,0.4675,0.50625,0.391875,0.324375,0.478125
0.04	GG	0.644375,0.650625,0.645,0.679375,0.625,0.65875,0.57,0.63,0.658125,0.66,0.62125,0.63875,0.61125,0.683125,0.58625,0.57125,0.60625,0.671875,0.68625,0.585,0.58875,0.641875,0.65875,0.625,0.6,0.591875,0.609375,0.62,0.566875,0.684375,0.566875,0.60125,0.66875,0.6775,0.671875,0.6675,0.64125,0.69375,0.54875,0.65,0.638125,0.570625,0.635625,0.651875,0.6025,0.644375,0.65875,0.6825,0.605625,0.63375,0.608125,0.656875,0.645,0.675,0.59375,0.620625,0.64375,0.6675,0.623125,0.553125,0.568125,0.67875,0.63625,0.666875,0.609375,0.59,0.640625,0.618125,0.6325,0.64375,0.643125,0.635,0.68625,0.620625,0.63625,0.66625,0.560625,0.605,0.65375,0.63625,0.66875,0.684375,0.59875,0.60625,0.61,0.5625,0.71625,0.619375,0.58125,0.60625,0.63875,0.615625,0.598125,0.573125,0.5975,0.665,0.54875,0.625,0.6325,0.653125,0.61875,0.6225,0.685,0.685,0.628125,0.589375,0.63375,0.685,0.60375,0.655625,0.654375,0.6075,0.66875,0.61375,0.580625,0.54375,0.654375,0.599375,0.685,0.590625,0.556875,0.603125,0.710625,0.633125,0.626875,0.686875,0.60125,0.578125,0.67375,0.659375,0.57375,0.65375,0.580625,0.685625,0.66375,0.603125,0.689375,0.618125,0.64875,0.684375,0.620625,0.63125,0.638125,0.654375,0.633125,0.663125,0.655,0.72375,0.581875,0.70375,0.65625,0.653125,0.58125,0.59375,0.69875,0.68125,0.6175,0.67,0.586875,0.6075,0.62625,0.654375,0.629375,0.633125,0.615625,0.5625,0.6325,0.616875,0.6675,0.636875,0.630625,0.559375,0.636875,0.631875,0.61125,0.6625,0.61625,0.666875,0.619375,0.529375,0.67625,0.699375,0.673125,0.67375,0.684375,0.638125,0.61875,0.6375,0.58375,0.566875,0.6725,0.711875,0.585625,0.5775,0.656875,0.62125,0.633125,0.60375,0.65375,0.594375
0.04	GG2	0.64375,0.67625,0.678125,0.658125,0.62875,0.673125,0.68375,0.651875,0.6725,0.67625,0.663125,0.620625,0.625625,0.68,0.6225,0.633125,0.64375,0.666875,0.64,0.604375,0.643125,0.62875,0.638125,0.64625,0.64875,0.6325,0.660625,0.655625,0.62625,0.6925,0.666875,0.625625,0.696875,0.691875,0.718125,0.729375,0.661875,0.709375,0.659375,0.640625,0.661875,0.553125,0.64625,0.725625,0.646875,0.6425,0.649375,0.68625,0.655,0.6425,0.610625,0.656875,0.6725,0.695625,0.6125,0.596875,0.71125,0.679375,0.6275,0.723125,0.641875,0.681875,0.710625,0.674375,0.6475,0.59125,0.68,0.651875,0.6525,0.684375,0.695625,0.654375,0.72875,0.674375,0.691875,0.675,0.579375,0.631875,0.67875,0.630625,0.67125,0.7,0.6425,0.629375,0.66625,0.625625,0.7325,0.655,0.6225,0.651875,0.649375,0.625625,0.624375,0.616875,0.6775,0.678125,0.590625,0.63,0.665,0.691875,0.588125,0.626875,0.67375,0.726875,0.64,0.634375,0.654375,0.68625,0.614375,0.679375,0.64875,0.62625,0.63875,0.70375,0.611875,0.5875,0.66875,0.638125,0.705,0.6525,0.625625,0.625,0.735,0.660625,0.62625,0.64375,0.68125,0.6375,0.663125,0.664375,0.653125,0.69375,0.65625,0.709375,0.625625,0.65875,0.68625,0.615,0.651875,0.739375,0.62625,0.68,0.66125,0.635625,0.63625,0.69125,0.64375,0.729375,0.665625,0.660625,0.673125,0.665625,0.625,0.645,0.68625,0.68625,0.705,0.68625,0.61125,0.63125,0.6575,0.66,0.67625,0.6325,0.6275,0.605,0.611875,0.634375,0.6475,0.675,0.68,0.623125,0.665,0.67,0.6075,0.693125,0.66375,0.6875,0.673125,0.63,0.68875,0.715625,0.629375,0.67875,0.69125,0.665,0.6525,0.669375,0.59375,0.646875,0.705625,0.706875,0.6225,0.616875,0.639375,0.6525,0.645625,0.61875,0.67,0.593125
0.06	GEE	0.59625,0.53,0.585625,0.57,0.553125,0.565,0.509375,0.575,0.596875,0.544375,0.570625,0.56875,0.508125,0.5625,0.538125,0.579375,0.58625,0.515625,0.598125,0.55,0.576875,0.589375,0.5875,0.481875,0.58,0.581875,0.54375,0.5675,0.55,0.51625,0.549375,0.54875,0.584375,0.48625,0.558125,0.5675,0.493125,0.563125,0.5425,0.535,0.5475,0.555,0.499375,0.56125,0.5425,0.548125,0.535,0.49375,0.570625,0.5775,0.595,0.505625,0.595,0.54875,0.488125,0.560625,0.55,0.500625,0.550625,0.55375,0.533125,0.546875,0.569375,0.5875,0.565,0.586875,0.5625,0.53125,0.4975,0.5075,0.5675,0.57625,0.5725,0.599375,0.56,0.57,0.55875,0.569375,0.545625,0.57,0.62375,0.570625,0.56125,0.5525,0.4975,0.586875,0.515625,0.493125,0.550625,0.54875,0.5525,0.5625,0.561875,0.49625,0.560625,0.495625,0.55875,0.556875,0.539375,0.5625,0.5575,0.543125,0.56375,0.596875,0.544375,0.58,0.568125,0.54125,0.570625,0.58625,0.553125,0.5775,0.5125,0.58625,0.551875,0.575,0.5475,0.599375,0.590625,0.5825,0.564375,0.58625,0.584375,0.576875,0.584375,0.564375,0.53875,0.555625,0.595,0.506875,0.57875,0.489375,0.51375,0.535,0.5825,0.4975,0.561875,0.579375,0.550625,0.548125,0.564375,0.608125,0.55375,0.566875,0.5775,0.529375,0.55375,0.5475,0.5625,0.59875,0.578125,0.5525,0.571875,0.575,0.5825,0.55875,0.559375,0.56875,0.58875,0.560625,0.555,0.5525,0.5475,0.56875,0.57,0.5775,0.560625,0.550625,0.506875,0.49375,0.561875,0.51375,0.54625,0.53875,0.5375,0.575,0.509375,0.495,0.558125,0.55875,0.55125,0.54,0.53375,0.513125,0.559375,0.580625,0.563125,0.525625,0.55375,0.495,0.56125,0.5975,0.58125,0.589375,0.495625,0.519375,0.5725,0.500625,0.514375,0.595625
0.06	GNN	0.540625,0.4325,0.4125,0.3825,0.32125,0.430625,0.3775,0.3725,0.4475,0.358125,0.41875,0.505625,0.37625,0.473125,0.274375,0.465,0.393125,0.415625,0.468125,0.309375,0.389375,0.331875,0.443125,0.411875,0.385625,0.385,0.361875,0.41,0.345625,0.33625,0.450625,0.43875,0.406875,0.515625,0.379375,0.4675,0.383125,0.41,0.42625,0.398125,0.3625,0.44,0.40625,0.414375,0.458125,0.4525,0.42,0.4225,0.373125,0.4175,0.340625,0.331875,0.52125,0.3975,0.42375,0.41,0.404375,0.49625,0.335,0.416875,0.339375,0.466875,0.406875,0.5625,0.43,0.3525,0.39875,0.399375,0.4175,0.363125,0.36875,0.458125,0.501875,0.331875,0.3325,0.478125,0.40875,0.395,0.48125,0.464375,0.376875,0.425,0.433125,0.484375,0.390625,0.4575,0.458125,0.51875,0.4575,0.5975,0.369375,0.460625,0.38125,0.410625,0.388125,0.431875,0.503125,0.483125,0.4625,0.41625,0.348125,0.3575,0.505625,0.464375,0.54625,0.418125,0.44,0.415,0.328125,0.359375,0.36875,0.4825,0.45125,0.448125,0.37375,0.36,0.4475,0.484375,0.48125,0.4075,0.326875,0.395625,0.4225,0.255625,0.41625,0.521875,0.4375,0.4225,0.473125,0.348125,0.389375,0.385625,0.48625,0.46,0.475,0.3,0.4025,0.39875,0.34125,0.348125,0.38375,0.361875,0.38375,0.516875,0.43625,0.379375,0.3725,0.5275,0.4125,0.27625,0.473125,0.344375,0.37625,0.43625,0.3675,0.28125,0.45125,0.47875,0.4275,0.396875,0.515625,0.37,0.434375,0.310625,0.469375,0.431875,0.304375,0.35125,0.3475,0.455625,0.345,0.39,0.44375,0.3475,0.454375,0.504375,0.4175,0.439375,0.440625,0.470625,0.3225,0.31125,0.44,0.334375,0.394375,0.4725,0.388125,0.428125,0.444375,0.42125,0.386875,0.441875,0.355,0.365,0.478125,0.449375,0.438125,0.3775,0.323125,0.455625
0.06	GG	0.598125,0.57125,0.6175,0.62625,0.571875,0.61125,0.5475,0.585,0.61375,0.60625,0.54375,0.59625,0.54,0.639375,0.52,0.52875,0.568125,0.59875,0.618125,0.568125,0.523125,0.581875,0.586875,0.55625,0.5125,0.574375,0.546875,0.54375,0.52125,0.6175,0.54625,0.53375,0.59875,0.59625,0.6025,0.57625,0.578125,0.619375,0.550625,0.605,0.561875,0.523125,0.5875,0.589375,0.56125,0.6025,0.55625,0.600625,0.523125,0.578125,0.534375,0.613125,0.56125,0.57125,0.56125,0.560625,0.55125,0.610625,0.570625,0.599375,0.5525,0.564375,0.555,0.61,0.52625,0.52,0.603125,0.565,0.590625,0.58625,0.55875,0.588125,0.626875,0.60875,0.58,0.60625,0.49125,0.53875,0.599375,0.620625,0.62875,0.6225,0.501875,0.54625,0.565625,0.528125,0.65625,0.56,0.56375,0.549375,0.57625,0.571875,0.57875,0.515625,0.544375,0.59875,0.515,0.59125,0.54375,0.595625,0.610625,0.526875,0.634375,0.613125,0.57125,0.555625,0.560625,0.6025,0.55375,0.615625,0.621875,0.53,0.616875,0.623125,0.53375,0.521875,0.56875,0.54125,0.614375,0.535625,0.536875,0.596875,0.6525,0.5525,0.57625,0.609375,0.523125,0.53625,0.634375,0.599375,0.52625,0.539375,0.53375,0.61375,0.614375,0.55875,0.625625,0.575,0.580625,0.5975,0.565,0.56875,0.558125,0.603125,0.560625,0.60875,0.564375,0.624375,0.543125,0.628125,0.606875,0.579375,0.478125,0.523125,0.5975,0.605,0.564375,0.579375,0.53875,0.54125,0.56,0.611875,0.514375,0.538125,0.586875,0.50125,0.566875,0.58,0.599375,0.56,0.57,0.5275,0.571875,0.554375,0.563125,0.575625,0.61125,0.586875,0.56125,0.508125,0.595625,0.618125,0.588125,0.6275,0.58375,0.5825,0.5425,0.551875,0.55625,0.5225,0.601875,0.6375,0.533125,0.54875,0.556875,0.565625,0.5575,0.568125,0.591875,0.58
0.06	GG2	0.606875,0.58,0.636875,0.62125,0.565625,0.628125,0.593125,0.595,0.628125,0.6175,0.600625,0.58375,0.565,0.651875,0.54125,0.56,0.605625,0.64125,0.65,0.563125,0.579375,0.606875,0.591875,0.54125,0.56,0.593125,0.575,0.543125,0.538125,0.61375,0.575,0.59375,0.628125,0.604375,0.629375,0.601875,0.58,0.6175,0.575625,0.605625,0.56375,0.5575,0.5925,0.65625,0.59375,0.59375,0.574375,0.579375,0.59375,0.57625,0.565,0.616875,0.581875,0.603125,0.55125,0.60625,0.621875,0.626875,0.55625,0.625625,0.623125,0.621875,0.593125,0.614375,0.59,0.56,0.628125,0.555,0.59125,0.59875,0.606875,0.600625,0.62625,0.6025,0.59625,0.623125,0.56,0.576875,0.62875,0.6075,0.6575,0.63875,0.534375,0.550625,0.604375,0.5675,0.67375,0.561875,0.59625,0.57125,0.593125,0.59375,0.586875,0.531875,0.58875,0.6025,0.5625,0.594375,0.576875,0.6075,0.6125,0.54875,0.645625,0.613125,0.588125,0.605,0.566875,0.585625,0.60375,0.616875,0.6275,0.58875,0.624375,0.6275,0.593125,0.558125,0.601875,0.599375,0.645625,0.599375,0.57375,0.636875,0.65375,0.549375,0.5775,0.61375,0.5875,0.581875,0.639375,0.59875,0.576875,0.580625,0.599375,0.630625,0.61,0.58375,0.63,0.583125,0.581875,0.638125,0.56875,0.640625,0.575,0.59375,0.5875,0.638125,0.5825,0.60625,0.59625,0.625,0.63875,0.631875,0.556875,0.54375,0.60375,0.598125,0.62625,0.635,0.5725,0.584375,0.614375,0.62375,0.61375,0.55375,0.590625,0.584375,0.581875,0.565625,0.616875,0.5525,0.59375,0.594375,0.605625,0.5775,0.595,0.590625,0.62875,0.588125,0.58625,0.586875,0.630625,0.62625,0.591875,0.606875,0.645,0.591875,0.5875,0.59125,0.55625,0.56,0.63375,0.6475,0.55125,0.58125,0.56125,0.563125,0.57125,0.57875,0.61375,0.58125
0.08	GEE	0.55625,0.54375,0.561875,0.5375,0.51375,0.500625,0.508125,0.544375,0.59,0.52125,0.535625,0.480625,0.498125,0.51375,0.54125,0.55875,0.518125,0.580625,0.528125,0.54875,0.573125,0.5475,0.5725,0.571875,0.549375,0.571875,0.530625,0.59,0.545625,0.555,0.555625,0.5325,0.5675,0.499375,0.588125,0.56,0.600625,0.57375,0.5475,0.5275,0.52125,0.52,0.581875,0.50125,0.5425,0.545625,0.523125,0.505625,0.556875,0.535625,0.55125,0.48875,0.523125,0.5225,0.561875,0.540625,0.575,0.569375,0.57375,0.50375,0.508125,0.544375,0.5825,0.535,0.55,0.53375,0.54375,0.53625,0.559375,0.563125,0.56125,0.55125,0.51125,0.53625,0.518125,0.515625,0.55875,0.49375,0.541875,0.545,0.53625,0.525,0.5675,0.538125,0.4925,0.5675,0.56125,0.506875,0.536875,0.56375,0.501875,0.539375,0.55,0.564375,0.53125,0.496875,0.52625,0.5575,0.486875,0.55875,0.511875,0.46875,0.541875,0.56875,0.5725,0.56,0.544375,0.52,0.556875,0.54,0.541875,0.525625,0.563125,0.554375,0.574375,0.460625,0.53625,0.5625,0.49875,0.563125,0.499375,0.524375,0.543125,0.5775,0.54375,0.540625,0.531875,0.483125,0.568125,0.4675,0.569375,0.5825,0.5125,0.5075,0.534375,0.475625,0.566875,0.53,0.519375,0.533125,0.54875,0.545,0.565625,0.54625,0.55625,0.5625,0.558125,0.485625,0.555625,0.495,0.56375,0.50125,0.560625,0.47,0.54,0.491875,0.518125,0.543125,0.568125,0.555,0.55,0.49,0.531875,0.550625,0.575,0.56625,0.535,0.539375,0.489375,0.495625,0.5225,0.51375,0.544375,0.54875,0.54375,0.550625,0.54625,0.551875,0.531875,0.530625,0.521875,0.544375,0.53,0.5125,0.540625,0.52125,0.535,0.536875,0.538125,0.51625,0.5075,0.54625,0.533125,0.555625,0.578125,0.586875,0.5225,0.55625,0.50625,0.570625
0.08	GNN	0.555,0.411875,0.379375,0.350625,0.32125,0.43875,0.37,0.323125,0.4225,0.33625,0.401875,0.4675,0.36625,0.43375,0.3075,0.46125,0.323125,0.378125,0.450625,0.270625,0.365625,0.3225,0.47375,0.395,0.350625,0.375625,0.360625,0.381875,0.33375,0.36,0.414375,0.42875,0.37,0.4675,0.378125,0.443125,0.353125,0.4125,0.430625,0.33125,0.349375,0.425625,0.375,0.383125,0.456875,0.444375,0.41875,0.44125,0.363125,0.385,0.338125,0.334375,0.505,0.361875,0.414375,0.41375,0.3875,0.475,0.30875,0.401875,0.3475,0.41875,0.41,0.558125,0.41625,0.335,0.411875,0.38875,0.411875,0.363125,0.354375,0.453125,0.475,0.27375,0.351875,0.445,0.40375,0.395625,0.468125,0.455,0.373125,0.395625,0.415625,0.444375,0.405625,0.44,0.45625,0.456875,0.400625,0.57125,0.315,0.43375,0.351875,0.38875,0.36875,0.485,0.466875,0.456875,0.478125,0.364375,0.3425,0.36,0.479375,0.429375,0.506875,0.380625,0.43375,0.409375,0.32375,0.33625,0.365625,0.4475,0.41375,0.4425,0.37125,0.355,0.425,0.4725,0.439375,0.403125,0.316875,0.361875,0.445,0.29125,0.38125,0.5,0.446875,0.3825,0.42125,0.368125,0.3625,0.385625,0.50625,0.433125,0.449375,0.33375,0.3975,0.394375,0.339375,0.32125,0.353125,0.38,0.37375,0.52625,0.42375,0.345,0.375625,0.498125,0.3725,0.286875,0.4875,0.345625,0.39125,0.406875,0.34625,0.293125,0.428125,0.4725,0.414375,0.39375,0.475,0.373125,0.366875,0.306875,0.425625,0.3775,0.3475,0.340625,0.344375,0.45875,0.339375,0.386875,0.485625,0.32625,0.441875,0.465625,0.395,0.399375,0.41875,0.45875,0.321875,0.313125,0.415625,0.33375,0.375625,0.4275,0.355,0.3825,0.43875,0.42125,0.37125,0.419375,0.37,0.360625,0.480625,0.40125,0.406875,0.330625,0.294375,0.414375
0.08	GG	0.58625,0.56875,0.571875,0.585,0.504375,0.5975,0.52875,0.533125,0.608125,0.5875,0.57,0.5525,0.55625,0.57875,0.514375,0.514375,0.5375,0.573125,0.570625,0.543125,0.546875,0.59125,0.570625,0.568125,0.50125,0.56125,0.540625,0.548125,0.510625,0.58625,0.536875,0.526875,0.593125,0.583125,0.594375,0.543125,0.58375,0.6175,0.52875,0.58375,0.4975,0.50625,0.5725,0.5675,0.540625,0.575,0.540625,0.595,0.539375,0.52,0.5175,0.565625,0.55375,0.591875,0.563125,0.575625,0.5625,0.583125,0.550625,0.548125,0.53,0.584375,0.5625,0.573125,0.536875,0.496875,0.6075,0.533125,0.60125,0.580625,0.578125,0.56875,0.5775,0.576875,0.60125,0.578125,0.5,0.534375,0.579375,0.594375,0.584375,0.596875,0.540625,0.5525,0.556875,0.503125,0.633125,0.565625,0.540625,0.54625,0.555,0.58,0.560625,0.524375,0.496875,0.58375,0.49125,0.570625,0.518125,0.6,0.61375,0.5025,0.6175,0.58375,0.568125,0.5275,0.555625,0.56875,0.538125,0.58125,0.578125,0.539375,0.5675,0.569375,0.5475,0.48,0.571875,0.53375,0.62375,0.52125,0.530625,0.523125,0.63,0.556875,0.561875,0.5975,0.54125,0.524375,0.601875,0.536875,0.54625,0.556875,0.518125,0.578125,0.549375,0.5375,0.61,0.5425,0.546875,0.591875,0.5425,0.551875,0.55125,0.6,0.545625,0.59625,0.585625,0.588125,0.538125,0.60625,0.60125,0.56375,0.50625,0.50125,0.605625,0.6075,0.57,0.539375,0.514375,0.5075,0.55,0.579375,0.500625,0.51375,0.555625,0.52625,0.5725,0.52625,0.579375,0.53,0.551875,0.513125,0.585,0.555,0.5225,0.556875,0.57125,0.569375,0.5475,0.484375,0.611875,0.598125,0.57,0.615625,0.593125,0.584375,0.5375,0.54,0.56125,0.521875,0.589375,0.6,0.566875,0.5375,0.566875,0.548125,0.56625,0.564375,0.57375,0.56125
0.08	GG2	0.59375,0.558125,0.585625,0.57625,0.518125,0.6,0.556875,0.563125,0.60625,0.598125,0.583125,0.575,0.57875,0.5925,0.570625,0.53125,0.558125,0.6325,0.610625,0.56375,0.605,0.573125,0.586875,0.564375,0.556875,0.5925,0.586875,0.583125,0.556875,0.590625,0.619375,0.54375,0.6125,0.605,0.625,0.5725,0.579375,0.628125,0.5625,0.58875,0.5525,0.58875,0.6,0.625,0.5475,0.595,0.588125,0.57875,0.564375,0.56625,0.565,0.5775,0.570625,0.58,0.57625,0.55,0.585625,0.60625,0.5775,0.575,0.576875,0.5875,0.613125,0.565,0.59125,0.546875,0.61,0.5425,0.586875,0.5925,0.6025,0.565625,0.606875,0.573125,0.62875,0.5775,0.505625,0.58125,0.605,0.59625,0.59875,0.62375,0.551875,0.574375,0.558125,0.525,0.6175,0.5825,0.556875,0.581875,0.573125,0.57625,0.560625,0.541875,0.573125,0.58,0.524375,0.581875,0.56625,0.615,0.615,0.51625,0.62625,0.591875,0.566875,0.580625,0.6,0.55,0.6,0.58625,0.59625,0.584375,0.581875,0.59875,0.56875,0.5025,0.599375,0.5875,0.629375,0.57,0.535,0.559375,0.62375,0.55875,0.57125,0.6,0.5725,0.53375,0.620625,0.53875,0.606875,0.609375,0.584375,0.609375,0.549375,0.546875,0.619375,0.535625,0.549375,0.61875,0.530625,0.539375,0.578125,0.585625,0.578125,0.6125,0.604375,0.570625,0.585625,0.58875,0.618125,0.5575,0.553125,0.519375,0.591875,0.5975,0.570625,0.58625,0.546875,0.553125,0.5825,0.590625,0.57375,0.538125,0.568125,0.561875,0.56625,0.56,0.59875,0.5375,0.569375,0.55875,0.596875,0.56625,0.54875,0.556875,0.57625,0.62625,0.5525,0.554375,0.615,0.613125,0.58625,0.60625,0.6175,0.586875,0.54375,0.5775,0.565,0.570625,0.62375,0.601875,0.575,0.548125,0.5825,0.58375,0.544375,0.5625,0.5925,0.563125
0.1	GEE	0.548125,0.468125,0.515625,0.51,0.52625,0.5125,0.485,0.524375,0.529375,0.508125,0.493125,0.464375,0.538125,0.48125,0.495625,0.465625,0.51125,0.515625,0.535625,0.516875,0.513125,0.498125,0.5175,0.463125,0.535625,0.544375,0.495625,0.48875,0.5225,0.499375,0.53,0.48125,0.47625,0.529375,0.495,0.5275,0.495,0.519375,0.50125,0.454375,0.454375,0.474375,0.508125,0.53125,0.524375,0.5125,0.49125,0.535,0.553125,0.52125,0.52375,0.464375,0.48875,0.460625,0.4725,0.4425,0.513125,0.515625,0.48875,0.483125,0.4825,0.5225,0.53375,0.55875,0.52625,0.505,0.528125,0.4925,0.511875,0.475,0.526875,0.51875,0.511875,0.484375,0.5425,0.524375,0.466875,0.52875,0.511875,0.48125,0.483125,0.524375,0.5425,0.49625,0.465625,0.518125,0.4825,0.551875,0.5225,0.460625,0.494375,0.5425,0.514375,0.50375,0.480625,0.49125,0.46,0.491875,0.5125,0.5075,0.52625,0.466875,0.504375,0.531875,0.51125,0.525625,0.51375,0.528125,0.5375,0.4925,0.526875,0.528125,0.516875,0.50125,0.520625,0.53,0.513125,0.476875,0.534375,0.52375,0.51375,0.501875,0.489375,0.5025,0.516875,0.520625,0.49,0.4825,0.5025,0.53875,0.51125,0.4875,0.470625,0.4875,0.448125,0.53625,0.53375,0.508125,0.488125,0.509375,0.504375,0.531875,0.53125,0.535,0.5225,0.511875,0.50375,0.53375,0.4975,0.488125,0.494375,0.4875,0.53125,0.52,0.485625,0.515,0.4975,0.519375,0.506875,0.5,0.51,0.501875,0.451875,0.5325,0.521875,0.468125,0.511875,0.50625,0.514375,0.49375,0.4975,0.524375,0.51875,0.519375,0.481875,0.525,0.493125,0.453125,0.508125,0.509375,0.486875,0.46125,0.500625,0.47375,0.515625,0.5425,0.491875,0.49125,0.5225,0.531875,0.5075,0.466875,0.49125,0.50125,0.495625,0.51625,0.488125,0.531875,0.514375,0.53875
0.1	GNN	0.5,0.395625,0.353125,0.309375,0.288125,0.384375,0.36375,0.291875,0.40875,0.321875,0.369375,0.416875,0.318125,0.42875,0.28375,0.425625,0.33125,0.381875,0.39625,0.308125,0.340625,0.275,0.43125,0.37,0.3575,0.356875,0.339375,0.36125,0.301875,0.358125,0.37,0.405625,0.376875,0.440625,0.351875,0.435,0.33625,0.38,0.39,0.31875,0.30875,0.3975,0.35375,0.360625,0.433125,0.38875,0.42625,0.374375,0.336875,0.374375,0.320625,0.3375,0.46,0.394375,0.37625,0.4075,0.359375,0.41,0.315625,0.3625,0.325625,0.375625,0.369375,0.499375,0.39,0.2925,0.37625,0.35875,0.370625,0.316875,0.31875,0.441875,0.43125,0.261875,0.298125,0.39125,0.37625,0.33875,0.41875,0.4125,0.345625,0.383125,0.38375,0.430625,0.38,0.4125,0.424375,0.458125,0.3725,0.505,0.29125,0.395625,0.343125,0.320625,0.365625,0.445625,0.4225,0.406875,0.400625,0.3625,0.351875,0.30625,0.429375,0.378125,0.46375,0.333125,0.39875,0.36875,0.295625,0.335625,0.316875,0.44,0.375,0.395,0.328125,0.335,0.440625,0.418125,0.429375,0.370625,0.285,0.346875,0.409375,0.268125,0.378125,0.45625,0.406875,0.360625,0.405,0.349375,0.36375,0.36375,0.396875,0.39,0.3775,0.286875,0.37125,0.3575,0.344375,0.331875,0.318125,0.33875,0.330625,0.465,0.385625,0.3125,0.363125,0.45,0.371875,0.27125,0.410625,0.31375,0.3775,0.380625,0.335625,0.2775,0.395625,0.434375,0.368125,0.396875,0.4375,0.32375,0.39,0.27625,0.421875,0.3525,0.31125,0.331875,0.336875,0.42,0.315,0.34625,0.430625,0.330625,0.403125,0.430625,0.380625,0.374375,0.3525,0.42875,0.286875,0.27875,0.3875,0.30875,0.334375,0.424375,0.348125,0.368125,0.405625,0.378125,0.335,0.386875,0.34375,0.32375,0.4575,0.378125,0.375,0.3025,0.315,0.380625
0.1	GG	0.550625,0.526875,0.5375,0.525625,0.495,0.54625,0.51,0.528125,0.550625,0.548125,0.49875,0.529375,0.506875,0.516875,0.489375,0.479375,0.535,0.5425,0.545,0.503125,0.49,0.526875,0.536875,0.513125,0.5,0.51625,0.515625,0.51375,0.48875,0.525625,0.51375,0.505,0.540625,0.53875,0.544375,0.514375,0.48875,0.569375,0.516875,0.53,0.479375,0.485625,0.51125,0.543125,0.529375,0.54375,0.50125,0.528125,0.5525,0.515,0.471875,0.55,0.549375,0.510625,0.50875,0.5175,0.51125,0.55875,0.50375,0.5275,0.476875,0.490625,0.553125,0.580625,0.51,0.495,0.5575,0.5025,0.541875,0.519375,0.530625,0.534375,0.575,0.505625,0.54125,0.560625,0.474375,0.5025,0.545625,0.525625,0.51875,0.554375,0.521875,0.488125,0.509375,0.500625,0.58625,0.546875,0.52125,0.516875,0.533125,0.539375,0.51875,0.479375,0.481875,0.538125,0.47,0.516875,0.518125,0.54125,0.5775,0.499375,0.575,0.54625,0.521875,0.524375,0.508125,0.5325,0.495625,0.551875,0.530625,0.519375,0.55875,0.513125,0.493125,0.474375,0.526875,0.4975,0.5425,0.515,0.49375,0.504375,0.554375,0.50625,0.495,0.555625,0.47125,0.451875,0.545625,0.528125,0.50375,0.515,0.4975,0.5375,0.52875,0.500625,0.556875,0.51625,0.4925,0.534375,0.53375,0.514375,0.51,0.54625,0.500625,0.565,0.53375,0.561875,0.51125,0.5575,0.51625,0.530625,0.468125,0.498125,0.54875,0.533125,0.505625,0.539375,0.4875,0.47875,0.523125,0.543125,0.43875,0.489375,0.549375,0.485,0.524375,0.488125,0.54375,0.483125,0.5075,0.48375,0.576875,0.515,0.48625,0.53875,0.516875,0.55125,0.50375,0.486875,0.565625,0.560625,0.555625,0.56625,0.549375,0.4975,0.499375,0.52125,0.5225,0.504375,0.539375,0.573125,0.50125,0.47875,0.480625,0.52125,0.529375,0.53875,0.528125,0.51875
0.1	GG2	0.563125,0.549375,0.556875,0.55,0.488125,0.56375,0.55375,0.56125,0.551875,0.554375,0.5175,0.515,0.55125,0.54375,0.529375,0.485,0.54375,0.541875,0.5525,0.526875,0.531875,0.544375,0.524375,0.51625,0.524375,0.538125,0.53125,0.551875,0.478125,0.5475,0.55,0.521875,0.54625,0.560625,0.548125,0.498125,0.510625,0.58875,0.51875,0.524375,0.474375,0.57125,0.539375,0.589375,0.550625,0.5275,0.530625,0.53625,0.56,0.52125,0.485625,0.554375,0.520625,0.543125,0.519375,0.503125,0.56125,0.56625,0.5075,0.541875,0.530625,0.55375,0.554375,0.568125,0.556875,0.5075,0.56125,0.504375,0.54375,0.53,0.5575,0.54625,0.554375,0.53125,0.5775,0.55625,0.474375,0.55375,0.575625,0.53,0.51,0.568125,0.525625,0.506875,0.548125,0.510625,0.584375,0.55125,0.5375,0.5325,0.540625,0.535625,0.5275,0.4975,0.511875,0.536875,0.488125,0.50625,0.564375,0.546875,0.554375,0.4875,0.574375,0.55625,0.525,0.540625,0.5275,0.534375,0.560625,0.556875,0.5325,0.53875,0.555625,0.533125,0.52375,0.498125,0.535,0.52375,0.5775,0.549375,0.505,0.531875,0.564375,0.509375,0.524375,0.56375,0.500625,0.494375,0.546875,0.52875,0.54125,0.55125,0.5475,0.553125,0.528125,0.546875,0.569375,0.5375,0.50875,0.56,0.5275,0.524375,0.5425,0.558125,0.553125,0.5725,0.533125,0.555625,0.514375,0.56,0.538125,0.54625,0.5425,0.523125,0.548125,0.52,0.539375,0.546875,0.508125,0.48625,0.530625,0.546875,0.45125,0.52875,0.55375,0.50375,0.538125,0.538125,0.545625,0.503125,0.5475,0.510625,0.575625,0.52125,0.490625,0.549375,0.52125,0.50625,0.536875,0.528125,0.56125,0.55625,0.55875,0.564375,0.573125,0.5375,0.528125,0.534375,0.514375,0.51125,0.55,0.57,0.496875,0.53375,0.510625,0.538125,0.529375,0.55375,0.533125,0.538125
0.12	GEE	0.475,0.516875,0.474375,0.47,0.460625,0.42,0.44125,0.474375,0.474375,0.445,0.485625,0.51,0.488125,0.488125,0.470625,0.503125,0.476875,0.513125,0.48875,0.450625,0.465,0.495,0.490625,0.4775,0.49875,0.47875,0.46,0.475,0.5175,0.4475,0.4825,0.479375,0.483125,0.4625,0.44,0.518125,0.44375,0.476875,0.469375,0.4725,0.450625,0.46,0.49,0.479375,0.479375,0.470625,0.475,0.4325,0.445,0.455625,0.466875,0.455,0.52375,0.4575,0.465625,0.466875,0.48,0.490625,0.441875,0.44625,0.46375,0.491875,0.48,0.4525,0.45375,0.45875,0.49625,0.42875,0.484375,0.473125,0.49625,0.48875,0.486875,0.460625,0.45625,0.490625,0.458125,0.491875,0.4375,0.43125,0.475,0.493125,0.499375,0.47125,0.4175,0.469375,0.500625,0.440625,0.463125,0.460625,0.42375,0.458125,0.485,0.4575,0.451875,0.415625,0.469375,0.473125,0.49625,0.466875,0.42875,0.481875,0.48,0.483125,0.49125,0.471875,0.483125,0.463125,0.48625,0.471875,0.458125,0.484375,0.430625,0.4775,0.469375,0.445,0.495625,0.495,0.49,0.469375,0.4625,0.505,0.475,0.44,0.51,0.47,0.44375,0.45375,0.488125,0.484375,0.485625,0.46875,0.488125,0.46375,0.41,0.435625,0.485,0.475,0.505,0.48125,0.4525,0.510625,0.446875,0.45125,0.48625,0.499375,0.471875,0.5,0.4675,0.48875,0.501875,0.43625,0.495625,0.47125,0.468125,0.483125,0.460625,0.489375,0.489375,0.458125,0.4575,0.465625,0.459375,0.448125,0.476875,0.50375,0.455,0.495,0.4875,0.44,0.478125,0.4625,0.463125,0.483125,0.475,0.45875,0.4875,0.4225,0.48375,0.4475,0.460625,0.47375,0.46375,0.4525,0.49,0.48125,0.488125,0.479375,0.460625,0.43125,0.48,0.470625,0.426875,0.480625,0.49375,0.45375,0.456875,0.485,0.46,0.47875
0.12	GNN	0.468125,0.35125,0.34,0.315625,0.2975,0.350625,0.361875,0.279375,0.355625,0.315,0.363125,0.41625,0.2975,0.37625,0.264375,0.404375,0.298125,0.36875,0.395625,0.294375,0.301875,0.266875,0.4025,0.371875,0.350625,0.3275,0.305,0.344375,0.315,0.340625,0.385,0.37,0.33125,0.434375,0.30125,0.4175,0.320625,0.37,0.3825,0.338125,0.316875,0.394375,0.30875,0.346875,0.408125,0.3725,0.381875,0.393125,0.356875,0.363125,0.30125,0.296875,0.39875,0.321875,0.335625,0.37,0.309375,0.400625,0.318125,0.33875,0.3225,0.380625,0.348125,0.44125,0.366875,0.31375,0.3625,0.315,0.305,0.318125,0.301875,0.41125,0.4025,0.254375,0.275,0.36,0.381875,0.3325,0.415625,0.39625,0.310625,0.37625,0.375,0.383125,0.3375,0.36375,0.40625,0.433125,0.331875,0.485,0.288125,0.3825,0.308125,0.33,0.3,0.42,0.390625,0.385,0.390625,0.32625,0.326875,0.278125,0.396875,0.4075,0.404375,0.333125,0.36125,0.325625,0.283125,0.29125,0.3075,0.394375,0.36375,0.354375,0.305625,0.315625,0.40625,0.433125,0.388125,0.363125,0.278125,0.315,0.38625,0.243125,0.33875,0.43,0.3675,0.34,0.33875,0.346875,0.350625,0.36,0.38875,0.37625,0.34875,0.27125,0.34625,0.36625,0.2775,0.29375,0.33125,0.295,0.321875,0.44375,0.361875,0.335,0.384375,0.4225,0.355625,0.265625,0.376875,0.294375,0.370625,0.356875,0.329375,0.293125,0.398125,0.428125,0.3475,0.3275,0.405,0.3075,0.348125,0.275625,0.395625,0.33,0.2775,0.30875,0.329375,0.41375,0.289375,0.3075,0.39125,0.315625,0.3625,0.408125,0.35,0.363125,0.358125,0.415,0.311875,0.271875,0.375625,0.304375,0.3325,0.42375,0.305,0.339375,0.3725,0.386875,0.305625,0.365,0.2925,0.325625,0.42875,0.3425,0.33875,0.316875,0.27125,0.3725
0.12	GG	0.4875,0.503125,0.46625,0.48375,0.424375,0.491875,0.471875,0.463125,0.4975,0.48125,0.474375,0.5075,0.45875,0.506875,0.455,0.4675,0.44875,0.50875,0.478125,0.46125,0.51125,0.50375,0.5,0.468125,0.4475,0.443125,0.47375,0.460625,0.47,0.49625,0.46625,0.4775,0.514375,0.511875,0.49375,0.5175,0.505,0.516875,0.465625,0.5175,0.46625,0.45,0.491875,0.49,0.466875,0.508125,0.48375,0.49125,0.44375,0.455,0.439375,0.515625,0.51,0.47375,0.46,0.481875,0.4825,0.50625,0.46,0.464375,0.4675,0.471875,0.4675,0.476875,0.441875,0.445,0.504375,0.435,0.495625,0.494375,0.52125,0.476875,0.50375,0.470625,0.50375,0.51,0.409375,0.476875,0.50625,0.48625,0.51125,0.4675,0.455,0.4775,0.474375,0.44875,0.5275,0.48125,0.455,0.449375,0.49,0.480625,0.475,0.48,0.445625,0.463125,0.445,0.4925,0.470625,0.509375,0.489375,0.439375,0.509375,0.485625,0.484375,0.46125,0.47625,0.515625,0.47625,0.485625,0.46875,0.4475,0.509375,0.47875,0.45125,0.4075,0.490625,0.46875,0.4875,0.465625,0.465625,0.478125,0.51625,0.46125,0.479375,0.516875,0.429375,0.42125,0.500625,0.483125,0.473125,0.5025,0.471875,0.506875,0.473125,0.44,0.51375,0.4725,0.5025,0.508125,0.44125,0.474375,0.465,0.50125,0.483125,0.521875,0.49,0.51,0.476875,0.5125,0.50875,0.4775,0.446875,0.43375,0.49625,0.495,0.48,0.493125,0.460625,0.45375,0.465,0.485625,0.439375,0.445,0.4425,0.46875,0.48375,0.47375,0.499375,0.443125,0.465,0.43125,0.5075,0.460625,0.45125,0.45875,0.495625,0.49125,0.48375,0.418125,0.495625,0.498125,0.465625,0.511875,0.5025,0.466875,0.46375,0.4525,0.48375,0.44625,0.51625,0.495,0.445625,0.4875,0.478125,0.46375,0.493125,0.48,0.495,0.475625
0.12	GG2	0.494375,0.5175,0.481875,0.496875,0.49375,0.498125,0.50625,0.4925,0.499375,0.47875,0.483125,0.510625,0.49625,0.523125,0.48875,0.5225,0.463125,0.51125,0.498125,0.483125,0.5225,0.49375,0.4875,0.475,0.483125,0.4675,0.47625,0.465625,0.4675,0.4925,0.495,0.49125,0.511875,0.51625,0.475,0.498125,0.515,0.5225,0.49125,0.520625,0.48125,0.4825,0.504375,0.51,0.489375,0.51,0.515,0.4775,0.4575,0.479375,0.450625,0.51,0.513125,0.495,0.459375,0.495,0.504375,0.515625,0.47875,0.49125,0.506875,0.505625,0.48875,0.47125,0.488125,0.468125,0.49625,0.45875,0.50375,0.50375,0.535,0.504375,0.526875,0.476875,0.52125,0.49875,0.425625,0.511875,0.5275,0.48375,0.5275,0.496875,0.499375,0.488125,0.495,0.489375,0.53125,0.49625,0.445,0.4725,0.5025,0.48625,0.47375,0.495,0.50625,0.494375,0.48125,0.506875,0.490625,0.52375,0.490625,0.47625,0.511875,0.505625,0.5,0.476875,0.479375,0.51125,0.495,0.48875,0.484375,0.49625,0.501875,0.496875,0.474375,0.43125,0.535,0.496875,0.531875,0.50625,0.46125,0.52375,0.506875,0.449375,0.506875,0.520625,0.478125,0.460625,0.50375,0.504375,0.494375,0.5175,0.519375,0.519375,0.46875,0.480625,0.520625,0.475625,0.495,0.529375,0.449375,0.511875,0.5,0.48375,0.495625,0.525,0.499375,0.49125,0.48625,0.515625,0.525625,0.4775,0.485625,0.465,0.513125,0.488125,0.496875,0.506875,0.475625,0.47625,0.474375,0.520625,0.5025,0.469375,0.490625,0.51125,0.46875,0.489375,0.499375,0.45375,0.495625,0.474375,0.51125,0.500625,0.480625,0.4775,0.500625,0.48125,0.479375,0.473125,0.495625,0.49125,0.484375,0.52125,0.511875,0.500625,0.458125,0.475625,0.48125,0.46375,0.520625,0.499375,0.463125,0.486875,0.47375,0.455625,0.484375,0.48625,0.50875,0.48
0.14	GEE	0.455,0.471875,0.44625,0.43125,0.429375,0.406875,0.409375,0.396875,0.4425,0.450625,0.39875,0.385625,0.444375,0.405,0.491875,0.47,0.45375,0.44375,0.41875,0.485625,0.455,0.40375,0.486875,0.390625,0.461875,0.479375,0.40875,0.441875,0.459375,0.421875,0.471875,0.444375,0.46125,0.433125,0.4575,0.439375,0.480625,0.43625,0.41125,0.4675,0.43125,0.461875,0.441875,0.44625,0.405,0.448125,0.410625,0.409375,0.471875,0.445625,0.471875,0.42,0.4525,0.435625,0.44,0.395625,0.44625,0.475625,0.438125,0.44,0.413125,0.465625,0.456875,0.425625,0.434375,0.480625,0.45625,0.393125,0.435625,0.416875,0.4325,0.425,0.420625,0.4175,0.426875,0.45375,0.469375,0.448125,0.43375,0.474375,0.428125,0.419375,0.428125,0.47,0.384375,0.46,0.48,0.38875,0.43,0.4125,0.465,0.43125,0.471875,0.40875,0.413125,0.41125,0.431875,0.4275,0.446875,0.43,0.42,0.450625,0.458125,0.483125,0.4225,0.473125,0.445625,0.430625,0.475625,0.443125,0.434375,0.47125,0.43,0.425625,0.448125,0.465,0.440625,0.441875,0.475,0.42875,0.398125,0.436875,0.376875,0.3975,0.475625,0.4175,0.435,0.446875,0.4175,0.396875,0.415,0.3925,0.39,0.434375,0.3975,0.368125,0.434375,0.471875,0.449375,0.42,0.445,0.47,0.428125,0.436875,0.431875,0.47625,0.4375,0.43875,0.428125,0.451875,0.448125,0.434375,0.4475,0.45,0.43125,0.40125,0.4175,0.43125,0.4475,0.441875,0.44125,0.429375,0.394375,0.430625,0.44375,0.453125,0.463125,0.43625,0.44375,0.404375,0.44625,0.43875,0.414375,0.445625,0.446875,0.449375,0.438125,0.403125,0.450625,0.445,0.41,0.420625,0.474375,0.40375,0.449375,0.40375,0.460625,0.455,0.3975,0.393125,0.44375,0.38625,0.423125,0.446875,0.4175,0.438125,0.421875,0.415625,0.4,0.47375
0.14	GNN	0.42875,0.3625,0.334375,0.27625,0.2875,0.341875,0.33625,0.2925,0.350625,0.305625,0.3225,0.379375,0.290625,0.433125,0.264375,0.37625,0.28125,0.354375,0.37875,0.2825,0.291875,0.27625,0.4,0.335625,0.324375,0.33625,0.278125,0.333125,0.274375,0.31375,0.335625,0.386875,0.34,0.371875,0.311875,0.379375,0.300625,0.375625,0.351875,0.323125,0.300625,0.393125,0.32375,0.325,0.375,0.34375,0.37875,0.346875,0.32125,0.329375,0.283125,0.29375,0.380625,0.295625,0.33875,0.3625,0.284375,0.38875,0.309375,0.343125,0.296875,0.35,0.36125,0.421875,0.33,0.3125,0.353125,0.31,0.31625,0.295625,0.271875,0.366875,0.373125,0.2325,0.2725,0.328125,0.364375,0.325,0.395625,0.37875,0.31375,0.368125,0.349375,0.3775,0.325625,0.34875,0.38125,0.41375,0.330625,0.441875,0.28875,0.3525,0.321875,0.310625,0.313125,0.375,0.37,0.3625,0.35,0.299375,0.330625,0.2725,0.38125,0.343125,0.39875,0.3375,0.3475,0.34625,0.26375,0.29875,0.278125,0.3225,0.358125,0.343125,0.323125,0.3125,0.360625,0.38125,0.339375,0.333125,0.275,0.29375,0.365,0.269375,0.33625,0.4075,0.385625,0.305,0.351875,0.33375,0.298125,0.30875,0.39625,0.385,0.349375,0.26375,0.344375,0.361875,0.283125,0.304375,0.301875,0.31875,0.32625,0.389375,0.348125,0.30125,0.358125,0.38875,0.309375,0.241875,0.381875,0.25625,0.32,0.3225,0.324375,0.265625,0.375625,0.39,0.315,0.3425,0.405625,0.271875,0.356875,0.280625,0.373125,0.316875,0.29375,0.300625,0.32875,0.36625,0.3075,0.304375,0.403125,0.320625,0.363125,0.379375,0.335625,0.355,0.310625,0.39125,0.28,0.26625,0.374375,0.2875,0.316875,0.37625,0.29625,0.34875,0.34125,0.338125,0.3425,0.369375,0.31375,0.306875,0.40125,0.348125,0.326875,0.315625,0.319375,0.351875
0.14	GG	0.466875,0.44125,0.44875,0.464375,0.42625,0.48625,0.43125,0.434375,0.47125,0.449375,0.438125,0.430625,0.4275,0.499375,0.450625,0.411875,0.45875,0.47875,0.471875,0.449375,0.459375,0.470625,0.473125,0.464375,0.431875,0.445625,0.4525,0.438125,0.441875,0.444375,0.464375,0.4425,0.466875,0.46375,0.4925,0.44125,0.4125,0.486875,0.44,0.47625,0.42875,0.4025,0.44875,0.461875,0.430625,0.479375,0.434375,0.43625,0.436875,0.4325,0.431875,0.45,0.42375,0.465625,0.460625,0.445625,0.4575,0.44375,0.43,0.453125,0.405,0.469375,0.466875,0.4675,0.429375,0.4375,0.494375,0.41,0.465,0.455,0.446875,0.4575,0.485,0.445625,0.4625,0.47125,0.389375,0.45,0.439375,0.454375,0.46,0.476875,0.46125,0.455,0.436875,0.4425,0.47625,0.456875,0.444375,0.435,0.46375,0.459375,0.465,0.429375,0.428125,0.4375,0.426875,0.43625,0.468125,0.470625,0.45875,0.44875,0.495,0.480625,0.428125,0.471875,0.45125,0.47375,0.421875,0.478125,0.444375,0.418125,0.471875,0.450625,0.4325,0.418125,0.471875,0.418125,0.49,0.46125,0.461875,0.44125,0.476875,0.436875,0.4625,0.49125,0.423125,0.43,0.473125,0.481875,0.425,0.436875,0.40625,0.46375,0.406875,0.420625,0.47375,0.440625,0.44625,0.455625,0.449375,0.4275,0.445,0.495625,0.43,0.499375,0.463125,0.475625,0.4375,0.468125,0.445,0.469375,0.420625,0.430625,0.479375,0.44625,0.426875,0.43375,0.41125,0.440625,0.43875,0.47625,0.381875,0.39125,0.46625,0.433125,0.464375,0.446875,0.486875,0.408125,0.441875,0.413125,0.450625,0.41875,0.440625,0.425,0.465,0.450625,0.448125,0.40625,0.47125,0.424375,0.466875,0.455,0.429375,0.441875,0.435,0.44875,0.414375,0.440625,0.463125,0.479375,0.441875,0.450625,0.4225,0.4075,0.46625,0.47375,0.453125,0.46375
0.14	GG2	0.478125,0.46625,0.450625,0.446875,0.4325,0.47,0.474375,0.468125,0.495,0.46125,0.44,0.44375,0.468125,0.498125,0.491875,0.45625,0.439375,0.453125,0.485625,0.47125,0.468125,0.433125,0.475,0.448125,0.46875,0.461875,0.439375,0.445625,0.46625,0.459375,0.47125,0.46625,0.461875,0.4575,0.495,0.43,0.45,0.494375,0.4725,0.473125,0.486875,0.45375,0.44875,0.49,0.443125,0.5075,0.4475,0.418125,0.463125,0.4775,0.436875,0.440625,0.431875,0.484375,0.433125,0.4525,0.465,0.471875,0.440625,0.4675,0.42625,0.469375,0.470625,0.468125,0.480625,0.42625,0.49125,0.40875,0.47125,0.44875,0.47125,0.436875,0.490625,0.470625,0.464375,0.473125,0.43375,0.47625,0.475,0.47125,0.476875,0.476875,0.44875,0.45375,0.444375,0.46125,0.47125,0.445625,0.4525,0.4325,0.47875,0.463125,0.47,0.443125,0.4375,0.4425,0.4375,0.44375,0.48125,0.4675,0.45625,0.45,0.49625,0.479375,0.45,0.485625,0.455,0.466875,0.47875,0.494375,0.44,0.431875,0.474375,0.448125,0.44125,0.436875,0.490625,0.440625,0.5,0.46625,0.465,0.45,0.473125,0.44125,0.475,0.494375,0.451875,0.45,0.466875,0.435625,0.4475,0.455625,0.460625,0.46875,0.445625,0.406875,0.479375,0.45,0.45125,0.51625,0.43125,0.4575,0.46,0.48875,0.464375,0.496875,0.468125,0.470625,0.43875,0.461875,0.456875,0.480625,0.445,0.44375,0.480625,0.45125,0.451875,0.440625,0.429375,0.47125,0.4575,0.484375,0.451875,0.43125,0.468125,0.459375,0.4975,0.444375,0.48375,0.413125,0.46,0.458125,0.4275,0.441875,0.456875,0.440625,0.491875,0.469375,0.443125,0.439375,0.4775,0.46,0.469375,0.46125,0.464375,0.4575,0.43,0.465,0.425625,0.445,0.4675,0.475,0.441875,0.46,0.423125,0.42625,0.45625,0.476875,0.479375,0.469375
0.16	GEE	0.464375,0.401875,0.421875,0.41125,0.395625,0.430625,0.34125,0.440625,0.4375,0.4175,0.4125,0.41125,0.4,0.3975,0.41,0.443125,0.366875,0.401875,0.4,0.40125,0.400625,0.456875,0.435625,0.36,0.43625,0.454375,0.383125,0.43125,0.436875,0.3925,0.418125,0.4075,0.421875,0.376875,0.44875,0.42625,0.44875,0.428125,0.43,0.435,0.415625,0.446875,0.40125,0.401875,0.404375,0.45125,0.371875,0.405625,0.45625,0.405625,0.40375,0.449375,0.391875,0.39875,0.425,0.4075,0.43625,0.4775,0.416875,0.406875,0.428125,0.42625,0.43,0.441875,0.4075,0.445,0.429375,0.400625,0.424375,0.378125,0.44,0.465625,0.40125,0.400625,0.42375,0.419375,0.455,0.434375,0.4025,0.395625,0.390625,0.416875,0.445,0.423125,0.36625,0.420625,0.364375,0.393125,0.435,0.40125,0.365625,0.40375,0.436875,0.456875,0.410625,0.42375,0.376875,0.43625,0.42875,0.4425,0.441875,0.414375,0.424375,0.44625,0.426875,0.356875,0.410625,0.436875,0.4175,0.418125,0.418125,0.400625,0.375,0.41125,0.436875,0.394375,0.398125,0.43375,0.3525,0.38625,0.3925,0.41375,0.40375,0.443125,0.425625,0.398125,0.413125,0.448125,0.41375,0.409375,0.410625,0.38875,0.37125,0.37875,0.444375,0.36375,0.40125,0.450625,0.425625,0.378125,0.38875,0.4175,0.423125,0.428125,0.435,0.41625,0.42875,0.428125,0.405,0.351875,0.373125,0.415,0.395,0.40125,0.3975,0.41125,0.391875,0.39625,0.44,0.419375,0.435625,0.400625,0.40875,0.401875,0.4225,0.43,0.39875,0.401875,0.370625,0.41375,0.423125,0.411875,0.38875,0.415625,0.4475,0.41875,0.46625,0.394375,0.415625,0.42875,0.40375,0.373125,0.4525,0.38,0.42,0.413125,0.364375,0.41125,0.404375,0.365,0.44,0.395,0.460625,0.41,0.435625,0.465,0.399375,0.400625,0.3825,0.42375
0.16	GNN	0.425,0.354375,0.30875,0.308125,0.31125,0.34625,0.318125,0.2675,0.34625,0.274375,0.33375,0.368125,0.285625,0.37375,0.27,0.35375,0.270625,0.32375,0.3625,0.27,0.3,0.259375,0.38875,0.338125,0.3125,0.31875,0.2875,0.320625,0.29625,0.330625,0.330625,0.353125,0.3275,0.37875,0.29125,0.380625,0.293125,0.3675,0.365,0.29375,0.289375,0.368125,0.3325,0.31125,0.381875,0.356875,0.369375,0.336875,0.30875,0.32,0.30375,0.28875,0.346875,0.319375,0.320625,0.351875,0.30875,0.37625,0.285625,0.274375,0.30875,0.33875,0.35375,0.414375,0.326875,0.289375,0.335,0.30125,0.303125,0.27,0.254375,0.36625,0.36375,0.24375,0.28,0.345,0.35,0.33375,0.369375,0.3675,0.29125,0.375625,0.32625,0.365,0.3275,0.35125,0.381875,0.37,0.335625,0.43,0.2975,0.353125,0.310625,0.29875,0.32125,0.35125,0.365,0.38,0.330625,0.275625,0.318125,0.259375,0.365625,0.333125,0.385,0.311875,0.32375,0.34125,0.273125,0.309375,0.2875,0.323125,0.331875,0.355,0.296875,0.32125,0.354375,0.3475,0.36125,0.355,0.29875,0.305,0.345625,0.263125,0.315625,0.401875,0.364375,0.309375,0.34625,0.321875,0.305625,0.345,0.341875,0.364375,0.37125,0.28625,0.34,0.359375,0.285625,0.305,0.3125,0.313125,0.32875,0.388125,0.368125,0.28875,0.348125,0.358125,0.305,0.2475,0.351875,0.2675,0.3325,0.34375,0.3075,0.29,0.3825,0.388125,0.34,0.314375,0.379375,0.25625,0.33375,0.26875,0.369375,0.2925,0.314375,0.313125,0.315625,0.383125,0.313125,0.286875,0.374375,0.30625,0.344375,0.363125,0.344375,0.376875,0.314375,0.393125,0.27875,0.24875,0.390625,0.289375,0.323125,0.356875,0.2875,0.325,0.341875,0.350625,0.32,0.355625,0.29,0.3025,0.37875,0.33625,0.309375,0.294375,0.293125,0.351875
0.16	GG	0.455625,0.43,0.429375,0.441875,0.410625,0.46625,0.38125,0.40625,0.445,0.435,0.43375,0.4175,0.450625,0.43625,0.4325,0.395625,0.436875,0.4375,0.4275,0.408125,0.42875,0.44,0.418125,0.413125,0.394375,0.42375,0.4225,0.4275,0.394375,0.391875,0.425625,0.41375,0.428125,0.445,0.445,0.415,0.425625,0.469375,0.4475,0.4525,0.4225,0.396875,0.428125,0.43,0.41125,0.45375,0.3975,0.45375,0.416875,0.418125,0.386875,0.42,0.4175,0.41,0.420625,0.434375,0.430625,0.413125,0.40375,0.393125,0.41375,0.428125,0.431875,0.45,0.413125,0.405625,0.463125,0.444375,0.43875,0.425,0.42375,0.451875,0.456875,0.42375,0.453125,0.458125,0.394375,0.425625,0.435625,0.42625,0.41125,0.444375,0.4325,0.448125,0.425625,0.445,0.42625,0.389375,0.405,0.416875,0.450625,0.41375,0.4175,0.375625,0.39875,0.449375,0.395625,0.41125,0.425,0.444375,0.443125,0.401875,0.4525,0.47875,0.430625,0.389375,0.4175,0.450625,0.4,0.444375,0.419375,0.405,0.4375,0.43875,0.425625,0.3975,0.40875,0.435,0.448125,0.415625,0.41375,0.4175,0.44,0.438125,0.445,0.459375,0.409375,0.4325,0.468125,0.42375,0.413125,0.42125,0.38375,0.441875,0.43125,0.401875,0.44625,0.4275,0.405,0.430625,0.413125,0.3975,0.416875,0.43125,0.434375,0.454375,0.444375,0.44375,0.420625,0.435625,0.444375,0.46,0.369375,0.3975,0.435,0.415,0.42875,0.400625,0.380625,0.4125,0.42125,0.443125,0.413125,0.39125,0.431875,0.399375,0.43875,0.411875,0.4575,0.44125,0.424375,0.37,0.408125,0.384375,0.416875,0.45375,0.451875,0.448125,0.430625,0.421875,0.45,0.44375,0.465,0.425625,0.431875,0.41125,0.40625,0.4225,0.395,0.409375,0.441875,0.4625,0.4325,0.4325,0.3925,0.421875,0.430625,0.428125,0.41625,0.431875
0.16	GG2	0.468125,0.4525,0.440625,0.453125,0.41625,0.464375,0.3925,0.419375,0.4725,0.455625,0.4425,0.404375,0.44875,0.43125,0.426875,0.42375,0.436875,0.43375,0.425625,0.405625,0.4325,0.460625,0.44375,0.418125,0.44,0.44125,0.4225,0.438125,0.414375,0.420625,0.448125,0.42625,0.430625,0.439375,0.448125,0.435,0.416875,0.47875,0.44875,0.46125,0.434375,0.434375,0.418125,0.428125,0.435,0.45875,0.42875,0.425625,0.428125,0.435625,0.420625,0.44875,0.426875,0.4075,0.416875,0.434375,0.436875,0.460625,0.42375,0.445,0.4525,0.435,0.466875,0.450625,0.45875,0.410625,0.4575,0.41,0.433125,0.44125,0.446875,0.45375,0.43625,0.455625,0.4825,0.46625,0.405625,0.45375,0.449375,0.43125,0.41625,0.4525,0.43625,0.4475,0.4275,0.443125,0.4175,0.415625,0.415625,0.43,0.419375,0.41125,0.44375,0.45875,0.43625,0.454375,0.403125,0.4375,0.40125,0.46,0.455625,0.4375,0.449375,0.475625,0.445,0.45125,0.415,0.455,0.43125,0.453125,0.426875,0.418125,0.4475,0.4525,0.439375,0.410625,0.433125,0.461875,0.460625,0.43625,0.415625,0.42625,0.43625,0.445,0.4475,0.458125,0.448125,0.44625,0.46125,0.4175,0.445625,0.43875,0.421875,0.454375,0.44375,0.40875,0.444375,0.4375,0.416875,0.473125,0.409375,0.418125,0.43875,0.425625,0.46125,0.466875,0.454375,0.44375,0.41875,0.4475,0.453125,0.45,0.41125,0.425,0.4525,0.423125,0.466875,0.406875,0.401875,0.449375,0.43625,0.44125,0.45,0.4075,0.4425,0.43625,0.411875,0.420625,0.456875,0.423125,0.446875,0.428125,0.41375,0.43375,0.43625,0.42375,0.47125,0.450625,0.4375,0.465,0.449375,0.441875,0.47,0.425,0.45,0.423125,0.398125,0.431875,0.41,0.381875,0.4775,0.463125,0.44375,0.46,0.395625,0.44125,0.424375,0.4325,0.443125,0.43125
0.18	GEE	0.39,0.39,0.414375,0.3825,0.3675,0.40625,0.38125,0.34625,0.39125,0.39375,0.4175,0.4325,0.400625,0.37375,0.415,0.39375,0.408125,0.416875,0.39875,0.398125,0.371875,0.370625,0.36875,0.413125,0.406875,0.418125,0.360625,0.41625,0.38875,0.383125,0.39875,0.400625,0.39125,0.423125,0.405625,0.378125,0.428125,0.373125,0.395625,0.41375,0.39375,0.436875,0.4175,0.403125,0.359375,0.415625,0.376875,0.434375,0.4125,0.41,0.3875,0.379375,0.38375,0.370625,0.385,0.350625,0.425625,0.4325,0.399375,0.409375,0.37,0.41,0.400625,0.4,0.400625,0.386875,0.399375,0.388125,0.37125,0.355,0.405625,0.381875,0.425,0.363125,0.375,0.4225,0.4,0.401875,0.418125,0.425625,0.3775,0.375,0.423125,0.403125,0.39625,0.4175,0.365625,0.3325,0.386875,0.390625,0.3675,0.400625,0.4,0.348125,0.355,0.360625,0.35625,0.3975,0.39125,0.391875,0.3825,0.358125,0.400625,0.396875,0.384375,0.389375,0.379375,0.416875,0.365625,0.40875,0.383125,0.4275,0.378125,0.39625,0.395625,0.379375,0.364375,0.42375,0.36625,0.395625,0.415,0.401875,0.3975,0.41625,0.433125,0.3725,0.38125,0.41375,0.410625,0.363125,0.421875,0.354375,0.368125,0.361875,0.381875,0.39125,0.4125,0.405625,0.39375,0.376875,0.401875,0.40375,0.39,0.394375,0.4,0.41125,0.394375,0.371875,0.390625,0.335,0.405,0.394375,0.399375,0.381875,0.378125,0.35125,0.41875,0.39125,0.41625,0.378125,0.383125,0.380625,0.400625,0.37625,0.421875,0.388125,0.419375,0.393125,0.435625,0.38125,0.40125,0.388125,0.43375,0.351875,0.406875,0.428125,0.37875,0.42125,0.386875,0.356875,0.4,0.35875,0.3825,0.37625,0.368125,0.373125,0.41625,0.38125,0.3725,0.33625,0.38,0.364375,0.364375,0.380625,0.45125,0.409375,0.389375,0.33,0.34875,0.411875
0.18	GNN	0.378125,0.330625,0.298125,0.268125,0.273125,0.3225,0.306875,0.27125,0.3275,0.28125,0.30375,0.323125,0.30625,0.36,0.26125,0.344375,0.28,0.32375,0.36625,0.271875,0.280625,0.255,0.36,0.313125,0.3025,0.30875,0.3075,0.295,0.268125,0.315625,0.28875,0.351875,0.33625,0.35,0.285625,0.3675,0.26125,0.375625,0.33125,0.27875,0.286875,0.365625,0.304375,0.305625,0.358125,0.318125,0.361875,0.346875,0.305625,0.30875,0.26875,0.265,0.305,0.309375,0.328125,0.35,0.264375,0.36,0.2975,0.305625,0.311875,0.319375,0.315,0.39125,0.309375,0.3,0.353125,0.285625,0.33,0.28125,0.281875,0.361875,0.360625,0.2125,0.270625,0.3225,0.34,0.315,0.361875,0.31125,0.275,0.354375,0.31625,0.334375,0.308125,0.308125,0.354375,0.385,0.290625,0.416875,0.27,0.34125,0.294375,0.27625,0.306875,0.35875,0.35,0.360625,0.33,0.2975,0.315,0.26125,0.35375,0.351875,0.345,0.31,0.310625,0.3125,0.254375,0.273125,0.2875,0.33625,0.33375,0.32,0.285625,0.3125,0.336875,0.34375,0.339375,0.30625,0.254375,0.309375,0.34375,0.27875,0.3075,0.36625,0.35875,0.295,0.311875,0.338125,0.275,0.295,0.354375,0.35375,0.353125,0.26625,0.313125,0.340625,0.285625,0.263125,0.296875,0.295625,0.313125,0.36625,0.31875,0.281875,0.3375,0.3425,0.318125,0.2525,0.320625,0.248125,0.3025,0.3275,0.305625,0.2775,0.3525,0.345625,0.3025,0.29625,0.36,0.24375,0.33,0.2625,0.330625,0.310625,0.295,0.2925,0.335,0.358125,0.285,0.280625,0.3625,0.283125,0.3675,0.35875,0.310625,0.32375,0.3175,0.395,0.298125,0.258125,0.329375,0.28875,0.303125,0.338125,0.27,0.309375,0.30875,0.329375,0.320625,0.3525,0.31,0.309375,0.34375,0.341875,0.276875,0.28375,0.296875,0.324375
0.18	GG	0.3925,0.37125,0.433125,0.405625,0.3375,0.423125,0.384375,0.3625,0.421875,0.423125,0.408125,0.409375,0.39375,0.428125,0.391875,0.370625,0.40625,0.40125,0.39,0.395625,0.40125,0.406875,0.376875,0.41125,0.381875,0.404375,0.406875,0.416875,0.370625,0.38375,0.39125,0.4,0.39125,0.41625,0.414375,0.3875,0.3875,0.416875,0.4,0.425,0.383125,0.3875,0.4175,0.400625,0.376875,0.435625,0.381875,0.4175,0.391875,0.4,0.37125,0.389375,0.40625,0.383125,0.3825,0.3775,0.42375,0.418125,0.394375,0.408125,0.34875,0.3975,0.414375,0.42,0.396875,0.389375,0.424375,0.4025,0.43375,0.421875,0.408125,0.4225,0.4625,0.39875,0.430625,0.445,0.376875,0.405,0.401875,0.413125,0.40125,0.420625,0.41125,0.41125,0.371875,0.405,0.41375,0.3875,0.379375,0.419375,0.42375,0.379375,0.4025,0.37125,0.3875,0.380625,0.373125,0.44,0.42375,0.405,0.428125,0.374375,0.416875,0.410625,0.370625,0.413125,0.39625,0.436875,0.381875,0.416875,0.37125,0.405,0.429375,0.40125,0.389375,0.395625,0.376875,0.391875,0.424375,0.405,0.40125,0.390625,0.406875,0.423125,0.425,0.4325,0.38125,0.40875,0.40375,0.406875,0.383125,0.38125,0.388125,0.404375,0.39625,0.385625,0.414375,0.406875,0.399375,0.369375,0.408125,0.385625,0.405,0.435,0.393125,0.415,0.4325,0.416875,0.4125,0.42125,0.4175,0.4375,0.37875,0.394375,0.415625,0.40125,0.393125,0.395625,0.383125,0.4025,0.388125,0.418125,0.37125,0.36125,0.4275,0.381875,0.4,0.438125,0.450625,0.400625,0.393125,0.34625,0.42625,0.37625,0.395625,0.4,0.389375,0.415625,0.37375,0.385625,0.4025,0.404375,0.42375,0.415625,0.405625,0.38125,0.4075,0.38625,0.396875,0.4025,0.406875,0.415,0.38,0.40375,0.43,0.3775,0.416875,0.414375,0.363125,0.395
0.18	GG2	0.4175,0.3825,0.463125,0.429375,0.391875,0.429375,0.426875,0.395625,0.43125,0.42875,0.405,0.410625,0.414375,0.401875,0.43625,0.405,0.394375,0.411875,0.40125,0.390625,0.41375,0.39625,0.37375,0.415625,0.40875,0.421875,0.41,0.423125,0.385625,0.414375,0.430625,0.395625,0.384375,0.4125,0.409375,0.40125,0.401875,0.415,0.400625,0.423125,0.411875,0.424375,0.411875,0.408125,0.383125,0.431875,0.4175,0.425625,0.414375,0.424375,0.393125,0.3975,0.41375,0.39,0.37875,0.394375,0.414375,0.418125,0.398125,0.434375,0.368125,0.419375,0.414375,0.424375,0.430625,0.38375,0.418125,0.401875,0.41875,0.40375,0.420625,0.43125,0.45125,0.3975,0.380625,0.44875,0.39125,0.426875,0.419375,0.421875,0.413125,0.416875,0.419375,0.43125,0.375,0.408125,0.413125,0.359375,0.3875,0.40125,0.419375,0.38375,0.40125,0.405625,0.4,0.39625,0.4225,0.43625,0.42625,0.41625,0.428125,0.40375,0.415,0.4125,0.40875,0.4125,0.39875,0.42625,0.4,0.430625,0.39,0.400625,0.425625,0.40375,0.399375,0.418125,0.40375,0.42125,0.444375,0.394375,0.4125,0.419375,0.393125,0.40125,0.438125,0.443125,0.409375,0.406875,0.420625,0.405,0.419375,0.419375,0.43,0.40875,0.39125,0.394375,0.43,0.411875,0.41625,0.38375,0.408125,0.395,0.42375,0.438125,0.441875,0.424375,0.409375,0.400625,0.413125,0.39875,0.429375,0.423125,0.39625,0.424375,0.415,0.40875,0.415,0.404375,0.418125,0.4275,0.38875,0.415625,0.429375,0.3775,0.43875,0.40125,0.430625,0.41375,0.46125,0.380625,0.396875,0.385,0.425,0.399375,0.3825,0.418125,0.40125,0.4125,0.370625,0.39625,0.4,0.400625,0.4275,0.42125,0.4375,0.388125,0.375,0.4325,0.415,0.40875,0.45,0.425625,0.390625,0.41,0.419375,0.385,0.406875,0.421875,0.394375,0.411875
0.2	GEE	0.380625,0.390625,0.38375,0.391875,0.368125,0.375,0.39875,0.3525,0.363125,0.395,0.3775,0.36875,0.405,0.375,0.395625,0.340625,0.3775,0.355,0.369375,0.36,0.360625,0.35625,0.38125,0.386875,0.38625,0.414375,0.3925,0.356875,0.37,0.353125,0.379375,0.37,0.36125,0.375,0.391875,0.359375,0.365625,0.375625,0.324375,0.3825,0.345625,0.371875,0.37125,0.37625,0.34375,0.355,0.331875,0.4,0.3825,0.3625,0.383125,0.371875,0.344375,0.33875,0.3625,0.321875,0.379375,0.38875,0.390625,0.361875,0.31625,0.379375,0.375,0.401875,0.349375,0.37625,0.36625,0.3725,0.388125,0.363125,0.37625,0.360625,0.386875,0.3525,0.345,0.346875,0.3575,0.326875,0.3975,0.378125,0.395,0.350625,0.380625,0.38875,0.37875,0.346875,0.35125,0.381875,0.39,0.34625,0.33,0.385625,0.398125,0.354375,0.339375,0.343125,0.398125,0.348125,0.359375,0.393125,0.383125,0.349375,0.388125,0.3775,0.356875,0.39125,0.374375,0.33125,0.37,0.38375,0.365625,0.404375,0.36375,0.351875,0.385625,0.39625,0.369375,0.385625,0.388125,0.364375,0.404375,0.376875,0.35625,0.416875,0.32125,0.375625,0.371875,0.40875,0.378125,0.380625,0.355,0.345,0.43125,0.363125,0.393125,0.343125,0.365625,0.385,0.361875,0.35375,0.36625,0.399375,0.36,0.355,0.3825,0.395,0.385,0.37625,0.366875,0.3375,0.33125,0.318125,0.383125,0.356875,0.3325,0.369375,0.385625,0.371875,0.40625,0.3625,0.343125,0.36375,0.330625,0.361875,0.399375,0.3725,0.36375,0.329375,0.356875,0.376875,0.35875,0.3575,0.39125,0.375,0.375625,0.36375,0.385625,0.3875,0.32625,0.3725,0.4125,0.338125,0.3425,0.334375,0.36,0.329375,0.3525,0.339375,0.370625,0.31875,0.354375,0.411875,0.389375,0.3875,0.369375,0.340625,0.366875,0.366875,0.339375,0.366875
0.2	GNN	0.381875,0.33875,0.3075,0.260625,0.294375,0.28125,0.32625,0.266875,0.32875,0.2925,0.331875,0.336875,0.299375,0.338125,0.2575,0.319375,0.260625,0.32,0.3475,0.26125,0.250625,0.246875,0.355,0.284375,0.301875,0.281875,0.271875,0.298125,0.29375,0.311875,0.314375,0.361875,0.314375,0.3575,0.275625,0.355,0.2575,0.36,0.334375,0.2775,0.29,0.32875,0.2975,0.2975,0.359375,0.32625,0.336875,0.331875,0.279375,0.300625,0.25625,0.28,0.364375,0.30125,0.3025,0.305625,0.265,0.335,0.271875,0.294375,0.3,0.308125,0.311875,0.37875,0.320625,0.300625,0.329375,0.29,0.310625,0.2925,0.234375,0.3575,0.32125,0.224375,0.25625,0.325,0.334375,0.305625,0.34625,0.330625,0.29375,0.335625,0.3075,0.33625,0.290625,0.294375,0.35125,0.368125,0.300625,0.39375,0.299375,0.311875,0.28625,0.294375,0.30625,0.34,0.314375,0.33875,0.29625,0.29375,0.30375,0.243125,0.3525,0.321875,0.35875,0.296875,0.3125,0.300625,0.24375,0.275625,0.28375,0.31875,0.301875,0.305625,0.284375,0.320625,0.329375,0.334375,0.3275,0.334375,0.246875,0.30125,0.326875,0.261875,0.315625,0.34875,0.31875,0.293125,0.320625,0.31,0.283125,0.278125,0.346875,0.35,0.341875,0.2625,0.318125,0.319375,0.275,0.28625,0.29875,0.298125,0.30875,0.34875,0.320625,0.279375,0.29875,0.333125,0.305,0.25125,0.321875,0.28125,0.300625,0.3075,0.313125,0.28625,0.336875,0.34125,0.29125,0.298125,0.3625,0.259375,0.30375,0.251875,0.31625,0.275625,0.288125,0.285625,0.30875,0.32375,0.274375,0.290625,0.32375,0.32,0.343125,0.336875,0.300625,0.330625,0.314375,0.3575,0.266875,0.255,0.3425,0.245625,0.309375,0.325,0.275625,0.30125,0.320625,0.328125,0.304375,0.3175,0.293125,0.2975,0.35,0.325625,0.32,0.295625,0.278125,0.308125
0.2	GG	0.414375,0.388125,0.379375,0.40125,0.39625,0.388125,0.333125,0.36625,0.38125,0.41375,0.390625,0.3675,0.40875,0.4075,0.37,0.365625,0.38625,0.369375,0.385625,0.393125,0.38,0.41125,0.3825,0.396875,0.350625,0.395,0.395625,0.35875,0.353125,0.371875,0.42,0.366875,0.380625,0.380625,0.42125,0.356875,0.37375,0.395,0.376875,0.3775,0.349375,0.384375,0.38375,0.36625,0.3675,0.399375,0.3725,0.3875,0.3875,0.3575,0.385,0.384375,0.361875,0.350625,0.365625,0.380625,0.37375,0.390625,0.376875,0.361875,0.335625,0.373125,0.413125,0.395,0.396875,0.36875,0.4025,0.391875,0.40625,0.380625,0.37625,0.391875,0.396875,0.37875,0.3975,0.38125,0.339375,0.38125,0.4025,0.395,0.384375,0.39875,0.368125,0.38875,0.3825,0.373125,0.381875,0.3725,0.379375,0.40625,0.394375,0.3925,0.363125,0.359375,0.35,0.38625,0.35125,0.3925,0.3575,0.3675,0.405625,0.376875,0.401875,0.413125,0.374375,0.385625,0.350625,0.4,0.353125,0.400625,0.365,0.371875,0.399375,0.390625,0.375625,0.3675,0.380625,0.355625,0.405,0.35625,0.404375,0.373125,0.3525,0.404375,0.376875,0.403125,0.36375,0.379375,0.395625,0.38375,0.378125,0.373125,0.390625,0.40375,0.3825,0.363125,0.398125,0.375625,0.360625,0.36125,0.368125,0.370625,0.3675,0.408125,0.386875,0.405,0.403125,0.406875,0.38125,0.40375,0.3875,0.385625,0.3625,0.3775,0.375625,0.3725,0.375,0.385625,0.36,0.35375,0.35875,0.395,0.3825,0.36875,0.393125,0.38375,0.37,0.395,0.395625,0.3725,0.35875,0.34375,0.404375,0.361875,0.369375,0.413125,0.3975,0.39375,0.363125,0.37625,0.426875,0.405,0.37375,0.39875,0.395,0.363125,0.3725,0.363125,0.36,0.36625,0.366875,0.386875,0.383125,0.384375,0.34875,0.346875,0.40125,0.38375,0.355,0.38125
0.2	GG2	0.414375,0.41,0.42625,0.405,0.39125,0.4025,0.384375,0.391875,0.391875,0.41375,0.380625,0.378125,0.40125,0.408125,0.420625,0.370625,0.378125,0.375,0.39375,0.395625,0.398125,0.38875,0.3625,0.405,0.393125,0.4175,0.396875,0.37125,0.38375,0.39625,0.3975,0.369375,0.390625,0.374375,0.39375,0.393125,0.385,0.41,0.369375,0.398125,0.39875,0.38875,0.3875,0.401875,0.38375,0.394375,0.40875,0.39625,0.360625,0.37375,0.40625,0.408125,0.366875,0.3425,0.37375,0.375625,0.3775,0.39625,0.381875,0.360625,0.351875,0.39875,0.4175,0.39625,0.41,0.3875,0.3825,0.370625,0.405625,0.395625,0.386875,0.389375,0.400625,0.378125,0.395625,0.398125,0.345625,0.391875,0.434375,0.37375,0.424375,0.396875,0.3975,0.380625,0.39125,0.375,0.381875,0.381875,0.390625,0.408125,0.39625,0.406875,0.383125,0.415,0.364375,0.386875,0.434375,0.38875,0.383125,0.38375,0.414375,0.38375,0.390625,0.415625,0.413125,0.429375,0.3725,0.3875,0.401875,0.395,0.395625,0.380625,0.37125,0.40375,0.3675,0.39875,0.4075,0.40125,0.40375,0.38375,0.40125,0.391875,0.350625,0.40625,0.35875,0.405625,0.37875,0.36625,0.395,0.375625,0.379375,0.38125,0.43,0.418125,0.3875,0.395,0.41875,0.378125,0.3675,0.3875,0.361875,0.39375,0.373125,0.40625,0.403125,0.410625,0.41875,0.404375,0.400625,0.4225,0.379375,0.3625,0.39625,0.3925,0.384375,0.373125,0.371875,0.38375,0.3625,0.366875,0.365625,0.41,0.355,0.380625,0.40375,0.399375,0.3675,0.385,0.395,0.394375,0.3675,0.388125,0.400625,0.39625,0.378125,0.395625,0.396875,0.396875,0.355625,0.401875,0.419375,0.406875,0.39875,0.395625,0.41625,0.365625,0.363125,0.35625,0.374375,0.375,0.38625,0.39125,0.386875,0.376875,0.348125,0.35875,0.405,0.400625,0.385,0.38125
0.22	GEE	0.36625,0.39,0.3725,0.326875,0.363125,0.37875,0.3325,0.348125,0.364375,0.353125,0.340625,0.39,0.3575,0.375,0.380625,0.353125,0.364375,0.3275,0.365625,0.354375,0.338125,0.34625,0.385,0.37625,0.379375,0.375625,0.34875,0.354375,0.338125,0.31875,0.38875,0.35375,0.326875,0.35125,0.370625,0.370625,0.365625,0.363125,0.371875,0.388125,0.32375,0.3775,0.35875,0.36125,0.3275,0.375,0.32625,0.3375,0.353125,0.39375,0.34875,0.330625,0.33875,0.339375,0.324375,0.35125,0.361875,0.395625,0.36875,0.36125,0.32875,0.368125,0.326875,0.3475,0.321875,0.34125,0.4025,0.33375,0.353125,0.29875,0.369375,0.349375,0.33125,0.3375,0.329375,0.335,0.35375,0.350625,0.341875,0.3775,0.37,0.315,0.38,0.3575,0.31,0.35125,0.311875,0.3125,0.37625,0.365,0.358125,0.39,0.411875,0.3825,0.31125,0.328125,0.316875,0.34,0.384375,0.3475,0.326875,0.351875,0.361875,0.3525,0.379375,0.3425,0.33125,0.37875,0.315,0.36625,0.330625,0.34625,0.33375,0.381875,0.360625,0.37875,0.335625,0.395,0.36875,0.36,0.34625,0.361875,0.348125,0.371875,0.374375,0.3425,0.34,0.373125,0.35,0.356875,0.356875,0.33875,0.316875,0.34625,0.36625,0.29875,0.3275,0.31625,0.350625,0.324375,0.371875,0.355625,0.346875,0.374375,0.385625,0.378125,0.344375,0.380625,0.338125,0.295,0.348125,0.316875,0.335625,0.371875,0.346875,0.298125,0.331875,0.379375,0.340625,0.365,0.36125,0.350625,0.355,0.35125,0.34625,0.33,0.373125,0.32375,0.376875,0.36375,0.35875,0.365625,0.379375,0.33,0.32625,0.369375,0.39875,0.371875,0.368125,0.336875,0.32875,0.35,0.345,0.299375,0.358125,0.355,0.369375,0.350625,0.33625,0.34625,0.3725,0.3625,0.3525,0.36875,0.345625,0.355,0.330625,0.34875,0.351875,0.38125
0.22	GNN	0.349375,0.30625,0.30125,0.256875,0.271875,0.293125,0.28625,0.270625,0.306875,0.301875,0.314375,0.315625,0.278125,0.3125,0.248125,0.315,0.2675,0.313125,0.324375,0.290625,0.26375,0.2775,0.3325,0.2825,0.293125,0.295625,0.3,0.283125,0.2625,0.324375,0.285625,0.34625,0.300625,0.333125,0.293125,0.33875,0.2575,0.329375,0.30625,0.24625,0.27,0.338125,0.306875,0.308125,0.324375,0.309375,0.33625,0.296875,0.304375,0.286875,0.250625,0.304375,0.32125,0.2975,0.326875,0.315,0.26625,0.36125,0.3,0.27625,0.326875,0.305625,0.30125,0.37625,0.285625,0.286875,0.325625,0.290625,0.313125,0.275625,0.268125,0.3425,0.329375,0.235,0.2675,0.29875,0.30625,0.29875,0.343125,0.311875,0.278125,0.333125,0.295,0.3075,0.309375,0.303125,0.334375,0.360625,0.2725,0.35625,0.29625,0.30625,0.31,0.27125,0.310625,0.3375,0.331875,0.321875,0.300625,0.2925,0.2875,0.265625,0.346875,0.306875,0.335,0.318125,0.29875,0.311875,0.234375,0.275,0.27125,0.29375,0.308125,0.341875,0.301875,0.328125,0.3375,0.310625,0.293125,0.3175,0.27875,0.321875,0.329375,0.225,0.308125,0.339375,0.306875,0.305625,0.319375,0.30375,0.275625,0.285,0.299375,0.33625,0.30375,0.240625,0.3125,0.32375,0.266875,0.2675,0.30625,0.30625,0.316875,0.331875,0.33875,0.28875,0.32875,0.31625,0.29875,0.245,0.316875,0.27,0.289375,0.326875,0.305,0.274375,0.34875,0.34,0.29875,0.271875,0.359375,0.25875,0.321875,0.26875,0.32875,0.29625,0.279375,0.298125,0.324375,0.318125,0.30125,0.279375,0.32375,0.285,0.334375,0.32375,0.319375,0.309375,0.31125,0.335625,0.266875,0.2475,0.34,0.28875,0.299375,0.34,0.26,0.30625,0.31125,0.323125,0.310625,0.318125,0.29125,0.28,0.32375,0.311875,0.289375,0.296875,0.295625,0.325
0.22	GG	0.38375,0.3575,0.3725,0.37625,0.349375,0.38625,0.3475,0.358125,0.355625,0.38375,0.363125,0.36625,0.37,0.369375,0.356875,0.34875,0.34375,0.35,0.36125,0.350625,0.35875,0.35875,0.35875,0.365,0.3425,0.366875,0.3775,0.380625,0.348125,0.3575,0.374375,0.358125,0.34625,0.36875,0.394375,0.3575,0.361875,0.375,0.3575,0.37875,0.32625,0.341875,0.3475,0.34625,0.3475,0.379375,0.329375,0.359375,0.328125,0.361875,0.351875,0.345,0.359375,0.313125,0.34,0.35625,0.364375,0.38375,0.36,0.34875,0.32,0.371875,0.369375,0.3675,0.353125,0.359375,0.39625,0.35125,0.374375,0.363125,0.36625,0.3625,0.35875,0.358125,0.371875,0.395625,0.340625,0.34875,0.346875,0.365,0.356875,0.353125,0.373125,0.35625,0.351875,0.3875,0.35375,0.38375,0.3475,0.359375,0.340625,0.38625,0.37875,0.3525,0.32625,0.346875,0.333125,0.31,0.369375,0.359375,0.3575,0.341875,0.376875,0.36,0.3575,0.37625,0.338125,0.36625,0.333125,0.375625,0.319375,0.364375,0.38,0.36875,0.3675,0.32125,0.3525,0.35,0.385,0.37375,0.36375,0.3525,0.355625,0.361875,0.36,0.373125,0.3475,0.34875,0.363125,0.369375,0.326875,0.35125,0.333125,0.374375,0.34875,0.339375,0.37875,0.319375,0.37625,0.35625,0.3725,0.38625,0.3375,0.370625,0.389375,0.385,0.38125,0.3725,0.35625,0.37125,0.38,0.353125,0.315625,0.354375,0.36,0.354375,0.338125,0.36,0.34,0.36125,0.350625,0.3825,0.345625,0.34,0.376875,0.3525,0.369375,0.384375,0.3725,0.371875,0.35,0.295625,0.37375,0.3525,0.3425,0.3725,0.413125,0.37625,0.380625,0.37875,0.364375,0.323125,0.37875,0.368125,0.368125,0.343125,0.364375,0.339375,0.346875,0.345625,0.373125,0.365625,0.35375,0.37625,0.34375,0.35625,0.368125,0.3425,0.33625,0.383125
0.22	GG2	0.385625,0.38125,0.398125,0.385,0.3525,0.37,0.36625,0.3575,0.4025,0.384375,0.36125,0.395625,0.368125,0.36375,0.379375,0.353125,0.35375,0.37,0.395625,0.38625,0.37375,0.383125,0.37625,0.368125,0.384375,0.386875,0.37,0.38625,0.360625,0.361875,0.386875,0.358125,0.35375,0.35,0.36375,0.3525,0.37,0.41,0.373125,0.395625,0.35625,0.380625,0.35875,0.358125,0.355625,0.38875,0.359375,0.345625,0.35125,0.39125,0.355,0.370625,0.361875,0.355,0.3425,0.3625,0.37125,0.395625,0.368125,0.36625,0.3725,0.384375,0.378125,0.370625,0.35875,0.34,0.410625,0.32875,0.3725,0.35875,0.379375,0.36875,0.351875,0.37375,0.38125,0.39375,0.334375,0.37125,0.364375,0.375,0.375625,0.35875,0.37625,0.361875,0.34625,0.395,0.358125,0.38375,0.3675,0.376875,0.364375,0.396875,0.385625,0.36,0.343125,0.361875,0.324375,0.365,0.363125,0.364375,0.368125,0.36375,0.369375,0.3975,0.370625,0.38875,0.338125,0.385625,0.38,0.38625,0.339375,0.3575,0.37875,0.37,0.37,0.346875,0.36875,0.396875,0.4125,0.365625,0.353125,0.380625,0.36125,0.364375,0.373125,0.373125,0.371875,0.36875,0.374375,0.3575,0.37375,0.36,0.360625,0.4025,0.355,0.346875,0.39375,0.33,0.37,0.370625,0.36,0.386875,0.341875,0.371875,0.41125,0.37625,0.383125,0.37125,0.350625,0.369375,0.39375,0.354375,0.360625,0.354375,0.36125,0.366875,0.3525,0.36,0.345,0.38625,0.3575,0.37875,0.34875,0.351875,0.365,0.374375,0.35625,0.385,0.38875,0.369375,0.40125,0.363125,0.375,0.369375,0.3425,0.379375,0.415625,0.388125,0.356875,0.363125,0.370625,0.345,0.391875,0.34875,0.375,0.370625,0.3425,0.35375,0.34125,0.34875,0.386875,0.370625,0.364375,0.388125,0.34375,0.3775,0.35625,0.35375,0.371875,0.395625
0.24	GEE	0.351875,0.31375,0.330625,0.36625,0.32125,0.3125,0.300625,0.35,0.334375,0.324375,0.35625,0.340625,0.3575,0.320625,0.32375,0.34375,0.355625,0.3175,0.32125,0.295,0.343125,0.340625,0.359375,0.345,0.324375,0.3375,0.324375,0.351875,0.33,0.320625,0.355,0.306875,0.31625,0.329375,0.334375,0.305625,0.34625,0.321875,0.365,0.355625,0.323125,0.373125,0.345625,0.345625,0.3275,0.338125,0.338125,0.358125,0.309375,0.305,0.351875,0.321875,0.320625,0.336875,0.314375,0.33125,0.31125,0.3525,0.3575,0.31375,0.368125,0.3225,0.315625,0.371875,0.300625,0.361875,0.35,0.315625,0.3525,0.350625,0.3575,0.34625,0.3225,0.3325,0.353125,0.3375,0.348125,0.335625,0.340625,0.340625,0.325,0.341875,0.351875,0.325625,0.32,0.338125,0.30875,0.315,0.319375,0.315625,0.365,0.3425,0.34375,0.356875,0.315,0.345,0.34375,0.321875,0.310625,0.33375,0.345,0.350625,0.333125,0.33875,0.313125,0.338125,0.328125,0.335625,0.34625,0.34,0.331875,0.309375,0.2975,0.350625,0.329375,0.319375,0.313125,0.34125,0.328125,0.34125,0.36125,0.350625,0.335,0.3525,0.34625,0.2775,0.333125,0.3575,0.355625,0.370625,0.358125,0.3125,0.31875,0.305625,0.279375,0.31375,0.348125,0.340625,0.344375,0.345,0.325625,0.333125,0.3575,0.31,0.34125,0.37875,0.315625,0.319375,0.34125,0.348125,0.36,0.31,0.3325,0.358125,0.29875,0.339375,0.359375,0.31875,0.316875,0.366875,0.330625,0.3375,0.3325,0.324375,0.33125,0.320625,0.31375,0.3475,0.330625,0.34875,0.330625,0.315625,0.289375,0.291875,0.32,0.3225,0.3475,0.343125,0.36125,0.305625,0.3475,0.330625,0.306875,0.3525,0.33125,0.34,0.31875,0.3275,0.355625,0.310625,0.375625,0.341875,0.31875,0.356875,0.360625,0.333125,0.345625,0.29875,0.280625,0.345
0.24	GNN	0.34875,0.31,0.268125,0.2825,0.284375,0.295,0.308125,0.284375,0.32125,0.301875,0.300625,0.310625,0.303125,0.335625,0.265,0.338125,0.268125,0.2975,0.321875,0.26875,0.26375,0.2475,0.335,0.300625,0.303125,0.294375,0.28,0.259375,0.2875,0.295,0.285625,0.326875,0.316875,0.330625,0.27375,0.315625,0.291875,0.3475,0.331875,0.28625,0.26,0.35375,0.3,0.29375,0.328125,0.315,0.344375,0.309375,0.304375,0.275625,0.25625,0.273125,0.309375,0.2825,0.308125,0.311875,0.2925,0.30375,0.278125,0.269375,0.3175,0.299375,0.29875,0.34125,0.31625,0.29,0.30875,0.261875,0.310625,0.296875,0.27,0.335625,0.335625,0.22,0.256875,0.2825,0.315625,0.299375,0.32875,0.305625,0.269375,0.3425,0.301875,0.328125,0.303125,0.306875,0.325,0.324375,0.29375,0.36,0.27625,0.298125,0.308125,0.30375,0.304375,0.31375,0.300625,0.335625,0.27375,0.26875,0.295,0.264375,0.336875,0.27125,0.31625,0.303125,0.299375,0.28625,0.244375,0.2675,0.28125,0.294375,0.295,0.3125,0.299375,0.285,0.32875,0.338125,0.30125,0.318125,0.261875,0.311875,0.32,0.245625,0.32375,0.3325,0.325,0.295625,0.305625,0.31125,0.255625,0.2775,0.315,0.31375,0.30875,0.278125,0.3,0.306875,0.2825,0.285,0.30125,0.308125,0.3325,0.318125,0.29875,0.295,0.300625,0.3075,0.3,0.24875,0.326875,0.254375,0.298125,0.318125,0.27125,0.288125,0.33625,0.3225,0.300625,0.31625,0.351875,0.24125,0.298125,0.264375,0.33875,0.28125,0.289375,0.296875,0.32375,0.3175,0.29875,0.28125,0.335,0.309375,0.328125,0.34,0.315,0.315625,0.291875,0.333125,0.276875,0.2625,0.340625,0.26,0.31375,0.325625,0.260625,0.3025,0.314375,0.29875,0.3025,0.315,0.305,0.294375,0.31625,0.3325,0.28625,0.306875,0.273125,0.31125
0.24	GG	0.353125,0.32375,0.32625,0.35,0.30875,0.363125,0.31875,0.329375,0.346875,0.34375,0.36125,0.32,0.356875,0.364375,0.318125,0.306875,0.365625,0.328125,0.341875,0.313125,0.329375,0.3625,0.32875,0.338125,0.324375,0.33875,0.360625,0.346875,0.35125,0.32375,0.34625,0.313125,0.32875,0.3625,0.34875,0.315625,0.345,0.340625,0.35125,0.350625,0.31,0.34375,0.329375,0.32625,0.3275,0.351875,0.325625,0.33625,0.33125,0.333125,0.345625,0.3275,0.336875,0.305,0.3275,0.333125,0.32125,0.33375,0.35375,0.33,0.33875,0.323125,0.340625,0.368125,0.325625,0.35625,0.375,0.335625,0.350625,0.340625,0.359375,0.34,0.3525,0.34625,0.36875,0.36,0.29875,0.333125,0.34375,0.311875,0.349375,0.38625,0.36375,0.34,0.3325,0.374375,0.305,0.319375,0.331875,0.33375,0.338125,0.356875,0.339375,0.325625,0.30625,0.34875,0.33,0.319375,0.33625,0.36875,0.35125,0.315,0.338125,0.368125,0.34125,0.37,0.3225,0.359375,0.329375,0.361875,0.33375,0.325,0.35,0.33375,0.33375,0.331875,0.32125,0.36125,0.348125,0.293125,0.360625,0.34125,0.32875,0.34625,0.336875,0.3375,0.345,0.365,0.35125,0.37875,0.33375,0.34,0.32625,0.32875,0.344375,0.301875,0.351875,0.345625,0.35625,0.31625,0.2975,0.3225,0.350625,0.356875,0.339375,0.37875,0.348125,0.335,0.3425,0.358125,0.345625,0.343125,0.335,0.32125,0.311875,0.33625,0.335,0.34125,0.305625,0.3525,0.33875,0.371875,0.343125,0.320625,0.37,0.35625,0.34375,0.355625,0.365625,0.343125,0.313125,0.289375,0.34125,0.29,0.32375,0.355625,0.338125,0.361875,0.359375,0.331875,0.351875,0.320625,0.340625,0.38,0.33625,0.315,0.353125,0.33,0.343125,0.33,0.355,0.351875,0.335625,0.36875,0.329375,0.344375,0.3225,0.315,0.31875,0.3675
0.24	GG2	0.35375,0.333125,0.371875,0.3575,0.348125,0.373125,0.3375,0.330625,0.3825,0.34125,0.35625,0.32,0.3225,0.34625,0.344375,0.344375,0.333125,0.33375,0.319375,0.33125,0.35125,0.351875,0.335,0.345625,0.35,0.34625,0.3625,0.360625,0.343125,0.348125,0.358125,0.315625,0.34125,0.34,0.33375,0.324375,0.345625,0.366875,0.356875,0.35625,0.355625,0.35375,0.329375,0.3475,0.324375,0.334375,0.361875,0.355,0.34125,0.336875,0.353125,0.34,0.33375,0.318125,0.33375,0.355,0.33,0.338125,0.354375,0.35625,0.371875,0.335,0.354375,0.36875,0.330625,0.35875,0.356875,0.326875,0.359375,0.3725,0.380625,0.331875,0.3275,0.379375,0.36875,0.363125,0.3225,0.359375,0.3475,0.31125,0.349375,0.36125,0.351875,0.338125,0.33,0.39125,0.303125,0.34,0.330625,0.31125,0.36375,0.34125,0.341875,0.363125,0.355625,0.354375,0.373125,0.328125,0.306875,0.37375,0.355625,0.364375,0.335625,0.379375,0.363125,0.371875,0.329375,0.366875,0.354375,0.361875,0.336875,0.33625,0.35125,0.36875,0.329375,0.345,0.345,0.371875,0.36125,0.325,0.356875,0.363125,0.328125,0.33875,0.343125,0.345,0.355625,0.345625,0.356875,0.365,0.36,0.359375,0.359375,0.3525,0.330625,0.319375,0.3675,0.345,0.34375,0.3475,0.321875,0.34125,0.36625,0.35875,0.34625,0.375625,0.345,0.3475,0.345,0.341875,0.348125,0.3475,0.35625,0.333125,0.3275,0.3475,0.361875,0.3325,0.306875,0.36875,0.359375,0.3625,0.3275,0.3475,0.346875,0.343125,0.359375,0.366875,0.3625,0.346875,0.3425,0.32625,0.34,0.32125,0.30625,0.359375,0.34375,0.3475,0.336875,0.32,0.33875,0.32125,0.350625,0.374375,0.37125,0.334375,0.34,0.345,0.35625,0.335,0.399375,0.37625,0.33625,0.371875,0.350625,0.351875,0.343125,0.32,0.31375,0.353125
0.26	GEE	0.35,0.295,0.31,0.2975,0.296875,0.290625,0.29125,0.338125,0.32125,0.33875,0.32125,0.341875,0.3175,0.316875,0.32625,0.30625,0.32,0.310625,0.315,0.289375,0.325,0.341875,0.326875,0.31125,0.32375,0.31,0.324375,0.318125,0.3325,0.300625,0.318125,0.295625,0.3125,0.331875,0.344375,0.30125,0.34,0.33375,0.328125,0.31875,0.316875,0.32125,0.321875,0.330625,0.298125,0.34,0.29625,0.28375,0.278125,0.314375,0.32,0.328125,0.30625,0.281875,0.35875,0.283125,0.29625,0.363125,0.32125,0.33,0.29875,0.309375,0.319375,0.30625,0.318125,0.305625,0.325,0.325,0.33375,0.288125,0.345,0.333125,0.325625,0.324375,0.29625,0.320625,0.304375,0.31625,0.314375,0.301875,0.350625,0.3,0.333125,0.298125,0.31,0.326875,0.29125,0.33875,0.326875,0.316875,0.29875,0.33375,0.3075,0.2825,0.326875,0.325,0.29625,0.3175,0.300625,0.343125,0.304375,0.309375,0.316875,0.339375,0.344375,0.3075,0.330625,0.3025,0.311875,0.32625,0.2725,0.3225,0.33875,0.333125,0.345,0.321875,0.2925,0.343125,0.3275,0.294375,0.33375,0.351875,0.32875,0.313125,0.335625,0.33625,0.33,0.321875,0.335,0.326875,0.344375,0.299375,0.298125,0.29,0.319375,0.335,0.328125,0.32375,0.3325,0.30375,0.319375,0.315625,0.320625,0.326875,0.315625,0.34875,0.30375,0.30375,0.3425,0.34,0.3,0.304375,0.31625,0.298125,0.298125,0.3425,0.311875,0.3275,0.32625,0.335,0.325625,0.286875,0.318125,0.329375,0.323125,0.32625,0.300625,0.294375,0.326875,0.296875,0.340625,0.30125,0.34375,0.321875,0.321875,0.313125,0.300625,0.318125,0.31875,0.338125,0.304375,0.265,0.315625,0.325,0.296875,0.34625,0.293125,0.318125,0.304375,0.314375,0.316875,0.301875,0.280625,0.315625,0.36,0.298125,0.319375,0.32125,0.2775,0.334375
0.26	GNN	0.336875,0.295,0.285625,0.2625,0.274375,0.308125,0.31,0.264375,0.28125,0.2875,0.28,0.31875,0.285625,0.31875,0.258125,0.2925,0.261875,0.299375,0.32,0.27125,0.260625,0.246875,0.32875,0.285,0.279375,0.284375,0.284375,0.2725,0.2525,0.276875,0.28125,0.324375,0.29,0.32125,0.27875,0.29625,0.244375,0.325,0.3,0.28625,0.255,0.331875,0.295625,0.293125,0.325,0.3125,0.3075,0.301875,0.286875,0.285,0.240625,0.26875,0.305625,0.286875,0.291875,0.31375,0.269375,0.32875,0.280625,0.28,0.27625,0.289375,0.294375,0.338125,0.31125,0.3025,0.32375,0.248125,0.29,0.291875,0.26875,0.328125,0.311875,0.225,0.235,0.29,0.309375,0.3075,0.33375,0.310625,0.27625,0.31875,0.29,0.31,0.29125,0.291875,0.3125,0.326875,0.29875,0.348125,0.3025,0.274375,0.288125,0.265,0.30875,0.320625,0.31625,0.335,0.290625,0.285625,0.286875,0.25,0.301875,0.296875,0.31375,0.28375,0.291875,0.270625,0.22625,0.284375,0.260625,0.285625,0.3,0.2975,0.26875,0.311875,0.321875,0.3025,0.3,0.290625,0.258125,0.2875,0.30125,0.249375,0.293125,0.34375,0.309375,0.275625,0.2925,0.293125,0.264375,0.286875,0.314375,0.31625,0.290625,0.27125,0.308125,0.316875,0.278125,0.284375,0.303125,0.275625,0.291875,0.305,0.275,0.295,0.305,0.298125,0.271875,0.254375,0.3025,0.274375,0.289375,0.295,0.295625,0.28625,0.3425,0.33375,0.258125,0.293125,0.338125,0.266875,0.30625,0.258125,0.2975,0.29125,0.28625,0.29375,0.31625,0.328125,0.273125,0.265625,0.34625,0.316875,0.321875,0.340625,0.298125,0.2975,0.294375,0.32125,0.296875,0.25875,0.305625,0.26875,0.300625,0.325625,0.241875,0.2775,0.294375,0.296875,0.29625,0.308125,0.296875,0.28625,0.323125,0.29375,0.284375,0.278125,0.285625,0.29625
0.26	GG	0.350625,0.315625,0.28875,0.326875,0.321875,0.31875,0.3,0.3275,0.333125,0.3425,0.336875,0.335,0.339375,0.340625,0.313125,0.316875,0.323125,0.333125,0.319375,0.32625,0.316875,0.35875,0.32875,0.30375,0.304375,0.3,0.340625,0.3125,0.313125,0.31875,0.34875,0.33875,0.306875,0.329375,0.36875,0.323125,0.31875,0.346875,0.310625,0.31125,0.3075,0.310625,0.3275,0.3175,0.320625,0.35125,0.32375,0.319375,0.300625,0.306875,0.309375,0.316875,0.325625,0.301875,0.3525,0.33125,0.30125,0.345625,0.32625,0.32875,0.301875,0.3125,0.33,0.3225,0.331875,0.335,0.350625,0.319375,0.346875,0.324375,0.341875,0.334375,0.34125,0.336875,0.32375,0.335,0.3025,0.3325,0.3275,0.3175,0.340625,0.32125,0.32125,0.31875,0.3125,0.326875,0.320625,0.3575,0.31,0.311875,0.32875,0.33375,0.316875,0.32375,0.32,0.325,0.304375,0.318125,0.30625,0.348125,0.338125,0.313125,0.32375,0.34875,0.329375,0.321875,0.33375,0.3325,0.315,0.359375,0.28875,0.32125,0.35125,0.331875,0.34,0.315625,0.30875,0.340625,0.3425,0.339375,0.3525,0.34625,0.313125,0.306875,0.338125,0.349375,0.3425,0.325,0.345,0.3275,0.33875,0.335625,0.32125,0.319375,0.313125,0.339375,0.30875,0.330625,0.345,0.306875,0.31875,0.345625,0.341875,0.35375,0.328125,0.3575,0.333125,0.324375,0.345,0.33625,0.348125,0.316875,0.309375,0.2925,0.320625,0.348125,0.310625,0.3425,0.30125,0.325,0.3275,0.308125,0.315625,0.335,0.3475,0.30875,0.323125,0.34625,0.334375,0.3025,0.300625,0.28875,0.349375,0.29375,0.31125,0.343125,0.32375,0.29875,0.34375,0.354375,0.3375,0.294375,0.326875,0.336875,0.34125,0.315625,0.311875,0.308125,0.333125,0.295,0.330625,0.34,0.284375,0.331875,0.344375,0.29125,0.32375,0.33875,0.305625,0.33875
0.26	GG2	0.3475,0.325,0.3325,0.3275,0.308125,0.34875,0.3125,0.33875,0.335625,0.350625,0.32875,0.35375,0.32875,0.345625,0.345625,0.330625,0.31375,0.335625,0.32125,0.316875,0.319375,0.345,0.32,0.29875,0.32875,0.315,0.32125,0.335625,0.340625,0.329375,0.31375,0.335,0.31375,0.324375,0.355625,0.3125,0.3325,0.34625,0.325625,0.32,0.32375,0.32875,0.331875,0.33,0.32875,0.354375,0.344375,0.293125,0.28375,0.32875,0.32125,0.325625,0.336875,0.3175,0.356875,0.325625,0.30125,0.36125,0.318125,0.333125,0.30375,0.320625,0.3475,0.3325,0.33,0.31625,0.345625,0.3,0.335,0.32,0.358125,0.344375,0.339375,0.35625,0.3225,0.334375,0.30625,0.34625,0.35125,0.315,0.365625,0.333125,0.343125,0.314375,0.3075,0.334375,0.305625,0.3425,0.29125,0.335,0.33,0.35375,0.305,0.33,0.32125,0.331875,0.3075,0.34375,0.330625,0.366875,0.331875,0.298125,0.328125,0.351875,0.3375,0.323125,0.325625,0.33625,0.344375,0.345,0.29,0.313125,0.349375,0.340625,0.334375,0.32125,0.315,0.34875,0.358125,0.325,0.331875,0.363125,0.31875,0.30625,0.33375,0.35375,0.340625,0.30625,0.3475,0.30375,0.34375,0.325625,0.356875,0.35125,0.32,0.33875,0.328125,0.3375,0.346875,0.310625,0.313125,0.31375,0.36,0.345,0.324375,0.35875,0.3425,0.30875,0.343125,0.351875,0.36,0.31375,0.3125,0.320625,0.330625,0.353125,0.315,0.340625,0.2975,0.334375,0.345625,0.315,0.3075,0.3375,0.3425,0.33625,0.34375,0.336875,0.34625,0.305,0.34,0.33,0.35625,0.325625,0.3125,0.33625,0.32625,0.316875,0.324375,0.33,0.33,0.271875,0.3375,0.33625,0.33625,0.343125,0.305,0.345,0.325,0.308125,0.34625,0.351875,0.296875,0.346875,0.34625,0.29875,0.328125,0.329375,0.3225,0.338125
0.28	GEE	0.284375,0.303125,0.288125,0.321875,0.254375,0.286875,0.26,0.2975,0.28875,0.295625,0.294375,0.2925,0.3075,0.281875,0.313125,0.28,0.324375,0.290625,0.3075,0.30125,0.288125,0.305,0.30875,0.313125,0.321875,0.295625,0.29125,0.28875,0.27875,0.294375,0.314375,0.30125,0.311875,0.3025,0.296875,0.27875,0.265,0.284375,0.300625,0.276875,0.290625,0.32,0.29375,0.28875,0.30625,0.27875,0.284375,0.281875,0.31625,0.2825,0.29625,0.3275,0.298125,0.341875,0.301875,0.258125,0.294375,0.311875,0.280625,0.311875,0.340625,0.301875,0.25125,0.3025,0.26375,0.315,0.29625,0.295,0.279375,0.249375,0.3,0.3275,0.26,0.281875,0.291875,0.280625,0.291875,0.28125,0.284375,0.279375,0.33875,0.2925,0.3075,0.32625,0.280625,0.324375,0.26875,0.320625,0.329375,0.255,0.3275,0.29125,0.3075,0.308125,0.27625,0.299375,0.26375,0.28125,0.296875,0.2875,0.2875,0.301875,0.2875,0.316875,0.2975,0.25125,0.31375,0.270625,0.268125,0.3125,0.3025,0.304375,0.31875,0.2975,0.319375,0.290625,0.279375,0.32375,0.28125,0.30125,0.28625,0.34,0.27875,0.334375,0.31125,0.319375,0.298125,0.30625,0.291875,0.30625,0.3325,0.27625,0.26625,0.28,0.31375,0.2675,0.305625,0.305625,0.30375,0.2875,0.28,0.300625,0.315625,0.268125,0.291875,0.315,0.290625,0.295625,0.315625,0.299375,0.268125,0.265625,0.306875,0.299375,0.281875,0.301875,0.280625,0.31625,0.305,0.32125,0.280625,0.26625,0.305,0.306875,0.316875,0.32125,0.319375,0.313125,0.299375,0.26875,0.2725,0.25625,0.285,0.3025,0.294375,0.306875,0.309375,0.29,0.29375,0.31375,0.295625,0.266875,0.33,0.301875,0.28875,0.295,0.289375,0.279375,0.291875,0.295625,0.31875,0.258125,0.2825,0.300625,0.295,0.2875,0.288125,0.285625,0.25875,0.32375
0.28	GNN	0.326875,0.29,0.3075,0.27625,0.26875,0.27625,0.2925,0.301875,0.265,0.2925,0.296875,0.278125,0.278125,0.3325,0.2675,0.291875,0.275,0.318125,0.32875,0.27375,0.265,0.25,0.31375,0.26625,0.3075,0.29375,0.28875,0.275625,0.251875,0.30125,0.294375,0.3275,0.31625,0.29875,0.294375,0.32875,0.2725,0.318125,0.31875,0.275,0.26875,0.329375,0.311875,0.308125,0.335625,0.3075,0.31875,0.29625,0.28,0.265,0.2625,0.280625,0.315,0.27375,0.315,0.3125,0.280625,0.321875,0.29875,0.290625,0.313125,0.2775,0.31375,0.321875,0.293125,0.291875,0.3225,0.25125,0.288125,0.294375,0.2775,0.326875,0.325,0.239375,0.263125,0.3225,0.31875,0.291875,0.318125,0.289375,0.275625,0.334375,0.299375,0.313125,0.31,0.31125,0.3225,0.315,0.294375,0.334375,0.301875,0.319375,0.33375,0.265625,0.313125,0.315,0.311875,0.335,0.301875,0.295625,0.2925,0.24625,0.32125,0.305625,0.30875,0.303125,0.304375,0.305,0.2475,0.280625,0.27125,0.278125,0.313125,0.2775,0.308125,0.324375,0.3175,0.2825,0.3075,0.305,0.2775,0.29375,0.325,0.276875,0.300625,0.3075,0.301875,0.30625,0.308125,0.325625,0.26625,0.29625,0.29375,0.34,0.315,0.303125,0.3275,0.31625,0.300625,0.275,0.28,0.296875,0.296875,0.314375,0.32375,0.286875,0.318125,0.289375,0.3025,0.240625,0.300625,0.2725,0.2875,0.300625,0.316875,0.306875,0.349375,0.3325,0.290625,0.303125,0.3275,0.25625,0.304375,0.2775,0.325,0.275625,0.28875,0.30875,0.30125,0.315625,0.29,0.294375,0.3425,0.331875,0.29875,0.330625,0.320625,0.31625,0.3025,0.306875,0.2575,0.275,0.32375,0.288125,0.305,0.32625,0.27625,0.306875,0.329375,0.319375,0.31,0.323125,0.295,0.288125,0.28125,0.321875,0.275,0.2875,0.293125,0.305
0.28	GG	0.321875,0.316875,0.339375,0.3225,0.284375,0.3075,0.2925,0.299375,0.3025,0.30375,0.31,0.301875,0.285,0.286875,0.2975,0.276875,0.313125,0.289375,0.311875,0.314375,0.265625,0.31625,0.288125,0.309375,0.298125,0.301875,0.303125,0.2975,0.296875,0.308125,0.315,0.30875,0.28125,0.324375,0.321875,0.310625,0.315625,0.313125,0.301875,0.290625,0.27625,0.273125,0.299375,0.294375,0.306875,0.3175,0.295,0.308125,0.295625,0.309375,0.27375,0.305,0.305625,0.29375,0.305625,0.270625,0.30875,0.33625,0.289375,0.320625,0.296875,0.309375,0.305,0.295,0.30875,0.33375,0.316875,0.283125,0.3,0.30375,0.3175,0.30875,0.293125,0.296875,0.323125,0.31125,0.286875,0.315,0.29875,0.2975,0.305625,0.314375,0.31,0.324375,0.288125,0.3225,0.301875,0.325625,0.3125,0.235625,0.32125,0.320625,0.300625,0.301875,0.28625,0.31375,0.3025,0.270625,0.28375,0.316875,0.32,0.27,0.296875,0.344375,0.30875,0.298125,0.30125,0.31125,0.288125,0.35125,0.295,0.29375,0.316875,0.30625,0.314375,0.29125,0.30625,0.328125,0.308125,0.3325,0.2925,0.320625,0.28,0.31875,0.3225,0.3225,0.30375,0.31125,0.291875,0.316875,0.29125,0.294375,0.263125,0.30875,0.298125,0.264375,0.30125,0.316875,0.33375,0.289375,0.30375,0.283125,0.3125,0.3075,0.3175,0.319375,0.30875,0.3175,0.298125,0.313125,0.314375,0.30375,0.304375,0.26625,0.279375,0.298125,0.28875,0.309375,0.269375,0.31375,0.2925,0.304375,0.30125,0.2975,0.32625,0.3125,0.304375,0.33,0.313125,0.289375,0.280625,0.253125,0.3075,0.27,0.301875,0.28625,0.31375,0.291875,0.321875,0.355625,0.319375,0.279375,0.320625,0.329375,0.281875,0.295625,0.300625,0.269375,0.289375,0.299375,0.313125,0.313125,0.300625,0.314375,0.305,0.305625,0.331875,0.273125,0.29,0.310625
0.28	GG2	0.313125,0.32,0.335,0.333125,0.278125,0.30875,0.28875,0.310625,0.33,0.340625,0.30875,0.290625,0.296875,0.283125,0.326875,0.305625,0.31125,0.281875,0.32625,0.340625,0.284375,0.305625,0.289375,0.309375,0.33375,0.31375,0.304375,0.305,0.28375,0.319375,0.34,0.3175,0.284375,0.30625,0.328125,0.304375,0.295,0.315625,0.31125,0.30375,0.328125,0.320625,0.31125,0.33,0.31,0.30375,0.343125,0.305625,0.3,0.32125,0.28375,0.331875,0.301875,0.323125,0.296875,0.30875,0.330625,0.320625,0.30125,0.33,0.32625,0.319375,0.335625,0.3075,0.321875,0.305625,0.31875,0.30375,0.31625,0.31125,0.32625,0.309375,0.266875,0.29,0.316875,0.3125,0.299375,0.345,0.314375,0.283125,0.333125,0.315625,0.285625,0.319375,0.289375,0.32625,0.28875,0.321875,0.335,0.29625,0.33125,0.2875,0.299375,0.304375,0.328125,0.3225,0.325,0.301875,0.27875,0.309375,0.319375,0.284375,0.293125,0.326875,0.31,0.3025,0.31625,0.323125,0.30375,0.34125,0.320625,0.2875,0.31375,0.2875,0.324375,0.2775,0.33,0.345625,0.325625,0.31125,0.296875,0.34125,0.296875,0.3175,0.326875,0.330625,0.325625,0.29125,0.31,0.29375,0.3325,0.330625,0.323125,0.3125,0.300625,0.26625,0.329375,0.30375,0.346875,0.31625,0.3025,0.3,0.326875,0.32125,0.330625,0.33375,0.305625,0.303125,0.3075,0.31625,0.31375,0.291875,0.341875,0.2825,0.308125,0.335625,0.30375,0.320625,0.29375,0.33,0.288125,0.29625,0.31375,0.31375,0.32625,0.305625,0.308125,0.333125,0.329375,0.2725,0.291875,0.285,0.3175,0.305625,0.300625,0.299375,0.323125,0.2925,0.278125,0.306875,0.316875,0.291875,0.341875,0.303125,0.300625,0.29625,0.298125,0.28875,0.29375,0.29875,0.346875,0.310625,0.283125,0.321875,0.3025,0.3025,0.2975,0.3075,0.30375,0.315
0.3	GEE	0.3,0.323125,0.2675,0.268125,0.2625,0.26375,0.2475,0.305,0.25375,0.311875,0.24875,0.286875,0.26625,0.305,0.31375,0.268125,0.300625,0.28625,0.25375,0.2475,0.31125,0.2975,0.295625,0.269375,0.2925,0.255,0.269375,0.271875,0.263125,0.263125,0.296875,0.271875,0.295,0.27625,0.298125,0.28875,0.235,0.275,0.2875,0.299375,0.254375,0.268125,0.2675,0.2675,0.254375,0.27375,0.270625,0.26625,0.28125,0.2825,0.275,0.2925,0.27375,0.278125,0.27125,0.265625,0.296875,0.293125,0.29875,0.263125,0.246875,0.28875,0.2975,0.2775,0.285625,0.2825,0.276875,0.27375,0.2625,0.258125,0.283125,0.315625,0.275,0.270625,0.26625,0.268125,0.260625,0.271875,0.271875,0.263125,0.268125,0.311875,0.30125,0.260625,0.255625,0.261875,0.255625,0.2425,0.30125,0.278125,0.23125,0.269375,0.273125,0.293125,0.265,0.284375,0.294375,0.258125,0.294375,0.273125,0.264375,0.271875,0.290625,0.305625,0.29,0.286875,0.31375,0.266875,0.273125,0.264375,0.28125,0.280625,0.264375,0.2775,0.3075,0.31375,0.275,0.289375,0.27125,0.271875,0.26625,0.290625,0.29375,0.2975,0.293125,0.286875,0.294375,0.285,0.294375,0.27,0.31,0.265,0.31375,0.26625,0.29625,0.273125,0.25125,0.26625,0.283125,0.273125,0.268125,0.25625,0.27625,0.26875,0.26875,0.274375,0.2675,0.28375,0.29625,0.26125,0.279375,0.27375,0.251875,0.28625,0.27375,0.28375,0.276875,0.286875,0.2625,0.288125,0.260625,0.269375,0.288125,0.283125,0.300625,0.328125,0.28125,0.293125,0.2675,0.271875,0.26375,0.278125,0.289375,0.225,0.26125,0.261875,0.275625,0.281875,0.299375,0.26375,0.253125,0.24875,0.27125,0.255625,0.274375,0.278125,0.304375,0.306875,0.259375,0.2875,0.280625,0.27125,0.29375,0.30375,0.305,0.255625,0.27125,0.278125,0.31875,0.276875
0.3	GNN	0.33,0.275625,0.28125,0.2575,0.280625,0.2775,0.294375,0.28625,0.28625,0.3125,0.291875,0.28375,0.310625,0.3275,0.245625,0.303125,0.2675,0.311875,0.32375,0.273125,0.254375,0.2525,0.316875,0.29,0.294375,0.295625,0.289375,0.269375,0.238125,0.275,0.286875,0.315625,0.27875,0.313125,0.286875,0.31,0.2475,0.330625,0.32875,0.274375,0.254375,0.32875,0.3225,0.2925,0.3325,0.323125,0.314375,0.284375,0.285625,0.2675,0.26875,0.280625,0.283125,0.27375,0.31125,0.309375,0.268125,0.313125,0.2825,0.284375,0.30125,0.26875,0.289375,0.314375,0.31125,0.29125,0.33125,0.256875,0.289375,0.293125,0.285,0.319375,0.28625,0.2275,0.23625,0.2725,0.291875,0.311875,0.33375,0.285625,0.245,0.33125,0.2725,0.29,0.32,0.286875,0.29625,0.304375,0.2725,0.309375,0.280625,0.28625,0.2925,0.286875,0.304375,0.31,0.299375,0.311875,0.283125,0.28125,0.3075,0.245,0.339375,0.273125,0.288125,0.290625,0.283125,0.303125,0.2325,0.27125,0.284375,0.285625,0.316875,0.284375,0.29375,0.278125,0.289375,0.268125,0.294375,0.28875,0.2475,0.288125,0.316875,0.245625,0.294375,0.331875,0.305625,0.25625,0.310625,0.280625,0.2775,0.290625,0.313125,0.339375,0.298125,0.2775,0.305,0.311875,0.268125,0.296875,0.296875,0.28125,0.30375,0.314375,0.29125,0.275,0.298125,0.311875,0.293125,0.230625,0.296875,0.2325,0.298125,0.315625,0.2975,0.28875,0.318125,0.325625,0.299375,0.285625,0.3475,0.26375,0.310625,0.275625,0.29875,0.295625,0.278125,0.285625,0.3175,0.3,0.283125,0.300625,0.326875,0.314375,0.2825,0.323125,0.298125,0.3275,0.305625,0.318125,0.29875,0.263125,0.316875,0.2675,0.311875,0.323125,0.273125,0.31125,0.305625,0.29,0.29875,0.321875,0.300625,0.3,0.2975,0.285,0.284375,0.30125,0.279375,0.309375
0.3	GG	0.29625,0.30625,0.3275,0.264375,0.255,0.28375,0.275625,0.284375,0.275625,0.296875,0.27375,0.3025,0.286875,0.31875,0.288125,0.26375,0.305,0.29875,0.29125,0.28375,0.299375,0.305,0.2825,0.2775,0.27875,0.274375,0.306875,0.294375,0.266875,0.275625,0.31125,0.2825,0.265,0.2925,0.304375,0.2625,0.288125,0.2925,0.28875,0.300625,0.26375,0.293125,0.27875,0.275625,0.27875,0.308125,0.26625,0.30125,0.28,0.2975,0.289375,0.28375,0.285625,0.285625,0.285625,0.271875,0.294375,0.3525,0.294375,0.298125,0.2525,0.2925,0.295625,0.305625,0.308125,0.29,0.3,0.294375,0.2975,0.2975,0.29875,0.325,0.2875,0.285,0.310625,0.293125,0.245625,0.288125,0.2775,0.2925,0.2775,0.308125,0.288125,0.2425,0.27625,0.295,0.310625,0.300625,0.279375,0.2825,0.284375,0.285625,0.266875,0.315,0.299375,0.2775,0.28375,0.29125,0.295625,0.306875,0.310625,0.27375,0.29375,0.32125,0.286875,0.2875,0.300625,0.3,0.280625,0.306875,0.29,0.2875,0.26875,0.3075,0.30625,0.29625,0.285,0.329375,0.3025,0.285,0.298125,0.306875,0.3075,0.309375,0.2975,0.29625,0.31,0.296875,0.29625,0.310625,0.313125,0.2475,0.28125,0.276875,0.296875,0.27125,0.27875,0.266875,0.305625,0.274375,0.269375,0.2525,0.298125,0.29875,0.299375,0.29875,0.29375,0.283125,0.281875,0.308125,0.27625,0.3025,0.249375,0.275625,0.29625,0.280625,0.28625,0.30125,0.295625,0.286875,0.260625,0.301875,0.28375,0.27625,0.329375,0.293125,0.28625,0.301875,0.29375,0.273125,0.281875,0.258125,0.3,0.2625,0.273125,0.29125,0.299375,0.288125,0.311875,0.28,0.243125,0.27125,0.2875,0.308125,0.28375,0.2775,0.291875,0.29875,0.264375,0.296875,0.266875,0.318125,0.3,0.311875,0.2975,0.260625,0.318125,0.280625,0.290625,0.289375
0.3	GG2	0.30375,0.3225,0.291875,0.2825,0.30625,0.285,0.26625,0.311875,0.293125,0.30625,0.27375,0.29,0.2975,0.316875,0.313125,0.301875,0.293125,0.31875,0.291875,0.290625,0.314375,0.284375,0.2925,0.27625,0.315625,0.274375,0.273125,0.300625,0.2775,0.28125,0.329375,0.3075,0.2825,0.29625,0.295625,0.286875,0.291875,0.298125,0.29625,0.32375,0.27625,0.291875,0.289375,0.286875,0.276875,0.31,0.2975,0.283125,0.27625,0.30875,0.28875,0.299375,0.296875,0.280625,0.28375,0.27625,0.3125,0.3275,0.30875,0.294375,0.273125,0.308125,0.32125,0.316875,0.339375,0.29375,0.31625,0.270625,0.291875,0.31375,0.2975,0.319375,0.289375,0.290625,0.309375,0.314375,0.254375,0.309375,0.294375,0.298125,0.305,0.320625,0.30625,0.261875,0.27625,0.291875,0.303125,0.30375,0.3,0.286875,0.284375,0.281875,0.28625,0.331875,0.305,0.295625,0.3,0.285,0.30125,0.310625,0.314375,0.276875,0.306875,0.321875,0.310625,0.291875,0.3,0.2875,0.285625,0.2925,0.281875,0.2725,0.265,0.29375,0.316875,0.32,0.33375,0.286875,0.31875,0.276875,0.28625,0.31875,0.30625,0.306875,0.293125,0.301875,0.30625,0.295,0.298125,0.2775,0.323125,0.29125,0.324375,0.293125,0.285625,0.298125,0.28625,0.260625,0.283125,0.29,0.2575,0.258125,0.295625,0.31125,0.315625,0.295,0.286875,0.28625,0.309375,0.32875,0.2725,0.298125,0.274375,0.285,0.29875,0.29,0.280625,0.306875,0.294375,0.291875,0.280625,0.29875,0.290625,0.28875,0.31,0.32,0.291875,0.304375,0.30125,0.295625,0.29125,0.28625,0.311875,0.293125,0.289375,0.28875,0.30625,0.29875,0.2925,0.285625,0.288125,0.288125,0.30375,0.295,0.28875,0.28375,0.29125,0.309375,0.269375,0.28875,0.30875,0.324375,0.293125,0.329375,0.28375,0.271875,0.32375,0.305,0.314375,0.2925
