0.0	GEE	0.004131793975830078,0.0040607452392578125,0.004303932189941406,0.0043561458587646484,0.004351139068603516,0.004480123519897461,0.004776954650878906,0.004349946975708008,0.005533933639526367,0.0044078826904296875,0.004770994186401367,0.0043697357177734375,0.004392385482788086,0.0042111873626708984,0.004334926605224609,0.0040340423583984375,0.004415988922119141,0.004208087921142578,0.0045719146728515625,0.004364967346191406,0.004498958587646484,0.004276275634765625,0.004762172698974609,0.004281044006347656,0.004562854766845703,0.004373073577880859,0.004411220550537109,0.00419926643371582,0.004494905471801758,0.004361867904663086,0.004644155502319336,0.00446629524230957,0.004453897476196289,0.0045871734619140625,0.004257917404174805,0.0044748783111572266,0.004354000091552734,0.004389762878417969,0.004258155822753906,0.004262208938598633,0.0042722225189208984,0.004572868347167969,0.004378080368041992,0.004335880279541016,0.00446009635925293,0.004573822021484375,0.004426002502441406,0.00429224967956543,0.004398822784423828,0.004289865493774414,0.004328250885009766,0.0045070648193359375,0.004426002502441406,0.00443577766418457,0.0045397281646728516,0.004272937774658203,0.0043070316314697266,0.004374027252197266,0.00504612922668457,0.004958152770996094,0.0043849945068359375,0.004286289215087891,0.004433155059814453,0.0044498443603515625,0.004044055938720703,0.004092216491699219,0.004509925842285156,0.0041790008544921875,0.004266977310180664,0.00436711311340332,0.004475831985473633,0.004462242126464844,0.004288911819458008,0.0043179988861083984,0.004296779632568359,0.004235029220581055,0.004303932189941406,0.0043370723724365234,0.004338979721069336,0.004383087158203125,0.0043828487396240234,0.00421595573425293,0.004313945770263672,0.004364967346191406,0.0041959285736083984,0.004253864288330078,0.004271984100341797,0.004445075988769531,0.00424504280090332,0.004204988479614258,0.004237174987792969,0.004194974899291992,0.004334211349487305,0.004270792007446289,0.0043849945068359375,0.004421234130859375,0.004461050033569336,0.004064083099365234,0.004143238067626953,0.004308938980102539,0.0042569637298583984,0.004466056823730469,0.004270076751708984,0.004614353179931641,0.004258155822753906,0.00452423095703125,0.0044460296630859375,0.004312038421630859,0.004481077194213867,0.004190921783447266,0.004158973693847656,0.004126310348510742,0.0043261051177978516,0.004341840744018555,0.0042572021484375,0.004236936569213867,0.004203081130981445,0.0042002201080322266,0.0043277740478515625,0.004279136657714844,0.004218101501464844,0.004331111907958984,0.004317045211791992,0.004374027252197266,0.004323244094848633,0.004456996917724609,0.004607439041137695,0.004393339157104492,0.004285097122192383,0.004266023635864258,0.0042438507080078125,0.004335880279541016,0.004322052001953125,0.0040378570556640625,0.004340171813964844,0.004324197769165039,0.004293918609619141,0.004137992858886719,0.004265785217285156,0.0042078495025634766,0.004103899002075195,0.004291057586669922,0.0042629241943359375,0.004173994064331055,0.004140138626098633,0.004443168640136719,0.004128932952880859,0.004456043243408203,0.004361152648925781,0.004343986511230469,0.004191875457763672,0.004213094711303711,0.004427909851074219,0.004228830337524414,0.004085063934326172,0.004195213317871094,0.004328250885009766,0.004200935363769531,0.004579782485961914,0.004151105880737305,0.004323244094848633,0.004202127456665039,0.0042569637298583984,0.004263162612915039,0.00414586067199707,0.004384040832519531,0.004130840301513672,0.004200935363769531,0.004246950149536133,0.004351377487182617,0.004163265228271484,0.004568815231323242,0.0042917728424072266,0.004141092300415039,0.004189968109130859,0.004354715347290039,0.00421595573425293,0.004306793212890625,0.004438877105712891,0.004210948944091797,0.0042171478271484375,0.004143953323364258,0.004395961761474609,0.004384040832519531,0.004127979278564453,0.0044553279876708984,0.004302024841308594,0.005388021469116211,0.004173755645751953,0.004144906997680664,0.004141807556152344,0.005721092224121094,0.0043070316314697266,0.004307985305786133,0.004235029220581055,0.004257917404174805,0.004268646240234375,0.004344940185546875,0.004585981369018555,0.004457950592041016
0.0	GNN	0.25345301628112793,0.27829933166503906,0.39452576637268066,0.3982980251312256,0.3594679832458496,0.45337820053100586,0.4343090057373047,0.4097719192504883,0.48429298400878906,0.5158698558807373,0.3285858631134033,0.3404710292816162,0.3324568271636963,0.30942726135253906,0.4280698299407959,0.30368804931640625,0.24139022827148438,0.34098219871520996,0.6141607761383057,0.3684670925140381,0.3718841075897217,0.3388180732727051,0.4356992244720459,0.29459500312805176,0.2967081069946289,0.38668322563171387,0.4759531021118164,0.40999794006347656,0.3046228885650635,0.3307678699493408,0.7143568992614746,0.2763051986694336,0.47742414474487305,0.31970715522766113,0.287045955657959,0.2796311378479004,0.26820826530456543,0.42084527015686035,0.3558928966522217,0.31200313568115234,0.4083559513092041,0.28527379035949707,0.23579812049865723,0.3355731964111328,0.24644899368286133,0.3470332622528076,0.2624318599700928,0.4520149230957031,0.33247995376586914,0.34420013427734375,0.3047292232513428,0.3302452564239502,0.3349728584289551,0.3014657497406006,0.5419840812683105,0.2980179786682129,0.2886648178100586,0.2872180938720703,0.37743496894836426,0.37760114669799805,0.35216212272644043,0.25754213333129883,0.4162890911102295,0.27378106117248535,0.29103875160217285,0.29361510276794434,0.34525299072265625,0.2830801010131836,0.33809900283813477,0.26599621772766113,0.2810697555541992,0.3002641201019287,0.2471141815185547,0.35033702850341797,0.27107787132263184,0.3721189498901367,0.27368617057800293,0.2517108917236328,0.40621519088745117,0.2878100872039795,0.2912299633026123,0.5299460887908936,0.22541308403015137,0.3309049606323242,0.2673499584197998,0.6412708759307861,0.30406761169433594,0.28688478469848633,0.389254093170166,0.3351621627807617,0.30279088020324707,0.27527499198913574,0.3107597827911377,0.28934383392333984,0.31746482849121094,0.27410101890563965,0.28668808937072754,0.31360912322998047,0.401792049407959,0.4749948978424072,0.25652503967285156,0.26397109031677246,0.26047778129577637,0.2122030258178711,0.2993619441986084,0.5033068656921387,0.28063225746154785,0.3114149570465088,0.2836728096008301,0.2769622802734375,0.3578958511352539,0.38303589820861816,0.7127771377563477,0.2698707580566406,0.33208489418029785,0.2375948429107666,0.33422398567199707,0.2913510799407959,0.25806307792663574,0.27399706840515137,0.28111720085144043,0.21495294570922852,0.33026981353759766,0.2438521385192871,0.28807830810546875,0.38912200927734375,0.23111486434936523,0.49041199684143066,0.3145923614501953,0.3456442356109619,0.281705379486084,0.30786800384521484,0.24790191650390625,0.25412702560424805,0.43920016288757324,0.29024481773376465,0.2928640842437744,0.32399821281433105,0.5538790225982666,0.26281094551086426,0.2601737976074219,0.24930214881896973,0.5453779697418213,0.2735631465911865,0.28455591201782227,0.3826029300689697,0.3249039649963379,0.27534985542297363,0.4394259452819824,0.5622107982635498,0.30141782760620117,0.26204490661621094,0.32171106338500977,0.5055768489837646,0.279116153717041,0.2427070140838623,0.32051706314086914,0.21811294555664062,0.3192861080169678,0.38030076026916504,0.32396984100341797,0.3072187900543213,0.34781718254089355,0.33269691467285156,0.34918904304504395,0.2806987762451172,0.2386329174041748,0.29921889305114746,0.29073262214660645,0.2953050136566162,0.37368297576904297,0.3108830451965332,0.27169203758239746,0.23579072952270508,0.24308109283447266,0.2728288173675537,0.295989990234375,0.2527182102203369,0.27790117263793945,0.2727978229522705,0.2742600440979004,0.24398016929626465,0.47032880783081055,0.2886981964111328,0.44215893745422363,0.4987461566925049,0.2476809024810791,0.30326104164123535,0.30054688453674316,0.2988879680633545,0.2779867649078369,0.2800629138946533,0.26908278465270996,0.26651692390441895,0.38292503356933594,0.27147579193115234,0.3172769546508789,0.3384580612182617,0.2727200984954834,0.2519040107727051
0.0	GG	0.5038642883300781,0.38481903076171875,0.5339879989624023,0.4866907596588135,0.3155078887939453,0.33523082733154297,0.5242791175842285,0.36908912658691406,0.3492569923400879,0.341235876083374,0.5537221431732178,0.30884218215942383,0.5023412704467773,0.33016300201416016,0.3530569076538086,0.5445380210876465,0.40364599227905273,0.6022450923919678,0.4794890880584717,0.6458430290222168,0.3367280960083008,0.40830206871032715,0.31339001655578613,0.558204174041748,0.42231106758117676,0.521813154220581,0.4966757297515869,0.25589776039123535,0.6230809688568115,0.3059530258178711,0.6941897869110107,0.48923397064208984,0.19289875030517578,0.4332900047302246,0.44445109367370605,0.5675969123840332,0.5645859241485596,0.31667613983154297,0.8753781318664551,0.2845900058746338,0.5496199131011963,0.5916070938110352,0.6733932495117188,0.41449689865112305,0.5005230903625488,0.35316920280456543,0.4592440128326416,0.3995659351348877,0.48177099227905273,0.4965171813964844,0.6110939979553223,0.3460500240325928,0.18649601936340332,0.35655784606933594,0.5741481781005859,0.3910818099975586,0.20870614051818848,0.4784717559814453,0.2680671215057373,0.21536827087402344,0.46823716163635254,0.34849095344543457,0.3584771156311035,0.35805225372314453,0.5043818950653076,0.39359593391418457,0.4339630603790283,0.6232509613037109,0.625359296798706,0.503136157989502,0.34380102157592773,0.37734508514404297,0.2238469123840332,0.3129279613494873,0.3004908561706543,0.20511412620544434,0.5157933235168457,0.19713616371154785,0.5640549659729004,0.4665379524230957,0.28841614723205566,0.45769596099853516,0.6495180130004883,0.46324992179870605,0.40076708793640137,0.530548095703125,0.30059194564819336,0.358997106552124,0.6999731063842773,0.1997699737548828,0.3437976837158203,0.5296471118927002,0.4687061309814453,0.5611400604248047,0.4946439266204834,0.35361695289611816,0.6321389675140381,0.2855396270751953,0.5405139923095703,0.3944978713989258,0.5437228679656982,0.598599910736084,0.35820603370666504,0.5306169986724854,0.6656439304351807,0.3479149341583252,0.4212992191314697,0.21218299865722656,0.3147280216217041,0.5166070461273193,0.4966120719909668,0.6508800983428955,0.19473576545715332,0.46737217903137207,0.4127681255340576,0.43268823623657227,0.2809300422668457,0.32851719856262207,0.46687793731689453,0.35246801376342773,0.5749130249023438,0.3154120445251465,0.3391380310058594,0.22333621978759766,0.6370828151702881,0.521777868270874,0.41895604133605957,0.5352141857147217,0.3415696620941162,0.5100197792053223,0.21076011657714844,0.38708972930908203,0.4423239231109619,0.20097875595092773,0.5535199642181396,0.48972511291503906,0.19027185440063477,0.39159607887268066,0.5093250274658203,0.20851898193359375,0.5305469036102295,0.4917120933532715,0.4671781063079834,0.438662052154541,0.39012813568115234,0.2945411205291748,0.5433361530303955,0.20245814323425293,0.18942999839782715,0.40021276473999023,0.4038541316986084,0.3349330425262451,0.40704774856567383,0.1993730068206787,0.9055929183959961,0.7202210426330566,0.5177590847015381,0.6333630084991455,0.4173569679260254,0.34259986877441406,0.5004637241363525,0.20450687408447266,0.3440690040588379,0.4368150234222412,0.3954141139984131,0.6079041957855225,0.3336617946624756,0.5336549282073975,0.3249969482421875,0.35233378410339355,0.5218019485473633,0.4474339485168457,0.6084930896759033,0.4083247184753418,0.29999494552612305,0.27809596061706543,0.36579203605651855,0.3228800296783447,0.45631885528564453,0.5985488891601562,0.5149331092834473,0.3110470771789551,0.5203919410705566,0.2194960117340088,0.37082409858703613,0.563115119934082,0.5851550102233887,0.6023001670837402,0.5083072185516357,0.331068754196167,0.19076299667358398,0.381411075592041,0.4051518440246582,0.41690707206726074,0.3492870330810547,0.41858386993408203,0.4403069019317627,0.6782710552215576,0.5371041297912598,0.2886159420013428
0.0	GG2	0.5038642883300781,0.38481903076171875,0.5339879989624023,0.4866907596588135,0.3155078887939453,0.33523082733154297,0.5242791175842285,0.36908912658691406,0.3492569923400879,0.341235876083374,0.5537221431732178,0.30884218215942383,0.5023412704467773,0.33016300201416016,0.3530569076538086,0.5445380210876465,0.40364599227905273,0.6022450923919678,0.4794890880584717,0.6458430290222168,0.3367280960083008,0.40830206871032715,0.31339001655578613,0.558204174041748,0.42231106758117676,0.521813154220581,0.4966757297515869,0.25589776039123535,0.6230809688568115,0.3059530258178711,0.6941897869110107,0.48923397064208984,0.19289875030517578,0.4332900047302246,0.44445109367370605,0.5675969123840332,0.5645859241485596,0.31667613983154297,0.8753781318664551,0.2845900058746338,0.5496199131011963,0.5916070938110352,0.6733932495117188,0.41449689865112305,0.5005230903625488,0.35316920280456543,0.4592440128326416,0.3995659351348877,0.48177099227905273,0.4965171813964844,0.6110939979553223,0.3460500240325928,0.18649601936340332,0.35655784606933594,0.5741481781005859,0.3910818099975586,0.20870614051818848,0.4784717559814453,0.2680671215057373,0.21536827087402344,0.46823716163635254,0.34849095344543457,0.3584771156311035,0.35805225372314453,0.5043818950653076,0.39359593391418457,0.4339630603790283,0.6232509613037109,0.625359296798706,0.503136157989502,0.34380102157592773,0.37734508514404297,0.2238469123840332,0.3129279613494873,0.3004908561706543,0.20511412620544434,0.5157933235168457,0.19713616371154785,0.5640549659729004,0.4665379524230957,0.28841614723205566,0.45769596099853516,0.6495180130004883,0.46324992179870605,0.40076708793640137,0.530548095703125,0.30059194564819336,0.358997106552124,0.6999731063842773,0.1997699737548828,0.3437976837158203,0.5296471118927002,0.4687061309814453,0.5611400604248047,0.4946439266204834,0.35361695289611816,0.6321389675140381,0.2855396270751953,0.5405139923095703,0.3944978713989258,0.5437228679656982,0.598599910736084,0.35820603370666504,0.5306169986724854,0.6656439304351807,0.3479149341583252,0.4212992191314697,0.21218299865722656,0.3147280216217041,0.5166070461273193,0.4966120719909668,0.6508800983428955,0.19473576545715332,0.46737217903137207,0.4127681255340576,0.43268823623657227,0.2809300422668457,0.32851719856262207,0.46687793731689453,0.35246801376342773,0.5749130249023438,0.3154120445251465,0.3391380310058594,0.22333621978759766,0.6370828151702881,0.521777868270874,0.41895604133605957,0.5352141857147217,0.3415696620941162,0.5100197792053223,0.21076011657714844,0.38708972930908203,0.4423239231109619,0.20097875595092773,0.5535199642181396,0.48972511291503906,0.19027185440063477,0.39159607887268066,0.5093250274658203,0.20851898193359375,0.5305469036102295,0.4917120933532715,0.4671781063079834,0.438662052154541,0.39012813568115234,0.2945411205291748,0.5433361530303955,0.20245814323425293,0.18942999839782715,0.40021276473999023,0.4038541316986084,0.3349330425262451,0.40704774856567383,0.1993730068206787,0.9055929183959961,0.7202210426330566,0.5177590847015381,0.6333630084991455,0.4173569679260254,0.34259986877441406,0.5004637241363525,0.20450687408447266,0.3440690040588379,0.4368150234222412,0.3954141139984131,0.6079041957855225,0.3336617946624756,0.5336549282073975,0.3249969482421875,0.35233378410339355,0.5218019485473633,0.4474339485168457,0.6084930896759033,0.4083247184753418,0.29999494552612305,0.27809596061706543,0.36579203605651855,0.3228800296783447,0.45631885528564453,0.5985488891601562,0.5149331092834473,0.3110470771789551,0.5203919410705566,0.2194960117340088,0.37082409858703613,0.563115119934082,0.5851550102233887,0.6023001670837402,0.5083072185516357,0.331068754196167,0.19076299667358398,0.381411075592041,0.4051518440246582,0.41690707206726074,0.3492870330810547,0.41858386993408203,0.4403069019317627,0.6782710552215576,0.5371041297912598,0.2886159420013428
0.02	GEE	0.004544973373413086,0.00496220588684082,0.004786968231201172,0.004756927490234375,0.004765033721923828,0.005401134490966797,0.005175113677978516,0.005095005035400391,0.005036115646362305,0.0048520565032958984,0.004970073699951172,0.004700899124145508,0.005983114242553711,0.0048580169677734375,0.005201816558837891,0.004909038543701172,0.0049741268157958984,0.004748821258544922,0.005124092102050781,0.005187034606933594,0.005127906799316406,0.005182981491088867,0.004887104034423828,0.004929065704345703,0.0050449371337890625,0.00498199462890625,0.005045890808105469,0.004911899566650391,0.004936933517456055,0.004840850830078125,0.005074024200439453,0.004983186721801758,0.0049588680267333984,0.005058765411376953,0.005135774612426758,0.0047359466552734375,0.004964113235473633,0.0049741268157958984,0.004959821701049805,0.005120038986206055,0.005021095275878906,0.004909038543701172,0.005305290222167969,0.005136251449584961,0.004964113235473633,0.005254983901977539,0.004905223846435547,0.004933834075927734,0.005173683166503906,0.004971027374267578,0.004904985427856445,0.004949808120727539,0.005108833312988281,0.005207061767578125,0.005047798156738281,0.004992008209228516,0.004942893981933594,0.00495600700378418,0.00534510612487793,0.0048902034759521484,0.005316734313964844,0.005213260650634766,0.0049610137939453125,0.005192995071411133,0.004952192306518555,0.004846096038818359,0.005194902420043945,0.00513911247253418,0.004971981048583984,0.005084037780761719,0.004909038543701172,0.006654024124145508,0.0049250125885009766,0.004973173141479492,0.005274295806884766,0.005097866058349609,0.005110025405883789,0.0051038265228271484,0.0047800540924072266,0.004985809326171875,0.005082130432128906,0.005124807357788086,0.004981040954589844,0.005222797393798828,0.004986286163330078,0.004889965057373047,0.004949092864990234,0.004984140396118164,0.005076885223388672,0.0051479339599609375,0.004935026168823242,0.005134105682373047,0.005259037017822266,0.005101919174194336,0.004952669143676758,0.005421161651611328,0.005025148391723633,0.004988908767700195,0.005258083343505859,0.0050160884857177734,0.005393028259277344,0.005028963088989258,0.005053997039794922,0.0049648284912109375,0.005139827728271484,0.004985809326171875,0.0059168338775634766,0.004953145980834961,0.00518035888671875,0.004896879196166992,0.0053522586822509766,0.005250215530395508,0.005156993865966797,0.005132198333740234,0.0050318241119384766,0.0049648284912109375,0.005574226379394531,0.005250215530395508,0.004969358444213867,0.004972934722900391,0.0049648284912109375,0.0050601959228515625,0.0050961971282958984,0.005068778991699219,0.00522923469543457,0.005235195159912109,0.005038261413574219,0.00496983528137207,0.005324840545654297,0.005268096923828125,0.005190849304199219,0.005217075347900391,0.00496220588684082,0.005110979080200195,0.005092144012451172,0.0056722164154052734,0.0051670074462890625,0.0053789615631103516,0.005079030990600586,0.005264997482299805,0.005110025405883789,0.00520777702331543,0.0051310062408447266,0.005110025405883789,0.0050640106201171875,0.004994630813598633,0.004986763000488281,0.005163908004760742,0.005074977874755859,0.005052804946899414,0.004953861236572266,0.0051479339599609375,0.005120992660522461,0.004804849624633789,0.005082130432128906,0.005306243896484375,0.005315065383911133,0.0051097869873046875,0.004967212677001953,0.0049228668212890625,0.004871845245361328,0.005117177963256836,0.004896879196166992,0.0052602291107177734,0.004860877990722656,0.005134105682373047,0.0048809051513671875,0.005115985870361328,0.0050508975982666016,0.005004167556762695,0.005124807357788086,0.004947185516357422,0.004993915557861328,0.00509190559387207,0.005013942718505859,0.004808187484741211,0.00510406494140625,0.005170345306396484,0.0051212310791015625,0.0047817230224609375,0.004991054534912109,0.0049250125885009766,0.00493311882019043,0.004845857620239258,0.004997730255126953,0.004864931106567383,0.005014896392822266,0.004942893981933594,0.004873991012573242,0.005098104476928711,0.004818916320800781,0.005060911178588867,0.005033254623413086,0.004814863204956055,0.00525212287902832,0.0056798458099365234,0.00555419921875,0.005568981170654297,0.005346059799194336,0.005158901214599609
0.02	GNN	0.19053077697753906,0.2203681468963623,0.32036399841308594,0.5921401977539062,0.4232971668243408,0.34955716133117676,0.2201228141784668,0.2795898914337158,0.3235800266265869,0.3305380344390869,0.3271639347076416,0.40580296516418457,0.32558608055114746,0.3375389575958252,0.2271101474761963,0.29949402809143066,0.40160512924194336,0.39421820640563965,0.29950499534606934,0.2501523494720459,0.3771400451660156,0.27870798110961914,0.31694507598876953,0.2518270015716553,0.2683830261230469,0.3413228988647461,0.28478193283081055,0.24895834922790527,0.25293874740600586,0.27101898193359375,0.3448629379272461,0.3351318836212158,0.5137178897857666,0.3471860885620117,0.25464797019958496,0.4008760452270508,0.2643599510192871,0.26919126510620117,0.354874849319458,0.21798300743103027,0.33995985984802246,0.30815887451171875,0.2976362705230713,0.2982640266418457,0.2750070095062256,0.3341221809387207,0.30994200706481934,0.32949209213256836,0.23573684692382812,0.2999122142791748,0.4042470455169678,0.35407423973083496,0.316967248916626,0.32811594009399414,0.26189208030700684,0.39806509017944336,0.34374117851257324,0.3151421546936035,0.3587808609008789,0.35123777389526367,0.3789830207824707,0.2918431758880615,0.32204222679138184,0.27312302589416504,0.5441129207611084,0.5216591358184814,0.4654819965362549,0.381119966506958,0.25742292404174805,0.4528658390045166,0.2691068649291992,0.2775130271911621,0.329531192779541,0.7170310020446777,0.2780497074127197,0.3819000720977783,0.3665320873260498,0.36745500564575195,0.32290077209472656,0.3221440315246582,0.3435249328613281,0.29259586334228516,0.24929499626159668,0.5258650779724121,0.3077371120452881,0.5031208992004395,0.37383508682250977,0.48883986473083496,0.28989601135253906,0.3473541736602783,0.3696918487548828,0.5187327861785889,0.24065494537353516,0.44123101234436035,0.28992509841918945,0.2488698959350586,0.3643159866333008,0.4737207889556885,0.3719029426574707,0.5971579551696777,0.32402896881103516,0.31989598274230957,0.6257038116455078,0.34017086029052734,0.2918541431427002,0.36330604553222656,0.328416109085083,0.28887176513671875,0.333845853805542,0.4414811134338379,0.594609260559082,0.4168660640716553,0.3677859306335449,0.649298906326294,0.30377984046936035,0.21897315979003906,0.5412659645080566,0.38332700729370117,0.4772181510925293,0.35397815704345703,0.40238189697265625,0.3168070316314697,0.32730579376220703,0.2927360534667969,0.47042107582092285,0.3155949115753174,0.27890896797180176,0.28733277320861816,0.3615748882293701,0.2894463539123535,0.5950071811676025,0.31311917304992676,0.35825634002685547,0.2673909664154053,0.5041687488555908,0.3558368682861328,0.2756941318511963,0.356658935546875,0.3350698947906494,0.25336670875549316,0.37957310676574707,0.36834096908569336,0.431926965713501,0.2832150459289551,0.3699619770050049,0.4047980308532715,0.2785332202911377,0.2693519592285156,0.42377209663391113,0.3293182849884033,0.5013298988342285,0.24542498588562012,0.346203088760376,0.31176280975341797,0.3575930595397949,0.24162936210632324,0.2225170135498047,0.4714529514312744,0.3523740768432617,0.2899470329284668,0.3493030071258545,0.24918103218078613,0.4177260398864746,0.4704139232635498,0.2806529998779297,0.3149600028991699,0.26430797576904297,0.4031217098236084,0.4116520881652832,0.3791511058807373,0.9359452724456787,0.3963041305541992,0.2735469341278076,0.2794382572174072,0.34678077697753906,0.32401418685913086,0.3347482681274414,0.3887970447540283,0.30836915969848633,0.3314521312713623,0.32895994186401367,0.24873805046081543,0.5297939777374268,0.3829801082611084,0.4625852108001709,0.36251115798950195,0.32662200927734375,0.3527181148529053,0.2629220485687256,0.2889978885650635,0.28649401664733887,0.5506439208984375,0.26304006576538086,0.32958531379699707,0.34792113304138184,0.3924527168273926,0.42301297187805176,0.26408910751342773,0.38361191749572754,0.39612412452697754
0.02	GG	0.5616908073425293,0.2914397716522217,0.468167781829834,0.5244736671447754,0.226409912109375,0.5533018112182617,0.21258091926574707,0.6593348979949951,0.30971288681030273,0.2174227237701416,0.31076598167419434,0.3436729907989502,0.4223771095275879,0.2150862216949463,0.3872401714324951,0.3401021957397461,0.2432262897491455,0.2397630214691162,0.41695404052734375,0.4374730587005615,0.4716989994049072,0.7824280261993408,0.2849462032318115,0.736414909362793,0.6278650760650635,0.6355159282684326,0.5964181423187256,0.5193459987640381,0.44321393966674805,0.5996191501617432,0.6456139087677002,0.2453470230102539,0.3683609962463379,0.4066040515899658,0.48623085021972656,0.8137750625610352,0.4826488494873047,0.223771333694458,0.6344659328460693,0.2716331481933594,0.5115711688995361,0.5760061740875244,0.6984341144561768,0.4873831272125244,0.7370030879974365,0.42032504081726074,0.5542190074920654,0.6946010589599609,0.41651272773742676,0.5368688106536865,0.6670589447021484,0.35724806785583496,0.3153517246246338,0.5060601234436035,0.21199989318847656,0.27184200286865234,0.2728297710418701,0.3641088008880615,0.23133492469787598,0.49189305305480957,0.2536048889160156,0.42961597442626953,0.45827388763427734,0.4802861213684082,0.892693042755127,0.3641929626464844,0.475341796875,0.4581568241119385,0.5310988426208496,0.4634411334991455,0.39390015602111816,0.3023219108581543,0.458881139755249,0.2645149230957031,0.4911370277404785,0.222121000289917,0.6873092651367188,0.42037296295166016,0.5063972473144531,0.27232909202575684,0.37060093879699707,0.47281694412231445,0.5090110301971436,0.5880601406097412,0.1985912322998047,0.3339569568634033,0.3731262683868408,0.3613262176513672,0.34209203720092773,0.6504709720611572,0.4260530471801758,0.6279730796813965,0.31771302223205566,0.4849252700805664,0.41395998001098633,0.31203794479370117,0.56449294090271,0.4950289726257324,0.4480888843536377,0.2778971195220947,0.45461201667785645,0.4747908115386963,0.40724802017211914,0.5033159255981445,0.5822548866271973,0.33267998695373535,0.47643375396728516,0.22606801986694336,0.3529651165008545,0.36707186698913574,0.2138071060180664,0.6191859245300293,0.3473057746887207,0.553534984588623,0.20970988273620605,0.6449480056762695,0.3492898941040039,0.3100101947784424,0.5299108028411865,0.4318668842315674,0.4563267230987549,0.7425510883331299,0.330855131149292,0.24072003364562988,0.7476620674133301,0.39929819107055664,0.45215511322021484,0.26558494567871094,0.342526912689209,0.552386999130249,0.4712080955505371,0.32198286056518555,0.41834592819213867,0.274014949798584,0.520977258682251,0.6164319515228271,0.2613980770111084,0.4334380626678467,0.4176161289215088,0.2539389133453369,0.7514278888702393,0.3129117488861084,0.2872631549835205,0.3928089141845703,0.23016595840454102,0.21854424476623535,0.7124929428100586,0.23895764350891113,0.25311923027038574,0.38429903984069824,0.5563468933105469,0.38782835006713867,0.5014212131500244,0.2828950881958008,0.22721409797668457,0.563507080078125,0.5764732360839844,0.6728119850158691,0.48811984062194824,0.27274107933044434,0.3265678882598877,0.3496861457824707,0.4684150218963623,0.5815060138702393,0.5347108840942383,0.6174740791320801,0.41503190994262695,0.4337501525878906,0.26355409622192383,0.46162891387939453,0.31488990783691406,0.52040696144104,0.3380861282348633,0.6154680252075195,0.3437020778656006,0.20433688163757324,0.23327016830444336,0.4346621036529541,0.2760028839111328,0.5959069728851318,0.5598840713500977,0.20446085929870605,0.5041539669036865,0.5993537902832031,0.2627410888671875,0.6094951629638672,0.36028480529785156,0.4191129207611084,0.5091562271118164,0.4629838466644287,0.24373483657836914,0.32648324966430664,0.2027418613433838,0.48210668563842773,0.6834847927093506,0.5111732482910156,0.7465581893920898,0.6627371311187744,0.7626926898956299,0.2641420364379883
0.02	GG2	0.5616908073425293,0.2914397716522217,0.468167781829834,0.5244736671447754,0.226409912109375,0.5533018112182617,0.21258091926574707,0.6593348979949951,0.30971288681030273,0.2174227237701416,0.31076598167419434,0.3436729907989502,0.4223771095275879,0.2150862216949463,0.3872401714324951,0.3401021957397461,0.2432262897491455,0.2397630214691162,0.41695404052734375,0.4374730587005615,0.4716989994049072,0.7824280261993408,0.2849462032318115,0.736414909362793,0.6278650760650635,0.6355159282684326,0.5964181423187256,0.5193459987640381,0.44321393966674805,0.5996191501617432,0.6456139087677002,0.2453470230102539,0.3683609962463379,0.4066040515899658,0.48623085021972656,0.8137750625610352,0.4826488494873047,0.223771333694458,0.6344659328460693,0.2716331481933594,0.5115711688995361,0.5760061740875244,0.6984341144561768,0.4873831272125244,0.7370030879974365,0.42032504081726074,0.5542190074920654,0.6946010589599609,0.41651272773742676,0.5368688106536865,0.6670589447021484,0.35724806785583496,0.3153517246246338,0.5060601234436035,0.21199989318847656,0.27184200286865234,0.2728297710418701,0.3641088008880615,0.23133492469787598,0.49189305305480957,0.2536048889160156,0.42961597442626953,0.45827388763427734,0.4802861213684082,0.892693042755127,0.3641929626464844,0.475341796875,0.4581568241119385,0.5310988426208496,0.4634411334991455,0.39390015602111816,0.3023219108581543,0.458881139755249,0.2645149230957031,0.4911370277404785,0.222121000289917,0.6873092651367188,0.42037296295166016,0.5063972473144531,0.27232909202575684,0.37060093879699707,0.47281694412231445,0.5090110301971436,0.5880601406097412,0.1985912322998047,0.3339569568634033,0.3731262683868408,0.3613262176513672,0.34209203720092773,0.6504709720611572,0.4260530471801758,0.6279730796813965,0.31771302223205566,0.4849252700805664,0.41395998001098633,0.31203794479370117,0.56449294090271,0.4950289726257324,0.4480888843536377,0.2778971195220947,0.45461201667785645,0.4747908115386963,0.40724802017211914,0.5033159255981445,0.5822548866271973,0.33267998695373535,0.47643375396728516,0.22606801986694336,0.3529651165008545,0.36707186698913574,0.2138071060180664,0.6191859245300293,0.3473057746887207,0.553534984588623,0.20970988273620605,0.6449480056762695,0.3492898941040039,0.3100101947784424,0.5299108028411865,0.4318668842315674,0.4563267230987549,0.7425510883331299,0.330855131149292,0.24072003364562988,0.7476620674133301,0.39929819107055664,0.45215511322021484,0.26558494567871094,0.342526912689209,0.552386999130249,0.4712080955505371,0.32198286056518555,0.41834592819213867,0.274014949798584,0.520977258682251,0.6164319515228271,0.2613980770111084,0.4334380626678467,0.4176161289215088,0.2539389133453369,0.7514278888702393,0.3129117488861084,0.2872631549835205,0.3928089141845703,0.23016595840454102,0.21854424476623535,0.7124929428100586,0.23895764350891113,0.25311923027038574,0.38429903984069824,0.5563468933105469,0.38782835006713867,0.5014212131500244,0.2828950881958008,0.22721409797668457,0.563507080078125,0.5764732360839844,0.6728119850158691,0.48811984062194824,0.27274107933044434,0.3265678882598877,0.3496861457824707,0.4684150218963623,0.5815060138702393,0.5347108840942383,0.6174740791320801,0.41503190994262695,0.4337501525878906,0.26355409622192383,0.46162891387939453,0.31488990783691406,0.52040696144104,0.3380861282348633,0.6154680252075195,0.3437020778656006,0.20433688163757324,0.23327016830444336,0.4346621036529541,0.2760028839111328,0.5959069728851318,0.5598840713500977,0.20446085929870605,0.5041539669036865,0.5993537902832031,0.2627410888671875,0.6094951629638672,0.36028480529785156,0.4191129207611084,0.5091562271118164,0.4629838466644287,0.24373483657836914,0.32648324966430664,0.2027418613433838,0.48210668563842773,0.6834847927093506,0.5111732482910156,0.7465581893920898,0.6627371311187744,0.7626926898956299,0.2641420364379883
0.04	GEE	0.004942178726196289,0.005115985870361328,0.0049669742584228516,0.005434274673461914,0.005388736724853516,0.005055904388427734,0.005045175552368164,0.005331993103027344,0.005356788635253906,0.005338907241821289,0.00549006462097168,0.005316972732543945,0.005246877670288086,0.005703926086425781,0.005262136459350586,0.005259990692138672,0.00562286376953125,0.0053021907806396484,0.005452156066894531,0.005473136901855469,0.005483150482177734,0.005407094955444336,0.005487203598022461,0.005567073822021484,0.005354881286621094,0.005841970443725586,0.005393028259277344,0.005472898483276367,0.00539708137512207,0.00558781623840332,0.005576133728027344,0.005408048629760742,0.005690097808837891,0.005285024642944336,0.005631923675537109,0.005601167678833008,0.005380868911743164,0.005526065826416016,0.005499839782714844,0.005449056625366211,0.0055999755859375,0.0055789947509765625,0.005509138107299805,0.005876064300537109,0.0054399967193603516,0.005460262298583984,0.005586147308349609,0.005522012710571289,0.005425930023193359,0.007012128829956055,0.0053789615631103516,0.005667924880981445,0.005646944046020508,0.005464792251586914,0.005265951156616211,0.005487918853759766,0.005461931228637695,0.009069204330444336,0.005519866943359375,0.005352973937988281,0.005585908889770508,0.00551915168762207,0.005424022674560547,0.00555109977722168,0.005485057830810547,0.005558967590332031,0.00536799430847168,0.005541086196899414,0.005544185638427734,0.005593299865722656,0.005589962005615234,0.005615711212158203,0.0058078765869140625,0.005652904510498047,0.0056378841400146484,0.005481243133544922,0.0055768489837646484,0.005499124526977539,0.00536799430847168,0.005525112152099609,0.0053730010986328125,0.007658958435058594,0.005558013916015625,0.005355119705200195,0.005296945571899414,0.005527019500732422,0.005892753601074219,0.005456209182739258,0.0054531097412109375,0.005861043930053711,0.005532264709472656,0.005645036697387695,0.005406856536865234,0.005639076232910156,0.005785942077636719,0.0053441524505615234,0.0054111480712890625,0.0055348873138427734,0.005581855773925781,0.005616188049316406,0.005486726760864258,0.005684852600097656,0.005801200866699219,0.005411863327026367,0.005525112152099609,0.005811929702758789,0.005497932434082031,0.005589008331298828,0.006063938140869141,0.0054302215576171875,0.005364894866943359,0.0070400238037109375,0.005667924880981445,0.0054090023040771484,0.0054950714111328125,0.007288932800292969,0.005328178405761719,0.0055561065673828125,0.005282163619995117,0.005568981170654297,0.005685329437255859,0.005672931671142578,0.005492210388183594,0.005546092987060547,0.00580906867980957,0.005609989166259766,0.0055599212646484375,0.005603790283203125,0.00543212890625,0.005820751190185547,0.005746126174926758,0.0058040618896484375,0.005797863006591797,0.0054569244384765625,0.005549907684326172,0.0054399967193603516,0.0055389404296875,0.00555872917175293,0.005727052688598633,0.00553584098815918,0.005542755126953125,0.0058040618896484375,0.005814075469970703,0.0054628849029541016,0.005788087844848633,0.005606174468994141,0.005620002746582031,0.005869150161743164,0.0054302215576171875,0.005586385726928711,0.005388736724853516,0.005743980407714844,0.005482912063598633,0.0055828094482421875,0.005629062652587891,0.0054779052734375,0.005630970001220703,0.005726814270019531,0.00567173957824707,0.006269216537475586,0.00551295280456543,0.005550861358642578,0.0057909488677978516,0.0053708553314208984,0.005536079406738281,0.005729198455810547,0.00591588020324707,0.006078958511352539,0.0052318572998046875,0.0055310726165771484,0.005486011505126953,0.005818843841552734,0.0055010318756103516,0.005497932434082031,0.005879878997802734,0.005677938461303711,0.005543947219848633,0.00569915771484375,0.006019115447998047,0.005504131317138672,0.00858306884765625,0.005630970001220703,0.005629062652587891,0.005812168121337891,0.005598783493041992,0.0056650638580322266,0.005469083786010742,0.005786895751953125,0.005758047103881836,0.005763053894042969,0.0058078765869140625,0.0055539608001708984,0.0053691864013671875,0.005536317825317383,0.005859851837158203,0.0054836273193359375,0.006324291229248047,0.005449056625366211,0.005511760711669922,0.013532876968383789
0.04	GNN	0.3964669704437256,0.3633081912994385,0.30632591247558594,0.3382987976074219,0.3197972774505615,0.3346688747406006,0.2680959701538086,0.296677827835083,0.6161360740661621,0.28710508346557617,0.33105897903442383,0.2854459285736084,0.5121679306030273,0.3045039176940918,0.301616907119751,0.29807114601135254,0.2522439956665039,0.29140806198120117,0.2530038356781006,0.3156132698059082,0.28513407707214355,0.32210707664489746,0.3550291061401367,0.3420557975769043,0.27783989906311035,0.32997918128967285,0.2255411148071289,0.26003527641296387,0.2254951000213623,0.27181100845336914,0.36533403396606445,0.23060083389282227,0.33326196670532227,0.33686017990112305,0.2380530834197998,0.42952919006347656,0.30858707427978516,0.45951104164123535,0.67930006980896,0.22240591049194336,0.3068358898162842,0.4185032844543457,0.40094900131225586,0.3134291172027588,0.3403441905975342,0.32424402236938477,0.45785021781921387,0.29447102546691895,0.2552947998046875,0.2648136615753174,0.41414976119995117,0.2744739055633545,0.36906909942626953,0.38314008712768555,0.38376593589782715,0.6154239177703857,0.3246488571166992,0.25930094718933105,0.2916748523712158,0.33376002311706543,0.3190748691558838,0.30397605895996094,0.34633803367614746,0.42539405822753906,0.26400279998779297,0.28316283226013184,0.3517189025878906,0.3197751045227051,0.2795391082763672,0.44215893745422363,0.4377448558807373,0.3975841999053955,0.35904598236083984,0.30762720108032227,0.30513596534729004,0.2919609546661377,0.3164482116699219,0.5104100704193115,0.541489839553833,0.3298499584197998,0.4520707130432129,0.27318692207336426,0.2214679718017578,0.3960421085357666,0.3195488452911377,0.35634517669677734,0.3132040500640869,0.3303501605987549,0.3241279125213623,0.5885310173034668,0.2654609680175781,0.25760722160339355,0.28575587272644043,0.3103318214416504,0.3387608528137207,0.22993779182434082,0.42739105224609375,0.439913272857666,0.328779935836792,0.5160901546478271,0.5207476615905762,0.2609221935272217,0.28331804275512695,0.2908596992492676,0.5503499507904053,0.4406590461730957,0.3569600582122803,0.39290523529052734,0.33403491973876953,0.21011090278625488,0.3309450149536133,0.32012391090393066,0.5020749568939209,0.34131693840026855,0.22031092643737793,0.23825883865356445,0.4007232189178467,0.38017892837524414,0.415985107421875,0.22448205947875977,0.3329620361328125,0.22545790672302246,0.2934989929199219,0.24018096923828125,0.43958497047424316,0.4858520030975342,0.2922067642211914,0.3325769901275635,0.4026970863342285,0.44145679473876953,0.2692232131958008,0.5627851486206055,0.24544906616210938,0.640559196472168,0.38814496994018555,0.30141472816467285,0.2763535976409912,0.3131699562072754,0.31282973289489746,0.5082857608795166,0.27817201614379883,0.2531907558441162,0.3193390369415283,0.42055821418762207,0.302746057510376,0.31649065017700195,0.6130642890930176,0.41018009185791016,0.5461280345916748,0.4080030918121338,0.5003728866577148,0.2958803176879883,0.2738051414489746,0.41463398933410645,0.3063771724700928,0.23504996299743652,0.22547292709350586,0.4359009265899658,0.33002185821533203,0.33787107467651367,0.3347799777984619,0.3911900520324707,0.6996669769287109,0.22904229164123535,0.36437511444091797,0.24468588829040527,0.28897809982299805,0.4116189479827881,0.3133120536804199,0.37853503227233887,0.3441791534423828,0.2682170867919922,0.38109588623046875,0.2274312973022461,0.28011608123779297,0.23745203018188477,0.3198740482330322,0.3436720371246338,0.3035850524902344,0.330768346786499,0.30702996253967285,0.23626708984375,0.5545470714569092,0.3920731544494629,0.4343721866607666,0.3027377128601074,0.4433469772338867,0.3808116912841797,0.32837724685668945,0.2997417449951172,0.5221970081329346,0.34181666374206543,0.31653809547424316,0.27860093116760254,0.3261070251464844,0.30914306640625,0.26600122451782227,0.3887178897857666,0.3389129638671875,0.5165970325469971
0.04	GG	0.410006046295166,0.3011589050292969,0.5948319435119629,0.29396986961364746,0.4770987033843994,0.2182910442352295,0.7941889762878418,0.2089231014251709,0.2097327709197998,0.43503427505493164,0.41149473190307617,0.33752894401550293,0.3578023910522461,0.21941590309143066,0.34534692764282227,0.2175302505493164,0.22635793685913086,0.5254490375518799,0.3468501567840576,0.25170421600341797,0.37369394302368164,0.5314700603485107,0.49070286750793457,0.29880285263061523,0.6054482460021973,0.4384622573852539,0.5184762477874756,0.4729890823364258,0.5562481880187988,0.6045880317687988,0.281141996383667,0.28465795516967773,0.21236300468444824,0.39808082580566406,0.438734769821167,0.5185537338256836,0.4560091495513916,0.3312690258026123,0.4888341426849365,0.5609030723571777,0.5912072658538818,0.6113109588623047,0.5810902118682861,0.45380091667175293,0.38040804862976074,0.2602212429046631,0.4063441753387451,0.32932424545288086,0.5515570640563965,0.3711411952972412,0.3838379383087158,0.4987151622772217,0.3571431636810303,0.2844862937927246,0.21261906623840332,0.24510574340820312,0.35226893424987793,0.6262698173522949,0.20728421211242676,0.39824581146240234,0.2302100658416748,0.2583889961242676,0.20813798904418945,0.27210402488708496,0.2549288272857666,0.3336801528930664,0.5966427326202393,0.5651183128356934,0.7310831546783447,0.5649731159210205,0.2094407081604004,0.3344919681549072,0.2255709171295166,0.2291100025177002,0.4442610740661621,0.2723877429962158,0.5181839466094971,0.21955466270446777,0.45955896377563477,0.48758816719055176,0.5460078716278076,0.3424370288848877,0.2676560878753662,0.47627997398376465,0.23594188690185547,0.6283271312713623,0.24824094772338867,0.38324975967407227,0.5629241466522217,0.46683287620544434,0.379331111907959,0.5730738639831543,0.19717192649841309,0.6488330364227295,0.3075881004333496,0.4144408702850342,0.4642221927642822,0.4671609401702881,0.7451338768005371,0.35886597633361816,0.4637320041656494,0.3048069477081299,0.21133804321289062,0.49193763732910156,0.7052562236785889,0.3314650058746338,0.3060779571533203,0.5542962551116943,0.4794440269470215,0.2066197395324707,0.547713041305542,0.35422205924987793,0.302318811416626,0.570915937423706,0.24126791954040527,0.372955322265625,0.4134788513183594,0.2660958766937256,0.3849222660064697,0.4658989906311035,0.6937370300292969,0.6890268325805664,0.38918399810791016,0.296489953994751,0.39506101608276367,0.38399791717529297,0.32286500930786133,0.28640270233154297,0.2696421146392822,0.8931992053985596,0.4886131286621094,0.46132397651672363,0.3570370674133301,0.6007802486419678,0.5899138450622559,0.39397573471069336,0.39168691635131836,0.34195828437805176,0.47246503829956055,0.4632408618927002,0.6910362243652344,0.7933969497680664,0.36481809616088867,0.3403818607330322,0.3482351303100586,0.21173596382141113,0.7619709968566895,0.3008308410644531,0.6704671382904053,0.5187320709228516,0.41416501998901367,0.20930099487304688,0.5834498405456543,0.4398031234741211,0.864246129989624,0.6559839248657227,0.7142291069030762,0.3438088893890381,0.5405991077423096,0.6468379497528076,0.41794586181640625,0.33706021308898926,0.5119080543518066,0.5217947959899902,0.6256160736083984,0.6074800491333008,0.5196061134338379,0.5606670379638672,0.4404158592224121,0.24933910369873047,0.41756296157836914,0.6104781627655029,0.20963025093078613,0.40085792541503906,0.3701801300048828,0.21530485153198242,0.22342395782470703,0.4338500499725342,0.6952319145202637,0.5426290035247803,0.6008918285369873,0.27857470512390137,0.7078349590301514,0.507310152053833,0.4267420768737793,0.5379257202148438,0.8107948303222656,0.625316858291626,0.513681173324585,0.43394923210144043,0.49335622787475586,0.28848791122436523,0.21600937843322754,0.4595608711242676,0.35779595375061035,0.2956359386444092,0.6720519065856934,0.4376249313354492,0.3405780792236328,0.5442750453948975
0.04	GG2	0.410006046295166,0.3011589050292969,0.5948319435119629,0.29396986961364746,0.4770987033843994,0.2182910442352295,0.7941889762878418,0.2089231014251709,0.2097327709197998,0.43503427505493164,0.41149473190307617,0.33752894401550293,0.3578023910522461,0.21941590309143066,0.34534692764282227,0.2175302505493164,0.22635793685913086,0.5254490375518799,0.3468501567840576,0.25170421600341797,0.37369394302368164,0.5314700603485107,0.49070286750793457,0.29880285263061523,0.6054482460021973,0.4384622573852539,0.5184762477874756,0.4729890823364258,0.5562481880187988,0.6045880317687988,0.281141996383667,0.28465795516967773,0.21236300468444824,0.39808082580566406,0.438734769821167,0.5185537338256836,0.4560091495513916,0.3312690258026123,0.4888341426849365,0.5609030723571777,0.5912072658538818,0.6113109588623047,0.5810902118682861,0.45380091667175293,0.38040804862976074,0.2602212429046631,0.4063441753387451,0.32932424545288086,0.5515570640563965,0.3711411952972412,0.3838379383087158,0.4987151622772217,0.3571431636810303,0.2844862937927246,0.21261906623840332,0.24510574340820312,0.35226893424987793,0.6262698173522949,0.20728421211242676,0.39824581146240234,0.2302100658416748,0.2583889961242676,0.20813798904418945,0.27210402488708496,0.2549288272857666,0.3336801528930664,0.5966427326202393,0.5651183128356934,0.7310831546783447,0.5649731159210205,0.2094407081604004,0.3344919681549072,0.2255709171295166,0.2291100025177002,0.4442610740661621,0.2723877429962158,0.5181839466094971,0.21955466270446777,0.45955896377563477,0.48758816719055176,0.5460078716278076,0.3424370288848877,0.2676560878753662,0.47627997398376465,0.23594188690185547,0.6283271312713623,0.24824094772338867,0.38324975967407227,0.5629241466522217,0.46683287620544434,0.379331111907959,0.5730738639831543,0.19717192649841309,0.6488330364227295,0.3075881004333496,0.4144408702850342,0.4642221927642822,0.4671609401702881,0.7451338768005371,0.35886597633361816,0.4637320041656494,0.3048069477081299,0.21133804321289062,0.49193763732910156,0.7052562236785889,0.3314650058746338,0.3060779571533203,0.5542962551116943,0.4794440269470215,0.2066197395324707,0.547713041305542,0.35422205924987793,0.302318811416626,0.570915937423706,0.24126791954040527,0.372955322265625,0.4134788513183594,0.2660958766937256,0.3849222660064697,0.4658989906311035,0.6937370300292969,0.6890268325805664,0.38918399810791016,0.296489953994751,0.39506101608276367,0.38399791717529297,0.32286500930786133,0.28640270233154297,0.2696421146392822,0.8931992053985596,0.4886131286621094,0.46132397651672363,0.3570370674133301,0.6007802486419678,0.5899138450622559,0.39397573471069336,0.39168691635131836,0.34195828437805176,0.47246503829956055,0.4632408618927002,0.6910362243652344,0.7933969497680664,0.36481809616088867,0.3403818607330322,0.3482351303100586,0.21173596382141113,0.7619709968566895,0.3008308410644531,0.6704671382904053,0.5187320709228516,0.41416501998901367,0.20930099487304688,0.5834498405456543,0.4398031234741211,0.864246129989624,0.6559839248657227,0.7142291069030762,0.3438088893890381,0.5405991077423096,0.6468379497528076,0.41794586181640625,0.33706021308898926,0.5119080543518066,0.5217947959899902,0.6256160736083984,0.6074800491333008,0.5196061134338379,0.5606670379638672,0.4404158592224121,0.24933910369873047,0.41756296157836914,0.6104781627655029,0.20963025093078613,0.40085792541503906,0.3701801300048828,0.21530485153198242,0.22342395782470703,0.4338500499725342,0.6952319145202637,0.5426290035247803,0.6008918285369873,0.27857470512390137,0.7078349590301514,0.507310152053833,0.4267420768737793,0.5379257202148438,0.8107948303222656,0.625316858291626,0.513681173324585,0.43394923210144043,0.49335622787475586,0.28848791122436523,0.21600937843322754,0.4595608711242676,0.35779595375061035,0.2956359386444092,0.6720519065856934,0.4376249313354492,0.3405780792236328,0.5442750453948975
0.06	GEE	0.005568027496337891,0.00531315803527832,0.005398750305175781,0.0053730010986328125,0.005582094192504883,0.005548000335693359,0.005866050720214844,0.005922794342041016,0.005677938461303711,0.005784034729003906,0.0058100223541259766,0.006288766860961914,0.006465911865234375,0.006226778030395508,0.00606226921081543,0.006256818771362305,0.006659030914306641,0.00614476203918457,0.005980014801025391,0.006211042404174805,0.006202220916748047,0.006408214569091797,0.006428718566894531,0.006163835525512695,0.0062830448150634766,0.006186962127685547,0.006242990493774414,0.005910158157348633,0.006250143051147461,0.0061779022216796875,0.005909919738769531,0.005980014801025391,0.006269216537475586,0.006250143051147461,0.006270885467529297,0.005984067916870117,0.006022930145263672,0.005967140197753906,0.006398200988769531,0.0063130855560302734,0.006058216094970703,0.006235837936401367,0.006232023239135742,0.006059885025024414,0.006459951400756836,0.0062139034271240234,0.006329059600830078,0.005883932113647461,0.006106138229370117,0.006281137466430664,0.005937337875366211,0.006428956985473633,0.005877971649169922,0.0062639713287353516,0.006173849105834961,0.005897045135498047,0.005968809127807617,0.006028175354003906,0.00622105598449707,0.0061261653900146484,0.0063250064849853516,0.0061261653900146484,0.0065042972564697266,0.006126880645751953,0.0060117244720458984,0.006250858306884766,0.006159067153930664,0.0060977935791015625,0.006448984146118164,0.006689786911010742,0.006184816360473633,0.006159067153930664,0.0065381526947021484,0.006426811218261719,0.006497859954833984,0.007031917572021484,0.00665593147277832,0.0061969757080078125,0.006215810775756836,0.006368875503540039,0.006304025650024414,0.006172895431518555,0.006207942962646484,0.006120920181274414,0.006226778030395508,0.006347179412841797,0.0066721439361572266,0.0060269832611083984,0.006206035614013672,0.007255077362060547,0.006972074508666992,0.0065381526947021484,0.0065460205078125,0.00714421272277832,0.006239175796508789,0.0061130523681640625,0.006164073944091797,0.006244182586669922,0.006365299224853516,0.00622105598449707,0.006314992904663086,0.006541013717651367,0.006381034851074219,0.006306171417236328,0.006228923797607422,0.006288766860961914,0.006409168243408203,0.00657200813293457,0.006136178970336914,0.006334066390991211,0.006627082824707031,0.00749516487121582,0.007921934127807617,0.006720066070556641,0.0072591304779052734,0.006295919418334961,0.0066089630126953125,0.0068128108978271484,0.006535053253173828,0.00650334358215332,0.006593942642211914,0.0062100887298583984,0.006577968597412109,0.0065648555755615234,0.006365776062011719,0.006551027297973633,0.006197214126586914,0.006561994552612305,0.006559133529663086,0.0062351226806640625,0.00654911994934082,0.006165027618408203,0.006240129470825195,0.006640195846557617,0.006149768829345703,0.0063288211822509766,0.006448984146118164,0.0064258575439453125,0.006515026092529297,0.0061702728271484375,0.006832122802734375,0.006578922271728516,0.0064907073974609375,0.006348133087158203,0.006278038024902344,0.00626683235168457,0.0064809322357177734,0.0064771175384521484,0.006619930267333984,0.006641864776611328,0.006437063217163086,0.006620883941650391,0.006527900695800781,0.0067291259765625,0.007695198059082031,0.0066492557525634766,0.0066280364990234375,0.006729841232299805,0.006319284439086914,0.006268024444580078,0.006369829177856445,0.0064089298248291016,0.006499052047729492,0.00647282600402832,0.006461143493652344,0.006585836410522461,0.0063211917877197266,0.006417274475097656,0.006612062454223633,0.0062940120697021484,0.0066297054290771484,0.006574869155883789,0.006901264190673828,0.006431102752685547,0.0063822269439697266,0.006679058074951172,0.006296873092651367,0.0061991214752197266,0.006455898284912109,0.006407976150512695,0.0067861080169677734,0.006352901458740234,0.00672602653503418,0.006150722503662109,0.00625300407409668,0.006361961364746094,0.006768226623535156,0.006227970123291016,0.006395816802978516,0.006247758865356445,0.006270885467529297,0.0063648223876953125,0.006186008453369141,0.006641864776611328,0.006710052490234375,0.006194114685058594,0.006659030914306641,0.006162166595458984,0.006303071975708008,0.006515979766845703
0.06	GNN	0.28301215171813965,0.30434274673461914,0.3220689296722412,0.24580883979797363,0.2460641860961914,0.3668816089630127,0.23553466796875,0.650519609451294,0.4013938903808594,0.2417142391204834,0.296497106552124,0.31622982025146484,0.3405749797821045,0.2884860038757324,0.2736632823944092,0.45346808433532715,0.7804892063140869,0.3899352550506592,0.8265039920806885,0.27420496940612793,0.4770500659942627,0.368441104888916,0.4119422435760498,0.38187694549560547,0.36054015159606934,0.2554941177368164,0.5351989269256592,0.42402124404907227,0.41609692573547363,0.46634697914123535,0.3850739002227783,0.8601000308990479,0.26973915100097656,0.3388211727142334,0.27362704277038574,0.39576220512390137,0.33460116386413574,0.24968600273132324,0.3039391040802002,0.3731231689453125,0.4034159183502197,0.3630990982055664,0.28285789489746094,0.3150520324707031,0.28736162185668945,0.8048129081726074,0.31879305839538574,0.3422698974609375,0.2513618469238281,0.4003431797027588,0.32999396324157715,0.3314359188079834,0.5729129314422607,0.39022302627563477,0.4488840103149414,0.3699970245361328,0.44483518600463867,1.0663189888000488,0.306488037109375,0.4130580425262451,0.3655731678009033,0.504688024520874,0.4173610210418701,0.3878960609436035,0.41684460639953613,0.3124990463256836,0.2923119068145752,0.4440188407897949,0.2880992889404297,0.29527807235717773,0.3731539249420166,0.31794190406799316,0.42331695556640625,0.44170212745666504,0.37843799591064453,0.50577712059021,0.2856099605560303,0.40393805503845215,0.47801899909973145,0.3652002811431885,0.3332369327545166,0.3465738296508789,0.4849717617034912,0.31118083000183105,0.3220689296722412,0.3081498146057129,0.38800716400146484,0.690802812576294,0.3718540668487549,0.4182281494140625,0.4813728332519531,0.43737292289733887,0.42856812477111816,0.6441028118133545,0.5339751243591309,0.3645150661468506,0.5886991024017334,0.39777374267578125,0.41956400871276855,0.3152961730957031,0.7600529193878174,0.30704712867736816,0.40619492530822754,0.3403191566467285,0.36832618713378906,0.33445286750793457,0.41921520233154297,0.2913329601287842,0.5910389423370361,0.41800379753112793,0.5562222003936768,0.4638979434967041,0.5499007701873779,0.47907400131225586,0.2953321933746338,0.3532569408416748,0.43245697021484375,0.879044771194458,0.54422926902771,0.3110959529876709,0.32221508026123047,0.5934550762176514,0.5195949077606201,0.2908058166503906,0.3899540901184082,0.48167920112609863,0.3358781337738037,0.3032231330871582,0.5028297901153564,0.3565988540649414,0.48244285583496094,0.7110919952392578,0.38450193405151367,0.3087890148162842,0.42399001121520996,0.37676310539245605,0.5995230674743652,0.37610793113708496,0.32414817810058594,0.34627413749694824,0.27341580390930176,0.28057384490966797,0.2767369747161865,0.3335270881652832,0.3738372325897217,0.835270881652832,0.42743706703186035,0.3541278839111328,0.5182771682739258,0.30086779594421387,0.49361610412597656,0.37434911727905273,0.37161970138549805,0.37302398681640625,0.3258697986602783,0.26941585540771484,0.2936282157897949,0.32740306854248047,0.2748992443084717,0.4228196144104004,0.3008100986480713,0.5019247531890869,0.738476037979126,0.28203630447387695,0.32735300064086914,0.2823491096496582,0.31502723693847656,0.40759801864624023,0.5089619159698486,0.3579392433166504,0.4334568977355957,0.3800382614135742,0.44657182693481445,0.3871951103210449,0.3506031036376953,0.3884007930755615,0.3664219379425049,0.3072209358215332,0.5536530017852783,0.8846678733825684,0.4162778854370117,0.368649959564209,0.27890706062316895,0.6403810977935791,0.3897280693054199,0.5642819404602051,0.5582959651947021,0.3430290222167969,0.3584558963775635,0.3851499557495117,0.378673791885376,0.45050787925720215,0.45873403549194336,0.33445286750793457,0.37505578994750977,0.26798486709594727,0.3409879207611084,0.3806462287902832,0.319378137588501,0.4390902519226074
0.06	GG	0.35184192657470703,0.32341718673706055,0.22582411766052246,0.21541690826416016,0.5604720115661621,0.42571592330932617,0.3925597667694092,0.41638612747192383,0.21629595756530762,0.2698040008544922,0.4132108688354492,0.448620080947876,0.7473537921905518,0.8299922943115234,0.3697659969329834,0.2565927505493164,0.41141200065612793,0.28086400032043457,0.6189188957214355,0.24996089935302734,0.4697849750518799,0.3039727210998535,0.3461458683013916,0.5825977325439453,0.4290430545806885,0.8210029602050781,0.5555171966552734,0.2557041645050049,0.38519287109375,0.5749480724334717,0.43984413146972656,0.34574103355407715,0.33591771125793457,0.5638959407806396,0.3448503017425537,0.6934459209442139,0.5201451778411865,0.2819077968597412,0.6192591190338135,0.41550397872924805,0.6534898281097412,0.25150585174560547,0.24823689460754395,0.3790750503540039,0.37274813652038574,0.3519167900085449,0.6386880874633789,0.26822996139526367,0.3698141574859619,0.27445292472839355,0.3904879093170166,0.44239115715026855,0.6084208488464355,0.40488409996032715,0.2440049648284912,0.24194788932800293,0.42419004440307617,0.7855348587036133,0.2589871883392334,0.7988560199737549,0.3473360538482666,0.7900240421295166,0.26860904693603516,0.5398991107940674,0.46707582473754883,0.4421238899230957,0.5450360774993896,0.7037150859832764,0.6063511371612549,0.6610310077667236,0.76509690284729,0.6366720199584961,0.30489277839660645,0.36128783226013184,0.8536031246185303,0.29175305366516113,0.5794708728790283,0.7345180511474609,0.47645998001098633,0.34845590591430664,0.5993812084197998,0.6667110919952393,0.34325313568115234,0.8177258968353271,0.3444101810455322,0.6200950145721436,0.441054105758667,0.3901677131652832,0.7357749938964844,0.50494384765625,0.4613378047943115,0.5355880260467529,0.36571288108825684,0.6782200336456299,0.45922303199768066,0.25443196296691895,0.29752397537231445,0.5686960220336914,0.6116139888763428,0.544722318649292,0.40128421783447266,0.6376168727874756,0.3346543312072754,0.4668388366699219,0.5497391223907471,0.528925895690918,0.28353404998779297,0.5644490718841553,0.7167439460754395,0.4568347930908203,0.813295841217041,0.3527507781982422,0.36139607429504395,0.7140920162200928,0.29058408737182617,0.6132450103759766,0.31179094314575195,0.7181870937347412,0.2569599151611328,0.4843010902404785,0.5747971534729004,0.5788161754608154,0.4063680171966553,0.33374738693237305,0.6467998027801514,0.661322832107544,0.5653378963470459,0.46176791191101074,0.5044398307800293,0.4683818817138672,0.5782589912414551,0.5661828517913818,0.5453698635101318,0.37400007247924805,0.8772149085998535,0.5071771144866943,0.41664886474609375,0.3678169250488281,0.5482170581817627,0.3732798099517822,0.5465130805969238,0.6127207279205322,0.6642513275146484,0.6538288593292236,0.3518381118774414,0.30280327796936035,0.46129322052001953,0.40230393409729004,0.6728000640869141,0.41036105155944824,0.5481669902801514,0.6017158031463623,0.6735019683837891,0.5001680850982666,0.4790520668029785,0.5873920917510986,0.552670955657959,0.5970637798309326,0.5301058292388916,0.26645398139953613,0.5245876312255859,0.4312770366668701,0.327103853225708,0.5085208415985107,0.6668081283569336,0.38510799407958984,1.0246539115905762,0.28200411796569824,0.28022003173828125,0.44321107864379883,0.32021188735961914,0.6173861026763916,0.2516968250274658,0.32440710067749023,0.5127248764038086,0.32631492614746094,0.48542189598083496,0.4616372585296631,0.4959070682525635,0.8100872039794922,0.4689791202545166,0.5754680633544922,0.5643661022186279,0.8380529880523682,0.30334901809692383,0.6333739757537842,0.36872291564941406,0.444957971572876,0.46329784393310547,0.7081029415130615,0.4888451099395752,0.3334677219390869,0.29074621200561523,0.6950757503509521,0.26767468452453613,0.30375194549560547,0.31496191024780273,0.674008846282959,0.4962778091430664,0.2682669162750244
0.06	GG2	0.35184192657470703,0.32341718673706055,0.22582411766052246,0.21541690826416016,0.5604720115661621,0.42571592330932617,0.3925597667694092,0.41638612747192383,0.21629595756530762,0.2698040008544922,0.4132108688354492,0.448620080947876,0.7473537921905518,0.8299922943115234,0.3697659969329834,0.2565927505493164,0.41141200065612793,0.28086400032043457,0.6189188957214355,0.24996089935302734,0.4697849750518799,0.3039727210998535,0.3461458683013916,0.5825977325439453,0.4290430545806885,0.8210029602050781,0.5555171966552734,0.2557041645050049,0.38519287109375,0.5749480724334717,0.43984413146972656,0.34574103355407715,0.33591771125793457,0.5638959407806396,0.3448503017425537,0.6934459209442139,0.5201451778411865,0.2819077968597412,0.6192591190338135,0.41550397872924805,0.6534898281097412,0.25150585174560547,0.24823689460754395,0.3790750503540039,0.37274813652038574,0.3519167900085449,0.6386880874633789,0.26822996139526367,0.3698141574859619,0.27445292472839355,0.3904879093170166,0.44239115715026855,0.6084208488464355,0.40488409996032715,0.2440049648284912,0.24194788932800293,0.42419004440307617,0.7855348587036133,0.2589871883392334,0.7988560199737549,0.3473360538482666,0.7900240421295166,0.26860904693603516,0.5398991107940674,0.46707582473754883,0.4421238899230957,0.5450360774993896,0.7037150859832764,0.6063511371612549,0.6610310077667236,0.76509690284729,0.6366720199584961,0.30489277839660645,0.36128783226013184,0.8536031246185303,0.29175305366516113,0.5794708728790283,0.7345180511474609,0.47645998001098633,0.34845590591430664,0.5993812084197998,0.6667110919952393,0.34325313568115234,0.8177258968353271,0.3444101810455322,0.6200950145721436,0.441054105758667,0.3901677131652832,0.7357749938964844,0.50494384765625,0.4613378047943115,0.5355880260467529,0.36571288108825684,0.6782200336456299,0.45922303199768066,0.25443196296691895,0.29752397537231445,0.5686960220336914,0.6116139888763428,0.544722318649292,0.40128421783447266,0.6376168727874756,0.3346543312072754,0.4668388366699219,0.5497391223907471,0.528925895690918,0.28353404998779297,0.5644490718841553,0.7167439460754395,0.4568347930908203,0.813295841217041,0.3527507781982422,0.36139607429504395,0.7140920162200928,0.29058408737182617,0.6132450103759766,0.31179094314575195,0.7181870937347412,0.2569599151611328,0.4843010902404785,0.5747971534729004,0.5788161754608154,0.4063680171966553,0.33374738693237305,0.6467998027801514,0.661322832107544,0.5653378963470459,0.46176791191101074,0.5044398307800293,0.4683818817138672,0.5782589912414551,0.5661828517913818,0.5453698635101318,0.37400007247924805,0.8772149085998535,0.5071771144866943,0.41664886474609375,0.3678169250488281,0.5482170581817627,0.3732798099517822,0.5465130805969238,0.6127207279205322,0.6642513275146484,0.6538288593292236,0.3518381118774414,0.30280327796936035,0.46129322052001953,0.40230393409729004,0.6728000640869141,0.41036105155944824,0.5481669902801514,0.6017158031463623,0.6735019683837891,0.5001680850982666,0.4790520668029785,0.5873920917510986,0.552670955657959,0.5970637798309326,0.5301058292388916,0.26645398139953613,0.5245876312255859,0.4312770366668701,0.327103853225708,0.5085208415985107,0.6668081283569336,0.38510799407958984,1.0246539115905762,0.28200411796569824,0.28022003173828125,0.44321107864379883,0.32021188735961914,0.6173861026763916,0.2516968250274658,0.32440710067749023,0.5127248764038086,0.32631492614746094,0.48542189598083496,0.4616372585296631,0.4959070682525635,0.8100872039794922,0.4689791202545166,0.5754680633544922,0.5643661022186279,0.8380529880523682,0.30334901809692383,0.6333739757537842,0.36872291564941406,0.444957971572876,0.46329784393310547,0.7081029415130615,0.4888451099395752,0.3334677219390869,0.29074621200561523,0.6950757503509521,0.26767468452453613,0.30375194549560547,0.31496191024780273,0.674008846282959,0.4962778091430664,0.2682669162750244
0.08	GEE	0.006048917770385742,0.006857872009277344,0.007138967514038086,0.007203102111816406,0.007077932357788086,0.007256031036376953,0.0072782039642333984,0.007241010665893555,0.00729680061340332,0.007261037826538086,0.007483959197998047,0.0075511932373046875,0.007341146469116211,0.007261037826538086,0.00722503662109375,0.007650136947631836,0.007216930389404297,0.007314920425415039,0.007377147674560547,0.007150173187255859,0.007627010345458984,0.0076715946197509766,0.007163047790527344,0.007511138916015625,0.007173061370849609,0.007681131362915039,0.007188081741333008,0.007143974304199219,0.007810831069946289,0.0077588558197021484,0.0072171688079833984,0.00710296630859375,0.007954835891723633,0.007767200469970703,0.00783991813659668,0.007236003875732422,0.007612943649291992,0.007208108901977539,0.0073778629302978516,0.007246732711791992,0.007277250289916992,0.007277965545654297,0.007286787033081055,0.007789134979248047,0.00716090202331543,0.00741887092590332,0.007265806198120117,0.007922172546386719,0.007490873336791992,0.00740504264831543,0.007195234298706055,0.00735020637512207,0.007241010665893555,0.007239103317260742,0.007375955581665039,0.007391929626464844,0.007727861404418945,0.00711512565612793,0.0076770782470703125,0.00746607780456543,0.007420063018798828,0.0074579715728759766,0.0071370601654052734,0.007737159729003906,0.007258176803588867,0.007665157318115234,0.007959127426147461,0.0072841644287109375,0.007341861724853516,0.007299900054931641,0.0073089599609375,0.007683753967285156,0.0076711177825927734,0.007509946823120117,0.007364034652709961,0.007325887680053711,0.007447004318237305,0.007534027099609375,0.007819890975952148,0.007574796676635742,0.00749969482421875,0.007654905319213867,0.007564067840576172,0.007353782653808594,0.007194042205810547,0.007565975189208984,0.007447004318237305,0.008177995681762695,0.007467031478881836,0.007230043411254883,0.007475137710571289,0.007473945617675781,0.007534980773925781,0.0074100494384765625,0.0073337554931640625,0.007191896438598633,0.00781393051147461,0.007467985153198242,0.007245779037475586,0.007838964462280273,0.007424116134643555,0.00748896598815918,0.007151126861572266,0.00785517692565918,0.007402658462524414,0.007938146591186523,0.007249116897583008,0.007423877716064453,0.007712841033935547,0.007515907287597656,0.007807016372680664,0.007314920425415039,0.0075228214263916016,0.007949113845825195,0.007487058639526367,0.007218360900878906,0.00795602798461914,0.007766008377075195,0.007847785949707031,0.00799417495727539,0.007560014724731445,0.0073621273040771484,0.007452249526977539,0.007800102233886719,0.0073947906494140625,0.007859945297241211,0.0077130794525146484,0.007413148880004883,0.007711887359619141,0.0077800750732421875,0.00758671760559082,0.007843255996704102,0.00778508186340332,0.007463216781616211,0.007392168045043945,0.0073089599609375,0.007605791091918945,0.0075571537017822266,0.007814168930053711,0.007828950881958008,0.007499217987060547,0.00763702392578125,0.0074558258056640625,0.007531881332397461,0.007943153381347656,0.0076198577880859375,0.0074901580810546875,0.0074460506439208984,0.007930755615234375,0.007339954376220703,0.007645130157470703,0.007564067840576172,0.00769805908203125,0.007771968841552734,0.007234096527099609,0.007730960845947266,0.007292985916137695,0.0074291229248046875,0.007623195648193359,0.007100820541381836,0.007718086242675781,0.007370948791503906,0.007359981536865234,0.0073621273040771484,0.00728297233581543,0.007560014724731445,0.007550954818725586,0.007579803466796875,0.007440090179443359,0.00737309455871582,0.0073451995849609375,0.00748896598815918,0.007795095443725586,0.007349967956542969,0.007505893707275391,0.00767207145690918,0.0076296329498291016,0.007678985595703125,0.007998943328857422,0.007636070251464844,0.00783991813659668,0.007879018783569336,0.007873058319091797,0.007354736328125,0.007284879684448242,0.007635831832885742,0.0075948238372802734,0.008167028427124023,0.007837057113647461,0.007406711578369141,0.007663726806640625,0.007480144500732422,0.007426023483276367,0.008441686630249023,0.007727146148681641,0.00775599479675293,0.00811910629272461,0.008234977722167969,0.007811784744262695,0.007804155349731445
0.08	GNN	0.273684024810791,0.2962639331817627,0.48546886444091797,0.42712903022766113,0.2611420154571533,0.8160550594329834,0.2723391056060791,0.3906540870666504,0.31647205352783203,0.40588808059692383,0.4479959011077881,0.3052327632904053,0.6823899745941162,0.3264760971069336,0.4181361198425293,0.377791166305542,0.404080867767334,0.39726901054382324,0.438525915145874,0.3044877052307129,0.42197108268737793,0.6408519744873047,0.4077458381652832,0.6687159538269043,0.3271040916442871,0.26822590827941895,0.3610990047454834,0.41034793853759766,0.37496495246887207,0.2657930850982666,0.42302584648132324,0.42264890670776367,0.48140597343444824,0.3781759738922119,0.2783479690551758,0.45038890838623047,0.48643994331359863,0.44609618186950684,0.5822429656982422,0.34621620178222656,0.3956890106201172,0.3492240905761719,0.36991381645202637,0.3090097904205322,0.45366907119750977,0.33089590072631836,0.5842359066009521,0.39586496353149414,0.40751075744628906,0.3702220916748047,0.28608012199401855,0.37562084197998047,0.693939208984375,0.4051949977874756,0.3719179630279541,0.4025599956512451,0.45677804946899414,0.34297609329223633,0.5429911613464355,0.30208396911621094,0.34763383865356445,0.3258631229400635,0.749492883682251,0.4314842224121094,0.3722090721130371,0.3523221015930176,0.36161208152770996,0.5670881271362305,0.4158000946044922,0.27990198135375977,0.352916955947876,0.3020660877227783,0.31430792808532715,0.5713510513305664,0.30057668685913086,0.4162580966949463,0.38702893257141113,0.35661911964416504,0.6834001541137695,0.37885594367980957,0.2725038528442383,0.41568994522094727,0.9524281024932861,0.27397871017456055,0.6389381885528564,0.42136240005493164,0.40131616592407227,0.5871570110321045,0.3527040481567383,0.4568459987640381,0.5006189346313477,0.41503190994262695,0.31933069229125977,0.6175050735473633,0.4230682849884033,0.4680192470550537,0.6490600109100342,0.29532623291015625,0.553800106048584,0.39847803115844727,0.3852078914642334,0.387484073638916,0.3688502311706543,0.5848350524902344,0.4358370304107666,0.47594428062438965,0.3558030128479004,0.3159022331237793,0.3348522186279297,0.5591080188751221,0.6190097332000732,0.43363499641418457,0.4770660400390625,0.3968961238861084,0.31449198722839355,0.3123891353607178,0.7132718563079834,0.44312095642089844,0.4654231071472168,0.2854321002960205,0.318187952041626,0.5619919300079346,0.40767788887023926,0.3549981117248535,0.37355494499206543,0.3988959789276123,0.31667304039001465,0.6054861545562744,0.41936206817626953,0.33824992179870605,0.4954686164855957,0.5173611640930176,0.5225460529327393,0.39296722412109375,0.42058420181274414,0.41884374618530273,0.31766414642333984,0.42772793769836426,0.49129819869995117,0.5552880764007568,0.4881012439727783,0.3238410949707031,0.3208789825439453,0.4044151306152344,0.3926072120666504,0.3388352394104004,0.40095996856689453,0.5391077995300293,0.3726687431335449,0.5883970260620117,0.4616389274597168,0.3771321773529053,0.3245549201965332,0.5060501098632812,0.49135684967041016,0.3331630229949951,0.37471795082092285,0.47200584411621094,0.4053680896759033,0.4192519187927246,0.32051777839660645,0.42522501945495605,0.492495059967041,0.31708812713623047,0.33828115463256836,0.6621308326721191,0.30197763442993164,0.49828505516052246,0.7898800373077393,0.32701683044433594,0.30353713035583496,0.39351725578308105,0.34488511085510254,0.33641600608825684,0.5305619239807129,0.30094003677368164,0.29283690452575684,0.32383179664611816,0.4762282371520996,0.44290733337402344,0.3848116397857666,0.2621171474456787,0.33722686767578125,0.3517880439758301,0.3299996852874756,0.37938690185546875,0.32063984870910645,0.35591602325439453,0.36394286155700684,0.38049793243408203,0.28716278076171875,0.5119602680206299,0.3860609531402588,0.5506129264831543,0.4176602363586426,0.399914026260376,0.3902609348297119,0.6879830360412598,0.2847249507904053,0.47612905502319336
0.08	GG	0.4153132438659668,0.3371579647064209,0.7070488929748535,0.3637988567352295,0.28922080993652344,0.2883028984069824,0.6119751930236816,0.5500421524047852,0.498809814453125,0.4937736988067627,0.6683919429779053,0.2841637134552002,0.4626431465148926,0.28314781188964844,0.46599698066711426,0.2628359794616699,0.2916290760040283,0.6706078052520752,0.522197961807251,0.649763822555542,1.0804979801177979,0.6931777000427246,0.33536410331726074,0.31631994247436523,0.41135096549987793,0.4594113826751709,0.6232099533081055,0.5054209232330322,0.743023157119751,0.46914196014404297,0.34497618675231934,0.36865997314453125,0.3132150173187256,0.4980180263519287,0.49935269355773926,0.46958422660827637,0.6464588642120361,0.6516408920288086,0.278278112411499,0.4819340705871582,0.8933539390563965,0.2902829647064209,0.3244929313659668,0.6189751625061035,0.3996891975402832,0.865164041519165,0.6734941005706787,0.2907741069793701,0.48470115661621094,0.30077695846557617,0.6353499889373779,0.7468879222869873,0.29810523986816406,0.2709348201751709,0.30582594871520996,0.3087937831878662,0.6171159744262695,0.5977449417114258,0.4633781909942627,0.8188381195068359,0.28560876846313477,0.4275240898132324,0.3540189266204834,0.6361472606658936,0.4154200553894043,0.423267126083374,0.5895390510559082,0.2732231616973877,0.6031618118286133,0.6452779769897461,0.37077784538269043,0.5719211101531982,0.32558321952819824,0.2879502773284912,0.2863199710845947,0.3034019470214844,0.5347540378570557,0.3039681911468506,0.8526468276977539,0.4118351936340332,0.5455741882324219,0.7146131992340088,0.5150759220123291,1.0555410385131836,0.35822606086730957,0.6786749362945557,0.4230468273162842,0.6896860599517822,0.5259981155395508,0.9271438121795654,0.49299192428588867,0.3021407127380371,0.3469369411468506,0.277662992477417,0.5771322250366211,0.3200960159301758,0.4704899787902832,0.5850458145141602,0.9746220111846924,0.6704270839691162,0.44232797622680664,0.2793431282043457,0.516057014465332,0.6011788845062256,0.2838718891143799,0.5474429130554199,0.8255839347839355,0.4269120693206787,0.4308898448944092,0.39637088775634766,0.47588300704956055,0.48108696937561035,0.29129886627197266,0.8823411464691162,0.28138184547424316,0.3967468738555908,0.3947451114654541,0.584589958190918,0.39400768280029297,0.3735218048095703,0.3659250736236572,0.26497316360473633,0.2918362617492676,0.41792893409729004,0.6157450675964355,1.0512309074401855,0.4629249572753906,0.38923120498657227,0.4194028377532959,0.5222232341766357,0.5542581081390381,0.4974079132080078,0.27704882621765137,0.353179931640625,0.8755002021789551,0.47417783737182617,0.49384117126464844,0.2892448902130127,0.5967481136322021,0.3842177391052246,0.5526731014251709,0.7827520370483398,0.7292690277099609,0.4797859191894531,0.43565797805786133,0.39812207221984863,0.8904681205749512,0.43009376525878906,0.283282995223999,0.5042548179626465,0.5180060863494873,0.4826169013977051,0.38963890075683594,0.46274304389953613,0.3664851188659668,0.5288209915161133,0.45636606216430664,0.5130648612976074,0.4953877925872803,0.396043062210083,0.3518052101135254,0.9177899360656738,0.33623290061950684,0.7343287467956543,0.6175563335418701,0.26906490325927734,0.6765570640563965,0.6820080280303955,0.2694852352142334,0.584503173828125,0.29668092727661133,0.9507761001586914,0.3577709197998047,0.9744961261749268,0.6759870052337646,0.34187889099121094,0.3253030776977539,0.4629788398742676,0.587907075881958,0.7068641185760498,0.5587179660797119,0.5261969566345215,0.4067349433898926,0.5218431949615479,0.33838319778442383,0.8661530017852783,0.7851488590240479,0.7827591896057129,1.02069091796875,0.2831141948699951,0.5347771644592285,0.30762696266174316,0.3093678951263428,0.7670021057128906,0.43701601028442383,0.535099983215332,1.0068600177764893,0.7486860752105713,0.6538701057434082,0.3021359443664551
0.08	GG2	0.4153132438659668,0.3371579647064209,0.7070488929748535,0.3637988567352295,0.28922080993652344,0.2883028984069824,0.6119751930236816,0.5500421524047852,0.498809814453125,0.4937736988067627,0.6683919429779053,0.2841637134552002,0.4626431465148926,0.28314781188964844,0.46599698066711426,0.2628359794616699,0.2916290760040283,0.6706078052520752,0.522197961807251,0.649763822555542,1.0804979801177979,0.6931777000427246,0.33536410331726074,0.31631994247436523,0.41135096549987793,0.4594113826751709,0.6232099533081055,0.5054209232330322,0.743023157119751,0.46914196014404297,0.34497618675231934,0.36865997314453125,0.3132150173187256,0.4980180263519287,0.49935269355773926,0.46958422660827637,0.6464588642120361,0.6516408920288086,0.278278112411499,0.4819340705871582,0.8933539390563965,0.2902829647064209,0.3244929313659668,0.6189751625061035,0.3996891975402832,0.865164041519165,0.6734941005706787,0.2907741069793701,0.48470115661621094,0.30077695846557617,0.6353499889373779,0.7468879222869873,0.29810523986816406,0.2709348201751709,0.30582594871520996,0.3087937831878662,0.6171159744262695,0.5977449417114258,0.4633781909942627,0.8188381195068359,0.28560876846313477,0.4275240898132324,0.3540189266204834,0.6361472606658936,0.4154200553894043,0.423267126083374,0.5895390510559082,0.2732231616973877,0.6031618118286133,0.6452779769897461,0.37077784538269043,0.5719211101531982,0.32558321952819824,0.2879502773284912,0.2863199710845947,0.3034019470214844,0.5347540378570557,0.3039681911468506,0.8526468276977539,0.4118351936340332,0.5455741882324219,0.7146131992340088,0.5150759220123291,1.0555410385131836,0.35822606086730957,0.6786749362945557,0.4230468273162842,0.6896860599517822,0.5259981155395508,0.9271438121795654,0.49299192428588867,0.3021407127380371,0.3469369411468506,0.277662992477417,0.5771322250366211,0.3200960159301758,0.4704899787902832,0.5850458145141602,0.9746220111846924,0.6704270839691162,0.44232797622680664,0.2793431282043457,0.516057014465332,0.6011788845062256,0.2838718891143799,0.5474429130554199,0.8255839347839355,0.4269120693206787,0.4308898448944092,0.39637088775634766,0.47588300704956055,0.48108696937561035,0.29129886627197266,0.8823411464691162,0.28138184547424316,0.3967468738555908,0.3947451114654541,0.584589958190918,0.39400768280029297,0.3735218048095703,0.3659250736236572,0.26497316360473633,0.2918362617492676,0.41792893409729004,0.6157450675964355,1.0512309074401855,0.4629249572753906,0.38923120498657227,0.4194028377532959,0.5222232341766357,0.5542581081390381,0.4974079132080078,0.27704882621765137,0.353179931640625,0.8755002021789551,0.47417783737182617,0.49384117126464844,0.2892448902130127,0.5967481136322021,0.3842177391052246,0.5526731014251709,0.7827520370483398,0.7292690277099609,0.4797859191894531,0.43565797805786133,0.39812207221984863,0.8904681205749512,0.43009376525878906,0.283282995223999,0.5042548179626465,0.5180060863494873,0.4826169013977051,0.38963890075683594,0.46274304389953613,0.3664851188659668,0.5288209915161133,0.45636606216430664,0.5130648612976074,0.4953877925872803,0.396043062210083,0.3518052101135254,0.9177899360656738,0.33623290061950684,0.7343287467956543,0.6175563335418701,0.26906490325927734,0.6765570640563965,0.6820080280303955,0.2694852352142334,0.584503173828125,0.29668092727661133,0.9507761001586914,0.3577709197998047,0.9744961261749268,0.6759870052337646,0.34187889099121094,0.3253030776977539,0.4629788398742676,0.587907075881958,0.7068641185760498,0.5587179660797119,0.5261969566345215,0.4067349433898926,0.5218431949615479,0.33838319778442383,0.8661530017852783,0.7851488590240479,0.7827591896057129,1.02069091796875,0.2831141948699951,0.5347771644592285,0.30762696266174316,0.3093678951263428,0.7670021057128906,0.43701601028442383,0.535099983215332,1.0068600177764893,0.7486860752105713,0.6538701057434082,0.3021359443664551
0.1	GEE	0.006648063659667969,0.007645130157470703,0.007876873016357422,0.008235931396484375,0.008183002471923828,0.008224010467529297,0.008111238479614258,0.008246183395385742,0.008912086486816406,0.008215188980102539,0.00837087631225586,0.008127927780151367,0.008116960525512695,0.008358955383300781,0.008010149002075195,0.00810694694519043,0.00818490982055664,0.007899045944213867,0.00767207145690918,0.008126974105834961,0.00797891616821289,0.008000612258911133,0.008077859878540039,0.008036136627197266,0.008147001266479492,0.007735013961791992,0.007645845413208008,0.008588790893554688,0.008472204208374023,0.008193016052246094,0.008098125457763672,0.008198976516723633,0.007962942123413086,0.008339166641235352,0.008092880249023438,0.007868051528930664,0.007640838623046875,0.010490179061889648,0.008417129516601562,0.008049964904785156,0.008342981338500977,0.008232831954956055,0.008638143539428711,0.008353948593139648,0.00815272331237793,0.00831294059753418,0.008138895034790039,0.0077362060546875,0.00840306282043457,0.00824880599975586,0.008182048797607422,0.008818864822387695,0.008306026458740234,0.008120059967041016,0.007948875427246094,0.008224964141845703,0.007938146591186523,0.008224010467529297,0.00811910629272461,0.007765054702758789,0.007663249969482422,0.010942935943603516,0.008082151412963867,0.008343696594238281,0.007763862609863281,0.008389949798583984,0.008378982543945312,0.008377313613891602,0.008134841918945312,0.00799107551574707,0.00827789306640625,0.008363962173461914,0.00806879997253418,0.008379936218261719,0.008275270462036133,0.00794672966003418,0.008096933364868164,0.00806879997253418,0.008307933807373047,0.007661104202270508,0.008374929428100586,0.008201837539672852,0.008711099624633789,0.007900238037109375,0.008252859115600586,0.007899045944213867,0.008387088775634766,0.0076138973236083984,0.00832366943359375,0.00783085823059082,0.008500099182128906,0.008283138275146484,0.009537935256958008,0.008473873138427734,0.007776021957397461,0.0077419281005859375,0.008440256118774414,0.0078051090240478516,0.008342981338500977,0.008047103881835938,0.008160829544067383,0.007704734802246094,0.007688999176025391,0.007724761962890625,0.008213043212890625,0.007745981216430664,0.008170127868652344,0.008080244064331055,0.008455991744995117,0.008547067642211914,0.008205890655517578,0.00851893424987793,0.008277177810668945,0.008234977722167969,0.008311748504638672,0.008191108703613281,0.008361101150512695,0.008333921432495117,0.007473945617675781,0.007743358612060547,0.0072021484375,0.007113933563232422,0.007367134094238281,0.00723576545715332,0.00722193717956543,0.007678985595703125,0.007522106170654297,0.007126808166503906,0.0072100162506103516,0.007456064224243164,0.006968975067138672,0.007328987121582031,0.007009983062744141,0.00752711296081543,0.007238149642944336,0.0071849822998046875,0.007093906402587891,0.007340908050537109,0.007277965545654297,0.007091999053955078,0.0074350833892822266,0.006844043731689453,0.006515026092529297,0.006391763687133789,0.006499052047729492,0.006658077239990234,0.00677800178527832,0.00670623779296875,0.006530046463012695,0.006680965423583984,0.006452083587646484,0.006470203399658203,0.006742000579833984,0.006682872772216797,0.006613969802856445,0.006623029708862305,0.00669097900390625,0.00660395622253418,0.006541013717651367,0.006706953048706055,0.006587982177734375,0.0064771175384521484,0.006490945816040039,0.006751060485839844,0.006554126739501953,0.006585121154785156,0.006611824035644531,0.006666421890258789,0.006557941436767578,0.006538867950439453,0.006685972213745117,0.006624698638916016,0.006525754928588867,0.00657200813293457,0.006716251373291016,0.006818056106567383,0.006625175476074219,0.006637096405029297,0.006443977355957031,0.0068340301513671875,0.006663084030151367,0.006612062454223633,0.006638050079345703,0.00642704963684082,0.006628751754760742,0.006616115570068359,0.006633758544921875,0.006439924240112305,0.006758213043212891,0.006631135940551758,0.00670623779296875,0.00664210319519043,0.006726980209350586,0.006659984588623047,0.00650787353515625,0.006548166275024414,0.006635904312133789,0.006515026092529297,0.006594181060791016,0.006886959075927734
0.1	GNN	0.2661628723144531,0.3093423843383789,0.3818199634552002,0.43163394927978516,0.3906707763671875,0.2867419719696045,0.27637386322021484,0.301037073135376,0.5937252044677734,0.3468649387359619,0.3673520088195801,0.349987268447876,0.28650903701782227,0.5293178558349609,0.28025293350219727,0.47953104972839355,0.4545412063598633,0.39434814453125,0.40953588485717773,0.29227185249328613,0.43682217597961426,0.37697410583496094,0.35389208793640137,0.3318819999694824,0.37698793411254883,0.3512868881225586,0.3297879695892334,0.552915096282959,0.3178439140319824,0.5314979553222656,0.7452740669250488,0.43524694442749023,0.33449435234069824,0.4165050983428955,0.42328882217407227,0.7713708877563477,0.5916450023651123,0.3800630569458008,0.3532118797302246,0.31727170944213867,0.6940960884094238,0.4452981948852539,0.3472731113433838,0.3394491672515869,0.3357350826263428,0.8539509773254395,0.40386295318603516,0.43133997917175293,0.36632299423217773,0.4803438186645508,0.5370082855224609,0.3102989196777344,0.40809130668640137,0.40755581855773926,0.4650108814239502,0.32141709327697754,0.3786807060241699,0.41869115829467773,0.2893681526184082,0.300400972366333,0.34050798416137695,0.4732978343963623,0.5674340724945068,0.6668949127197266,0.39972972869873047,0.3788108825683594,0.5017688274383545,0.5943300724029541,0.37137794494628906,0.3210568428039551,0.5222921371459961,0.2997441291809082,0.28667497634887695,0.8287818431854248,0.5135648250579834,0.7234930992126465,0.7178542613983154,0.4169778823852539,0.41892576217651367,0.40264391899108887,0.33239293098449707,0.43926310539245605,0.36827516555786133,0.36622095108032227,0.47963714599609375,0.4433751106262207,0.556912899017334,0.4161069393157959,0.7072951793670654,0.480327844619751,0.35227489471435547,0.45359206199645996,0.31812310218811035,0.6507997512817383,0.3217499256134033,0.4046809673309326,0.3127632141113281,0.4579341411590576,0.4410710334777832,0.3638741970062256,0.637998104095459,0.33176088333129883,0.5619688034057617,0.31730008125305176,0.41346025466918945,0.3598618507385254,0.42789292335510254,0.4617023468017578,0.32932209968566895,0.6893329620361328,0.32129788398742676,0.5692391395568848,0.42625904083251953,0.5044410228729248,0.6901068687438965,0.34453797340393066,0.42095303535461426,0.4656388759613037,0.19458913803100586,0.20123982429504395,0.27902793884277344,0.5025181770324707,0.28241991996765137,0.19714808464050293,0.18787789344787598,0.2882370948791504,0.200639009475708,0.2784998416900635,0.30147767066955566,0.22817206382751465,0.3026468753814697,0.2464439868927002,0.18218278884887695,0.505122184753418,0.3267788887023926,0.3514738082885742,0.20689821243286133,0.3216969966888428,0.20006012916564941,0.23684191703796387,0.3215670585632324,0.26862096786499023,0.2046058177947998,0.3105587959289551,0.2658867835998535,0.29675793647766113,0.47742366790771484,0.22593021392822266,0.19480586051940918,0.27140021324157715,0.3019227981567383,0.20418906211853027,0.19886302947998047,0.26783299446105957,0.2083139419555664,0.1928236484527588,0.25696301460266113,0.57411789894104,0.2687091827392578,0.28240299224853516,0.1986832618713379,0.2402029037475586,0.2718219757080078,0.2055339813232422,0.2034287452697754,0.25179386138916016,0.2707700729370117,0.2974989414215088,0.20981097221374512,0.20972204208374023,0.31857895851135254,0.3103821277618408,0.4663858413696289,0.2120361328125,0.2539558410644531,0.22251605987548828,0.37267303466796875,0.26636385917663574,0.33048295974731445,0.3290979862213135,0.19378113746643066,0.30197596549987793,0.21902799606323242,0.21196508407592773,0.33359432220458984,0.1976609230041504,0.19453907012939453,0.19407391548156738,0.22027802467346191,0.3919060230255127,0.203995943069458,0.2845468521118164,0.23471689224243164,0.2475130558013916,0.2745342254638672,0.19777584075927734,0.4969170093536377,0.23394513130187988,0.49343013763427734,0.22147703170776367
0.1	GG	0.5442509651184082,0.3160107135772705,0.7662091255187988,0.34613609313964844,0.8272991180419922,0.3193960189819336,0.3409726619720459,0.45878100395202637,0.48663783073425293,0.5284700393676758,1.0818653106689453,0.3338308334350586,0.6024739742279053,0.43178701400756836,0.778174877166748,0.5134949684143066,0.2838890552520752,0.6107172966003418,0.3311758041381836,0.30326318740844727,0.7320849895477295,0.4948768615722656,0.2728080749511719,0.43893885612487793,0.5230538845062256,0.6261928081512451,0.8199448585510254,0.5424041748046875,0.7121438980102539,0.6320028305053711,0.44359302520751953,0.5450589656829834,0.3295481204986572,0.33102917671203613,0.43708086013793945,0.4666781425476074,0.7893011569976807,0.6559901237487793,0.39684629440307617,0.7605950832366943,0.6124801635742188,1.0438830852508545,0.6185009479522705,0.6324517726898193,0.33834385871887207,0.40984606742858887,0.8176939487457275,1.1185250282287598,0.6705622673034668,0.9055321216583252,0.810776948928833,0.49701499938964844,0.7484040260314941,0.4022040367126465,0.474013090133667,0.3818073272705078,0.562237024307251,0.8596646785736084,0.33708906173706055,0.42043089866638184,0.2766299247741699,0.5082979202270508,0.39412403106689453,0.49294304847717285,0.790029764175415,0.9697630405426025,0.7998650074005127,0.7748260498046875,0.5166871547698975,0.4866209030151367,0.6250791549682617,0.3570711612701416,0.5275821685791016,0.35207223892211914,0.49454689025878906,0.27364301681518555,0.30155086517333984,0.3632481098175049,0.521308183670044,0.5978500843048096,0.5197961330413818,0.41277289390563965,0.27845191955566406,0.5397031307220459,0.4422338008880615,0.3275766372680664,0.3236408233642578,0.6822872161865234,0.4908487796783447,0.42211389541625977,0.33441591262817383,0.5646040439605713,0.48114776611328125,0.7016220092773438,0.49744582176208496,0.8081109523773193,0.41998291015625,0.7170841693878174,0.45117688179016113,0.39990925788879395,0.6199889183044434,0.2847769260406494,0.3606908321380615,0.9750509262084961,0.4586799144744873,0.4304320812225342,0.41237616539001465,0.3206138610839844,0.556786060333252,0.5927910804748535,0.37180590629577637,0.8706941604614258,0.666691780090332,0.8720052242279053,0.3644843101501465,0.6723778247833252,0.3591279983520508,0.7582359313964844,0.1883068084716797,0.3243529796600342,0.28542518615722656,0.18776607513427734,0.23427104949951172,0.29553914070129395,0.5208730697631836,0.5476408004760742,0.3356459140777588,0.18518304824829102,0.33444809913635254,0.4689149856567383,0.3320279121398926,0.41597509384155273,0.18145036697387695,0.17824292182922363,0.486522912979126,0.35589098930358887,0.29216790199279785,0.18187189102172852,0.37916994094848633,0.2287459373474121,0.5065920352935791,0.3174722194671631,0.3197019100189209,0.1938161849975586,0.30660295486450195,0.1946108341217041,0.4845600128173828,0.3157482147216797,0.28037214279174805,0.31966614723205566,0.33457088470458984,0.1931288242340088,0.35335588455200195,0.30327296257019043,0.4454972743988037,0.5266120433807373,0.38894009590148926,0.23071575164794922,0.45452094078063965,0.1931309700012207,0.2834901809692383,0.2910740375518799,0.2406468391418457,0.2778310775756836,0.41170406341552734,0.3279299736022949,0.5035791397094727,0.2640979290008545,0.21126031875610352,0.2595350742340088,0.31595897674560547,0.5399479866027832,0.4597029685974121,0.3649141788482666,0.39327001571655273,0.22406411170959473,0.29567480087280273,0.4606049060821533,0.19325494766235352,0.5746908187866211,0.4456319808959961,0.298022985458374,0.49489879608154297,0.2802150249481201,0.2766227722167969,0.5072698593139648,0.20161104202270508,0.6370627880096436,0.3503873348236084,0.6388082504272461,0.19821834564208984,0.19147992134094238,0.20612192153930664,0.3725440502166748,0.212507963180542,0.536574125289917,0.191910982131958,0.47179508209228516,0.3821907043457031,0.23139715194702148
0.1	GG2	0.5442509651184082,0.3160107135772705,0.7662091255187988,0.34613609313964844,0.8272991180419922,0.3193960189819336,0.3409726619720459,0.45878100395202637,0.48663783073425293,0.5284700393676758,1.0818653106689453,0.3338308334350586,0.6024739742279053,0.43178701400756836,0.778174877166748,0.5134949684143066,0.2838890552520752,0.6107172966003418,0.3311758041381836,0.30326318740844727,0.7320849895477295,0.4948768615722656,0.2728080749511719,0.43893885612487793,0.5230538845062256,0.6261928081512451,0.8199448585510254,0.5424041748046875,0.7121438980102539,0.6320028305053711,0.44359302520751953,0.5450589656829834,0.3295481204986572,0.33102917671203613,0.43708086013793945,0.4666781425476074,0.7893011569976807,0.6559901237487793,0.39684629440307617,0.7605950832366943,0.6124801635742188,1.0438830852508545,0.6185009479522705,0.6324517726898193,0.33834385871887207,0.40984606742858887,0.8176939487457275,1.1185250282287598,0.6705622673034668,0.9055321216583252,0.810776948928833,0.49701499938964844,0.7484040260314941,0.4022040367126465,0.474013090133667,0.3818073272705078,0.562237024307251,0.8596646785736084,0.33708906173706055,0.42043089866638184,0.2766299247741699,0.5082979202270508,0.39412403106689453,0.49294304847717285,0.790029764175415,0.9697630405426025,0.7998650074005127,0.7748260498046875,0.5166871547698975,0.4866209030151367,0.6250791549682617,0.3570711612701416,0.5275821685791016,0.35207223892211914,0.49454689025878906,0.27364301681518555,0.30155086517333984,0.3632481098175049,0.521308183670044,0.5978500843048096,0.5197961330413818,0.41277289390563965,0.27845191955566406,0.5397031307220459,0.4422338008880615,0.3275766372680664,0.3236408233642578,0.6822872161865234,0.4908487796783447,0.42211389541625977,0.33441591262817383,0.5646040439605713,0.48114776611328125,0.7016220092773438,0.49744582176208496,0.8081109523773193,0.41998291015625,0.7170841693878174,0.45117688179016113,0.39990925788879395,0.6199889183044434,0.2847769260406494,0.3606908321380615,0.9750509262084961,0.4586799144744873,0.4304320812225342,0.41237616539001465,0.3206138610839844,0.556786060333252,0.5927910804748535,0.37180590629577637,0.8706941604614258,0.666691780090332,0.8720052242279053,0.3644843101501465,0.6723778247833252,0.3591279983520508,0.7582359313964844,0.1883068084716797,0.3243529796600342,0.28542518615722656,0.18776607513427734,0.23427104949951172,0.29553914070129395,0.5208730697631836,0.5476408004760742,0.3356459140777588,0.18518304824829102,0.33444809913635254,0.4689149856567383,0.3320279121398926,0.41597509384155273,0.18145036697387695,0.17824292182922363,0.486522912979126,0.35589098930358887,0.29216790199279785,0.18187189102172852,0.37916994094848633,0.2287459373474121,0.5065920352935791,0.3174722194671631,0.3197019100189209,0.1938161849975586,0.30660295486450195,0.1946108341217041,0.4845600128173828,0.3157482147216797,0.28037214279174805,0.31966614723205566,0.33457088470458984,0.1931288242340088,0.35335588455200195,0.30327296257019043,0.4454972743988037,0.5266120433807373,0.38894009590148926,0.23071575164794922,0.45452094078063965,0.1931309700012207,0.2834901809692383,0.2910740375518799,0.2406468391418457,0.2778310775756836,0.41170406341552734,0.3279299736022949,0.5035791397094727,0.2640979290008545,0.21126031875610352,0.2595350742340088,0.31595897674560547,0.5399479866027832,0.4597029685974121,0.3649141788482666,0.39327001571655273,0.22406411170959473,0.29567480087280273,0.4606049060821533,0.19325494766235352,0.5746908187866211,0.4456319808959961,0.298022985458374,0.49489879608154297,0.2802150249481201,0.2766227722167969,0.5072698593139648,0.20161104202270508,0.6370627880096436,0.3503873348236084,0.6388082504272461,0.19821834564208984,0.19147992134094238,0.20612192153930664,0.3725440502166748,0.212507963180542,0.536574125289917,0.191910982131958,0.47179508209228516,0.3821907043457031,0.23139715194702148
0.12	GEE	0.0068149566650390625,0.007049083709716797,0.00696563720703125,0.0068700313568115234,0.0069429874420166016,0.0069580078125,0.006880044937133789,0.007118940353393555,0.006908893585205078,0.007039070129394531,0.006961822509765625,0.007068157196044922,0.007010936737060547,0.0071332454681396484,0.006803989410400391,0.0069539546966552734,0.006964921951293945,0.006977081298828125,0.006890058517456055,0.006896257400512695,0.007133007049560547,0.006864786148071289,0.006960868835449219,0.007197856903076172,0.0069692134857177734,0.007068157196044922,0.006996870040893555,0.0069370269775390625,0.007055044174194336,0.007011890411376953,0.007005929946899414,0.007009029388427734,0.0071408748626708984,0.006915092468261719,0.007077217102050781,0.007005929946899414,0.007055759429931641,0.0069408416748046875,0.006889820098876953,0.006999015808105469,0.006997108459472656,0.006869077682495117,0.006834983825683594,0.007136106491088867,0.007139921188354492,0.007055044174194336,0.0071718692779541016,0.0069200992584228516,0.006913185119628906,0.006861209869384766,0.006892681121826172,0.007224082946777344,0.006953001022338867,0.006777048110961914,0.0071239471435546875,0.0070531368255615234,0.00698399543762207,0.007170200347900391,0.006947755813598633,0.006846904754638672,0.006999969482421875,0.007049083709716797,0.006877899169921875,0.006903171539306641,0.007122993469238281,0.006905078887939453,0.007125139236450195,0.007078886032104492,0.007039785385131836,0.007099151611328125,0.0068700313568115234,0.0069849491119384766,0.007109880447387695,0.007057905197143555,0.0070569515228271484,0.007330894470214844,0.007015228271484375,0.006947755813598633,0.0070416927337646484,0.006916046142578125,0.006960868835449219,0.0070667266845703125,0.0069921016693115234,0.0070858001708984375,0.007353782653808594,0.007014274597167969,0.00683903694152832,0.006904125213623047,0.007005929946899414,0.006906270980834961,0.006907939910888672,0.006918191909790039,0.007047891616821289,0.006941318511962891,0.0069179534912109375,0.007060050964355469,0.0069599151611328125,0.007081270217895508,0.006955862045288086,0.006955146789550781,0.006849050521850586,0.006915092468261719,0.007046937942504883,0.0072002410888671875,0.007082939147949219,0.0068852901458740234,0.007120847702026367,0.0071680545806884766,0.0070149898529052734,0.007060050964355469,0.0069732666015625,0.00703883171081543,0.006888866424560547,0.007016420364379883,0.007149219512939453,0.006913185119628906,0.007216691970825195,0.006997108459472656,0.0070230960845947266,0.007173776626586914,0.006958723068237305,0.007187843322753906,0.0070171356201171875,0.006945133209228516,0.007230997085571289,0.007145881652832031,0.007284879684448242,0.006978750228881836,0.0069828033447265625,0.007111787796020508,0.007112979888916016,0.007147073745727539,0.0071392059326171875,0.006819009780883789,0.007040977478027344,0.007117271423339844,0.007008075714111328,0.006996870040893555,0.006938934326171875,0.007066011428833008,0.006982326507568359,0.007153034210205078,0.007024049758911133,0.007231950759887695,0.006885051727294922,0.007010936737060547,0.006977081298828125,0.0069730281829833984,0.006973981857299805,0.0070781707763671875,0.006803035736083984,0.007092952728271484,0.0069849491119384766,0.00691676139831543,0.007139921188354492,0.0069200992584228516,0.0070002079010009766,0.007138967514038086,0.007205963134765625,0.007066965103149414,0.007045745849609375,0.006910085678100586,0.006976604461669922,0.006934165954589844,0.006928205490112305,0.006891965866088867,0.0071179866790771484,0.007002115249633789,0.00695490837097168,0.00722193717956543,0.0069239139556884766,0.006938934326171875,0.00710606575012207,0.00707697868347168,0.0069239139556884766,0.00722503662109375,0.007176876068115234,0.006965160369873047,0.006922006607055664,0.007220268249511719,0.006906032562255859,0.0070879459381103516,0.0071299076080322266,0.007099151611328125,0.007089853286743164,0.006989002227783203,0.006803035736083984,0.007009029388427734,0.00697016716003418,0.006994009017944336,0.007073879241943359,0.00692296028137207,0.0070629119873046875,0.007012844085693359,0.007143974304199219,0.007028341293334961,0.007012844085693359,0.006942033767700195,0.00815892219543457,0.007678031921386719
0.12	GNN	0.322296142578125,0.20789122581481934,0.21332025527954102,0.20056414604187012,0.1999521255493164,0.48292994499206543,0.29451513290405273,0.24674606323242188,0.3075840473175049,0.20312905311584473,0.22383618354797363,0.371366024017334,0.22095417976379395,0.2849409580230713,0.2478799819946289,0.20802807807922363,0.4206218719482422,0.23256397247314453,0.4280390739440918,0.2030317783355713,0.36728978157043457,0.29779911041259766,0.30377984046936035,0.28899502754211426,0.22838497161865234,0.24201488494873047,0.20435595512390137,0.32856011390686035,0.29468297958374023,0.21247625350952148,0.44322681427001953,0.22150707244873047,0.306027889251709,0.19983816146850586,0.2221529483795166,0.2012009620666504,0.3222179412841797,0.3216588497161865,0.3836977481842041,0.27574610710144043,0.19849181175231934,0.28815174102783203,0.19652700424194336,0.21205806732177734,0.2081310749053955,0.2002248764038086,0.24280905723571777,0.3337841033935547,0.24762487411499023,0.2913973331451416,0.21248674392700195,0.21691584587097168,0.3915729522705078,0.21329832077026367,0.3036510944366455,0.2963130474090576,0.19778990745544434,0.21109819412231445,0.32749485969543457,0.30186986923217773,0.4010937213897705,0.25728392601013184,0.26337099075317383,0.23529624938964844,0.22768592834472656,0.2327408790588379,0.2573518753051758,0.2956960201263428,0.19780611991882324,0.3790566921234131,0.20440912246704102,0.22665190696716309,0.28003501892089844,0.19997692108154297,0.2192063331604004,0.37572622299194336,0.41080403327941895,0.3166508674621582,0.31212329864501953,0.36312079429626465,0.3231661319732666,0.26128101348876953,0.20787668228149414,0.2356259822845459,0.20995306968688965,0.21825790405273438,0.22569918632507324,0.38635802268981934,0.27684473991394043,0.44541263580322266,0.33512187004089355,0.22496986389160156,0.23540401458740234,0.29581403732299805,0.20125627517700195,0.30010199546813965,0.23859786987304688,0.27378296852111816,0.4948718547821045,0.2798337936401367,0.21908092498779297,0.19774365425109863,0.4124441146850586,0.20806312561035156,0.2590301036834717,0.21323704719543457,0.21253609657287598,0.23039007186889648,0.3201920986175537,0.20640087127685547,0.2532308101654053,0.22401928901672363,0.2840290069580078,0.4193990230560303,0.19716095924377441,0.19942879676818848,0.25476980209350586,0.24771404266357422,0.3473491668701172,0.3959817886352539,0.21529197692871094,0.23204994201660156,0.3535881042480469,0.24416089057922363,0.1967637538909912,0.2886178493499756,0.36106085777282715,0.2877929210662842,0.3234708309173584,0.2521860599517822,0.21945810317993164,0.29143714904785156,0.22706890106201172,0.523695707321167,0.4184248447418213,0.2834439277648926,0.21439504623413086,0.44186902046203613,0.2000412940979004,0.2731781005859375,0.32250404357910156,0.20319724082946777,0.26151204109191895,0.20693492889404297,0.256389856338501,0.2125260829925537,0.2640340328216553,0.21587419509887695,0.239088773727417,0.4048471450805664,0.5410523414611816,0.29610204696655273,0.26425909996032715,0.2886819839477539,0.1987600326538086,0.2542128562927246,0.22951483726501465,0.4141240119934082,0.24058985710144043,0.3270270824432373,0.23588085174560547,0.24664616584777832,0.24115705490112305,0.19684195518493652,0.23176217079162598,0.30818772315979004,0.21018481254577637,0.289247989654541,0.3173248767852783,0.20105600357055664,0.29518795013427734,0.23050999641418457,0.22538113594055176,0.1974802017211914,0.25193190574645996,0.2771639823913574,0.25654077529907227,0.20954203605651855,0.3254110813140869,0.26123857498168945,0.5070509910583496,0.20083093643188477,0.20387601852416992,0.29996585845947266,0.20314693450927734,0.22870707511901855,0.3007991313934326,0.19658708572387695,0.25211596488952637,0.2180018424987793,0.2972221374511719,0.2135009765625,0.3025381565093994,0.2855219841003418,0.4940359592437744,0.23681092262268066,0.27216005325317383,0.23290491104125977,0.1937260627746582,0.256335973739624
0.12	GG	0.3060572147369385,0.6475620269775391,0.19779109954833984,0.19850993156433105,0.3687710762023926,0.1992661952972412,0.5785970687866211,0.3867301940917969,0.365037202835083,0.2889120578765869,0.3773047924041748,0.32350993156433105,0.3612692356109619,0.19659709930419922,0.23807477951049805,0.19754290580749512,0.21755409240722656,0.1968388557434082,0.355161190032959,0.20189690589904785,0.445465087890625,0.19762802124023438,0.419543981552124,0.32051706314086914,0.308164119720459,0.3709571361541748,0.3631260395050049,0.19773173332214355,0.3049309253692627,0.20717597007751465,0.42582011222839355,0.2936708927154541,0.3607621192932129,0.4940040111541748,0.20282697677612305,0.38354992866516113,0.2850348949432373,0.19925189018249512,0.19769501686096191,0.32097625732421875,0.6574900150299072,0.5184309482574463,0.6637570858001709,0.5187149047851562,0.3086240291595459,0.25714802742004395,0.29915809631347656,0.19684600830078125,0.2676827907562256,0.4586827754974365,0.19974112510681152,0.669435977935791,0.3196878433227539,0.1981818675994873,0.702164888381958,0.19719195365905762,0.3089020252227783,0.557157039642334,0.5123188495635986,0.19723200798034668,0.32041215896606445,0.6135101318359375,0.19691085815429688,0.4196591377258301,0.3020620346069336,0.19584107398986816,0.411179780960083,0.4187321662902832,0.5004208087921143,0.39924192428588867,0.19776105880737305,0.5114390850067139,0.19671893119812012,0.19748473167419434,0.196638822555542,0.24039006233215332,0.3410799503326416,0.3502678871154785,0.19734811782836914,0.3964121341705322,0.4613678455352783,0.36715006828308105,0.28548502922058105,0.37173914909362793,0.3782188892364502,0.3290560245513916,0.23105120658874512,0.46626830101013184,0.28525638580322266,0.23198413848876953,0.29004693031311035,0.38667893409729004,0.19825196266174316,0.3441159725189209,0.4293789863586426,0.27926087379455566,0.4521629810333252,0.38353681564331055,0.2975280284881592,0.4325740337371826,0.5570156574249268,0.5930521488189697,0.21390986442565918,0.5763411521911621,0.28097105026245117,0.38481903076171875,0.4741792678833008,0.19643497467041016,0.4141361713409424,0.5051109790802002,0.39272093772888184,0.3360409736633301,0.19677495956420898,0.5316832065582275,0.219588041305542,0.421069860458374,0.2538020610809326,0.42197203636169434,0.22986817359924316,0.4077630043029785,0.25356101989746094,0.3560500144958496,0.2777581214904785,0.3249170780181885,0.5024402141571045,0.40050792694091797,0.2490830421447754,0.29756903648376465,0.4311339855194092,0.35158610343933105,0.3688468933105469,0.424943208694458,0.23549699783325195,0.2238609790802002,0.39390993118286133,0.19692420959472656,0.19781780242919922,0.2599608898162842,0.5215709209442139,0.2206110954284668,0.33211588859558105,0.41446495056152344,0.40712404251098633,0.3453950881958008,0.19698572158813477,0.21314692497253418,0.3012397289276123,0.24894118309020996,0.1980290412902832,0.3773338794708252,0.4636960029602051,0.1973409652709961,0.35724878311157227,0.594649076461792,0.5013749599456787,0.29096198081970215,0.2709202766418457,0.38648486137390137,0.5517051219940186,0.22189712524414062,0.32008910179138184,0.39063596725463867,0.35654187202453613,0.19831418991088867,0.19661903381347656,0.4603278636932373,0.5295920372009277,0.3601200580596924,0.24887824058532715,0.3215301036834717,0.28551506996154785,0.4868290424346924,0.22375226020812988,0.42014122009277344,0.2768979072570801,0.410020112991333,0.28598785400390625,0.5205309391021729,0.19879603385925293,0.1989438533782959,0.3205301761627197,0.25944089889526367,0.2198190689086914,0.5899138450622559,0.19829487800598145,0.5661418437957764,0.19617891311645508,0.3012847900390625,0.36545705795288086,0.19735980033874512,0.44690608978271484,0.47937893867492676,0.31165003776550293,0.382580041885376,0.49767088890075684,0.5760278701782227,0.19832921028137207,0.6682400703430176,0.4999978542327881,0.2798478603363037
0.12	GG2	0.3060572147369385,0.6475620269775391,0.19779109954833984,0.19850993156433105,0.3687710762023926,0.1992661952972412,0.5785970687866211,0.3867301940917969,0.365037202835083,0.2889120578765869,0.3773047924041748,0.32350993156433105,0.3612692356109619,0.19659709930419922,0.23807477951049805,0.19754290580749512,0.21755409240722656,0.1968388557434082,0.355161190032959,0.20189690589904785,0.445465087890625,0.19762802124023438,0.419543981552124,0.32051706314086914,0.308164119720459,0.3709571361541748,0.3631260395050049,0.19773173332214355,0.3049309253692627,0.20717597007751465,0.42582011222839355,0.2936708927154541,0.3607621192932129,0.4940040111541748,0.20282697677612305,0.38354992866516113,0.2850348949432373,0.19925189018249512,0.19769501686096191,0.32097625732421875,0.6574900150299072,0.5184309482574463,0.6637570858001709,0.5187149047851562,0.3086240291595459,0.25714802742004395,0.29915809631347656,0.19684600830078125,0.2676827907562256,0.4586827754974365,0.19974112510681152,0.669435977935791,0.3196878433227539,0.1981818675994873,0.702164888381958,0.19719195365905762,0.3089020252227783,0.557157039642334,0.5123188495635986,0.19723200798034668,0.32041215896606445,0.6135101318359375,0.19691085815429688,0.4196591377258301,0.3020620346069336,0.19584107398986816,0.411179780960083,0.4187321662902832,0.5004208087921143,0.39924192428588867,0.19776105880737305,0.5114390850067139,0.19671893119812012,0.19748473167419434,0.196638822555542,0.24039006233215332,0.3410799503326416,0.3502678871154785,0.19734811782836914,0.3964121341705322,0.4613678455352783,0.36715006828308105,0.28548502922058105,0.37173914909362793,0.3782188892364502,0.3290560245513916,0.23105120658874512,0.46626830101013184,0.28525638580322266,0.23198413848876953,0.29004693031311035,0.38667893409729004,0.19825196266174316,0.3441159725189209,0.4293789863586426,0.27926087379455566,0.4521629810333252,0.38353681564331055,0.2975280284881592,0.4325740337371826,0.5570156574249268,0.5930521488189697,0.21390986442565918,0.5763411521911621,0.28097105026245117,0.38481903076171875,0.4741792678833008,0.19643497467041016,0.4141361713409424,0.5051109790802002,0.39272093772888184,0.3360409736633301,0.19677495956420898,0.5316832065582275,0.219588041305542,0.421069860458374,0.2538020610809326,0.42197203636169434,0.22986817359924316,0.4077630043029785,0.25356101989746094,0.3560500144958496,0.2777581214904785,0.3249170780181885,0.5024402141571045,0.40050792694091797,0.2490830421447754,0.29756903648376465,0.4311339855194092,0.35158610343933105,0.3688468933105469,0.424943208694458,0.23549699783325195,0.2238609790802002,0.39390993118286133,0.19692420959472656,0.19781780242919922,0.2599608898162842,0.5215709209442139,0.2206110954284668,0.33211588859558105,0.41446495056152344,0.40712404251098633,0.3453950881958008,0.19698572158813477,0.21314692497253418,0.3012397289276123,0.24894118309020996,0.1980290412902832,0.3773338794708252,0.4636960029602051,0.1973409652709961,0.35724878311157227,0.594649076461792,0.5013749599456787,0.29096198081970215,0.2709202766418457,0.38648486137390137,0.5517051219940186,0.22189712524414062,0.32008910179138184,0.39063596725463867,0.35654187202453613,0.19831418991088867,0.19661903381347656,0.4603278636932373,0.5295920372009277,0.3601200580596924,0.24887824058532715,0.3215301036834717,0.28551506996154785,0.4868290424346924,0.22375226020812988,0.42014122009277344,0.2768979072570801,0.410020112991333,0.28598785400390625,0.5205309391021729,0.19879603385925293,0.1989438533782959,0.3205301761627197,0.25944089889526367,0.2198190689086914,0.5899138450622559,0.19829487800598145,0.5661418437957764,0.19617891311645508,0.3012847900390625,0.36545705795288086,0.19735980033874512,0.44690608978271484,0.47937893867492676,0.31165003776550293,0.382580041885376,0.49767088890075684,0.5760278701782227,0.19832921028137207,0.6682400703430176,0.4999978542327881,0.2798478603363037
0.14	GEE	0.007398128509521484,0.007531881332397461,0.007361650466918945,0.007340669631958008,0.0072939395904541016,0.0074770450592041016,0.0074079036712646484,0.007470130920410156,0.0074040889739990234,0.00746917724609375,0.007277965545654297,0.00734400749206543,0.0073359012603759766,0.0075457096099853516,0.007411003112792969,0.007346391677856445,0.007366180419921875,0.007490873336791992,0.007467031478881836,0.007352113723754883,0.007463932037353516,0.007308006286621094,0.007380008697509766,0.0076751708984375,0.007179975509643555,0.007447004318237305,0.007350921630859375,0.007361888885498047,0.007285118103027344,0.0075418949127197266,0.0073659420013427734,0.007456064224243164,0.007394075393676758,0.007498979568481445,0.0072917938232421875,0.007487058639526367,0.007416963577270508,0.007405996322631836,0.0074920654296875,0.007359981536865234,0.0075531005859375,0.0075380802154541016,0.00737309455871582,0.007509946823120117,0.0073909759521484375,0.0074579715728759766,0.007416963577270508,0.007272958755493164,0.00740814208984375,0.0077021121978759766,0.007365703582763672,0.007844924926757812,0.007283926010131836,0.007498979568481445,0.007465839385986328,0.007397890090942383,0.007646083831787109,0.007475852966308594,0.0072879791259765625,0.007601022720336914,0.007426261901855469,0.007586956024169922,0.007566213607788086,0.007620811462402344,0.007385969161987305,0.007568836212158203,0.007490873336791992,0.007472038269042969,0.007258892059326172,0.007555246353149414,0.007368803024291992,0.007570743560791016,0.0073719024658203125,0.0074329376220703125,0.007442951202392578,0.007503986358642578,0.0074880123138427734,0.007297992706298828,0.007540225982666016,0.0077037811279296875,0.007516145706176758,0.0075550079345703125,0.007327079772949219,0.007422924041748047,0.0075490474700927734,0.007229328155517578,0.007447242736816406,0.007632017135620117,0.007440805435180664,0.007348060607910156,0.007577180862426758,0.0076389312744140625,0.0074291229248046875,0.007463932037353516,0.007531881332397461,0.007444858551025391,0.007491111755371094,0.007375240325927734,0.00787210464477539,0.00763392448425293,0.00750422477722168,0.007457733154296875,0.00751805305480957,0.007605075836181641,0.007281780242919922,0.00734400749206543,0.007295131683349609,0.007539987564086914,0.007539987564086914,0.007554054260253906,0.007623910903930664,0.007458209991455078,0.007437944412231445,0.0075299739837646484,0.0074558258056640625,0.0074138641357421875,0.00743412971496582,0.00763702392578125,0.007384061813354492,0.007405757904052734,0.0076448917388916016,0.007403135299682617,0.007235050201416016,0.00764012336730957,0.007481813430786133,0.007325887680053711,0.007421970367431641,0.007349967956542969,0.007481813430786133,0.007510662078857422,0.007764101028442383,0.0074770450592041016,0.007493019104003906,0.00735783576965332,0.007483005523681641,0.007386922836303711,0.007591724395751953,0.00754094123840332,0.007596015930175781,0.007382869720458984,0.007518291473388672,0.007543802261352539,0.007411956787109375,0.0073909759521484375,0.007596015930175781,0.007448911666870117,0.007564067840576172,0.007627964019775391,0.007467031478881836,0.008063077926635742,0.0075876712799072266,0.007591962814331055,0.007436037063598633,0.007504701614379883,0.007526874542236328,0.00744318962097168,0.007514238357543945,0.0073468685150146484,0.007210969924926758,0.007674217224121094,0.0077817440032958984,0.007833003997802734,0.007503032684326172,0.0077571868896484375,0.007489204406738281,0.0075147151947021484,0.007612943649291992,0.007341861724853516,0.007337093353271484,0.007550954818725586,0.00731205940246582,0.007629871368408203,0.007739067077636719,0.007323026657104492,0.007340192794799805,0.007409095764160156,0.007299900054931641,0.0073130130767822266,0.007467031478881836,0.0075359344482421875,0.00740814208984375,0.007451772689819336,0.007592201232910156,0.007476091384887695,0.0073087215423583984,0.00763392448425293,0.007605075836181641,0.007328033447265625,0.0074002742767333984,0.007492780685424805,0.007344961166381836,0.007327079772949219,0.0073430538177490234,0.007487058639526367,0.007407665252685547,0.007380962371826172,0.007506847381591797,0.007378339767456055,0.0073430538177490234,0.007512092590332031
0.14	GNN	0.2902517318725586,0.25540685653686523,0.21083378791809082,0.20296883583068848,0.22263789176940918,0.2098538875579834,0.2140979766845703,0.2185196876525879,0.1997990608215332,0.21524930000305176,0.20347309112548828,0.2977578639984131,0.19952774047851562,0.20107388496398926,0.2047867774963379,0.19928884506225586,0.20195508003234863,0.28667283058166504,0.2535266876220703,0.34977006912231445,0.2572939395904541,0.3952629566192627,0.20311903953552246,0.20001721382141113,0.20294499397277832,0.3094468116760254,0.20183134078979492,0.2841677665710449,0.22470879554748535,0.20226788520812988,0.23869585990905762,0.2466907501220703,0.2019338607788086,0.25916600227355957,0.22532987594604492,0.37543487548828125,0.3126380443572998,0.31384801864624023,0.20644187927246094,0.23909807205200195,0.20996713638305664,0.5462350845336914,0.38461971282958984,0.22532200813293457,0.2514219284057617,0.21813201904296875,0.300839900970459,0.2669088840484619,0.4257779121398926,0.31935691833496094,0.23378300666809082,0.2626380920410156,0.27698421478271484,0.4154512882232666,0.20006227493286133,0.2803208827972412,0.21699094772338867,0.26638197898864746,0.2233591079711914,0.2547791004180908,0.21190214157104492,0.21569585800170898,0.21664094924926758,0.33063197135925293,0.21387696266174316,0.24239706993103027,0.35006117820739746,0.2042708396911621,0.28642988204956055,0.2008819580078125,0.35763001441955566,0.31965088844299316,0.21337318420410156,0.21067094802856445,0.2705230712890625,0.20784687995910645,0.26653575897216797,0.22018194198608398,0.3658120632171631,0.2797970771789551,0.3390500545501709,0.25211071968078613,0.22100400924682617,0.2135910987854004,0.23777985572814941,0.20391392707824707,0.255842924118042,0.26293396949768066,0.24710297584533691,0.4494819641113281,0.2515559196472168,0.36263084411621094,0.20054388046264648,0.21438169479370117,0.2915809154510498,0.2594418525695801,0.6154429912567139,0.5799219608306885,0.45530104637145996,0.2344667911529541,0.3709828853607178,0.2186260223388672,0.26626014709472656,0.22918295860290527,0.34752893447875977,0.2572669982910156,0.2746601104736328,0.20283198356628418,0.2882258892059326,0.19982624053955078,0.3332340717315674,0.24728608131408691,0.6720461845397949,0.3199799060821533,0.2013392448425293,0.20360279083251953,0.24268698692321777,0.34700703620910645,0.3466670513153076,0.2196660041809082,0.22740983963012695,0.22174596786499023,0.2708590030670166,0.22548699378967285,0.20044207572937012,0.29903697967529297,0.26295900344848633,0.32129907608032227,0.3586270809173584,0.25106191635131836,0.23693513870239258,0.3106679916381836,0.20064520835876465,0.24532294273376465,0.31360912322998047,0.22688007354736328,0.20607209205627441,0.24303793907165527,0.2275831699371338,0.2280430793762207,0.28786778450012207,0.21947121620178223,0.24206209182739258,0.2179088592529297,0.27657389640808105,0.2302079200744629,0.4138469696044922,0.26232385635375977,0.33156609535217285,0.2560091018676758,0.19917798042297363,0.22139883041381836,0.2474501132965088,0.280364990234375,0.24423789978027344,0.20116424560546875,0.26175594329833984,0.28379106521606445,0.5611550807952881,0.28315281867980957,0.21828818321228027,0.21559691429138184,0.2197108268737793,0.2012331485748291,0.403397798538208,0.21798467636108398,0.2730140686035156,0.4619410037994385,0.243574857711792,0.32750988006591797,0.2723379135131836,0.31429505348205566,0.3177070617675781,0.2065439224243164,0.2847118377685547,0.1977992057800293,0.24776315689086914,0.23623991012573242,0.2940220832824707,0.43227076530456543,0.2168560028076172,0.3947181701660156,0.3070659637451172,0.2758331298828125,0.3294088840484619,0.21111297607421875,0.20981597900390625,0.201765775680542,0.21888113021850586,0.2764449119567871,0.274306058883667,0.2393500804901123,0.24594902992248535,0.25869083404541016,0.2452690601348877,0.2508561611175537,0.20548200607299805,0.31462693214416504,0.20732808113098145,0.3523116111755371
0.14	GG	0.6808578968048096,0.33410000801086426,0.4686758518218994,0.20160698890686035,0.20484018325805664,0.3865640163421631,0.2013716697692871,0.3393537998199463,0.290607213973999,0.4479207992553711,0.557197093963623,0.49407410621643066,0.40828514099121094,0.24656891822814941,0.2465832233428955,0.19914603233337402,0.43549299240112305,0.7364530563354492,0.2929341793060303,0.19967412948608398,0.2393798828125,0.36493921279907227,0.20241785049438477,0.3478372097015381,0.31758689880371094,0.46917295455932617,0.3580291271209717,0.2569119930267334,0.2415919303894043,0.25148606300354004,0.27307820320129395,0.24903607368469238,0.19997382164001465,0.24100399017333984,0.2684800624847412,0.2901041507720947,0.43369603157043457,0.279069185256958,0.3559539318084717,0.3334197998046875,0.5505149364471436,0.27289891242980957,0.20273590087890625,0.4004180431365967,0.4056568145751953,0.3827970027923584,0.4259529113769531,0.30341386795043945,0.3002660274505615,0.2002248764038086,0.44016313552856445,0.32096195220947266,0.20154595375061035,0.4789409637451172,0.19800901412963867,0.1965491771697998,0.44589781761169434,0.6607339382171631,0.20113396644592285,0.27207517623901367,0.43749189376831055,0.26725316047668457,0.2695200443267822,0.2762911319732666,0.40669703483581543,0.34244608879089355,0.4423699378967285,0.4674842357635498,0.42574310302734375,0.6640899181365967,0.34522390365600586,0.25957798957824707,0.1990962028503418,0.2736687660217285,0.406782865524292,0.2757298946380615,0.3575410842895508,0.28658008575439453,0.5426192283630371,0.4275069236755371,0.31479573249816895,0.507483959197998,0.25774312019348145,0.48304224014282227,0.2040560245513916,0.27140212059020996,0.2444469928741455,0.37467193603515625,0.5679690837860107,0.21744918823242188,0.19954705238342285,0.45055723190307617,0.2216641902923584,0.3610849380493164,0.2644209861755371,0.34932899475097656,0.26464200019836426,0.19815826416015625,0.8656859397888184,0.6804909706115723,0.29715394973754883,0.20118093490600586,0.31213998794555664,0.47381091117858887,0.2633788585662842,0.3055989742279053,0.3220973014831543,0.21565794944763184,0.2398090362548828,0.3328979015350342,0.26230597496032715,0.1988227367401123,0.21388697624206543,0.49120402336120605,0.5056700706481934,0.3172287940979004,0.2013568878173828,0.21492505073547363,0.20074915885925293,0.49396204948425293,0.45436596870422363,0.4810950756072998,0.34142303466796875,0.23228001594543457,0.4618370532989502,0.6814017295837402,0.23792791366577148,0.21903610229492188,0.21655607223510742,0.459489107131958,0.2396540641784668,0.36109423637390137,0.43886590003967285,0.28493309020996094,0.6982221603393555,0.19888687133789062,0.269057035446167,0.1988668441772461,0.5364770889282227,0.27045392990112305,0.5356991291046143,0.8485910892486572,0.2603492736816406,0.25376296043395996,0.20299100875854492,0.22663307189941406,0.44631505012512207,0.3433361053466797,0.21504497528076172,0.29754018783569336,0.25939106941223145,0.3108508586883545,0.37051916122436523,0.369002103805542,0.1978011131286621,0.5624971389770508,0.34520888328552246,0.20502281188964844,0.2044239044189453,0.8946192264556885,0.40668797492980957,0.509037971496582,0.24418306350708008,0.34870123863220215,0.27888989448547363,0.47800135612487793,0.6308932304382324,0.3370168209075928,0.2906372547149658,0.33551907539367676,0.19631695747375488,0.3113400936126709,0.3806281089782715,0.30017685890197754,0.36917710304260254,0.2102210521697998,0.20528221130371094,0.529278039932251,0.2534310817718506,0.4342639446258545,0.19656085968017578,0.5446150302886963,0.20148301124572754,0.3272359371185303,0.25714993476867676,0.2086780071258545,0.20261096954345703,0.2201368808746338,0.34510183334350586,0.552656888961792,0.3458731174468994,0.2398681640625,0.36745667457580566,0.1973249912261963,0.197465181350708,0.19823384284973145,0.3032348155975342,0.19714999198913574,0.519463062286377,0.23920798301696777
0.14	GG2	0.6808578968048096,0.33410000801086426,0.4686758518218994,0.20160698890686035,0.20484018325805664,0.3865640163421631,0.2013716697692871,0.3393537998199463,0.290607213973999,0.4479207992553711,0.557197093963623,0.49407410621643066,0.40828514099121094,0.24656891822814941,0.2465832233428955,0.19914603233337402,0.43549299240112305,0.7364530563354492,0.2929341793060303,0.19967412948608398,0.2393798828125,0.36493921279907227,0.20241785049438477,0.3478372097015381,0.31758689880371094,0.46917295455932617,0.3580291271209717,0.2569119930267334,0.2415919303894043,0.25148606300354004,0.27307820320129395,0.24903607368469238,0.19997382164001465,0.24100399017333984,0.2684800624847412,0.2901041507720947,0.43369603157043457,0.279069185256958,0.3559539318084717,0.3334197998046875,0.5505149364471436,0.27289891242980957,0.20273590087890625,0.4004180431365967,0.4056568145751953,0.3827970027923584,0.4259529113769531,0.30341386795043945,0.3002660274505615,0.2002248764038086,0.44016313552856445,0.32096195220947266,0.20154595375061035,0.4789409637451172,0.19800901412963867,0.1965491771697998,0.44589781761169434,0.6607339382171631,0.20113396644592285,0.27207517623901367,0.43749189376831055,0.26725316047668457,0.2695200443267822,0.2762911319732666,0.40669703483581543,0.34244608879089355,0.4423699378967285,0.4674842357635498,0.42574310302734375,0.6640899181365967,0.34522390365600586,0.25957798957824707,0.1990962028503418,0.2736687660217285,0.406782865524292,0.2757298946380615,0.3575410842895508,0.28658008575439453,0.5426192283630371,0.4275069236755371,0.31479573249816895,0.507483959197998,0.25774312019348145,0.48304224014282227,0.2040560245513916,0.27140212059020996,0.2444469928741455,0.37467193603515625,0.5679690837860107,0.21744918823242188,0.19954705238342285,0.45055723190307617,0.2216641902923584,0.3610849380493164,0.2644209861755371,0.34932899475097656,0.26464200019836426,0.19815826416015625,0.8656859397888184,0.6804909706115723,0.29715394973754883,0.20118093490600586,0.31213998794555664,0.47381091117858887,0.2633788585662842,0.3055989742279053,0.3220973014831543,0.21565794944763184,0.2398090362548828,0.3328979015350342,0.26230597496032715,0.1988227367401123,0.21388697624206543,0.49120402336120605,0.5056700706481934,0.3172287940979004,0.2013568878173828,0.21492505073547363,0.20074915885925293,0.49396204948425293,0.45436596870422363,0.4810950756072998,0.34142303466796875,0.23228001594543457,0.4618370532989502,0.6814017295837402,0.23792791366577148,0.21903610229492188,0.21655607223510742,0.459489107131958,0.2396540641784668,0.36109423637390137,0.43886590003967285,0.28493309020996094,0.6982221603393555,0.19888687133789062,0.269057035446167,0.1988668441772461,0.5364770889282227,0.27045392990112305,0.5356991291046143,0.8485910892486572,0.2603492736816406,0.25376296043395996,0.20299100875854492,0.22663307189941406,0.44631505012512207,0.3433361053466797,0.21504497528076172,0.29754018783569336,0.25939106941223145,0.3108508586883545,0.37051916122436523,0.369002103805542,0.1978011131286621,0.5624971389770508,0.34520888328552246,0.20502281188964844,0.2044239044189453,0.8946192264556885,0.40668797492980957,0.509037971496582,0.24418306350708008,0.34870123863220215,0.27888989448547363,0.47800135612487793,0.6308932304382324,0.3370168209075928,0.2906372547149658,0.33551907539367676,0.19631695747375488,0.3113400936126709,0.3806281089782715,0.30017685890197754,0.36917710304260254,0.2102210521697998,0.20528221130371094,0.529278039932251,0.2534310817718506,0.4342639446258545,0.19656085968017578,0.5446150302886963,0.20148301124572754,0.3272359371185303,0.25714993476867676,0.2086780071258545,0.20261096954345703,0.2201368808746338,0.34510183334350586,0.552656888961792,0.3458731174468994,0.2398681640625,0.36745667457580566,0.1973249912261963,0.197465181350708,0.19823384284973145,0.3032348155975342,0.19714999198913574,0.519463062286377,0.23920798301696777
0.16	GEE	0.007669210433959961,0.007742881774902344,0.007621288299560547,0.007637977600097656,0.0076160430908203125,0.007651090621948242,0.007606983184814453,0.0077211856842041016,0.007648944854736328,0.007609128952026367,0.007662057876586914,0.007554054260253906,0.007700920104980469,0.0077402591705322266,0.007555961608886719,0.007723093032836914,0.007661104202270508,0.007674217224121094,0.007498025894165039,0.008033037185668945,0.008077144622802734,0.007910728454589844,0.007789134979248047,0.007844209671020508,0.007946968078613281,0.007864952087402344,0.007902860641479492,0.007941722869873047,0.008055925369262695,0.007704973220825195,0.007817983627319336,0.007581949234008789,0.007788896560668945,0.007726907730102539,0.007726907730102539,0.0076770782470703125,0.0076580047607421875,0.00755000114440918,0.007688045501708984,0.007729053497314453,0.007714748382568359,0.0076940059661865234,0.007876157760620117,0.007720232009887695,0.007485389709472656,0.007692098617553711,0.007831096649169922,0.007511138916015625,0.007653236389160156,0.007851839065551758,0.00750422477722168,0.007796049118041992,0.00760197639465332,0.007813215255737305,0.007858991622924805,0.00775599479675293,0.007739067077636719,0.007695198059082031,0.007838964462280273,0.007551908493041992,0.007727861404418945,0.007821798324584961,0.007637977600097656,0.00770878791809082,0.007901906967163086,0.007752895355224609,0.007776021957397461,0.007770061492919922,0.007668972015380859,0.007905960083007812,0.0076751708984375,0.007946014404296875,0.0077838897705078125,0.007551908493041992,0.007889270782470703,0.007857084274291992,0.007750034332275391,0.007661104202270508,0.007634878158569336,0.007904052734375,0.0076580047607421875,0.008004188537597656,0.00769495964050293,0.007884025573730469,0.007892847061157227,0.007538318634033203,0.007547855377197266,0.007565021514892578,0.008033990859985352,0.007993936538696289,0.008445024490356445,0.00791788101196289,0.009882926940917969,0.008326053619384766,0.00782012939453125,0.008068084716796875,0.007947921752929688,0.007993936538696289,0.009716033935546875,0.007772922515869141,0.008379936218261719,0.008056163787841797,0.007802009582519531,0.009420156478881836,0.00812387466430664,0.008028984069824219,0.008401870727539062,0.007863044738769531,0.007759809494018555,0.008105993270874023,0.007769107818603516,0.007977962493896484,0.007884025573730469,0.00803685188293457,0.008064985275268555,0.007754087448120117,0.008059024810791016,0.007989168167114258,0.008030176162719727,0.008016109466552734,0.007877111434936523,0.008140087127685547,0.007902860641479492,0.00797891616821289,0.008145809173583984,0.007773876190185547,0.008035898208618164,0.008187294006347656,0.008298873901367188,0.008055925369262695,0.007910966873168945,0.008064031600952148,0.007975101470947266,0.007905006408691406,0.00793004035949707,0.007883071899414062,0.007901191711425781,0.00780797004699707,0.007836341857910156,0.007960796356201172,0.008105993270874023,0.008087873458862305,0.007704973220825195,0.00763392448425293,0.007879257202148438,0.0076770782470703125,0.007943868637084961,0.0078067779541015625,0.007515907287597656,0.007929086685180664,0.007670879364013672,0.007831811904907227,0.007930994033813477,0.0077362060546875,0.00789785385131836,0.007568836212158203,0.007819890975952148,0.007821083068847656,0.007767915725708008,0.007804155349731445,0.007650136947631836,0.0076999664306640625,0.007808208465576172,0.007726907730102539,0.007879257202148438,0.007899045944213867,0.007876157760620117,0.007790803909301758,0.007791757583618164,0.007756948471069336,0.007786989212036133,0.0076639652252197266,0.007874011993408203,0.00769805908203125,0.00788116455078125,0.00774073600769043,0.0077779293060302734,0.007745981216430664,0.0076029300689697266,0.0077550411224365234,0.007723093032836914,0.007752895355224609,0.007789134979248047,0.007745027542114258,0.00774693489074707,0.007972955703735352,0.007642984390258789,0.007795095443725586,0.007684230804443359,0.0076427459716796875,0.007754802703857422,0.00789785385131836,0.007853984832763672,0.007723093032836914,0.00773310661315918,0.007731914520263672,0.007925033569335938,0.007678985595703125,0.007773876190185547,0.007734060287475586
0.16	GNN	0.26120495796203613,0.20961689949035645,0.21863889694213867,0.3581509590148926,0.22580814361572266,0.5961570739746094,0.2625081539154053,0.25421690940856934,0.2002580165863037,0.2299962043762207,0.2457292079925537,0.2285289764404297,0.2006068229675293,0.37707972526550293,0.36980199813842773,0.25139498710632324,0.4203479290008545,0.2838759422302246,0.20226693153381348,0.327467679977417,0.26137399673461914,0.21129393577575684,0.29984116554260254,0.3036820888519287,0.2573370933532715,0.21337437629699707,0.2228400707244873,0.20279693603515625,0.23046016693115234,0.20461797714233398,0.23401093482971191,0.32406187057495117,0.2211780548095703,0.20082306861877441,0.39597320556640625,0.32125020027160645,0.3336503505706787,0.21298503875732422,0.3116731643676758,0.3148059844970703,0.2097787857055664,0.2959129810333252,0.20508193969726562,0.27457213401794434,0.22058510780334473,0.21532607078552246,0.20058393478393555,0.34437131881713867,0.2600710391998291,0.20510315895080566,0.3029670715332031,0.21511030197143555,0.27892613410949707,0.30699610710144043,0.20267915725708008,0.22501087188720703,0.2192530632019043,0.31017494201660156,0.24156999588012695,0.22571611404418945,0.29311585426330566,0.30267906188964844,0.20830297470092773,0.20639586448669434,0.24769902229309082,0.2237539291381836,0.4283559322357178,0.339508056640625,0.28551197052001953,0.21053385734558105,0.30225372314453125,0.21296477317810059,0.35190868377685547,0.2567317485809326,0.25149106979370117,0.38652682304382324,0.20622515678405762,0.28301310539245605,0.3056519031524658,0.20231127738952637,0.2484111785888672,0.29289793968200684,0.23514223098754883,0.2515840530395508,0.22556281089782715,0.2010209560394287,0.20075011253356934,0.34617185592651367,0.42969799041748047,0.32672810554504395,0.29814887046813965,0.2419431209564209,0.386944055557251,0.37431907653808594,0.2167658805847168,0.347959041595459,0.2192997932434082,0.29145193099975586,0.27771806716918945,0.213853120803833,0.2701129913330078,0.24581122398376465,0.2634298801422119,0.22926807403564453,0.2901768684387207,0.3152151107788086,0.27056097984313965,0.31090688705444336,0.23152899742126465,0.23256492614746094,0.34933018684387207,0.21987509727478027,0.2933518886566162,0.2747499942779541,0.2755420207977295,0.21489620208740234,0.24092793464660645,0.3419482707977295,0.3541831970214844,0.21438264846801758,0.22237801551818848,0.3206138610839844,0.2763090133666992,0.22428274154663086,0.23653197288513184,0.21137309074401855,0.22000479698181152,0.2522702217102051,0.3693368434906006,0.23784613609313965,0.2213120460510254,0.3386952877044678,0.20728087425231934,0.24141788482666016,0.22095727920532227,0.2730391025543213,0.3427920341491699,0.33080124855041504,0.20259785652160645,0.23197388648986816,0.2037801742553711,0.20211195945739746,0.20090913772583008,0.27493929862976074,0.33079981803894043,0.20970416069030762,0.24425005912780762,0.33835577964782715,0.2657349109649658,0.38794803619384766,0.2625699043273926,0.2220149040222168,0.2640571594238281,0.2351369857788086,0.20125102996826172,0.20221805572509766,0.2069239616394043,0.21202564239501953,0.39488697052001953,0.224074125289917,0.2302248477935791,0.2201099395751953,0.4502127170562744,0.2023019790649414,0.20896625518798828,0.29421114921569824,0.2865619659423828,0.28786587715148926,0.21421289443969727,0.23658204078674316,0.3596041202545166,0.3229682445526123,0.3837099075317383,0.2533292770385742,0.2463228702545166,0.20498085021972656,0.208388090133667,0.3294999599456787,0.34803104400634766,0.3186020851135254,0.22963714599609375,0.20116496086120605,0.21103906631469727,0.21911883354187012,0.26341676712036133,0.2878091335296631,0.2118818759918213,0.20943307876586914,0.2587900161743164,0.2906060218811035,0.2573270797729492,0.22305607795715332,0.5330407619476318,0.23266220092773438,0.8923251628875732,0.38933396339416504,0.20557308197021484,0.20047998428344727,0.29186320304870605,0.27385902404785156
0.16	GG	0.4612109661102295,0.2498641014099121,0.4135780334472656,0.4252591133117676,0.2038102149963379,0.41364216804504395,0.5075421333312988,0.33786964416503906,0.32552409172058105,0.5121862888336182,0.3096048831939697,0.19909095764160156,0.48750782012939453,0.2804889678955078,0.2846870422363281,0.27831339836120605,0.390516996383667,0.19982290267944336,0.2895669937133789,0.41391515731811523,0.22523212432861328,0.19958710670471191,0.20538020133972168,0.20168304443359375,0.27034997940063477,0.47612905502319336,0.43836212158203125,0.23365306854248047,0.4447159767150879,0.398561954498291,0.5003230571746826,0.38985300064086914,0.24375700950622559,0.5148539543151855,0.21197009086608887,0.6114561557769775,0.36486387252807617,0.26583313941955566,0.20025300979614258,0.3206369876861572,0.4005610942840576,0.6856410503387451,0.19986271858215332,0.3989551067352295,0.3194730281829834,0.7136960029602051,0.4283020496368408,0.21843695640563965,0.2021951675415039,0.43552494049072266,0.32798290252685547,0.4553070068359375,0.44738292694091797,0.20348024368286133,0.4437837600708008,0.260333776473999,0.43932080268859863,0.5742678642272949,0.26462602615356445,0.27144503593444824,0.20195603370666504,0.40078115463256836,0.2679901123046875,0.4366729259490967,0.2708740234375,0.3981010913848877,0.4661421775817871,0.22501826286315918,0.32410407066345215,0.5039050579071045,0.5131258964538574,0.2873399257659912,0.20102810859680176,0.28073596954345703,0.296799898147583,0.20026397705078125,0.5674712657928467,0.3403809070587158,0.2674438953399658,0.3998420238494873,0.2705349922180176,0.3398160934448242,0.5283730030059814,0.3863818645477295,0.4600067138671875,0.21691322326660156,0.19922566413879395,0.20111823081970215,0.4019911289215088,0.42201805114746094,0.2504892349243164,0.20951294898986816,0.2257857322692871,0.7554328441619873,0.28696703910827637,0.2677581310272217,0.2764730453491211,0.4014620780944824,0.41024327278137207,0.3689610958099365,0.27258801460266113,0.39275407791137695,0.22950983047485352,0.4986560344696045,0.5319719314575195,0.2212390899658203,0.3989748954772949,0.21236824989318848,0.21049094200134277,0.3550710678100586,0.277008056640625,0.21327590942382812,0.24088811874389648,0.5188329219818115,0.3534848690032959,0.36740922927856445,0.33658599853515625,0.3451387882232666,0.3230292797088623,0.4565150737762451,0.25891613960266113,0.2081148624420166,0.20871710777282715,0.34618592262268066,0.29013490676879883,0.48279571533203125,0.43932294845581055,0.24189090728759766,0.2925093173980713,0.2570350170135498,0.3989412784576416,0.2054147720336914,0.33925509452819824,0.21600890159606934,0.3222780227661133,0.24743390083312988,0.2070636749267578,0.20183491706848145,0.33229804039001465,0.2893249988555908,0.3820650577545166,0.8681259155273438,0.19905686378479004,0.3393058776855469,0.20809698104858398,0.2018599510192871,0.3340179920196533,0.27474308013916016,0.20969009399414062,0.40405917167663574,0.20351791381835938,0.27631592750549316,0.29724717140197754,0.24591517448425293,0.20827317237854004,0.19988203048706055,0.21799516677856445,0.25348806381225586,0.29431700706481934,0.3548848628997803,0.3083689212799072,0.5464041233062744,0.3293900489807129,0.2454688549041748,0.21199822425842285,0.42565298080444336,0.42708301544189453,0.2229900360107422,0.2028968334197998,0.4927802085876465,0.2934088706970215,0.5298678874969482,0.23071694374084473,0.20269012451171875,0.35878491401672363,0.233353853225708,0.4118928909301758,0.2073831558227539,0.37238597869873047,0.20360708236694336,0.31883788108825684,0.2516341209411621,0.29740190505981445,0.5204007625579834,0.3237290382385254,0.37653303146362305,0.40343523025512695,0.21690893173217773,0.20618796348571777,0.4937019348144531,0.21060514450073242,0.2781829833984375,0.2903108596801758,0.3218190670013428,0.43344807624816895,0.19996404647827148,0.2261219024658203,0.5034501552581787,0.285297155380249,0.2723209857940674
0.16	GG2	0.4612109661102295,0.2498641014099121,0.4135780334472656,0.4252591133117676,0.2038102149963379,0.41364216804504395,0.5075421333312988,0.33786964416503906,0.32552409172058105,0.5121862888336182,0.3096048831939697,0.19909095764160156,0.48750782012939453,0.2804889678955078,0.2846870422363281,0.27831339836120605,0.390516996383667,0.19982290267944336,0.2895669937133789,0.41391515731811523,0.22523212432861328,0.19958710670471191,0.20538020133972168,0.20168304443359375,0.27034997940063477,0.47612905502319336,0.43836212158203125,0.23365306854248047,0.4447159767150879,0.398561954498291,0.5003230571746826,0.38985300064086914,0.24375700950622559,0.5148539543151855,0.21197009086608887,0.6114561557769775,0.36486387252807617,0.26583313941955566,0.20025300979614258,0.3206369876861572,0.4005610942840576,0.6856410503387451,0.19986271858215332,0.3989551067352295,0.3194730281829834,0.7136960029602051,0.4283020496368408,0.21843695640563965,0.2021951675415039,0.43552494049072266,0.32798290252685547,0.4553070068359375,0.44738292694091797,0.20348024368286133,0.4437837600708008,0.260333776473999,0.43932080268859863,0.5742678642272949,0.26462602615356445,0.27144503593444824,0.20195603370666504,0.40078115463256836,0.2679901123046875,0.4366729259490967,0.2708740234375,0.3981010913848877,0.4661421775817871,0.22501826286315918,0.32410407066345215,0.5039050579071045,0.5131258964538574,0.2873399257659912,0.20102810859680176,0.28073596954345703,0.296799898147583,0.20026397705078125,0.5674712657928467,0.3403809070587158,0.2674438953399658,0.3998420238494873,0.2705349922180176,0.3398160934448242,0.5283730030059814,0.3863818645477295,0.4600067138671875,0.21691322326660156,0.19922566413879395,0.20111823081970215,0.4019911289215088,0.42201805114746094,0.2504892349243164,0.20951294898986816,0.2257857322692871,0.7554328441619873,0.28696703910827637,0.2677581310272217,0.2764730453491211,0.4014620780944824,0.41024327278137207,0.3689610958099365,0.27258801460266113,0.39275407791137695,0.22950983047485352,0.4986560344696045,0.5319719314575195,0.2212390899658203,0.3989748954772949,0.21236824989318848,0.21049094200134277,0.3550710678100586,0.277008056640625,0.21327590942382812,0.24088811874389648,0.5188329219818115,0.3534848690032959,0.36740922927856445,0.33658599853515625,0.3451387882232666,0.3230292797088623,0.4565150737762451,0.25891613960266113,0.2081148624420166,0.20871710777282715,0.34618592262268066,0.29013490676879883,0.48279571533203125,0.43932294845581055,0.24189090728759766,0.2925093173980713,0.2570350170135498,0.3989412784576416,0.2054147720336914,0.33925509452819824,0.21600890159606934,0.3222780227661133,0.24743390083312988,0.2070636749267578,0.20183491706848145,0.33229804039001465,0.2893249988555908,0.3820650577545166,0.8681259155273438,0.19905686378479004,0.3393058776855469,0.20809698104858398,0.2018599510192871,0.3340179920196533,0.27474308013916016,0.20969009399414062,0.40405917167663574,0.20351791381835938,0.27631592750549316,0.29724717140197754,0.24591517448425293,0.20827317237854004,0.19988203048706055,0.21799516677856445,0.25348806381225586,0.29431700706481934,0.3548848628997803,0.3083689212799072,0.5464041233062744,0.3293900489807129,0.2454688549041748,0.21199822425842285,0.42565298080444336,0.42708301544189453,0.2229900360107422,0.2028968334197998,0.4927802085876465,0.2934088706970215,0.5298678874969482,0.23071694374084473,0.20269012451171875,0.35878491401672363,0.233353853225708,0.4118928909301758,0.2073831558227539,0.37238597869873047,0.20360708236694336,0.31883788108825684,0.2516341209411621,0.29740190505981445,0.5204007625579834,0.3237290382385254,0.37653303146362305,0.40343523025512695,0.21690893173217773,0.20618796348571777,0.4937019348144531,0.21060514450073242,0.2781829833984375,0.2903108596801758,0.3218190670013428,0.43344807624816895,0.19996404647827148,0.2261219024658203,0.5034501552581787,0.285297155380249,0.2723209857940674
0.18	GEE	0.0084381103515625,0.008758068084716797,0.00851297378540039,0.008577108383178711,0.008502006530761719,0.008630990982055664,0.008415937423706055,0.008369922637939453,0.008552312850952148,0.008537054061889648,0.008623838424682617,0.008585929870605469,0.008493900299072266,0.008532047271728516,0.008547067642211914,0.008482933044433594,0.00847482681274414,0.008511066436767578,0.008626937866210938,0.008515119552612305,0.008620023727416992,0.008702278137207031,0.008524894714355469,0.008665084838867188,0.00848388671875,0.008404970169067383,0.008706808090209961,0.00899195671081543,0.008405208587646484,0.008542060852050781,0.009364843368530273,0.008652687072753906,0.008436918258666992,0.008615970611572266,0.00847005844116211,0.008630990982055664,0.008683919906616211,0.008388757705688477,0.008505821228027344,0.008464813232421875,0.008533000946044922,0.008365869522094727,0.00861978530883789,0.008523941040039062,0.008651971817016602,0.00860905647277832,0.008584022521972656,0.008686065673828125,0.0084991455078125,0.008435964584350586,0.00846099853515625,0.008614778518676758,0.008462190628051758,0.008522987365722656,0.008790016174316406,0.00862884521484375,0.00872802734375,0.008522987365722656,0.00856781005859375,0.008640766143798828,0.008414030075073242,0.008538961410522461,0.008605241775512695,0.00847315788269043,0.008630990982055664,0.008577108383178711,0.009006977081298828,0.008588075637817383,0.008594036102294922,0.008560895919799805,0.008495330810546875,0.008723974227905273,0.008571147918701172,0.00837397575378418,0.008697748184204102,0.00837397575378418,0.008658170700073242,0.008554220199584961,0.00864410400390625,0.008533954620361328,0.008566141128540039,0.008954763412475586,0.00865626335144043,0.0084381103515625,0.008543968200683594,0.008650779724121094,0.008709907531738281,0.008646965026855469,0.00865316390991211,0.008421897888183594,0.008675813674926758,0.008976221084594727,0.008533000946044922,0.008432865142822266,0.008562803268432617,0.008734941482543945,0.008399009704589844,0.008466243743896484,0.008576154708862305,0.008633136749267578,0.008562803268432617,0.008630037307739258,0.008561134338378906,0.008406877517700195,0.008675098419189453,0.008674144744873047,0.008553028106689453,0.008532285690307617,0.008592844009399414,0.008605003356933594,0.008568048477172852,0.00872802734375,0.008512020111083984,0.00863504409790039,0.008727788925170898,0.008587121963500977,0.008575916290283203,0.008805990219116211,0.00876307487487793,0.008675098419189453,0.008603096008300781,0.008578777313232422,0.008748769760131836,0.008444070816040039,0.00872492790222168,0.008543968200683594,0.008703947067260742,0.008678913116455078,0.00864100456237793,0.008814096450805664,0.008671045303344727,0.008751869201660156,0.00878000259399414,0.008400917053222656,0.008684158325195312,0.00859689712524414,0.008868932723999023,0.008535146713256836,0.008547782897949219,0.00879216194152832,0.008359909057617188,0.008786201477050781,0.008757829666137695,0.008468151092529297,0.008504867553710938,0.00850820541381836,0.008719921112060547,0.008645057678222656,0.008483171463012695,0.00902557373046875,0.008565902709960938,0.00868678092956543,0.008619070053100586,0.008772850036621094,0.008575916290283203,0.008593082427978516,0.008656024932861328,0.008608102798461914,0.008409738540649414,0.008773326873779297,0.008769035339355469,0.009029150009155273,0.00894618034362793,0.008806943893432617,0.00852203369140625,0.008784055709838867,0.008719205856323242,0.008545875549316406,0.008541107177734375,0.008458852767944336,0.008608818054199219,0.008578777313232422,0.008462190628051758,0.00851583480834961,0.008601903915405273,0.008572816848754883,0.008482694625854492,0.008531332015991211,0.008731842041015625,0.008437156677246094,0.00856328010559082,0.00877070426940918,0.008405923843383789,0.008733987808227539,0.008804082870483398,0.008459091186523438,0.008600711822509766,0.00833582878112793,0.008647918701171875,0.008995294570922852,0.008612871170043945,0.008632659912109375,0.008615255355834961,0.008543014526367188,0.008605241775512695,0.008848905563354492,0.008849859237670898,0.008496761322021484,0.008433818817138672,0.00882101058959961
0.18	GNN	0.26263904571533203,0.2277660369873047,0.2660257816314697,0.29400014877319336,0.22273516654968262,0.21982622146606445,0.23114395141601562,0.2910792827606201,0.23558306694030762,0.2225949764251709,0.2380380630493164,0.3658580780029297,0.21031713485717773,0.818450927734375,0.210723876953125,0.21300101280212402,0.39197802543640137,0.21701669692993164,0.2547318935394287,0.2588527202606201,0.3768289089202881,0.47399282455444336,0.4243810176849365,0.21013569831848145,0.210068941116333,0.23858404159545898,0.26588892936706543,0.34778308868408203,0.22083473205566406,0.21623802185058594,0.33673715591430664,0.21585702896118164,0.3299682140350342,0.21548986434936523,0.24305224418640137,0.38240671157836914,0.33049511909484863,0.3914759159088135,0.29146695137023926,0.4005861282348633,0.24396181106567383,0.34912896156311035,0.36023592948913574,0.35576891899108887,0.21086478233337402,0.20739388465881348,0.20904207229614258,0.348330020904541,0.22235870361328125,0.4337301254272461,0.3267192840576172,0.33954787254333496,0.42931509017944336,0.2098371982574463,0.21310091018676758,0.3566410541534424,0.22259092330932617,0.22038698196411133,0.21279120445251465,0.29982709884643555,0.21343088150024414,0.3396589756011963,0.2880229949951172,0.30730128288269043,0.21697998046875,0.28107428550720215,0.2785348892211914,0.46243906021118164,0.35808277130126953,0.25308895111083984,0.21933889389038086,0.2343449592590332,0.2897050380706787,0.21575593948364258,0.33067893981933594,0.3096189498901367,0.3530271053314209,0.28362393379211426,0.2617671489715576,0.2786140441894531,0.3549509048461914,0.25447583198547363,0.2263941764831543,0.2539970874786377,0.40337324142456055,0.2742490768432617,0.2675161361694336,0.2646028995513916,0.22059082984924316,0.2635619640350342,0.20995306968688965,0.33295607566833496,0.21103978157043457,0.2078409194946289,0.2536461353302002,0.3444700241088867,0.20937108993530273,0.25218772888183594,0.27281904220581055,0.20883512496948242,0.24202704429626465,0.3609600067138672,0.29885292053222656,0.27825284004211426,0.469512939453125,0.2199409008026123,0.3187870979309082,0.3247499465942383,0.24130892753601074,0.2532219886779785,0.28294897079467773,0.32800984382629395,0.25744009017944336,0.2973010540008545,0.22630000114440918,0.21036911010742188,0.3739640712738037,0.3122880458831787,0.2918980121612549,0.24791884422302246,0.30409693717956543,0.21052217483520508,0.30172181129455566,0.21906495094299316,0.24235177040100098,0.4712839126586914,0.2438058853149414,0.4223208427429199,0.2551138401031494,0.22569990158081055,0.2211308479309082,0.21125006675720215,0.33667993545532227,0.25533318519592285,0.3233358860015869,0.301851749420166,0.25183987617492676,0.2481539249420166,0.20838189125061035,0.2292499542236328,0.20758676528930664,0.2763240337371826,0.33422279357910156,0.3037431240081787,0.254148006439209,0.38098907470703125,0.2808091640472412,0.27060389518737793,0.2684438228607178,0.2082078456878662,0.6374351978302002,0.3177828788757324,0.26879382133483887,0.5666229724884033,0.20986604690551758,0.46911025047302246,0.23465418815612793,0.22898411750793457,0.2268519401550293,0.39581298828125,0.21943998336791992,0.21312904357910156,0.27635884284973145,0.22620582580566406,0.21001410484313965,0.27744007110595703,0.21306920051574707,0.2614569664001465,0.3325061798095703,0.21019911766052246,0.5187909603118896,0.31685709953308105,0.20913004875183105,0.36078977584838867,0.22863316535949707,0.2232658863067627,0.2185049057006836,0.2704789638519287,0.21455693244934082,0.4321269989013672,0.21104097366333008,0.21273493766784668,0.22932028770446777,0.23093104362487793,0.2777750492095947,0.22197890281677246,0.21257805824279785,0.21555590629577637,0.2536921501159668,0.21806597709655762,0.2452070713043213,0.2364482879638672,0.20986318588256836,0.34856200218200684,0.32231664657592773,0.27216315269470215,0.262814998626709,0.25252294540405273,0.3033170700073242,0.20776605606079102
0.18	GG	0.21617412567138672,0.24144196510314941,0.5470428466796875,0.30011796951293945,0.29294896125793457,0.2876732349395752,0.3309178352355957,0.2130599021911621,0.2105700969696045,0.4625058174133301,0.21040010452270508,0.40114402770996094,0.4871392250061035,0.38508176803588867,0.33324098587036133,0.21091628074645996,0.2124309539794922,0.2193460464477539,0.23237180709838867,0.26023197174072266,0.2835230827331543,0.481334924697876,0.21012306213378906,0.25856590270996094,0.2123868465423584,0.4259607791900635,0.33911824226379395,0.4349350929260254,0.41115331649780273,0.3079721927642822,0.2466728687286377,0.32328009605407715,0.24044108390808105,0.2136387825012207,0.24381685256958008,0.438305139541626,0.8870840072631836,0.3204009532928467,0.21052908897399902,0.20947694778442383,0.20882487297058105,0.3976011276245117,0.5474410057067871,0.6358699798583984,0.33466506004333496,0.2152400016784668,0.20757102966308594,0.2513110637664795,0.2603590488433838,0.20957088470458984,0.45758891105651855,0.2122631072998047,0.20994114875793457,0.20889496803283691,0.4196920394897461,0.278656005859375,0.4784739017486572,0.7880599498748779,0.2632770538330078,0.4387929439544678,0.3109090328216553,0.523068904876709,0.23531007766723633,0.25963592529296875,0.22697806358337402,0.3394968509674072,0.5887176990509033,0.6387529373168945,0.3719160556793213,0.2165989875793457,0.3057880401611328,0.2109971046447754,0.45980215072631836,0.3338158130645752,0.2093029022216797,0.2875649929046631,0.21149897575378418,0.2536289691925049,0.41391801834106445,0.5469241142272949,0.38237500190734863,0.21292805671691895,0.21056389808654785,0.5794088840484619,0.5903351306915283,0.23519206047058105,0.2331099510192871,0.6661789417266846,0.3096141815185547,0.21045613288879395,0.345181941986084,0.3722202777862549,0.379504919052124,0.3188819885253906,0.43703389167785645,0.32544422149658203,0.26586079597473145,0.30165910720825195,0.6203060150146484,0.4157712459564209,0.27845191955566406,0.4243199825286865,0.2370920181274414,0.47170281410217285,0.47269296646118164,0.20875024795532227,0.20958614349365234,0.21002912521362305,0.2492358684539795,0.4021308422088623,0.2495129108428955,0.40984392166137695,0.28922200202941895,0.4070618152618408,0.20923304557800293,0.20632505416870117,0.33657002449035645,0.5169479846954346,0.22999072074890137,0.39244985580444336,0.2740919589996338,0.34912681579589844,0.26659107208251953,0.355396032333374,0.20800399780273438,0.5892460346221924,0.2854149341583252,0.29712605476379395,0.6233439445495605,0.8239989280700684,0.24318623542785645,0.47563886642456055,0.340925931930542,0.2431938648223877,0.20714187622070312,0.2096996307373047,0.3521699905395508,0.3098011016845703,0.2791168689727783,0.42802000045776367,0.3014962673187256,0.5924715995788574,0.36736106872558594,0.22302627563476562,0.20830583572387695,0.38881611824035645,0.4887070655822754,0.21075081825256348,0.21268081665039062,0.5272848606109619,0.3366990089416504,0.21238112449645996,0.5144729614257812,0.2544689178466797,0.20696520805358887,0.4166898727416992,0.3940420150756836,0.21236133575439453,0.5237209796905518,0.24937868118286133,0.2926647663116455,0.506829023361206,0.29314708709716797,0.3455541133880615,0.2589240074157715,0.4638080596923828,0.5798132419586182,0.2618858814239502,0.27118420600891113,0.26646971702575684,0.2831459045410156,0.4582657814025879,0.24418091773986816,0.24684810638427734,0.43822598457336426,0.46645212173461914,0.5958409309387207,0.28941822052001953,0.3604288101196289,0.359100341796875,0.4194197654724121,0.27577877044677734,0.3309190273284912,0.3890857696533203,0.20890593528747559,0.4496340751647949,0.23640179634094238,0.20984482765197754,0.45555925369262695,0.4936549663543701,0.2085130214691162,0.20888972282409668,0.32145094871520996,0.3661618232727051,0.3293609619140625,0.4692199230194092,0.25010108947753906,0.22009587287902832,0.4250221252441406,0.21730804443359375
0.18	GG2	0.21617412567138672,0.24144196510314941,0.5470428466796875,0.30011796951293945,0.29294896125793457,0.2876732349395752,0.3309178352355957,0.2130599021911621,0.2105700969696045,0.4625058174133301,0.21040010452270508,0.40114402770996094,0.4871392250061035,0.38508176803588867,0.33324098587036133,0.21091628074645996,0.2124309539794922,0.2193460464477539,0.23237180709838867,0.26023197174072266,0.2835230827331543,0.481334924697876,0.21012306213378906,0.25856590270996094,0.2123868465423584,0.4259607791900635,0.33911824226379395,0.4349350929260254,0.41115331649780273,0.3079721927642822,0.2466728687286377,0.32328009605407715,0.24044108390808105,0.2136387825012207,0.24381685256958008,0.438305139541626,0.8870840072631836,0.3204009532928467,0.21052908897399902,0.20947694778442383,0.20882487297058105,0.3976011276245117,0.5474410057067871,0.6358699798583984,0.33466506004333496,0.2152400016784668,0.20757102966308594,0.2513110637664795,0.2603590488433838,0.20957088470458984,0.45758891105651855,0.2122631072998047,0.20994114875793457,0.20889496803283691,0.4196920394897461,0.278656005859375,0.4784739017486572,0.7880599498748779,0.2632770538330078,0.4387929439544678,0.3109090328216553,0.523068904876709,0.23531007766723633,0.25963592529296875,0.22697806358337402,0.3394968509674072,0.5887176990509033,0.6387529373168945,0.3719160556793213,0.2165989875793457,0.3057880401611328,0.2109971046447754,0.45980215072631836,0.3338158130645752,0.2093029022216797,0.2875649929046631,0.21149897575378418,0.2536289691925049,0.41391801834106445,0.5469241142272949,0.38237500190734863,0.21292805671691895,0.21056389808654785,0.5794088840484619,0.5903351306915283,0.23519206047058105,0.2331099510192871,0.6661789417266846,0.3096141815185547,0.21045613288879395,0.345181941986084,0.3722202777862549,0.379504919052124,0.3188819885253906,0.43703389167785645,0.32544422149658203,0.26586079597473145,0.30165910720825195,0.6203060150146484,0.4157712459564209,0.27845191955566406,0.4243199825286865,0.2370920181274414,0.47170281410217285,0.47269296646118164,0.20875024795532227,0.20958614349365234,0.21002912521362305,0.2492358684539795,0.4021308422088623,0.2495129108428955,0.40984392166137695,0.28922200202941895,0.4070618152618408,0.20923304557800293,0.20632505416870117,0.33657002449035645,0.5169479846954346,0.22999072074890137,0.39244985580444336,0.2740919589996338,0.34912681579589844,0.26659107208251953,0.355396032333374,0.20800399780273438,0.5892460346221924,0.2854149341583252,0.29712605476379395,0.6233439445495605,0.8239989280700684,0.24318623542785645,0.47563886642456055,0.340925931930542,0.2431938648223877,0.20714187622070312,0.2096996307373047,0.3521699905395508,0.3098011016845703,0.2791168689727783,0.42802000045776367,0.3014962673187256,0.5924715995788574,0.36736106872558594,0.22302627563476562,0.20830583572387695,0.38881611824035645,0.4887070655822754,0.21075081825256348,0.21268081665039062,0.5272848606109619,0.3366990089416504,0.21238112449645996,0.5144729614257812,0.2544689178466797,0.20696520805358887,0.4166898727416992,0.3940420150756836,0.21236133575439453,0.5237209796905518,0.24937868118286133,0.2926647663116455,0.506829023361206,0.29314708709716797,0.3455541133880615,0.2589240074157715,0.4638080596923828,0.5798132419586182,0.2618858814239502,0.27118420600891113,0.26646971702575684,0.2831459045410156,0.4582657814025879,0.24418091773986816,0.24684810638427734,0.43822598457336426,0.46645212173461914,0.5958409309387207,0.28941822052001953,0.3604288101196289,0.359100341796875,0.4194197654724121,0.27577877044677734,0.3309190273284912,0.3890857696533203,0.20890593528747559,0.4496340751647949,0.23640179634094238,0.20984482765197754,0.45555925369262695,0.4936549663543701,0.2085130214691162,0.20888972282409668,0.32145094871520996,0.3661618232727051,0.3293609619140625,0.4692199230194092,0.25010108947753906,0.22009587287902832,0.4250221252441406,0.21730804443359375
0.2	GEE	0.00923299789428711,0.009621143341064453,0.00947880744934082,0.009407997131347656,0.009447097778320312,0.00934290885925293,0.009322166442871094,0.009368896484375,0.009694099426269531,0.009550809860229492,0.009348154067993164,0.009377002716064453,0.009498834609985352,0.009763956069946289,0.009378910064697266,0.009441137313842773,0.009390115737915039,0.00937795639038086,0.00947880744934082,0.009406328201293945,0.009619951248168945,0.009370088577270508,0.009523153305053711,0.009583234786987305,0.009225130081176758,0.009393930435180664,0.00920724868774414,0.009505987167358398,0.00937509536743164,0.009542226791381836,0.009712934494018555,0.009386062622070312,0.009364128112792969,0.009624242782592773,0.009263992309570312,0.009481191635131836,0.00943899154663086,0.009535789489746094,0.009433269500732422,0.009289979934692383,0.009407997131347656,0.009448051452636719,0.009488344192504883,0.009419918060302734,0.009615182876586914,0.009472846984863281,0.009453058242797852,0.009573221206665039,0.00949406623840332,0.009699106216430664,0.009486913681030273,0.009624958038330078,0.009485006332397461,0.00938105583190918,0.009768962860107422,0.00980830192565918,0.009804010391235352,0.009453773498535156,0.009315013885498047,0.009860038757324219,0.009763240814208984,0.009728193283081055,0.009293079376220703,0.009407281875610352,0.009594917297363281,0.009676933288574219,0.009763002395629883,0.00955820083618164,0.009372949600219727,0.009685039520263672,0.00976705551147461,0.009507894515991211,0.009620904922485352,0.009489059448242188,0.009568929672241211,0.009237051010131836,0.009734153747558594,0.009582757949829102,0.009329080581665039,0.009572029113769531,0.00953817367553711,0.010006189346313477,0.009706974029541016,0.009434938430786133,0.009591102600097656,0.00923776626586914,0.009598255157470703,0.009634733200073242,0.009434938430786133,0.009886980056762695,0.009395360946655273,0.009696006774902344,0.00987386703491211,0.009608983993530273,0.009572982788085938,0.009644031524658203,0.009781122207641602,0.00996088981628418,0.010333061218261719,0.010153055191040039,0.009659051895141602,0.009716987609863281,0.009575128555297852,0.009862899780273438,0.01005411148071289,0.009855985641479492,0.009991884231567383,0.009668111801147461,0.009640216827392578,0.009956121444702148,0.009892940521240234,0.009530067443847656,0.009953022003173828,0.009611129760742188,0.009433746337890625,0.010115861892700195,0.009905099868774414,0.009553909301757812,0.009407997131347656,0.009737968444824219,0.009823799133300781,0.009879112243652344,0.009470939636230469,0.009747982025146484,0.009630918502807617,0.009663820266723633,0.009758949279785156,0.009948015213012695,0.009733200073242188,0.009666681289672852,0.009667158126831055,0.010015010833740234,0.009600162506103516,0.009692907333374023,0.009754180908203125,0.009876012802124023,0.009786128997802734,0.009839773178100586,0.009514093399047852,0.009517908096313477,0.00978708267211914,0.009737968444824219,0.009784221649169922,0.009588003158569336,0.009633779525756836,0.009684085845947266,0.009643077850341797,0.009576797485351562,0.009756088256835938,0.009643077850341797,0.009501218795776367,0.00999593734741211,0.01014089584350586,0.009474039077758789,0.009776830673217773,0.00963592529296875,0.009881019592285156,0.009788990020751953,0.009404182434082031,0.00968790054321289,0.009934663772583008,0.009683847427368164,0.009969234466552734,0.009646892547607422,0.009826898574829102,0.009543895721435547,0.009613037109375,0.009567975997924805,0.009713172912597656,0.009670019149780273,0.009659051895141602,0.00968790054321289,0.009582757949829102,0.00954294204711914,0.009417057037353516,0.009739160537719727,0.009736061096191406,0.009634733200073242,0.00975489616394043,0.009454965591430664,0.009987831115722656,0.009481191635131836,0.009421110153198242,0.009737014770507812,0.009765863418579102,0.009793996810913086,0.01015925407409668,0.009387969970703125,0.009514808654785156,0.009884834289550781,0.009918928146362305,0.009634971618652344,0.009693145751953125,0.009412050247192383,0.009441137313842773,0.009563922882080078,0.009585857391357422,0.009686946868896484,0.010124921798706055,0.009562015533447266
0.2	GNN	0.3144991397857666,0.22116780281066895,0.2310178279876709,0.2156529426574707,0.21748590469360352,0.22593402862548828,0.2174057960510254,0.22606611251831055,0.22074604034423828,0.2226710319519043,0.21841192245483398,0.2511250972747803,0.21578407287597656,0.2390151023864746,0.22080302238464355,0.2196800708770752,0.22517085075378418,0.2635221481323242,0.2489771842956543,0.44998598098754883,0.39482712745666504,0.21611690521240234,0.29057812690734863,0.21407413482666016,0.2576110363006592,0.22415995597839355,0.22711682319641113,0.3285331726074219,0.21941709518432617,0.24703407287597656,0.3146200180053711,0.3288428783416748,0.3386499881744385,0.5120799541473389,0.21707630157470703,0.217620849609375,0.3452029228210449,0.22194290161132812,0.2301502227783203,0.2287759780883789,0.23264694213867188,0.26679301261901855,0.2555110454559326,0.2289588451385498,0.23856592178344727,0.2233572006225586,0.3235287666320801,0.2718472480773926,0.22945261001586914,0.30788612365722656,0.39201784133911133,0.2527439594268799,0.27752184867858887,0.3594949245452881,0.3416440486907959,0.22793793678283691,0.22548389434814453,0.2366008758544922,0.2918269634246826,0.2843329906463623,0.253324031829834,0.43895816802978516,0.5797507762908936,0.2827479839324951,0.3951890468597412,0.22212910652160645,0.2375171184539795,0.33318400382995605,0.2607882022857666,0.23942089080810547,0.27854418754577637,0.3772389888763428,0.21772408485412598,0.2615690231323242,0.32354092597961426,0.2975130081176758,0.2905402183532715,0.24741005897521973,0.3343629837036133,0.43352603912353516,0.2699730396270752,0.30962514877319336,0.26484084129333496,0.27718687057495117,0.23356890678405762,0.3488001823425293,0.2843139171600342,0.2279059886932373,0.26387596130371094,0.3413970470428467,0.23362398147583008,0.29055023193359375,0.30959486961364746,0.3750581741333008,0.2559380531311035,0.3069617748260498,0.3713991641998291,0.26653099060058594,0.2524237632751465,0.2489328384399414,0.4346802234649658,0.24598908424377441,0.255267858505249,0.28417205810546875,0.47314977645874023,0.3066418170928955,0.5933117866516113,0.34188103675842285,0.3366878032684326,0.24666094779968262,0.29563021659851074,0.2723729610443115,0.26455092430114746,0.42461204528808594,0.22544002532958984,0.22710490226745605,0.34615087509155273,0.37497997283935547,0.3640718460083008,0.2356417179107666,0.49500226974487305,0.22870302200317383,0.3112189769744873,0.3093588352203369,0.23601317405700684,0.38767194747924805,0.39044618606567383,0.32995080947875977,0.3953680992126465,0.6290838718414307,0.23862981796264648,0.3044149875640869,0.25408387184143066,0.33783793449401855,0.22603201866149902,0.28386402130126953,0.22664403915405273,0.2768080234527588,0.2234959602355957,0.38129377365112305,0.38319897651672363,0.22984910011291504,0.4541480541229248,0.23717713356018066,0.2368910312652588,0.4235069751739502,0.35210275650024414,0.30606794357299805,0.3087749481201172,0.30013108253479004,0.25514888763427734,0.22611284255981445,0.2281179428100586,0.30912017822265625,0.24898076057434082,0.23151397705078125,0.28922319412231445,0.3317749500274658,0.25060200691223145,0.2552058696746826,0.24442791938781738,0.2443840503692627,0.3865349292755127,0.27798986434936523,0.270219087600708,0.2731928825378418,0.3317999839782715,0.625298023223877,0.3702108860015869,0.42214202880859375,0.4120330810546875,0.22618985176086426,0.4369320869445801,0.22756004333496094,0.23026394844055176,0.374788761138916,0.29143404960632324,0.2621309757232666,0.24412989616394043,0.2797820568084717,0.36118292808532715,0.23279786109924316,0.4459388256072998,0.2563509941101074,0.31404805183410645,0.2548999786376953,0.23106813430786133,0.24634718894958496,0.4331488609313965,0.22416186332702637,0.22843289375305176,0.23722386360168457,0.23212385177612305,0.22464370727539062,0.37685394287109375,0.23406004905700684,0.3260331153869629,0.45978784561157227,0.22950410842895508,0.239976167678833
0.2	GG	0.22605109214782715,0.26486706733703613,0.4740481376647949,0.23077893257141113,0.25865674018859863,0.2559370994567871,0.537818193435669,0.21968936920166016,0.21818804740905762,0.26213979721069336,0.5144009590148926,0.219465970993042,0.5899808406829834,0.2376570701599121,0.22526812553405762,0.45879697799682617,0.2191638946533203,0.22089481353759766,0.2617192268371582,0.22643518447875977,0.3354072570800781,0.21905875205993652,0.22156095504760742,0.223341703414917,0.28617286682128906,0.5022051334381104,0.2883491516113281,0.2694869041442871,0.4636411666870117,0.3690760135650635,0.4643399715423584,0.24550414085388184,0.2685279846191406,0.21671772003173828,0.2620248794555664,0.5908939838409424,0.5667939186096191,0.7038478851318359,0.2186589241027832,0.32573890686035156,0.23636388778686523,0.6201579570770264,0.30277085304260254,0.4571080207824707,0.7546038627624512,0.24570512771606445,0.7625069618225098,0.41004490852355957,0.21833133697509766,0.2282259464263916,0.21573305130004883,0.42391228675842285,0.21852803230285645,0.297957181930542,0.4882349967956543,0.21962714195251465,0.5714378356933594,0.38039588928222656,0.3061211109161377,0.3056621551513672,0.39031410217285156,0.2194499969482422,0.29483485221862793,0.21815133094787598,0.28731608390808105,0.21818113327026367,0.21802496910095215,0.21867680549621582,0.4020049571990967,0.4316871166229248,0.31305480003356934,0.2878258228302002,0.22583484649658203,0.21750903129577637,0.2530710697174072,0.23346590995788574,0.26808786392211914,0.25014829635620117,0.2892739772796631,0.4558229446411133,0.2319028377532959,0.46033596992492676,0.30802202224731445,0.30362677574157715,0.3726780414581299,0.363847017288208,0.3260648250579834,0.34520697593688965,0.40807294845581055,0.4196512699127197,0.3717339038848877,0.4911947250366211,0.23752498626708984,0.297698974609375,0.22135710716247559,0.3285820484161377,0.24373984336853027,0.5192630290985107,0.24266409873962402,0.3226349353790283,0.2398519515991211,0.5656671524047852,0.23667597770690918,0.6415858268737793,0.4174787998199463,0.42018604278564453,0.8868720531463623,0.23384308815002441,0.38187599182128906,0.689586877822876,0.22272706031799316,0.4512929916381836,0.22227907180786133,0.5205628871917725,0.22221827507019043,0.5048561096191406,0.3552680015563965,0.44509315490722656,0.31276679039001465,0.6646389961242676,0.23359107971191406,0.4672536849975586,0.22307920455932617,0.4314920902252197,0.403994083404541,0.221268892288208,0.2805137634277344,0.461122989654541,0.4614996910095215,0.3192272186279297,0.25121188163757324,0.23198485374450684,0.31449294090270996,0.22466015815734863,0.42969393730163574,0.5202717781066895,0.5478601455688477,0.22334599494934082,0.22397994995117188,0.22405672073364258,0.4950129985809326,0.7154700756072998,0.419201135635376,0.42680788040161133,0.24976110458374023,0.23327302932739258,0.31745481491088867,0.37688589096069336,0.26485300064086914,0.36830830574035645,0.3713710308074951,0.6620888710021973,0.4010748863220215,0.2716081142425537,0.27219510078430176,0.5180051326751709,0.5552959442138672,0.22670698165893555,0.22362804412841797,0.22342205047607422,0.3206217288970947,0.2579939365386963,0.3093409538269043,0.22604608535766602,0.4022042751312256,0.42429184913635254,0.425098180770874,0.2363429069519043,0.2384648323059082,0.2259678840637207,0.4234292507171631,0.6935818195343018,0.2933323383331299,0.22144317626953125,0.22541117668151855,0.43538784980773926,0.2810518741607666,0.5308198928833008,0.5125911235809326,0.2820596694946289,0.22623276710510254,0.2311418056488037,0.2987799644470215,0.3226606845855713,0.24581503868103027,0.2607860565185547,0.2306220531463623,0.5753521919250488,0.405728816986084,0.5652596950531006,0.31529903411865234,0.23273801803588867,0.4123570919036865,0.457352876663208,0.38625264167785645,0.5185918807983398,0.29940199851989746,0.6802380084991455,0.22365999221801758,0.3321070671081543
0.2	GG2	0.22605109214782715,0.26486706733703613,0.4740481376647949,0.23077893257141113,0.25865674018859863,0.2559370994567871,0.537818193435669,0.21968936920166016,0.21818804740905762,0.26213979721069336,0.5144009590148926,0.219465970993042,0.5899808406829834,0.2376570701599121,0.22526812553405762,0.45879697799682617,0.2191638946533203,0.22089481353759766,0.2617192268371582,0.22643518447875977,0.3354072570800781,0.21905875205993652,0.22156095504760742,0.223341703414917,0.28617286682128906,0.5022051334381104,0.2883491516113281,0.2694869041442871,0.4636411666870117,0.3690760135650635,0.4643399715423584,0.24550414085388184,0.2685279846191406,0.21671772003173828,0.2620248794555664,0.5908939838409424,0.5667939186096191,0.7038478851318359,0.2186589241027832,0.32573890686035156,0.23636388778686523,0.6201579570770264,0.30277085304260254,0.4571080207824707,0.7546038627624512,0.24570512771606445,0.7625069618225098,0.41004490852355957,0.21833133697509766,0.2282259464263916,0.21573305130004883,0.42391228675842285,0.21852803230285645,0.297957181930542,0.4882349967956543,0.21962714195251465,0.5714378356933594,0.38039588928222656,0.3061211109161377,0.3056621551513672,0.39031410217285156,0.2194499969482422,0.29483485221862793,0.21815133094787598,0.28731608390808105,0.21818113327026367,0.21802496910095215,0.21867680549621582,0.4020049571990967,0.4316871166229248,0.31305480003356934,0.2878258228302002,0.22583484649658203,0.21750903129577637,0.2530710697174072,0.23346590995788574,0.26808786392211914,0.25014829635620117,0.2892739772796631,0.4558229446411133,0.2319028377532959,0.46033596992492676,0.30802202224731445,0.30362677574157715,0.3726780414581299,0.363847017288208,0.3260648250579834,0.34520697593688965,0.40807294845581055,0.4196512699127197,0.3717339038848877,0.4911947250366211,0.23752498626708984,0.297698974609375,0.22135710716247559,0.3285820484161377,0.24373984336853027,0.5192630290985107,0.24266409873962402,0.3226349353790283,0.2398519515991211,0.5656671524047852,0.23667597770690918,0.6415858268737793,0.4174787998199463,0.42018604278564453,0.8868720531463623,0.23384308815002441,0.38187599182128906,0.689586877822876,0.22272706031799316,0.4512929916381836,0.22227907180786133,0.5205628871917725,0.22221827507019043,0.5048561096191406,0.3552680015563965,0.44509315490722656,0.31276679039001465,0.6646389961242676,0.23359107971191406,0.4672536849975586,0.22307920455932617,0.4314920902252197,0.403994083404541,0.221268892288208,0.2805137634277344,0.461122989654541,0.4614996910095215,0.3192272186279297,0.25121188163757324,0.23198485374450684,0.31449294090270996,0.22466015815734863,0.42969393730163574,0.5202717781066895,0.5478601455688477,0.22334599494934082,0.22397994995117188,0.22405672073364258,0.4950129985809326,0.7154700756072998,0.419201135635376,0.42680788040161133,0.24976110458374023,0.23327302932739258,0.31745481491088867,0.37688589096069336,0.26485300064086914,0.36830830574035645,0.3713710308074951,0.6620888710021973,0.4010748863220215,0.2716081142425537,0.27219510078430176,0.5180051326751709,0.5552959442138672,0.22670698165893555,0.22362804412841797,0.22342205047607422,0.3206217288970947,0.2579939365386963,0.3093409538269043,0.22604608535766602,0.4022042751312256,0.42429184913635254,0.425098180770874,0.2363429069519043,0.2384648323059082,0.2259678840637207,0.4234292507171631,0.6935818195343018,0.2933323383331299,0.22144317626953125,0.22541117668151855,0.43538784980773926,0.2810518741607666,0.5308198928833008,0.5125911235809326,0.2820596694946289,0.22623276710510254,0.2311418056488037,0.2987799644470215,0.3226606845855713,0.24581503868103027,0.2607860565185547,0.2306220531463623,0.5753521919250488,0.405728816986084,0.5652596950531006,0.31529903411865234,0.23273801803588867,0.4123570919036865,0.457352876663208,0.38625264167785645,0.5185918807983398,0.29940199851989746,0.6802380084991455,0.22365999221801758,0.3321070671081543
0.22	GEE	0.010655879974365234,0.010834932327270508,0.010648012161254883,0.010463953018188477,0.010588884353637695,0.010722160339355469,0.01045083999633789,0.010246038436889648,0.010577201843261719,0.010444164276123047,0.010483980178833008,0.010416030883789062,0.01032400131225586,0.010642290115356445,0.01046895980834961,0.010801315307617188,0.010684013366699219,0.010419845581054688,0.010354042053222656,0.010230064392089844,0.010436773300170898,0.010793924331665039,0.010656356811523438,0.010759830474853516,0.010327816009521484,0.010573863983154297,0.010798215866088867,0.01048898696899414,0.010554075241088867,0.01041722297668457,0.010885000228881836,0.01081228256225586,0.010591983795166016,0.010596990585327148,0.010277032852172852,0.010525941848754883,0.010509967803955078,0.010535955429077148,0.010354995727539062,0.01051020622253418,0.010365962982177734,0.01049494743347168,0.010463953018188477,0.010647058486938477,0.010508060455322266,0.010648012161254883,0.01064920425415039,0.010563135147094727,0.010568857192993164,0.010801315307617188,0.010842084884643555,0.01104736328125,0.010681867599487305,0.01049494743347168,0.010473012924194336,0.010459184646606445,0.01081991195678711,0.010746240615844727,0.01077723503112793,0.01087498664855957,0.010442018508911133,0.01086282730102539,0.010762929916381836,0.010615110397338867,0.010565042495727539,0.010917186737060547,0.010667085647583008,0.011091947555541992,0.010580778121948242,0.01052403450012207,0.010673761367797852,0.010989189147949219,0.010607719421386719,0.010441064834594727,0.010551214218139648,0.01041412353515625,0.010647058486938477,0.010639190673828125,0.010622024536132812,0.010805845260620117,0.010447025299072266,0.010380029678344727,0.010593175888061523,0.010416746139526367,0.01058506965637207,0.010514020919799805,0.010850667953491211,0.010704755783081055,0.010281085968017578,0.010597944259643555,0.010613203048706055,0.010792016983032227,0.010630369186401367,0.0103759765625,0.010514259338378906,0.0102691650390625,0.010949850082397461,0.010229110717773438,0.010707378387451172,0.010380029678344727,0.01061391830444336,0.010343790054321289,0.0102691650390625,0.01061868667602539,0.01091623306274414,0.01079416275024414,0.010743856430053711,0.010508060455322266,0.010343074798583984,0.010574817657470703,0.010331869125366211,0.010565757751464844,0.010673761367797852,0.010782003402709961,0.010626077651977539,0.010721921920776367,0.010439872741699219,0.010644912719726562,0.010509967803955078,0.010689973831176758,0.01057291030883789,0.01073002815246582,0.010816097259521484,0.011193037033081055,0.010438919067382812,0.010635137557983398,0.01055908203125,0.01061391830444336,0.011007070541381836,0.010637044906616211,0.010508060455322266,0.010906696319580078,0.01041722297668457,0.010542154312133789,0.010803937911987305,0.010878801345825195,0.010717153549194336,0.010607719421386719,0.011474847793579102,0.010750055313110352,0.010905027389526367,0.010764122009277344,0.010625123977661133,0.010680198669433594,0.01071310043334961,0.010618209838867188,0.01061701774597168,0.010555028915405273,0.010434150695800781,0.010810136795043945,0.010717153549194336,0.010897159576416016,0.010438203811645508,0.010798215866088867,0.010869979858398438,0.010438919067382812,0.010863780975341797,0.010548114776611328,0.01047205924987793,0.010802984237670898,0.010447978973388672,0.010589838027954102,0.010566949844360352,0.0103912353515625,0.010994911193847656,0.010928869247436523,0.010587930679321289,0.010489940643310547,0.01098489761352539,0.010339975357055664,0.010360002517700195,0.011063575744628906,0.010472774505615234,0.010542869567871094,0.010915994644165039,0.01063990592956543,0.010711193084716797,0.010706901550292969,0.01065516471862793,0.010477066040039062,0.010621070861816406,0.010473966598510742,0.01027989387512207,0.011059999465942383,0.010679960250854492,0.010773897171020508,0.010385990142822266,0.010905027389526367,0.010298728942871094,0.0107269287109375,0.01050424575805664,0.011037826538085938,0.010794878005981445,0.010796070098876953,0.010885000228881836,0.010683298110961914,0.010521888732910156,0.010402917861938477,0.010432004928588867,0.010701179504394531
0.22	GNN	0.3227720260620117,0.2890970706939697,0.30373668670654297,0.2543191909790039,0.23657774925231934,0.24552297592163086,0.23914670944213867,0.2732112407684326,0.3809192180633545,0.3354470729827881,0.23041605949401855,0.2555363178253174,0.23382568359375,0.26062893867492676,0.2963550090789795,0.23288893699645996,0.45875096321105957,0.3434770107269287,0.2733180522918701,0.2436819076538086,0.3015553951263428,0.3830997943878174,0.2850017547607422,0.24003005027770996,0.23984789848327637,0.297076940536499,0.2351531982421875,0.3363659381866455,0.23128986358642578,0.35286402702331543,0.23400402069091797,0.24103879928588867,0.22972512245178223,0.24884796142578125,0.23032093048095703,0.2311689853668213,0.2717609405517578,0.22980213165283203,0.23216915130615234,0.34229373931884766,0.24169707298278809,0.3838636875152588,0.23006916046142578,0.2626512050628662,0.2622811794281006,0.23723530769348145,0.4337139129638672,0.35251808166503906,0.23858118057250977,0.28965091705322266,0.2552471160888672,0.2530791759490967,0.22959208488464355,0.40441393852233887,0.23087000846862793,0.47649478912353516,0.254575252532959,0.40134596824645996,0.2319316864013672,0.23797607421875,0.6890020370483398,0.2711598873138428,0.3573009967803955,0.31670594215393066,0.46445274353027344,0.2968759536743164,0.48255109786987305,0.27471280097961426,0.2650270462036133,0.2675788402557373,0.23439693450927734,0.23221802711486816,0.2369401454925537,0.2998509407043457,0.24092698097229004,0.4178121089935303,0.3882100582122803,0.4044029712677002,0.5274131298065186,0.23334217071533203,0.4098191261291504,0.2880539894104004,0.32805490493774414,0.4424929618835449,0.2641732692718506,0.2485198974609375,0.4158151149749756,0.40502309799194336,0.30019617080688477,0.36600208282470703,0.24175477027893066,0.3911318778991699,0.23122286796569824,0.41570305824279785,0.43160200119018555,0.23343682289123535,0.23561501502990723,0.2438488006591797,0.4907381534576416,0.34027600288391113,0.5713040828704834,0.2547898292541504,0.2413191795349121,0.2520561218261719,0.33988499641418457,0.233259916305542,0.2790651321411133,0.25339293479919434,0.2832629680633545,0.2971200942993164,0.26249194145202637,0.3341641426086426,0.38271117210388184,0.3723902702331543,0.2318100929260254,0.2507328987121582,0.23670101165771484,0.3243861198425293,0.6060948371887207,0.27202892303466797,0.3292660713195801,0.23294401168823242,0.28212976455688477,0.26097726821899414,0.23021388053894043,0.3548469543457031,0.23767399787902832,0.23293399810791016,0.3163583278656006,0.2600278854370117,0.2385096549987793,0.23232603073120117,0.22955608367919922,0.31783604621887207,0.2737009525299072,0.31453490257263184,0.4190528392791748,0.23976492881774902,0.2443540096282959,0.29682302474975586,0.3777432441711426,0.25480079650878906,0.35621190071105957,0.2308650016784668,0.23980712890625,0.250913143157959,0.3402230739593506,0.2859981060028076,0.23354196548461914,0.31092000007629395,0.29721784591674805,0.231964111328125,0.33013486862182617,0.2959599494934082,0.25619006156921387,0.24781417846679688,0.2281649112701416,0.23514604568481445,0.23505115509033203,0.23381876945495605,0.25974488258361816,0.23597311973571777,0.3255431652069092,0.25367188453674316,0.24434709548950195,0.27248382568359375,0.2589230537414551,0.48293399810791016,0.310528039932251,0.272737979888916,0.25243282318115234,0.3197622299194336,0.24262475967407227,0.23841571807861328,0.33309412002563477,0.3039231300354004,0.3944530487060547,0.24378085136413574,0.4427042007446289,0.48285412788391113,0.3394649028778076,0.2519669532775879,0.23393607139587402,0.4030442237854004,0.22895598411560059,0.27394676208496094,0.23976397514343262,0.26883506774902344,0.4028189182281494,0.2523610591888428,0.37758684158325195,0.2614121437072754,0.2376551628112793,0.2533588409423828,0.27835583686828613,0.38893580436706543,0.22870612144470215,0.27411890029907227,0.24180984497070312,0.28074002265930176
0.22	GG	0.23672890663146973,0.24592113494873047,0.22908496856689453,0.337813138961792,0.2317049503326416,0.23453164100646973,0.34740304946899414,0.3184640407562256,0.32662105560302734,0.2608819007873535,0.5159997940063477,0.23541569709777832,0.618710994720459,0.33104681968688965,0.2622969150543213,0.23693490028381348,0.3940300941467285,0.2348499298095703,0.39264893531799316,0.28008103370666504,0.2659120559692383,0.780195951461792,0.6815049648284912,0.22975921630859375,0.31392908096313477,0.5116119384765625,0.39875197410583496,0.3003721237182617,0.29616308212280273,0.2330927848815918,0.39705872535705566,0.30879902839660645,0.3121938705444336,0.2301011085510254,0.4908158779144287,0.36478471755981445,0.5136520862579346,0.27063417434692383,0.23007512092590332,0.5359408855438232,0.26204895973205566,0.23251771926879883,0.23096013069152832,0.3512430191040039,0.29363584518432617,0.23143720626831055,0.4333047866821289,0.37202906608581543,0.4675257205963135,0.3002910614013672,0.3048539161682129,0.3768467903137207,0.2646472454071045,0.24271512031555176,0.5303606986999512,0.3811180591583252,0.35334110260009766,0.488447904586792,0.22873806953430176,0.319288969039917,0.5288279056549072,0.24458599090576172,0.4149448871612549,0.2634317874908447,0.32226991653442383,0.6248898506164551,0.7086641788482666,0.4795658588409424,0.42960095405578613,0.23193097114562988,0.3599379062652588,0.2306208610534668,0.3865530490875244,0.32228612899780273,0.276752233505249,0.23324799537658691,0.5470619201660156,0.5052242279052734,0.2847259044647217,0.4198577404022217,0.23020124435424805,0.22853779792785645,0.2361280918121338,0.568789005279541,0.23060894012451172,0.4053969383239746,0.2502472400665283,0.23224997520446777,0.5917980670928955,0.23115992546081543,0.2308518886566162,0.5053870677947998,0.5400240421295166,0.23293590545654297,0.3769190311431885,0.23378396034240723,0.4239349365234375,0.43105101585388184,0.37213993072509766,0.45823097229003906,0.5905108451843262,0.48030805587768555,0.2320542335510254,0.22649884223937988,0.529426097869873,0.8461523056030273,0.37508702278137207,0.23558497428894043,0.4297511577606201,0.5369110107421875,0.26091790199279785,0.5153260231018066,0.23135876655578613,0.24318671226501465,0.5787179470062256,0.5388691425323486,0.27721500396728516,0.42037200927734375,0.23911809921264648,0.23131203651428223,0.3750171661376953,0.4549078941345215,0.28859496116638184,0.23330020904541016,0.45560598373413086,0.2680678367614746,0.253032922744751,0.2915048599243164,0.27679896354675293,0.513538122177124,0.4058091640472412,0.23140907287597656,0.2715787887573242,0.3021202087402344,0.22990703582763672,0.22995901107788086,0.25408482551574707,0.22927594184875488,0.5214250087738037,0.29752182960510254,0.5268609523773193,0.460949182510376,0.6030309200286865,0.27657198905944824,0.4102349281311035,0.28116917610168457,0.46828603744506836,0.2266991138458252,0.2417590618133545,0.5292019844055176,0.3398110866546631,0.22800469398498535,0.27391791343688965,0.264056921005249,0.5871379375457764,0.3786499500274658,0.4696941375732422,0.4618067741394043,0.43452000617980957,0.32609105110168457,0.3631441593170166,0.5565190315246582,0.419309139251709,0.49017810821533203,0.23178696632385254,0.5763571262359619,0.44273996353149414,0.2703080177307129,0.24192571640014648,0.32883477210998535,0.23595595359802246,0.5608041286468506,0.43941783905029297,0.23192691802978516,0.4819986820220947,0.45826101303100586,0.32273077964782715,0.34790873527526855,0.2920877933502197,0.6062190532684326,0.31844401359558105,0.5729150772094727,0.3032858371734619,0.23329877853393555,0.22855520248413086,0.2663612365722656,0.2370471954345703,0.2622499465942383,0.7363700866699219,0.23168420791625977,0.8153140544891357,0.3455212116241455,0.4281179904937744,0.46845006942749023,0.4448378086090088,0.6222898960113525,0.2874720096588135,0.6964080333709717,0.28946805000305176,0.23865485191345215
0.22	GG2	0.23672890663146973,0.24592113494873047,0.22908496856689453,0.337813138961792,0.2317049503326416,0.23453164100646973,0.34740304946899414,0.3184640407562256,0.32662105560302734,0.2608819007873535,0.5159997940063477,0.23541569709777832,0.618710994720459,0.33104681968688965,0.2622969150543213,0.23693490028381348,0.3940300941467285,0.2348499298095703,0.39264893531799316,0.28008103370666504,0.2659120559692383,0.780195951461792,0.6815049648284912,0.22975921630859375,0.31392908096313477,0.5116119384765625,0.39875197410583496,0.3003721237182617,0.29616308212280273,0.2330927848815918,0.39705872535705566,0.30879902839660645,0.3121938705444336,0.2301011085510254,0.4908158779144287,0.36478471755981445,0.5136520862579346,0.27063417434692383,0.23007512092590332,0.5359408855438232,0.26204895973205566,0.23251771926879883,0.23096013069152832,0.3512430191040039,0.29363584518432617,0.23143720626831055,0.4333047866821289,0.37202906608581543,0.4675257205963135,0.3002910614013672,0.3048539161682129,0.3768467903137207,0.2646472454071045,0.24271512031555176,0.5303606986999512,0.3811180591583252,0.35334110260009766,0.488447904586792,0.22873806953430176,0.319288969039917,0.5288279056549072,0.24458599090576172,0.4149448871612549,0.2634317874908447,0.32226991653442383,0.6248898506164551,0.7086641788482666,0.4795658588409424,0.42960095405578613,0.23193097114562988,0.3599379062652588,0.2306208610534668,0.3865530490875244,0.32228612899780273,0.276752233505249,0.23324799537658691,0.5470619201660156,0.5052242279052734,0.2847259044647217,0.4198577404022217,0.23020124435424805,0.22853779792785645,0.2361280918121338,0.568789005279541,0.23060894012451172,0.4053969383239746,0.2502472400665283,0.23224997520446777,0.5917980670928955,0.23115992546081543,0.2308518886566162,0.5053870677947998,0.5400240421295166,0.23293590545654297,0.3769190311431885,0.23378396034240723,0.4239349365234375,0.43105101585388184,0.37213993072509766,0.45823097229003906,0.5905108451843262,0.48030805587768555,0.2320542335510254,0.22649884223937988,0.529426097869873,0.8461523056030273,0.37508702278137207,0.23558497428894043,0.4297511577606201,0.5369110107421875,0.26091790199279785,0.5153260231018066,0.23135876655578613,0.24318671226501465,0.5787179470062256,0.5388691425323486,0.27721500396728516,0.42037200927734375,0.23911809921264648,0.23131203651428223,0.3750171661376953,0.4549078941345215,0.28859496116638184,0.23330020904541016,0.45560598373413086,0.2680678367614746,0.253032922744751,0.2915048599243164,0.27679896354675293,0.513538122177124,0.4058091640472412,0.23140907287597656,0.2715787887573242,0.3021202087402344,0.22990703582763672,0.22995901107788086,0.25408482551574707,0.22927594184875488,0.5214250087738037,0.29752182960510254,0.5268609523773193,0.460949182510376,0.6030309200286865,0.27657198905944824,0.4102349281311035,0.28116917610168457,0.46828603744506836,0.2266991138458252,0.2417590618133545,0.5292019844055176,0.3398110866546631,0.22800469398498535,0.27391791343688965,0.264056921005249,0.5871379375457764,0.3786499500274658,0.4696941375732422,0.4618067741394043,0.43452000617980957,0.32609105110168457,0.3631441593170166,0.5565190315246582,0.419309139251709,0.49017810821533203,0.23178696632385254,0.5763571262359619,0.44273996353149414,0.2703080177307129,0.24192571640014648,0.32883477210998535,0.23595595359802246,0.5608041286468506,0.43941783905029297,0.23192691802978516,0.4819986820220947,0.45826101303100586,0.32273077964782715,0.34790873527526855,0.2920877933502197,0.6062190532684326,0.31844401359558105,0.5729150772094727,0.3032858371734619,0.23329877853393555,0.22855520248413086,0.2663612365722656,0.2370471954345703,0.2622499465942383,0.7363700866699219,0.23168420791625977,0.8153140544891357,0.3455212116241455,0.4281179904937744,0.46845006942749023,0.4448378086090088,0.6222898960113525,0.2874720096588135,0.6964080333709717,0.28946805000305176,0.23865485191345215
0.24	GEE	0.01046299934387207,0.010799884796142578,0.010363101959228516,0.010483980178833008,0.010640144348144531,0.010483026504516602,0.01040506362915039,0.010754823684692383,0.01063394546508789,0.010492086410522461,0.010890007019042969,0.010354757308959961,0.010512113571166992,0.010776042938232422,0.010533332824707031,0.010703802108764648,0.01040196418762207,0.010593175888061523,0.010561943054199219,0.01055288314819336,0.010459184646606445,0.010508060455322266,0.010720014572143555,0.010850667953491211,0.010483980178833008,0.010577917098999023,0.010740041732788086,0.010696887969970703,0.010489940643310547,0.010639190673828125,0.010828256607055664,0.010699033737182617,0.01060628890991211,0.01048588752746582,0.010549068450927734,0.010521888732910156,0.010751962661743164,0.010542869567871094,0.010625123977661133,0.010803937911987305,0.01061105728149414,0.010545969009399414,0.010385990142822266,0.01077413558959961,0.0110321044921875,0.010940313339233398,0.01087498664855957,0.010706186294555664,0.010413885116577148,0.01085805892944336,0.010349035263061523,0.010917901992797852,0.010420799255371094,0.010848045349121094,0.010905027389526367,0.010537862777709961,0.010685920715332031,0.010609865188598633,0.010483026504516602,0.01076197624206543,0.010654926300048828,0.010512113571166992,0.01070094108581543,0.010688066482543945,0.010736942291259766,0.010404825210571289,0.01097416877746582,0.010990142822265625,0.010720968246459961,0.010947942733764648,0.010782957077026367,0.010843992233276367,0.010832071304321289,0.010571002960205078,0.010519742965698242,0.010686159133911133,0.010506153106689453,0.010599136352539062,0.010597944259643555,0.010330915451049805,0.010735750198364258,0.010710954666137695,0.010538101196289062,0.010539054870605469,0.010890007019042969,0.010569334030151367,0.01057887077331543,0.010700702667236328,0.011310815811157227,0.010535955429077148,0.01056981086730957,0.010812044143676758,0.010560989379882812,0.010851860046386719,0.01061701774597168,0.010865211486816406,0.010776042938232422,0.010397195816040039,0.010895252227783203,0.010627985000610352,0.010572195053100586,0.010870695114135742,0.010530948638916016,0.010816097259521484,0.010641813278198242,0.010632038116455078,0.010899782180786133,0.0106658935546875,0.010987043380737305,0.010823965072631836,0.011024236679077148,0.010856151580810547,0.01081705093383789,0.010607242584228516,0.01108098030090332,0.010764122009277344,0.010732173919677734,0.010707855224609375,0.010745048522949219,0.01088404655456543,0.010766983032226562,0.010982990264892578,0.010825872421264648,0.010445833206176758,0.010593175888061523,0.01071619987487793,0.010710954666137695,0.010785102844238281,0.010560035705566406,0.011039972305297852,0.01032400131225586,0.010636091232299805,0.010791778564453125,0.010810136795043945,0.010511159896850586,0.010824203491210938,0.010473966598510742,0.010904073715209961,0.010587930679321289,0.010500907897949219,0.010420083999633789,0.010783910751342773,0.010648965835571289,0.010924100875854492,0.010991096496582031,0.010470867156982422,0.010632991790771484,0.010684967041015625,0.010538816452026367,0.010586023330688477,0.010504961013793945,0.010869026184082031,0.010895967483520508,0.01085805892944336,0.010881900787353516,0.010573863983154297,0.010909795761108398,0.010716915130615234,0.010659933090209961,0.01101994514465332,0.010514259338378906,0.010885238647460938,0.010733842849731445,0.010390043258666992,0.010654926300048828,0.010863780975341797,0.01067209243774414,0.010549068450927734,0.01041722297668457,0.010689973831176758,0.010571002960205078,0.010675191879272461,0.010824918746948242,0.010340213775634766,0.010592937469482422,0.010675907135009766,0.010405778884887695,0.010613203048706055,0.010809183120727539,0.010584115982055664,0.01050710678100586,0.011232137680053711,0.010495901107788086,0.010968923568725586,0.01098179817199707,0.010895013809204102,0.010744810104370117,0.010692119598388672,0.010658025741577148,0.010651826858520508,0.01044607162475586,0.010803937911987305,0.01068115234375,0.010613203048706055,0.010854005813598633,0.010580062866210938,0.011060953140258789,0.010756731033325195,0.010504961013793945,0.010573148727416992
0.24	GNN	0.24320483207702637,0.30681395530700684,0.4610309600830078,0.2368917465209961,0.3948800563812256,0.235001802444458,0.2771317958831787,0.2427358627319336,0.2360072135925293,0.3638150691986084,0.24636292457580566,0.2622098922729492,0.27915191650390625,0.43256592750549316,0.2326359748840332,0.27576208114624023,0.5371618270874023,0.4122951030731201,0.30095386505126953,0.25779199600219727,0.23256397247314453,0.23443603515625,0.34800004959106445,0.25490570068359375,0.3349308967590332,0.25885915756225586,0.23781776428222656,0.32915711402893066,0.27605605125427246,0.2961409091949463,0.467465877532959,0.28484106063842773,0.2534821033477783,0.24306201934814453,0.26601314544677734,0.4472782611846924,0.29721593856811523,0.39156031608581543,0.2339949607849121,0.2629990577697754,0.41025781631469727,0.2971458435058594,0.23601508140563965,0.2743380069732666,0.28031206130981445,0.23708510398864746,0.4155597686767578,0.3523678779602051,0.27890801429748535,0.37418508529663086,0.40645313262939453,0.2590620517730713,0.24325299263000488,0.254810094833374,0.2381730079650879,0.32779693603515625,0.436704158782959,0.2714347839355469,0.27988600730895996,0.29021525382995605,0.43913888931274414,0.5226080417633057,0.2523069381713867,0.23297691345214844,0.28986692428588867,0.31024813652038574,0.2890818119049072,0.341339111328125,0.2911522388458252,0.3709440231323242,0.30580997467041016,0.24799680709838867,0.3593311309814453,0.2352299690246582,0.23653507232666016,0.25106382369995117,0.33732008934020996,0.5425539016723633,0.4977259635925293,0.31905293464660645,0.4035520553588867,0.2996711730957031,0.3358268737792969,0.30280017852783203,0.2549781799316406,0.24462389945983887,0.328704833984375,0.27198004722595215,0.3133668899536133,0.25438499450683594,0.5988738536834717,0.2998950481414795,0.28772878646850586,0.23862290382385254,0.23503732681274414,0.23446106910705566,0.2821371555328369,0.23926401138305664,0.33559203147888184,0.24169397354125977,0.28365635871887207,0.2803800106048584,0.23509502410888672,0.23921990394592285,0.33013319969177246,0.23682808876037598,0.25533294677734375,0.2586700916290283,0.3177831172943115,0.23388314247131348,0.23939085006713867,0.29076099395751953,0.3243279457092285,0.23203086853027344,0.23918890953063965,0.23925495147705078,0.23326706886291504,0.34168195724487305,0.41239380836486816,0.2337937355041504,0.386066198348999,0.42342567443847656,0.23280572891235352,0.2346172332763672,0.3405649662017822,0.4785640239715576,0.2792811393737793,0.23430418968200684,0.47382688522338867,0.35707807540893555,0.28091001510620117,0.34140801429748535,0.31081199645996094,0.36035990715026855,0.24846601486206055,0.37122368812561035,0.4733407497406006,0.4062619209289551,0.23859405517578125,0.23908114433288574,0.4768049716949463,0.4493269920349121,0.5669629573822021,0.2793247699737549,0.3209531307220459,0.3492920398712158,0.31397318840026855,0.32790303230285645,0.23537302017211914,0.41025614738464355,0.2552368640899658,0.23452997207641602,0.2557799816131592,0.3099210262298584,0.27904200553894043,0.23544907569885254,0.24229097366333008,0.24301910400390625,0.2322390079498291,0.23951101303100586,0.27736496925354004,0.2521238327026367,0.2746551036834717,0.2701990604400635,0.45840883255004883,0.2612910270690918,0.23023200035095215,0.38219499588012695,0.248396635055542,0.3645319938659668,0.4666879177093506,0.27672791481018066,0.5249018669128418,0.24496197700500488,0.2746100425720215,0.2372899055480957,0.24518895149230957,0.23923516273498535,0.36859607696533203,0.33831119537353516,0.7199370861053467,0.355435848236084,0.2523360252380371,0.32439708709716797,0.25052785873413086,0.3992466926574707,0.30420494079589844,0.2384629249572754,0.2534201145172119,0.4359869956970215,0.23747682571411133,0.2337498664855957,0.26068687438964844,0.26259398460388184,0.23588085174560547,0.2761549949645996,0.24340105056762695,0.27663588523864746,0.39330506324768066,0.2340071201324463
0.24	GG	0.23956990242004395,0.3152320384979248,0.4734809398651123,0.38811302185058594,0.4338202476501465,0.2383279800415039,0.23232817649841309,0.23221516609191895,0.39142823219299316,0.3196699619293213,0.37540411949157715,0.23142600059509277,0.5389881134033203,0.2643241882324219,0.4167029857635498,0.23220396041870117,0.2338550090789795,0.29985880851745605,0.5076031684875488,0.2509489059448242,0.35974693298339844,0.23200726509094238,0.23499798774719238,0.23825526237487793,0.38478589057922363,0.6671011447906494,0.5833132266998291,0.23340511322021484,0.4410209655761719,0.729179859161377,0.3993978500366211,0.27356410026550293,0.3234212398529053,0.3709251880645752,0.2337028980255127,0.4905819892883301,0.27816033363342285,0.2339928150177002,0.23915910720825195,0.23807096481323242,0.24272418022155762,0.42664408683776855,0.3392519950866699,0.5393011569976807,0.4443199634552002,0.5270352363586426,0.2322068214416504,0.23444199562072754,0.5061659812927246,0.263319730758667,0.3064267635345459,0.23474812507629395,0.23800086975097656,0.4445648193359375,0.2664299011230469,0.2474219799041748,0.4752938747406006,0.23575186729431152,0.48412275314331055,0.35109496116638184,0.23275375366210938,0.4073500633239746,0.32836389541625977,0.23539209365844727,0.23204255104064941,0.5083510875701904,0.23319196701049805,0.6030118465423584,0.414409875869751,0.23088479042053223,0.23545289039611816,0.2346329689025879,0.23696088790893555,0.4370601177215576,0.2354588508605957,0.2616891860961914,0.4699671268463135,0.4242877960205078,0.354154109954834,0.26150989532470703,0.4033820629119873,0.40873289108276367,0.26021504402160645,0.317716121673584,0.23614811897277832,0.2461228370666504,0.2948448657989502,0.24205803871154785,0.23300600051879883,0.3649439811706543,0.3672008514404297,0.7032380104064941,0.23685479164123535,0.37931394577026367,0.5977449417114258,0.3712887763977051,0.3809089660644531,0.37649106979370117,0.23319005966186523,0.6028239727020264,0.3968510627746582,0.234544038772583,0.30954480171203613,0.4883100986480713,0.6145370006561279,0.3769419193267822,0.4435126781463623,0.35095977783203125,0.4663710594177246,0.26665687561035156,0.23128819465637207,0.23321080207824707,0.3918447494506836,0.5619170665740967,0.23781824111938477,0.4136049747467041,0.24339890480041504,0.23299503326416016,0.23352408409118652,0.23384308815002441,0.482799768447876,0.23223614692687988,0.2355048656463623,0.2909257411956787,0.3153550624847412,0.23450708389282227,0.24011707305908203,0.28644299507141113,0.33597588539123535,0.23357796669006348,0.2837979793548584,0.35096192359924316,0.48578310012817383,0.2308650016784668,0.4994781017303467,0.23472809791564941,0.3126537799835205,0.23337101936340332,0.6988708972930908,0.4814021587371826,0.6231570243835449,0.2325429916381836,0.30831408500671387,0.23522400856018066,0.25690388679504395,0.36580681800842285,0.42575621604919434,0.26091694831848145,0.233612060546875,0.3533508777618408,0.4353768825531006,0.2350308895111084,0.49945974349975586,0.3380270004272461,0.4409310817718506,0.48126983642578125,0.3703010082244873,0.27916431427001953,0.4039418697357178,0.28316688537597656,0.36370205879211426,0.31737518310546875,0.38008594512939453,0.5304691791534424,0.23668289184570312,0.3394432067871094,0.23090004920959473,0.26941704750061035,0.23360824584960938,0.4217720031738281,0.27014923095703125,0.33855700492858887,0.23556208610534668,0.2330319881439209,0.37444400787353516,0.23224711418151855,0.2313680648803711,0.2333519458770752,0.3532288074493408,0.2656059265136719,0.429610013961792,0.41289591789245605,0.23373794555664062,0.3158841133117676,0.28646206855773926,0.6985430717468262,0.44826316833496094,0.23226618766784668,0.30601024627685547,0.5210280418395996,0.29372119903564453,0.37060117721557617,0.23633313179016113,0.23563313484191895,0.47841310501098633,0.5801601409912109,0.33250904083251953,0.5047049522399902,0.3970508575439453,0.2362349033355713
0.24	GG2	0.23956990242004395,0.3152320384979248,0.4734809398651123,0.38811302185058594,0.4338202476501465,0.2383279800415039,0.23232817649841309,0.23221516609191895,0.39142823219299316,0.3196699619293213,0.37540411949157715,0.23142600059509277,0.5389881134033203,0.2643241882324219,0.4167029857635498,0.23220396041870117,0.2338550090789795,0.29985880851745605,0.5076031684875488,0.2509489059448242,0.35974693298339844,0.23200726509094238,0.23499798774719238,0.23825526237487793,0.38478589057922363,0.6671011447906494,0.5833132266998291,0.23340511322021484,0.4410209655761719,0.729179859161377,0.3993978500366211,0.27356410026550293,0.3234212398529053,0.3709251880645752,0.2337028980255127,0.4905819892883301,0.27816033363342285,0.2339928150177002,0.23915910720825195,0.23807096481323242,0.24272418022155762,0.42664408683776855,0.3392519950866699,0.5393011569976807,0.4443199634552002,0.5270352363586426,0.2322068214416504,0.23444199562072754,0.5061659812927246,0.263319730758667,0.3064267635345459,0.23474812507629395,0.23800086975097656,0.4445648193359375,0.2664299011230469,0.2474219799041748,0.4752938747406006,0.23575186729431152,0.48412275314331055,0.35109496116638184,0.23275375366210938,0.4073500633239746,0.32836389541625977,0.23539209365844727,0.23204255104064941,0.5083510875701904,0.23319196701049805,0.6030118465423584,0.414409875869751,0.23088479042053223,0.23545289039611816,0.2346329689025879,0.23696088790893555,0.4370601177215576,0.2354588508605957,0.2616891860961914,0.4699671268463135,0.4242877960205078,0.354154109954834,0.26150989532470703,0.4033820629119873,0.40873289108276367,0.26021504402160645,0.317716121673584,0.23614811897277832,0.2461228370666504,0.2948448657989502,0.24205803871154785,0.23300600051879883,0.3649439811706543,0.3672008514404297,0.7032380104064941,0.23685479164123535,0.37931394577026367,0.5977449417114258,0.3712887763977051,0.3809089660644531,0.37649106979370117,0.23319005966186523,0.6028239727020264,0.3968510627746582,0.234544038772583,0.30954480171203613,0.4883100986480713,0.6145370006561279,0.3769419193267822,0.4435126781463623,0.35095977783203125,0.4663710594177246,0.26665687561035156,0.23128819465637207,0.23321080207824707,0.3918447494506836,0.5619170665740967,0.23781824111938477,0.4136049747467041,0.24339890480041504,0.23299503326416016,0.23352408409118652,0.23384308815002441,0.482799768447876,0.23223614692687988,0.2355048656463623,0.2909257411956787,0.3153550624847412,0.23450708389282227,0.24011707305908203,0.28644299507141113,0.33597588539123535,0.23357796669006348,0.2837979793548584,0.35096192359924316,0.48578310012817383,0.2308650016784668,0.4994781017303467,0.23472809791564941,0.3126537799835205,0.23337101936340332,0.6988708972930908,0.4814021587371826,0.6231570243835449,0.2325429916381836,0.30831408500671387,0.23522400856018066,0.25690388679504395,0.36580681800842285,0.42575621604919434,0.26091694831848145,0.233612060546875,0.3533508777618408,0.4353768825531006,0.2350308895111084,0.49945974349975586,0.3380270004272461,0.4409310817718506,0.48126983642578125,0.3703010082244873,0.27916431427001953,0.4039418697357178,0.28316688537597656,0.36370205879211426,0.31737518310546875,0.38008594512939453,0.5304691791534424,0.23668289184570312,0.3394432067871094,0.23090004920959473,0.26941704750061035,0.23360824584960938,0.4217720031738281,0.27014923095703125,0.33855700492858887,0.23556208610534668,0.2330319881439209,0.37444400787353516,0.23224711418151855,0.2313680648803711,0.2333519458770752,0.3532288074493408,0.2656059265136719,0.429610013961792,0.41289591789245605,0.23373794555664062,0.3158841133117676,0.28646206855773926,0.6985430717468262,0.44826316833496094,0.23226618766784668,0.30601024627685547,0.5210280418395996,0.29372119903564453,0.37060117721557617,0.23633313179016113,0.23563313484191895,0.47841310501098633,0.5801601409912109,0.33250904083251953,0.5047049522399902,0.3970508575439453,0.2362349033355713
0.26	GEE	0.010798931121826172,0.011897802352905273,0.010738134384155273,0.010977029800415039,0.010930776596069336,0.010871171951293945,0.011002063751220703,0.011114835739135742,0.01089787483215332,0.010940074920654297,0.011220216751098633,0.010947704315185547,0.011004209518432617,0.010771036148071289,0.010921955108642578,0.01098012924194336,0.010999679565429688,0.01108694076538086,0.011064767837524414,0.010785818099975586,0.010911941528320312,0.010787010192871094,0.010960102081298828,0.010910987854003906,0.010907888412475586,0.01104593276977539,0.010864973068237305,0.010781049728393555,0.011060953140258789,0.011118173599243164,0.010987997055053711,0.010863065719604492,0.010810136795043945,0.011001110076904297,0.010946035385131836,0.010779142379760742,0.010882139205932617,0.010816097259521484,0.011312246322631836,0.010793209075927734,0.010826826095581055,0.010755777359008789,0.010941028594970703,0.010991811752319336,0.010879993438720703,0.010838031768798828,0.011066913604736328,0.010920047760009766,0.01096200942993164,0.010962247848510742,0.010515213012695312,0.011094093322753906,0.011119842529296875,0.01106405258178711,0.010762214660644531,0.010810136795043945,0.011271953582763672,0.011082887649536133,0.01112675666809082,0.011018037796020508,0.011148929595947266,0.010947942733764648,0.011244058609008789,0.01099705696105957,0.011069059371948242,0.011111021041870117,0.011143922805786133,0.010877847671508789,0.010818958282470703,0.011252880096435547,0.011034011840820312,0.011355161666870117,0.011279821395874023,0.010740041732788086,0.011276006698608398,0.010736227035522461,0.010982990264892578,0.011123895645141602,0.011047840118408203,0.01126408576965332,0.010928153991699219,0.011435985565185547,0.011099100112915039,0.010937213897705078,0.01104116439819336,0.011752128601074219,0.01128697395324707,0.010755777359008789,0.011108160018920898,0.010957956314086914,0.010776042938232422,0.011091232299804688,0.010963916778564453,0.011101961135864258,0.011140823364257812,0.010884761810302734,0.010779857635498047,0.010755777359008789,0.010743856430053711,0.01106715202331543,0.011352062225341797,0.010819196701049805,0.010744094848632812,0.010964155197143555,0.010728120803833008,0.010530233383178711,0.010859012603759766,0.011140108108520508,0.011071920394897461,0.011345148086547852,0.011152982711791992,0.01117086410522461,0.011333703994750977,0.010890007019042969,0.0108642578125,0.010908842086791992,0.010907173156738281,0.010833978652954102,0.010825872421264648,0.010760784149169922,0.011098146438598633,0.011241912841796875,0.010810136795043945,0.01106119155883789,0.011313915252685547,0.01102304458618164,0.011529922485351562,0.011087179183959961,0.010802030563354492,0.01101994514465332,0.010699033737182617,0.011293172836303711,0.011184215545654297,0.010890007019042969,0.011066913604736328,0.011208057403564453,0.010990142822265625,0.010898828506469727,0.010435819625854492,0.01099705696105957,0.011124134063720703,0.011116981506347656,0.01092386245727539,0.011282920837402344,0.011291980743408203,0.011132955551147461,0.011026859283447266,0.010992765426635742,0.010904073715209961,0.01081395149230957,0.010684728622436523,0.01141214370727539,0.01081991195678711,0.010941267013549805,0.010963916778564453,0.011023283004760742,0.011141300201416016,0.010944128036499023,0.011005878448486328,0.01121211051940918,0.0109100341796875,0.011085987091064453,0.011218786239624023,0.011027097702026367,0.011031150817871094,0.010915040969848633,0.010771989822387695,0.01104116439819336,0.011427164077758789,0.011070966720581055,0.011360883712768555,0.010958671569824219,0.010994911193847656,0.011262178421020508,0.01097416877746582,0.011070013046264648,0.011139154434204102,0.01120305061340332,0.010896921157836914,0.011157035827636719,0.011050939559936523,0.011134862899780273,0.010915756225585938,0.011081218719482422,0.010646820068359375,0.010810136795043945,0.010968208312988281,0.010962963104248047,0.011239051818847656,0.01112222671508789,0.011021137237548828,0.011168956756591797,0.010776042938232422,0.011017799377441406,0.011242151260375977,0.010746955871582031,0.011553764343261719,0.01099085807800293,0.01099705696105957,0.011219263076782227
0.26	GNN	0.3192179203033447,0.2431788444519043,0.28711891174316406,0.23396921157836914,0.2426750659942627,0.23890423774719238,0.2370131015777588,0.2658200263977051,0.3833799362182617,0.27117395401000977,0.2723081111907959,0.258070707321167,0.3288540840148926,0.35800790786743164,0.33888888359069824,0.23969793319702148,0.248460054397583,0.3263561725616455,0.445112943649292,0.23930120468139648,0.3434157371520996,0.23624563217163086,0.34180498123168945,0.23989295959472656,0.25696897506713867,0.24024510383605957,0.26916980743408203,0.3384668827056885,0.3093278408050537,0.31078672409057617,0.4884378910064697,0.2611961364746094,0.25157999992370605,0.29422998428344727,0.23954510688781738,0.23688817024230957,0.23747682571411133,0.24542593955993652,0.3945028781890869,0.2969338893890381,0.24415326118469238,0.31402111053466797,0.32969188690185547,0.2506110668182373,0.2935221195220947,0.23237872123718262,0.346843957901001,0.31961607933044434,0.2723729610443115,0.2683749198913574,0.4023621082305908,0.2555570602416992,0.26577305793762207,0.35874199867248535,0.2398967742919922,0.23512697219848633,0.26305294036865234,0.2336900234222412,0.25514793395996094,0.2351069450378418,0.2729330062866211,0.33034276962280273,0.3964409828186035,0.2525179386138916,0.2384169101715088,0.2377488613128662,0.2684040069580078,0.2610049247741699,0.38341784477233887,0.24986910820007324,0.31075620651245117,0.49391913414001465,0.23517394065856934,0.26855015754699707,0.31420302391052246,0.2363450527191162,0.3487370014190674,0.4242870807647705,0.3331420421600342,0.2657620906829834,0.24408793449401855,0.40609192848205566,0.29963088035583496,0.2943229675292969,0.24205899238586426,0.38307905197143555,0.26944470405578613,0.24380111694335938,0.3085300922393799,0.39890623092651367,0.5007259845733643,0.23675918579101562,0.2375192642211914,0.39976000785827637,0.3583097457885742,0.2980079650878906,0.3576221466064453,0.5104451179504395,0.24981188774108887,0.27513718605041504,0.2442619800567627,0.24648427963256836,0.4557509422302246,0.2476949691772461,0.37037110328674316,0.3318028450012207,0.31165099143981934,0.2343921661376953,0.26797008514404297,0.3170619010925293,0.25882411003112793,0.2889418601989746,0.33655714988708496,0.23747014999389648,0.2567582130432129,0.24090981483459473,0.23368477821350098,0.2906630039215088,0.3169541358947754,0.26447224617004395,0.4287428855895996,0.37759995460510254,0.4462721347808838,0.3433971405029297,0.43442511558532715,0.23520278930664062,0.27841782569885254,0.44268298149108887,0.2665081024169922,0.5981197357177734,0.23768019676208496,0.28658580780029297,0.24521112442016602,0.3851809501647949,0.36042022705078125,0.42677807807922363,0.2764010429382324,0.2814011573791504,0.23756122589111328,0.23558974266052246,0.3297138214111328,0.24459600448608398,0.4871079921722412,0.2356710433959961,0.3314990997314453,0.24473810195922852,0.3071601390838623,0.339918851852417,0.2584061622619629,0.33446407318115234,0.3061518669128418,0.2855947017669678,0.25824403762817383,0.38295674324035645,0.2729678153991699,0.23479676246643066,0.25676989555358887,0.24085402488708496,0.308790922164917,0.2616291046142578,0.2682340145111084,0.23776578903198242,0.30249595642089844,0.23967385292053223,0.23889589309692383,0.3796107769012451,0.26597094535827637,0.4578979015350342,0.564842939376831,0.23719501495361328,0.23961210250854492,0.24523401260375977,0.34308505058288574,0.24302172660827637,0.29514408111572266,0.25104308128356934,0.2457258701324463,0.24409222602844238,0.3740077018737793,0.33307576179504395,0.4230201244354248,0.2582850456237793,0.3141751289367676,0.23467493057250977,0.3516097068786621,0.24142003059387207,0.2522411346435547,0.3011140823364258,0.31165480613708496,0.23500871658325195,0.2748427391052246,0.5468509197235107,0.23705410957336426,0.2946047782897949,0.23409676551818848,0.23775410652160645,0.32044315338134766,0.24732279777526855,0.3410806655883789,0.23692798614501953
0.26	GG	0.24167084693908691,0.23696017265319824,0.23638010025024414,0.28539085388183594,0.23528695106506348,0.3265960216522217,0.43039894104003906,0.3241920471191406,0.25074100494384766,0.32738780975341797,0.23451018333435059,0.6420469284057617,0.23579096794128418,0.23414897918701172,0.35541296005249023,0.4206368923187256,0.33592987060546875,0.23493313789367676,0.40463995933532715,0.31932592391967773,0.44866394996643066,0.5675439834594727,0.24124503135681152,0.6833431720733643,0.28525400161743164,0.23576617240905762,0.5228993892669678,0.2571258544921875,0.5082130432128906,0.47275805473327637,0.5107591152191162,0.23528385162353516,0.5607280731201172,0.2908022403717041,0.39072513580322266,0.6233279705047607,0.4064478874206543,0.23459792137145996,0.3319852352142334,0.23404479026794434,0.3297998905181885,0.28786802291870117,0.3688240051269531,0.3544011116027832,0.40329790115356445,0.32232213020324707,0.3139641284942627,0.45819091796875,0.438967227935791,0.26886796951293945,0.26477813720703125,0.4422028064727783,0.5246992111206055,0.3002440929412842,0.23631811141967773,0.3224480152130127,0.377392053604126,0.23441720008850098,0.2606048583984375,0.43584322929382324,0.4969630241394043,0.6016020774841309,0.27675604820251465,0.3452119827270508,0.35080885887145996,0.3249390125274658,0.28252100944519043,0.2344362735748291,0.5199849605560303,0.36785197257995605,0.4310009479522705,0.2397148609161377,0.48928403854370117,0.23594212532043457,0.4085969924926758,0.23742175102233887,0.23546981811523438,0.2372908592224121,0.4890742301940918,0.23472094535827637,0.2364358901977539,0.3992130756378174,0.2939321994781494,0.22875189781188965,0.24103403091430664,0.23788070678710938,0.24477577209472656,0.24483895301818848,0.2333228588104248,0.27692103385925293,0.4144871234893799,0.4653182029724121,0.23903822898864746,0.590587854385376,0.6593520641326904,0.23422503471374512,0.2841060161590576,0.46060991287231445,0.4114658832550049,0.315248966217041,0.50732421875,0.3438289165496826,0.3707730770111084,0.6371047496795654,0.24666690826416016,0.28900885581970215,0.46448731422424316,0.23882389068603516,0.41567420959472656,0.29241394996643066,0.2392880916595459,0.2568941116333008,0.4150221347808838,0.23224115371704102,0.25328588485717773,0.6321918964385986,0.23839330673217773,0.23241186141967773,0.3183300495147705,0.4327840805053711,0.23759913444519043,0.2581009864807129,0.29892826080322266,0.23652982711791992,0.31785011291503906,0.23142600059509277,0.38629698753356934,0.2916901111602783,0.3175787925720215,0.23664498329162598,0.3119077682495117,0.24028682708740234,0.2400069236755371,0.23824000358581543,0.23625588417053223,0.23615789413452148,0.23702192306518555,0.23670411109924316,0.49347996711730957,0.2944490909576416,0.23479676246643066,0.23659300804138184,0.2367839813232422,0.29756903648376465,0.2835879325866699,0.42441701889038086,0.3316020965576172,0.23576807975769043,0.4303128719329834,0.41802334785461426,0.2556421756744385,0.2349700927734375,0.24893522262573242,0.25952816009521484,0.23673701286315918,0.634026050567627,0.35369086265563965,0.23596906661987305,0.3184347152709961,0.3466639518737793,0.5416707992553711,0.41027307510375977,0.2798178195953369,0.3405888080596924,0.36226701736450195,0.44594812393188477,0.5468318462371826,0.2426459789276123,0.2460920810699463,0.3059210777282715,0.24146699905395508,0.5678730010986328,0.28845906257629395,0.23333215713500977,0.3819751739501953,0.23786187171936035,0.27207303047180176,0.4660170078277588,0.4858970642089844,0.27622485160827637,0.3219618797302246,0.2727489471435547,0.27687501907348633,0.2350611686706543,0.23508691787719727,0.5497207641601562,0.584568977355957,0.35312700271606445,0.33965206146240234,0.6034219264984131,0.23424911499023438,0.34259605407714844,0.25629091262817383,0.23890399932861328,0.23329782485961914,0.23810410499572754,0.2999589443206787,0.5123822689056396,0.2777876853942871,0.2672910690307617
0.26	GG2	0.24167084693908691,0.23696017265319824,0.23638010025024414,0.28539085388183594,0.23528695106506348,0.3265960216522217,0.43039894104003906,0.3241920471191406,0.25074100494384766,0.32738780975341797,0.23451018333435059,0.6420469284057617,0.23579096794128418,0.23414897918701172,0.35541296005249023,0.4206368923187256,0.33592987060546875,0.23493313789367676,0.40463995933532715,0.31932592391967773,0.44866394996643066,0.5675439834594727,0.24124503135681152,0.6833431720733643,0.28525400161743164,0.23576617240905762,0.5228993892669678,0.2571258544921875,0.5082130432128906,0.47275805473327637,0.5107591152191162,0.23528385162353516,0.5607280731201172,0.2908022403717041,0.39072513580322266,0.6233279705047607,0.4064478874206543,0.23459792137145996,0.3319852352142334,0.23404479026794434,0.3297998905181885,0.28786802291870117,0.3688240051269531,0.3544011116027832,0.40329790115356445,0.32232213020324707,0.3139641284942627,0.45819091796875,0.438967227935791,0.26886796951293945,0.26477813720703125,0.4422028064727783,0.5246992111206055,0.3002440929412842,0.23631811141967773,0.3224480152130127,0.377392053604126,0.23441720008850098,0.2606048583984375,0.43584322929382324,0.4969630241394043,0.6016020774841309,0.27675604820251465,0.3452119827270508,0.35080885887145996,0.3249390125274658,0.28252100944519043,0.2344362735748291,0.5199849605560303,0.36785197257995605,0.4310009479522705,0.2397148609161377,0.48928403854370117,0.23594212532043457,0.4085969924926758,0.23742175102233887,0.23546981811523438,0.2372908592224121,0.4890742301940918,0.23472094535827637,0.2364358901977539,0.3992130756378174,0.2939321994781494,0.22875189781188965,0.24103403091430664,0.23788070678710938,0.24477577209472656,0.24483895301818848,0.2333228588104248,0.27692103385925293,0.4144871234893799,0.4653182029724121,0.23903822898864746,0.590587854385376,0.6593520641326904,0.23422503471374512,0.2841060161590576,0.46060991287231445,0.4114658832550049,0.315248966217041,0.50732421875,0.3438289165496826,0.3707730770111084,0.6371047496795654,0.24666690826416016,0.28900885581970215,0.46448731422424316,0.23882389068603516,0.41567420959472656,0.29241394996643066,0.2392880916595459,0.2568941116333008,0.4150221347808838,0.23224115371704102,0.25328588485717773,0.6321918964385986,0.23839330673217773,0.23241186141967773,0.3183300495147705,0.4327840805053711,0.23759913444519043,0.2581009864807129,0.29892826080322266,0.23652982711791992,0.31785011291503906,0.23142600059509277,0.38629698753356934,0.2916901111602783,0.3175787925720215,0.23664498329162598,0.3119077682495117,0.24028682708740234,0.2400069236755371,0.23824000358581543,0.23625588417053223,0.23615789413452148,0.23702192306518555,0.23670411109924316,0.49347996711730957,0.2944490909576416,0.23479676246643066,0.23659300804138184,0.2367839813232422,0.29756903648376465,0.2835879325866699,0.42441701889038086,0.3316020965576172,0.23576807975769043,0.4303128719329834,0.41802334785461426,0.2556421756744385,0.2349700927734375,0.24893522262573242,0.25952816009521484,0.23673701286315918,0.634026050567627,0.35369086265563965,0.23596906661987305,0.3184347152709961,0.3466639518737793,0.5416707992553711,0.41027307510375977,0.2798178195953369,0.3405888080596924,0.36226701736450195,0.44594812393188477,0.5468318462371826,0.2426459789276123,0.2460920810699463,0.3059210777282715,0.24146699905395508,0.5678730010986328,0.28845906257629395,0.23333215713500977,0.3819751739501953,0.23786187171936035,0.27207303047180176,0.4660170078277588,0.4858970642089844,0.27622485160827637,0.3219618797302246,0.2727489471435547,0.27687501907348633,0.2350611686706543,0.23508691787719727,0.5497207641601562,0.584568977355957,0.35312700271606445,0.33965206146240234,0.6034219264984131,0.23424911499023438,0.34259605407714844,0.25629091262817383,0.23890399932861328,0.23329782485961914,0.23810410499572754,0.2999589443206787,0.5123822689056396,0.2777876853942871,0.2672910690307617
0.28	GEE	0.010907888412475586,0.011268854141235352,0.011034727096557617,0.010920286178588867,0.010499000549316406,0.011014938354492188,0.011048078536987305,0.011158943176269531,0.010871171951293945,0.010795116424560547,0.010866165161132812,0.010908842086791992,0.010529041290283203,0.01145482063293457,0.010751008987426758,0.010867118835449219,0.011479616165161133,0.010891199111938477,0.01067209243774414,0.010863065719604492,0.011497974395751953,0.01092982292175293,0.011511802673339844,0.01107478141784668,0.010831117630004883,0.01094508171081543,0.010980844497680664,0.011116743087768555,0.010889291763305664,0.010851144790649414,0.010985851287841797,0.011052131652832031,0.011024951934814453,0.011053800582885742,0.01100611686706543,0.010869979858398438,0.010888099670410156,0.010978937149047852,0.011262178421020508,0.010789155960083008,0.01055908203125,0.011270999908447266,0.010949134826660156,0.010842084884643555,0.01125192642211914,0.0109100341796875,0.011366844177246094,0.010927200317382812,0.010977029800415039,0.010766029357910156,0.010775089263916016,0.011279106140136719,0.011046886444091797,0.011164188385009766,0.011000871658325195,0.011179924011230469,0.010984182357788086,0.011066913604736328,0.011022090911865234,0.011059045791625977,0.010697126388549805,0.011213064193725586,0.010921239852905273,0.011056184768676758,0.01112508773803711,0.010957717895507812,0.011007070541381836,0.011025190353393555,0.011091232299804688,0.010882139205932617,0.011146068572998047,0.011272907257080078,0.010783910751342773,0.010879993438720703,0.011523246765136719,0.01069188117980957,0.011362075805664062,0.011069059371948242,0.01088094711303711,0.011262178421020508,0.010904073715209961,0.011091947555541992,0.01092386245727539,0.01088094711303711,0.010718107223510742,0.011028051376342773,0.011007070541381836,0.011252164840698242,0.01118779182434082,0.011208057403564453,0.011015892028808594,0.010725021362304688,0.010890007019042969,0.010899066925048828,0.011030912399291992,0.011153936386108398,0.011255025863647461,0.0109710693359375,0.010851144790649414,0.0113677978515625,0.010787725448608398,0.011021137237548828,0.010923147201538086,0.010998964309692383,0.01108407974243164,0.010978937149047852,0.011255979537963867,0.010820150375366211,0.011662960052490234,0.011216878890991211,0.011214971542358398,0.011183023452758789,0.010887384414672852,0.010944128036499023,0.011096000671386719,0.01099395751953125,0.011035919189453125,0.01102900505065918,0.011277198791503906,0.011010169982910156,0.010824203491210938,0.010834932327270508,0.011330127716064453,0.010828018188476562,0.01108407974243164,0.011049032211303711,0.011322259902954102,0.01095724105834961,0.010883092880249023,0.01113271713256836,0.011075019836425781,0.011340141296386719,0.011285066604614258,0.011216878890991211,0.010950803756713867,0.011111974716186523,0.011229991912841797,0.011134147644042969,0.011239767074584961,0.01102900505065918,0.011048078536987305,0.011103153228759766,0.010815858840942383,0.011043787002563477,0.010962963104248047,0.010972976684570312,0.01122283935546875,0.011123895645141602,0.010766983032226562,0.011246681213378906,0.011018991470336914,0.011569738388061523,0.01135110855102539,0.01087498664855957,0.01081705093383789,0.010797739028930664,0.01083517074584961,0.011183977127075195,0.010941743850708008,0.010957956314086914,0.010786771774291992,0.011087894439697266,0.01091909408569336,0.011250972747802734,0.010843992233276367,0.010896921157836914,0.010831832885742188,0.011022090911865234,0.011143207550048828,0.01093292236328125,0.010979890823364258,0.010905027389526367,0.011039972305297852,0.01096796989440918,0.010835886001586914,0.010917186737060547,0.010860204696655273,0.011009931564331055,0.01095724105834961,0.01122593879699707,0.011034965515136719,0.010843992233276367,0.01116490364074707,0.010799884796142578,0.010989904403686523,0.010950803756713867,0.01128697395324707,0.010872125625610352,0.0111846923828125,0.01106882095336914,0.011118888854980469,0.011553764343261719,0.011230230331420898,0.010744810104370117,0.011363029479980469,0.011061906814575195,0.011197805404663086,0.01089167594909668,0.010907888412475586,0.010972023010253906
0.28	GNN	0.2576436996459961,0.25958704948425293,0.27512025833129883,0.2502717971801758,0.25136899948120117,0.24266910552978516,0.3323791027069092,0.24344515800476074,0.27926206588745117,0.24988603591918945,0.4086339473724365,0.24481797218322754,0.23624300956726074,0.29232001304626465,0.23710227012634277,0.240739107131958,0.42623424530029297,0.2426290512084961,0.4100830554962158,0.24905991554260254,0.23725223541259766,0.23656702041625977,0.2471301555633545,0.24500608444213867,0.32126617431640625,0.2509632110595703,0.24865317344665527,0.29111576080322266,0.2585437297821045,0.261523962020874,0.41764402389526367,0.3205568790435791,0.3591442108154297,0.24735307693481445,0.23852801322937012,0.3797140121459961,0.24123406410217285,0.2390592098236084,0.30115294456481934,0.3776237964630127,0.23883795738220215,0.24349117279052734,0.2711982727050781,0.23809409141540527,0.27439212799072266,0.2401130199432373,0.39679813385009766,0.24689316749572754,0.23828482627868652,0.23615097999572754,0.37170886993408203,0.32079267501831055,0.2519958019256592,0.3241770267486572,0.3591761589050293,0.24065589904785156,0.2416071891784668,0.2807810306549072,0.2539658546447754,0.2879948616027832,0.42220187187194824,0.2477881908416748,0.3607637882232666,0.3950231075286865,0.2447681427001953,0.3094801902770996,0.35544490814208984,0.5339889526367188,0.23978590965270996,0.33002638816833496,0.23761272430419922,0.2423107624053955,0.23731112480163574,0.23972105979919434,0.26593685150146484,0.617699146270752,0.26311182975769043,0.26796984672546387,0.36636996269226074,0.5245711803436279,0.2738611698150635,0.3044259548187256,0.29418277740478516,0.2601320743560791,0.2412858009338379,0.45711421966552734,0.3439168930053711,0.7388861179351807,0.3731539249420166,0.29866909980773926,0.324970006942749,0.23995590209960938,0.30438995361328125,0.41759324073791504,0.238724946975708,0.29717206954956055,0.2376720905303955,0.2458968162536621,0.2618579864501953,0.37935471534729004,0.24241995811462402,0.26085925102233887,0.3000049591064453,0.2554171085357666,0.36968088150024414,0.2835860252380371,0.24742770195007324,0.23945403099060059,0.4431438446044922,0.3315613269805908,0.24641203880310059,0.2806971073150635,0.32483911514282227,0.30232787132263184,0.25055503845214844,0.2419288158416748,0.2526509761810303,0.3723258972167969,0.3126490116119385,0.36087918281555176,0.25016212463378906,0.2388591766357422,0.24564695358276367,0.2496037483215332,0.26288580894470215,0.313366174697876,0.2787020206451416,0.32326507568359375,0.2699272632598877,0.2996249198913574,0.2541799545288086,0.2577691078186035,0.2670557498931885,0.31374597549438477,0.2870950698852539,0.3391242027282715,0.24287700653076172,0.24189996719360352,0.31836700439453125,0.4006171226501465,0.27936577796936035,0.24276185035705566,0.3804171085357666,0.23703789710998535,0.2737259864807129,0.24939203262329102,0.28290295600891113,0.2735579013824463,0.45833325386047363,0.4526991844177246,0.47122693061828613,0.24258875846862793,0.2507641315460205,0.47672009468078613,0.23926615715026855,0.24860095977783203,0.23691391944885254,0.29877209663391113,0.38509416580200195,0.29236912727355957,0.2512228488922119,0.25476884841918945,0.361069917678833,0.2470409870147705,0.2721140384674072,0.2970590591430664,0.3022468090057373,0.35968899726867676,0.23851394653320312,0.29549121856689453,0.3099508285522461,0.24203705787658691,0.29642701148986816,0.23899483680725098,0.386246919631958,0.2578091621398926,0.24547600746154785,0.32988500595092773,0.32680296897888184,0.3611478805541992,0.24303007125854492,0.31122398376464844,0.2657909393310547,0.26471805572509766,0.2437748908996582,0.27198219299316406,0.25051069259643555,0.2575531005859375,0.46738100051879883,0.24490809440612793,0.42163610458374023,0.395122766494751,0.23755693435668945,0.2733628749847412,0.44498586654663086,0.3854520320892334,0.23999905586242676,0.26436710357666016,0.23819780349731445,0.31496500968933105
0.28	GG	0.24583101272583008,0.3194868564605713,0.7278480529785156,0.2652120590209961,0.23844218254089355,0.44687795639038086,0.23471593856811523,0.2669830322265625,0.2365419864654541,0.4935591220855713,0.24008893966674805,0.4668850898742676,0.5073468685150146,0.4637422561645508,0.23925089836120605,0.4344749450683594,0.24106812477111816,0.23793387413024902,0.5078492164611816,0.24645495414733887,0.3791048526763916,0.33496975898742676,0.23674273490905762,0.45397281646728516,0.24089503288269043,0.23692083358764648,0.23667669296264648,0.4261598587036133,0.2742912769317627,0.24010992050170898,0.7410402297973633,0.5616462230682373,0.2962210178375244,0.23761987686157227,0.25327205657958984,0.39008498191833496,0.6997888088226318,0.23798108100891113,0.23763084411621094,0.2852349281311035,0.3930840492248535,0.7064409255981445,0.23628807067871094,0.32279324531555176,0.36145472526550293,0.23629498481750488,0.46366214752197266,0.516427755355835,0.2382519245147705,0.32404208183288574,0.23984003067016602,0.23955011367797852,0.32928895950317383,0.23485207557678223,0.42269372940063477,0.30382394790649414,0.3101680278778076,0.4003298282623291,0.28972887992858887,0.36258482933044434,0.28598523139953613,0.23714208602905273,0.4612131118774414,0.40677809715270996,0.3898289203643799,0.6186320781707764,0.39601993560791016,0.3242759704589844,0.5680289268493652,0.23844075202941895,0.49135684967041016,0.39281320571899414,0.235137939453125,0.2719709873199463,0.2728409767150879,0.23996591567993164,0.3255000114440918,0.6041710376739502,0.23874711990356445,0.23965191841125488,0.2489469051361084,0.494901180267334,0.2386937141418457,0.4756739139556885,0.31486082077026367,0.23871088027954102,0.35628318786621094,0.23644685745239258,0.47832608222961426,0.2618110179901123,0.32473015785217285,0.23781895637512207,0.3637819290161133,0.23729610443115234,0.23422908782958984,0.2826828956604004,0.3489398956298828,0.42426300048828125,0.5785930156707764,0.4186379909515381,0.44425177574157715,0.2381289005279541,0.2398700714111328,0.4426090717315674,0.32881593704223633,0.5049259662628174,0.6236059665679932,0.23905372619628906,0.24184608459472656,0.40370893478393555,0.295551061630249,0.3138279914855957,0.23989605903625488,0.2389812469482422,0.33020710945129395,0.5606300830841064,0.39195704460144043,0.23894906044006348,0.24587106704711914,0.4617919921875,0.250108003616333,0.2395780086517334,0.261444091796875,0.5485248565673828,0.709334135055542,0.4411740303039551,0.33533787727355957,0.23772287368774414,0.29914426803588867,0.8921399116516113,0.2378859519958496,0.4954869747161865,0.329221248626709,0.24878191947937012,0.5013277530670166,0.23540210723876953,0.3425710201263428,0.6307780742645264,0.23801398277282715,0.3166038990020752,0.2353520393371582,0.23684930801391602,0.2718522548675537,0.23933792114257812,0.2777400016784668,0.2804450988769531,0.39592885971069336,0.44200873374938965,0.2387709617614746,0.3446218967437744,0.25286388397216797,0.27843689918518066,0.683265209197998,0.32019996643066406,0.24229788780212402,0.4577207565307617,0.40711116790771484,0.4164729118347168,0.23755192756652832,0.28757190704345703,0.5567982196807861,0.33148193359375,0.45938777923583984,0.4134798049926758,0.26517391204833984,0.4444239139556885,0.5176539421081543,0.27617979049682617,0.23728394508361816,0.2769899368286133,0.3822298049926758,0.23783493041992188,0.48452305793762207,0.5164270401000977,0.41645216941833496,0.23685503005981445,0.23864197731018066,0.4294271469116211,0.45293593406677246,0.5091619491577148,0.3258681297302246,0.2425248622894287,0.37574076652526855,0.33561205863952637,0.39838504791259766,0.2375810146331787,0.23967981338500977,0.44042181968688965,0.29023003578186035,0.6849439144134521,0.28289103507995605,0.4576272964477539,0.27112293243408203,0.3421623706817627,0.27272486686706543,0.25431132316589355,0.33368921279907227,0.23659110069274902,0.24900031089782715,0.2718198299407959
0.28	GG2	0.24583101272583008,0.3194868564605713,0.7278480529785156,0.2652120590209961,0.23844218254089355,0.44687795639038086,0.23471593856811523,0.2669830322265625,0.2365419864654541,0.4935591220855713,0.24008893966674805,0.4668850898742676,0.5073468685150146,0.4637422561645508,0.23925089836120605,0.4344749450683594,0.24106812477111816,0.23793387413024902,0.5078492164611816,0.24645495414733887,0.3791048526763916,0.33496975898742676,0.23674273490905762,0.45397281646728516,0.24089503288269043,0.23692083358764648,0.23667669296264648,0.4261598587036133,0.2742912769317627,0.24010992050170898,0.7410402297973633,0.5616462230682373,0.2962210178375244,0.23761987686157227,0.25327205657958984,0.39008498191833496,0.6997888088226318,0.23798108100891113,0.23763084411621094,0.2852349281311035,0.3930840492248535,0.7064409255981445,0.23628807067871094,0.32279324531555176,0.36145472526550293,0.23629498481750488,0.46366214752197266,0.516427755355835,0.2382519245147705,0.32404208183288574,0.23984003067016602,0.23955011367797852,0.32928895950317383,0.23485207557678223,0.42269372940063477,0.30382394790649414,0.3101680278778076,0.4003298282623291,0.28972887992858887,0.36258482933044434,0.28598523139953613,0.23714208602905273,0.4612131118774414,0.40677809715270996,0.3898289203643799,0.6186320781707764,0.39601993560791016,0.3242759704589844,0.5680289268493652,0.23844075202941895,0.49135684967041016,0.39281320571899414,0.235137939453125,0.2719709873199463,0.2728409767150879,0.23996591567993164,0.3255000114440918,0.6041710376739502,0.23874711990356445,0.23965191841125488,0.2489469051361084,0.494901180267334,0.2386937141418457,0.4756739139556885,0.31486082077026367,0.23871088027954102,0.35628318786621094,0.23644685745239258,0.47832608222961426,0.2618110179901123,0.32473015785217285,0.23781895637512207,0.3637819290161133,0.23729610443115234,0.23422908782958984,0.2826828956604004,0.3489398956298828,0.42426300048828125,0.5785930156707764,0.4186379909515381,0.44425177574157715,0.2381289005279541,0.2398700714111328,0.4426090717315674,0.32881593704223633,0.5049259662628174,0.6236059665679932,0.23905372619628906,0.24184608459472656,0.40370893478393555,0.295551061630249,0.3138279914855957,0.23989605903625488,0.2389812469482422,0.33020710945129395,0.5606300830841064,0.39195704460144043,0.23894906044006348,0.24587106704711914,0.4617919921875,0.250108003616333,0.2395780086517334,0.261444091796875,0.5485248565673828,0.709334135055542,0.4411740303039551,0.33533787727355957,0.23772287368774414,0.29914426803588867,0.8921399116516113,0.2378859519958496,0.4954869747161865,0.329221248626709,0.24878191947937012,0.5013277530670166,0.23540210723876953,0.3425710201263428,0.6307780742645264,0.23801398277282715,0.3166038990020752,0.2353520393371582,0.23684930801391602,0.2718522548675537,0.23933792114257812,0.2777400016784668,0.2804450988769531,0.39592885971069336,0.44200873374938965,0.2387709617614746,0.3446218967437744,0.25286388397216797,0.27843689918518066,0.683265209197998,0.32019996643066406,0.24229788780212402,0.4577207565307617,0.40711116790771484,0.4164729118347168,0.23755192756652832,0.28757190704345703,0.5567982196807861,0.33148193359375,0.45938777923583984,0.4134798049926758,0.26517391204833984,0.4444239139556885,0.5176539421081543,0.27617979049682617,0.23728394508361816,0.2769899368286133,0.3822298049926758,0.23783493041992188,0.48452305793762207,0.5164270401000977,0.41645216941833496,0.23685503005981445,0.23864197731018066,0.4294271469116211,0.45293593406677246,0.5091619491577148,0.3258681297302246,0.2425248622894287,0.37574076652526855,0.33561205863952637,0.39838504791259766,0.2375810146331787,0.23967981338500977,0.44042181968688965,0.29023003578186035,0.6849439144134521,0.28289103507995605,0.4576272964477539,0.27112293243408203,0.3421623706817627,0.27272486686706543,0.25431132316589355,0.33368921279907227,0.23659110069274902,0.24900031089782715,0.2718198299407959
0.3	GEE	0.012192010879516602,0.011908769607543945,0.012449026107788086,0.01215672492980957,0.012184858322143555,0.012162208557128906,0.012582063674926758,0.011999368667602539,0.012228012084960938,0.012590169906616211,0.012478113174438477,0.012452840805053711,0.01221609115600586,0.012629032135009766,0.012132883071899414,0.012289047241210938,0.012924909591674805,0.012475252151489258,0.012457132339477539,0.01296687126159668,0.012202024459838867,0.012525081634521484,0.012507915496826172,0.01230621337890625,0.012014150619506836,0.012373924255371094,0.012234926223754883,0.011923074722290039,0.012406110763549805,0.012782812118530273,0.01232004165649414,0.012376785278320312,0.012310981750488281,0.012480020523071289,0.012598037719726562,0.012504100799560547,0.012037992477416992,0.012423992156982422,0.012218952178955078,0.012338876724243164,0.0123291015625,0.012315988540649414,0.01205301284790039,0.012385129928588867,0.012644052505493164,0.012962818145751953,0.01240396499633789,0.012481927871704102,0.01232004165649414,0.012185811996459961,0.012430191040039062,0.012081146240234375,0.012185096740722656,0.012722015380859375,0.01256418228149414,0.012111186981201172,0.012690305709838867,0.012183189392089844,0.011898994445800781,0.012207984924316406,0.012311220169067383,0.012382984161376953,0.012336015701293945,0.012232303619384766,0.012354135513305664,0.012468099594116211,0.01244497299194336,0.012453794479370117,0.01236724853515625,0.012814044952392578,0.01268315315246582,0.012338876724243164,0.012319803237915039,0.012308120727539062,0.012438774108886719,0.012521982192993164,0.012259960174560547,0.012178897857666016,0.012516975402832031,0.012550115585327148,0.012169837951660156,0.012497901916503906,0.012318134307861328,0.012321949005126953,0.012522220611572266,0.012394905090332031,0.012257099151611328,0.012890100479125977,0.012623071670532227,0.012109994888305664,0.012403249740600586,0.012636899948120117,0.012362241744995117,0.012502193450927734,0.012542963027954102,0.01220703125,0.01244807243347168,0.012181997299194336,0.012647867202758789,0.012616872787475586,0.012221813201904297,0.012073278427124023,0.01265096664428711,0.012086629867553711,0.012248039245605469,0.012217998504638672,0.012471914291381836,0.012490034103393555,0.012546062469482422,0.012429952621459961,0.012238740921020508,0.012802839279174805,0.012372970581054688,0.012565851211547852,0.012295007705688477,0.012516021728515625,0.01219487190246582,0.012218952178955078,0.0123748779296875,0.012413978576660156,0.012254953384399414,0.012122869491577148,0.012076854705810547,0.0129852294921875,0.012152671813964844,0.012380838394165039,0.01227712631225586,0.012108087539672852,0.012313127517700195,0.012521982192993164,0.01228189468383789,0.012507915496826172,0.012045860290527344,0.012683868408203125,0.012314796447753906,0.012317180633544922,0.012259960174560547,0.012354612350463867,0.012118816375732422,0.01285099983215332,0.012573003768920898,0.012134075164794922,0.01252603530883789,0.012230157852172852,0.012427091598510742,0.011992692947387695,0.012264013290405273,0.012493133544921875,0.012434959411621094,0.012104272842407227,0.012418746948242188,0.012839794158935547,0.012143135070800781,0.012561798095703125,0.012505054473876953,0.012616395950317383,0.012640953063964844,0.01242375373840332,0.01240396499633789,0.012449026107788086,0.012195110321044922,0.012691020965576172,0.012695789337158203,0.012485265731811523,0.013013124465942383,0.01248311996459961,0.012270212173461914,0.012152910232543945,0.012724161148071289,0.012598037719726562,0.012341022491455078,0.012845993041992188,0.012225866317749023,0.012452125549316406,0.012566089630126953,0.012366771697998047,0.012194156646728516,0.012822151184082031,0.012599945068359375,0.012637853622436523,0.012055158615112305,0.012429237365722656,0.012352943420410156,0.012543916702270508,0.012437582015991211,0.012317895889282227,0.01226806640625,0.012175798416137695,0.012525081634521484,0.012813091278076172,0.01234579086303711,0.012446880340576172,0.012299060821533203,0.012617111206054688,0.012098073959350586,0.012122869491577148,0.012604951858520508,0.012150049209594727,0.012409687042236328,0.012606143951416016
0.3	GNN	0.3725090026855469,0.25977230072021484,0.3101067543029785,0.3710348606109619,0.24753522872924805,0.2460479736328125,0.24495625495910645,0.2651839256286621,0.25949597358703613,0.38532018661499023,0.42991113662719727,0.3277578353881836,0.37926816940307617,0.25966906547546387,0.24441194534301758,0.3022289276123047,0.289348840713501,0.24850702285766602,0.2934451103210449,0.24667596817016602,0.39409899711608887,0.24265193939208984,0.24727296829223633,0.25710487365722656,0.2788829803466797,0.2724742889404297,0.24648022651672363,0.2473771572113037,0.2956249713897705,0.28540635108947754,0.41252613067626953,0.24448680877685547,0.27619385719299316,0.2507491111755371,0.24771785736083984,0.24558591842651367,0.25597310066223145,0.2480459213256836,0.3298211097717285,0.36184191703796387,0.250136137008667,0.3826181888580322,0.269150972366333,0.27921175956726074,0.25298500061035156,0.24532008171081543,0.3246798515319824,0.4704859256744385,0.2702968120574951,0.7237160205841064,0.3829357624053955,0.26058006286621094,0.3390631675720215,0.24697017669677734,0.2505381107330322,0.2541210651397705,0.26444292068481445,0.36562108993530273,0.2895619869232178,0.2710452079772949,0.25010108947753906,0.31553101539611816,0.3678898811340332,0.2499699592590332,0.43848609924316406,0.30494117736816406,0.33257508277893066,0.2474501132965088,0.29113101959228516,0.46162891387939453,0.2468562126159668,0.7009139060974121,0.2527329921722412,0.25667715072631836,0.2581949234008789,0.3907136917114258,0.26014018058776855,0.30643200874328613,0.3978090286254883,0.35501790046691895,0.5727920532226562,0.3721482753753662,0.24555325508117676,0.3835139274597168,0.259584903717041,0.24934720993041992,0.28012800216674805,0.3327658176422119,0.3951742649078369,0.3185582160949707,0.24982285499572754,0.2627248764038086,0.24809002876281738,0.2766749858856201,0.25191187858581543,0.29524707794189453,0.2982199192047119,0.45686984062194824,0.4177110195159912,0.24878501892089844,0.27197790145874023,0.28480982780456543,0.268902063369751,0.2587869167327881,0.39392995834350586,0.32181406021118164,0.266294002532959,0.3051271438598633,0.3024566173553467,0.2760441303253174,0.24561214447021484,0.3039557933807373,0.2762269973754883,0.2572782039642334,0.5047519207000732,0.2601509094238281,0.24552702903747559,0.266387939453125,0.4440162181854248,0.2511019706726074,0.2642250061035156,0.25368213653564453,0.25353026390075684,0.24582886695861816,0.24460411071777344,0.3208470344543457,0.24971795082092285,0.25096607208251953,0.24970412254333496,0.2767190933227539,0.2736639976501465,0.32097792625427246,0.35019612312316895,0.2943737506866455,0.2606651782989502,0.3960602283477783,0.40897703170776367,0.25504207611083984,0.254518985748291,0.2504551410675049,0.24804401397705078,0.26459383964538574,0.34053874015808105,0.26027894020080566,0.3078880310058594,0.31267881393432617,0.36160898208618164,0.2448439598083496,0.2505831718444824,0.5106189250946045,0.2855219841003418,0.3705439567565918,0.3743259906768799,0.30283498764038086,0.24669694900512695,0.25871968269348145,0.2894620895385742,0.2606351375579834,0.27721238136291504,0.5703282356262207,0.2546558380126953,0.3175079822540283,0.33609890937805176,0.24699091911315918,0.41650891304016113,0.29582691192626953,0.26206088066101074,0.46442699432373047,0.4366140365600586,0.35994601249694824,0.2547018527984619,0.26105713844299316,0.24747705459594727,0.46975088119506836,0.30086493492126465,0.24846196174621582,0.2614278793334961,0.3163588047027588,0.3993189334869385,0.2501077651977539,0.5321009159088135,0.25507497787475586,0.5016930103302002,0.27071595191955566,0.2938060760498047,0.2615787982940674,0.29958677291870117,0.24636197090148926,0.262923002243042,0.378633975982666,0.26018214225769043,0.26260900497436523,0.27544498443603516,0.5566799640655518,0.32665395736694336,0.576178789138794,0.2504239082336426,0.3406350612640381,0.2461252212524414,0.2839820384979248
0.3	GG	0.401669979095459,0.37653398513793945,0.9323611259460449,0.24214696884155273,0.4084160327911377,0.26128220558166504,0.24685907363891602,0.39697980880737305,0.3789370059967041,0.5995635986328125,0.39730095863342285,0.4047558307647705,0.24470806121826172,0.24808192253112793,0.4553110599517822,0.24804091453552246,0.30614590644836426,0.28487396240234375,0.24493789672851562,0.28266286849975586,0.24485301971435547,0.39449191093444824,0.39512085914611816,0.25078582763671875,0.4261329174041748,0.3079690933227539,0.24582600593566895,0.24666404724121094,0.3896000385284424,0.24871182441711426,0.2465381622314453,0.3528592586517334,0.24869680404663086,0.680213212966919,0.24606609344482422,0.4390850067138672,0.3522031307220459,0.5435490608215332,0.31646180152893066,0.3729839324951172,0.24843311309814453,0.6917471885681152,0.40636301040649414,0.24742889404296875,0.39042019844055176,0.41274118423461914,0.2459712028503418,0.33434200286865234,0.3262360095977783,0.5939867496490479,0.24667692184448242,0.4357287883758545,0.49341917037963867,0.44147610664367676,0.24870681762695312,0.24542903900146484,0.4658358097076416,0.5226387977600098,0.30779504776000977,0.3290889263153076,0.24680709838867188,0.2451930046081543,0.272136926651001,0.3645029067993164,0.24840569496154785,0.3166508674621582,0.24904704093933105,0.2468883991241455,0.24784588813781738,0.4083709716796875,0.24457383155822754,0.2467329502105713,0.31198906898498535,0.3020639419555664,0.3272440433502197,0.24739718437194824,0.488004207611084,0.2504911422729492,0.5436532497406006,0.47708797454833984,0.495913028717041,0.483752965927124,0.2620871067047119,0.3450191020965576,0.24712514877319336,0.24811077117919922,0.24592828750610352,0.24279499053955078,0.24416494369506836,0.45681214332580566,0.38355517387390137,0.5024292469024658,0.24208307266235352,0.2683441638946533,0.49019908905029297,0.4058959484100342,0.2947821617126465,0.2434077262878418,0.2709379196166992,0.8068139553070068,0.3749268054962158,0.5167200565338135,0.4728672504425049,0.24611186981201172,0.24412798881530762,0.5632991790771484,0.3771231174468994,0.6667611598968506,0.24540400505065918,0.29134535789489746,0.48755812644958496,0.2961997985839844,0.4094247817993164,0.4328436851501465,0.3938319683074951,0.24400782585144043,0.3444368839263916,0.24241209030151367,0.4325411319732666,0.5018198490142822,0.28454089164733887,0.24820303916931152,0.24450397491455078,0.33269596099853516,0.47863221168518066,0.5340070724487305,0.36666393280029297,0.25669288635253906,0.3172421455383301,0.4155409336090088,0.24548006057739258,0.24634099006652832,0.32847118377685547,0.32288217544555664,0.37131190299987793,0.24318695068359375,0.33727431297302246,0.28283023834228516,0.5822169780731201,0.2958531379699707,0.24620985984802246,0.26734018325805664,0.24523591995239258,0.6553120613098145,0.30052685737609863,0.26876091957092285,0.41034412384033203,0.4198007583618164,0.3018178939819336,0.24628806114196777,0.4749281406402588,0.464932918548584,0.44951725006103516,0.36020612716674805,0.24457597732543945,0.24454522132873535,0.300123929977417,0.32523488998413086,0.42330098152160645,0.24911999702453613,0.2644038200378418,0.3981149196624756,0.3855319023132324,0.5148828029632568,0.25423717498779297,0.5469582080841064,0.2626051902770996,0.43965697288513184,0.2473890781402588,0.32286810874938965,0.2779409885406494,0.24186110496520996,0.5400090217590332,0.24604487419128418,0.5195479393005371,0.3750181198120117,0.26320695877075195,0.4232661724090576,0.3069162368774414,0.5866959095001221,0.24491381645202637,0.2524740695953369,0.33817124366760254,0.513120174407959,0.2467939853668213,0.2475430965423584,0.28440380096435547,0.3351716995239258,0.24932098388671875,0.469851016998291,0.4028940200805664,0.3177616596221924,0.24655985832214355,0.24559617042541504,0.2472670078277588,0.24486994743347168,0.32341933250427246,0.47350192070007324,0.49616098403930664,0.24587106704711914
0.3	GG2	0.401669979095459,0.37653398513793945,0.9323611259460449,0.24214696884155273,0.4084160327911377,0.26128220558166504,0.24685907363891602,0.39697980880737305,0.3789370059967041,0.5995635986328125,0.39730095863342285,0.4047558307647705,0.24470806121826172,0.24808192253112793,0.4553110599517822,0.24804091453552246,0.30614590644836426,0.28487396240234375,0.24493789672851562,0.28266286849975586,0.24485301971435547,0.39449191093444824,0.39512085914611816,0.25078582763671875,0.4261329174041748,0.3079690933227539,0.24582600593566895,0.24666404724121094,0.3896000385284424,0.24871182441711426,0.2465381622314453,0.3528592586517334,0.24869680404663086,0.680213212966919,0.24606609344482422,0.4390850067138672,0.3522031307220459,0.5435490608215332,0.31646180152893066,0.3729839324951172,0.24843311309814453,0.6917471885681152,0.40636301040649414,0.24742889404296875,0.39042019844055176,0.41274118423461914,0.2459712028503418,0.33434200286865234,0.3262360095977783,0.5939867496490479,0.24667692184448242,0.4357287883758545,0.49341917037963867,0.44147610664367676,0.24870681762695312,0.24542903900146484,0.4658358097076416,0.5226387977600098,0.30779504776000977,0.3290889263153076,0.24680709838867188,0.2451930046081543,0.272136926651001,0.3645029067993164,0.24840569496154785,0.3166508674621582,0.24904704093933105,0.2468883991241455,0.24784588813781738,0.4083709716796875,0.24457383155822754,0.2467329502105713,0.31198906898498535,0.3020639419555664,0.3272440433502197,0.24739718437194824,0.488004207611084,0.2504911422729492,0.5436532497406006,0.47708797454833984,0.495913028717041,0.483752965927124,0.2620871067047119,0.3450191020965576,0.24712514877319336,0.24811077117919922,0.24592828750610352,0.24279499053955078,0.24416494369506836,0.45681214332580566,0.38355517387390137,0.5024292469024658,0.24208307266235352,0.2683441638946533,0.49019908905029297,0.4058959484100342,0.2947821617126465,0.2434077262878418,0.2709379196166992,0.8068139553070068,0.3749268054962158,0.5167200565338135,0.4728672504425049,0.24611186981201172,0.24412798881530762,0.5632991790771484,0.3771231174468994,0.6667611598968506,0.24540400505065918,0.29134535789489746,0.48755812644958496,0.2961997985839844,0.4094247817993164,0.4328436851501465,0.3938319683074951,0.24400782585144043,0.3444368839263916,0.24241209030151367,0.4325411319732666,0.5018198490142822,0.28454089164733887,0.24820303916931152,0.24450397491455078,0.33269596099853516,0.47863221168518066,0.5340070724487305,0.36666393280029297,0.25669288635253906,0.3172421455383301,0.4155409336090088,0.24548006057739258,0.24634099006652832,0.32847118377685547,0.32288217544555664,0.37131190299987793,0.24318695068359375,0.33727431297302246,0.28283023834228516,0.5822169780731201,0.2958531379699707,0.24620985984802246,0.26734018325805664,0.24523591995239258,0.6553120613098145,0.30052685737609863,0.26876091957092285,0.41034412384033203,0.4198007583618164,0.3018178939819336,0.24628806114196777,0.4749281406402588,0.464932918548584,0.44951725006103516,0.36020612716674805,0.24457597732543945,0.24454522132873535,0.300123929977417,0.32523488998413086,0.42330098152160645,0.24911999702453613,0.2644038200378418,0.3981149196624756,0.3855319023132324,0.5148828029632568,0.25423717498779297,0.5469582080841064,0.2626051902770996,0.43965697288513184,0.2473890781402588,0.32286810874938965,0.2779409885406494,0.24186110496520996,0.5400090217590332,0.24604487419128418,0.5195479393005371,0.3750181198120117,0.26320695877075195,0.4232661724090576,0.3069162368774414,0.5866959095001221,0.24491381645202637,0.2524740695953369,0.33817124366760254,0.513120174407959,0.2467939853668213,0.2475430965423584,0.28440380096435547,0.3351716995239258,0.24932098388671875,0.469851016998291,0.4028940200805664,0.3177616596221924,0.24655985832214355,0.24559617042541504,0.2472670078277588,0.24486994743347168,0.32341933250427246,0.47350192070007324,0.49616098403930664,0.24587106704711914
