0.0	GEE	0.004588127136230469,0.004326820373535156,0.004236936569213867,0.0042917728424072266,0.004364013671875,0.0044040679931640625,0.004667997360229492,0.00504302978515625,0.00427699089050293,0.004426002502441406,0.004498958587646484,0.0043487548828125,0.0051500797271728516,0.004696846008300781,0.0043201446533203125,0.004321098327636719,0.00463104248046875,0.0048389434814453125,0.004374027252197266,0.00457000732421875,0.00503087043762207,0.004489898681640625,0.004554033279418945,0.004631996154785156,0.0045566558837890625,0.004363059997558594,0.004423856735229492,0.004417896270751953,0.004631996154785156,0.004369020462036133,0.004330873489379883,0.004410982131958008,0.0048351287841796875,0.004273891448974609,0.004316091537475586,0.004410982131958008,0.004380941390991211,0.004269838333129883,0.004563093185424805,0.0048007965087890625,0.004456043243408203,0.004416942596435547,0.004449129104614258,0.0043070316314697266,0.004327058792114258,0.004750967025756836,0.0042629241943359375,0.004450082778930664,0.004498958587646484,0.0046787261962890625,0.00431513786315918,0.004438877105712891,0.0043430328369140625,0.004551887512207031,0.004456996917724609,0.004271030426025391,0.004878997802734375,0.004851818084716797,0.0043048858642578125,0.004452705383300781,0.004301786422729492,0.004436969757080078,0.004285097122192383,0.00439000129699707,0.004515171051025391,0.004494190216064453,0.004584074020385742,0.004415035247802734,0.004338979721069336,0.0045011043548583984,0.00441288948059082,0.004658937454223633,0.004372835159301758,0.0043981075286865234,0.00504302978515625,0.00474095344543457,0.0043909549713134766,0.004492044448852539,0.004741191864013672,0.004373073577880859,0.004497051239013672,0.004412174224853516,0.004623889923095703,0.0045261383056640625,0.004682064056396484,0.004305124282836914,0.004724264144897461,0.004441738128662109,0.0043239593505859375,0.004876136779785156,0.004601716995239258,0.004251956939697266,0.004361867904663086,0.004514217376708984,0.005217075347900391,0.004834175109863281,0.004472017288208008,0.004480123519897461,0.004405975341796875,0.004515886306762695,0.004528999328613281,0.004393100738525391,0.00472712516784668,0.005390167236328125,0.004411220550537109,0.004456996917724609,0.0045049190521240234,0.004487752914428711,0.004473209381103516,0.004256010055541992,0.0050809383392333984,0.004420757293701172,0.004845857620239258,0.004274129867553711,0.005187034606933594,0.00432896614074707,0.004370212554931641,0.004705905914306641,0.0045320987701416016,0.004354000091552734,0.004373788833618164,0.004479885101318359,0.0043201446533203125,0.0044329166412353516,0.00436711311340332,0.004357814788818359,0.007147073745727539,0.00448298454284668,0.004564046859741211,0.004413127899169922,0.004495143890380859,0.004436969757080078,0.004439115524291992,0.004436016082763672,0.0044291019439697266,0.0043277740478515625,0.005089998245239258,0.00471186637878418,0.00437617301940918,0.004310131072998047,0.005705118179321289,0.0043909549713134766,0.004480123519897461,0.0044460296630859375,0.004433870315551758,0.0051190853118896484,0.0048580169677734375,0.004851102828979492,0.004522085189819336,0.0044040679931640625,0.004817008972167969,0.004499197006225586,0.004822969436645508,0.004542112350463867,0.0044209957122802734,0.004816770553588867,0.0044689178466796875,0.004303932189941406,0.004563093185424805,0.004583835601806641,0.004463911056518555,0.005316972732543945,0.004289150238037109,0.0044820308685302734,0.004702091217041016,0.004583120346069336,0.004755973815917969,0.004530191421508789,0.004287004470825195,0.004517793655395508,0.004430055618286133,0.004514217376708984,0.00446319580078125,0.004525184631347656,0.004418134689331055,0.005132913589477539,0.0049321651458740234,0.0045528411865234375,0.004458904266357422,0.004736900329589844,0.0044100284576416016,0.004958152770996094,0.00483393669128418,0.004438877105712891,0.004431962966918945,0.00429081916809082,0.0053098201751708984,0.0045719146728515625,0.004426002502441406,0.005124807357788086,0.0045108795166015625,0.00450897216796875,0.0044062137603759766,0.004486799240112305,0.0043811798095703125,0.0044858455657958984,0.004395723342895508,0.0044689178466796875,0.005233049392700195,0.004576921463012695
0.0	GNN	0.5441620349884033,0.38669586181640625,0.2780148983001709,0.3257417678833008,0.47866296768188477,0.36675190925598145,0.3746988773345947,0.3269047737121582,0.2919881343841553,0.40406298637390137,0.28951072692871094,0.3680460453033447,0.42691922187805176,0.533621072769165,0.3211069107055664,0.30101919174194336,0.2970240116119385,0.2333838939666748,0.48702526092529297,0.3441050052642822,0.3604109287261963,0.28270387649536133,0.29914188385009766,0.4959087371826172,0.3241119384765625,0.5438697338104248,0.38468194007873535,0.3614351749420166,0.3252830505371094,0.3802378177642822,0.31682705879211426,0.29168009757995605,0.5515079498291016,0.28223371505737305,0.2940840721130371,0.30174803733825684,0.3458719253540039,0.2976078987121582,0.4371912479400635,0.32601404190063477,0.26116085052490234,0.3199343681335449,0.3700289726257324,0.32819390296936035,0.2837791442871094,0.3528859615325928,0.2722947597503662,0.4557929039001465,0.39739394187927246,0.2978496551513672,0.30323290824890137,0.3416860103607178,0.555487871170044,0.2857840061187744,0.5251808166503906,0.29564690589904785,0.4113321304321289,0.3232131004333496,0.27708864212036133,0.35062289237976074,0.38725996017456055,0.36362481117248535,0.3665151596069336,0.3165719509124756,0.4362468719482422,0.28481197357177734,0.30825304985046387,0.43588685989379883,0.26271891593933105,0.32009387016296387,0.3629469871520996,0.328341007232666,0.337432861328125,0.3078908920288086,0.30206727981567383,0.38214111328125,0.28281402587890625,0.521324634552002,0.48926711082458496,0.285599946975708,0.27461719512939453,0.39669179916381836,0.2737269401550293,0.5987489223480225,0.36316680908203125,0.413372278213501,0.3121170997619629,0.4657249450683594,0.3073887825012207,0.31896018981933594,0.38780808448791504,0.39579010009765625,0.3591759204864502,0.5045738220214844,0.4253396987915039,0.35028886795043945,0.5259411334991455,0.33096790313720703,0.47539591789245605,0.3098759651184082,0.35299134254455566,0.32820987701416016,0.45125913619995117,0.348071813583374,0.2510347366333008,0.33045458793640137,0.3244190216064453,0.42644286155700684,0.2703969478607178,0.2770979404449463,0.29738306999206543,0.6240267753601074,0.28023386001586914,0.33420705795288086,0.28721117973327637,0.2750570774078369,0.4004387855529785,0.3928399085998535,0.30962324142456055,0.27813720703125,0.39673924446105957,0.38997793197631836,0.2772238254547119,0.30214619636535645,0.29070591926574707,0.33171510696411133,0.347973108291626,0.5020699501037598,0.34088993072509766,0.4243028163909912,0.3502309322357178,0.3534080982208252,0.3601257801055908,0.46541905403137207,0.6547770500183105,0.32520008087158203,0.33276891708374023,0.39370298385620117,0.3540663719177246,0.27523016929626465,0.28421926498413086,0.41946983337402344,0.3310718536376953,0.36656808853149414,0.3905003070831299,0.37967610359191895,0.3379402160644531,0.36767101287841797,0.35366010665893555,0.2924060821533203,0.9666519165039062,0.5588140487670898,0.3006751537322998,0.27229905128479004,0.6596999168395996,0.3445560932159424,0.3687269687652588,0.6666688919067383,0.26012301445007324,0.45915770530700684,0.3061399459838867,0.4126560688018799,0.257282018661499,0.26927900314331055,0.46518778800964355,0.43403005599975586,0.46604013442993164,0.2932889461517334,0.30362701416015625,0.3163120746612549,0.29777097702026367,0.3763127326965332,0.27420592308044434,0.33118629455566406,1.005157232284546,0.3458409309387207,0.30548810958862305,0.4008979797363281,0.3103370666503906,0.42527008056640625,0.3400239944458008,0.3133111000061035,0.3154428005218506,0.26094484329223633,0.7541277408599854,0.35246706008911133,0.3490457534790039,0.47422313690185547,0.37225890159606934,0.3607168197631836,0.34612298011779785,0.37696313858032227,0.3502781391143799,0.35564589500427246,0.3200042247772217,0.34171438217163086,0.3740873336791992,0.4272468090057373,0.3966383934020996,0.4861609935760498
0.0	GG	0.6907839775085449,0.43123412132263184,0.5510787963867188,0.5090272426605225,0.6371946334838867,0.29474520683288574,0.5043261051177979,0.5817861557006836,0.368635892868042,0.4318068027496338,0.388214111328125,0.3772721290588379,0.4949507713317871,0.2308180332183838,0.5715739727020264,0.3015718460083008,0.46547818183898926,0.5316863059997559,0.5411407947540283,0.9494791030883789,0.34548187255859375,0.36539125442504883,0.4701812267303467,0.7051939964294434,0.6504230499267578,0.5455930233001709,0.7348229885101318,0.37401294708251953,0.559237003326416,0.4480478763580322,0.3431568145751953,0.2543332576751709,0.3375420570373535,0.3802759647369385,0.39673519134521484,0.5049159526824951,0.6486189365386963,0.40253281593322754,0.4778270721435547,0.5636370182037354,0.660944938659668,0.4816460609436035,0.549591064453125,0.6423842906951904,0.5306298732757568,0.5378820896148682,0.3695201873779297,0.43918681144714355,0.5356330871582031,0.3842918872833252,0.6288020610809326,0.2642369270324707,0.22735595703125,0.3454170227050781,0.7395279407501221,0.45506930351257324,0.26921916007995605,0.4054536819458008,0.3982241153717041,0.6630008220672607,0.6415369510650635,0.3264598846435547,0.39464497566223145,0.3159670829772949,0.2961080074310303,0.5461459159851074,0.5109822750091553,0.5800173282623291,0.5679318904876709,0.580496072769165,0.29288601875305176,0.2732079029083252,0.22501301765441895,0.4446699619293213,0.3007781505584717,0.36206793785095215,0.8127040863037109,0.41658997535705566,0.45534324645996094,0.4291501045227051,0.5170788764953613,0.4583561420440674,0.5311539173126221,0.544064998626709,0.22204899787902832,0.6744070053100586,0.29196596145629883,0.32249903678894043,0.4219472408294678,0.6768462657928467,0.4512062072753906,0.6237859725952148,0.6780691146850586,0.66851806640625,0.471038818359375,0.33844494819641113,0.8245010375976562,0.670820951461792,0.5306539535522461,0.4342160224914551,0.45121192932128906,0.6105546951293945,0.49922800064086914,0.4302668571472168,0.46667909622192383,0.5400168895721436,0.4206960201263428,0.22649693489074707,0.6212501525878906,0.25287890434265137,0.3767988681793213,0.6040782928466797,0.4361429214477539,0.6391050815582275,0.6006247997283936,0.5918052196502686,0.3301241397857666,0.6298828125,0.4305610656738281,0.41734766960144043,0.694328784942627,0.6261119842529297,0.34375786781311035,0.3098170757293701,0.5712020397186279,0.3775458335876465,0.36045074462890625,0.603234052658081,0.46695590019226074,0.6528291702270508,0.5054950714111328,0.644547700881958,0.6576781272888184,0.5861868858337402,0.657782793045044,0.6070971488952637,0.21872687339782715,0.4454340934753418,0.460324764251709,0.2414262294769287,0.6395447254180908,0.28055691719055176,0.47510790824890137,0.4491767883300781,0.5357060432434082,0.4916229248046875,0.44599294662475586,0.24103999137878418,0.21874117851257324,0.42181897163391113,0.45785093307495117,0.42008399963378906,0.5250561237335205,0.22999882698059082,0.6564028263092041,0.7973732948303223,0.45897603034973145,0.4555189609527588,0.5179250240325928,0.3638460636138916,0.4372081756591797,0.3047029972076416,0.5969030857086182,0.4267308712005615,0.34089231491088867,0.5087721347808838,0.47567200660705566,0.5595567226409912,0.3569207191467285,0.6259760856628418,0.41829800605773926,0.6289329528808594,0.5604171752929688,0.5887131690979004,0.2792341709136963,0.30435609817504883,0.25002384185791016,0.4191460609436035,0.2725188732147217,0.6856710910797119,0.36768388748168945,0.3094000816345215,0.43384504318237305,0.3472259044647217,0.5700242519378662,0.7628893852233887,0.5761280059814453,0.6273868083953857,0.5669729709625244,0.46389102935791016,0.28771185874938965,0.22357821464538574,0.45418691635131836,0.6451339721679688,0.3770308494567871,0.7200298309326172,0.4855959415435791,0.63409423828125,0.5972778797149658,0.3762807846069336
0.0	GG2	0.6907839775085449,0.43123412132263184,0.5510787963867188,0.5090272426605225,0.6371946334838867,0.29474520683288574,0.5043261051177979,0.5817861557006836,0.368635892868042,0.4318068027496338,0.388214111328125,0.3772721290588379,0.4949507713317871,0.2308180332183838,0.5715739727020264,0.3015718460083008,0.46547818183898926,0.5316863059997559,0.5411407947540283,0.9494791030883789,0.34548187255859375,0.36539125442504883,0.4701812267303467,0.7051939964294434,0.6504230499267578,0.5455930233001709,0.7348229885101318,0.37401294708251953,0.559237003326416,0.4480478763580322,0.3431568145751953,0.2543332576751709,0.3375420570373535,0.3802759647369385,0.39673519134521484,0.5049159526824951,0.6486189365386963,0.40253281593322754,0.4778270721435547,0.5636370182037354,0.660944938659668,0.4816460609436035,0.549591064453125,0.6423842906951904,0.5306298732757568,0.5378820896148682,0.3695201873779297,0.43918681144714355,0.5356330871582031,0.3842918872833252,0.6288020610809326,0.2642369270324707,0.22735595703125,0.3454170227050781,0.7395279407501221,0.45506930351257324,0.26921916007995605,0.4054536819458008,0.3982241153717041,0.6630008220672607,0.6415369510650635,0.3264598846435547,0.39464497566223145,0.3159670829772949,0.2961080074310303,0.5461459159851074,0.5109822750091553,0.5800173282623291,0.5679318904876709,0.580496072769165,0.29288601875305176,0.2732079029083252,0.22501301765441895,0.4446699619293213,0.3007781505584717,0.36206793785095215,0.8127040863037109,0.41658997535705566,0.45534324645996094,0.4291501045227051,0.5170788764953613,0.4583561420440674,0.5311539173126221,0.544064998626709,0.22204899787902832,0.6744070053100586,0.29196596145629883,0.32249903678894043,0.4219472408294678,0.6768462657928467,0.4512062072753906,0.6237859725952148,0.6780691146850586,0.66851806640625,0.471038818359375,0.33844494819641113,0.8245010375976562,0.670820951461792,0.5306539535522461,0.4342160224914551,0.45121192932128906,0.6105546951293945,0.49922800064086914,0.4302668571472168,0.46667909622192383,0.5400168895721436,0.4206960201263428,0.22649693489074707,0.6212501525878906,0.25287890434265137,0.3767988681793213,0.6040782928466797,0.4361429214477539,0.6391050815582275,0.6006247997283936,0.5918052196502686,0.3301241397857666,0.6298828125,0.4305610656738281,0.41734766960144043,0.694328784942627,0.6261119842529297,0.34375786781311035,0.3098170757293701,0.5712020397186279,0.3775458335876465,0.36045074462890625,0.603234052658081,0.46695590019226074,0.6528291702270508,0.5054950714111328,0.644547700881958,0.6576781272888184,0.5861868858337402,0.657782793045044,0.6070971488952637,0.21872687339782715,0.4454340934753418,0.460324764251709,0.2414262294769287,0.6395447254180908,0.28055691719055176,0.47510790824890137,0.4491767883300781,0.5357060432434082,0.4916229248046875,0.44599294662475586,0.24103999137878418,0.21874117851257324,0.42181897163391113,0.45785093307495117,0.42008399963378906,0.5250561237335205,0.22999882698059082,0.6564028263092041,0.7973732948303223,0.45897603034973145,0.4555189609527588,0.5179250240325928,0.3638460636138916,0.4372081756591797,0.3047029972076416,0.5969030857086182,0.4267308712005615,0.34089231491088867,0.5087721347808838,0.47567200660705566,0.5595567226409912,0.3569207191467285,0.6259760856628418,0.41829800605773926,0.6289329528808594,0.5604171752929688,0.5887131690979004,0.2792341709136963,0.30435609817504883,0.25002384185791016,0.4191460609436035,0.2725188732147217,0.6856710910797119,0.36768388748168945,0.3094000816345215,0.43384504318237305,0.3472259044647217,0.5700242519378662,0.7628893852233887,0.5761280059814453,0.6273868083953857,0.5669729709625244,0.46389102935791016,0.28771185874938965,0.22357821464538574,0.45418691635131836,0.6451339721679688,0.3770308494567871,0.7200298309326172,0.4855959415435791,0.63409423828125,0.5972778797149658,0.3762807846069336
0.02	GEE	0.005939006805419922,0.004872322082519531,0.004911899566650391,0.004806041717529297,0.004951000213623047,0.005143880844116211,0.005217075347900391,0.005179166793823242,0.0048809051513671875,0.0049440860748291016,0.0053517818450927734,0.005763053894042969,0.004929065704345703,0.005849123001098633,0.005146026611328125,0.005028963088989258,0.004945993423461914,0.004951953887939453,0.004895925521850586,0.005070686340332031,0.005802154541015625,0.0049152374267578125,0.004864931106567383,0.006114006042480469,0.005725860595703125,0.0048639774322509766,0.005133152008056641,0.004909038543701172,0.005535125732421875,0.004966020584106445,0.005133152008056641,0.00521397590637207,0.005074977874755859,0.00492405891418457,0.005033016204833984,0.005360126495361328,0.004914999008178711,0.004998922348022461,0.0050470829010009766,0.004990816116333008,0.005936861038208008,0.005858898162841797,0.00493621826171875,0.004889726638793945,0.005013942718505859,0.005052089691162109,0.005898237228393555,0.004913806915283203,0.005835056304931641,0.00549006462097168,0.0048980712890625,0.0051577091217041016,0.005283832550048828,0.004972934722900391,0.0049669742584228516,0.005957126617431641,0.004927158355712891,0.005110025405883789,0.005410194396972656,0.005126953125,0.005414724349975586,0.00510096549987793,0.005117893218994141,0.0055239200592041016,0.005178689956665039,0.004918098449707031,0.005778074264526367,0.005449056625366211,0.005558013916015625,0.005043983459472656,0.004900217056274414,0.004997968673706055,0.004924297332763672,0.00499415397644043,0.005164146423339844,0.005326032638549805,0.005228996276855469,0.005013942718505859,0.004940986633300781,0.0050258636474609375,0.004912853240966797,0.005104780197143555,0.005527973175048828,0.0049097537994384766,0.0052111148834228516,0.0059871673583984375,0.005343914031982422,0.005163908004760742,0.004996776580810547,0.004954099655151367,0.005518913269042969,0.00543212890625,0.005864143371582031,0.0053501129150390625,0.005782127380371094,0.0051729679107666016,0.005589962005615234,0.004974842071533203,0.00523686408996582,0.005141019821166992,0.005765199661254883,0.00527501106262207,0.005007743835449219,0.005045413970947266,0.005750179290771484,0.0050160884857177734,0.005316019058227539,0.005280971527099609,0.00506281852722168,0.005154848098754883,0.005054950714111328,0.005177974700927734,0.004992008209228516,0.005291938781738281,0.00509190559387207,0.005802154541015625,0.004924774169921875,0.005259990692138672,0.005799293518066406,0.00516819953918457,0.005076169967651367,0.0060138702392578125,0.0049591064453125,0.004929065704345703,0.005028247833251953,0.005209207534790039,0.005449056625366211,0.005191802978515625,0.0055370330810546875,0.005125999450683594,0.004843950271606445,0.005993843078613281,0.005944013595581055,0.0052568912506103516,0.0050199031829833984,0.005342245101928711,0.00562596321105957,0.004920005798339844,0.0077588558197021484,0.005109071731567383,0.005425930023193359,0.005254983901977539,0.005278825759887695,0.004853010177612305,0.005541086196899414,0.005837917327880859,0.005059719085693359,0.0050318241119384766,0.0056917667388916016,0.005114078521728516,0.005032062530517578,0.00516819953918457,0.006155967712402344,0.004807949066162109,0.005528688430786133,0.005424022674560547,0.0051500797271728516,0.0050470829010009766,0.004891157150268555,0.0052258968353271484,0.004940032958984375,0.00534510612487793,0.007354259490966797,0.0055391788482666016,0.0048100948333740234,0.004950046539306641,0.004834651947021484,0.005963802337646484,0.005082130432128906,0.0050258636474609375,0.004992961883544922,0.005660057067871094,0.005047798156738281,0.0050618648529052734,0.0053980350494384766,0.004967927932739258,0.0051441192626953125,0.005290985107421875,0.005955934524536133,0.005034923553466797,0.00527501106262207,0.00581812858581543,0.005288124084472656,0.005856037139892578,0.017498016357421875,0.0049190521240234375,0.005180835723876953,0.004895925521850586,0.005175113677978516,0.005965232849121094,0.005051851272583008,0.005944967269897461,0.005131959915161133,0.0051898956298828125,0.00516510009765625,0.005033969879150391,0.005137920379638672,0.0052490234375,0.0048999786376953125,0.005013942718505859
0.02	GNN	0.33870506286621094,0.27754807472229004,0.284534215927124,0.32631659507751465,0.28598499298095703,0.41266417503356934,0.26602697372436523,0.36208105087280273,0.31554317474365234,0.2985360622406006,0.280393123626709,0.3437650203704834,0.34203314781188965,0.48457813262939453,0.34381580352783203,0.3558950424194336,0.2756519317626953,0.2661402225494385,0.3863332271575928,0.34878087043762207,0.3529059886932373,0.3495500087738037,0.4741661548614502,0.33727574348449707,0.31601500511169434,0.43997693061828613,0.3373830318450928,0.32807302474975586,0.35381507873535156,0.2664370536804199,0.3828268051147461,0.402587890625,0.2901639938354492,0.2772560119628906,0.5613176822662354,0.4855690002441406,0.3438069820404053,0.5142571926116943,0.4140620231628418,0.41331028938293457,0.2853529453277588,0.2969369888305664,0.2698500156402588,0.415985107421875,0.28821492195129395,0.2688899040222168,0.26709604263305664,0.303577184677124,0.3509349822998047,0.2968449592590332,0.43497586250305176,0.30528712272644043,0.5046021938323975,0.31514501571655273,0.35974693298339844,0.34102392196655273,0.2848968505859375,0.5656740665435791,0.3050210475921631,0.5279498100280762,0.35794591903686523,0.3248100280761719,0.30194878578186035,0.3265841007232666,0.36564111709594727,0.41043686866760254,0.3610720634460449,0.31536102294921875,0.3109781742095947,0.26036667823791504,0.3969230651855469,0.31615614891052246,0.36301612854003906,0.3341209888458252,0.31575489044189453,0.4336709976196289,0.5474710464477539,0.3112661838531494,0.44423985481262207,0.4320991039276123,0.2938520908355713,0.3372211456298828,0.2821769714355469,0.4994540214538574,0.48769402503967285,0.3236968517303467,0.39975500106811523,0.558988094329834,0.5202369689941406,0.42915821075439453,0.3363649845123291,0.3365330696105957,0.37749695777893066,0.31832313537597656,0.33656811714172363,0.38616108894348145,0.42025184631347656,0.31465697288513184,0.4396231174468994,0.3344299793243408,0.26839113235473633,0.30622410774230957,0.46643590927124023,0.3730440139770508,0.405256986618042,0.3337550163269043,0.26334381103515625,0.3525252342224121,0.3772149085998535,0.3264639377593994,0.34355807304382324,0.4283750057220459,0.2985711097717285,0.3464481830596924,0.2722296714782715,0.30457496643066406,0.3455960750579834,0.40224671363830566,0.28455495834350586,0.37217092514038086,0.3210158348083496,0.3364231586456299,0.2936267852783203,0.33478569984436035,0.2984330654144287,0.45900893211364746,0.5874249935150146,0.3664870262145996,0.31699299812316895,0.8130428791046143,0.3575592041015625,0.4060039520263672,0.3423287868499756,0.3475651741027832,0.3239419460296631,0.34067296981811523,0.3323948383331299,0.29046106338500977,0.3171529769897461,0.37952399253845215,0.377471923828125,0.3684201240539551,0.41246891021728516,0.34838414192199707,0.3418710231781006,0.26857590675354004,0.3516390323638916,0.3842349052429199,0.6105837821960449,0.37166786193847656,0.46596598625183105,0.3418431282043457,0.28380703926086426,0.5024960041046143,0.3085319995880127,0.3928799629211426,0.3522212505340576,0.2772338390350342,0.2842271327972412,0.3223447799682617,0.2878561019897461,0.46665382385253906,0.37688493728637695,0.30434322357177734,0.28679513931274414,0.26406407356262207,0.35530614852905273,0.32256007194519043,0.31185483932495117,0.3307199478149414,0.2751758098602295,0.3663601875305176,0.35263991355895996,0.319735050201416,0.26952600479125977,0.42684006690979004,0.3988327980041504,0.27825307846069336,0.28684020042419434,0.2985270023345947,0.2698380947113037,0.3433709144592285,0.41401004791259766,0.3378939628601074,0.5290319919586182,0.3974928855895996,0.28003931045532227,0.2972888946533203,0.3730900287628174,0.4088718891143799,0.3795509338378906,0.3154430389404297,0.27904629707336426,0.28891634941101074,0.34473705291748047,0.29311299324035645,0.4170529842376709,0.3739340305328369,0.3496410846710205,0.45658087730407715
0.02	GG	0.4442250728607178,0.35910582542419434,0.27693700790405273,0.5278959274291992,0.6110692024230957,0.3501138687133789,0.24578499794006348,0.3742678165435791,0.32596397399902344,0.5157599449157715,0.6591670513153076,0.3988606929779053,0.3901078701019287,0.23999381065368652,0.42789387702941895,0.4989738464355469,0.38208985328674316,0.5232000350952148,0.29007625579833984,0.5595970153808594,0.5919079780578613,0.24037599563598633,0.4488849639892578,0.49435997009277344,0.4742591381072998,0.6579508781433105,0.6301701068878174,0.4704630374908447,0.5693490505218506,0.5481159687042236,0.2922680377960205,0.6083769798278809,0.3617978096008301,0.39152002334594727,0.3542609214782715,0.43016910552978516,0.4780440330505371,0.5159711837768555,0.6433968544006348,0.42521095275878906,0.6739857196807861,0.23339009284973145,0.5455458164215088,0.22514104843139648,0.5192570686340332,0.3588089942932129,0.588475227355957,0.6394758224487305,0.36576175689697266,0.5704009532928467,0.6136929988861084,0.5829761028289795,0.28628087043762207,0.5371840000152588,0.947314977645874,0.575455904006958,0.3721127510070801,0.5463740825653076,0.2799839973449707,0.6217851638793945,0.6441621780395508,0.8244309425354004,0.4280068874359131,0.29056406021118164,0.2705667018890381,0.6432459354400635,0.5420269966125488,0.6919069290161133,0.4143970012664795,0.6170859336853027,0.22802495956420898,0.3228030204772949,0.4348442554473877,0.3839731216430664,0.5564320087432861,0.35774803161621094,0.7189152240753174,0.4603729248046875,0.5973150730133057,0.4301309585571289,0.5377650260925293,0.538964033126831,0.6747379302978516,0.6500899791717529,0.2442770004272461,0.7417080402374268,0.40453600883483887,0.9310948848724365,0.5831148624420166,0.6799521446228027,0.4890449047088623,0.48572397232055664,0.2655029296875,0.735098123550415,0.4727931022644043,0.4508979320526123,0.7251896858215332,1.0108437538146973,0.5495719909667969,0.4446899890899658,0.8372950553894043,0.33667707443237305,0.39560794830322266,0.5088460445404053,0.5496387481689453,0.31669092178344727,0.3887670040130615,0.23316383361816406,0.6106100082397461,0.5870273113250732,0.4978339672088623,0.5300588607788086,0.23051190376281738,0.5823266506195068,0.26535487174987793,0.673818826675415,0.2858731746673584,0.3455829620361328,0.23944997787475586,0.38080406188964844,0.6506431102752686,0.23265290260314941,0.38110804557800293,0.6471140384674072,0.6209559440612793,0.41458988189697266,0.22507905960083008,0.5080060958862305,0.47171711921691895,0.4059450626373291,0.5608680248260498,0.24104905128479004,0.23915600776672363,0.3053288459777832,0.5944869518280029,0.7154490947723389,0.31275510787963867,0.467710018157959,0.5961577892303467,0.358306884765625,0.5721359252929688,0.34282994270324707,0.38573503494262695,0.4099278450012207,0.27510595321655273,0.23639178276062012,0.5209331512451172,0.2698957920074463,0.3557569980621338,0.6244239807128906,0.5809950828552246,0.47913694381713867,0.3770740032196045,0.2483370304107666,0.881580114364624,0.6040341854095459,0.48445796966552734,0.7216031551361084,0.6164228916168213,0.6788411140441895,0.5950889587402344,0.48665308952331543,0.44548511505126953,0.40057992935180664,0.572580099105835,0.35595083236694336,0.38105177879333496,0.46070408821105957,0.34873127937316895,0.23566579818725586,0.46039295196533203,0.7436020374298096,0.46352696418762207,0.4770359992980957,0.23535418510437012,0.23561692237854004,0.35732579231262207,0.5518510341644287,0.3555619716644287,0.6099112033843994,0.41069626808166504,0.4552950859069824,0.5449769496917725,0.4277050495147705,0.6653280258178711,0.4174766540527344,0.36839818954467773,0.6063790321350098,0.5753448009490967,0.687326192855835,0.32822108268737793,0.23041319847106934,0.541130781173706,0.818824052810669,0.29317402839660645,0.6767048835754395,0.9136619567871094,0.584113359451294,0.5305068492889404,0.5626249313354492
0.02	GG2	0.4442250728607178,0.35910582542419434,0.27693700790405273,0.5278959274291992,0.6110692024230957,0.3501138687133789,0.24578499794006348,0.3742678165435791,0.32596397399902344,0.5157599449157715,0.6591670513153076,0.3988606929779053,0.3901078701019287,0.23999381065368652,0.42789387702941895,0.4989738464355469,0.38208985328674316,0.5232000350952148,0.29007625579833984,0.5595970153808594,0.5919079780578613,0.24037599563598633,0.4488849639892578,0.49435997009277344,0.4742591381072998,0.6579508781433105,0.6301701068878174,0.4704630374908447,0.5693490505218506,0.5481159687042236,0.2922680377960205,0.6083769798278809,0.3617978096008301,0.39152002334594727,0.3542609214782715,0.43016910552978516,0.4780440330505371,0.5159711837768555,0.6433968544006348,0.42521095275878906,0.6739857196807861,0.23339009284973145,0.5455458164215088,0.22514104843139648,0.5192570686340332,0.3588089942932129,0.588475227355957,0.6394758224487305,0.36576175689697266,0.5704009532928467,0.6136929988861084,0.5829761028289795,0.28628087043762207,0.5371840000152588,0.947314977645874,0.575455904006958,0.3721127510070801,0.5463740825653076,0.2799839973449707,0.6217851638793945,0.6441621780395508,0.8244309425354004,0.4280068874359131,0.29056406021118164,0.2705667018890381,0.6432459354400635,0.5420269966125488,0.6919069290161133,0.4143970012664795,0.6170859336853027,0.22802495956420898,0.3228030204772949,0.4348442554473877,0.3839731216430664,0.5564320087432861,0.35774803161621094,0.7189152240753174,0.4603729248046875,0.5973150730133057,0.4301309585571289,0.5377650260925293,0.538964033126831,0.6747379302978516,0.6500899791717529,0.2442770004272461,0.7417080402374268,0.40453600883483887,0.9310948848724365,0.5831148624420166,0.6799521446228027,0.4890449047088623,0.48572397232055664,0.2655029296875,0.735098123550415,0.4727931022644043,0.4508979320526123,0.7251896858215332,1.0108437538146973,0.5495719909667969,0.4446899890899658,0.8372950553894043,0.33667707443237305,0.39560794830322266,0.5088460445404053,0.5496387481689453,0.31669092178344727,0.3887670040130615,0.23316383361816406,0.6106100082397461,0.5870273113250732,0.4978339672088623,0.5300588607788086,0.23051190376281738,0.5823266506195068,0.26535487174987793,0.673818826675415,0.2858731746673584,0.3455829620361328,0.23944997787475586,0.38080406188964844,0.6506431102752686,0.23265290260314941,0.38110804557800293,0.6471140384674072,0.6209559440612793,0.41458988189697266,0.22507905960083008,0.5080060958862305,0.47171711921691895,0.4059450626373291,0.5608680248260498,0.24104905128479004,0.23915600776672363,0.3053288459777832,0.5944869518280029,0.7154490947723389,0.31275510787963867,0.467710018157959,0.5961577892303467,0.358306884765625,0.5721359252929688,0.34282994270324707,0.38573503494262695,0.4099278450012207,0.27510595321655273,0.23639178276062012,0.5209331512451172,0.2698957920074463,0.3557569980621338,0.6244239807128906,0.5809950828552246,0.47913694381713867,0.3770740032196045,0.2483370304107666,0.881580114364624,0.6040341854095459,0.48445796966552734,0.7216031551361084,0.6164228916168213,0.6788411140441895,0.5950889587402344,0.48665308952331543,0.44548511505126953,0.40057992935180664,0.572580099105835,0.35595083236694336,0.38105177879333496,0.46070408821105957,0.34873127937316895,0.23566579818725586,0.46039295196533203,0.7436020374298096,0.46352696418762207,0.4770359992980957,0.23535418510437012,0.23561692237854004,0.35732579231262207,0.5518510341644287,0.3555619716644287,0.6099112033843994,0.41069626808166504,0.4552950859069824,0.5449769496917725,0.4277050495147705,0.6653280258178711,0.4174766540527344,0.36839818954467773,0.6063790321350098,0.5753448009490967,0.687326192855835,0.32822108268737793,0.23041319847106934,0.541130781173706,0.818824052810669,0.29317402839660645,0.6767048835754395,0.9136619567871094,0.584113359451294,0.5305068492889404,0.5626249313354492
0.04	GEE	0.00599980354309082,0.006035804748535156,0.0055959224700927734,0.005721092224121094,0.00567317008972168,0.006658792495727539,0.005907773971557617,0.00590205192565918,0.0056459903717041016,0.005717039108276367,0.005918025970458984,0.005471944808959961,0.005803823471069336,0.00581812858581543,0.005676984786987305,0.006209850311279297,0.0055959224700927734,0.005719900131225586,0.00589299201965332,0.006548166275024414,0.006794929504394531,0.005568981170654297,0.0055751800537109375,0.006537914276123047,0.005522966384887695,0.0060579776763916016,0.005871295928955078,0.005789995193481445,0.005769968032836914,0.005697011947631836,0.006670236587524414,0.005828142166137695,0.006039857864379883,0.005620002746582031,0.005800962448120117,0.005851030349731445,0.00632786750793457,0.006516218185424805,0.005848884582519531,0.005934000015258789,0.0058879852294921875,0.006433963775634766,0.006398200988769531,0.005740165710449219,0.0055119991302490234,0.0055751800537109375,0.006186008453369141,0.005756855010986328,0.00686192512512207,0.005937337875366211,0.006003856658935547,0.005661964416503906,0.005851268768310547,0.00587010383605957,0.0061681270599365234,0.005789995193481445,0.006325960159301758,0.006799936294555664,0.005956888198852539,0.005431175231933594,0.005636930465698242,0.0056650638580322266,0.005693197250366211,0.0068438053131103516,0.005461931228637695,0.005655050277709961,0.00580596923828125,0.0060558319091796875,0.005909919738769531,0.006490945816040039,0.005979061126708984,0.005706071853637695,0.005539894104003906,0.005895853042602539,0.0055239200592041016,0.005609035491943359,0.006573915481567383,0.006826162338256836,0.005673885345458984,0.005625009536743164,0.005447864532470703,0.005585908889770508,0.00548100471496582,0.006073951721191406,0.006459951400756836,0.006436824798583984,0.00590825080871582,0.008251190185546875,0.005545854568481445,0.005955934524536133,0.005655050277709961,0.00569605827331543,0.005349874496459961,0.006178855895996094,0.00636601448059082,0.005964756011962891,0.007717132568359375,0.006574869155883789,0.006772041320800781,0.005739927291870117,0.00547480583190918,0.006078004837036133,0.00564122200012207,0.006384849548339844,0.005717039108276367,0.005675077438354492,0.006315946578979492,0.006207942962646484,0.007346153259277344,0.005782127380371094,0.0057108402252197266,0.0062639713287353516,0.005646944046020508,0.006475925445556641,0.005691051483154297,0.005761146545410156,0.006108760833740234,0.0057830810546875,0.005761146545410156,0.006036996841430664,0.006167888641357422,0.006245851516723633,0.006017923355102539,0.005734920501708984,0.0055086612701416016,0.005596160888671875,0.005865812301635742,0.005866050720214844,0.005574941635131836,0.005600929260253906,0.005460262298583984,0.006191730499267578,0.005993843078613281,0.00543522834777832,0.005642890930175781,0.005647182464599609,0.005485057830810547,0.005948781967163086,0.005568981170654297,0.005550861358642578,0.0058519840240478516,0.005609989166259766,0.006701231002807617,0.006344318389892578,0.0065460205078125,0.005469799041748047,0.005849123001098633,0.0059282779693603516,0.00589299201965332,0.00608515739440918,0.005777835845947266,0.0061740875244140625,0.006096839904785156,0.00575709342956543,0.0059010982513427734,0.005548954010009766,0.005982160568237305,0.006904125213623047,0.005815029144287109,0.0062940120697021484,0.005855083465576172,0.006457090377807617,0.005645036697387695,0.00621795654296875,0.005939960479736328,0.006019115447998047,0.005982160568237305,0.0059659481048583984,0.005713939666748047,0.0061228275299072266,0.0061991214752197266,0.006111860275268555,0.005731821060180664,0.006319999694824219,0.00613093376159668,0.006124973297119141,0.0063800811767578125,0.005968809127807617,0.0062139034271240234,0.0060482025146484375,0.0071260929107666016,0.0059049129486083984,0.0061588287353515625,0.0063381195068359375,0.0059566497802734375,0.006716012954711914,0.0061109066009521484,0.006211042404174805,0.0061299800872802734,0.006394863128662109,0.0057179927825927734,0.0064239501953125,0.006146907806396484,0.005695819854736328,0.006106138229370117,0.0060520172119140625,0.005825996398925781,0.006251096725463867,0.006335020065307617,0.005784034729003906
0.04	GNN	0.38291478157043457,0.3465909957885742,0.38930177688598633,0.33336877822875977,0.29233789443969727,0.3567028045654297,0.3432469367980957,0.609799861907959,0.3579220771789551,0.2723419666290283,0.5124869346618652,0.31511902809143066,0.36537790298461914,0.32185792922973633,0.26886606216430664,0.3122251033782959,0.2829859256744385,0.6399819850921631,0.37679386138916016,0.38387608528137207,0.37457275390625,0.3661470413208008,0.39743995666503906,0.5709688663482666,0.2560889720916748,0.5177841186523438,0.34097909927368164,0.322721004486084,0.3507518768310547,0.3832869529724121,0.3636181354522705,0.3510279655456543,0.43604087829589844,0.3109300136566162,0.356245756149292,0.34340500831604004,0.3901519775390625,0.28250598907470703,0.37093091011047363,0.3503749370574951,0.32569193840026855,0.3260490894317627,0.30178093910217285,0.4632749557495117,0.3822510242462158,0.3929591178894043,0.2971351146697998,0.2939872741699219,0.33517980575561523,0.29416489601135254,0.3388650417327881,0.35791683197021484,0.3960912227630615,0.35660815238952637,0.5549449920654297,0.2879049777984619,0.449617862701416,0.39571309089660645,0.3521239757537842,0.32790589332580566,0.2959120273590088,0.3125467300415039,0.40888071060180664,0.3372831344604492,0.363771915435791,0.368121862411499,0.3226430416107178,0.34548473358154297,0.31362032890319824,0.3735239505767822,0.3694729804992676,0.32036924362182617,0.4248199462890625,0.4019649028778076,0.2966728210449219,0.37874794006347656,0.37508082389831543,0.4915902614593506,0.2639288902282715,0.352053165435791,0.38715314865112305,0.35897278785705566,0.29812097549438477,0.4438447952270508,0.4206409454345703,0.2935810089111328,0.32680296897888184,0.37894511222839355,0.3666727542877197,0.30872488021850586,0.43328213691711426,0.28743410110473633,0.28679513931274414,0.31859517097473145,0.5598199367523193,0.3840758800506592,0.380842924118042,0.3033771514892578,0.34182310104370117,0.36231088638305664,0.6195950508117676,0.34522390365600586,0.2889280319213867,0.28040385246276855,0.36119723320007324,0.3240938186645508,0.3876516819000244,0.36678004264831543,0.3598637580871582,0.2675750255584717,0.536121129989624,0.7832298278808594,0.3672041893005371,0.36816906929016113,0.27043914794921875,0.248945951461792,0.28037405014038086,0.34966015815734863,0.27207088470458984,0.33214402198791504,0.6746790409088135,0.6003167629241943,0.3304250240325928,0.34079790115356445,0.37223339080810547,0.3631160259246826,0.29462599754333496,0.38495612144470215,0.5036511421203613,0.3481419086456299,0.44908690452575684,0.33417582511901855,0.40828990936279297,0.7927579879760742,0.4016878604888916,0.3353731632232666,0.4725630283355713,0.34084200859069824,0.28260302543640137,0.3222620487213135,0.30592989921569824,0.344372034072876,0.31508302688598633,0.4254779815673828,0.41131114959716797,0.41502904891967773,0.3975059986114502,0.5982451438903809,0.32091307640075684,0.34305381774902344,0.45186614990234375,0.38297605514526367,0.3844752311706543,0.4785332679748535,0.2675747871398926,0.26914405822753906,0.3709561824798584,0.4014883041381836,0.28617405891418457,0.39844608306884766,0.3520030975341797,0.5121870040893555,0.4136230945587158,0.42218804359436035,0.38237786293029785,0.37810611724853516,0.3660728931427002,0.27321815490722656,0.27019691467285156,0.48149919509887695,0.4145050048828125,0.3232882022857666,0.3970768451690674,0.3829917907714844,0.4431321620941162,0.5810401439666748,0.27802085876464844,0.31629514694213867,0.34862804412841797,0.46312618255615234,0.31790804862976074,0.444537878036499,0.4256172180175781,0.3304126262664795,0.3624289035797119,0.32552504539489746,0.3624539375305176,0.5639171600341797,0.591106653213501,0.35059499740600586,0.29160118103027344,0.2813601493835449,0.5218429565429688,0.39443111419677734,0.39671874046325684,0.6266739368438721,0.3037431240081787,0.3274550437927246,0.49404120445251465,0.30242109298706055
0.04	GG	0.49559879302978516,0.43378424644470215,0.48413991928100586,0.4677560329437256,1.0453228950500488,0.23239874839782715,0.2815511226654053,0.41871213912963867,0.48155879974365234,0.4152250289916992,0.42806386947631836,0.3711662292480469,0.4692962169647217,0.23819708824157715,0.5391519069671631,0.3601200580596924,0.33679890632629395,0.6227807998657227,0.299267053604126,0.24306201934814453,0.438551664352417,0.4430510997772217,0.5173439979553223,0.5520708560943604,0.24225473403930664,0.4398059844970703,0.5575742721557617,0.2532050609588623,0.44475412368774414,0.5590388774871826,0.2425379753112793,0.46658825874328613,0.34896397590637207,0.3584299087524414,0.4436008930206299,0.44843506813049316,0.630023717880249,0.43041205406188965,0.2478492259979248,0.504105806350708,0.5534818172454834,0.5150840282440186,0.47952723503112793,0.35985589027404785,0.4677619934082031,0.5487101078033447,0.5841531753540039,0.6345579624176025,0.2310929298400879,0.5079710483551025,0.756986141204834,0.47528600692749023,0.24127912521362305,0.7436320781707764,0.362041711807251,0.3387901782989502,0.27477407455444336,0.5667288303375244,0.4662158489227295,0.29862380027770996,0.6336870193481445,0.6824231147766113,0.3196678161621094,0.43264174461364746,0.2855672836303711,0.46768617630004883,0.4046211242675781,0.5882039070129395,0.5537619590759277,0.4100511074066162,0.2773010730743408,0.2316570281982422,0.24491596221923828,0.23328495025634766,0.46921300888061523,0.34122276306152344,0.7191839218139648,0.4164860248565674,0.5580811500549316,0.45182108879089355,0.2907419204711914,0.6340768337249756,0.4177227020263672,0.9028890132904053,0.41903090476989746,0.4331169128417969,0.39934515953063965,0.522895097732544,0.732043981552124,0.6638040542602539,0.4322230815887451,0.3534209728240967,0.2848992347717285,0.4581339359283447,0.4338040351867676,0.5167191028594971,0.48848986625671387,0.4631931781768799,0.6677088737487793,0.42198896408081055,0.26271891593933105,0.6377100944519043,0.2924327850341797,0.44193387031555176,0.6590480804443359,0.24541902542114258,0.32045602798461914,0.5468738079071045,0.7856390476226807,0.3974158763885498,0.3816537857055664,0.5511181354522705,0.5564401149749756,0.39122772216796875,0.5078961849212646,0.5806448459625244,0.2336268424987793,0.6345028877258301,0.2402191162109375,0.3448607921600342,0.35874295234680176,0.4293677806854248,0.5253617763519287,0.45933103561401367,1.1198129653930664,0.6192929744720459,0.23456311225891113,0.5797560214996338,0.5860791206359863,0.47498011589050293,0.26087403297424316,0.47370076179504395,0.5639879703521729,0.3077080249786377,0.6311917304992676,0.47949910163879395,0.3189220428466797,0.33994102478027344,0.6281728744506836,0.23593497276306152,0.7992541790008545,0.5918939113616943,0.724611759185791,0.35707712173461914,0.33871006965637207,0.4124948978424072,0.8646361827850342,0.31778621673583984,0.2975587844848633,0.4454829692840576,0.6690659523010254,0.45600104331970215,0.6696031093597412,0.26166701316833496,0.568903923034668,0.6478230953216553,0.24972009658813477,0.9751927852630615,0.5433919429779053,0.6658511161804199,0.412280797958374,0.4410710334777832,0.7285289764404297,0.7356770038604736,0.5307810306549072,0.4748218059539795,0.3946840763092041,0.7319779396057129,0.30220580101013184,0.49770593643188477,0.2945079803466797,0.5692031383514404,0.5273370742797852,0.631026029586792,0.417194128036499,0.5791411399841309,0.2499840259552002,0.5081467628479004,0.25986313819885254,0.5871999263763428,0.577578067779541,0.3793320655822754,0.7200679779052734,0.42046403884887695,0.5848770141601562,0.6438610553741455,0.7542908191680908,0.44303202629089355,0.6113381385803223,0.4677760601043701,0.2815208435058594,0.24485206604003906,0.5047240257263184,0.528252124786377,0.5977327823638916,0.6351239681243896,0.6773018836975098,0.6687538623809814,0.46823787689208984,0.4018678665161133
0.04	GG2	0.49559879302978516,0.43378424644470215,0.48413991928100586,0.4677560329437256,1.0453228950500488,0.23239874839782715,0.2815511226654053,0.41871213912963867,0.48155879974365234,0.4152250289916992,0.42806386947631836,0.3711662292480469,0.4692962169647217,0.23819708824157715,0.5391519069671631,0.3601200580596924,0.33679890632629395,0.6227807998657227,0.299267053604126,0.24306201934814453,0.438551664352417,0.4430510997772217,0.5173439979553223,0.5520708560943604,0.24225473403930664,0.4398059844970703,0.5575742721557617,0.2532050609588623,0.44475412368774414,0.5590388774871826,0.2425379753112793,0.46658825874328613,0.34896397590637207,0.3584299087524414,0.4436008930206299,0.44843506813049316,0.630023717880249,0.43041205406188965,0.2478492259979248,0.504105806350708,0.5534818172454834,0.5150840282440186,0.47952723503112793,0.35985589027404785,0.4677619934082031,0.5487101078033447,0.5841531753540039,0.6345579624176025,0.2310929298400879,0.5079710483551025,0.756986141204834,0.47528600692749023,0.24127912521362305,0.7436320781707764,0.362041711807251,0.3387901782989502,0.27477407455444336,0.5667288303375244,0.4662158489227295,0.29862380027770996,0.6336870193481445,0.6824231147766113,0.3196678161621094,0.43264174461364746,0.2855672836303711,0.46768617630004883,0.4046211242675781,0.5882039070129395,0.5537619590759277,0.4100511074066162,0.2773010730743408,0.2316570281982422,0.24491596221923828,0.23328495025634766,0.46921300888061523,0.34122276306152344,0.7191839218139648,0.4164860248565674,0.5580811500549316,0.45182108879089355,0.2907419204711914,0.6340768337249756,0.4177227020263672,0.9028890132904053,0.41903090476989746,0.4331169128417969,0.39934515953063965,0.522895097732544,0.732043981552124,0.6638040542602539,0.4322230815887451,0.3534209728240967,0.2848992347717285,0.4581339359283447,0.4338040351867676,0.5167191028594971,0.48848986625671387,0.4631931781768799,0.6677088737487793,0.42198896408081055,0.26271891593933105,0.6377100944519043,0.2924327850341797,0.44193387031555176,0.6590480804443359,0.24541902542114258,0.32045602798461914,0.5468738079071045,0.7856390476226807,0.3974158763885498,0.3816537857055664,0.5511181354522705,0.5564401149749756,0.39122772216796875,0.5078961849212646,0.5806448459625244,0.2336268424987793,0.6345028877258301,0.2402191162109375,0.3448607921600342,0.35874295234680176,0.4293677806854248,0.5253617763519287,0.45933103561401367,1.1198129653930664,0.6192929744720459,0.23456311225891113,0.5797560214996338,0.5860791206359863,0.47498011589050293,0.26087403297424316,0.47370076179504395,0.5639879703521729,0.3077080249786377,0.6311917304992676,0.47949910163879395,0.3189220428466797,0.33994102478027344,0.6281728744506836,0.23593497276306152,0.7992541790008545,0.5918939113616943,0.724611759185791,0.35707712173461914,0.33871006965637207,0.4124948978424072,0.8646361827850342,0.31778621673583984,0.2975587844848633,0.4454829692840576,0.6690659523010254,0.45600104331970215,0.6696031093597412,0.26166701316833496,0.568903923034668,0.6478230953216553,0.24972009658813477,0.9751927852630615,0.5433919429779053,0.6658511161804199,0.412280797958374,0.4410710334777832,0.7285289764404297,0.7356770038604736,0.5307810306549072,0.4748218059539795,0.3946840763092041,0.7319779396057129,0.30220580101013184,0.49770593643188477,0.2945079803466797,0.5692031383514404,0.5273370742797852,0.631026029586792,0.417194128036499,0.5791411399841309,0.2499840259552002,0.5081467628479004,0.25986313819885254,0.5871999263763428,0.577578067779541,0.3793320655822754,0.7200679779052734,0.42046403884887695,0.5848770141601562,0.6438610553741455,0.7542908191680908,0.44303202629089355,0.6113381385803223,0.4677760601043701,0.2815208435058594,0.24485206604003906,0.5047240257263184,0.528252124786377,0.5977327823638916,0.6351239681243896,0.6773018836975098,0.6687538623809814,0.46823787689208984,0.4018678665161133
0.06	GEE	0.006089925765991211,0.0055501461029052734,0.006441831588745117,0.005802154541015625,0.0057909488677978516,0.00561833381652832,0.005521059036254883,0.005970954895019531,0.005821943283081055,0.006651878356933594,0.006871938705444336,0.00603485107421875,0.006646156311035156,0.005769014358520508,0.005856990814208984,0.0060520172119140625,0.006292104721069336,0.005572080612182617,0.006459236145019531,0.005590915679931641,0.005870819091796875,0.006775617599487305,0.0060160160064697266,0.005682945251464844,0.00645136833190918,0.006064176559448242,0.005692243576049805,0.005845069885253906,0.0065517425537109375,0.005595207214355469,0.006159305572509766,0.005681753158569336,0.006273031234741211,0.00555109977722168,0.0056798458099365234,0.005571126937866211,0.006045103073120117,0.005796194076538086,0.005703926086425781,0.005712985992431641,0.005851268768310547,0.005925893783569336,0.005650997161865234,0.006736040115356445,0.006569862365722656,0.005761861801147461,0.005610942840576172,0.005705118179321289,0.005450010299682617,0.005646705627441406,0.006635904312133789,0.00652003288269043,0.005491018295288086,0.005597114562988281,0.00613713264465332,0.005882978439331055,0.0057239532470703125,0.00551605224609375,0.0057070255279541016,0.005908012390136719,0.005860090255737305,0.005675792694091797,0.005785703659057617,0.006596803665161133,0.006701946258544922,0.005650043487548828,0.005609989166259766,0.006089210510253906,0.00633692741394043,0.005606889724731445,0.0054929256439208984,0.006287813186645508,0.0055921077728271484,0.0056498050689697266,0.005979061126708984,0.00549769401550293,0.006289958953857422,0.005525827407836914,0.005671977996826172,0.007561922073364258,0.005914926528930664,0.005556344985961914,0.005693912506103516,0.005955696105957031,0.005667924880981445,0.02535390853881836,0.0062351226806640625,0.006162881851196289,0.006618022918701172,0.006270885467529297,0.006114006042480469,0.005789995193481445,0.005999088287353516,0.006237983703613281,0.005686044692993164,0.005548954010009766,0.005814075469970703,0.00580286979675293,0.0064067840576171875,0.0056378841400146484,0.006540060043334961,0.0057201385498046875,0.006081104278564453,0.005706071853637695,0.0059871673583984375,0.005591869354248047,0.006190776824951172,0.005607128143310547,0.005815982818603516,0.005996227264404297,0.005506038665771484,0.0058441162109375,0.006360054016113281,0.00551915168762207,0.0061838626861572266,0.00577998161315918,0.005692720413208008,0.0055310726165771484,0.005599021911621094,0.006031990051269531,0.006653308868408203,0.005798816680908203,0.005609989166259766,0.005548954010009766,0.0056667327880859375,0.005810737609863281,0.006360054016113281,0.006306171417236328,0.005681037902832031,0.005819797515869141,0.0056798458099365234,0.005646228790283203,0.007017850875854492,0.005986928939819336,0.005751132965087891,0.0057468414306640625,0.005997180938720703,0.006557941436767578,0.006798744201660156,0.0057621002197265625,0.005739927291870117,0.005659818649291992,0.006147146224975586,0.00633692741394043,0.0057373046875,0.005666017532348633,0.0064640045166015625,0.005532264709472656,0.005760908126831055,0.005755186080932617,0.006028175354003906,0.005751132965087891,0.006123065948486328,0.00555419921875,0.005629062652587891,0.005970954895019531,0.0056231021881103516,0.005752086639404297,0.006294965744018555,0.005609035491943359,0.005614042282104492,0.005712032318115234,0.005826711654663086,0.005789995193481445,0.005690813064575195,0.005933046340942383,0.006515026092529297,0.009727001190185547,0.00574803352355957,0.005840778350830078,0.005788087844848633,0.00690007209777832,0.005594015121459961,0.005609035491943359,0.005717039108276367,0.005697011947631836,0.005988121032714844,0.0056972503662109375,0.005671262741088867,0.0056819915771484375,0.005665779113769531,0.005745887756347656,0.005907773971557617,0.006286144256591797,0.006346940994262695,0.005845069885253906,0.005776166915893555,0.005501985549926758,0.005993366241455078,0.005488872528076172,0.005838871002197266,0.005781888961791992,0.006271839141845703,0.00574803352355957,0.005815982818603516,0.005622148513793945,0.0063669681549072266,0.006600856781005859,0.006005048751831055,0.006703853607177734
0.06	GNN	0.5868332386016846,0.37451696395874023,0.2717602252960205,0.32326412200927734,0.38859009742736816,0.3909740447998047,0.5415518283843994,0.3326420783996582,0.6738262176513672,0.3068249225616455,0.33576011657714844,0.3450918197631836,0.41017603874206543,0.44544219970703125,0.2884407043457031,0.3380260467529297,0.28330278396606445,0.2655320167541504,0.4091618061065674,0.3996143341064453,0.3713500499725342,0.2526390552520752,0.42531681060791016,0.6123619079589844,0.3605690002441406,0.3489828109741211,0.386044979095459,0.3547499179840088,0.3342709541320801,0.2815427780151367,0.346282958984375,0.36695289611816406,0.3414170742034912,0.2925732135772705,0.3972511291503906,0.2615509033203125,0.3129611015319824,0.282987117767334,0.2609410285949707,0.3762528896331787,0.29919004440307617,0.3342158794403076,0.2765200138092041,0.36185503005981445,0.34431886672973633,0.30040478706359863,0.3633110523223877,0.25823497772216797,0.42626309394836426,0.280379056930542,0.35661959648132324,0.25003814697265625,0.3069281578063965,0.3094022274017334,0.29860711097717285,0.40297985076904297,0.3921959400177002,0.42739391326904297,0.3472719192504883,0.37756800651550293,0.3359870910644531,0.3876070976257324,0.3949470520019531,0.556713342666626,0.4108400344848633,0.35546398162841797,0.3005859851837158,0.3548848628997803,0.477435827255249,0.2583029270172119,0.33310413360595703,0.4078202247619629,0.3918600082397461,0.3099031448364258,0.2675337791442871,0.4336540699005127,0.5858490467071533,0.4414539337158203,0.41982173919677734,0.5021398067474365,0.40507078170776367,0.32393670082092285,0.3323967456817627,0.4420959949493408,0.2821061611175537,0.3516397476196289,0.342609167098999,0.38806986808776855,0.5737338066101074,0.5431411266326904,0.33315610885620117,0.2811908721923828,0.24809598922729492,0.2588071823120117,0.3335878849029541,0.3662121295928955,0.3948190212249756,0.34804511070251465,0.42951297760009766,0.3515791893005371,0.30037999153137207,0.36741089820861816,0.29433679580688477,0.3436868190765381,0.39923810958862305,0.655684232711792,0.3642871379852295,0.32683229446411133,0.3656280040740967,0.33422207832336426,0.30443382263183594,0.3828301429748535,0.36984872817993164,0.2581899166107178,0.32985901832580566,0.27329301834106445,0.5156149864196777,0.36308789253234863,0.2816610336303711,0.32990193367004395,0.30874204635620117,0.2531719207763672,0.311007022857666,0.37569594383239746,0.3046131134033203,0.6890459060668945,0.38762497901916504,0.2655909061431885,0.493366003036499,0.3837003707885742,0.3586549758911133,0.41772985458374023,0.35431385040283203,0.5007851123809814,0.6591618061065674,0.4436349868774414,0.4018712043762207,0.35924482345581055,0.3334829807281494,0.39643216133117676,0.43468284606933594,0.3554389476776123,0.31941986083984375,0.34383678436279297,0.35964202880859375,0.46896910667419434,0.3144230842590332,0.5366101264953613,0.6223151683807373,0.3788928985595703,0.4675939083099365,0.28528809547424316,0.3659482002258301,0.39236903190612793,0.32921504974365234,0.3444361686706543,0.4503300189971924,0.5760459899902344,0.5516757965087891,0.33600378036499023,0.4644930362701416,0.3952960968017578,0.5398869514465332,0.272860050201416,0.3856339454650879,0.43819499015808105,0.34175896644592285,0.2947509288787842,0.27074098587036133,0.3365018367767334,0.46634507179260254,0.2716081142425537,0.33040499687194824,0.3004469871520996,0.38331007957458496,0.32808613777160645,0.3126871585845947,0.325714111328125,0.33212995529174805,0.41918492317199707,0.3210170269012451,0.3221759796142578,0.4366488456726074,0.37366700172424316,0.3419320583343506,0.3601088523864746,0.36803293228149414,0.6242890357971191,0.30255889892578125,0.33080601692199707,0.40988993644714355,0.31749677658081055,0.35369277000427246,0.4854278564453125,0.43601107597351074,0.39511871337890625,0.4040539264678955,0.34982800483703613,0.25949811935424805,0.6734809875488281
0.06	GG	1.0556859970092773,0.4063558578491211,0.4517219066619873,0.7175700664520264,0.6922109127044678,0.616663932800293,0.24712872505187988,0.6193628311157227,0.42647290229797363,0.30992794036865234,0.2815549373626709,0.29998326301574707,0.5648488998413086,0.43093013763427734,0.3923168182373047,0.3014388084411621,0.4402129650115967,0.291705846786499,0.27706098556518555,0.6397311687469482,0.41021180152893066,0.25388097763061523,0.5590200424194336,0.3666517734527588,0.4623680114746094,0.45706963539123535,0.6429808139801025,0.44414496421813965,0.558908224105835,0.4261629581451416,0.436542272567749,0.33428192138671875,0.25865602493286133,0.4455389976501465,0.4605250358581543,0.5576088428497314,0.5615448951721191,0.36456298828125,0.589329719543457,0.45266008377075195,0.5619320869445801,0.6206798553466797,0.4707341194152832,0.2477569580078125,0.6768991947174072,0.49002885818481445,0.462188720703125,0.3761780261993408,0.5799441337585449,0.46034693717956543,0.32252001762390137,0.3808591365814209,0.3209190368652344,0.26083993911743164,1.023479700088501,0.2753639221191406,0.44123411178588867,0.40381598472595215,0.30875492095947266,0.4927201271057129,0.24085307121276855,0.32642197608947754,0.2569699287414551,0.5064198970794678,0.3690156936645508,0.447141170501709,0.6157619953155518,0.5076389312744141,0.4555778503417969,0.40067505836486816,0.25611209869384766,0.24285268783569336,0.4516568183898926,0.35068202018737793,0.5670897960662842,0.2910587787628174,0.5163578987121582,0.2424309253692627,0.48169994354248047,0.9042460918426514,0.3588290214538574,0.4167287349700928,0.4153900146484375,0.8509798049926758,0.25623393058776855,0.6973130702972412,0.44956278800964355,0.4501969814300537,0.5431129932403564,0.666419267654419,0.42905116081237793,0.5088169574737549,0.3715958595275879,0.6582179069519043,0.4934079647064209,0.5169410705566406,0.4615800380706787,0.8124122619628906,0.47143077850341797,0.4214651584625244,0.6567099094390869,0.3824341297149658,0.551429271697998,0.8045530319213867,0.8255653381347656,0.3148829936981201,0.5561947822570801,0.36438608169555664,0.4738459587097168,0.6481420993804932,0.7929971218109131,0.3253340721130371,0.3168649673461914,0.5172128677368164,0.4332311153411865,0.8277299404144287,0.5005929470062256,0.6743741035461426,0.40016722679138184,0.42041993141174316,0.42119598388671875,0.5440099239349365,0.3067350387573242,0.24683690071105957,0.9990570545196533,0.6341760158538818,0.2790091037750244,0.3885350227355957,0.7897238731384277,0.508713960647583,0.26932668685913086,0.29736781120300293,0.4406299591064453,0.26424598693847656,0.8239169120788574,0.781843900680542,0.33278584480285645,0.45912814140319824,0.7085258960723877,0.35691308975219727,0.6167030334472656,0.6071879863739014,0.5547299385070801,0.3891170024871826,0.2694110870361328,0.28626489639282227,0.42489075660705566,0.3047919273376465,0.2369248867034912,0.42345595359802246,0.33527565002441406,0.42788076400756836,0.36910510063171387,0.24441766738891602,0.31022024154663086,0.6702909469604492,0.25003480911254883,0.3967459201812744,0.72666335105896,0.32891011238098145,0.40912508964538574,0.4625530242919922,0.23838090896606445,0.5372118949890137,0.7195041179656982,0.2455611228942871,0.5211629867553711,0.6196439266204834,0.6150720119476318,0.4326028823852539,0.3666262626647949,0.7700397968292236,0.301685094833374,0.6358072757720947,0.38219714164733887,0.2783548831939697,0.5364460945129395,0.5641500949859619,0.4747457504272461,0.5889573097229004,0.3408339023590088,0.3247969150543213,0.4376518726348877,0.25322604179382324,0.24664807319641113,0.8549659252166748,0.4159858226776123,0.6394600868225098,0.6129002571105957,0.6575701236724854,0.25423121452331543,0.37697291374206543,0.44615912437438965,0.567392110824585,0.5019252300262451,0.36625194549560547,0.42606329917907715,0.43146705627441406,0.4303710460662842,0.49956512451171875
0.06	GG2	1.0556859970092773,0.4063558578491211,0.4517219066619873,0.7175700664520264,0.6922109127044678,0.616663932800293,0.24712872505187988,0.6193628311157227,0.42647290229797363,0.30992794036865234,0.2815549373626709,0.29998326301574707,0.5648488998413086,0.43093013763427734,0.3923168182373047,0.3014388084411621,0.4402129650115967,0.291705846786499,0.27706098556518555,0.6397311687469482,0.41021180152893066,0.25388097763061523,0.5590200424194336,0.3666517734527588,0.4623680114746094,0.45706963539123535,0.6429808139801025,0.44414496421813965,0.558908224105835,0.4261629581451416,0.436542272567749,0.33428192138671875,0.25865602493286133,0.4455389976501465,0.4605250358581543,0.5576088428497314,0.5615448951721191,0.36456298828125,0.589329719543457,0.45266008377075195,0.5619320869445801,0.6206798553466797,0.4707341194152832,0.2477569580078125,0.6768991947174072,0.49002885818481445,0.462188720703125,0.3761780261993408,0.5799441337585449,0.46034693717956543,0.32252001762390137,0.3808591365814209,0.3209190368652344,0.26083993911743164,1.023479700088501,0.2753639221191406,0.44123411178588867,0.40381598472595215,0.30875492095947266,0.4927201271057129,0.24085307121276855,0.32642197608947754,0.2569699287414551,0.5064198970794678,0.3690156936645508,0.447141170501709,0.6157619953155518,0.5076389312744141,0.4555778503417969,0.40067505836486816,0.25611209869384766,0.24285268783569336,0.4516568183898926,0.35068202018737793,0.5670897960662842,0.2910587787628174,0.5163578987121582,0.2424309253692627,0.48169994354248047,0.9042460918426514,0.3588290214538574,0.4167287349700928,0.4153900146484375,0.8509798049926758,0.25623393058776855,0.6973130702972412,0.44956278800964355,0.4501969814300537,0.5431129932403564,0.666419267654419,0.42905116081237793,0.5088169574737549,0.3715958595275879,0.6582179069519043,0.4934079647064209,0.5169410705566406,0.4615800380706787,0.8124122619628906,0.47143077850341797,0.4214651584625244,0.6567099094390869,0.3824341297149658,0.551429271697998,0.8045530319213867,0.8255653381347656,0.3148829936981201,0.5561947822570801,0.36438608169555664,0.4738459587097168,0.6481420993804932,0.7929971218109131,0.3253340721130371,0.3168649673461914,0.5172128677368164,0.4332311153411865,0.8277299404144287,0.5005929470062256,0.6743741035461426,0.40016722679138184,0.42041993141174316,0.42119598388671875,0.5440099239349365,0.3067350387573242,0.24683690071105957,0.9990570545196533,0.6341760158538818,0.2790091037750244,0.3885350227355957,0.7897238731384277,0.508713960647583,0.26932668685913086,0.29736781120300293,0.4406299591064453,0.26424598693847656,0.8239169120788574,0.781843900680542,0.33278584480285645,0.45912814140319824,0.7085258960723877,0.35691308975219727,0.6167030334472656,0.6071879863739014,0.5547299385070801,0.3891170024871826,0.2694110870361328,0.28626489639282227,0.42489075660705566,0.3047919273376465,0.2369248867034912,0.42345595359802246,0.33527565002441406,0.42788076400756836,0.36910510063171387,0.24441766738891602,0.31022024154663086,0.6702909469604492,0.25003480911254883,0.3967459201812744,0.72666335105896,0.32891011238098145,0.40912508964538574,0.4625530242919922,0.23838090896606445,0.5372118949890137,0.7195041179656982,0.2455611228942871,0.5211629867553711,0.6196439266204834,0.6150720119476318,0.4326028823852539,0.3666262626647949,0.7700397968292236,0.301685094833374,0.6358072757720947,0.38219714164733887,0.2783548831939697,0.5364460945129395,0.5641500949859619,0.4747457504272461,0.5889573097229004,0.3408339023590088,0.3247969150543213,0.4376518726348877,0.25322604179382324,0.24664807319641113,0.8549659252166748,0.4159858226776123,0.6394600868225098,0.6129002571105957,0.6575701236724854,0.25423121452331543,0.37697291374206543,0.44615912437438965,0.567392110824585,0.5019252300262451,0.36625194549560547,0.42606329917907715,0.43146705627441406,0.4303710460662842,0.49956512451171875
0.08	GEE	0.007029056549072266,0.0073719024658203125,0.0068950653076171875,0.006460905075073242,0.007317066192626953,0.006392955780029297,0.006620883941650391,0.0064678192138671875,0.007308006286621094,0.006945133209228516,0.006548166275024414,0.006714820861816406,0.006799936294555664,0.006799936294555664,0.007810115814208984,0.00652313232421875,0.0073850154876708984,0.006794929504394531,0.007151126861572266,0.0068128108978271484,0.006624937057495117,0.0074388980865478516,0.006603717803955078,0.006960153579711914,0.006799936294555664,0.006710052490234375,0.007196187973022461,0.006612062454223633,0.006757020950317383,0.0067293643951416016,0.007581233978271484,0.007451772689819336,0.007213115692138672,0.006749868392944336,0.006600856781005859,0.006606101989746094,0.007250070571899414,0.007083892822265625,0.0076329708099365234,0.007600307464599609,0.007791042327880859,0.007636070251464844,0.0067081451416015625,0.007871866226196289,0.00751185417175293,0.0067598819732666016,0.006657123565673828,0.006508827209472656,0.006577968597412109,0.006452798843383789,0.006865262985229492,0.0067348480224609375,0.00639796257019043,0.006976127624511719,0.0066339969635009766,0.007030010223388672,0.006894826889038086,0.008463144302368164,0.006880044937133789,0.0066509246826171875,0.006955862045288086,0.006586790084838867,0.007843017578125,0.006793022155761719,0.00677800178527832,0.006794929504394531,0.0068628787994384766,0.007751941680908203,0.006657123565673828,0.006760835647583008,0.006730079650878906,0.007708072662353516,0.006470918655395508,0.006679058074951172,0.007059812545776367,0.006721973419189453,0.0069980621337890625,0.0070340633392333984,0.0068950653076171875,0.008381128311157227,0.00749969482421875,0.006709098815917969,0.007552146911621094,0.007551908493041992,0.006916046142578125,0.006537914276123047,0.007701873779296875,0.008634805679321289,0.006709098815917969,0.007720947265625,0.0065767765045166016,0.007882118225097656,0.0065348148345947266,0.007648944854736328,0.0073719024658203125,0.006467103958129883,0.00853276252746582,0.00822305679321289,0.0063669681549072266,0.006876945495605469,0.00675201416015625,0.007420778274536133,0.007402896881103516,0.006802797317504883,0.006510019302368164,0.006494998931884766,0.0066869258880615234,0.006530046463012695,0.006853818893432617,0.006617069244384766,0.006515026092529297,0.006330251693725586,0.006731986999511719,0.006963014602661133,0.0066890716552734375,0.006615877151489258,0.006871223449707031,0.006599903106689453,0.0064241886138916016,0.006829261779785156,0.0065729618072509766,0.006880044937133789,0.006503105163574219,0.007736921310424805,0.006700754165649414,0.007879257202148438,0.006518125534057617,0.006783962249755859,0.007869958877563477,0.006483793258666992,0.006886005401611328,0.006577014923095703,0.006669044494628906,0.006407022476196289,0.006610870361328125,0.00832223892211914,0.006645917892456055,0.006663084030151367,0.006556034088134766,0.00795602798461914,0.006623983383178711,0.006806135177612305,0.007848978042602539,0.006665945053100586,0.00751185417175293,0.006657123565673828,0.0067310333251953125,0.008325815200805664,0.00755000114440918,0.006890058517456055,0.006722927093505859,0.012768745422363281,0.006707906723022461,0.006408214569091797,0.00675201416015625,0.0066831111907958984,0.006758928298950195,0.007752895355224609,0.006836891174316406,0.006606101989746094,0.0066509246826171875,0.011259794235229492,0.006457805633544922,0.0070569515228271484,0.007941007614135742,0.006684064865112305,0.009092092514038086,0.007585048675537109,0.007071971893310547,0.0067899227142333984,0.007992029190063477,0.0067138671875,0.007092952728271484,0.006772041320800781,0.0065310001373291016,0.007085084915161133,0.008063077926635742,0.006866931915283203,0.0066640377044677734,0.006937980651855469,0.007962942123413086,0.007525920867919922,0.006616830825805664,0.006901979446411133,0.006891012191772461,0.007359027862548828,0.006651878356933594,0.0068340301513671875,0.006737947463989258,0.006626129150390625,0.0070819854736328125,0.007522106170654297,0.006701231002807617,0.006804943084716797,0.006940126419067383,0.007650136947631836,0.00751805305480957,0.006630897521972656,0.006755828857421875,0.006922006607055664
0.08	GNN	0.39552783966064453,0.5321567058563232,0.3539400100708008,0.28322577476501465,0.3640570640563965,0.4469780921936035,0.3703601360321045,0.411419153213501,0.28440022468566895,0.31081414222717285,0.48284411430358887,0.36981201171875,0.32372617721557617,0.3637721538543701,0.3408939838409424,0.42267894744873047,0.4120657444000244,0.45061707496643066,0.4685549736022949,0.46170997619628906,0.38521480560302734,0.28783321380615234,0.4585888385772705,0.3727867603302002,0.33665895462036133,0.34317588806152344,0.34108495712280273,0.3295862674713135,0.439302921295166,0.2686021327972412,0.3328707218170166,0.4730699062347412,0.42832207679748535,0.3506050109863281,0.2884490489959717,0.35900092124938965,0.36721301078796387,0.39138197898864746,0.3570382595062256,0.4452981948852539,0.3045468330383301,0.27193212509155273,0.42804598808288574,0.37314820289611816,0.3355288505554199,0.3300328254699707,0.338756799697876,0.4318268299102783,0.42549681663513184,0.37643861770629883,0.38394689559936523,0.2778141498565674,0.32007288932800293,0.38907504081726074,0.3094360828399658,0.38051819801330566,0.3909423351287842,0.5940790176391602,0.31745386123657227,0.4482591152191162,0.28978991508483887,0.2987809181213379,0.2751467227935791,0.4315159320831299,0.3974471092224121,0.3034958839416504,0.36847901344299316,0.4126300811767578,0.3620927333831787,0.41934728622436523,0.25644373893737793,0.32953929901123047,0.35161590576171875,0.4519839286804199,0.44678497314453125,0.3547630310058594,0.39151477813720703,0.4227480888366699,0.5061192512512207,0.4617621898651123,0.33162713050842285,0.49454402923583984,0.26283907890319824,0.3963940143585205,0.38101983070373535,0.26361513137817383,0.3251001834869385,0.39049816131591797,0.6934771537780762,0.4377448558807373,0.4079172611236572,0.3663952350616455,0.33945178985595703,0.30007410049438477,0.31229114532470703,0.2982499599456787,0.33643007278442383,0.30986714363098145,0.3759920597076416,0.37665700912475586,0.35771775245666504,0.3077399730682373,0.35639405250549316,0.6096010208129883,0.29669618606567383,0.28078317642211914,0.5429160594940186,0.40761876106262207,0.3537020683288574,0.29780101776123047,0.5370180606842041,0.3960127830505371,0.4468059539794922,0.5864858627319336,0.29758214950561523,0.445544958114624,0.405548095703125,0.28893280029296875,0.3905620574951172,0.3882570266723633,0.4185049533843994,0.3919179439544678,0.3782837390899658,0.3274092674255371,0.5315160751342773,0.5438759326934814,0.4043447971343994,0.3670799732208252,0.40178823471069336,0.2674582004547119,0.5234310626983643,0.4639852046966553,0.4244852066040039,0.543748140335083,0.3311150074005127,0.3270602226257324,0.30298900604248047,0.37288689613342285,0.3544580936431885,0.32750415802001953,0.29792189598083496,0.39479494094848633,0.3840341567993164,0.3859736919403076,0.3868570327758789,0.4057042598724365,0.38355302810668945,0.3595268726348877,0.3351869583129883,0.532120943069458,0.3806798458099365,0.3676259517669678,0.29671311378479004,0.5480897426605225,0.3447270393371582,0.2832949161529541,0.379932165145874,0.4059731960296631,0.34137392044067383,0.41720128059387207,0.40051817893981934,0.34441423416137695,0.2828559875488281,0.33321595191955566,0.26474690437316895,0.2603578567504883,0.3352968692779541,0.3089890480041504,0.278918981552124,0.35839414596557617,0.3374969959259033,0.3597218990325928,0.3642570972442627,0.48477911949157715,0.38724493980407715,0.4376850128173828,0.27475404739379883,0.4331858158111572,0.32581400871276855,0.37059593200683594,0.2748291492462158,0.32682204246520996,0.33347511291503906,0.32352185249328613,0.4511590003967285,0.3292570114135742,0.3462858200073242,0.3928239345550537,0.31200289726257324,0.33534693717956543,0.32627391815185547,0.3229508399963379,0.40493202209472656,0.44324469566345215,0.6026582717895508,0.4878520965576172,0.35425424575805664,0.5277597904205322,0.6161339282989502,0.4603719711303711
0.08	GG	0.5118560791015625,0.480698823928833,0.6567659378051758,0.44011402130126953,0.6259016990661621,0.6463398933410645,0.38379693031311035,0.43550896644592285,0.44048309326171875,0.8997247219085693,0.4278690814971924,0.4865288734436035,0.2647519111633301,0.2931251525878906,0.29373621940612793,0.25368595123291016,0.3280911445617676,0.37175917625427246,0.27365994453430176,0.36994004249572754,0.5789768695831299,0.608532190322876,0.8266627788543701,0.6932089328765869,0.3135209083557129,0.5199460983276367,0.5961706638336182,0.39254283905029297,0.38364171981811523,0.5328369140625,0.2897977828979492,0.5452601909637451,0.33936429023742676,0.42974185943603516,0.3607289791107178,0.3772127628326416,0.4088618755340576,0.4759528636932373,0.25848984718322754,0.6279377937316895,0.36616086959838867,0.41735291481018066,0.44704365730285645,0.29939699172973633,0.8372979164123535,0.30782079696655273,0.4688689708709717,0.38796114921569824,0.40421605110168457,0.2853827476501465,0.25766491889953613,0.508209228515625,0.4126410484313965,0.7886552810668945,0.7354249954223633,0.7429540157318115,0.49245405197143555,0.6593351364135742,0.4462318420410156,0.5959038734436035,0.36994028091430664,0.9181461334228516,0.24641799926757812,0.4317188262939453,0.4034891128540039,0.31685495376586914,0.7421441078186035,0.381213903427124,0.6740801334381104,0.4092998504638672,0.67122483253479,0.4010918140411377,0.28829216957092285,0.4680049419403076,0.34885478019714355,0.2976229190826416,1.0025382041931152,0.44443798065185547,0.7020142078399658,0.5782902240753174,0.4742121696472168,0.4551737308502197,0.6538128852844238,0.5912487506866455,0.6487269401550293,0.6936969757080078,0.3340790271759033,0.5671696662902832,0.6420412063598633,0.6086270809173584,0.2539651393890381,0.8716323375701904,0.4089772701263428,1.159559965133667,0.3936901092529297,0.6524710655212402,0.5127441883087158,0.6176362037658691,0.42336606979370117,0.5156939029693604,0.8335721492767334,0.29232311248779297,0.5995419025421143,0.625622034072876,0.6007847785949707,0.33222079277038574,0.29326891899108887,0.25557708740234375,0.24619221687316895,0.5434722900390625,0.731895923614502,0.6340329647064209,0.2734501361846924,0.5427029132843018,0.5933108329772949,0.6654269695281982,0.3684830665588379,0.3124048709869385,0.294813871383667,0.5883491039276123,0.4846079349517822,0.3917419910430908,0.3622579574584961,0.6132359504699707,0.8638741970062256,0.6123712062835693,0.5092861652374268,0.5272259712219238,0.5512728691101074,0.4185171127319336,0.25118112564086914,0.35396885871887207,0.40596890449523926,0.2979881763458252,0.44003891944885254,0.6275100708007812,0.5712010860443115,0.43961501121520996,0.807075023651123,0.6976029872894287,0.8708469867706299,0.3567922115325928,0.4202401638031006,0.32505321502685547,0.6315000057220459,0.5848567485809326,0.3832252025604248,0.46171998977661133,0.24691510200500488,0.5447947978973389,0.364473819732666,0.28894996643066406,0.5559518337249756,0.285567045211792,0.4991581439971924,0.6061418056488037,0.5710890293121338,0.36134815216064453,0.5498092174530029,0.3466529846191406,0.3320326805114746,0.5313851833343506,0.24296331405639648,0.6095030307769775,0.6222200393676758,0.42650699615478516,0.7405731678009033,0.41980409622192383,0.3709557056427002,0.783109188079834,0.43409109115600586,0.5303900241851807,0.6259229183197021,1.2740468978881836,0.2838747501373291,0.2947568893432617,0.44368791580200195,0.3751978874206543,0.4740278720855713,0.6110231876373291,0.5954759120941162,0.3820779323577881,0.5015702247619629,0.6767551898956299,0.5244579315185547,0.6392977237701416,0.713054895401001,0.6007261276245117,0.5991652011871338,0.6053588390350342,0.30228686332702637,0.36930108070373535,0.6721420288085938,0.45411133766174316,0.5324747562408447,0.3131446838378906,0.4388916492462158,0.6585531234741211,0.49596166610717773,0.8246850967407227
0.08	GG2	0.5118560791015625,0.480698823928833,0.6567659378051758,0.44011402130126953,0.6259016990661621,0.6463398933410645,0.38379693031311035,0.43550896644592285,0.44048309326171875,0.8997247219085693,0.4278690814971924,0.4865288734436035,0.2647519111633301,0.2931251525878906,0.29373621940612793,0.25368595123291016,0.3280911445617676,0.37175917625427246,0.27365994453430176,0.36994004249572754,0.5789768695831299,0.608532190322876,0.8266627788543701,0.6932089328765869,0.3135209083557129,0.5199460983276367,0.5961706638336182,0.39254283905029297,0.38364171981811523,0.5328369140625,0.2897977828979492,0.5452601909637451,0.33936429023742676,0.42974185943603516,0.3607289791107178,0.3772127628326416,0.4088618755340576,0.4759528636932373,0.25848984718322754,0.6279377937316895,0.36616086959838867,0.41735291481018066,0.44704365730285645,0.29939699172973633,0.8372979164123535,0.30782079696655273,0.4688689708709717,0.38796114921569824,0.40421605110168457,0.2853827476501465,0.25766491889953613,0.508209228515625,0.4126410484313965,0.7886552810668945,0.7354249954223633,0.7429540157318115,0.49245405197143555,0.6593351364135742,0.4462318420410156,0.5959038734436035,0.36994028091430664,0.9181461334228516,0.24641799926757812,0.4317188262939453,0.4034891128540039,0.31685495376586914,0.7421441078186035,0.381213903427124,0.6740801334381104,0.4092998504638672,0.67122483253479,0.4010918140411377,0.28829216957092285,0.4680049419403076,0.34885478019714355,0.2976229190826416,1.0025382041931152,0.44443798065185547,0.7020142078399658,0.5782902240753174,0.4742121696472168,0.4551737308502197,0.6538128852844238,0.5912487506866455,0.6487269401550293,0.6936969757080078,0.3340790271759033,0.5671696662902832,0.6420412063598633,0.6086270809173584,0.2539651393890381,0.8716323375701904,0.4089772701263428,1.159559965133667,0.3936901092529297,0.6524710655212402,0.5127441883087158,0.6176362037658691,0.42336606979370117,0.5156939029693604,0.8335721492767334,0.29232311248779297,0.5995419025421143,0.625622034072876,0.6007847785949707,0.33222079277038574,0.29326891899108887,0.25557708740234375,0.24619221687316895,0.5434722900390625,0.731895923614502,0.6340329647064209,0.2734501361846924,0.5427029132843018,0.5933108329772949,0.6654269695281982,0.3684830665588379,0.3124048709869385,0.294813871383667,0.5883491039276123,0.4846079349517822,0.3917419910430908,0.3622579574584961,0.6132359504699707,0.8638741970062256,0.6123712062835693,0.5092861652374268,0.5272259712219238,0.5512728691101074,0.4185171127319336,0.25118112564086914,0.35396885871887207,0.40596890449523926,0.2979881763458252,0.44003891944885254,0.6275100708007812,0.5712010860443115,0.43961501121520996,0.807075023651123,0.6976029872894287,0.8708469867706299,0.3567922115325928,0.4202401638031006,0.32505321502685547,0.6315000057220459,0.5848567485809326,0.3832252025604248,0.46171998977661133,0.24691510200500488,0.5447947978973389,0.364473819732666,0.28894996643066406,0.5559518337249756,0.285567045211792,0.4991581439971924,0.6061418056488037,0.5710890293121338,0.36134815216064453,0.5498092174530029,0.3466529846191406,0.3320326805114746,0.5313851833343506,0.24296331405639648,0.6095030307769775,0.6222200393676758,0.42650699615478516,0.7405731678009033,0.41980409622192383,0.3709557056427002,0.783109188079834,0.43409109115600586,0.5303900241851807,0.6259229183197021,1.2740468978881836,0.2838747501373291,0.2947568893432617,0.44368791580200195,0.3751978874206543,0.4740278720855713,0.6110231876373291,0.5954759120941162,0.3820779323577881,0.5015702247619629,0.6767551898956299,0.5244579315185547,0.6392977237701416,0.713054895401001,0.6007261276245117,0.5991652011871338,0.6053588390350342,0.30228686332702637,0.36930108070373535,0.6721420288085938,0.45411133766174316,0.5324747562408447,0.3131446838378906,0.4388916492462158,0.6585531234741211,0.49596166610717773,0.8246850967407227
0.1	GEE	0.007599830627441406,0.00705718994140625,0.0070629119873046875,0.0069730281829833984,0.006819963455200195,0.007222175598144531,0.0073130130767822266,0.007227897644042969,0.00701594352722168,0.009576082229614258,0.011237144470214844,0.0068950653076171875,0.00715184211730957,0.007140159606933594,0.00797891616821289,0.008146047592163086,0.007121086120605469,0.008374929428100586,0.008100032806396484,0.00710606575012207,0.006958723068237305,0.008247137069702148,0.007310152053833008,0.006873130798339844,0.007367849349975586,0.00716090202331543,0.006972312927246094,0.0073699951171875,0.007066249847412109,0.0084228515625,0.007044076919555664,0.008058786392211914,0.0072917938232421875,0.0070230960845947266,0.006853818893432617,0.007158994674682617,0.007150173187255859,0.0070803165435791016,0.00795888900756836,0.007182121276855469,0.0068721771240234375,0.008492231369018555,0.008395910263061523,0.007208108901977539,0.007797956466674805,0.008049249649047852,0.007085084915161133,0.007176876068115234,0.006879329681396484,0.00834202766418457,0.006855010986328125,0.008032083511352539,0.0075647830963134766,0.007306098937988281,0.007764101028442383,0.007077217102050781,0.008172035217285156,0.008224964141845703,0.008237838745117188,0.007818937301635742,0.008421182632446289,0.008210897445678711,0.0078582763671875,0.007525205612182617,0.007027864456176758,0.007529020309448242,0.0078122615814208984,0.0070362091064453125,0.00854802131652832,0.008269071578979492,0.00818324089050293,0.007311105728149414,0.0070302486419677734,0.0072019100189208984,0.0074291229248046875,0.007203817367553711,0.008141040802001953,0.0071370601654052734,0.007136821746826172,0.008332967758178711,0.007203102111816406,0.008033037185668945,0.007197856903076172,0.007227897644042969,0.0072329044342041016,0.0073299407958984375,0.007144927978515625,0.0072400569915771484,0.0069730281829833984,0.007428646087646484,0.007881879806518555,0.008405923843383789,0.007111787796020508,0.0068929195404052734,0.008229970932006836,0.006918191909790039,0.007824897766113281,0.007230997085571289,0.007113933563232422,0.008192062377929688,0.007381916046142578,0.007230043411254883,0.008088111877441406,0.006992816925048828,0.0071868896484375,0.008310079574584961,0.008130073547363281,0.009498834609985352,0.007809877395629883,0.007197856903076172,0.007009029388427734,0.007526874542236328,0.0068547725677490234,0.008596181869506836,0.00834798812866211,0.007097959518432617,0.0072269439697265625,0.007344961166381836,0.006969928741455078,0.007355928421020508,0.00828695297241211,0.007570028305053711,0.007113933563232422,0.00726008415222168,0.008562803268432617,0.0071752071380615234,0.0071718692779541016,0.0068318843841552734,0.00712895393371582,0.007148027420043945,0.007035017013549805,0.00690770149230957,0.008077859878540039,0.0070629119873046875,0.007584095001220703,0.007380962371826172,0.00710296630859375,0.008449077606201172,0.011152982711791992,0.007050037384033203,0.007637977600097656,0.007060050964355469,0.007048130035400391,0.0073010921478271484,0.008872270584106445,0.0075991153717041016,0.00702214241027832,0.007459878921508789,0.007005929946899414,0.008240938186645508,0.007905721664428711,0.007445096969604492,0.0076961517333984375,0.007431983947753906,0.007111072540283203,0.007137775421142578,0.0070912837982177734,0.007297039031982422,0.008027076721191406,0.0071408748626708984,0.0072689056396484375,0.007230997085571289,0.0070247650146484375,0.007273197174072266,0.007173776626586914,0.007981061935424805,0.008394002914428711,0.0072209835052490234,0.007400989532470703,0.007105827331542969,0.0073320865631103516,0.007132053375244141,0.007205963134765625,0.0077779293060302734,0.007765054702758789,0.007425069808959961,0.008143901824951172,0.008204221725463867,0.0068132877349853516,0.007276058197021484,0.007321834564208984,0.008440971374511719,0.00730586051940918,0.008178949356079102,0.0077037811279296875,0.007840871810913086,0.007193803787231445,0.00690007209777832,0.0071222782135009766,0.007039070129394531,0.007213115692138672,0.00710296630859375,0.007395029067993164,0.0069408416748046875,0.008410930633544922,0.007330894470214844,0.0076982975006103516,0.007467031478881836,0.008306026458740234,0.007271289825439453
0.1	GNN	0.828639030456543,0.3306722640991211,0.3511531352996826,0.3758406639099121,0.29737091064453125,0.35100317001342773,0.4099607467651367,0.2705979347229004,0.39064860343933105,0.3442549705505371,0.29409098625183105,0.4348721504211426,0.3296380043029785,0.3987703323364258,0.37323880195617676,0.4360239505767822,0.5279579162597656,0.2908508777618408,0.49208784103393555,0.2622199058532715,0.35277295112609863,0.32482218742370605,0.35204100608825684,0.4615800380706787,0.4066939353942871,0.3912370204925537,0.3319833278656006,0.49271392822265625,0.45561885833740234,0.44054484367370605,0.2848927974700928,0.5693943500518799,0.3805527687072754,0.363922119140625,0.2925989627838135,0.6589212417602539,0.29965806007385254,0.3413240909576416,0.3148989677429199,0.3184010982513428,0.28926515579223633,0.36585497856140137,0.3356940746307373,0.27596592903137207,0.34341001510620117,0.38534998893737793,0.43500208854675293,0.33719587326049805,0.4856390953063965,0.3539698123931885,0.3911619186401367,0.2991943359375,0.32068705558776855,0.870764970779419,0.2655189037322998,0.4633040428161621,0.3028709888458252,0.3370039463043213,0.26502513885498047,0.358536958694458,0.38924503326416016,0.5118410587310791,0.34697580337524414,0.4427509307861328,0.41523194313049316,0.4294729232788086,0.40241098403930664,0.4254739284515381,0.3310980796813965,0.31557726860046387,0.4998929500579834,0.5320708751678467,0.5109519958496094,0.4264378547668457,0.32753419876098633,0.508746862411499,0.3563201427459717,0.5284700393676758,0.4868171215057373,0.3548851013183594,0.42100000381469727,0.3678462505340576,0.3696777820587158,0.36548614501953125,0.28984713554382324,0.4300839900970459,0.37414097785949707,0.3891150951385498,0.2941410541534424,0.4302971363067627,0.32996511459350586,0.38884782791137695,0.2702159881591797,0.326704740524292,0.3305821418762207,0.3050191402435303,0.3273589611053467,0.34837794303894043,0.3751239776611328,0.3233652114868164,0.354917049407959,0.33215880393981934,0.30916309356689453,0.3401007652282715,0.2739861011505127,0.38806676864624023,0.39638280868530273,0.3299899101257324,0.47519588470458984,0.3908710479736328,0.38588380813598633,0.5458719730377197,0.4171290397644043,0.33223772048950195,0.4718668460845947,0.352672815322876,0.46008968353271484,0.355543851852417,0.320145845413208,0.3865847587585449,0.30689406394958496,0.5253198146820068,0.3992500305175781,0.3357052803039551,0.5334291458129883,0.41548609733581543,0.3381330966949463,0.2820768356323242,0.2728760242462158,0.474822998046875,0.6973860263824463,0.4138627052307129,0.5577390193939209,0.2778587341308594,0.30083298683166504,0.43614888191223145,0.2734410762786865,0.506173849105835,0.27433180809020996,0.2751171588897705,0.2931678295135498,0.3002140522003174,0.3730950355529785,0.4031848907470703,0.34563279151916504,0.3977222442626953,0.3186910152435303,0.30160093307495117,0.44632411003112793,0.4770200252532959,0.3276553153991699,0.3182399272918701,0.3190958499908447,0.26531100273132324,0.3536069393157959,0.40175390243530273,0.39139509201049805,0.33473801612854004,0.3636949062347412,0.4231269359588623,0.3417041301727295,0.28818273544311523,0.40149998664855957,0.3384840488433838,0.4184389114379883,0.30833888053894043,0.35991692543029785,0.2798311710357666,0.27069592475891113,0.3524608612060547,0.3592560291290283,0.48939990997314453,0.3994870185852051,0.27092599868774414,0.3181431293487549,0.3458750247955322,0.3250560760498047,0.3396632671356201,0.2985670566558838,0.31523895263671875,0.3516390323638916,0.32599806785583496,0.34963488578796387,0.4073309898376465,0.34026026725769043,0.31064701080322266,0.5974099636077881,0.5731346607208252,0.598391056060791,0.4092280864715576,0.3227822780609131,0.34195399284362793,0.3457517623901367,0.3810389041900635,0.3756248950958252,0.3675267696380615,0.32950615882873535,0.42574596405029297,0.5043380260467529,0.4615349769592285
0.1	GG	0.51393723487854,0.5345139503479004,0.8195838928222656,0.26294398307800293,0.7913141250610352,0.26923704147338867,0.4425179958343506,0.349567174911499,0.4964752197265625,0.5258569717407227,0.7780411243438721,0.8503260612487793,0.5746290683746338,0.260958194732666,0.2618372440338135,0.4994502067565918,0.4545001983642578,0.47367095947265625,0.26498913764953613,0.2926669120788574,0.43277692794799805,0.24950885772705078,0.8820457458496094,0.621959924697876,0.4449727535247803,0.5785439014434814,0.9942388534545898,0.3109118938446045,0.48194193840026855,0.29705214500427246,0.29662275314331055,0.41280198097229004,0.4390132427215576,0.24877095222473145,0.404005765914917,0.6884527206420898,0.5643610954284668,0.4345541000366211,0.583914041519165,0.5556061267852783,0.6443371772766113,0.27423787117004395,0.6043713092803955,0.2712712287902832,0.5188560485839844,0.9701969623565674,0.45988988876342773,0.2486729621887207,0.454974889755249,0.38630008697509766,0.5859119892120361,0.7187027931213379,0.46547889709472656,0.3308849334716797,0.691788911819458,0.7489321231842041,0.46740102767944336,0.9706051349639893,0.5173370838165283,0.640225887298584,0.2573070526123047,0.3568837642669678,0.359910249710083,0.5600249767303467,0.35782504081726074,0.7319810390472412,0.3886570930480957,0.5236809253692627,0.5181028842926025,0.5111386775970459,0.30489397048950195,0.6489660739898682,0.31571507453918457,0.4782280921936035,0.42952704429626465,0.6507771015167236,0.4277303218841553,0.2619309425354004,0.25948405265808105,0.5752439498901367,0.5806581974029541,0.550421953201294,0.7003798484802246,0.6104872226715088,0.40546298027038574,0.6118350028991699,0.7106270790100098,0.6042542457580566,0.596127986907959,0.49629998207092285,0.47503113746643066,0.5953488349914551,0.38332700729370117,0.7452380657196045,0.6106460094451904,0.7010610103607178,0.4002110958099365,0.6858668327331543,0.5244629383087158,0.45716214179992676,0.48131704330444336,0.45253801345825195,0.768104076385498,0.6904127597808838,0.6434228420257568,0.2704010009765625,0.4567580223083496,0.2667219638824463,0.2673459053039551,0.6367349624633789,0.30194091796875,0.4515068531036377,0.37894296646118164,0.4490811824798584,0.5496420860290527,0.9382731914520264,0.37011289596557617,0.6666860580444336,0.2875709533691406,0.38892483711242676,0.8917088508605957,0.2593657970428467,0.5014970302581787,0.39995503425598145,0.5850448608398438,0.8089048862457275,0.5390279293060303,0.36533498764038086,0.3834528923034668,0.5280020236968994,0.3782002925872803,0.37651586532592773,0.3122258186340332,0.7252652645111084,0.8474209308624268,0.5830907821655273,0.46002197265625,0.3742547035217285,0.35999393463134766,0.3148472309112549,0.7959916591644287,0.7239470481872559,0.5331621170043945,0.4910581111907959,0.25368595123291016,0.31561803817749023,0.5337638854980469,0.6160120964050293,0.46213579177856445,0.5582189559936523,0.2960939407348633,0.5022330284118652,0.2643120288848877,0.31934213638305664,0.74493408203125,0.7888200283050537,0.44349122047424316,0.6184179782867432,0.5509371757507324,0.704150915145874,0.4695289134979248,0.3287489414215088,0.2991008758544922,0.43016695976257324,0.5053441524505615,0.5282950401306152,0.6469619274139404,0.3325622081756592,0.40790700912475586,0.6507060527801514,0.27164387702941895,0.7536849975585938,0.653933048248291,0.9675629138946533,0.30246996879577637,0.2891108989715576,0.6043450832366943,0.860400915145874,0.3020009994506836,0.587303876876831,0.5669221878051758,0.6548011302947998,0.4917030334472656,0.3444669246673584,0.6490049362182617,0.2516939640045166,0.3989880084991455,0.5356841087341309,0.42224812507629395,0.7874021530151367,0.39343905448913574,0.5273768901824951,0.4474940299987793,0.3108856678009033,0.43656325340270996,0.529766321182251,0.655832052230835,0.6330108642578125,0.4557652473449707,0.40303611755371094
0.1	GG2	0.51393723487854,0.5345139503479004,0.8195838928222656,0.26294398307800293,0.7913141250610352,0.26923704147338867,0.4425179958343506,0.349567174911499,0.4964752197265625,0.5258569717407227,0.7780411243438721,0.8503260612487793,0.5746290683746338,0.260958194732666,0.2618372440338135,0.4994502067565918,0.4545001983642578,0.47367095947265625,0.26498913764953613,0.2926669120788574,0.43277692794799805,0.24950885772705078,0.8820457458496094,0.621959924697876,0.4449727535247803,0.5785439014434814,0.9942388534545898,0.3109118938446045,0.48194193840026855,0.29705214500427246,0.29662275314331055,0.41280198097229004,0.4390132427215576,0.24877095222473145,0.404005765914917,0.6884527206420898,0.5643610954284668,0.4345541000366211,0.583914041519165,0.5556061267852783,0.6443371772766113,0.27423787117004395,0.6043713092803955,0.2712712287902832,0.5188560485839844,0.9701969623565674,0.45988988876342773,0.2486729621887207,0.454974889755249,0.38630008697509766,0.5859119892120361,0.7187027931213379,0.46547889709472656,0.3308849334716797,0.691788911819458,0.7489321231842041,0.46740102767944336,0.9706051349639893,0.5173370838165283,0.640225887298584,0.2573070526123047,0.3568837642669678,0.359910249710083,0.5600249767303467,0.35782504081726074,0.7319810390472412,0.3886570930480957,0.5236809253692627,0.5181028842926025,0.5111386775970459,0.30489397048950195,0.6489660739898682,0.31571507453918457,0.4782280921936035,0.42952704429626465,0.6507771015167236,0.4277303218841553,0.2619309425354004,0.25948405265808105,0.5752439498901367,0.5806581974029541,0.550421953201294,0.7003798484802246,0.6104872226715088,0.40546298027038574,0.6118350028991699,0.7106270790100098,0.6042542457580566,0.596127986907959,0.49629998207092285,0.47503113746643066,0.5953488349914551,0.38332700729370117,0.7452380657196045,0.6106460094451904,0.7010610103607178,0.4002110958099365,0.6858668327331543,0.5244629383087158,0.45716214179992676,0.48131704330444336,0.45253801345825195,0.768104076385498,0.6904127597808838,0.6434228420257568,0.2704010009765625,0.4567580223083496,0.2667219638824463,0.2673459053039551,0.6367349624633789,0.30194091796875,0.4515068531036377,0.37894296646118164,0.4490811824798584,0.5496420860290527,0.9382731914520264,0.37011289596557617,0.6666860580444336,0.2875709533691406,0.38892483711242676,0.8917088508605957,0.2593657970428467,0.5014970302581787,0.39995503425598145,0.5850448608398438,0.8089048862457275,0.5390279293060303,0.36533498764038086,0.3834528923034668,0.5280020236968994,0.3782002925872803,0.37651586532592773,0.3122258186340332,0.7252652645111084,0.8474209308624268,0.5830907821655273,0.46002197265625,0.3742547035217285,0.35999393463134766,0.3148472309112549,0.7959916591644287,0.7239470481872559,0.5331621170043945,0.4910581111907959,0.25368595123291016,0.31561803817749023,0.5337638854980469,0.6160120964050293,0.46213579177856445,0.5582189559936523,0.2960939407348633,0.5022330284118652,0.2643120288848877,0.31934213638305664,0.74493408203125,0.7888200283050537,0.44349122047424316,0.6184179782867432,0.5509371757507324,0.704150915145874,0.4695289134979248,0.3287489414215088,0.2991008758544922,0.43016695976257324,0.5053441524505615,0.5282950401306152,0.6469619274139404,0.3325622081756592,0.40790700912475586,0.6507060527801514,0.27164387702941895,0.7536849975585938,0.653933048248291,0.9675629138946533,0.30246996879577637,0.2891108989715576,0.6043450832366943,0.860400915145874,0.3020009994506836,0.587303876876831,0.5669221878051758,0.6548011302947998,0.4917030334472656,0.3444669246673584,0.6490049362182617,0.2516939640045166,0.3989880084991455,0.5356841087341309,0.42224812507629395,0.7874021530151367,0.39343905448913574,0.5273768901824951,0.4474940299987793,0.3108856678009033,0.43656325340270996,0.529766321182251,0.655832052230835,0.6330108642578125,0.4557652473449707,0.40303611755371094
0.12	GEE	0.009245872497558594,0.007420063018798828,0.007283926010131836,0.008687973022460938,0.0075109004974365234,0.0074841976165771484,0.00862884521484375,0.008560895919799805,0.007576942443847656,0.0076410770416259766,0.007673025131225586,0.00734400749206543,0.007361888885498047,0.007481098175048828,0.008599042892456055,0.007543802261352539,0.00807499885559082,0.007461071014404297,0.007371664047241211,0.007272958755493164,0.00751805305480957,0.007645845413208008,0.008401870727539062,0.0074498653411865234,0.007550954818725586,0.007859945297241211,0.0074231624603271484,0.007566928863525391,0.025450944900512695,0.007367849349975586,0.007581949234008789,0.007498025894165039,0.008412837982177734,0.007246971130371094,0.008575916290283203,0.007683277130126953,0.0076029300689697266,0.007678985595703125,0.008266925811767578,0.008340120315551758,0.009021282196044922,0.007236957550048828,0.008324146270751953,0.007430315017700195,0.007632017135620117,0.007426023483276367,0.007679939270019531,0.007622718811035156,0.007233858108520508,0.007847785949707031,0.00764012336730957,0.007622957229614258,0.008268117904663086,0.007665872573852539,0.00740504264831543,0.007281064987182617,0.008930206298828125,0.007643938064575195,0.009315252304077148,0.0075778961181640625,0.007309913635253906,0.008143901824951172,0.00783991813659668,0.007813215255737305,0.007811784744262695,0.008032083511352539,0.0075948238372802734,0.007256746292114258,0.008715152740478516,0.008444786071777344,0.007584095001220703,0.008767843246459961,0.008266925811767578,0.007143735885620117,0.00882101058959961,0.007522106170654297,0.007617950439453125,0.0073089599609375,0.008450746536254883,0.007946014404296875,0.007676124572753906,0.007873058319091797,0.008802175521850586,0.007604122161865234,0.007524013519287109,0.00732111930847168,0.008602142333984375,0.010360956192016602,0.008788347244262695,0.03541398048400879,0.00750732421875,0.0076351165771484375,0.007605075836181641,0.007673740386962891,0.00780487060546875,0.008561849594116211,0.008694171905517578,0.007440805435180664,0.007555246353149414,0.00875401496887207,0.008593082427978516,0.008785724639892578,0.007632255554199219,0.008861064910888672,0.008340835571289062,0.0072498321533203125,0.007735013961791992,0.007833003997802734,0.007481813430786133,0.007266044616699219,0.007732868194580078,0.007300853729248047,0.007364988327026367,0.008002042770385742,0.007970809936523438,0.00747990608215332,0.007726907730102539,0.008923768997192383,0.007470130920410156,0.00786900520324707,0.007365226745605469,0.007620096206665039,0.007533073425292969,0.007496833801269531,0.007834911346435547,0.0075528621673583984,0.008929252624511719,0.007276058197021484,0.0077741146087646484,0.009759902954101562,0.008376121520996094,0.008746862411499023,0.008150100708007812,0.007118940353393555,0.007784128189086914,0.007561206817626953,0.007456779479980469,0.007642030715942383,0.008018970489501953,0.007600069046020508,0.0075719356536865234,0.008656978607177734,0.008365154266357422,0.007264852523803711,0.007567644119262695,0.007602214813232422,0.007700920104980469,0.008239030838012695,0.007659196853637695,0.010551929473876953,0.008726119995117188,0.007309675216674805,0.007386922836303711,0.00740504264831543,0.0074579715728759766,0.008044004440307617,0.007514238357543945,0.007619142532348633,0.007400035858154297,0.0074079036712646484,0.007710933685302734,0.008462190628051758,0.00890803337097168,0.0077250003814697266,0.007666826248168945,0.0072040557861328125,0.007709026336669922,0.00860595703125,0.008903980255126953,0.008873939514160156,0.00762486457824707,0.007608890533447266,0.007619142532348633,0.007319211959838867,0.008383035659790039,0.007484912872314453,0.007668972015380859,0.007373809814453125,0.007555246353149414,0.008610010147094727,0.008261680603027344,0.007570981979370117,0.008098125457763672,0.0076389312744140625,0.008920907974243164,0.007497072219848633,0.007493734359741211,0.007626056671142578,0.01592707633972168,0.007781028747558594,0.007733821868896484,0.007676839828491211,0.007565021514892578,0.007996082305908203,0.007853031158447266,0.0077860355377197266,0.0078051090240478516,0.007700920104980469,0.00755620002746582,0.009196996688842773
0.12	GNN	0.4659409523010254,0.46868205070495605,0.4252128601074219,0.30808305740356445,0.26257824897766113,0.4410998821258545,0.33986926078796387,0.27613091468811035,0.2712819576263428,0.32196688652038574,0.320936918258667,0.2938699722290039,0.28638696670532227,0.3207428455352783,0.3526499271392822,0.286376953125,0.3184781074523926,0.3959848880767822,0.38215088844299316,0.2774019241333008,0.3356931209564209,0.3071329593658447,0.39182376861572266,0.3283259868621826,0.3343167304992676,0.3594348430633545,0.3903062343597412,0.4191267490386963,0.33138370513916016,0.29695630073547363,0.4493710994720459,0.33022379875183105,0.3034789562225342,0.3223140239715576,0.28467702865600586,0.31025099754333496,0.3628048896789551,0.3324770927429199,0.33768391609191895,0.4039011001586914,0.3207969665527344,0.30959486961364746,0.30472278594970703,0.2704131603240967,0.41887831687927246,0.33515286445617676,0.5669429302215576,0.4481499195098877,0.39974093437194824,0.37955689430236816,0.34621691703796387,0.2634999752044678,0.33834028244018555,0.4078810214996338,0.273284912109375,0.5573229789733887,0.37521886825561523,0.43564701080322266,0.3276548385620117,0.38797497749328613,0.3029758930206299,0.46044111251831055,0.3777890205383301,0.35337400436401367,0.36151981353759766,0.3473238945007324,0.2695951461791992,0.3025670051574707,0.33363795280456543,0.3819541931152344,0.28310227394104004,0.2758829593658447,0.32851481437683105,0.28751373291015625,0.29143404960632324,0.5284500122070312,0.3909590244293213,0.4301929473876953,0.5726499557495117,0.6121170520782471,0.3419320583343506,0.5118589401245117,0.3281722068786621,0.31708812713623047,0.4481778144836426,0.4886462688446045,0.33948421478271484,0.5770261287689209,0.29874420166015625,0.519658088684082,0.3651919364929199,0.38881397247314453,0.3173828125,0.26625895500183105,0.5256049633026123,0.45856475830078125,0.3134119510650635,0.36051511764526367,0.34149813652038574,0.36307263374328613,0.35168004035949707,0.34880495071411133,0.38698601722717285,0.30588793754577637,0.4965229034423828,0.40939998626708984,0.5105059146881104,0.36616015434265137,0.5678231716156006,0.3140878677368164,0.3407750129699707,0.39905786514282227,0.27550697326660156,0.5186100006103516,0.4047219753265381,0.31138086318969727,0.33092308044433594,0.5697729587554932,0.3327353000640869,0.34930419921875,0.29085707664489746,0.5649862289428711,0.3374207019805908,0.4148709774017334,0.3839852809906006,0.3864271640777588,0.32389307022094727,0.44413304328918457,0.5722758769989014,0.3347039222717285,0.29836297035217285,0.4294140338897705,0.3953547477722168,0.3568079471588135,0.4083740711212158,0.2810940742492676,0.3044271469116211,0.4516007900238037,0.37045717239379883,0.344372034072876,0.38950681686401367,0.3186056613922119,0.4027557373046875,0.4344189167022705,0.3600728511810303,0.4625589847564697,0.35187315940856934,0.630263090133667,0.5834100246429443,0.2727689743041992,0.3324708938598633,0.2946150302886963,0.30443286895751953,0.32172513008117676,0.30300307273864746,0.35483598709106445,0.4337170124053955,0.3704819679260254,0.2888340950012207,0.36208105087280273,0.3817579746246338,0.36585092544555664,0.3191092014312744,0.4707040786743164,0.3471500873565674,0.29428601264953613,0.3497202396392822,0.35066699981689453,0.31409716606140137,0.32094502449035645,0.32623887062072754,0.3608531951904297,0.4130589962005615,0.39087581634521484,0.4157240390777588,0.46157383918762207,0.2755241394042969,0.28858304023742676,0.3133242130279541,0.334536075592041,0.38716912269592285,0.44199609756469727,0.5123510360717773,0.3759181499481201,0.37302517890930176,0.37523698806762695,0.3017160892486572,0.36182403564453125,0.518456220626831,0.367703914642334,0.3493168354034424,0.34429478645324707,0.39365601539611816,0.40804195404052734,0.8046131134033203,0.3815469741821289,0.365570068359375,0.5961449146270752,0.3389170169830322,0.5079820156097412
0.12	GG	0.5751149654388428,0.3841128349304199,0.5698819160461426,0.5200049877166748,0.3758361339569092,0.5010957717895508,0.38193702697753906,0.6220250129699707,0.3899667263031006,0.2879517078399658,0.4944770336151123,1.159149169921875,0.449207067489624,0.32466602325439453,0.3689911365509033,0.3440678119659424,0.5755178928375244,0.2613711357116699,0.3794231414794922,0.37284016609191895,0.9501519203186035,0.37247204780578613,0.7752907276153564,0.5660998821258545,0.27854371070861816,0.6481459140777588,0.6914639472961426,0.2628939151763916,0.3678600788116455,1.0372142791748047,0.4026310443878174,0.5434930324554443,0.40270018577575684,0.49385690689086914,0.43445825576782227,0.5169751644134521,0.4945950508117676,0.4067268371582031,0.44933128356933594,0.6715030670166016,0.7898807525634766,0.9084861278533936,0.5915298461914062,0.6106889247894287,0.4426088333129883,0.45499205589294434,0.45438408851623535,0.3314220905303955,0.4327211380004883,0.32253313064575195,0.5079731941223145,0.9213399887084961,0.5400388240814209,0.4088737964630127,0.7812318801879883,0.5684449672698975,0.3847508430480957,0.4919910430908203,0.4478781223297119,0.5691850185394287,0.30518674850463867,0.4517078399658203,0.25182485580444336,0.6973752975463867,0.30617618560791016,0.3759751319885254,0.5671751499176025,0.4476752281188965,0.7144279479980469,0.6000640392303467,0.5031628608703613,0.5853109359741211,0.2966010570526123,0.31777286529541016,0.307034969329834,0.6255888938903809,0.8252758979797363,0.3149559497833252,0.3381071090698242,0.6992788314819336,0.398723840713501,0.27364516258239746,0.37271666526794434,0.7777700424194336,0.3576371669769287,0.41906094551086426,0.31241703033447266,0.7094311714172363,0.5252478122711182,0.394589900970459,0.4591188430786133,0.513322114944458,0.5234689712524414,0.5612297058105469,0.43630218505859375,0.39221620559692383,0.3979227542877197,0.7351551055908203,0.7321248054504395,0.46971607208251953,0.3063781261444092,0.4160480499267578,0.5927023887634277,0.6664960384368896,0.4409012794494629,0.2712829113006592,0.45809197425842285,0.30199408531188965,0.2731361389160156,1.1699481010437012,0.45253920555114746,0.2819528579711914,0.41614270210266113,0.4705948829650879,0.4560251235961914,0.963414192199707,0.3855400085449219,0.4251830577850342,0.2704620361328125,0.4165761470794678,0.5947310924530029,0.2826728820800781,0.5654487609863281,0.7726290225982666,0.7039639949798584,0.8364379405975342,0.3545851707458496,0.5652439594268799,0.4242820739746094,0.558305025100708,0.3486812114715576,0.5665271282196045,0.3502929210662842,0.30197930335998535,0.5902271270751953,0.36382007598876953,0.5667979717254639,0.5660240650177002,0.49090003967285156,0.27783989906311035,0.5275697708129883,0.29251623153686523,0.36846208572387695,0.4361860752105713,0.26471877098083496,0.5805628299713135,0.5774972438812256,0.2833290100097656,0.8122498989105225,0.492358922958374,0.6383049488067627,0.3016488552093506,0.3162269592285156,0.29563426971435547,0.6444830894470215,1.0718629360198975,0.593311071395874,0.4016530513763428,0.6206388473510742,0.2912759780883789,0.48204803466796875,0.5652642250061035,0.38533496856689453,0.39772987365722656,0.2519259452819824,0.36965107917785645,0.5334289073944092,0.7567028999328613,0.33333873748779297,0.6081531047821045,0.7391660213470459,0.46697497367858887,0.5566239356994629,0.34879207611083984,0.36440205574035645,0.37656497955322266,0.7970418930053711,0.3709540367126465,0.5611920356750488,0.5052402019500732,0.5564780235290527,0.4956951141357422,0.3068869113922119,0.5640163421630859,0.35372281074523926,0.42845916748046875,0.42804694175720215,0.5271191596984863,0.677008867263794,0.6917896270751953,0.26644110679626465,0.4884350299835205,0.4092600345611572,0.43815088272094727,0.33606791496276855,0.6625359058380127,0.45463085174560547,0.6677341461181641,0.32685112953186035,0.44037604331970215
0.12	GG2	0.5751149654388428,0.3841128349304199,0.5698819160461426,0.5200049877166748,0.3758361339569092,0.5010957717895508,0.38193702697753906,0.6220250129699707,0.3899667263031006,0.2879517078399658,0.4944770336151123,1.159149169921875,0.449207067489624,0.32466602325439453,0.3689911365509033,0.3440678119659424,0.5755178928375244,0.2613711357116699,0.3794231414794922,0.37284016609191895,0.9501519203186035,0.37247204780578613,0.7752907276153564,0.5660998821258545,0.27854371070861816,0.6481459140777588,0.6914639472961426,0.2628939151763916,0.3678600788116455,1.0372142791748047,0.4026310443878174,0.5434930324554443,0.40270018577575684,0.49385690689086914,0.43445825576782227,0.5169751644134521,0.4945950508117676,0.4067268371582031,0.44933128356933594,0.6715030670166016,0.7898807525634766,0.9084861278533936,0.5915298461914062,0.6106889247894287,0.4426088333129883,0.45499205589294434,0.45438408851623535,0.3314220905303955,0.4327211380004883,0.32253313064575195,0.5079731941223145,0.9213399887084961,0.5400388240814209,0.4088737964630127,0.7812318801879883,0.5684449672698975,0.3847508430480957,0.4919910430908203,0.4478781223297119,0.5691850185394287,0.30518674850463867,0.4517078399658203,0.25182485580444336,0.6973752975463867,0.30617618560791016,0.3759751319885254,0.5671751499176025,0.4476752281188965,0.7144279479980469,0.6000640392303467,0.5031628608703613,0.5853109359741211,0.2966010570526123,0.31777286529541016,0.307034969329834,0.6255888938903809,0.8252758979797363,0.3149559497833252,0.3381071090698242,0.6992788314819336,0.398723840713501,0.27364516258239746,0.37271666526794434,0.7777700424194336,0.3576371669769287,0.41906094551086426,0.31241703033447266,0.7094311714172363,0.5252478122711182,0.394589900970459,0.4591188430786133,0.513322114944458,0.5234689712524414,0.5612297058105469,0.43630218505859375,0.39221620559692383,0.3979227542877197,0.7351551055908203,0.7321248054504395,0.46971607208251953,0.3063781261444092,0.4160480499267578,0.5927023887634277,0.6664960384368896,0.4409012794494629,0.2712829113006592,0.45809197425842285,0.30199408531188965,0.2731361389160156,1.1699481010437012,0.45253920555114746,0.2819528579711914,0.41614270210266113,0.4705948829650879,0.4560251235961914,0.963414192199707,0.3855400085449219,0.4251830577850342,0.2704620361328125,0.4165761470794678,0.5947310924530029,0.2826728820800781,0.5654487609863281,0.7726290225982666,0.7039639949798584,0.8364379405975342,0.3545851707458496,0.5652439594268799,0.4242820739746094,0.558305025100708,0.3486812114715576,0.5665271282196045,0.3502929210662842,0.30197930335998535,0.5902271270751953,0.36382007598876953,0.5667979717254639,0.5660240650177002,0.49090003967285156,0.27783989906311035,0.5275697708129883,0.29251623153686523,0.36846208572387695,0.4361860752105713,0.26471877098083496,0.5805628299713135,0.5774972438812256,0.2833290100097656,0.8122498989105225,0.492358922958374,0.6383049488067627,0.3016488552093506,0.3162269592285156,0.29563426971435547,0.6444830894470215,1.0718629360198975,0.593311071395874,0.4016530513763428,0.6206388473510742,0.2912759780883789,0.48204803466796875,0.5652642250061035,0.38533496856689453,0.39772987365722656,0.2519259452819824,0.36965107917785645,0.5334289073944092,0.7567028999328613,0.33333873748779297,0.6081531047821045,0.7391660213470459,0.46697497367858887,0.5566239356994629,0.34879207611083984,0.36440205574035645,0.37656497955322266,0.7970418930053711,0.3709540367126465,0.5611920356750488,0.5052402019500732,0.5564780235290527,0.4956951141357422,0.3068869113922119,0.5640163421630859,0.35372281074523926,0.42845916748046875,0.42804694175720215,0.5271191596984863,0.677008867263794,0.6917896270751953,0.26644110679626465,0.4884350299835205,0.4092600345611572,0.43815088272094727,0.33606791496276855,0.6625359058380127,0.45463085174560547,0.6677341461181641,0.32685112953186035,0.44037604331970215
0.14	GEE	0.008152961730957031,0.007720947265625,0.008844852447509766,0.007597923278808594,0.007812976837158203,0.007604837417602539,0.009324073791503906,0.0077610015869140625,0.008725881576538086,0.008813142776489258,0.007768869400024414,0.007890939712524414,0.0077190399169921875,0.008559226989746094,0.008720874786376953,0.007599830627441406,0.00879216194152832,0.008018016815185547,0.008854866027832031,0.00800776481628418,0.008006811141967773,0.0077860355377197266,0.00786590576171875,0.009403228759765625,0.008447885513305664,0.008030891418457031,0.007707834243774414,0.007630825042724609,0.008954048156738281,0.008507966995239258,0.008007049560546875,0.00804901123046875,0.008677244186401367,0.007614850997924805,0.008909940719604492,0.0075969696044921875,0.008468866348266602,0.007669925689697266,0.008449077606201172,0.009014129638671875,0.00850224494934082,0.00837397575378418,0.007816076278686523,0.007621049880981445,0.008568048477172852,0.008419990539550781,0.007789134979248047,0.007786989212036133,0.007915019989013672,0.009034872055053711,0.007716655731201172,0.007855892181396484,0.009080171585083008,0.008694171905517578,0.00803995132446289,0.0075800418853759766,0.008305788040161133,0.008112192153930664,0.007652997970581055,0.008944272994995117,0.007704973220825195,0.008166313171386719,0.008088827133178711,0.007954120635986328,0.007988929748535156,0.007908821105957031,0.007838964462280273,0.009001970291137695,0.007781028747558594,0.007826089859008789,0.010483980178833008,0.007997989654541016,0.007504940032958984,0.007503986358642578,0.007925033569335938,0.009003877639770508,0.007876873016357422,0.008856773376464844,0.007736921310424805,0.009569168090820312,0.007703065872192383,0.008407115936279297,0.0075991153717041016,0.008563756942749023,0.007781982421875,0.009033918380737305,0.008997201919555664,0.008208990097045898,0.0080108642578125,0.00828695297241211,0.008946895599365234,0.008089780807495117,0.007922172546386719,0.008064031600952148,0.008310079574584961,0.008265018463134766,0.008198022842407227,0.008420944213867188,0.008212089538574219,0.008316278457641602,0.011110067367553711,0.008602142333984375,0.008775949478149414,0.008538961410522461,0.00807809829711914,0.008261680603027344,0.008262872695922852,0.01828289031982422,0.008485078811645508,0.00843191146850586,0.008378267288208008,0.009049654006958008,0.008265972137451172,0.00816798210144043,0.00838017463684082,0.00841379165649414,0.0084381103515625,0.00851583480834961,0.008550882339477539,0.01165318489074707,0.010270118713378906,0.008571147918701172,0.008496999740600586,0.00843501091003418,0.008269071578979492,0.008051872253417969,0.008837223052978516,0.008174896240234375,0.008628129959106445,0.008716106414794922,0.008379220962524414,0.008805036544799805,0.008559703826904297,0.008027791976928711,0.008815288543701172,0.008598089218139648,0.008306026458740234,0.008587837219238281,0.008771181106567383,0.008497953414916992,0.008619070053100586,0.008826971054077148,0.00894308090209961,0.008642911911010742,0.008515119552612305,0.008079290390014648,0.009292125701904297,0.008630037307739258,0.008366107940673828,0.00822901725769043,0.008348941802978516,0.008524179458618164,0.009053945541381836,0.008515119552612305,0.008485078811645508,0.008569002151489258,0.008745908737182617,0.008278131484985352,0.008652687072753906,0.00849294662475586,0.008710861206054688,0.008493900299072266,0.008367300033569336,0.008368730545043945,0.008512020111083984,0.008587121963500977,0.008388757705688477,0.008877038955688477,0.008465051651000977,0.008436203002929688,0.008279085159301758,0.008587121963500977,0.008279085159301758,0.01063990592956543,0.00836801528930664,0.008744955062866211,0.008720159530639648,0.008295059204101562,0.008491992950439453,0.009232044219970703,0.008836984634399414,0.008275985717773438,0.00919198989868164,0.008651971817016602,0.008490800857543945,0.008870124816894531,0.008898019790649414,0.008270025253295898,0.008816957473754883,0.008273839950561523,0.008556127548217773,0.008446216583251953,0.009266853332519531,0.008706092834472656,0.009720087051391602,0.008475065231323242,0.009021997451782227,0.009853839874267578,0.008980989456176758,0.008769750595092773
0.14	GNN	0.45122790336608887,0.28363800048828125,0.28517603874206543,0.2908647060394287,0.29781603813171387,0.40521788597106934,0.33459901809692383,0.2774012088775635,0.3239598274230957,0.33533811569213867,0.2787952423095703,0.43099403381347656,0.41309618949890137,0.32213807106018066,0.32616710662841797,0.28521180152893066,0.3112678527832031,0.5196170806884766,0.44147372245788574,0.3635571002960205,0.33568310737609863,0.34827399253845215,0.38779401779174805,0.39504098892211914,0.6442618370056152,0.4693949222564697,0.41037797927856445,0.38386011123657227,0.4438052177429199,0.3516690731048584,0.35570597648620605,0.4405088424682617,0.33802080154418945,0.29889988899230957,0.36638712882995605,0.3894541263580322,0.3657059669494629,0.3081040382385254,0.32219982147216797,0.3403472900390625,0.50187087059021,0.4837229251861572,0.3530731201171875,0.3010690212249756,0.3790249824523926,0.445728063583374,0.38657498359680176,0.44398021697998047,0.5832509994506836,0.29094386100769043,0.42145776748657227,0.4328799247741699,0.32868409156799316,0.49019432067871094,0.3158400058746338,0.2884650230407715,0.29987192153930664,0.3108799457550049,0.5001611709594727,0.4967770576477051,0.2834129333496094,0.3154580593109131,0.35286498069763184,0.6181819438934326,0.38357996940612793,0.43354320526123047,0.3151280879974365,0.3980889320373535,0.40727996826171875,0.2731320858001709,0.45560503005981445,0.3717048168182373,0.4441099166870117,0.3674178123474121,0.3637981414794922,0.44127631187438965,0.41306495666503906,0.3257791996002197,0.44880104064941406,0.358140230178833,0.36279988288879395,0.3605639934539795,0.3235137462615967,0.3888378143310547,0.3595869541168213,0.4042940139770508,0.43970513343811035,0.392413854598999,0.3221449851989746,0.35881972312927246,0.39200687408447266,0.3291740417480469,0.34020495414733887,0.3293018341064453,0.33227968215942383,0.31294703483581543,0.28708815574645996,0.32161998748779297,0.5149590969085693,0.26224422454833984,0.30109310150146484,0.37985992431640625,0.2946460247039795,0.33307909965515137,0.39504003524780273,0.2797091007232666,0.4067072868347168,0.33749818801879883,0.3241608142852783,0.3206949234008789,0.3199930191040039,0.3314859867095947,0.5043110847473145,0.3844950199127197,0.31630516052246094,0.3543832302093506,0.3752450942993164,0.2916691303253174,0.39903903007507324,0.2959151268005371,0.2891051769256592,0.2679269313812256,0.3268849849700928,0.41701197624206543,0.3121457099914551,0.37626004219055176,0.5349493026733398,0.3670990467071533,0.29285597801208496,0.2781229019165039,0.3723928928375244,0.34288597106933594,0.35192084312438965,0.2877318859100342,0.5199398994445801,0.25220608711242676,0.5138649940490723,0.3712897300720215,0.5156450271606445,0.43391895294189453,0.2624020576477051,0.3453190326690674,0.288999080657959,0.36165404319763184,0.4173762798309326,0.39312171936035156,0.49928808212280273,0.28529906272888184,0.29666686058044434,0.3426201343536377,0.31040000915527344,0.3440570831298828,0.43010830879211426,0.45272207260131836,0.2654237747192383,0.3963022232055664,0.5174229145050049,0.3596951961517334,0.31897759437561035,0.3830699920654297,0.4215271472930908,0.35958218574523926,0.394550085067749,0.35347914695739746,0.4481668472290039,0.2800581455230713,0.30019211769104004,0.3396141529083252,0.29514193534851074,0.2609548568725586,0.2910730838775635,0.38115501403808594,0.38959169387817383,0.30265116691589355,0.33008718490600586,0.30783915519714355,0.34638214111328125,0.4817039966583252,0.2909703254699707,0.2930288314819336,0.2631852626800537,0.45420098304748535,0.28658318519592285,0.2821388244628906,0.3614809513092041,0.2906942367553711,0.31205081939697266,0.3766610622406006,0.2980949878692627,0.3710300922393799,0.38149285316467285,0.3603818416595459,0.2799081802368164,0.31217026710510254,0.4537968635559082,0.4076240062713623,0.5919737815856934,0.5364439487457275,0.41999006271362305,0.38544797897338867
0.14	GG	0.5659630298614502,0.3156578540802002,0.5883221626281738,0.5523731708526611,0.5362498760223389,0.3596680164337158,0.3745448589324951,0.26599597930908203,0.3332400321960449,0.32332921028137207,0.768064022064209,0.4165060520172119,0.4268152713775635,0.44283080101013184,0.42143797874450684,0.3062708377838135,0.3709831237792969,0.45506978034973145,0.47867918014526367,0.4930460453033447,0.7342572212219238,0.5080828666687012,0.5713727474212646,0.6918559074401855,0.46259498596191406,0.7750239372253418,0.7163081169128418,0.35552406311035156,0.5257060527801514,0.44579005241394043,0.4525899887084961,0.48804688453674316,0.630504846572876,0.3931913375854492,0.5683867931365967,0.6170129776000977,0.302509069442749,0.45241308212280273,0.2810492515563965,1.1955931186676025,0.450822114944458,0.3522660732269287,0.43733787536621094,0.43852710723876953,0.684016227722168,0.5570528507232666,0.7120029926300049,0.3402669429779053,0.44991397857666016,0.3234128952026367,0.435258150100708,0.9620630741119385,0.2756011486053467,0.42978382110595703,0.5194838047027588,0.4568960666656494,0.3948709964752197,0.37201619148254395,0.3800797462463379,0.5190479755401611,0.5283668041229248,0.8038489818572998,0.30875182151794434,0.6632218360900879,0.45685696601867676,0.5136871337890625,0.6268208026885986,0.3676629066467285,0.6578991413116455,0.7027251720428467,0.5081110000610352,0.42182016372680664,0.4020700454711914,0.3095240592956543,0.5075662136077881,0.339641809463501,0.5879957675933838,0.32626795768737793,0.27514004707336426,0.41256022453308105,0.7419581413269043,0.6224269866943359,0.39296507835388184,1.2457127571105957,0.4903450012207031,0.44012904167175293,0.3202950954437256,0.4901089668273926,0.8155419826507568,0.6348438262939453,0.7739791870117188,0.5884239673614502,0.5235929489135742,0.6008377075195312,0.67696213722229,0.4154469966888428,0.6543560028076172,0.4148590564727783,0.7314648628234863,0.5254881381988525,0.40686678886413574,0.6049408912658691,0.40856480598449707,0.5360019207000732,0.5048549175262451,0.7481818199157715,0.31907200813293457,0.2572178840637207,0.2658579349517822,0.37130212783813477,0.5399138927459717,0.38721394538879395,0.3298501968383789,0.5463459491729736,0.7002239227294922,0.6499660015106201,0.2759256362915039,0.5474669933319092,0.6101000308990479,0.3563041687011719,0.7900478839874268,0.4688889980316162,0.4056868553161621,0.47784900665283203,0.7134778499603271,0.7415223121643066,0.2589268684387207,0.4075922966003418,0.3399240970611572,0.5610759258270264,0.29910922050476074,0.5037839412689209,0.24883604049682617,0.6285979747772217,0.40567803382873535,0.6689701080322266,0.7178471088409424,0.32776808738708496,0.658013105392456,0.32986903190612793,0.899726152420044,0.36835789680480957,0.5002548694610596,0.5495610237121582,0.25267672538757324,0.5594770908355713,0.5512590408325195,0.5821900367736816,0.4251070022583008,0.41182899475097656,0.3646209239959717,0.5354690551757812,0.29424476623535156,0.5899498462677002,0.7827861309051514,0.6311962604522705,0.3793761730194092,0.5593352317810059,0.42782115936279297,0.6192271709442139,0.38282084465026855,0.6785039901733398,0.2913510799407959,0.46238279342651367,0.33182311058044434,0.3694038391113281,0.4436800479888916,0.7736520767211914,0.37352418899536133,0.35402703285217285,0.5196881294250488,0.5503807067871094,0.27332019805908203,0.4773597717285156,0.3449389934539795,0.4676499366760254,0.4864959716796875,0.30170226097106934,0.3209879398345947,0.5637431144714355,0.6464083194732666,0.3090627193450928,0.36768102645874023,0.5550320148468018,0.2672309875488281,0.4279041290283203,0.45438075065612793,0.399338960647583,0.26479506492614746,0.6922359466552734,0.41117095947265625,0.42099595069885254,0.525864839553833,0.6860659122467041,0.2792811393737793,0.38751697540283203,0.39333677291870117,0.5904741287231445,0.6215379238128662,0.287416934967041
0.14	GG2	0.5659630298614502,0.3156578540802002,0.5883221626281738,0.5523731708526611,0.5362498760223389,0.3596680164337158,0.3745448589324951,0.26599597930908203,0.3332400321960449,0.32332921028137207,0.768064022064209,0.4165060520172119,0.4268152713775635,0.44283080101013184,0.42143797874450684,0.3062708377838135,0.3709831237792969,0.45506978034973145,0.47867918014526367,0.4930460453033447,0.7342572212219238,0.5080828666687012,0.5713727474212646,0.6918559074401855,0.46259498596191406,0.7750239372253418,0.7163081169128418,0.35552406311035156,0.5257060527801514,0.44579005241394043,0.4525899887084961,0.48804688453674316,0.630504846572876,0.3931913375854492,0.5683867931365967,0.6170129776000977,0.302509069442749,0.45241308212280273,0.2810492515563965,1.1955931186676025,0.450822114944458,0.3522660732269287,0.43733787536621094,0.43852710723876953,0.684016227722168,0.5570528507232666,0.7120029926300049,0.3402669429779053,0.44991397857666016,0.3234128952026367,0.435258150100708,0.9620630741119385,0.2756011486053467,0.42978382110595703,0.5194838047027588,0.4568960666656494,0.3948709964752197,0.37201619148254395,0.3800797462463379,0.5190479755401611,0.5283668041229248,0.8038489818572998,0.30875182151794434,0.6632218360900879,0.45685696601867676,0.5136871337890625,0.6268208026885986,0.3676629066467285,0.6578991413116455,0.7027251720428467,0.5081110000610352,0.42182016372680664,0.4020700454711914,0.3095240592956543,0.5075662136077881,0.339641809463501,0.5879957675933838,0.32626795768737793,0.27514004707336426,0.41256022453308105,0.7419581413269043,0.6224269866943359,0.39296507835388184,1.2457127571105957,0.4903450012207031,0.44012904167175293,0.3202950954437256,0.4901089668273926,0.8155419826507568,0.6348438262939453,0.7739791870117188,0.5884239673614502,0.5235929489135742,0.6008377075195312,0.67696213722229,0.4154469966888428,0.6543560028076172,0.4148590564727783,0.7314648628234863,0.5254881381988525,0.40686678886413574,0.6049408912658691,0.40856480598449707,0.5360019207000732,0.5048549175262451,0.7481818199157715,0.31907200813293457,0.2572178840637207,0.2658579349517822,0.37130212783813477,0.5399138927459717,0.38721394538879395,0.3298501968383789,0.5463459491729736,0.7002239227294922,0.6499660015106201,0.2759256362915039,0.5474669933319092,0.6101000308990479,0.3563041687011719,0.7900478839874268,0.4688889980316162,0.4056868553161621,0.47784900665283203,0.7134778499603271,0.7415223121643066,0.2589268684387207,0.4075922966003418,0.3399240970611572,0.5610759258270264,0.29910922050476074,0.5037839412689209,0.24883604049682617,0.6285979747772217,0.40567803382873535,0.6689701080322266,0.7178471088409424,0.32776808738708496,0.658013105392456,0.32986903190612793,0.899726152420044,0.36835789680480957,0.5002548694610596,0.5495610237121582,0.25267672538757324,0.5594770908355713,0.5512590408325195,0.5821900367736816,0.4251070022583008,0.41182899475097656,0.3646209239959717,0.5354690551757812,0.29424476623535156,0.5899498462677002,0.7827861309051514,0.6311962604522705,0.3793761730194092,0.5593352317810059,0.42782115936279297,0.6192271709442139,0.38282084465026855,0.6785039901733398,0.2913510799407959,0.46238279342651367,0.33182311058044434,0.3694038391113281,0.4436800479888916,0.7736520767211914,0.37352418899536133,0.35402703285217285,0.5196881294250488,0.5503807067871094,0.27332019805908203,0.4773597717285156,0.3449389934539795,0.4676499366760254,0.4864959716796875,0.30170226097106934,0.3209879398345947,0.5637431144714355,0.6464083194732666,0.3090627193450928,0.36768102645874023,0.5550320148468018,0.2672309875488281,0.4279041290283203,0.45438075065612793,0.399338960647583,0.26479506492614746,0.6922359466552734,0.41117095947265625,0.42099595069885254,0.525864839553833,0.6860659122467041,0.2792811393737793,0.38751697540283203,0.39333677291870117,0.5904741287231445,0.6215379238128662,0.287416934967041
0.16	GEE	0.009511947631835938,0.00890207290649414,0.008762121200561523,0.00861501693725586,0.008962154388427734,0.00892186164855957,0.008997917175292969,0.008816957473754883,0.009173870086669922,0.00899505615234375,0.00937199592590332,0.009038209915161133,0.009298086166381836,0.008840084075927734,0.008906126022338867,0.009468317031860352,0.009666919708251953,0.009485960006713867,0.009099960327148438,0.009813070297241211,0.008738994598388672,0.00941014289855957,0.008922100067138672,0.008713960647583008,0.01067209243774414,0.00899505615234375,0.00928807258605957,0.009184122085571289,0.008968830108642578,0.00919485092163086,0.009063005447387695,0.009199857711791992,0.009029150009155273,0.008985042572021484,0.009291887283325195,0.00894308090209961,0.009406089782714844,0.01007986068725586,0.00914621353149414,0.009477853775024414,0.010136127471923828,0.009073972702026367,0.00907588005065918,0.009342193603515625,0.009165048599243164,0.009233713150024414,0.009450197219848633,0.008922100067138672,0.009010076522827148,0.015215158462524414,0.008858919143676758,0.009393930435180664,0.009479284286499023,0.009230852127075195,0.00953817367553711,0.009184837341308594,0.00908803939819336,0.009637832641601562,0.009368896484375,0.009279012680053711,0.009242057800292969,0.00908517837524414,0.008957147598266602,0.009268045425415039,0.00905609130859375,0.009492874145507812,0.009177923202514648,0.009068965911865234,0.009014129638671875,0.009229898452758789,0.009128808975219727,0.009418964385986328,0.009253978729248047,0.009065866470336914,0.009111166000366211,0.009178876876831055,0.009281158447265625,0.009208917617797852,0.009150981903076172,0.009836196899414062,0.009490966796875,0.009753942489624023,0.009161233901977539,0.009166240692138672,0.009281158447265625,0.009072065353393555,0.009678840637207031,0.010901927947998047,0.009633779525756836,0.009328126907348633,0.011272907257080078,0.009775161743164062,0.010006904602050781,0.010598897933959961,0.009790182113647461,0.013003110885620117,0.010334014892578125,0.01753687858581543,0.012309074401855469,0.01328730583190918,0.010999202728271484,0.009624958038330078,0.009493112564086914,0.009160041809082031,0.009737968444824219,0.010890960693359375,0.010205745697021484,0.009964942932128906,0.00943303108215332,0.009850025177001953,0.00954890251159668,0.009724855422973633,0.009675025939941406,0.009943008422851562,0.009985923767089844,0.009433746337890625,0.009725093841552734,0.009747982025146484,0.010184764862060547,0.009569168090820312,0.009279966354370117,0.009486913681030273,0.009297847747802734,0.009603023529052734,0.009502172470092773,0.00927114486694336,0.009190082550048828,0.009729146957397461,0.009821176528930664,0.011126995086669922,0.009505033493041992,0.011021852493286133,0.009518146514892578,0.009697914123535156,0.010478019714355469,0.009688138961791992,0.009774923324584961,0.009351015090942383,0.009717941284179688,0.010244131088256836,0.009546041488647461,0.010148048400878906,0.012379884719848633,0.009937763214111328,0.009670019149780273,0.01007080078125,0.009599924087524414,0.009428024291992188,0.009220123291015625,0.009690046310424805,0.009469985961914062,0.009468793869018555,0.009839057922363281,0.00894474983215332,0.010061025619506836,0.008858919143676758,0.009885072708129883,0.00914907455444336,0.009208202362060547,0.012202024459838867,0.009446144104003906,0.013448238372802734,0.009251117706298828,0.009402036666870117,0.010190963745117188,0.009124994277954102,0.009949922561645508,0.009601593017578125,0.009565114974975586,0.009787797927856445,0.009687185287475586,0.010344982147216797,0.009415864944458008,0.00956583023071289,0.009965658187866211,0.009591817855834961,0.009775876998901367,0.009387969970703125,0.009547948837280273,0.009969949722290039,0.009369134902954102,0.009730815887451172,0.009468793869018555,0.00897216796875,0.009418964385986328,0.009260177612304688,0.009738922119140625,0.009328126907348633,0.009612798690795898,0.009868144989013672,0.009105920791625977,0.009994029998779297,0.009492158889770508,0.009593963623046875,0.009896993637084961,0.009647846221923828,0.01018071174621582,0.009736061096191406,0.009984016418457031,0.009975671768188477
0.16	GNN	0.8224499225616455,0.39629316329956055,0.6064682006835938,0.3641979694366455,0.40928006172180176,0.37402915954589844,0.3492298126220703,0.528249979019165,0.3423440456390381,0.5522520542144775,0.30027103424072266,0.3757600784301758,0.39866089820861816,0.39659810066223145,0.407365083694458,0.29645419120788574,0.40175890922546387,0.3263988494873047,0.43949007987976074,0.3230857849121094,0.36219120025634766,0.29538607597351074,0.475632905960083,0.2986931800842285,0.3342299461364746,0.40936803817749023,0.33641529083251953,0.37419819831848145,0.4152250289916992,0.33104634284973145,0.5110118389129639,0.8171336650848389,0.3829689025878906,0.3256950378417969,0.4136192798614502,0.3118751049041748,0.42440009117126465,0.8296558856964111,0.6337919235229492,0.4501078128814697,0.489840030670166,0.32068467140197754,0.362260103225708,0.38307619094848633,0.36749982833862305,0.4367649555206299,0.6476528644561768,0.4093661308288574,0.391369104385376,0.3361549377441406,0.5478940010070801,0.34329795837402344,0.36684536933898926,0.38806796073913574,0.3465609550476074,0.4713459014892578,0.28893089294433594,0.33739280700683594,0.3305032253265381,0.4561152458190918,0.3708221912384033,0.3738059997558594,0.4084358215332031,0.528393030166626,0.2864837646484375,0.4060680866241455,0.41562795639038086,0.6793699264526367,0.36452388763427734,0.5405466556549072,0.579460859298706,0.33435487747192383,0.297210693359375,0.3287837505340576,0.3641700744628906,0.3750269412994385,0.41227269172668457,0.37581491470336914,0.6117660999298096,0.4859330654144287,0.415632963180542,0.5484809875488281,0.3800029754638672,0.42642807960510254,0.4528830051422119,0.4083108901977539,0.35172080993652344,0.5126309394836426,0.5487380027770996,0.41313600540161133,0.9556448459625244,0.4785647392272949,0.41948795318603516,0.5304238796234131,0.6132009029388428,0.5691659450531006,0.5373809337615967,0.514923095703125,0.4609220027923584,0.46273303031921387,0.41460299491882324,0.38851475715637207,0.42519617080688477,0.44140172004699707,0.4566011428833008,0.3471670150756836,0.5813090801239014,0.3804819583892822,0.40320706367492676,0.36997079849243164,0.4011051654815674,0.4356238842010498,0.3841850757598877,0.3528599739074707,0.3881049156188965,0.4114241600036621,0.40492892265319824,0.4791390895843506,0.4421391487121582,0.31333208084106445,0.4044911861419678,0.5691051483154297,0.3870053291320801,0.4792637825012207,0.3766500949859619,0.42217397689819336,0.567512035369873,0.37863707542419434,0.7161440849304199,0.4119851589202881,0.44216299057006836,0.3912961483001709,0.5247271060943604,0.29692792892456055,0.40466880798339844,0.41008925437927246,0.3540380001068115,0.6097457408905029,0.3152749538421631,0.32222580909729004,0.3052980899810791,0.31635189056396484,0.34505200386047363,0.8221030235290527,0.5068168640136719,0.4141049385070801,0.40573906898498535,0.3998541831970215,0.37522196769714355,0.496535062789917,0.3966331481933594,0.4397571086883545,0.3355121612548828,0.3872089385986328,1.035214900970459,0.3730020523071289,0.4613349437713623,0.5799160003662109,0.47423601150512695,0.37101101875305176,0.4961891174316406,0.47736406326293945,0.5609028339385986,0.4710233211517334,0.4454081058502197,0.3895609378814697,0.4759840965270996,0.3929920196533203,0.38916802406311035,0.41496896743774414,0.356003999710083,0.5769062042236328,0.3939788341522217,0.4214029312133789,0.2921462059020996,0.4289271831512451,0.36860084533691406,0.3616220951080322,0.5402569770812988,0.6183838844299316,0.39209508895874023,0.35022521018981934,0.6316027641296387,0.4810950756072998,0.39269495010375977,0.38139891624450684,0.36788082122802734,0.39727115631103516,0.3281679153442383,0.5946710109710693,0.391693115234375,0.41921520233154297,0.35805487632751465,0.3818070888519287,0.32745814323425293,0.5796082019805908,0.44316601753234863,0.37739992141723633,0.5228850841522217,0.39878296852111816
0.16	GG	0.4445791244506836,0.28217172622680664,0.45266008377075195,0.8390061855316162,0.47260212898254395,0.3134779930114746,0.5296511650085449,1.0947508811950684,0.41091132164001465,0.5569980144500732,0.9008071422576904,0.8376379013061523,0.27495718002319336,0.4348139762878418,0.36245298385620117,0.2834968566894531,0.6793239116668701,0.343292236328125,0.36795783042907715,0.8753697872161865,0.6405367851257324,0.35401105880737305,0.5741150379180908,0.3914010524749756,0.2834000587463379,0.7998349666595459,0.5691230297088623,0.2792189121246338,0.7668869495391846,0.3796358108520508,0.4157369136810303,0.7057139873504639,0.6239500045776367,0.6182987689971924,0.5642671585083008,0.577301025390625,0.67799973487854,0.564424991607666,0.6523191928863525,0.43584203720092773,0.8440587520599365,0.4183189868927002,0.4074819087982178,0.694000244140625,0.4003119468688965,0.4631781578063965,0.6530120372772217,0.4553999900817871,0.3078799247741699,0.4520730972290039,0.29755306243896484,0.694490909576416,0.2721989154815674,0.44651317596435547,0.6637492179870605,0.3763918876647949,0.2784731388092041,0.2908039093017578,0.455761194229126,0.3248250484466553,0.2893331050872803,0.49224424362182617,0.28577113151550293,0.8360340595245361,0.33161377906799316,0.8556110858917236,0.6902780532836914,0.7144060134887695,0.6021819114685059,0.4456620216369629,0.3283989429473877,0.39612793922424316,0.5242300033569336,0.3511691093444824,0.41557979583740234,0.3047478199005127,0.45296382904052734,0.28732991218566895,0.6073207855224609,0.9842331409454346,0.363055944442749,0.5817160606384277,0.8605329990386963,0.6574850082397461,0.3715081214904785,0.8356380462646484,0.4192848205566406,0.3712460994720459,0.6459860801696777,0.9810881614685059,1.0073521137237549,0.820037841796875,0.6017191410064697,0.44745898246765137,0.8933260440826416,0.8422577381134033,1.3873231410980225,0.5170516967773438,0.9924039840698242,0.47151899337768555,0.7978520393371582,0.4882359504699707,0.3561241626739502,0.6367449760437012,0.9021010398864746,0.38063693046569824,0.35744619369506836,0.35457682609558105,0.5029890537261963,0.3045680522918701,0.6274738311767578,0.34729599952697754,0.6249599456787109,0.5365912914276123,0.4298410415649414,0.7195479869842529,0.3694288730621338,0.35384297370910645,0.45558905601501465,0.34855175018310547,0.4395277500152588,0.5391368865966797,0.8413989543914795,0.8042113780975342,0.705157995223999,1.39969801902771,0.3167300224304199,0.5385680198669434,0.7719056606292725,0.3468017578125,0.29880809783935547,0.6094570159912109,0.4605247974395752,0.4629859924316406,1.0088269710540771,0.5187230110168457,0.5737118721008301,0.40465784072875977,0.7401309013366699,0.35279226303100586,0.7168569564819336,0.5102770328521729,0.6373538970947266,0.5859479904174805,0.4456610679626465,0.3759908676147461,0.6332180500030518,0.45874786376953125,0.4519829750061035,0.9142532348632812,0.6966679096221924,0.5761427879333496,0.5558319091796875,0.3141169548034668,0.6346418857574463,1.1227869987487793,0.6146519184112549,0.45526123046875,0.45813608169555664,0.4793283939361572,0.614954948425293,0.715491771697998,0.41954994201660156,0.7571408748626709,0.2921469211578369,0.6138641834259033,0.8600008487701416,0.3436548709869385,0.44399595260620117,0.30001306533813477,0.2958102226257324,0.7981507778167725,0.8131840229034424,0.41632580757141113,0.5852501392364502,0.46074414253234863,0.4723539352416992,0.3979909420013428,0.349668025970459,0.3017699718475342,0.8547348976135254,0.8670880794525146,0.6895017623901367,0.321077823638916,0.49619388580322266,0.6369130611419678,0.2848520278930664,0.8078720569610596,0.34437108039855957,0.693720817565918,0.34453606605529785,0.35454297065734863,0.450390100479126,0.6119430065155029,0.5670521259307861,0.41227197647094727,0.9947259426116943,1.1754090785980225,0.8166401386260986,0.3129761219024658
0.16	GG2	0.4445791244506836,0.28217172622680664,0.45266008377075195,0.8390061855316162,0.47260212898254395,0.3134779930114746,0.5296511650085449,1.0947508811950684,0.41091132164001465,0.5569980144500732,0.9008071422576904,0.8376379013061523,0.27495718002319336,0.4348139762878418,0.36245298385620117,0.2834968566894531,0.6793239116668701,0.343292236328125,0.36795783042907715,0.8753697872161865,0.6405367851257324,0.35401105880737305,0.5741150379180908,0.3914010524749756,0.2834000587463379,0.7998349666595459,0.5691230297088623,0.2792189121246338,0.7668869495391846,0.3796358108520508,0.4157369136810303,0.7057139873504639,0.6239500045776367,0.6182987689971924,0.5642671585083008,0.577301025390625,0.67799973487854,0.564424991607666,0.6523191928863525,0.43584203720092773,0.8440587520599365,0.4183189868927002,0.4074819087982178,0.694000244140625,0.4003119468688965,0.4631781578063965,0.6530120372772217,0.4553999900817871,0.3078799247741699,0.4520730972290039,0.29755306243896484,0.694490909576416,0.2721989154815674,0.44651317596435547,0.6637492179870605,0.3763918876647949,0.2784731388092041,0.2908039093017578,0.455761194229126,0.3248250484466553,0.2893331050872803,0.49224424362182617,0.28577113151550293,0.8360340595245361,0.33161377906799316,0.8556110858917236,0.6902780532836914,0.7144060134887695,0.6021819114685059,0.4456620216369629,0.3283989429473877,0.39612793922424316,0.5242300033569336,0.3511691093444824,0.41557979583740234,0.3047478199005127,0.45296382904052734,0.28732991218566895,0.6073207855224609,0.9842331409454346,0.363055944442749,0.5817160606384277,0.8605329990386963,0.6574850082397461,0.3715081214904785,0.8356380462646484,0.4192848205566406,0.3712460994720459,0.6459860801696777,0.9810881614685059,1.0073521137237549,0.820037841796875,0.6017191410064697,0.44745898246765137,0.8933260440826416,0.8422577381134033,1.3873231410980225,0.5170516967773438,0.9924039840698242,0.47151899337768555,0.7978520393371582,0.4882359504699707,0.3561241626739502,0.6367449760437012,0.9021010398864746,0.38063693046569824,0.35744619369506836,0.35457682609558105,0.5029890537261963,0.3045680522918701,0.6274738311767578,0.34729599952697754,0.6249599456787109,0.5365912914276123,0.4298410415649414,0.7195479869842529,0.3694288730621338,0.35384297370910645,0.45558905601501465,0.34855175018310547,0.4395277500152588,0.5391368865966797,0.8413989543914795,0.8042113780975342,0.705157995223999,1.39969801902771,0.3167300224304199,0.5385680198669434,0.7719056606292725,0.3468017578125,0.29880809783935547,0.6094570159912109,0.4605247974395752,0.4629859924316406,1.0088269710540771,0.5187230110168457,0.5737118721008301,0.40465784072875977,0.7401309013366699,0.35279226303100586,0.7168569564819336,0.5102770328521729,0.6373538970947266,0.5859479904174805,0.4456610679626465,0.3759908676147461,0.6332180500030518,0.45874786376953125,0.4519829750061035,0.9142532348632812,0.6966679096221924,0.5761427879333496,0.5558319091796875,0.3141169548034668,0.6346418857574463,1.1227869987487793,0.6146519184112549,0.45526123046875,0.45813608169555664,0.4793283939361572,0.614954948425293,0.715491771697998,0.41954994201660156,0.7571408748626709,0.2921469211578369,0.6138641834259033,0.8600008487701416,0.3436548709869385,0.44399595260620117,0.30001306533813477,0.2958102226257324,0.7981507778167725,0.8131840229034424,0.41632580757141113,0.5852501392364502,0.46074414253234863,0.4723539352416992,0.3979909420013428,0.349668025970459,0.3017699718475342,0.8547348976135254,0.8670880794525146,0.6895017623901367,0.321077823638916,0.49619388580322266,0.6369130611419678,0.2848520278930664,0.8078720569610596,0.34437108039855957,0.693720817565918,0.34453606605529785,0.35454297065734863,0.450390100479126,0.6119430065155029,0.5670521259307861,0.41227197647094727,0.9947259426116943,1.1754090785980225,0.8166401386260986,0.3129761219024658
0.18	GEE	0.009198904037475586,0.010211706161499023,0.011349916458129883,0.010375022888183594,0.015896081924438477,0.01003122329711914,0.010373115539550781,0.009927749633789062,0.010313987731933594,0.010155677795410156,0.010249853134155273,0.010081052780151367,0.009851932525634766,0.0126800537109375,0.009986162185668945,0.010136842727661133,0.01099085807800293,0.010237932205200195,0.01170802116394043,0.010695934295654297,0.010401248931884766,0.01045680046081543,0.010435819625854492,0.01006007194519043,0.009725809097290039,0.010283946990966797,0.010996103286743164,0.010475873947143555,0.01006007194519043,0.011836767196655273,0.010610103607177734,0.010653257369995117,0.010349035263061523,0.010626077651977539,0.010979890823364258,0.010289907455444336,0.011115074157714844,0.009964942932128906,0.00969386100769043,0.010232210159301758,0.010088205337524414,0.011058807373046875,0.01018214225769043,0.01019287109375,0.00991201400756836,0.010184049606323242,0.010083198547363281,0.010007143020629883,0.010571956634521484,0.011364936828613281,0.01036691665649414,0.017147064208984375,0.01044607162475586,0.010425090789794922,0.009967803955078125,0.009922027587890625,0.01030278205871582,0.010231971740722656,0.010042190551757812,0.009848833084106445,0.011288166046142578,0.009866952896118164,0.011162757873535156,0.01036381721496582,0.010269880294799805,0.009675979614257812,0.01061105728149414,0.009738922119140625,0.00991201400756836,0.009557008743286133,0.010071039199829102,0.00997781753540039,0.009968757629394531,0.00972890853881836,0.009593009948730469,0.010219097137451172,0.010122060775756836,0.009963750839233398,0.009821891784667969,0.01340627670288086,0.009974956512451172,0.010635137557983398,0.009976625442504883,0.009379148483276367,0.009535074234008789,0.010057210922241211,0.010308027267456055,0.010350942611694336,0.010117053985595703,0.009583711624145508,0.0099029541015625,0.010185003280639648,0.01212000846862793,0.00978994369506836,0.009462118148803711,0.009544849395751953,0.00939178466796875,0.009591102600097656,0.00956416130065918,0.009742021560668945,0.010056257247924805,0.009910821914672852,0.010215044021606445,0.009462833404541016,0.010005950927734375,0.009664773941040039,0.009772062301635742,0.009551048278808594,0.009411096572875977,0.00997304916381836,0.009685993194580078,0.009525060653686523,0.00944828987121582,0.009683847427368164,0.01040196418762207,0.009639978408813477,0.009449005126953125,0.00934910774230957,0.010209083557128906,0.009331226348876953,0.01122593879699707,0.009469032287597656,0.009496212005615234,0.009702920913696289,0.009512186050415039,0.009573221206665039,0.009572029113769531,0.009526968002319336,0.01009511947631836,0.009879112243652344,0.009572029113769531,0.009768247604370117,0.010480880737304688,0.009404897689819336,0.009278059005737305,0.009747028350830078,0.00979304313659668,0.009449005126953125,0.009340763092041016,0.009536027908325195,0.009016752243041992,0.009591817855834961,0.009593009948730469,0.009793996810913086,0.00962686538696289,0.016788005828857422,0.011132240295410156,0.009489059448242188,0.009604215621948242,0.009554862976074219,0.009521961212158203,0.008912801742553711,0.009633064270019531,0.00963282585144043,0.00943899154663086,0.009804964065551758,0.009593963623046875,0.009505748748779297,0.009741067886352539,0.009364128112792969,0.009401082992553711,0.009732246398925781,0.009287118911743164,0.0097808837890625,0.009922027587890625,0.009740114212036133,0.009720802307128906,0.009379863739013672,0.010788202285766602,0.009499073028564453,0.009605169296264648,0.009816169738769531,0.009836673736572266,0.009074211120605469,0.011307001113891602,0.009762048721313477,0.009733200073242188,0.009541988372802734,0.009832143783569336,0.009490728378295898,0.008991003036499023,0.010339021682739258,0.009797096252441406,0.01064300537109375,0.009897947311401367,0.008844137191772461,0.009654998779296875,0.010120153427124023,0.00980997085571289,0.009515047073364258,0.009664058685302734,0.009297847747802734,0.009774923324584961,0.00917506217956543,0.009380817413330078,0.0102691650390625,0.009760141372680664,0.010205984115600586,0.009374141693115234,0.009517908096313477
0.18	GNN	0.38047194480895996,0.4946119785308838,0.5045449733734131,0.36893224716186523,0.44675397872924805,0.4093010425567627,0.3287780284881592,0.30820274353027344,0.37442874908447266,0.3273777961730957,0.3980851173400879,0.4529459476470947,0.36730289459228516,0.34717607498168945,0.44639015197753906,0.6777141094207764,0.39270901679992676,0.41077136993408203,0.4639308452606201,0.5470011234283447,0.6223180294036865,0.8875992298126221,0.40236878395080566,0.5019941329956055,0.4554882049560547,0.37894225120544434,0.4710211753845215,0.5507168769836426,0.3994569778442383,0.4571371078491211,0.3582122325897217,0.46497297286987305,0.5674691200256348,0.7755711078643799,0.6082098484039307,0.32619690895080566,0.5151658058166504,0.5285849571228027,0.34503602981567383,0.4891030788421631,0.34366798400878906,0.6174330711364746,0.3224818706512451,0.35696911811828613,0.3860170841217041,0.3054180145263672,0.3883378505706787,0.4293849468231201,0.49916505813598633,0.4071390628814697,0.6730649471282959,0.6470091342926025,0.4408268928527832,0.6777729988098145,0.4445669651031494,0.38718700408935547,0.41553616523742676,0.4187941551208496,0.3143312931060791,0.36319422721862793,0.4621403217315674,0.34879589080810547,0.35991716384887695,0.36745429039001465,0.31839632987976074,0.319439172744751,0.37060093879699707,0.7587392330169678,0.4217207431793213,0.29049086570739746,0.5780079364776611,0.405745267868042,0.5636498928070068,0.36669111251831055,0.45108675956726074,0.6916429996490479,0.41476917266845703,0.43317317962646484,0.4175558090209961,0.5893323421478271,0.4064009189605713,0.5626821517944336,0.37400078773498535,0.5227749347686768,0.3118619918823242,0.4356191158294678,0.7089309692382812,0.50534987449646,0.3433659076690674,0.42995214462280273,0.371013879776001,0.5352740287780762,0.31042909622192383,0.34703707695007324,1.0334420204162598,0.36428380012512207,0.3765850067138672,0.5700719356536865,0.4098801612854004,0.32033634185791016,0.3302311897277832,0.4020509719848633,0.36337900161743164,0.3175351619720459,0.39435815811157227,0.5318708419799805,0.4478750228881836,0.36758875846862793,0.2819521427154541,0.3846609592437744,0.336230993270874,0.6372168064117432,0.48383307456970215,0.4859888553619385,0.31236791610717773,0.3059988021850586,0.37757110595703125,0.4071531295776367,0.40021204948425293,0.6954741477966309,0.40357303619384766,0.5531232357025146,0.43427205085754395,0.298983097076416,0.5500750541687012,0.6214008331298828,0.4328000545501709,0.294903039932251,0.3853890895843506,0.29819488525390625,0.47475099563598633,0.45915699005126953,0.3497319221496582,0.47297096252441406,0.36899709701538086,0.3560619354248047,0.3043828010559082,0.3293149471282959,0.47571396827697754,0.2894432544708252,0.33332133293151855,0.39980483055114746,0.38634610176086426,0.4065680503845215,0.40898609161376953,0.5912559032440186,0.4958620071411133,0.44176578521728516,0.45423197746276855,0.34525203704833984,0.343796968460083,0.29918432235717773,0.42465901374816895,0.5918660163879395,0.5475599765777588,0.35944104194641113,0.3769512176513672,0.47303104400634766,0.43590712547302246,0.5170090198516846,0.36704182624816895,0.3392760753631592,0.6310861110687256,0.3388402462005615,0.49156713485717773,0.3522019386291504,0.3016648292541504,0.30437588691711426,0.41594505310058594,0.37463808059692383,0.4865438938140869,0.3853926658630371,0.5131242275238037,0.35896801948547363,0.5650429725646973,0.3683898448944092,0.36135411262512207,0.5539288520812988,0.3589930534362793,0.32032322883605957,0.6190042495727539,0.3204660415649414,0.39745521545410156,0.36914682388305664,0.5930361747741699,0.3273003101348877,0.35289430618286133,0.3801589012145996,0.2981138229370117,0.3251478672027588,0.3211362361907959,0.39814090728759766,0.34200596809387207,0.4752061367034912,0.6169791221618652,0.35942816734313965,0.42630696296691895,0.38898277282714844,0.3640561103820801,0.41521501541137695
0.18	GG	0.4082040786743164,1.1983890533447266,1.0870897769927979,0.3754580020904541,0.29519200325012207,0.3573141098022461,0.3341820240020752,0.3269670009613037,0.4420909881591797,0.7781052589416504,0.46469902992248535,0.8649420738220215,0.29288792610168457,0.3488922119140625,0.37389183044433594,0.2932448387145996,0.35114598274230957,0.35080718994140625,0.7615890502929688,0.706279993057251,0.8303098678588867,0.8327460289001465,0.5924360752105713,0.7030227184295654,0.38524484634399414,0.7876641750335693,1.1138439178466797,0.4286329746246338,0.5220189094543457,0.3274953365325928,0.5679569244384766,0.5381789207458496,0.5690081119537354,0.4320249557495117,0.9323689937591553,0.3995518684387207,0.6074650287628174,0.44253993034362793,0.8273649215698242,0.9397928714752197,0.4670729637145996,0.35709381103515625,0.6369669437408447,0.43677616119384766,0.873892068862915,0.4867408275604248,0.6879959106445312,0.502396821975708,0.32706379890441895,0.37175679206848145,0.44893598556518555,0.880605936050415,1.0788469314575195,0.7295827865600586,0.8797080516815186,0.31107401847839355,0.352985143661499,0.5640208721160889,0.5766117572784424,0.7024178504943848,0.5017459392547607,0.3015627861022949,0.7324039936065674,0.5256779193878174,0.31075596809387207,0.6836481094360352,0.7908380031585693,0.5574960708618164,0.6963200569152832,1.0399560928344727,0.5268759727478027,0.4309201240539551,0.5916590690612793,0.5707941055297852,0.42404985427856445,0.34217190742492676,0.5580601692199707,0.39017271995544434,0.2790489196777344,0.42278099060058594,0.5359160900115967,0.5962052345275879,0.6253759860992432,0.56260085105896,0.6253869533538818,0.8713040351867676,0.46845412254333496,0.6745941638946533,0.34337377548217773,0.7251582145690918,0.6347308158874512,0.2953307628631592,0.4819200038909912,0.6097350120544434,0.7533578872680664,0.4550349712371826,0.6971421241760254,0.7203052043914795,0.8522441387176514,0.5496189594268799,0.6419968605041504,0.2780001163482666,0.5459728240966797,0.8027248382568359,0.4412038326263428,0.7486398220062256,0.5550050735473633,0.4929368495941162,0.3910200595855713,0.28629207611083984,0.26654815673828125,0.46434926986694336,0.2905142307281494,0.6980929374694824,0.5951941013336182,0.7581751346588135,0.4597182273864746,0.6410191059112549,0.29392290115356445,0.3539259433746338,0.4273030757904053,0.2765648365020752,0.3698000907897949,0.4490540027618408,0.4538261890411377,1.0289158821105957,0.3869330883026123,0.47910308837890625,0.5022470951080322,0.8013548851013184,0.40209412574768066,0.4307210445404053,0.6265108585357666,0.6025428771972656,0.5413951873779297,0.7684390544891357,0.6443681716918945,0.4659550189971924,0.3078649044036865,0.3863251209259033,0.740062952041626,0.852308988571167,0.39058899879455566,0.47714996337890625,0.293032169342041,0.4972071647644043,0.5299849510192871,0.3149430751800537,0.4121129512786865,0.7490930557250977,0.4383728504180908,0.3690338134765625,0.3801729679107666,0.2827730178833008,0.554764986038208,0.6311569213867188,0.37913012504577637,0.5929000377655029,0.4386098384857178,0.35911107063293457,0.6187870502471924,0.5830261707305908,0.3537628650665283,0.3519909381866455,0.8051571846008301,0.6670050621032715,0.5020811557769775,0.37296414375305176,0.4766981601715088,0.2727069854736328,0.40265798568725586,0.3790099620819092,0.3839101791381836,0.43762707710266113,0.32907891273498535,0.2903010845184326,0.3057537078857422,0.28373193740844727,0.4457848072052002,0.48883914947509766,0.5991790294647217,0.5924279689788818,0.44623303413391113,0.5033268928527832,0.3257110118865967,0.44738006591796875,0.2798130512237549,0.5066330432891846,0.41124606132507324,0.8444159030914307,0.3960299491882324,0.5499820709228516,0.3469419479370117,0.6505429744720459,0.2878847122192383,0.38888025283813477,0.4763507843017578,1.0569970607757568,0.4904189109802246,0.3465089797973633
0.18	GG2	0.4082040786743164,1.1983890533447266,1.0870897769927979,0.3754580020904541,0.29519200325012207,0.3573141098022461,0.3341820240020752,0.3269670009613037,0.4420909881591797,0.7781052589416504,0.46469902992248535,0.8649420738220215,0.29288792610168457,0.3488922119140625,0.37389183044433594,0.2932448387145996,0.35114598274230957,0.35080718994140625,0.7615890502929688,0.706279993057251,0.8303098678588867,0.8327460289001465,0.5924360752105713,0.7030227184295654,0.38524484634399414,0.7876641750335693,1.1138439178466797,0.4286329746246338,0.5220189094543457,0.3274953365325928,0.5679569244384766,0.5381789207458496,0.5690081119537354,0.4320249557495117,0.9323689937591553,0.3995518684387207,0.6074650287628174,0.44253993034362793,0.8273649215698242,0.9397928714752197,0.4670729637145996,0.35709381103515625,0.6369669437408447,0.43677616119384766,0.873892068862915,0.4867408275604248,0.6879959106445312,0.502396821975708,0.32706379890441895,0.37175679206848145,0.44893598556518555,0.880605936050415,1.0788469314575195,0.7295827865600586,0.8797080516815186,0.31107401847839355,0.352985143661499,0.5640208721160889,0.5766117572784424,0.7024178504943848,0.5017459392547607,0.3015627861022949,0.7324039936065674,0.5256779193878174,0.31075596809387207,0.6836481094360352,0.7908380031585693,0.5574960708618164,0.6963200569152832,1.0399560928344727,0.5268759727478027,0.4309201240539551,0.5916590690612793,0.5707941055297852,0.42404985427856445,0.34217190742492676,0.5580601692199707,0.39017271995544434,0.2790489196777344,0.42278099060058594,0.5359160900115967,0.5962052345275879,0.6253759860992432,0.56260085105896,0.6253869533538818,0.8713040351867676,0.46845412254333496,0.6745941638946533,0.34337377548217773,0.7251582145690918,0.6347308158874512,0.2953307628631592,0.4819200038909912,0.6097350120544434,0.7533578872680664,0.4550349712371826,0.6971421241760254,0.7203052043914795,0.8522441387176514,0.5496189594268799,0.6419968605041504,0.2780001163482666,0.5459728240966797,0.8027248382568359,0.4412038326263428,0.7486398220062256,0.5550050735473633,0.4929368495941162,0.3910200595855713,0.28629207611083984,0.26654815673828125,0.46434926986694336,0.2905142307281494,0.6980929374694824,0.5951941013336182,0.7581751346588135,0.4597182273864746,0.6410191059112549,0.29392290115356445,0.3539259433746338,0.4273030757904053,0.2765648365020752,0.3698000907897949,0.4490540027618408,0.4538261890411377,1.0289158821105957,0.3869330883026123,0.47910308837890625,0.5022470951080322,0.8013548851013184,0.40209412574768066,0.4307210445404053,0.6265108585357666,0.6025428771972656,0.5413951873779297,0.7684390544891357,0.6443681716918945,0.4659550189971924,0.3078649044036865,0.3863251209259033,0.740062952041626,0.852308988571167,0.39058899879455566,0.47714996337890625,0.293032169342041,0.4972071647644043,0.5299849510192871,0.3149430751800537,0.4121129512786865,0.7490930557250977,0.4383728504180908,0.3690338134765625,0.3801729679107666,0.2827730178833008,0.554764986038208,0.6311569213867188,0.37913012504577637,0.5929000377655029,0.4386098384857178,0.35911107063293457,0.6187870502471924,0.5830261707305908,0.3537628650665283,0.3519909381866455,0.8051571846008301,0.6670050621032715,0.5020811557769775,0.37296414375305176,0.4766981601715088,0.2727069854736328,0.40265798568725586,0.3790099620819092,0.3839101791381836,0.43762707710266113,0.32907891273498535,0.2903010845184326,0.3057537078857422,0.28373193740844727,0.4457848072052002,0.48883914947509766,0.5991790294647217,0.5924279689788818,0.44623303413391113,0.5033268928527832,0.3257110118865967,0.44738006591796875,0.2798130512237549,0.5066330432891846,0.41124606132507324,0.8444159030914307,0.3960299491882324,0.5499820709228516,0.3469419479370117,0.6505429744720459,0.2878847122192383,0.38888025283813477,0.4763507843017578,1.0569970607757568,0.4904189109802246,0.3465089797973633
0.2	GEE	0.00927591323852539,0.010742902755737305,0.009824037551879883,0.012111663818359375,0.009506702423095703,0.011245012283325195,0.009711027145385742,0.009446859359741211,0.01003885269165039,0.009991168975830078,0.010705947875976562,0.010328054428100586,0.010474205017089844,0.010317802429199219,0.00970005989074707,0.010664939880371094,0.011362075805664062,0.011376142501831055,0.009851217269897461,0.009673118591308594,0.010792970657348633,0.010311126708984375,0.010600805282592773,0.010521888732910156,0.010256052017211914,0.010384798049926758,0.009643793106079102,0.01020193099975586,0.010722875595092773,0.010746955871582031,0.010317087173461914,0.009749889373779297,0.010642051696777344,0.010385990142822266,0.010584831237792969,0.015060901641845703,0.01040196418762207,0.011397838592529297,0.010096073150634766,0.010400056838989258,0.012591123580932617,0.01080322265625,0.010708808898925781,0.010720968246459961,0.01030111312866211,0.010457038879394531,0.010461091995239258,0.010488271713256836,0.01040196418762207,0.011350154876708984,0.010853052139282227,0.010537147521972656,0.010948896408081055,0.010576248168945312,0.010422945022583008,0.010331869125366211,0.0113677978515625,0.010442018508911133,0.010428190231323242,0.010804891586303711,0.010590076446533203,0.010310888290405273,0.010009050369262695,0.010586738586425781,0.011031150817871094,0.011373043060302734,0.010540008544921875,0.010396003723144531,0.010636091232299805,0.010081052780151367,0.010335922241210938,0.011795997619628906,0.01504206657409668,0.01081395149230957,0.011090993881225586,0.010688066482543945,0.011017084121704102,0.010420799255371094,0.010480880737304688,0.010125160217285156,0.010710954666137695,0.010861873626708984,0.010560989379882812,0.010300159454345703,0.010490179061889648,0.010380983352661133,0.010833740234375,0.010600805282592773,0.04515361785888672,0.011079072952270508,0.011008977890014648,0.010417938232421875,0.010544300079345703,0.010888814926147461,0.010869026184082031,0.010106325149536133,0.010709047317504883,0.010149955749511719,0.010170698165893555,0.013782978057861328,0.011324882507324219,0.010869979858398438,0.011005878448486328,0.011044025421142578,0.010683774948120117,0.010806083679199219,0.010609149932861328,0.01028585433959961,0.010853767395019531,0.010385751724243164,0.010336875915527344,0.01091623306274414,0.01028585433959961,0.010662317276000977,0.010608911514282227,0.010426759719848633,0.011477947235107422,0.010803937911987305,0.01038503646850586,0.010762929916381836,0.009987831115722656,0.010975837707519531,0.011207818984985352,0.010392904281616211,0.010669946670532227,0.010107755661010742,0.0109100341796875,0.01040506362915039,0.010721683502197266,0.010941028594970703,0.010514259338378906,0.010967016220092773,0.010792970657348633,0.0409548282623291,0.011035919189453125,0.010723114013671875,0.01119089126586914,0.010724067687988281,0.011109113693237305,0.01061701774597168,0.010879993438720703,0.010898828506469727,0.01111292839050293,0.010460138320922852,0.010520219802856445,0.011022090911865234,0.010664939880371094,0.010554790496826172,0.012485027313232422,0.010366201400756836,0.0111541748046875,0.012347698211669922,0.011040925979614258,0.010916948318481445,0.010343790054321289,0.011145830154418945,0.010768890380859375,0.010411739349365234,0.010153055191040039,0.010423898696899414,0.01043391227722168,0.010610818862915039,0.010771989822387695,0.010769844055175781,0.010482311248779297,0.01053619384765625,0.010175943374633789,0.009988784790039062,0.01032710075378418,0.010515928268432617,0.010197877883911133,0.010827064514160156,0.011272907257080078,0.010149240493774414,0.012299060821533203,0.010511159896850586,0.01052999496459961,0.01026010513305664,0.010881900787353516,0.010688066482543945,0.011009931564331055,0.011980056762695312,0.011145353317260742,0.011033058166503906,0.011096000671386719,0.011091947555541992,0.011549949645996094,0.011162042617797852,0.013709068298339844,0.011013984680175781,0.011123895645141602,0.011293888092041016,0.010844945907592773,0.010719060897827148,0.01029205322265625,0.010599851608276367,0.011426925659179688,0.010469913482666016,0.010416746139526367,0.01056981086730957
0.2	GNN	0.4187939167022705,0.3442199230194092,0.39632201194763184,0.38501501083374023,0.2949190139770508,0.6128377914428711,0.6746859550476074,0.37473297119140625,0.37413883209228516,0.3203110694885254,0.4065849781036377,0.391124963760376,0.4579432010650635,0.3279240131378174,0.3678579330444336,0.30014801025390625,0.5812232494354248,0.5002329349517822,0.32343506813049316,0.36356687545776367,0.35788893699645996,0.429779052734375,0.4266202449798584,0.33557987213134766,0.39229488372802734,0.3458518981933594,0.7800037860870361,0.3740401268005371,0.326995849609375,0.3311159610748291,0.356903076171875,0.39171624183654785,0.48007798194885254,0.29259490966796875,0.3182389736175537,0.4252200126647949,0.4140949249267578,0.3686249256134033,0.3646059036254883,0.3102712631225586,0.3462638854980469,0.4063558578491211,0.4417839050292969,0.425861120223999,0.2967050075531006,0.4228689670562744,0.40846896171569824,0.7135941982269287,0.5549130439758301,0.3739478588104248,0.3757052421569824,0.33028411865234375,0.45128917694091797,0.4909989833831787,0.39823102951049805,0.2912898063659668,0.2877349853515625,0.38433408737182617,0.40062999725341797,0.39641284942626953,0.4973301887512207,0.30469703674316406,0.35859203338623047,0.6086351871490479,0.29463791847229004,0.6052658557891846,0.3411409854888916,0.647136926651001,0.5027511119842529,0.4303910732269287,0.3224151134490967,0.4256627559661865,0.7050528526306152,0.5214130878448486,0.35883498191833496,0.48767995834350586,0.5563127994537354,0.5214240550994873,0.4526398181915283,0.3810579776763916,0.4274768829345703,0.36975789070129395,0.4529898166656494,0.40004515647888184,0.33655810356140137,0.33341193199157715,0.45369982719421387,0.6207160949707031,0.37010908126831055,0.57169508934021,0.356273889541626,0.3546419143676758,0.3796958923339844,0.3824198246002197,0.4917011260986328,0.4822399616241455,0.31362009048461914,0.37119269371032715,0.37521791458129883,0.38395023345947266,0.3946561813354492,0.4366281032562256,1.3400650024414062,0.48994898796081543,0.37845468521118164,0.3820679187774658,0.29633283615112305,0.38107800483703613,0.330517053604126,0.28186607360839844,0.47306299209594727,0.4404151439666748,0.3599588871002197,0.35871291160583496,0.3905470371246338,0.41857099533081055,0.580467939376831,0.38384294509887695,0.29331088066101074,0.42055463790893555,0.56976318359375,0.308823823928833,0.3734159469604492,0.383512020111084,0.5662672519683838,0.34620022773742676,0.37685704231262207,0.34827232360839844,0.3221559524536133,0.37546706199645996,0.29021120071411133,0.6439881324768066,0.3926098346710205,0.33614611625671387,0.643718957901001,0.33847904205322266,0.3780021667480469,0.40138816833496094,0.3403489589691162,0.3710360527038574,0.2991452217102051,0.3847527503967285,0.4008049964904785,0.5256960391998291,0.36890411376953125,0.29197001457214355,0.6116201877593994,0.3847482204437256,0.38657212257385254,0.3768429756164551,0.31301140785217285,0.359879732131958,0.34172797203063965,0.3427269458770752,0.3515329360961914,0.5109140872955322,0.48319292068481445,0.4377920627593994,0.28321003913879395,0.41840505599975586,0.42199182510375977,0.30514097213745117,0.37403106689453125,0.3920481204986572,0.3159139156341553,0.3018460273742676,0.5298919677734375,0.41127800941467285,0.3144199848175049,0.3207559585571289,0.36686110496520996,0.5718080997467041,0.5962879657745361,0.607856273651123,0.34833621978759766,0.43047404289245605,0.2967369556427002,0.3466322422027588,0.36138916015625,0.49971818923950195,0.3159511089324951,0.5610527992248535,0.3682291507720947,0.564532995223999,0.48131775856018066,0.40022706985473633,0.4317188262939453,0.3840658664703369,0.5942151546478271,0.40439605712890625,0.329787015914917,0.29593896865844727,0.3608839511871338,0.3298330307006836,0.44188594818115234,0.3499867916107178,0.4040498733520508,0.4395179748535156,0.3113720417022705,0.6147410869598389
0.2	GG	1.174696922302246,0.3678319454193115,0.6234350204467773,0.8426589965820312,0.6522269248962402,0.6207590103149414,0.34618687629699707,0.30576300621032715,0.6175169944763184,0.6426770687103271,0.6669008731842041,0.5747740268707275,0.42778897285461426,0.33855414390563965,0.3924729824066162,0.6506800651550293,0.5026428699493408,0.4285397529602051,0.38884806632995605,0.3059349060058594,0.5199799537658691,0.7946639060974121,0.5148541927337646,0.6427021026611328,0.4371979236602783,0.6089460849761963,0.7225730419158936,0.4051809310913086,0.7335290908813477,0.3316469192504883,0.27942991256713867,0.5889811515808105,0.3785209655761719,0.5153279304504395,0.4705958366394043,0.28577303886413574,0.7742750644683838,0.5513808727264404,0.5941312313079834,0.42754101753234863,0.6125240325927734,1.4782800674438477,0.4171478748321533,0.4668760299682617,0.5465948581695557,0.37907910346984863,0.617405891418457,0.43637728691101074,0.5401058197021484,0.4089391231536865,0.290607213973999,0.3922901153564453,0.3437631130218506,0.27324962615966797,0.5963602066040039,0.9457821846008301,0.46226000785827637,0.6005549430847168,0.3892481327056885,1.3908982276916504,0.8619577884674072,0.3213508129119873,0.7164931297302246,0.8321058750152588,0.8488509654998779,0.5533170700073242,0.8639700412750244,0.6532039642333984,0.8128981590270996,0.5682077407836914,0.7451250553131104,0.5994150638580322,0.5881359577178955,0.5889568328857422,0.5774350166320801,0.46657490730285645,0.8610460758209229,0.4540290832519531,0.402789831161499,0.3359260559082031,0.34560179710388184,0.5313682556152344,0.5344069004058838,1.1551880836486816,0.4598970413208008,0.5169267654418945,0.36363816261291504,0.31429004669189453,0.8916573524475098,0.9036169052124023,0.6622741222381592,0.6381649971008301,0.3275129795074463,0.34488511085510254,0.4249076843261719,1.1333107948303223,0.37541866302490234,0.8981530666351318,0.29047393798828125,0.3151071071624756,0.36295294761657715,0.4900527000427246,0.5671570301055908,0.5744640827178955,0.45084476470947266,0.4186513423919678,0.6129591464996338,0.7845518589019775,0.337770938873291,0.4343390464782715,0.361220121383667,0.8667178153991699,0.4967360496520996,0.6182949542999268,0.5255780220031738,0.6610739231109619,0.3217799663543701,0.7406051158905029,0.41905927658081055,0.373668909072876,1.0974171161651611,0.3438839912414551,0.2886950969696045,0.6151790618896484,0.48798322677612305,0.9752850532531738,0.2809021472930908,0.37912702560424805,0.4515502452850342,0.5407779216766357,0.3245999813079834,0.8551959991455078,0.3624541759490967,0.43196582794189453,0.8869919776916504,0.40965819358825684,0.3359410762786865,0.6886546611785889,0.7972371578216553,0.44005393981933594,0.7792329788208008,0.679617166519165,0.6917791366577148,0.6748590469360352,0.3832693099975586,0.6597011089324951,0.8398041725158691,0.49152493476867676,0.40413904190063477,0.5973360538482666,0.7791111469268799,0.3361527919769287,0.502342939376831,0.41292715072631836,0.7511029243469238,0.9853498935699463,0.3038289546966553,0.5508449077606201,0.38869285583496094,0.6111531257629395,0.528925895690918,0.6099650859832764,0.2702770233154297,0.3660743236541748,0.3574550151824951,0.3290722370147705,0.7163741588592529,0.6837468147277832,0.9299869537353516,0.3638181686401367,0.5481951236724854,0.6479101181030273,0.602747917175293,0.596808910369873,0.41456103324890137,0.5138418674468994,0.41709303855895996,1.333237886428833,0.30699682235717773,0.450300931930542,1.4489600658416748,0.8536200523376465,0.3581387996673584,0.9367580413818359,0.5003840923309326,0.8952970504760742,0.5356228351593018,0.9117648601531982,1.060222864151001,0.7270886898040771,0.5676207542419434,0.3830087184906006,0.6684951782226562,0.3593482971191406,0.3426089286804199,0.6382420063018799,0.35942506790161133,0.4204730987548828,0.6008560657501221,0.3183412551879883
0.2	GG2	1.174696922302246,0.3678319454193115,0.6234350204467773,0.8426589965820312,0.6522269248962402,0.6207590103149414,0.34618687629699707,0.30576300621032715,0.6175169944763184,0.6426770687103271,0.6669008731842041,0.5747740268707275,0.42778897285461426,0.33855414390563965,0.3924729824066162,0.6506800651550293,0.5026428699493408,0.4285397529602051,0.38884806632995605,0.3059349060058594,0.5199799537658691,0.7946639060974121,0.5148541927337646,0.6427021026611328,0.4371979236602783,0.6089460849761963,0.7225730419158936,0.4051809310913086,0.7335290908813477,0.3316469192504883,0.27942991256713867,0.5889811515808105,0.3785209655761719,0.5153279304504395,0.4705958366394043,0.28577303886413574,0.7742750644683838,0.5513808727264404,0.5941312313079834,0.42754101753234863,0.6125240325927734,1.4782800674438477,0.4171478748321533,0.4668760299682617,0.5465948581695557,0.37907910346984863,0.617405891418457,0.43637728691101074,0.5401058197021484,0.4089391231536865,0.290607213973999,0.3922901153564453,0.3437631130218506,0.27324962615966797,0.5963602066040039,0.9457821846008301,0.46226000785827637,0.6005549430847168,0.3892481327056885,1.3908982276916504,0.8619577884674072,0.3213508129119873,0.7164931297302246,0.8321058750152588,0.8488509654998779,0.5533170700073242,0.8639700412750244,0.6532039642333984,0.8128981590270996,0.5682077407836914,0.7451250553131104,0.5994150638580322,0.5881359577178955,0.5889568328857422,0.5774350166320801,0.46657490730285645,0.8610460758209229,0.4540290832519531,0.402789831161499,0.3359260559082031,0.34560179710388184,0.5313682556152344,0.5344069004058838,1.1551880836486816,0.4598970413208008,0.5169267654418945,0.36363816261291504,0.31429004669189453,0.8916573524475098,0.9036169052124023,0.6622741222381592,0.6381649971008301,0.3275129795074463,0.34488511085510254,0.4249076843261719,1.1333107948303223,0.37541866302490234,0.8981530666351318,0.29047393798828125,0.3151071071624756,0.36295294761657715,0.4900527000427246,0.5671570301055908,0.5744640827178955,0.45084476470947266,0.4186513423919678,0.6129591464996338,0.7845518589019775,0.337770938873291,0.4343390464782715,0.361220121383667,0.8667178153991699,0.4967360496520996,0.6182949542999268,0.5255780220031738,0.6610739231109619,0.3217799663543701,0.7406051158905029,0.41905927658081055,0.373668909072876,1.0974171161651611,0.3438839912414551,0.2886950969696045,0.6151790618896484,0.48798322677612305,0.9752850532531738,0.2809021472930908,0.37912702560424805,0.4515502452850342,0.5407779216766357,0.3245999813079834,0.8551959991455078,0.3624541759490967,0.43196582794189453,0.8869919776916504,0.40965819358825684,0.3359410762786865,0.6886546611785889,0.7972371578216553,0.44005393981933594,0.7792329788208008,0.679617166519165,0.6917791366577148,0.6748590469360352,0.3832693099975586,0.6597011089324951,0.8398041725158691,0.49152493476867676,0.40413904190063477,0.5973360538482666,0.7791111469268799,0.3361527919769287,0.502342939376831,0.41292715072631836,0.7511029243469238,0.9853498935699463,0.3038289546966553,0.5508449077606201,0.38869285583496094,0.6111531257629395,0.528925895690918,0.6099650859832764,0.2702770233154297,0.3660743236541748,0.3574550151824951,0.3290722370147705,0.7163741588592529,0.6837468147277832,0.9299869537353516,0.3638181686401367,0.5481951236724854,0.6479101181030273,0.602747917175293,0.596808910369873,0.41456103324890137,0.5138418674468994,0.41709303855895996,1.333237886428833,0.30699682235717773,0.450300931930542,1.4489600658416748,0.8536200523376465,0.3581387996673584,0.9367580413818359,0.5003840923309326,0.8952970504760742,0.5356228351593018,0.9117648601531982,1.060222864151001,0.7270886898040771,0.5676207542419434,0.3830087184906006,0.6684951782226562,0.3593482971191406,0.3426089286804199,0.6382420063018799,0.35942506790161133,0.4204730987548828,0.6008560657501221,0.3183412551879883
0.22	GEE	0.010577201843261719,0.01111912727355957,0.011415958404541016,0.011139869689941406,0.0114898681640625,0.012785911560058594,0.011346817016601562,0.010706901550292969,0.011555194854736328,0.01247096061706543,0.011713027954101562,0.011268854141235352,0.010504007339477539,0.010998964309692383,0.010409832000732422,0.012646913528442383,0.012839794158935547,0.010991811752319336,0.011158943176269531,0.011636972427368164,0.011136054992675781,0.011706113815307617,0.011406183242797852,0.011372089385986328,0.01126718521118164,0.0122222900390625,0.011545896530151367,0.011398077011108398,0.011333942413330078,0.011424064636230469,0.011766195297241211,0.011100292205810547,0.011197805404663086,0.01230001449584961,0.010970830917358398,0.011117219924926758,0.011718988418579102,0.011233806610107422,0.01993083953857422,0.011591911315917969,0.01134800910949707,0.016345977783203125,0.011859893798828125,0.012106895446777344,0.011790990829467773,0.011527299880981445,0.011667251586914062,0.011642932891845703,0.011127948760986328,0.01118612289428711,0.012814044952392578,0.011672019958496094,0.012091875076293945,0.013484001159667969,0.012855052947998047,0.011258125305175781,0.011752128601074219,0.011878013610839844,0.011595964431762695,0.012253999710083008,0.011655807495117188,0.014538049697875977,0.011326789855957031,0.011311769485473633,0.011464834213256836,0.011614084243774414,0.011578798294067383,0.011787176132202148,0.011636018753051758,0.010993003845214844,0.011425018310546875,0.011569976806640625,0.012055158615112305,0.011784076690673828,0.011445045471191406,0.011691093444824219,0.012146949768066406,0.011678934097290039,0.011157989501953125,0.011945962905883789,0.011809110641479492,0.011675834655761719,0.011865854263305664,0.011429786682128906,0.012098073959350586,0.012016773223876953,0.011807918548583984,0.012118816375732422,0.011600971221923828,0.011713981628417969,0.011755943298339844,0.01171565055847168,0.011319160461425781,0.011908769607543945,0.011762142181396484,0.011228799819946289,0.011434078216552734,0.011561155319213867,0.01221609115600586,0.011991739273071289,0.012105941772460938,0.011529922485351562,0.01188039779663086,0.01213693618774414,0.011825084686279297,0.012115955352783203,0.01183009147644043,0.011297941207885742,0.011700153350830078,0.011723995208740234,0.011422872543334961,0.011569976806640625,0.012120962142944336,0.012009859085083008,0.014947652816772461,0.011873006820678711,0.01151585578918457,0.011742115020751953,0.013248920440673828,0.011623859405517578,0.011360883712768555,0.012604951858520508,0.013511896133422852,0.012988805770874023,0.011679410934448242,0.0120849609375,0.01099085807800293,0.011322975158691406,0.011117935180664062,0.011256217956542969,0.01088404655456543,0.012020111083984375,0.011358976364135742,0.010746240615844727,0.011590242385864258,0.010962963104248047,0.01185297966003418,0.011432886123657227,0.01139521598815918,0.011381864547729492,0.011266946792602539,0.011394977569580078,0.010790824890136719,0.011546850204467773,0.011394023895263672,0.013103246688842773,0.011807918548583984,0.011310100555419922,0.011137723922729492,0.010549068450927734,0.010526895523071289,0.010606050491333008,0.01041412353515625,0.010382652282714844,0.010776042938232422,0.010381221771240234,0.010869026184082031,0.01046609878540039,0.010369062423706055,0.01093292236328125,0.010575056076049805,0.010645151138305664,0.010545015335083008,0.010561943054199219,0.010323047637939453,0.010720014572143555,0.010641813278198242,0.010516881942749023,0.010440826416015625,0.01025700569152832,0.010365962982177734,0.010623931884765625,0.010856151580810547,0.010284185409545898,0.010682821273803711,0.010313987731933594,0.010512113571166992,0.01018071174621582,0.010400056838989258,0.010272979736328125,0.01080012321472168,0.010365009307861328,0.01019597053527832,0.010812759399414062,0.010805845260620117,0.01055288314819336,0.010547876358032227,0.010722875595092773,0.010517120361328125,0.010377883911132812,0.010591983795166016,0.010776042938232422,0.010432720184326172,0.010287046432495117,0.010571002960205078,0.010889053344726562,0.010415077209472656,0.010185003280639648,0.01065683364868164,0.010385990142822266
0.22	GNN	0.4705641269683838,0.4058811664581299,0.3209061622619629,0.31511807441711426,0.37902379035949707,0.36426496505737305,0.345548152923584,0.3463740348815918,0.3715188503265381,0.3696420192718506,0.5342519283294678,0.33582282066345215,0.36415910720825195,0.6550142765045166,0.43520092964172363,0.5292031764984131,0.3874938488006592,0.5031630992889404,0.59682297706604,0.3803420066833496,0.3832838535308838,0.3412330150604248,0.3994460105895996,0.4396359920501709,0.35219502449035645,0.3464982509613037,0.5668120384216309,0.4586679935455322,0.42366981506347656,0.33219003677368164,0.4267587661743164,0.3874509334564209,0.5619220733642578,0.3412148952484131,0.4259357452392578,0.36448121070861816,0.36963796615600586,0.4156641960144043,0.5647280216217041,0.36562371253967285,0.31689000129699707,0.3514218330383301,0.38351011276245117,0.44364285469055176,0.6306910514831543,0.43073487281799316,0.6425042152404785,0.5536549091339111,0.4118669033050537,0.38307905197143555,0.5208899974822998,0.5312221050262451,0.47814130783081055,0.4841799736022949,0.3279762268066406,0.3191051483154297,0.3993370532989502,0.3527350425720215,0.4629199504852295,0.3735082149505615,0.380706787109375,0.3877439498901367,0.4230520725250244,0.4518742561340332,0.3632698059082031,0.6023092269897461,0.5300486087799072,0.4592158794403076,0.35175395011901855,0.3986222743988037,0.39035987854003906,0.37802696228027344,0.35363316535949707,0.35143589973449707,0.5249228477478027,0.38636326789855957,0.4706149101257324,0.39393091201782227,0.4192788600921631,0.38318896293640137,0.3488469123840332,0.42537808418273926,0.3620128631591797,0.38183021545410156,0.45180296897888184,0.3906676769256592,0.3620762825012207,0.3730778694152832,0.2990710735321045,0.40490126609802246,0.3667330741882324,0.323502779006958,0.37551116943359375,0.34764599800109863,0.5572879314422607,0.39217591285705566,0.6589639186859131,0.3838310241699219,0.5162932872772217,0.4403839111328125,0.48107028007507324,0.3971438407897949,0.3814520835876465,0.32257890701293945,0.41113901138305664,0.4118919372558594,0.420989990234375,0.4270479679107666,0.41269993782043457,0.6111800670623779,0.31186509132385254,0.43975210189819336,0.4168698787689209,0.4481992721557617,0.3692591190338135,0.31520795822143555,0.6037840843200684,0.3865983486175537,0.5085270404815674,0.3321840763092041,0.3910970687866211,0.4375791549682617,0.49659299850463867,0.4547417163848877,0.39629197120666504,0.3587367534637451,0.29624080657958984,0.28577613830566406,0.30023717880249023,0.31876111030578613,0.662039041519165,0.3073291778564453,0.43587303161621094,0.3193233013153076,0.30588817596435547,0.2895958423614502,0.22663283348083496,0.4876580238342285,0.2305910587310791,0.23403620719909668,0.22013020515441895,0.25533318519592285,0.23937606811523438,0.4099009037017822,0.8546280860900879,0.28175783157348633,0.2745850086212158,0.5174078941345215,0.23909497261047363,0.24213576316833496,0.26814699172973633,0.23515701293945312,0.26953911781311035,0.34394025802612305,0.23832392692565918,0.3339531421661377,0.4630117416381836,0.26311826705932617,0.25517892837524414,0.26044487953186035,0.25927090644836426,0.26447319984436035,0.2593698501586914,0.25202012062072754,0.363969087600708,0.24622702598571777,0.2593960762023926,0.2780749797821045,0.29214000701904297,0.23192405700683594,0.25736188888549805,0.29338693618774414,0.361483097076416,0.2818639278411865,0.2879829406738281,0.22695589065551758,0.2588329315185547,0.2715320587158203,0.24242019653320312,0.23584818840026855,0.2894411087036133,0.3755340576171875,0.26377010345458984,0.2778439521789551,0.3154458999633789,0.35311198234558105,0.27720093727111816,0.3669319152832031,0.3024129867553711,0.264110803604126,0.3376891613006592,0.24139976501464844,0.2643928527832031,0.2625091075897217,0.26433515548706055,0.5294888019561768,0.250028133392334,0.379183292388916,0.26750731468200684,0.27342796325683594
0.22	GG	0.3915400505065918,0.35001683235168457,0.3404412269592285,1.335399866104126,0.8496489524841309,0.3140530586242676,0.401522159576416,0.7908990383148193,0.40033626556396484,0.5896639823913574,0.8332717418670654,0.5967690944671631,0.40947413444519043,0.6182899475097656,0.6901881694793701,0.313370943069458,0.5431768894195557,0.6433367729187012,0.32166600227355957,0.31998205184936523,0.974104642868042,0.28750085830688477,1.0247101783752441,0.6429839134216309,0.33481478691101074,0.2897498607635498,0.6844983100891113,0.3450191020965576,0.5596368312835693,0.8320410251617432,0.4066028594970703,0.6247737407684326,0.6474270820617676,0.3488318920135498,0.4925508499145508,0.4220550060272217,0.46188902854919434,0.5385210514068604,0.4792618751525879,0.631572961807251,0.7302918434143066,0.594109058380127,0.3479428291320801,0.5393319129943848,0.5672562122344971,0.40975379943847656,0.6589269638061523,0.3205561637878418,0.426555871963501,0.39417219161987305,0.4172229766845703,0.555527925491333,0.32864975929260254,0.41232728958129883,0.7492289543151855,0.5477409362792969,0.32697296142578125,0.450977087020874,0.4376540184020996,0.48610711097717285,0.41326212882995605,0.7912039756774902,0.6514971256256104,0.4604761600494385,0.4960019588470459,0.428725004196167,0.6918339729309082,0.5541348457336426,0.7697122097015381,0.866365909576416,0.707866907119751,0.3206210136413574,0.3975231647491455,0.33087587356567383,0.30208516120910645,0.42165517807006836,0.38770103454589844,0.35792994499206543,0.6637289524078369,0.31720876693725586,0.3703901767730713,0.5029811859130859,1.0138647556304932,0.6954660415649414,0.675983190536499,0.3833308219909668,0.31559181213378906,1.1503539085388184,0.6505217552185059,0.8621900081634521,0.33388209342956543,0.6518151760101318,0.3360910415649414,0.337202787399292,0.5286300182342529,0.6469058990478516,0.448455810546875,0.3004589080810547,0.49703025817871094,0.43279528617858887,0.42239904403686523,0.6968111991882324,0.7450540065765381,0.3806431293487549,0.6615111827850342,0.6316409111022949,0.4221162796020508,0.36518001556396484,0.39912986755371094,0.49074411392211914,0.5140397548675537,0.3686976432800293,0.4196319580078125,0.7817270755767822,0.7285881042480469,1.010425090789795,0.3133721351623535,0.7241730690002441,0.5237038135528564,0.30321311950683594,0.6152639389038086,0.7402489185333252,0.41847896575927734,0.436068058013916,0.7965459823608398,0.7318210601806641,0.2998051643371582,0.30268216133117676,0.3016800880432129,0.33289170265197754,0.35155725479125977,0.3994019031524658,0.33295583724975586,0.39725470542907715,0.42676711082458496,0.4215259552001953,0.3400230407714844,0.21222472190856934,0.26535606384277344,0.3359079360961914,0.5359480381011963,0.21032500267028809,0.747100830078125,0.2926201820373535,0.28631114959716797,0.31497907638549805,0.437453031539917,0.3885030746459961,0.460172176361084,0.6676058769226074,0.22794318199157715,0.2547290325164795,0.38237476348876953,0.2286069393157959,0.43509507179260254,0.4678761959075928,0.4234299659729004,0.24486994743347168,0.44744014739990234,0.2915000915527344,0.7087090015411377,0.5007879734039307,0.22890710830688477,0.3872561454772949,0.23562192916870117,0.40389585494995117,0.8152029514312744,0.4349358081817627,0.49068784713745117,0.2697257995605469,0.24803686141967773,0.2283942699432373,0.4691338539123535,0.5491878986358643,0.34069108963012695,0.26895785331726074,0.22850394248962402,0.33139610290527344,0.22739410400390625,0.23134708404541016,0.5113701820373535,0.22993206977844238,0.6133430004119873,0.23156309127807617,0.2308359146118164,0.23226380348205566,0.27506399154663086,0.3515889644622803,0.36209630966186523,0.35045719146728516,0.44130802154541016,0.2996673583984375,0.32141804695129395,0.43645691871643066,0.23109984397888184,0.3332788944244385,0.3097259998321533,0.33014702796936035,0.3794560432434082,0.23176002502441406
0.22	GG2	0.3915400505065918,0.35001683235168457,0.3404412269592285,1.335399866104126,0.8496489524841309,0.3140530586242676,0.401522159576416,0.7908990383148193,0.40033626556396484,0.5896639823913574,0.8332717418670654,0.5967690944671631,0.40947413444519043,0.6182899475097656,0.6901881694793701,0.313370943069458,0.5431768894195557,0.6433367729187012,0.32166600227355957,0.31998205184936523,0.974104642868042,0.28750085830688477,1.0247101783752441,0.6429839134216309,0.33481478691101074,0.2897498607635498,0.6844983100891113,0.3450191020965576,0.5596368312835693,0.8320410251617432,0.4066028594970703,0.6247737407684326,0.6474270820617676,0.3488318920135498,0.4925508499145508,0.4220550060272217,0.46188902854919434,0.5385210514068604,0.4792618751525879,0.631572961807251,0.7302918434143066,0.594109058380127,0.3479428291320801,0.5393319129943848,0.5672562122344971,0.40975379943847656,0.6589269638061523,0.3205561637878418,0.426555871963501,0.39417219161987305,0.4172229766845703,0.555527925491333,0.32864975929260254,0.41232728958129883,0.7492289543151855,0.5477409362792969,0.32697296142578125,0.450977087020874,0.4376540184020996,0.48610711097717285,0.41326212882995605,0.7912039756774902,0.6514971256256104,0.4604761600494385,0.4960019588470459,0.428725004196167,0.6918339729309082,0.5541348457336426,0.7697122097015381,0.866365909576416,0.707866907119751,0.3206210136413574,0.3975231647491455,0.33087587356567383,0.30208516120910645,0.42165517807006836,0.38770103454589844,0.35792994499206543,0.6637289524078369,0.31720876693725586,0.3703901767730713,0.5029811859130859,1.0138647556304932,0.6954660415649414,0.675983190536499,0.3833308219909668,0.31559181213378906,1.1503539085388184,0.6505217552185059,0.8621900081634521,0.33388209342956543,0.6518151760101318,0.3360910415649414,0.337202787399292,0.5286300182342529,0.6469058990478516,0.448455810546875,0.3004589080810547,0.49703025817871094,0.43279528617858887,0.42239904403686523,0.6968111991882324,0.7450540065765381,0.3806431293487549,0.6615111827850342,0.6316409111022949,0.4221162796020508,0.36518001556396484,0.39912986755371094,0.49074411392211914,0.5140397548675537,0.3686976432800293,0.4196319580078125,0.7817270755767822,0.7285881042480469,1.010425090789795,0.3133721351623535,0.7241730690002441,0.5237038135528564,0.30321311950683594,0.6152639389038086,0.7402489185333252,0.41847896575927734,0.436068058013916,0.7965459823608398,0.7318210601806641,0.2998051643371582,0.30268216133117676,0.3016800880432129,0.33289170265197754,0.35155725479125977,0.3994019031524658,0.33295583724975586,0.39725470542907715,0.42676711082458496,0.4215259552001953,0.3400230407714844,0.21222472190856934,0.26535606384277344,0.3359079360961914,0.5359480381011963,0.21032500267028809,0.747100830078125,0.2926201820373535,0.28631114959716797,0.31497907638549805,0.437453031539917,0.3885030746459961,0.460172176361084,0.6676058769226074,0.22794318199157715,0.2547290325164795,0.38237476348876953,0.2286069393157959,0.43509507179260254,0.4678761959075928,0.4234299659729004,0.24486994743347168,0.44744014739990234,0.2915000915527344,0.7087090015411377,0.5007879734039307,0.22890710830688477,0.3872561454772949,0.23562192916870117,0.40389585494995117,0.8152029514312744,0.4349358081817627,0.49068784713745117,0.2697257995605469,0.24803686141967773,0.2283942699432373,0.4691338539123535,0.5491878986358643,0.34069108963012695,0.26895785331726074,0.22850394248962402,0.33139610290527344,0.22739410400390625,0.23134708404541016,0.5113701820373535,0.22993206977844238,0.6133430004119873,0.23156309127807617,0.2308359146118164,0.23226380348205566,0.27506399154663086,0.3515889644622803,0.36209630966186523,0.35045719146728516,0.44130802154541016,0.2996673583984375,0.32141804695129395,0.43645691871643066,0.23109984397888184,0.3332788944244385,0.3097259998321533,0.33014702796936035,0.3794560432434082,0.23176002502441406
0.24	GEE	0.010365962982177734,0.011188030242919922,0.010415315628051758,0.01046299934387207,0.010404825210571289,0.010342121124267578,0.010612964630126953,0.010483026504516602,0.010369062423706055,0.010442018508911133,0.010812997817993164,0.010361194610595703,0.01023101806640625,0.010376930236816406,0.010382652282714844,0.010699033737182617,0.01039576530456543,0.010461807250976562,0.010325908660888672,0.010425806045532227,0.010242938995361328,0.010286092758178711,0.010504961013793945,0.01059412956237793,0.010747194290161133,0.010649919509887695,0.010493993759155273,0.010344982147216797,0.010582208633422852,0.010467052459716797,0.010615110397338867,0.010498046875,0.010601997375488281,0.010705232620239258,0.010325908660888672,0.010388851165771484,0.010596036911010742,0.01031184196472168,0.010754823684692383,0.010379791259765625,0.010530948638916016,0.010345220565795898,0.010519981384277344,0.010478973388671875,0.010474681854248047,0.010519027709960938,0.010981082916259766,0.010728120803833008,0.010514259338378906,0.010869026184082031,0.010317802429199219,0.011072874069213867,0.010405302047729492,0.010515928268432617,0.010760068893432617,0.010404825210571289,0.011137008666992188,0.010581016540527344,0.010640144348144531,0.010873079299926758,0.010528087615966797,0.010776042938232422,0.010441064834594727,0.010225057601928711,0.010830163955688477,0.010475873947143555,0.011111021041870117,0.01056981086730957,0.010498762130737305,0.011044979095458984,0.01056981086730957,0.010714054107666016,0.01044011116027832,0.01094198226928711,0.010734081268310547,0.010589838027954102,0.010741949081420898,0.010420083999633789,0.010439872741699219,0.010699987411499023,0.010251045227050781,0.010976076126098633,0.010744094848632812,0.010431051254272461,0.011072874069213867,0.010553836822509766,0.01116180419921875,0.010274887084960938,0.010320901870727539,0.010951042175292969,0.010457277297973633,0.011114120483398438,0.010887861251831055,0.010492086410522461,0.011725187301635742,0.010483980178833008,0.011021137237548828,0.010606765747070312,0.01109004020690918,0.01058197021484375,0.0108489990234375,0.01094508171081543,0.010748863220214844,0.010416984558105469,0.010915040969848633,0.01046609878540039,0.010733842849731445,0.010915040969848633,0.01092982292175293,0.010915994644165039,0.010441064834594727,0.010339021682739258,0.011499881744384766,0.010679006576538086,0.010738849639892578,0.010751962661743164,0.01077723503112793,0.010838031768798828,0.010948896408081055,0.010762214660644531,0.010571718215942383,0.010965108871459961,0.011224985122680664,0.010392904281616211,0.010730981826782227,0.010777950286865234,0.010730981826782227,0.011029958724975586,0.010820150375366211,0.01114797592163086,0.010946989059448242,0.011306047439575195,0.011307716369628906,0.011243820190429688,0.010533809661865234,0.010885000228881836,0.010913848876953125,0.010370016098022461,0.010965824127197266,0.011157035827636719,0.01076197624206543,0.010870218276977539,0.010822057723999023,0.010640144348144531,0.011087894439697266,0.011110067367553711,0.010789871215820312,0.010912179946899414,0.010515928268432617,0.01098179817199707,0.010868072509765625,0.010551929473876953,0.010572195053100586,0.010690927505493164,0.010518074035644531,0.010930776596069336,0.01105809211730957,0.010526895523071289,0.010502099990844727,0.010761022567749023,0.01045680046081543,0.011197090148925781,0.010947942733764648,0.010308027267456055,0.010895013809204102,0.010705947875976562,0.011008024215698242,0.010703802108764648,0.010877132415771484,0.010818719863891602,0.010531902313232422,0.010374784469604492,0.011152029037475586,0.010557174682617188,0.010246992111206055,0.010962963104248047,0.010331153869628906,0.010574102401733398,0.011720895767211914,0.010352134704589844,0.010812759399414062,0.010622024536132812,0.010399103164672852,0.010854005813598633,0.010862112045288086,0.010920047760009766,0.010760068893432617,0.010795116424560547,0.010827064514160156,0.010787725448608398,0.011004924774169922,0.01055908203125,0.010457992553710938,0.010476112365722656,0.011158943176269531,0.011085033416748047,0.010863304138183594,0.010804891586303711,0.01023101806640625,0.010720014572143555
0.24	GNN	0.41486215591430664,0.38018298149108887,0.29114294052124023,0.27385807037353516,0.30011606216430664,0.28360486030578613,0.25237298011779785,0.24028897285461426,0.310060977935791,0.2713031768798828,0.25246095657348633,0.4479811191558838,0.2626469135284424,0.24961185455322266,0.24856209754943848,0.23451900482177734,0.26162290573120117,0.24549388885498047,0.2528040409088135,0.22985196113586426,0.44599127769470215,0.2478797435760498,0.4510762691497803,0.3225982189178467,0.3180549144744873,0.29401087760925293,0.2723391056060791,0.4553201198577881,0.2447190284729004,0.5398378372192383,0.2456960678100586,0.27620792388916016,0.3942859172821045,0.23654818534851074,0.27465391159057617,0.24168133735656738,0.2383129596710205,0.2639589309692383,0.26828598976135254,0.27044034004211426,0.2399890422821045,0.2809131145477295,0.25316572189331055,0.25350236892700195,0.2557978630065918,0.25948596000671387,0.2831289768218994,0.3292689323425293,0.4313352108001709,0.252000093460083,0.30525803565979004,0.26593804359436035,0.2557401657104492,0.31288981437683105,0.27147698402404785,0.262408971786499,0.26763105392456055,0.2618372440338135,0.23662304878234863,0.2924988269805908,0.3761160373687744,0.2661769390106201,0.2584960460662842,0.2808699607849121,0.24028301239013672,0.35461878776550293,0.24547410011291504,0.3641641139984131,0.2609541416168213,0.2571749687194824,0.2608921527862549,0.2613387107849121,0.271406888961792,0.3578319549560547,0.2531769275665283,0.2666001319885254,0.2904202938079834,0.47751379013061523,0.298612117767334,0.28076696395874023,0.23629999160766602,0.4716942310333252,0.35816121101379395,0.27231621742248535,0.3797891139984131,0.27074503898620605,0.2591111660003662,0.23196196556091309,0.23540782928466797,0.2515888214111328,0.24146199226379395,0.26702404022216797,0.23239469528198242,0.2266371250152588,0.2793238162994385,0.22997307777404785,0.25568580627441406,0.3669240474700928,0.2309589385986328,0.2776319980621338,0.269895076751709,0.23819208145141602,0.24908900260925293,0.4284381866455078,0.28818297386169434,0.41623711585998535,0.27164292335510254,0.2505829334259033,0.28122901916503906,0.26378798484802246,0.26589298248291016,0.2945547103881836,0.25153303146362305,0.35545897483825684,0.26367688179016113,0.25531721115112305,0.25728797912597656,0.3215920925140381,0.27349114418029785,0.2437880039215088,0.27643513679504395,0.2348158359527588,0.2591428756713867,0.28420305252075195,0.27431797981262207,0.2641599178314209,0.2636101245880127,0.25691819190979004,0.2646632194519043,0.33692193031311035,0.28798890113830566,0.3156459331512451,0.22832989692687988,0.2232670783996582,0.2783811092376709,0.2617912292480469,0.2575349807739258,0.4447507858276367,0.26360225677490234,0.26507115364074707,0.2382211685180664,0.27458715438842773,0.30069804191589355,0.3251488208770752,0.28132200241088867,0.3145029544830322,0.4685099124908447,0.27875733375549316,0.25691699981689453,0.2753281593322754,0.3587789535522461,0.2575409412384033,0.39223194122314453,0.3265688419342041,0.3240020275115967,0.3259859085083008,0.3218410015106201,0.25391674041748047,0.23676681518554688,0.2861309051513672,0.2531471252441406,0.34337401390075684,0.2712540626525879,0.2528371810913086,0.3331770896911621,0.22771811485290527,0.29192495346069336,0.26259613037109375,0.26103901863098145,0.23587679862976074,0.40865015983581543,0.2616541385650635,0.2979567050933838,0.24330997467041016,0.31829309463500977,0.4509861469268799,0.2792398929595947,0.23858976364135742,0.2387552261352539,0.380169153213501,0.24102187156677246,0.2870311737060547,0.26282596588134766,0.25536608695983887,0.3303232192993164,0.27930402755737305,0.3270738124847412,0.2858469486236572,0.4978299140930176,0.30939793586730957,0.45182323455810547,0.2387850284576416,0.3138010501861572,0.24960589408874512,0.4200270175933838,0.4174799919128418,0.23630118370056152,0.2866802215576172,0.39917802810668945,0.23927593231201172
0.24	GG	0.5980648994445801,0.2746577262878418,0.43132901191711426,0.2971611022949219,0.22603583335876465,0.2380690574645996,0.4030039310455322,0.2248990535736084,0.26082491874694824,0.4992060661315918,0.5371849536895752,0.6885819435119629,0.2990877628326416,0.25283098220825195,0.41249895095825195,0.2774810791015625,0.24719786643981934,0.5391519069671631,0.22782325744628906,0.3155961036682129,0.5037541389465332,0.22619891166687012,0.48917293548583984,0.4124138355255127,0.24860286712646484,0.5028719902038574,0.5062148571014404,0.22775983810424805,0.2236928939819336,0.29053211212158203,0.30118870735168457,0.40871191024780273,0.22902894020080566,0.22615289688110352,0.38349175453186035,0.2798469066619873,0.4437990188598633,0.2263648509979248,0.31697583198547363,0.34491991996765137,0.41832804679870605,0.32955002784729004,0.22469711303710938,0.24584603309631348,0.3294410705566406,0.25975608825683594,0.41399073600769043,0.3241569995880127,0.2854611873626709,0.5000801086425781,0.22591400146484375,0.4460909366607666,0.2280728816986084,0.2263321876525879,0.4683809280395508,0.2682838439941406,0.5954890251159668,0.48212409019470215,0.38260793685913086,0.2409226894378662,0.2288529872894287,0.2229599952697754,0.2736799716949463,0.5850212574005127,0.3285329341888428,0.3721351623535156,0.4923360347747803,0.48644185066223145,0.6134309768676758,0.2941288948059082,0.22085118293762207,0.2966930866241455,0.45871901512145996,0.24413394927978516,0.2511720657348633,0.3812599182128906,0.5220217704772949,0.22998595237731934,0.2790231704711914,0.2833430767059326,0.22718310356140137,0.24928903579711914,0.26757240295410156,0.6417069435119629,0.2559969425201416,0.35490918159484863,0.22346997261047363,0.43947386741638184,0.9111549854278564,0.4525492191314697,0.3359391689300537,0.2929651737213135,0.2458486557006836,0.3071601390838623,0.22427606582641602,0.43015122413635254,0.22435998916625977,0.2705962657928467,0.3279290199279785,0.22989606857299805,0.642535924911499,0.27860498428344727,0.22959494590759277,0.5301837921142578,0.5555629730224609,0.5665140151977539,0.28663110733032227,0.3129770755767822,0.22348332405090332,0.22653794288635254,0.3184361457824707,0.44610095024108887,0.514589786529541,0.37189817428588867,0.22648906707763672,0.22683119773864746,0.22978997230529785,0.25705599784851074,0.237562894821167,0.48130106925964355,0.6243438720703125,0.2709319591522217,0.44402313232421875,0.3529379367828369,0.669166088104248,0.688035249710083,0.2263779640197754,0.22745895385742188,0.25127220153808594,0.440720796585083,0.26180505752563477,0.459108829498291,0.21320700645446777,0.2539331912994385,0.5187368392944336,0.48084402084350586,0.24909090995788574,0.24739289283752441,0.5965659618377686,0.33277297019958496,0.30676817893981934,0.4179537296295166,0.3897528648376465,0.35267114639282227,0.4813859462738037,0.35707902908325195,0.4540538787841797,0.5147912502288818,0.4282717704772949,0.5879249572753906,0.3828737735748291,0.25661492347717285,0.2294750213623047,0.23606395721435547,0.3685262203216553,0.6549680233001709,0.24541091918945312,0.5364022254943848,0.33420276641845703,0.27971792221069336,0.3504049777984619,0.41333913803100586,0.26005005836486816,0.3424859046936035,0.24298691749572754,0.23014402389526367,0.2929821014404297,0.4417738914489746,0.27153611183166504,0.3173549175262451,0.2920370101928711,0.4799690246582031,0.4310431480407715,0.3191068172454834,0.22357702255249023,0.36967015266418457,0.29700589179992676,0.2248671054840088,0.22716212272644043,0.37009525299072266,0.624147891998291,0.32175612449645996,0.288057804107666,0.2287309169769287,0.23193597793579102,0.44823479652404785,0.3400380611419678,0.33358001708984375,0.22935080528259277,0.48569607734680176,0.23132586479187012,0.2984809875488281,0.6371908187866211,0.2576932907104492,0.2851450443267822,0.2304990291595459,0.3757190704345703,0.5157167911529541,0.29935717582702637,0.22500371932983398
0.24	GG2	0.5980648994445801,0.2746577262878418,0.43132901191711426,0.2971611022949219,0.22603583335876465,0.2380690574645996,0.4030039310455322,0.2248990535736084,0.26082491874694824,0.4992060661315918,0.5371849536895752,0.6885819435119629,0.2990877628326416,0.25283098220825195,0.41249895095825195,0.2774810791015625,0.24719786643981934,0.5391519069671631,0.22782325744628906,0.3155961036682129,0.5037541389465332,0.22619891166687012,0.48917293548583984,0.4124138355255127,0.24860286712646484,0.5028719902038574,0.5062148571014404,0.22775983810424805,0.2236928939819336,0.29053211212158203,0.30118870735168457,0.40871191024780273,0.22902894020080566,0.22615289688110352,0.38349175453186035,0.2798469066619873,0.4437990188598633,0.2263648509979248,0.31697583198547363,0.34491991996765137,0.41832804679870605,0.32955002784729004,0.22469711303710938,0.24584603309631348,0.3294410705566406,0.25975608825683594,0.41399073600769043,0.3241569995880127,0.2854611873626709,0.5000801086425781,0.22591400146484375,0.4460909366607666,0.2280728816986084,0.2263321876525879,0.4683809280395508,0.2682838439941406,0.5954890251159668,0.48212409019470215,0.38260793685913086,0.2409226894378662,0.2288529872894287,0.2229599952697754,0.2736799716949463,0.5850212574005127,0.3285329341888428,0.3721351623535156,0.4923360347747803,0.48644185066223145,0.6134309768676758,0.2941288948059082,0.22085118293762207,0.2966930866241455,0.45871901512145996,0.24413394927978516,0.2511720657348633,0.3812599182128906,0.5220217704772949,0.22998595237731934,0.2790231704711914,0.2833430767059326,0.22718310356140137,0.24928903579711914,0.26757240295410156,0.6417069435119629,0.2559969425201416,0.35490918159484863,0.22346997261047363,0.43947386741638184,0.9111549854278564,0.4525492191314697,0.3359391689300537,0.2929651737213135,0.2458486557006836,0.3071601390838623,0.22427606582641602,0.43015122413635254,0.22435998916625977,0.2705962657928467,0.3279290199279785,0.22989606857299805,0.642535924911499,0.27860498428344727,0.22959494590759277,0.5301837921142578,0.5555629730224609,0.5665140151977539,0.28663110733032227,0.3129770755767822,0.22348332405090332,0.22653794288635254,0.3184361457824707,0.44610095024108887,0.514589786529541,0.37189817428588867,0.22648906707763672,0.22683119773864746,0.22978997230529785,0.25705599784851074,0.237562894821167,0.48130106925964355,0.6243438720703125,0.2709319591522217,0.44402313232421875,0.3529379367828369,0.669166088104248,0.688035249710083,0.2263779640197754,0.22745895385742188,0.25127220153808594,0.440720796585083,0.26180505752563477,0.459108829498291,0.21320700645446777,0.2539331912994385,0.5187368392944336,0.48084402084350586,0.24909090995788574,0.24739289283752441,0.5965659618377686,0.33277297019958496,0.30676817893981934,0.4179537296295166,0.3897528648376465,0.35267114639282227,0.4813859462738037,0.35707902908325195,0.4540538787841797,0.5147912502288818,0.4282717704772949,0.5879249572753906,0.3828737735748291,0.25661492347717285,0.2294750213623047,0.23606395721435547,0.3685262203216553,0.6549680233001709,0.24541091918945312,0.5364022254943848,0.33420276641845703,0.27971792221069336,0.3504049777984619,0.41333913803100586,0.26005005836486816,0.3424859046936035,0.24298691749572754,0.23014402389526367,0.2929821014404297,0.4417738914489746,0.27153611183166504,0.3173549175262451,0.2920370101928711,0.4799690246582031,0.4310431480407715,0.3191068172454834,0.22357702255249023,0.36967015266418457,0.29700589179992676,0.2248671054840088,0.22716212272644043,0.37009525299072266,0.624147891998291,0.32175612449645996,0.288057804107666,0.2287309169769287,0.23193597793579102,0.44823479652404785,0.3400380611419678,0.33358001708984375,0.22935080528259277,0.48569607734680176,0.23132586479187012,0.2984809875488281,0.6371908187866211,0.2576932907104492,0.2851450443267822,0.2304990291595459,0.3757190704345703,0.5157167911529541,0.29935717582702637,0.22500371932983398
0.26	GEE	0.011061906814575195,0.011569976806640625,0.011046171188354492,0.011118173599243164,0.011234045028686523,0.011396169662475586,0.011606931686401367,0.011232852935791016,0.011198997497558594,0.011374235153198242,0.011122941970825195,0.011174917221069336,0.011349201202392578,0.011110305786132812,0.011334896087646484,0.011023998260498047,0.011387109756469727,0.011452198028564453,0.011201858520507812,0.01108098030090332,0.011322975158691406,0.011450052261352539,0.011269092559814453,0.011183977127075195,0.011358022689819336,0.011078834533691406,0.011424064636230469,0.010979890823364258,0.011569976806640625,0.011185884475708008,0.010957002639770508,0.011178970336914062,0.011074066162109375,0.011201858520507812,0.011245012283325195,0.011098861694335938,0.011186838150024414,0.01108407974243164,0.011366128921508789,0.01120305061340332,0.011090993881225586,0.011330842971801758,0.01148223876953125,0.011342048645019531,0.01121830940246582,0.011120796203613281,0.011222124099731445,0.011071205139160156,0.011425971984863281,0.01137399673461914,0.011183977127075195,0.011456966400146484,0.011111974716186523,0.011262178421020508,0.011448860168457031,0.011297941207885742,0.011583805084228516,0.01141977310180664,0.011083126068115234,0.011415958404541016,0.011355161666870117,0.011029958724975586,0.011075973510742188,0.01111602783203125,0.011081933975219727,0.011359930038452148,0.011098861694335938,0.010974407196044922,0.01096200942993164,0.011126041412353516,0.011039018630981445,0.011155366897583008,0.011443138122558594,0.011092901229858398,0.011157751083374023,0.011183977127075195,0.011083126068115234,0.01118326187133789,0.011514902114868164,0.01137685775756836,0.01111602783203125,0.011229991912841797,0.011126041412353516,0.011416196823120117,0.010976076126098633,0.011141061782836914,0.011668920516967773,0.011072158813476562,0.011366128921508789,0.011157035827636719,0.011204242706298828,0.011308670043945312,0.011063098907470703,0.011096000671386719,0.011621713638305664,0.011236906051635742,0.011368036270141602,0.011404991149902344,0.011457204818725586,0.011275053024291992,0.011605978012084961,0.011275053024291992,0.01129293441772461,0.011015892028808594,0.01140904426574707,0.011132955551147461,0.011369943618774414,0.011706113815307617,0.011300802230834961,0.011494159698486328,0.011461734771728516,0.011561870574951172,0.011471748352050781,0.01139378547668457,0.011517047882080078,0.011272907257080078,0.011186838150024414,0.011185884475708008,0.011218070983886719,0.011140823364257812,0.011558055877685547,0.011544227600097656,0.010987997055053711,0.011216163635253906,0.011334896087646484,0.011412858963012695,0.011678934097290039,0.011138916015625,0.011356115341186523,0.011673927307128906,0.010766744613647461,0.011505126953125,0.01178884506225586,0.01127004623413086,0.01149296760559082,0.011604070663452148,0.01139211654663086,0.011553764343261719,0.01117396354675293,0.011146068572998047,0.01145482063293457,0.011209964752197266,0.011201143264770508,0.011374235153198242,0.011193990707397461,0.01141667366027832,0.01131582260131836,0.011461019515991211,0.011502981185913086,0.011094093322753906,0.011493682861328125,0.011292219161987305,0.011162042617797852,0.011596202850341797,0.011569976806640625,0.011433839797973633,0.011311054229736328,0.011297941207885742,0.011451959609985352,0.011646032333374023,0.011473894119262695,0.011287689208984375,0.011511087417602539,0.01111602783203125,0.011527061462402344,0.011064767837524414,0.011486053466796875,0.011197805404663086,0.011277198791503906,0.011688947677612305,0.011467933654785156,0.01143503189086914,0.011434793472290039,0.011161088943481445,0.011445045471191406,0.011400222778320312,0.011222124099731445,0.011374950408935547,0.01134181022644043,0.011132001876831055,0.011574029922485352,0.011443853378295898,0.01106405258178711,0.011681079864501953,0.011244058609008789,0.011353015899658203,0.011168956756591797,0.011184215545654297,0.011482954025268555,0.011545181274414062,0.011567831039428711,0.011432886123657227,0.01128077507019043,0.011636018753051758,0.011506319046020508,0.011393070220947266,0.011406898498535156,0.011168718338012695,0.011255025863647461,0.011630058288574219
0.26	GNN	0.2450239658355713,0.23386311531066895,0.2650909423828125,0.3149130344390869,0.26822400093078613,0.32280874252319336,0.24457812309265137,0.2437119483947754,0.2631716728210449,0.25472307205200195,0.29862499237060547,0.2521517276763916,0.2743241786956787,0.2371211051940918,0.24799084663391113,0.26692724227905273,0.26413583755493164,0.2804989814758301,0.2468860149383545,0.4345128536224365,0.2708699703216553,0.24641108512878418,0.24655508995056152,0.22895193099975586,0.2650322914123535,0.294266939163208,0.37383294105529785,0.3720560073852539,0.25783777236938477,0.27165722846984863,0.2764468193054199,0.34243297576904297,0.243452787399292,0.26781272888183594,0.24421906471252441,0.25956201553344727,0.315201997756958,0.3369762897491455,0.35782909393310547,0.2604186534881592,0.2775568962097168,0.26272106170654297,0.2698709964752197,0.2720808982849121,0.3335099220275879,0.24407291412353516,0.25864386558532715,0.31926989555358887,0.302156925201416,0.2905750274658203,0.279677152633667,0.2517261505126953,0.2634119987487793,0.3280787467956543,0.256669282913208,0.33534789085388184,0.24660301208496094,0.25452303886413574,0.2548549175262451,0.28186583518981934,0.2468879222869873,0.323195219039917,0.26377010345458984,0.2561800479888916,0.2482929229736328,0.2868671417236328,0.26233506202697754,0.40614795684814453,0.2709670066833496,0.5230958461761475,0.28693413734436035,0.24301695823669434,0.2594740390777588,0.2890779972076416,0.2550160884857178,0.35204386711120605,0.3757171630859375,0.32811808586120605,0.39957189559936523,0.23010706901550293,0.33610105514526367,0.24797892570495605,0.24161195755004883,0.36626291275024414,0.3732290267944336,0.26763105392456055,0.306102991104126,0.40288305282592773,0.2630441188812256,0.43206095695495605,0.23834919929504395,0.257861852645874,0.24744486808776855,0.2713589668273926,0.2606542110443115,0.3192429542541504,0.34370899200439453,0.2571752071380615,0.361968994140625,0.4034311771392822,0.27089405059814453,0.28119707107543945,0.306628942489624,0.25836181640625,0.25260186195373535,0.2585928440093994,0.35968017578125,0.2585279941558838,0.2540888786315918,0.2880868911743164,0.27075695991516113,0.23551201820373535,0.26590514183044434,0.25607895851135254,0.2642519474029541,0.24593877792358398,0.26041603088378906,0.3119008541107178,0.27107691764831543,0.39276623725891113,0.37902379035949707,0.24857687950134277,0.3060941696166992,0.2763671875,0.33488941192626953,0.2713282108306885,0.4250979423522949,0.2679932117462158,0.37409305572509766,0.3216371536254883,0.34043288230895996,0.2678511142730713,0.25154733657836914,0.5043220520019531,0.26065683364868164,0.27420592308044434,0.2598390579223633,0.27182674407958984,0.2784438133239746,0.26996302604675293,0.24785089492797852,0.3276641368865967,0.4933192729949951,0.28378796577453613,0.2513599395751953,0.24007916450500488,0.2946510314941406,0.25136899948120117,0.3575301170349121,0.3327159881591797,0.26638102531433105,0.3298630714416504,0.27895307540893555,0.24564099311828613,0.3046081066131592,0.25934696197509766,0.36311888694763184,0.4484877586364746,0.2540760040283203,0.2914700508117676,0.2714829444885254,0.2788407802581787,0.3704240322113037,0.2675478458404541,0.26541686058044434,0.2810220718383789,0.38036608695983887,0.2616269588470459,0.5621898174285889,0.24455785751342773,0.3527090549468994,0.2766387462615967,0.2518031597137451,0.2516601085662842,0.30300092697143555,0.2271130084991455,0.2522752285003662,0.25133299827575684,0.2647871971130371,0.24571013450622559,0.321044921875,0.24555492401123047,0.3493387699127197,0.23205924034118652,0.27541613578796387,0.2608489990234375,0.3856377601623535,0.32221269607543945,0.27594971656799316,0.27019190788269043,0.2891819477081299,0.2509188652038574,0.27501583099365234,0.3007349967956543,0.34680867195129395,0.42247700691223145,0.2828059196472168,0.35474300384521484,0.2759401798248291,0.3060951232910156
0.26	GG	0.2950108051300049,0.36394381523132324,0.3974173069000244,0.3947889804840088,0.36541008949279785,0.2535688877105713,0.23180794715881348,0.2286379337310791,0.3932478427886963,0.6399879455566406,0.47075510025024414,0.36174798011779785,0.31063389778137207,0.31559109687805176,0.6338748931884766,0.2292180061340332,0.3186471462249756,0.23144221305847168,0.34318017959594727,0.5492339134216309,0.4388580322265625,0.345782995223999,0.42122721672058105,0.26834797859191895,0.27016305923461914,0.41593503952026367,0.4778711795806885,0.2740170955657959,0.35745787620544434,0.33214616775512695,0.2287149429321289,0.5424909591674805,0.27924013137817383,0.32439684867858887,0.35753297805786133,0.23381400108337402,0.31333017349243164,0.4551889896392822,0.33873796463012695,0.3898441791534424,0.8765368461608887,0.26340293884277344,0.2994801998138428,0.23155593872070312,0.27447509765625,0.3355410099029541,0.47461390495300293,0.2657451629638672,0.2390599250793457,0.27922606468200684,0.5141630172729492,0.37201404571533203,0.2286078929901123,0.41956496238708496,0.6623020172119141,0.5140538215637207,0.33814334869384766,0.3937709331512451,0.23248910903930664,0.3935658931732178,0.47464704513549805,0.3208026885986328,0.2542428970336914,0.3955349922180176,0.3601212501525879,0.26454687118530273,0.46358513832092285,0.5265448093414307,0.5989599227905273,0.37825894355773926,0.25399279594421387,0.24855971336364746,0.2617068290710449,0.23054099082946777,0.22884202003479004,0.24598407745361328,0.6521520614624023,0.2655367851257324,0.3144540786743164,0.3476259708404541,0.2946951389312744,0.48250699043273926,0.43007421493530273,0.36446595191955566,0.2816801071166992,0.3662071228027344,0.23196911811828613,0.23464107513427734,0.35730791091918945,0.2514491081237793,0.4566831588745117,0.27083587646484375,0.23086905479431152,0.2510960102081299,0.463820219039917,0.549370288848877,0.3170139789581299,0.2714691162109375,0.22987890243530273,0.22990703582763672,0.44065093994140625,0.3626978397369385,0.3155677318572998,0.2926030158996582,0.5076572895050049,0.2710702419281006,0.2637951374053955,0.26078009605407715,0.300137996673584,0.22758102416992188,0.5054879188537598,0.6381981372833252,0.6844639778137207,0.48966121673583984,0.23367881774902344,0.3678760528564453,0.2870461940765381,0.22870230674743652,0.26839303970336914,0.24018287658691406,0.5231969356536865,0.23405694961547852,0.39516782760620117,0.4619920253753662,0.753669023513794,0.5602271556854248,0.23389625549316406,0.23729419708251953,0.2832210063934326,0.22852611541748047,0.2979109287261963,0.49742698669433594,0.2285137176513672,0.3045170307159424,0.457064151763916,0.6803839206695557,0.5421178340911865,0.4752509593963623,0.3229372501373291,0.5020749568939209,0.640002965927124,0.22574591636657715,0.37339305877685547,0.23166203498840332,0.4707190990447998,0.3672678470611572,0.4084329605102539,0.30868077278137207,0.2538487911224365,0.32195281982421875,0.26421689987182617,0.2357010841369629,0.22906923294067383,0.26384592056274414,0.5137250423431396,0.48926806449890137,0.5792069435119629,0.2581920623779297,0.3716580867767334,0.30497097969055176,0.2729809284210205,0.3095359802246094,0.2287759780883789,0.3203608989715576,0.22866606712341309,0.33907008171081543,0.2262418270111084,0.43932175636291504,0.2928450107574463,0.3785731792449951,0.2305748462677002,0.22612595558166504,0.31363701820373535,0.3582601547241211,0.27276611328125,0.22745490074157715,0.2987060546875,0.3918750286102295,0.23336076736450195,0.22740721702575684,0.5335502624511719,0.23005390167236328,0.437755823135376,0.42352890968322754,0.4464077949523926,0.24545693397521973,0.2832670211791992,0.2671041488647461,0.3646211624145508,0.22516798973083496,0.2338869571685791,0.40334367752075195,0.3406240940093994,0.34512829780578613,0.23008012771606445,0.33063817024230957,0.4772982597351074,0.6934421062469482,0.6437370777130127,0.25350403785705566
0.26	GG2	0.2950108051300049,0.36394381523132324,0.3974173069000244,0.3947889804840088,0.36541008949279785,0.2535688877105713,0.23180794715881348,0.2286379337310791,0.3932478427886963,0.6399879455566406,0.47075510025024414,0.36174798011779785,0.31063389778137207,0.31559109687805176,0.6338748931884766,0.2292180061340332,0.3186471462249756,0.23144221305847168,0.34318017959594727,0.5492339134216309,0.4388580322265625,0.345782995223999,0.42122721672058105,0.26834797859191895,0.27016305923461914,0.41593503952026367,0.4778711795806885,0.2740170955657959,0.35745787620544434,0.33214616775512695,0.2287149429321289,0.5424909591674805,0.27924013137817383,0.32439684867858887,0.35753297805786133,0.23381400108337402,0.31333017349243164,0.4551889896392822,0.33873796463012695,0.3898441791534424,0.8765368461608887,0.26340293884277344,0.2994801998138428,0.23155593872070312,0.27447509765625,0.3355410099029541,0.47461390495300293,0.2657451629638672,0.2390599250793457,0.27922606468200684,0.5141630172729492,0.37201404571533203,0.2286078929901123,0.41956496238708496,0.6623020172119141,0.5140538215637207,0.33814334869384766,0.3937709331512451,0.23248910903930664,0.3935658931732178,0.47464704513549805,0.3208026885986328,0.2542428970336914,0.3955349922180176,0.3601212501525879,0.26454687118530273,0.46358513832092285,0.5265448093414307,0.5989599227905273,0.37825894355773926,0.25399279594421387,0.24855971336364746,0.2617068290710449,0.23054099082946777,0.22884202003479004,0.24598407745361328,0.6521520614624023,0.2655367851257324,0.3144540786743164,0.3476259708404541,0.2946951389312744,0.48250699043273926,0.43007421493530273,0.36446595191955566,0.2816801071166992,0.3662071228027344,0.23196911811828613,0.23464107513427734,0.35730791091918945,0.2514491081237793,0.4566831588745117,0.27083587646484375,0.23086905479431152,0.2510960102081299,0.463820219039917,0.549370288848877,0.3170139789581299,0.2714691162109375,0.22987890243530273,0.22990703582763672,0.44065093994140625,0.3626978397369385,0.3155677318572998,0.2926030158996582,0.5076572895050049,0.2710702419281006,0.2637951374053955,0.26078009605407715,0.300137996673584,0.22758102416992188,0.5054879188537598,0.6381981372833252,0.6844639778137207,0.48966121673583984,0.23367881774902344,0.3678760528564453,0.2870461940765381,0.22870230674743652,0.26839303970336914,0.24018287658691406,0.5231969356536865,0.23405694961547852,0.39516782760620117,0.4619920253753662,0.753669023513794,0.5602271556854248,0.23389625549316406,0.23729419708251953,0.2832210063934326,0.22852611541748047,0.2979109287261963,0.49742698669433594,0.2285137176513672,0.3045170307159424,0.457064151763916,0.6803839206695557,0.5421178340911865,0.4752509593963623,0.3229372501373291,0.5020749568939209,0.640002965927124,0.22574591636657715,0.37339305877685547,0.23166203498840332,0.4707190990447998,0.3672678470611572,0.4084329605102539,0.30868077278137207,0.2538487911224365,0.32195281982421875,0.26421689987182617,0.2357010841369629,0.22906923294067383,0.26384592056274414,0.5137250423431396,0.48926806449890137,0.5792069435119629,0.2581920623779297,0.3716580867767334,0.30497097969055176,0.2729809284210205,0.3095359802246094,0.2287759780883789,0.3203608989715576,0.22866606712341309,0.33907008171081543,0.2262418270111084,0.43932175636291504,0.2928450107574463,0.3785731792449951,0.2305748462677002,0.22612595558166504,0.31363701820373535,0.3582601547241211,0.27276611328125,0.22745490074157715,0.2987060546875,0.3918750286102295,0.23336076736450195,0.22740721702575684,0.5335502624511719,0.23005390167236328,0.437755823135376,0.42352890968322754,0.4464077949523926,0.24545693397521973,0.2832670211791992,0.2671041488647461,0.3646211624145508,0.22516798973083496,0.2338869571685791,0.40334367752075195,0.3406240940093994,0.34512829780578613,0.23008012771606445,0.33063817024230957,0.4772982597351074,0.6934421062469482,0.6437370777130127,0.25350403785705566
0.28	GEE	0.010882139205932617,0.011433124542236328,0.010959148406982422,0.010918140411376953,0.010917186737060547,0.011207103729248047,0.011041879653930664,0.011014223098754883,0.011063098907470703,0.01069188117980957,0.011347055435180664,0.011128902435302734,0.010905027389526367,0.011214733123779297,0.010989665985107422,0.01102900505065918,0.010966062545776367,0.010889291763305664,0.010755062103271484,0.010944128036499023,0.01126241683959961,0.010788202285766602,0.011162996292114258,0.010916948318481445,0.010987043380737305,0.011087894439697266,0.011324882507324219,0.011140823364257812,0.011177778244018555,0.010968923568725586,0.011024713516235352,0.011091232299804688,0.01091909408569336,0.010890007019042969,0.010902881622314453,0.011068105697631836,0.011057853698730469,0.011008977890014648,0.011130809783935547,0.010766029357910156,0.010666847229003906,0.011066198348999023,0.0109710693359375,0.011294126510620117,0.010959148406982422,0.01083993911743164,0.01134800910949707,0.01105189323425293,0.010990142822265625,0.011353015899658203,0.010915279388427734,0.011214971542358398,0.011068105697631836,0.011418819427490234,0.011417865753173828,0.010837793350219727,0.011106014251708984,0.011008977890014648,0.01093602180480957,0.011281251907348633,0.010944128036499023,0.011340141296386719,0.011181116104125977,0.011119842529296875,0.011049270629882812,0.011005163192749023,0.011219978332519531,0.01099085807800293,0.011149883270263672,0.010949134826660156,0.010911941528320312,0.011171102523803711,0.011125802993774414,0.010776042938232422,0.011140108108520508,0.010786056518554688,0.01139211654663086,0.010984182357788086,0.011024713516235352,0.011241912841796875,0.011058807373046875,0.010931968688964844,0.010910987854003906,0.010947942733764648,0.01098179817199707,0.011102914810180664,0.010876893997192383,0.011449098587036133,0.011055946350097656,0.011270761489868164,0.010916948318481445,0.011221170425415039,0.011043787002563477,0.011333942413330078,0.011337041854858398,0.011029958724975586,0.011060953140258789,0.011153936386108398,0.011182785034179688,0.011237859725952148,0.011043071746826172,0.010984182357788086,0.011487007141113281,0.010983943939208984,0.011542081832885742,0.011218070983886719,0.011622905731201172,0.01127004623413086,0.011507034301757812,0.011260032653808594,0.010907173156738281,0.011117935180664062,0.011108160018920898,0.011282205581665039,0.011249065399169922,0.011211872100830078,0.01105189323425293,0.011010885238647461,0.011104106903076172,0.01133108139038086,0.010954856872558594,0.011341094970703125,0.011064767837524414,0.01092386245727539,0.011164188385009766,0.010931968688964844,0.01162099838256836,0.011123895645141602,0.011028051376342773,0.01117396354675293,0.011052131652832031,0.011450052261352539,0.011117219924926758,0.011345863342285156,0.011155843734741211,0.011185884475708008,0.011507272720336914,0.01120305061340332,0.010977029800415039,0.011219024658203125,0.01120305061340332,0.01123499870300293,0.011021852493286133,0.01088404655456543,0.01143503189086914,0.011162996292114258,0.011522054672241211,0.011307954788208008,0.010894060134887695,0.011258125305175781,0.01085519790649414,0.01137995719909668,0.011195898056030273,0.010951995849609375,0.011158227920532227,0.01120615005493164,0.010886907577514648,0.011150836944580078,0.01104116439819336,0.01104116439819336,0.011109113693237305,0.011088848114013672,0.011239290237426758,0.011033058166503906,0.01105189323425293,0.010802030563354492,0.010982990264892578,0.011232137680053711,0.010893106460571289,0.010977745056152344,0.010899782180786133,0.011311054229736328,0.011396169662475586,0.01107931137084961,0.011276960372924805,0.011305809020996094,0.011275053024291992,0.01088094711303711,0.010960102081298828,0.011188983917236328,0.011241912841796875,0.011249065399169922,0.011190652847290039,0.010747194290161133,0.011520147323608398,0.01125192642211914,0.01151418685913086,0.011320114135742188,0.011016845703125,0.011319637298583984,0.01115107536315918,0.011160135269165039,0.01124882698059082,0.011142969131469727,0.011193990707397461,0.01134181022644043,0.011332035064697266,0.011116981506347656,0.011208057403564453,0.010949134826660156
0.28	GNN	0.3466498851776123,0.36369895935058594,0.36359715461730957,0.27390480041503906,0.2900197505950928,0.2652139663696289,0.26529788970947266,0.24315500259399414,0.2609741687774658,0.27286601066589355,0.24234580993652344,0.3367769718170166,0.2552478313446045,0.3029360771179199,0.31404805183410645,0.26305413246154785,0.2755148410797119,0.5754489898681641,0.23812294006347656,0.36098670959472656,0.26462578773498535,0.24259400367736816,0.247650146484375,0.23189187049865723,0.26987600326538086,0.409102201461792,0.25693702697753906,0.2859477996826172,0.24130797386169434,0.2615230083465576,0.3293178081512451,0.24369525909423828,0.23703289031982422,0.23174691200256348,0.2842080593109131,0.2544291019439697,0.26821231842041016,0.572990894317627,0.32766103744506836,0.2490837574005127,0.28310585021972656,0.2620880603790283,0.25423288345336914,0.2831108570098877,0.29360198974609375,0.3113441467285156,0.33426618576049805,0.3623390197753906,0.2669942378997803,0.26390695571899414,0.2828197479248047,0.2260129451751709,0.3355259895324707,0.3378312587738037,0.2567141056060791,0.2624058723449707,0.25252580642700195,0.3380560874938965,0.2642967700958252,0.3545689582824707,0.26405882835388184,0.27910900115966797,0.26091480255126953,0.29482007026672363,0.25948286056518555,0.3295779228210449,0.24803400039672852,0.3096907138824463,0.28360700607299805,0.3171360492706299,0.2890279293060303,0.24619126319885254,0.270143985748291,0.2543809413909912,0.27394914627075195,0.3381309509277344,0.2733633518218994,0.3638498783111572,0.2779421806335449,0.2623920440673828,0.24393177032470703,0.2727060317993164,0.26081371307373047,0.28496217727661133,0.2778310775756836,0.28052210807800293,0.25146985054016113,0.27071404457092285,0.24229001998901367,0.3678262233734131,0.3064417839050293,0.30214810371398926,0.3312370777130127,0.3994438648223877,0.26474905014038086,0.2966187000274658,0.257565975189209,0.3475048542022705,0.33530116081237793,0.27306580543518066,0.2615649700164795,0.24412870407104492,0.2766542434692383,0.33219003677368164,0.2598989009857178,0.25052905082702637,0.36337900161743164,0.31302523612976074,0.3510468006134033,0.28235316276550293,0.2775120735168457,0.3334178924560547,0.262876033782959,0.2605557441711426,0.2522449493408203,0.24992609024047852,0.25709009170532227,0.24845123291015625,0.25655412673950195,0.2633941173553467,0.5081000328063965,0.3674812316894531,0.2511448860168457,0.2481091022491455,0.3601341247558594,0.45658397674560547,0.26343202590942383,0.22745800018310547,0.272507905960083,0.2579200267791748,0.28169989585876465,0.2741711139678955,0.28990697860717773,0.25186800956726074,0.25421810150146484,0.5032150745391846,0.2593379020690918,0.2822587490081787,0.28245997428894043,0.2563321590423584,0.23748087882995605,0.25415611267089844,0.25098180770874023,0.5747427940368652,0.2644002437591553,0.28340888023376465,0.28047776222229004,0.2557089328765869,0.32598209381103516,0.2519223690032959,0.388761043548584,0.30145883560180664,0.24605202674865723,0.2548489570617676,0.22959494590759277,0.3541860580444336,0.3041348457336426,0.2629256248474121,0.2521028518676758,0.38706302642822266,0.2909963130950928,0.2607448101043701,0.255342960357666,0.33710598945617676,0.25278162956237793,0.2754631042480469,0.24581408500671387,0.28213000297546387,0.25469088554382324,0.265117883682251,0.2499980926513672,0.32537102699279785,0.32824230194091797,0.28389501571655273,0.3094501495361328,0.28740882873535156,0.2652430534362793,0.39818692207336426,0.32247281074523926,0.2379310131072998,0.2404029369354248,0.2683751583099365,0.2795429229736328,0.2957890033721924,0.3125450611114502,0.272946834564209,0.40813517570495605,0.26105594635009766,0.262908935546875,0.29232096672058105,0.26348304748535156,0.24299192428588867,0.2648940086364746,0.26416897773742676,0.28917813301086426,0.5139811038970947,0.3179893493652344,0.35007596015930176,0.31864213943481445,0.2919318675994873
0.28	GG	0.7119560241699219,0.3244132995605469,0.23231101036071777,0.32033729553222656,0.34340810775756836,0.2342078685760498,0.22705388069152832,0.3590221405029297,0.27994322776794434,0.29845380783081055,0.7024738788604736,0.2642199993133545,0.5282423496246338,0.2287158966064453,0.514955997467041,0.24039006233215332,0.4322671890258789,0.2648940086364746,0.25443196296691895,0.2347700595855713,0.22710132598876953,0.42218017578125,0.38130784034729004,0.45917487144470215,0.23203802108764648,0.37853097915649414,0.42809128761291504,0.23147010803222656,0.3474240303039551,0.3405160903930664,0.27174997329711914,0.38661885261535645,0.6659297943115234,0.2259070873260498,0.3293030261993408,0.22972583770751953,0.22994112968444824,0.38727879524230957,0.2938859462738037,0.22654509544372559,0.22971010208129883,0.415374755859375,0.2340090274810791,0.2977578639984131,0.3692970275878906,0.31120800971984863,0.37049078941345215,0.23003697395324707,0.22728180885314941,0.37047719955444336,0.39377784729003906,0.3252139091491699,0.3240821361541748,0.26269102096557617,0.4326450824737549,0.23009800910949707,0.23057270050048828,0.35488104820251465,0.2295238971710205,0.2277538776397705,0.24774980545043945,0.22762703895568848,0.22965502738952637,0.3620889186859131,0.36453700065612793,0.33749985694885254,0.4088900089263916,0.23152494430541992,0.5232250690460205,0.523392915725708,0.34221911430358887,0.45477795600891113,0.23671817779541016,0.228743314743042,0.22832894325256348,0.4368290901184082,0.46870899200439453,0.305513858795166,0.3456859588623047,0.3238687515258789,0.2303469181060791,0.3575270175933838,0.31501102447509766,0.4523029327392578,0.39740896224975586,0.38187170028686523,0.22890901565551758,0.3539469242095947,0.33730602264404297,0.22588109970092773,0.469743013381958,0.22764110565185547,0.46042513847351074,0.49980688095092773,0.2885282039642334,0.4525618553161621,0.23135590553283691,0.22944998741149902,0.4299452304840088,0.398317813873291,0.3886590003967285,0.28681206703186035,0.3213357925415039,0.2955777645111084,0.6931271553039551,0.35207295417785645,0.23315811157226562,0.2588059902191162,0.2506420612335205,0.22652792930603027,0.24807381629943848,0.32147216796875,0.30281901359558105,0.4201781749725342,0.5255212783813477,0.24318313598632812,0.22869300842285156,0.23668718338012695,0.3198270797729492,0.22682976722717285,0.44449591636657715,0.2259349822998047,0.26725006103515625,0.22897624969482422,0.30375123023986816,0.745765209197998,0.3380100727081299,0.2253429889678955,0.316270112991333,0.22956609725952148,0.3231077194213867,0.3020749092102051,0.24171113967895508,0.29093194007873535,0.4503300189971924,0.5022790431976318,0.3857090473175049,0.37123703956604004,0.2741670608520508,0.30436205863952637,0.5918138027191162,0.4427521228790283,0.38507795333862305,0.3913898468017578,0.22716093063354492,0.28255200386047363,0.2951529026031494,0.39073991775512695,0.22869491577148438,0.7036678791046143,0.46647119522094727,0.25702691078186035,0.23123717308044434,0.3431398868560791,0.346437931060791,0.4728860855102539,0.3880887031555176,0.227003812789917,0.2275559902191162,0.34915924072265625,0.29962992668151855,0.4836161136627197,0.29718494415283203,0.31688880920410156,0.2861931324005127,0.32077693939208984,0.4577662944793701,0.4531972408294678,0.33992600440979004,0.4588181972503662,0.3304471969604492,0.5012359619140625,0.5553710460662842,0.32204699516296387,0.3014400005340576,0.3779730796813965,0.418839693069458,0.3325049877166748,0.22330880165100098,0.22472000122070312,0.5727090835571289,0.22630882263183594,0.3415088653564453,0.22685885429382324,0.26508092880249023,0.612048864364624,0.3283379077911377,0.28647327423095703,0.2722198963165283,0.22519874572753906,0.22822928428649902,0.5024619102478027,0.36943888664245605,0.2689049243927002,0.23182916641235352,0.2868497371673584,0.33025074005126953,0.2501180171966553,0.31316423416137695,0.23045992851257324
0.28	GG2	0.7119560241699219,0.3244132995605469,0.23231101036071777,0.32033729553222656,0.34340810775756836,0.2342078685760498,0.22705388069152832,0.3590221405029297,0.27994322776794434,0.29845380783081055,0.7024738788604736,0.2642199993133545,0.5282423496246338,0.2287158966064453,0.514955997467041,0.24039006233215332,0.4322671890258789,0.2648940086364746,0.25443196296691895,0.2347700595855713,0.22710132598876953,0.42218017578125,0.38130784034729004,0.45917487144470215,0.23203802108764648,0.37853097915649414,0.42809128761291504,0.23147010803222656,0.3474240303039551,0.3405160903930664,0.27174997329711914,0.38661885261535645,0.6659297943115234,0.2259070873260498,0.3293030261993408,0.22972583770751953,0.22994112968444824,0.38727879524230957,0.2938859462738037,0.22654509544372559,0.22971010208129883,0.415374755859375,0.2340090274810791,0.2977578639984131,0.3692970275878906,0.31120800971984863,0.37049078941345215,0.23003697395324707,0.22728180885314941,0.37047719955444336,0.39377784729003906,0.3252139091491699,0.3240821361541748,0.26269102096557617,0.4326450824737549,0.23009800910949707,0.23057270050048828,0.35488104820251465,0.2295238971710205,0.2277538776397705,0.24774980545043945,0.22762703895568848,0.22965502738952637,0.3620889186859131,0.36453700065612793,0.33749985694885254,0.4088900089263916,0.23152494430541992,0.5232250690460205,0.523392915725708,0.34221911430358887,0.45477795600891113,0.23671817779541016,0.228743314743042,0.22832894325256348,0.4368290901184082,0.46870899200439453,0.305513858795166,0.3456859588623047,0.3238687515258789,0.2303469181060791,0.3575270175933838,0.31501102447509766,0.4523029327392578,0.39740896224975586,0.38187170028686523,0.22890901565551758,0.3539469242095947,0.33730602264404297,0.22588109970092773,0.469743013381958,0.22764110565185547,0.46042513847351074,0.49980688095092773,0.2885282039642334,0.4525618553161621,0.23135590553283691,0.22944998741149902,0.4299452304840088,0.398317813873291,0.3886590003967285,0.28681206703186035,0.3213357925415039,0.2955777645111084,0.6931271553039551,0.35207295417785645,0.23315811157226562,0.2588059902191162,0.2506420612335205,0.22652792930603027,0.24807381629943848,0.32147216796875,0.30281901359558105,0.4201781749725342,0.5255212783813477,0.24318313598632812,0.22869300842285156,0.23668718338012695,0.3198270797729492,0.22682976722717285,0.44449591636657715,0.2259349822998047,0.26725006103515625,0.22897624969482422,0.30375123023986816,0.745765209197998,0.3380100727081299,0.2253429889678955,0.316270112991333,0.22956609725952148,0.3231077194213867,0.3020749092102051,0.24171113967895508,0.29093194007873535,0.4503300189971924,0.5022790431976318,0.3857090473175049,0.37123703956604004,0.2741670608520508,0.30436205863952637,0.5918138027191162,0.4427521228790283,0.38507795333862305,0.3913898468017578,0.22716093063354492,0.28255200386047363,0.2951529026031494,0.39073991775512695,0.22869491577148438,0.7036678791046143,0.46647119522094727,0.25702691078186035,0.23123717308044434,0.3431398868560791,0.346437931060791,0.4728860855102539,0.3880887031555176,0.227003812789917,0.2275559902191162,0.34915924072265625,0.29962992668151855,0.4836161136627197,0.29718494415283203,0.31688880920410156,0.2861931324005127,0.32077693939208984,0.4577662944793701,0.4531972408294678,0.33992600440979004,0.4588181972503662,0.3304471969604492,0.5012359619140625,0.5553710460662842,0.32204699516296387,0.3014400005340576,0.3779730796813965,0.418839693069458,0.3325049877166748,0.22330880165100098,0.22472000122070312,0.5727090835571289,0.22630882263183594,0.3415088653564453,0.22685885429382324,0.26508092880249023,0.612048864364624,0.3283379077911377,0.28647327423095703,0.2722198963165283,0.22519874572753906,0.22822928428649902,0.5024619102478027,0.36943888664245605,0.2689049243927002,0.23182916641235352,0.2868497371673584,0.33025074005126953,0.2501180171966553,0.31316423416137695,0.23045992851257324
0.3	GEE	0.012099027633666992,0.011983156204223633,0.012302875518798828,0.012130022048950195,0.012140035629272461,0.012028932571411133,0.012685775756835938,0.012137889862060547,0.01234889030456543,0.012778997421264648,0.012331008911132812,0.012276887893676758,0.012372970581054688,0.012623071670532227,0.012083292007446289,0.012331962585449219,0.012578964233398438,0.012299776077270508,0.012231111526489258,0.012508392333984375,0.012128114700317383,0.01240396499633789,0.012596845626831055,0.012295007705688477,0.012643098831176758,0.012515783309936523,0.012462854385375977,0.011959075927734375,0.01256418228149414,0.01286005973815918,0.011986970901489258,0.012349843978881836,0.01255178451538086,0.012267112731933594,0.01253199577331543,0.01221013069152832,0.012686729431152344,0.01221919059753418,0.012486934661865234,0.012279033660888672,0.012862920761108398,0.012143135070800781,0.01215505599975586,0.01271200180053711,0.012400150299072266,0.012068033218383789,0.012128114700317383,0.012061834335327148,0.012223958969116211,0.012151002883911133,0.012580156326293945,0.01233530044555664,0.012095928192138672,0.012480974197387695,0.012674093246459961,0.012461662292480469,0.012379169464111328,0.012392044067382812,0.011974811553955078,0.012423992156982422,0.012095928192138672,0.013064146041870117,0.012613773345947266,0.012284994125366211,0.012909173965454102,0.012510061264038086,0.013126850128173828,0.012490987777709961,0.012351036071777344,0.012827873229980469,0.012319803237915039,0.012907028198242188,0.012197017669677734,0.012494087219238281,0.012749910354614258,0.012198925018310547,0.012314081192016602,0.012164831161499023,0.012586593627929688,0.012743949890136719,0.012414216995239258,0.013015031814575195,0.01239323616027832,0.012629985809326172,0.01292872428894043,0.012542247772216797,0.012557029724121094,0.012250661849975586,0.012239933013916016,0.012589216232299805,0.012084007263183594,0.012685775756835938,0.012495994567871094,0.01236581802368164,0.012537002563476562,0.012494087219238281,0.012935876846313477,0.012146949768066406,0.0122528076171875,0.012891054153442383,0.012275934219360352,0.01287698745727539,0.012573003768920898,0.012462854385375977,0.012929916381835938,0.012146949768066406,0.012704133987426758,0.012346029281616211,0.012504100799560547,0.012545108795166016,0.012138843536376953,0.012861967086791992,0.012601852416992188,0.01281428337097168,0.01260995864868164,0.01246190071105957,0.0128021240234375,0.01216888427734375,0.01271200180053711,0.012785911560058594,0.012579202651977539,0.012347936630249023,0.012530088424682617,0.013009071350097656,0.01228022575378418,0.012935161590576172,0.0126800537109375,0.012696027755737305,0.012957096099853516,0.012324094772338867,0.012288808822631836,0.013143062591552734,0.012436151504516602,0.012768983840942383,0.01263737678527832,0.012707710266113281,0.012776851654052734,0.012750864028930664,0.012813091278076172,0.012446880340576172,0.012609004974365234,0.012634038925170898,0.012853384017944336,0.013113021850585938,0.012725830078125,0.01220083236694336,0.013054847717285156,0.012924909591674805,0.012922048568725586,0.012644767761230469,0.012230873107910156,0.012792110443115234,0.012449979782104492,0.01218724250793457,0.012801170349121094,0.012874126434326172,0.012559175491333008,0.012334108352661133,0.01291799545288086,0.012551307678222656,0.012651920318603516,0.012670278549194336,0.012938976287841797,0.012317895889282227,0.01239013671875,0.012495040893554688,0.012633085250854492,0.012798070907592773,0.012857198715209961,0.01299285888671875,0.012422800064086914,0.012995004653930664,0.012737035751342773,0.01302790641784668,0.012381315231323242,0.012306928634643555,0.011916160583496094,0.012804985046386719,0.012329816818237305,0.012267827987670898,0.012833118438720703,0.012389898300170898,0.012257814407348633,0.013618946075439453,0.01279306411743164,0.012611865997314453,0.012185096740722656,0.012943029403686523,0.012682914733886719,0.01215505599975586,0.012748003005981445,0.012304067611694336,0.012714147567749023,0.012438058853149414,0.011981010437011719,0.012719154357910156,0.012488842010498047,0.012291908264160156,0.012598991394042969,0.012341022491455078
0.3	GNN	0.272615909576416,0.402911901473999,0.276777982711792,0.28091907501220703,0.2411789894104004,0.2626807689666748,0.27410221099853516,0.24849581718444824,0.25656700134277344,0.2982141971588135,0.334763765335083,0.248046875,0.2827270030975342,0.26804614067077637,0.26796483993530273,0.2559177875518799,0.3342909812927246,0.269542932510376,0.2552368640899658,0.29390406608581543,0.280914306640625,0.2531709671020508,0.36188697814941406,0.24581193923950195,0.2813892364501953,0.2618088722229004,0.2540268898010254,0.26962924003601074,0.3564028739929199,0.37801480293273926,0.2554607391357422,0.37353014945983887,0.2477738857269287,0.23950409889221191,0.2778170108795166,0.2672548294067383,0.3621809482574463,0.29529285430908203,0.2736201286315918,0.24868106842041016,0.25762104988098145,0.2763662338256836,0.26495885848999023,0.2672560214996338,0.2618272304534912,0.2525641918182373,0.31768012046813965,0.2582671642303467,0.3673553466796875,0.3053579330444336,0.23757100105285645,0.2623600959777832,0.254072904586792,0.2648801803588867,0.2869758605957031,0.2653372287750244,0.3065338134765625,0.37936997413635254,0.26090478897094727,0.2909278869628906,0.3379378318786621,0.32245564460754395,0.2820742130279541,0.2718672752380371,0.29866480827331543,0.28910112380981445,0.240692138671875,0.3366527557373047,0.29416489601135254,0.2894577980041504,0.24764704704284668,0.24855303764343262,0.24236011505126953,0.2824831008911133,0.2802119255065918,0.2522928714752197,0.31412672996520996,0.3104667663574219,0.41569995880126953,0.24472904205322266,0.315415620803833,0.29090213775634766,0.27497410774230957,0.4166128635406494,0.3683032989501953,0.2816462516784668,0.2644479274749756,0.2735328674316406,0.2642948627471924,0.2959611415863037,0.262249231338501,0.2886338233947754,0.2616231441497803,0.2708911895751953,0.2802450656890869,0.2938249111175537,0.2645878791809082,0.2765231132507324,0.26097583770751953,0.26677894592285156,0.35722899436950684,0.296828031539917,0.2866098880767822,0.35283827781677246,0.2642056941986084,0.2717256546020508,0.31458520889282227,0.29422998428344727,0.2800428867340088,0.26053667068481445,0.2695748805999756,0.3008580207824707,0.2652919292449951,0.29677414894104004,0.26816797256469727,0.26764607429504395,0.2955050468444824,0.2727811336517334,0.2612490653991699,0.2740919589996338,0.2627902030944824,0.3474390506744385,0.26294612884521484,0.298037052154541,0.31481099128723145,0.4524080753326416,0.33523130416870117,0.2808539867401123,0.2597188949584961,0.2815718650817871,0.35006213188171387,0.24692988395690918,0.2514979839324951,0.24811863899230957,0.2755601406097412,0.34545302391052246,0.2715568542480469,0.5059409141540527,0.2738223075866699,0.32685422897338867,0.3895111083984375,0.2796909809112549,0.28539276123046875,0.3127176761627197,0.23622822761535645,0.25180792808532715,0.28444981575012207,0.3342280387878418,0.2603168487548828,0.3576960563659668,0.2665219306945801,0.24250221252441406,0.33681416511535645,0.33008790016174316,0.23938894271850586,0.27466917037963867,0.29689908027648926,0.2813410758972168,0.25925707817077637,0.29783082008361816,0.2491779327392578,0.3173539638519287,0.3672189712524414,0.2808878421783447,0.26465296745300293,0.23560190200805664,0.27826690673828125,0.3245120048522949,0.2701911926269531,0.3029170036315918,0.2764260768890381,0.28793907165527344,0.3270399570465088,0.24860286712646484,0.3299839496612549,0.33006787300109863,0.2704589366912842,0.2562570571899414,0.2507820129394531,0.2703068256378174,0.34180283546447754,0.27884602546691895,0.26414990425109863,0.2805638313293457,0.2884490489959717,0.29383397102355957,0.27201318740844727,0.4170372486114502,0.28081321716308594,0.24801993370056152,0.6106507778167725,0.24790477752685547,0.27295398712158203,0.25635290145874023,0.29297709465026855,0.5278689861297607,0.25633811950683594,0.3554210662841797,0.28495121002197266,0.4273672103881836
0.3	GG	0.5458338260650635,0.27617716789245605,0.23384904861450195,0.5528082847595215,0.26041603088378906,0.29279184341430664,0.4874448776245117,0.23320817947387695,0.3808927536010742,0.4620640277862549,0.5787901878356934,0.38875699043273926,0.6034481525421143,0.2676980495452881,0.3549222946166992,0.2772040367126465,0.3915739059448242,0.2942650318145752,0.23925089836120605,0.5857930183410645,0.5052919387817383,0.41961121559143066,0.6367039680480957,0.646564245223999,0.2532637119293213,0.4003891944885254,0.40856409072875977,0.3253288269042969,0.43892884254455566,0.40269899368286133,0.38869404792785645,0.3860468864440918,0.311722993850708,0.34484004974365234,0.41994190216064453,0.23849964141845703,0.23535490036010742,0.32598209381103516,0.44532299041748047,0.7413330078125,0.6186399459838867,0.2400188446044922,0.2352297306060791,0.45545506477355957,0.2670249938964844,0.34643006324768066,0.5010323524475098,0.6028070449829102,0.24101018905639648,0.3395390510559082,0.45690011978149414,0.554879903793335,0.3455071449279785,0.5851941108703613,0.5693328380584717,0.4640049934387207,0.29346609115600586,0.23192071914672852,0.30968594551086426,0.23271918296813965,0.27790212631225586,0.31255602836608887,0.3312220573425293,0.2651858329772949,0.3524749279022217,0.356921911239624,0.42259812355041504,0.41938281059265137,0.7168529033660889,0.3948631286621094,0.26302289962768555,0.23766303062438965,0.3400998115539551,0.24856090545654297,0.2866799831390381,0.2564668655395508,0.4952399730682373,0.2844221591949463,0.38765525817871094,0.3629467487335205,0.47030019760131836,0.43946290016174316,0.4246859550476074,0.23334193229675293,0.27336597442626953,0.28273677825927734,0.36276674270629883,0.7200210094451904,0.49983882904052734,0.2797660827636719,0.6343519687652588,0.41689133644104004,0.33543920516967773,0.23994207382202148,0.511303186416626,0.32985496520996094,0.2787771224975586,0.4711799621582031,0.23468279838562012,0.3477590084075928,0.41478705406188965,0.7052807807922363,0.26955080032348633,0.40227389335632324,0.4241199493408203,0.38170504570007324,0.23653697967529297,0.6207709312438965,0.26128411293029785,0.2703208923339844,0.3840620517730713,0.2786271572113037,0.35262608528137207,0.23266291618347168,0.5364828109741211,0.4135408401489258,0.2365419864654541,0.23318982124328613,0.23432612419128418,0.3404548168182373,0.4131138324737549,0.23880815505981445,0.23588776588439941,0.40096378326416016,0.5054769515991211,0.6929888725280762,0.23711299896240234,0.49617695808410645,0.3051300048828125,0.6886951923370361,0.3244669437408447,0.2629539966583252,0.24257683753967285,0.3396117687225342,0.5383648872375488,0.5631790161132812,0.37101221084594727,0.3948018550872803,0.4184300899505615,0.3296990394592285,0.37703609466552734,0.38712406158447266,0.25676488876342773,0.30593204498291016,0.27346181869506836,0.3420400619506836,0.39614391326904297,0.41453099250793457,0.47074413299560547,0.31982898712158203,0.3556351661682129,0.2447972297668457,0.5108120441436768,0.2339329719543457,0.6149008274078369,0.5195739269256592,0.43000197410583496,0.24120807647705078,0.23236989974975586,0.4280660152435303,0.2415609359741211,0.4758889675140381,0.5294599533081055,0.29573726654052734,0.2602720260620117,0.3030998706817627,0.5504100322723389,0.44281721115112305,0.6691787242889404,0.46833086013793945,0.3678152561187744,0.27784013748168945,0.41934895515441895,0.5228359699249268,0.2503800392150879,0.2419419288635254,0.34330177307128906,0.4052460193634033,0.23208189010620117,0.40575695037841797,0.2579660415649414,0.23440003395080566,0.26353907585144043,0.23880434036254883,0.23613715171813965,0.34889984130859375,0.24410605430603027,0.2827789783477783,0.4500851631164551,0.35143399238586426,0.2947871685028076,0.2347109317779541,0.5161280632019043,0.3391993045806885,0.2570319175720215,0.4245460033416748,0.4647707939147949,0.4179058074951172,0.40075206756591797,0.2832760810852051
0.3	GG2	0.5458338260650635,0.27617716789245605,0.23384904861450195,0.5528082847595215,0.26041603088378906,0.29279184341430664,0.4874448776245117,0.23320817947387695,0.3808927536010742,0.4620640277862549,0.5787901878356934,0.38875699043273926,0.6034481525421143,0.2676980495452881,0.3549222946166992,0.2772040367126465,0.3915739059448242,0.2942650318145752,0.23925089836120605,0.5857930183410645,0.5052919387817383,0.41961121559143066,0.6367039680480957,0.646564245223999,0.2532637119293213,0.4003891944885254,0.40856409072875977,0.3253288269042969,0.43892884254455566,0.40269899368286133,0.38869404792785645,0.3860468864440918,0.311722993850708,0.34484004974365234,0.41994190216064453,0.23849964141845703,0.23535490036010742,0.32598209381103516,0.44532299041748047,0.7413330078125,0.6186399459838867,0.2400188446044922,0.2352297306060791,0.45545506477355957,0.2670249938964844,0.34643006324768066,0.5010323524475098,0.6028070449829102,0.24101018905639648,0.3395390510559082,0.45690011978149414,0.554879903793335,0.3455071449279785,0.5851941108703613,0.5693328380584717,0.4640049934387207,0.29346609115600586,0.23192071914672852,0.30968594551086426,0.23271918296813965,0.27790212631225586,0.31255602836608887,0.3312220573425293,0.2651858329772949,0.3524749279022217,0.356921911239624,0.42259812355041504,0.41938281059265137,0.7168529033660889,0.3948631286621094,0.26302289962768555,0.23766303062438965,0.3400998115539551,0.24856090545654297,0.2866799831390381,0.2564668655395508,0.4952399730682373,0.2844221591949463,0.38765525817871094,0.3629467487335205,0.47030019760131836,0.43946290016174316,0.4246859550476074,0.23334193229675293,0.27336597442626953,0.28273677825927734,0.36276674270629883,0.7200210094451904,0.49983882904052734,0.2797660827636719,0.6343519687652588,0.41689133644104004,0.33543920516967773,0.23994207382202148,0.511303186416626,0.32985496520996094,0.2787771224975586,0.4711799621582031,0.23468279838562012,0.3477590084075928,0.41478705406188965,0.7052807807922363,0.26955080032348633,0.40227389335632324,0.4241199493408203,0.38170504570007324,0.23653697967529297,0.6207709312438965,0.26128411293029785,0.2703208923339844,0.3840620517730713,0.2786271572113037,0.35262608528137207,0.23266291618347168,0.5364828109741211,0.4135408401489258,0.2365419864654541,0.23318982124328613,0.23432612419128418,0.3404548168182373,0.4131138324737549,0.23880815505981445,0.23588776588439941,0.40096378326416016,0.5054769515991211,0.6929888725280762,0.23711299896240234,0.49617695808410645,0.3051300048828125,0.6886951923370361,0.3244669437408447,0.2629539966583252,0.24257683753967285,0.3396117687225342,0.5383648872375488,0.5631790161132812,0.37101221084594727,0.3948018550872803,0.4184300899505615,0.3296990394592285,0.37703609466552734,0.38712406158447266,0.25676488876342773,0.30593204498291016,0.27346181869506836,0.3420400619506836,0.39614391326904297,0.41453099250793457,0.47074413299560547,0.31982898712158203,0.3556351661682129,0.2447972297668457,0.5108120441436768,0.2339329719543457,0.6149008274078369,0.5195739269256592,0.43000197410583496,0.24120807647705078,0.23236989974975586,0.4280660152435303,0.2415609359741211,0.4758889675140381,0.5294599533081055,0.29573726654052734,0.2602720260620117,0.3030998706817627,0.5504100322723389,0.44281721115112305,0.6691787242889404,0.46833086013793945,0.3678152561187744,0.27784013748168945,0.41934895515441895,0.5228359699249268,0.2503800392150879,0.2419419288635254,0.34330177307128906,0.4052460193634033,0.23208189010620117,0.40575695037841797,0.2579660415649414,0.23440003395080566,0.26353907585144043,0.23880434036254883,0.23613715171813965,0.34889984130859375,0.24410605430603027,0.2827789783477783,0.4500851631164551,0.35143399238586426,0.2947871685028076,0.2347109317779541,0.5161280632019043,0.3391993045806885,0.2570319175720215,0.4245460033416748,0.4647707939147949,0.4179058074951172,0.40075206756591797,0.2832760810852051
