0.0	GEE	0.5221052631578947,0.5173684210526316,0.5063157894736842,0.5178947368421053,0.47789473684210526,0.5726315789473684,0.52,0.47736842105263155,0.5205263157894737,0.5105263157894737,0.4963157894736842,0.508421052631579,0.4968421052631579,0.5178947368421053,0.48789473684210527,0.5057894736842106,0.5252631578947369,0.511578947368421,0.48578947368421055,0.4868421052631579,0.4942105263157895,0.5057894736842106,0.5205263157894737,0.49315789473684213,0.38421052631578945,0.47842105263157897,0.5226315789473684,0.5410526315789473,0.521578947368421,0.5236842105263158,0.5278947368421053,0.54,0.53,0.5189473684210526,0.5394736842105263,0.5257894736842105,0.41947368421052633,0.47789473684210526,0.49157894736842106,0.5073684210526316,0.5036842105263157,0.5089473684210526,0.4905263157894737,0.48947368421052634,0.49,0.5247368421052632,0.5178947368421053,0.43526315789473685,0.49526315789473685,0.5210526315789473,0.5342105263157895,0.5094736842105263,0.46789473684210525,0.4005263157894737,0.5452631578947369,0.49736842105263157,0.46789473684210525,0.5384210526315789,0.47578947368421054,0.5273684210526316,0.5378947368421053,0.5042105263157894,0.5021052631578947,0.501578947368421,0.38052631578947366,0.40842105263157896,0.5184210526315789,0.4936842105263158,0.5515789473684211,0.5263157894736842,0.5252631578947369,0.521578947368421,0.5147368421052632,0.55,0.5405263157894736,0.4994736842105263,0.5226315789473684,0.49526315789473685,0.5147368421052632,0.5194736842105263,0.5394736842105263,0.5236842105263158,0.4826315789473684,0.5236842105263158,0.5173684210526316,0.52,0.5031578947368421,0.4826315789473684,0.4557894736842105,0.5489473684210526,0.5078947368421053,0.45842105263157895,0.45842105263157895,0.5110526315789473,0.46421052631578946,0.53,0.49736842105263157,0.5247368421052632,0.5242105263157895,0.48894736842105263,0.5389473684210526,0.511578947368421,0.4610526315789474,0.521578947368421,0.49894736842105264,0.5110526315789473,0.36578947368421055,0.4726315789473684,0.5073684210526316,0.42473684210526313,0.5078947368421053,0.5205263157894737,0.5152631578947369,0.48368421052631577,0.5189473684210526,0.5063157894736842,0.5078947368421053,0.4089473684210526,0.4089473684210526,0.4336842105263158,0.4326315789473684,0.4368421052631579,0.4710526315789474,0.4963157894736842,0.4689473684210526,0.49842105263157893,0.37473684210526315,0.5284210526315789,0.5357894736842105,0.5168421052631579,0.47368421052631576,0.4326315789473684,0.5378947368421053,0.5010526315789474,0.2968421052631579,0.5068421052631579,0.5257894736842105,0.5468421052631579,0.5105263157894737,0.48526315789473684,0.521578947368421,0.5142105263157895,0.38789473684210524,0.5468421052631579,0.5326315789473685,0.5310526315789473,0.4710526315789474,0.5205263157894737,0.5163157894736842,0.5105263157894737,0.4926315789473684,0.5342105263157895,0.5094736842105263,0.5073684210526316,0.4994736842105263,0.4594736842105263,0.4336842105263158,0.5289473684210526,0.4026315789473684,0.45263157894736844,0.5121052631578947,0.42947368421052634,0.4968421052631579,0.4710526315789474,0.5157894736842106,0.5378947368421053,0.4710526315789474,0.5036842105263157,0.5026315789473684,0.46842105263157896,0.39263157894736844,0.47842105263157897,0.5010526315789474,0.49736842105263157,0.5173684210526316,0.5210526315789473,0.47421052631578947,0.4189473684210526,0.5057894736842106,0.5136842105263157,0.47578947368421054,0.5310526315789473,0.501578947368421,0.5073684210526316,0.48789473684210527,0.5173684210526316,0.4573684210526316,0.46842105263157896,0.4557894736842105,0.533157894736842,0.4968421052631579,0.5242105263157895,0.5021052631578947,0.4884210526315789,0.5394736842105263,0.5005263157894737,0.4531578947368421,0.46578947368421053,0.5157894736842106,0.5473684210526316
0.0	GNN	0.5489473684210526,0.46789473684210525,0.4747368421052632,0.5363157894736842,0.5621052631578948,0.6036842105263158,0.35578947368421054,0.44105263157894736,0.4605263157894737,0.47578947368421054,0.6457894736842106,0.6373684210526316,0.4805263157894737,0.4705263157894737,0.3531578947368421,0.63,0.4047368421052632,0.3742105263157895,0.6405263157894737,0.47157894736842104,0.6257894736842106,0.4,0.41578947368421054,0.5052631578947369,0.49894736842105264,0.4205263157894737,0.53,0.49,0.44473684210526315,0.4010526315789474,0.5594736842105263,0.4610526315789474,0.3989473684210526,0.5268421052631579,0.6073684210526316,0.641578947368421,0.5531578947368421,0.3831578947368421,0.46,0.45473684210526316,0.5126315789473684,0.47,0.49473684210526314,0.5768421052631579,0.5184210526315789,0.5763157894736842,0.3957894736842105,0.533157894736842,0.49315789473684213,0.5631578947368421,0.3957894736842105,0.4884210526315789,0.6663157894736842,0.5310526315789473,0.4189473684210526,0.5305263157894737,0.598421052631579,0.5831578947368421,0.44157894736842107,0.5810526315789474,0.3968421052631579,0.6194736842105263,0.5305263157894737,0.718421052631579,0.4668421052631579,0.4073684210526316,0.4405263157894737,0.598421052631579,0.5821052631578948,0.4094736842105263,0.4089473684210526,0.45842105263157895,0.5968421052631578,0.3494736842105263,0.3894736842105263,0.5342105263157895,0.628421052631579,0.49526315789473685,0.44894736842105265,0.5963157894736842,0.4478947368421053,0.4326315789473684,0.6094736842105263,0.5468421052631579,0.4605263157894737,0.5742105263157895,0.5073684210526316,0.5342105263157895,0.5484210526315789,0.6378947368421053,0.42736842105263156,0.46789473684210525,0.5394736842105263,0.6105263157894737,0.43315789473684213,0.5057894736842106,0.5810526315789474,0.39263157894736844,0.6521052631578947,0.5621052631578948,0.4957894736842105,0.54,0.5510526315789473,0.5763157894736842,0.6636842105263158,0.35210526315789475,0.5152631578947369,0.6026315789473684,0.32894736842105265,0.3778947368421053,0.5184210526315789,0.3868421052631579,0.4921052631578947,0.6452631578947369,0.5657894736842105,0.41526315789473683,0.4921052631578947,0.41526315789473683,0.5105263157894737,0.3831578947368421,0.5689473684210526,0.49105263157894735,0.43842105263157893,0.5131578947368421,0.5652631578947368,0.6047368421052631,0.41842105263157897,0.4863157894736842,0.43526315789473685,0.4242105263157895,0.3857894736842105,0.42157894736842105,0.5515789473684211,0.4726315789473684,0.45210526315789473,0.5105263157894737,0.5263157894736842,0.39842105263157895,0.48578947368421055,0.4094736842105263,0.4668421052631579,0.45631578947368423,0.44,0.59,0.4431578947368421,0.3452631578947368,0.38789473684210524,0.5489473684210526,0.533157894736842,0.5515789473684211,0.5757894736842105,0.53,0.391578947368421,0.47210526315789475,0.48578947368421055,0.4094736842105263,0.4705263157894737,0.43315789473684213,0.4842105263157895,0.5068421052631579,0.5452631578947369,0.6,0.4963157894736842,0.3684210526315789,0.4884210526315789,0.6452631578947369,0.4468421052631579,0.44,0.36157894736842106,0.4905263157894737,0.4994736842105263,0.5068421052631579,0.4957894736842105,0.5063157894736842,0.5194736842105263,0.5589473684210526,0.4963157894736842,0.47947368421052633,0.5205263157894737,0.5573684210526316,0.3973684210526316,0.4436842105263158,0.5489473684210526,0.4536842105263158,0.4978947368421053,0.608421052631579,0.6684210526315789,0.5547368421052632,0.5631578947368421,0.4321052631578947,0.32210526315789473,0.49315789473684213,0.36736842105263157,0.47736842105263155,0.47526315789473683,0.5489473684210526,0.6131578947368421,0.5721052631578948,0.39421052631578946,0.3542105263157895
0.0	GG	0.4863157894736842,0.5142105263157895,0.6789473684210526,0.6142105263157894,0.3005263157894737,0.7094736842105264,0.4010526315789474,0.5147368421052632,0.5463157894736842,0.5805263157894737,0.6757894736842105,0.4942105263157895,0.4052631578947368,0.6473684210526316,0.34421052631578947,0.4052631578947368,0.4626315789473684,0.6347368421052632,0.598421052631579,0.4863157894736842,0.47842105263157897,0.5857894736842105,0.48526315789473684,0.45473684210526316,0.37315789473684213,0.4357894736842105,0.5442105263157895,0.4568421052631579,0.41526315789473683,0.6378947368421053,0.31526315789473686,0.3910526315789474,0.531578947368421,0.6221052631578947,0.5394736842105263,0.5552631578947368,0.6173684210526316,0.6589473684210526,0.4673684210526316,0.6142105263157894,0.5142105263157895,0.4105263157894737,0.5505263157894736,0.5394736842105263,0.5468421052631579,0.5531578947368421,0.6563157894736842,0.6926315789473684,0.3957894736842105,0.4036842105263158,0.4473684210526316,0.6963157894736842,0.5252631578947369,0.5068421052631579,0.43842105263157893,0.5363157894736842,0.57,0.6721052631578948,0.42578947368421055,0.45052631578947366,0.3973684210526316,0.6031578947368421,0.3815789473684211,0.6126315789473684,0.5078947368421053,0.48,0.6889473684210526,0.41,0.4705263157894737,0.5236842105263158,0.3968421052631579,0.4978947368421053,0.5968421052631578,0.608421052631579,0.4926315789473684,0.6221052631578947,0.4168421052631579,0.4831578947368421,0.5421052631578948,0.4378947368421053,0.6757894736842105,0.7089473684210527,0.5121052631578947,0.46578947368421053,0.42473684210526313,0.3542105263157895,0.7557894736842106,0.4142105263157895,0.4363157894736842,0.533157894736842,0.5747368421052632,0.5321052631578947,0.42736842105263156,0.4026315789473684,0.521578947368421,0.5042105263157894,0.3447368421052632,0.38,0.5305263157894737,0.6647368421052632,0.46842105263157896,0.47526315789473683,0.7610526315789473,0.6331578947368421,0.5110526315789473,0.5231578947368422,0.4768421052631579,0.49894736842105264,0.4831578947368421,0.5168421052631579,0.6036842105263158,0.44894736842105265,0.6926315789473684,0.6473684210526316,0.54,0.32526315789473687,0.5289473684210526,0.47368421052631576,0.6810526315789474,0.3447368421052632,0.26105263157894737,0.3563157894736842,0.6594736842105263,0.4515789473684211,0.3773684210526316,0.5752631578947368,0.43315789473684213,0.3721052631578947,0.5621052631578948,0.5247368421052632,0.38842105263157894,0.6157894736842106,0.37105263157894736,0.6331578947368421,0.6105263157894737,0.5289473684210526,0.6047368421052631,0.5563157894736842,0.5826315789473684,0.6194736842105263,0.5021052631578947,0.47157894736842104,0.6810526315789474,0.5478947368421052,0.511578947368421,0.6547368421052632,0.48105263157894734,0.7126315789473684,0.4236842105263158,0.6178947368421053,0.5973684210526315,0.6389473684210526,0.39052631578947367,0.4326315789473684,0.5815789473684211,0.39052631578947367,0.5605263157894737,0.6673684210526316,0.4568421052631579,0.3626315789473684,0.6121052631578947,0.7321052631578947,0.5252631578947369,0.4626315789473684,0.4842105263157895,0.3131578947368421,0.6047368421052631,0.5057894736842106,0.6,0.4747368421052632,0.45210526315789473,0.3678947368421053,0.5836842105263158,0.5510526315789473,0.4789473684210526,0.5342105263157895,0.48210526315789476,0.5584210526315789,0.48947368421052634,0.41,0.48736842105263156,0.7042105263157895,0.531578947368421,0.6889473684210526,0.5957894736842105,0.6410526315789473,0.45526315789473687,0.6363157894736842,0.49736842105263157,0.49,0.5826315789473684,0.5294736842105263,0.4026315789473684,0.3068421052631579,0.5247368421052632,0.4763157894736842,0.3231578947368421,0.5468421052631579,0.5473684210526316,0.41157894736842104
0.0	GG2	0.7668421052631579,0.5863157894736842,0.69,0.5526315789473685,0.641578947368421,0.7389473684210527,0.6605263157894737,0.6473684210526316,0.6342105263157894,0.6421052631578947,0.6742105263157895,0.628421052631579,0.7257894736842105,0.75,0.55,0.47421052631578947,0.6831578947368421,0.5673684210526316,0.68,0.7352631578947368,0.6163157894736843,0.6842105263157895,0.7426315789473684,0.4978947368421053,0.4994736842105263,0.5047368421052632,0.6694736842105263,0.5242105263157895,0.5605263157894737,0.6978947368421052,0.6089473684210527,0.5321052631578947,0.758421052631579,0.7042105263157895,0.7310526315789474,0.661578947368421,0.6152631578947368,0.7278947368421053,0.741578947368421,0.5705263157894737,0.7036842105263158,0.5589473684210526,0.7342105263157894,0.7436842105263158,0.7236842105263158,0.6947368421052632,0.7242105263157895,0.661578947368421,0.6089473684210527,0.7047368421052631,0.5678947368421052,0.7094736842105264,0.718421052631579,0.7063157894736842,0.6452631578947369,0.7210526315789474,0.7394736842105263,0.7257894736842105,0.6731578947368421,0.6684210526315789,0.661578947368421,0.6173684210526316,0.6789473684210526,0.6647368421052632,0.6642105263157895,0.5163157894736842,0.5710526315789474,0.6542105263157895,0.6047368421052631,0.5694736842105264,0.6421052631578947,0.5173684210526316,0.7173684210526315,0.7594736842105263,0.6736842105263158,0.7421052631578947,0.6610526315789473,0.6252631578947369,0.6915789473684211,0.6394736842105263,0.6547368421052632,0.7510526315789474,0.6373684210526316,0.5073684210526316,0.7547368421052632,0.5642105263157895,0.76,0.708421052631579,0.6678947368421052,0.6773684210526316,0.6905263157894737,0.6673684210526316,0.6521052631578947,0.5431578947368421,0.6868421052631579,0.6236842105263158,0.5021052631578947,0.638421052631579,0.5863157894736842,0.7005263157894737,0.716842105263158,0.6105263157894737,0.6784210526315789,0.7121052631578947,0.6063157894736843,0.57,0.5594736842105263,0.6073684210526316,0.59,0.7331578947368421,0.7452631578947368,0.7094736842105264,0.6784210526315789,0.6668421052631579,0.7957894736842105,0.5905263157894737,0.6926315789473684,0.5752631578947368,0.6942105263157895,0.5710526315789474,0.651578947368421,0.6026315789473684,0.7542105263157894,0.6205263157894737,0.6442105263157895,0.6931578947368421,0.5042105263157894,0.5378947368421053,0.6110526315789474,0.6668421052631579,0.588421052631579,0.618421052631579,0.6442105263157895,0.6889473684210526,0.5357894736842105,0.6963157894736842,0.57,0.7226315789473684,0.6026315789473684,0.6263157894736842,0.5468421052631579,0.7510526315789474,0.5652631578947368,0.6984210526315789,0.5210526315789473,0.7352631578947368,0.46842105263157896,0.6521052631578947,0.6857894736842105,0.7210526315789474,0.5757894736842105,0.7578947368421053,0.6694736842105263,0.5031578947368421,0.5778947368421052,0.6631578947368421,0.5584210526315789,0.6552631578947369,0.67,0.6815789473684211,0.7363157894736843,0.4305263157894737,0.7594736842105263,0.5294736842105263,0.78,0.6063157894736843,0.6726315789473685,0.7594736842105263,0.6494736842105263,0.6857894736842105,0.5573684210526316,0.5631578947368421,0.5868421052631579,0.6921052631578948,0.5489473684210526,0.6026315789473684,0.5463157894736842,0.6742105263157895,0.6963157894736842,0.6957894736842105,0.5715789473684211,0.6305263157894737,0.6689473684210526,0.7352631578947368,0.6942105263157895,0.6957894736842105,0.5763157894736842,0.5147368421052632,0.5610526315789474,0.7773684210526316,0.6331578947368421,0.5431578947368421,0.58,0.6294736842105263,0.7363157894736843,0.6163157894736843,0.5394736842105263,0.5294736842105263,0.621578947368421,0.5615789473684211
0.02	GEE	0.511578947368421,0.47,0.5047368421052632,0.5163157894736842,0.5178947368421053,0.4494736842105263,0.5178947368421053,0.521578947368421,0.5168421052631579,0.5157894736842106,0.5152631578947369,0.4789473684210526,0.5021052631578947,0.44263157894736843,0.44894736842105265,0.5073684210526316,0.46157894736842103,0.47,0.508421052631579,0.4147368421052632,0.5157894736842106,0.46210526315789474,0.5,0.46157894736842103,0.5252631578947369,0.5026315789473684,0.5347368421052632,0.5336842105263158,0.4805263157894737,0.44894736842105265,0.42947368421052634,0.5389473684210526,0.45052631578947366,0.4963157894736842,0.4705263157894737,0.5173684210526316,0.49894736842105264,0.4478947368421053,0.5163157894736842,0.45631578947368423,0.49105263157894735,0.5226315789473684,0.49736842105263157,0.4763157894736842,0.5094736842105263,0.4052631578947368,0.3936842105263158,0.47368421052631576,0.4957894736842105,0.5121052631578947,0.48947368421052634,0.44157894736842107,0.5194736842105263,0.5357894736842105,0.5010526315789474,0.49894736842105264,0.533157894736842,0.5284210526315789,0.5163157894736842,0.5094736842105263,0.47578947368421054,0.49842105263157893,0.4036842105263158,0.45631578947368423,0.5,0.3757894736842105,0.5278947368421053,0.521578947368421,0.46473684210526317,0.5068421052631579,0.4631578947368421,0.48473684210526313,0.5010526315789474,0.40578947368421053,0.5494736842105263,0.5152631578947369,0.4089473684210526,0.4515789473684211,0.5047368421052632,0.5336842105263158,0.5373684210526316,0.508421052631579,0.48894736842105263,0.521578947368421,0.4863157894736842,0.5157894736842106,0.5278947368421053,0.45421052631578945,0.508421052631579,0.4373684210526316,0.5021052631578947,0.5273684210526316,0.46578947368421053,0.3505263157894737,0.5442105263157895,0.5268421052631579,0.5073684210526316,0.5010526315789474,0.4005263157894737,0.48368421052631577,0.4905263157894737,0.5378947368421053,0.4610526315789474,0.5005263157894737,0.5063157894736842,0.5010526315789474,0.3742105263157895,0.43315789473684213,0.42578947368421055,0.5073684210526316,0.5278947368421053,0.4963157894736842,0.4473684210526316,0.5021052631578947,0.4342105263157895,0.43,0.4789473684210526,0.5005263157894737,0.47210526315789475,0.44157894736842107,0.533157894736842,0.48473684210526313,0.47210526315789475,0.4826315789473684,0.45052631578947366,0.5210526315789473,0.38842105263157894,0.49,0.5,0.49473684210526314,0.5363157894736842,0.46157894736842103,0.4231578947368421,0.4421052631578947,0.5194736842105263,0.48,0.4457894736842105,0.5157894736842106,0.4921052631578947,0.5147368421052632,0.5073684210526316,0.3668421052631579,0.3973684210526316,0.511578947368421,0.48894736842105263,0.39052631578947367,0.5294736842105263,0.4942105263157895,0.5205263157894737,0.4942105263157895,0.5036842105263157,0.49,0.5010526315789474,0.43526315789473685,0.4763157894736842,0.40421052631578946,0.5047368421052632,0.521578947368421,0.42947368421052634,0.4431578947368421,0.4957894736842105,0.44473684210526315,0.4957894736842105,0.46,0.4689473684210526,0.4636842105263158,0.41842105263157897,0.5326315789473685,0.5373684210526316,0.4789473684210526,0.38105263157894737,0.39210526315789473,0.4573684210526316,0.5152631578947369,0.5005263157894737,0.4731578947368421,0.4336842105263158,0.4668421052631579,0.5321052631578947,0.5026315789473684,0.5073684210526316,0.48947368421052634,0.4978947368421053,0.4284210526315789,0.47157894736842104,0.5363157894736842,0.4663157894736842,0.4468421052631579,0.4342105263157895,0.45789473684210524,0.5221052631578947,0.4473684210526316,0.3894736842105263,0.5447368421052632,0.4589473684210526,0.4768421052631579,0.3868421052631579,0.56,0.5047368421052632,0.45263157894736844
0.02	GNN	0.4957894736842105,0.4263157894736842,0.4468421052631579,0.4473684210526316,0.5321052631578947,0.5194736842105263,0.3094736842105263,0.391578947368421,0.4268421052631579,0.40842105263157896,0.5231578947368422,0.5257894736842105,0.4005263157894737,0.4189473684210526,0.3,0.5173684210526316,0.31105263157894736,0.3742105263157895,0.5463157894736842,0.3678947368421053,0.45,0.3426315789473684,0.38421052631578945,0.45263157894736844,0.47947368421052633,0.3642105263157895,0.4536842105263158,0.39421052631578946,0.39473684210526316,0.38421052631578945,0.5168421052631579,0.4110526315789474,0.34578947368421054,0.46210526315789474,0.49526315789473685,0.5436842105263158,0.41157894736842104,0.3505263157894737,0.4142105263157895,0.3705263157894737,0.3952631578947368,0.45105263157894737,0.42894736842105263,0.5373684210526316,0.47526315789473683,0.5036842105263157,0.38473684210526315,0.47210526315789475,0.44105263157894736,0.4205263157894737,0.3405263157894737,0.3989473684210526,0.6047368421052631,0.48368421052631577,0.43157894736842106,0.4531578947368421,0.4568421052631579,0.5189473684210526,0.3910526315789474,0.47789473684210526,0.3489473684210526,0.5010526315789474,0.39052631578947367,0.6131578947368421,0.3742105263157895,0.38052631578947366,0.44157894736842107,0.48,0.4231578947368421,0.38,0.42,0.4536842105263158,0.5526315789473685,0.3394736842105263,0.3273684210526316,0.4268421052631579,0.5021052631578947,0.38,0.4321052631578947,0.55,0.3273684210526316,0.40578947368421053,0.4826315789473684,0.4726315789473684,0.4168421052631579,0.5257894736842105,0.48526315789473684,0.3952631578947368,0.4694736842105263,0.6157894736842106,0.391578947368421,0.49526315789473685,0.42157894736842105,0.48473684210526313,0.33,0.4536842105263158,0.5947368421052631,0.4147368421052632,0.5252631578947369,0.44473684210526315,0.42,0.4868421052631579,0.5173684210526316,0.5163157894736842,0.5731578947368421,0.3494736842105263,0.4926315789473684,0.5405263157894736,0.39421052631578946,0.3447368421052632,0.41,0.3526315789473684,0.48210526315789476,0.5442105263157895,0.4431578947368421,0.4089473684210526,0.42526315789473684,0.38,0.5221052631578947,0.33052631578947367,0.3994736842105263,0.4968421052631579,0.4147368421052632,0.41,0.5021052631578947,0.5147368421052632,0.3436842105263158,0.40578947368421053,0.3936842105263158,0.3763157894736842,0.3142105263157895,0.3857894736842105,0.5073684210526316,0.4573684210526316,0.38052631578947366,0.3663157894736842,0.4963157894736842,0.39473684210526316,0.42789473684210527,0.35157894736842105,0.42,0.37473684210526315,0.4394736842105263,0.5394736842105263,0.45105263157894737,0.3631578947368421,0.37684210526315787,0.4805263157894737,0.45263157894736844,0.39210526315789473,0.5336842105263158,0.42105263157894735,0.38842105263157894,0.4368421052631579,0.4031578947368421,0.37105263157894736,0.4052631578947368,0.4763157894736842,0.36947368421052634,0.44,0.4926315789473684,0.5615789473684211,0.4694736842105263,0.3626315789473684,0.4494736842105263,0.5321052631578947,0.4068421052631579,0.35210526315789475,0.2847368421052632,0.46473684210526317,0.4694736842105263,0.4321052631578947,0.43157894736842106,0.4263157894736842,0.45105263157894737,0.5063157894736842,0.4131578947368421,0.4705263157894737,0.42736842105263156,0.49315789473684213,0.33789473684210525,0.4036842105263158,0.48,0.41947368421052633,0.35947368421052633,0.5,0.5615789473684211,0.4763157894736842,0.49842105263157893,0.40789473684210525,0.36210526315789476,0.46842105263157896,0.3368421052631579,0.4189473684210526,0.5336842105263158,0.46789473684210525,0.51,0.4663157894736842,0.3778947368421053,0.31894736842105265
0.02	GG	0.36947368421052634,0.48789473684210527,0.5531578947368421,0.5773684210526315,0.5142105263157895,0.5947368421052631,0.38842105263157894,0.46842105263157896,0.5473684210526316,0.5905263157894737,0.5763157894736842,0.47842105263157897,0.45631578947368423,0.6078947368421053,0.37,0.3831578947368421,0.48368421052631577,0.5631578947368421,0.533157894736842,0.3263157894736842,0.46421052631578946,0.5421052631578948,0.4673684210526316,0.4394736842105263,0.36894736842105263,0.4842105263157895,0.47578947368421054,0.4363157894736842,0.3636842105263158,0.5810526315789474,0.29789473684210527,0.46157894736842103,0.48210526315789476,0.6026315789473684,0.5352631578947369,0.47421052631578947,0.5089473684210526,0.6015789473684211,0.44894736842105265,0.5973684210526315,0.4036842105263158,0.3794736842105263,0.44105263157894736,0.5321052631578947,0.4689473684210526,0.46,0.5621052631578948,0.6257894736842106,0.4110526315789474,0.36894736842105263,0.4126315789473684,0.6136842105263158,0.5063157894736842,0.5752631578947368,0.37157894736842106,0.5036842105263157,0.4978947368421053,0.5742105263157895,0.4284210526315789,0.4457894736842105,0.4089473684210526,0.5305263157894737,0.37105263157894736,0.598421052631579,0.4368421052631579,0.4052631578947368,0.6105263157894737,0.5168421052631579,0.5,0.5047368421052632,0.5310526315789473,0.4957894736842105,0.5942105263157895,0.5789473684210527,0.5126315789473684,0.6042105263157894,0.3705263157894737,0.4189473684210526,0.53,0.4478947368421053,0.65,0.6484210526315789,0.4226315789473684,0.48210526315789476,0.4142105263157895,0.34578947368421054,0.6626315789473685,0.3773684210526316,0.44842105263157894,0.45421052631578945,0.541578947368421,0.5431578947368421,0.47157894736842104,0.35947368421052633,0.4131578947368421,0.5294736842105263,0.4163157894736842,0.3994736842105263,0.5231578947368422,0.6026315789473684,0.5521052631578948,0.4705263157894737,0.6584210526315789,0.5821052631578948,0.41157894736842104,0.3994736842105263,0.4694736842105263,0.5594736842105263,0.4668421052631579,0.5121052631578947,0.6131578947368421,0.4463157894736842,0.6057894736842105,0.5542105263157895,0.48894736842105263,0.39631578947368423,0.48526315789473684,0.4110526315789474,0.6363157894736842,0.4263157894736842,0.3310526315789474,0.3742105263157895,0.641578947368421,0.4142105263157895,0.4231578947368421,0.48947368421052634,0.4131578947368421,0.43,0.5584210526315789,0.5194736842105263,0.4768421052631579,0.5457894736842105,0.37842105263157894,0.58,0.49894736842105264,0.49894736842105264,0.6273684210526316,0.5226315789473684,0.48368421052631577,0.5710526315789474,0.47842105263157897,0.44263157894736843,0.5294736842105263,0.5252631578947369,0.4631578947368421,0.5968421052631578,0.4805263157894737,0.6326315789473684,0.40421052631578946,0.5684210526315789,0.611578947368421,0.5563157894736842,0.34157894736842104,0.44842105263157894,0.5878947368421052,0.47578947368421054,0.5036842105263157,0.5857894736842105,0.42,0.4536842105263158,0.46473684210526317,0.5963157894736842,0.4631578947368421,0.4031578947368421,0.38526315789473686,0.36105263157894735,0.533157894736842,0.44842105263157894,0.5489473684210526,0.4884210526315789,0.4515789473684211,0.35578947368421054,0.5152631578947369,0.49315789473684213,0.5073684210526316,0.4868421052631579,0.46578947368421053,0.52,0.44105263157894736,0.35526315789473684,0.5378947368421053,0.6289473684210526,0.47578947368421054,0.6394736842105263,0.5463157894736842,0.5173684210526316,0.44105263157894736,0.6131578947368421,0.42947368421052634,0.4131578947368421,0.5915789473684211,0.5831578947368421,0.3831578947368421,0.3268421052631579,0.4610526315789474,0.4863157894736842,0.33789473684210525,0.5526315789473685,0.5615789473684211,0.37315789473684213
0.02	GG2	0.6321052631578947,0.5657894736842105,0.6031578947368421,0.6221052631578947,0.5073684210526316,0.6731578947368421,0.5615789473684211,0.4568421052631579,0.5794736842105264,0.5905263157894737,0.5657894736842105,0.5526315789473685,0.6557894736842105,0.6589473684210526,0.38526315789473686,0.5063157894736842,0.47578947368421054,0.6326315789473684,0.6294736842105263,0.5005263157894737,0.5742105263157895,0.5773684210526315,0.6405263157894737,0.6468421052631579,0.40157894736842104,0.6052631578947368,0.5947368421052631,0.5831578947368421,0.5710526315789474,0.6142105263157894,0.5242105263157895,0.5463157894736842,0.4936842105263158,0.6347368421052632,0.6547368421052632,0.6421052631578947,0.5868421052631579,0.5952631578947368,0.6726315789473685,0.6252631578947369,0.5289473684210526,0.5231578947368422,0.39842105263157895,0.6573684210526316,0.5436842105263158,0.47947368421052633,0.621578947368421,0.5831578947368421,0.5731578947368421,0.4884210526315789,0.4205263157894737,0.521578947368421,0.6152631578947368,0.608421052631579,0.5942105263157895,0.6647368421052632,0.5873684210526315,0.6857894736842105,0.6121052631578947,0.6078947368421053,0.541578947368421,0.5763157894736842,0.618421052631579,0.49894736842105264,0.48578947368421055,0.4531578947368421,0.6810526315789474,0.5063157894736842,0.49736842105263157,0.5410526315789473,0.5352631578947369,0.5368421052631579,0.6178947368421053,0.6473684210526316,0.6273684210526316,0.6189473684210526,0.4905263157894737,0.5510526315789473,0.5678947368421052,0.5921052631578947,0.5752631578947368,0.6694736842105263,0.5294736842105263,0.5684210526315789,0.6442105263157895,0.5378947368421053,0.6731578947368421,0.6505263157894737,0.5389473684210526,0.5173684210526316,0.6421052631578947,0.628421052631579,0.5731578947368421,0.38421052631578945,0.6442105263157895,0.6010526315789474,0.508421052631579,0.5284210526315789,0.578421052631579,0.48473684210526313,0.5626315789473684,0.611578947368421,0.541578947368421,0.6226315789473684,0.5684210526315789,0.5736842105263158,0.5031578947368421,0.5768421052631579,0.6194736842105263,0.628421052631579,0.6310526315789474,0.5352631578947369,0.6005263157894737,0.5963157894736842,0.4905263157894737,0.53,0.47947368421052633,0.5852631578947368,0.6542105263157895,0.5305263157894737,0.4768421052631579,0.5857894736842105,0.631578947368421,0.5573684210526316,0.43315789473684213,0.45631578947368423,0.4957894736842105,0.5852631578947368,0.578421052631579,0.5521052631578948,0.541578947368421,0.611578947368421,0.51,0.6047368421052631,0.5342105263157895,0.6894736842105263,0.6368421052631579,0.6021052631578947,0.5426315789473685,0.6357894736842106,0.49736842105263157,0.5973684210526315,0.5794736842105264,0.5605263157894737,0.5452631578947369,0.6031578947368421,0.4357894736842105,0.5768421052631579,0.5310526315789473,0.56,0.6068421052631578,0.6563157894736842,0.5384210526315789,0.5505263157894736,0.6031578947368421,0.5368421052631579,0.6431578947368422,0.6431578947368422,0.48526315789473684,0.6336842105263157,0.508421052631579,0.5426315789473685,0.6805263157894736,0.5642105263157895,0.541578947368421,0.5778947368421052,0.5326315789473685,0.618421052631579,0.5863157894736842,0.6505263157894737,0.5305263157894737,0.4668421052631579,0.4531578947368421,0.5505263157894736,0.5326315789473685,0.4994736842105263,0.5663157894736842,0.6489473684210526,0.5289473684210526,0.5726315789473684,0.6094736842105263,0.6063157894736843,0.5794736842105264,0.6694736842105263,0.6484210526315789,0.61,0.4610526315789474,0.6726315789473685,0.44894736842105265,0.61,0.661578947368421,0.4963157894736842,0.5321052631578947,0.4457894736842105,0.6147368421052631,0.6336842105263157,0.3973684210526316,0.6526315789473685,0.5578947368421052,0.5442105263157895
0.04	GEE	0.5031578947368421,0.4463157894736842,0.4831578947368421,0.4668421052631579,0.48894736842105263,0.51,0.4957894736842105,0.47421052631578947,0.4357894736842105,0.45789473684210524,0.48526315789473684,0.47157894736842104,0.49842105263157893,0.49473684210526314,0.46578947368421053,0.4842105263157895,0.4942105263157895,0.4905263157894737,0.49526315789473685,0.43157894736842106,0.4994736842105263,0.4694736842105263,0.4957894736842105,0.4652631578947368,0.4063157894736842,0.4768421052631579,0.4094736842105263,0.5126315789473684,0.4957894736842105,0.3468421052631579,0.4942105263157895,0.48894736842105263,0.39789473684210525,0.48789473684210527,0.4431578947368421,0.4568421052631579,0.4789473684210526,0.501578947368421,0.4694736842105263,0.49736842105263157,0.38052631578947366,0.47421052631578947,0.4963157894736842,0.48157894736842105,0.44526315789473686,0.4805263157894737,0.48789473684210527,0.4957894736842105,0.49315789473684213,0.48473684210526313,0.4421052631578947,0.4921052631578947,0.4831578947368421,0.5042105263157894,0.29736842105263156,0.4826315789473684,0.501578947368421,0.4436842105263158,0.4263157894736842,0.4921052631578947,0.5236842105263158,0.4531578947368421,0.4242105263157895,0.41842105263157897,0.42473684210526313,0.3684210526315789,0.4863157894736842,0.5026315789473684,0.3494736842105263,0.44473684210526315,0.4942105263157895,0.43105263157894735,0.4063157894736842,0.49894736842105264,0.5057894736842106,0.49105263157894735,0.37473684210526315,0.47157894736842104,0.42210526315789476,0.5021052631578947,0.43842105263157893,0.4831578947368421,0.49842105263157893,0.47210526315789475,0.36526315789473685,0.4805263157894737,0.49157894736842106,0.48473684210526313,0.45263157894736844,0.4163157894736842,0.4905263157894737,0.4378947368421053,0.44263157894736843,0.5,0.3605263157894737,0.45105263157894737,0.3873684210526316,0.4863157894736842,0.4431578947368421,0.4589473684210526,0.3068421052631579,0.5057894736842106,0.42,0.48368421052631577,0.4994736842105263,0.48368421052631577,0.4936842105263158,0.39210526315789473,0.4905263157894737,0.3431578947368421,0.4573684210526316,0.48210526315789476,0.3989473684210526,0.4536842105263158,0.48947368421052634,0.5052631578947369,0.4710526315789474,0.49,0.48157894736842105,0.40842105263157896,0.4789473684210526,0.4726315789473684,0.4342105263157895,0.4763157894736842,0.40578947368421053,0.4863157894736842,0.4394736842105263,0.4921052631578947,0.4805263157894737,0.47368421052631576,0.38263157894736843,0.41210526315789475,0.49473684210526314,0.4957894736842105,0.46842105263157896,0.48947368421052634,0.4368421052631579,0.43157894736842106,0.4942105263157895,0.4442105263157895,0.4884210526315789,0.5073684210526316,0.358421052631579,0.48578947368421055,0.29,0.5078947368421053,0.42526315789473684,0.44894736842105265,0.37315789473684213,0.4705263157894737,0.47842105263157897,0.35210526315789475,0.44157894736842107,0.3726315789473684,0.48473684210526313,0.4110526315789474,0.46578947368421053,0.5126315789473684,0.36736842105263157,0.5026315789473684,0.46157894736842103,0.4842105263157895,0.3910526315789474,0.42947368421052634,0.48105263157894734,0.42789473684210527,0.47421052631578947,0.49736842105263157,0.4421052631578947,0.48947368421052634,0.40210526315789474,0.4231578947368421,0.38894736842105265,0.36157894736842106,0.48736842105263156,0.44157894736842107,0.5073684210526316,0.42894736842105263,0.48947368421052634,0.4978947368421053,0.37,0.29368421052631577,0.44157894736842107,0.42157894736842105,0.49,0.43526315789473685,0.48894736842105263,0.48210526315789476,0.47842105263157897,0.48578947368421055,0.48947368421052634,0.45263157894736844,0.4005263157894737,0.3626315789473684,0.41526315789473683,0.49842105263157893,0.4147368421052632,0.48105263157894734,0.4268421052631579,0.51
0.04	GNN	0.48736842105263156,0.35947368421052633,0.38842105263157894,0.37684210526315787,0.391578947368421,0.4457894736842105,0.3173684210526316,0.32526315789473687,0.4068421052631579,0.3836842105263158,0.4673684210526316,0.4568421052631579,0.2826315789473684,0.43526315789473685,0.2505263157894737,0.4863157894736842,0.3068421052631579,0.37842105263157894,0.48526315789473684,0.3263157894736842,0.44894736842105265,0.33473684210526317,0.4052631578947368,0.4068421052631579,0.45263157894736844,0.3589473684210526,0.37473684210526315,0.358421052631579,0.3863157894736842,0.35210526315789475,0.4978947368421053,0.3678947368421053,0.2968421052631579,0.38526315789473686,0.43,0.5278947368421053,0.3773684210526316,0.3531578947368421,0.3873684210526316,0.3231578947368421,0.34157894736842104,0.44157894736842107,0.4068421052631579,0.4763157894736842,0.4357894736842105,0.41,0.39789473684210525,0.41,0.4105263157894737,0.38473684210526315,0.3273684210526316,0.3678947368421053,0.5284210526315789,0.36894736842105263,0.41526315789473683,0.42473684210526313,0.4242105263157895,0.44526315789473686,0.37157894736842106,0.4594736842105263,0.3468421052631579,0.4326315789473684,0.39842105263157895,0.5384210526315789,0.39421052631578946,0.33789473684210525,0.3936842105263158,0.45789473684210524,0.44526315789473686,0.36,0.33157894736842103,0.4189473684210526,0.4994736842105263,0.26263157894736844,0.3057894736842105,0.38789473684210524,0.3821052631578947,0.3105263157894737,0.4263157894736842,0.4605263157894737,0.3778947368421053,0.358421052631579,0.4768421052631579,0.4231578947368421,0.38789473684210524,0.45473684210526316,0.46,0.4236842105263158,0.4494736842105263,0.5310526315789473,0.4063157894736842,0.46789473684210525,0.4047368421052632,0.4205263157894737,0.39,0.46473684210526317,0.4694736842105263,0.4073684210526316,0.5126315789473684,0.3815789473684211,0.3489473684210526,0.3863157894736842,0.42947368421052634,0.45210526315789473,0.5452631578947369,0.32210526315789473,0.35789473684210527,0.38526315789473686,0.29894736842105263,0.35368421052631577,0.39210526315789473,0.30105263157894735,0.3968421052631579,0.48578947368421055,0.4205263157894737,0.35157894736842105,0.3273684210526316,0.3757894736842105,0.47578947368421054,0.35,0.3742105263157895,0.43157894736842106,0.4147368421052632,0.3757894736842105,0.46157894736842103,0.4768421052631579,0.3778947368421053,0.3642105263157895,0.3542105263157895,0.36473684210526314,0.2847368421052632,0.3631578947368421,0.45526315789473687,0.4126315789473684,0.26210526315789473,0.3726315789473684,0.4268421052631579,0.35736842105263156,0.3873684210526316,0.3126315789473684,0.4010526315789474,0.38789473684210524,0.37842105263157894,0.47526315789473683,0.4231578947368421,0.28842105263157897,0.4036842105263158,0.5194736842105263,0.4421052631578947,0.2894736842105263,0.4394736842105263,0.3778947368421053,0.35947368421052633,0.42526315789473684,0.37105263157894736,0.34210526315789475,0.41210526315789475,0.3873684210526316,0.37842105263157894,0.41736842105263156,0.43473684210526314,0.46789473684210525,0.4068421052631579,0.29789473684210527,0.42105263157894735,0.46421052631578946,0.3894736842105263,0.3394736842105263,0.32894736842105265,0.4231578947368421,0.3505263157894737,0.3868421052631579,0.4110526315789474,0.3526315789473684,0.4031578947368421,0.4694736842105263,0.42578947368421055,0.4357894736842105,0.3989473684210526,0.45842105263157895,0.3663157894736842,0.32473684210526316,0.4531578947368421,0.36210526315789476,0.3336842105263158,0.5221052631578947,0.4936842105263158,0.4263157894736842,0.47421052631578947,0.3505263157894737,0.3452631578947368,0.41789473684210526,0.3173684210526316,0.3668421052631579,0.4710526315789474,0.4478947368421053,0.4826315789473684,0.4068421052631579,0.36210526315789476,0.29473684210526313
0.04	GG	0.3668421052631579,0.4636842105263158,0.4321052631578947,0.5168421052631579,0.4968421052631579,0.578421052631579,0.34421052631578947,0.4557894736842105,0.5378947368421053,0.5673684210526316,0.4994736842105263,0.4747368421052632,0.41947368421052633,0.5905263157894737,0.3547368421052632,0.3863157894736842,0.4368421052631579,0.5157894736842106,0.45473684210526316,0.36947368421052634,0.3973684210526316,0.5063157894736842,0.4668421052631579,0.45789473684210524,0.34,0.4431578947368421,0.46157894736842103,0.42105263157894735,0.35947368421052633,0.5268421052631579,0.3094736842105263,0.41578947368421054,0.42526315789473684,0.5073684210526316,0.49736842105263157,0.48578947368421055,0.4747368421052632,0.5947368421052631,0.37894736842105264,0.5515789473684211,0.38842105263157894,0.36105263157894735,0.43105263157894735,0.5073684210526316,0.4405263157894737,0.46157894736842103,0.4652631578947368,0.5457894736842105,0.4421052631578947,0.3405263157894737,0.39631578947368423,0.5615789473684211,0.3968421052631579,0.4636842105263158,0.37842105263157894,0.4868421052631579,0.44473684210526315,0.55,0.4268421052631579,0.48578947368421055,0.3815789473684211,0.43526315789473685,0.3447368421052632,0.5078947368421053,0.3836842105263158,0.3873684210526316,0.5226315789473684,0.5089473684210526,0.5031578947368421,0.5010526315789474,0.42894736842105263,0.4342105263157895,0.5663157894736842,0.46157894736842103,0.4478947368421053,0.5263157894736842,0.3894736842105263,0.4142105263157895,0.4705263157894737,0.41368421052631577,0.5305263157894737,0.54,0.40789473684210525,0.45473684210526316,0.4063157894736842,0.38105263157894737,0.5831578947368421,0.3778947368421053,0.4515789473684211,0.40157894736842104,0.5121052631578947,0.48526315789473684,0.4573684210526316,0.3494736842105263,0.4068421052631579,0.48947368421052634,0.35736842105263156,0.4268421052631579,0.4863157894736842,0.5673684210526316,0.41210526315789475,0.42736842105263156,0.5778947368421052,0.5384210526315789,0.41842105263157897,0.4047368421052632,0.39631578947368423,0.5252631578947369,0.4405263157894737,0.4673684210526316,0.5352631578947369,0.4094736842105263,0.5284210526315789,0.5147368421052632,0.45,0.3563157894736842,0.46,0.4436842105263158,0.5473684210526316,0.35789473684210527,0.29894736842105263,0.4089473684210526,0.5621052631578948,0.41736842105263156,0.41842105263157897,0.5031578947368421,0.3668421052631579,0.3863157894736842,0.4594736842105263,0.4705263157894737,0.37526315789473685,0.4605263157894737,0.31842105263157894,0.55,0.45105263157894737,0.44157894736842107,0.5663157894736842,0.45789473684210524,0.5136842105263157,0.49894736842105264,0.44,0.4431578947368421,0.4652631578947368,0.48473684210526313,0.43157894736842106,0.52,0.4926315789473684,0.5621052631578948,0.36736842105263157,0.5068421052631579,0.5578947368421052,0.48894736842105263,0.32789473684210524,0.4047368421052632,0.5210526315789473,0.4421052631578947,0.46210526315789474,0.5047368421052632,0.40421052631578946,0.43315789473684213,0.4284210526315789,0.5536842105263158,0.3778947368421053,0.3968421052631579,0.38473684210526315,0.3489473684210526,0.46157894736842103,0.4305263157894737,0.508421052631579,0.5178947368421053,0.46842105263157896,0.3368421052631579,0.5068421052631579,0.42210526315789476,0.4568421052631579,0.43526315789473685,0.4705263157894737,0.4663157894736842,0.4163157894736842,0.32842105263157895,0.47789473684210526,0.5989473684210527,0.4515789473684211,0.5636842105263158,0.5268421052631579,0.4842105263157895,0.4457894736842105,0.4673684210526316,0.4236842105263158,0.4036842105263158,0.5615789473684211,0.5136842105263157,0.4047368421052632,0.29578947368421055,0.4463157894736842,0.4594736842105263,0.4726315789473684,0.4731578947368421,0.5221052631578947,0.3489473684210526
0.04	GG2	0.5952631578947368,0.46421052631578946,0.4726315789473684,0.5178947368421053,0.4842105263157895,0.51,0.5468421052631579,0.4436842105263158,0.4905263157894737,0.5321052631578947,0.5705263157894737,0.4468421052631579,0.5063157894736842,0.6063157894736843,0.4842105263157895,0.49473684210526314,0.4978947368421053,0.5636842105263158,0.5042105263157894,0.56,0.48789473684210527,0.5031578947368421,0.5505263157894736,0.43894736842105264,0.46789473684210525,0.5236842105263158,0.5563157894736842,0.4605263157894737,0.5147368421052632,0.42789473684210527,0.5526315789473685,0.47578947368421054,0.4978947368421053,0.5621052631578948,0.5094736842105263,0.6010526315789474,0.41789473684210526,0.5726315789473684,0.5163157894736842,0.5394736842105263,0.3705263157894737,0.4942105263157895,0.5036842105263157,0.5836842105263158,0.48736842105263156,0.5247368421052632,0.4968421052631579,0.58,0.5289473684210526,0.4978947368421053,0.4673684210526316,0.4610526315789474,0.5447368421052632,0.57,0.3510526315789474,0.5657894736842105,0.5557894736842105,0.5731578947368421,0.46157894736842103,0.5278947368421053,0.5673684210526316,0.4589473684210526,0.47947368421052633,0.4321052631578947,0.53,0.3426315789473684,0.5210526315789473,0.47789473684210526,0.391578947368421,0.4494736842105263,0.5036842105263157,0.5621052631578948,0.5257894736842105,0.5,0.5936842105263158,0.5247368421052632,0.37894736842105264,0.5163157894736842,0.5163157894736842,0.5368421052631579,0.533157894736842,0.5247368421052632,0.4831578947368421,0.44894736842105265,0.47157894736842104,0.4868421052631579,0.6089473684210527,0.5042105263157894,0.5147368421052632,0.5305263157894737,0.531578947368421,0.5242105263157895,0.5478947368421052,0.5536842105263158,0.4089473684210526,0.5357894736842105,0.48526315789473684,0.44263157894736843,0.5247368421052632,0.5047368421052632,0.45526315789473687,0.5594736842105263,0.5194736842105263,0.5742105263157895,0.4978947368421053,0.49,0.45526315789473687,0.5189473684210526,0.5031578947368421,0.531578947368421,0.4863157894736842,0.508421052631579,0.5178947368421053,0.5221052631578947,0.5131578947368421,0.5584210526315789,0.5421052631578948,0.4921052631578947,0.5468421052631579,0.39210526315789473,0.4868421052631579,0.5121052631578947,0.5710526315789474,0.42947368421052634,0.4789473684210526,0.5131578947368421,0.5094736842105263,0.4405263157894737,0.48526315789473684,0.5447368421052632,0.41842105263157897,0.5042105263157894,0.55,0.5163157894736842,0.46157894736842103,0.5447368421052632,0.4610526315789474,0.3757894736842105,0.45473684210526316,0.4826315789473684,0.47578947368421054,0.5421052631578948,0.44842105263157894,0.5673684210526316,0.521578947368421,0.598421052631579,0.48157894736842105,0.5631578947368421,0.4863157894736842,0.5057894736842106,0.4963157894736842,0.4457894736842105,0.4189473684210526,0.42105263157894735,0.5573684210526316,0.45263157894736844,0.5715789473684211,0.5542105263157895,0.41947368421052633,0.43842105263157893,0.5578947368421052,0.5263157894736842,0.5494736842105263,0.4468421052631579,0.5347368421052632,0.4442105263157895,0.5384210526315789,0.5063157894736842,0.4831578947368421,0.4605263157894737,0.4926315789473684,0.43526315789473685,0.5247368421052632,0.47368421052631576,0.4768421052631579,0.42894736842105263,0.5352631578947369,0.531578947368421,0.5294736842105263,0.5563157894736842,0.4663157894736842,0.5831578947368421,0.5452631578947369,0.46,0.5536842105263158,0.5647368421052632,0.501578947368421,0.5447368421052632,0.4747368421052632,0.5521052631578948,0.5731578947368421,0.5026315789473684,0.4747368421052632,0.36473684210526314,0.49842105263157893,0.57,0.521578947368421,0.4726315789473684,0.4726315789473684,0.508421052631579
0.06	GEE	0.48736842105263156,0.47947368421052633,0.4421052631578947,0.46473684210526317,0.46578947368421053,0.4,0.47789473684210526,0.4036842105263158,0.45526315789473687,0.48473684210526313,0.42157894736842105,0.4442105263157895,0.4626315789473684,0.41842105263157897,0.45421052631578945,0.48368421052631577,0.4626315789473684,0.4105263157894737,0.47789473684210526,0.49105263157894735,0.46842105263157896,0.47789473684210526,0.4589473684210526,0.46789473684210525,0.47578947368421054,0.45789473684210524,0.3952631578947368,0.32105263157894737,0.4284210526315789,0.41526315789473683,0.4705263157894737,0.4394736842105263,0.4268421052631579,0.4268421052631579,0.4763157894736842,0.4826315789473684,0.44526315789473686,0.4726315789473684,0.4373684210526316,0.42473684210526313,0.4631578947368421,0.4710526315789474,0.2942105263157895,0.3705263157894737,0.4689473684210526,0.3989473684210526,0.45,0.4768421052631579,0.45,0.48789473684210527,0.48105263157894734,0.4478947368421053,0.3736842105263158,0.4842105263157895,0.27578947368421053,0.4805263157894737,0.3757894736842105,0.47578947368421054,0.4747368421052632,0.4226315789473684,0.4747368421052632,0.47210526315789475,0.45421052631578945,0.41842105263157897,0.48473684210526313,0.3968421052631579,0.39052631578947367,0.47,0.3973684210526316,0.39263157894736844,0.47210526315789475,0.4163157894736842,0.3136842105263158,0.4231578947368421,0.4747368421052632,0.48210526315789476,0.41,0.47578947368421054,0.4105263157894737,0.42105263157894735,0.3626315789473684,0.47526315789473683,0.38263157894736843,0.4652631578947368,0.4631578947368421,0.4531578947368421,0.48157894736842105,0.4094736842105263,0.4110526315789474,0.43473684210526314,0.4326315789473684,0.42,0.4805263157894737,0.28157894736842104,0.34157894736842104,0.42736842105263156,0.47210526315789475,0.5005263157894737,0.44263157894736843,0.41842105263157897,0.4731578947368421,0.4378947368421053,0.3952631578947368,0.4342105263157895,0.4205263157894737,0.3726315789473684,0.42105263157894735,0.4805263157894737,0.47526315789473683,0.358421052631579,0.4863157894736842,0.4968421052631579,0.41368421052631577,0.39473684210526316,0.47210526315789475,0.3726315789473684,0.4626315789473684,0.48,0.46210526315789474,0.3605263157894737,0.3605263157894737,0.43157894736842106,0.4168421052631579,0.45789473684210524,0.4921052631578947,0.2810526315789474,0.3331578947368421,0.4073684210526316,0.3757894736842105,0.42578947368421055,0.42789473684210527,0.47,0.47578947368421054,0.47368421052631576,0.44526315789473686,0.4668421052631579,0.3836842105263158,0.4052631578947368,0.3636842105263158,0.4226315789473684,0.28,0.46789473684210525,0.36,0.4242105263157895,0.46842105263157896,0.3431578947368421,0.4094736842105263,0.46473684210526317,0.41526315789473683,0.4163157894736842,0.46421052631578946,0.41368421052631577,0.45421052631578945,0.46789473684210525,0.45842105263157895,0.4863157894736842,0.46578947368421053,0.47736842105263155,0.4189473684210526,0.4263157894736842,0.4763157894736842,0.38842105263157894,0.4463157894736842,0.41842105263157897,0.4694736842105263,0.4052631578947368,0.4005263157894737,0.47210526315789475,0.41789473684210526,0.43315789473684213,0.37315789473684213,0.41789473684210526,0.4163157894736842,0.4321052631578947,0.41210526315789475,0.3394736842105263,0.4468421052631579,0.4405263157894737,0.43157894736842106,0.4605263157894737,0.42,0.37684210526315787,0.47736842105263155,0.39,0.4126315789473684,0.47210526315789475,0.3836842105263158,0.41526315789473683,0.4036842105263158,0.4957894736842105,0.4763157894736842,0.4231578947368421,0.4705263157894737,0.38263157894736843,0.4663157894736842,0.36473684210526314,0.3821052631578947,0.4147368421052632,0.44894736842105265,0.48526315789473684
0.06	GNN	0.4373684210526316,0.3678947368421053,0.3631578947368421,0.3968421052631579,0.3605263157894737,0.44526315789473686,0.2694736842105263,0.34789473684210526,0.3821052631578947,0.3726315789473684,0.47421052631578947,0.3463157894736842,0.3078947368421053,0.4142105263157895,0.2521052631578947,0.4457894736842105,0.3142105263157895,0.4052631578947368,0.42578947368421055,0.32842105263157895,0.32263157894736844,0.28842105263157897,0.38052631578947366,0.4031578947368421,0.4263157894736842,0.3668421052631579,0.3431578947368421,0.3526315789473684,0.3568421052631579,0.32052631578947366,0.43894736842105264,0.35578947368421054,0.3494736842105263,0.41736842105263156,0.38789473684210524,0.4368421052631579,0.37894736842105264,0.3773684210526316,0.35736842105263156,0.34578947368421054,0.3163157894736842,0.41526315789473683,0.36578947368421055,0.41526315789473683,0.42789473684210527,0.43473684210526314,0.3873684210526316,0.4131578947368421,0.3494736842105263,0.35947368421052633,0.31105263157894736,0.3131578947368421,0.4905263157894737,0.37842105263157894,0.39,0.4189473684210526,0.37315789473684213,0.3626315789473684,0.3526315789473684,0.4405263157894737,0.3215789473684211,0.45210526315789473,0.3757894736842105,0.4694736842105263,0.36947368421052634,0.34578947368421054,0.40210526315789474,0.3952631578947368,0.4,0.33210526315789474,0.32526315789473687,0.42526315789473684,0.4826315789473684,0.2731578947368421,0.32526315789473687,0.4047368421052632,0.391578947368421,0.3436842105263158,0.4110526315789474,0.4105263157894737,0.2542105263157895,0.36210526315789476,0.4168421052631579,0.41157894736842104,0.33052631578947367,0.40157894736842104,0.43,0.4110526315789474,0.43,0.5247368421052632,0.3726315789473684,0.4442105263157895,0.3352631578947368,0.4163157894736842,0.3531578947368421,0.4468421052631579,0.4378947368421053,0.39,0.43,0.37684210526315787,0.32894736842105265,0.4236842105263158,0.4189473684210526,0.4226315789473684,0.47736842105263155,0.28210526315789475,0.3331578947368421,0.38263157894736843,0.2968421052631579,0.2868421052631579,0.3631578947368421,0.3505263157894737,0.41157894736842104,0.4168421052631579,0.3994736842105263,0.3589473684210526,0.3736842105263158,0.358421052631579,0.4089473684210526,0.35789473684210527,0.3215789473684211,0.4010526315789474,0.4073684210526316,0.3678947368421053,0.4594736842105263,0.3936842105263158,0.3678947368421053,0.3368421052631579,0.3352631578947368,0.3389473684210526,0.2926315789473684,0.35157894736842105,0.43,0.39421052631578946,0.29947368421052634,0.32473684210526316,0.3952631578947368,0.3836842105263158,0.3105263157894737,0.2768421052631579,0.3815789473684211,0.32842105263157895,0.3831578947368421,0.4363157894736842,0.4094736842105263,0.31473684210526315,0.3626315789473684,0.42789473684210527,0.40421052631578946,0.27,0.41736842105263156,0.3605263157894737,0.3678947368421053,0.42157894736842105,0.33789473684210525,0.3131578947368421,0.40421052631578946,0.38842105263157894,0.39631578947368423,0.3631578947368421,0.43315789473684213,0.38105263157894737,0.40842105263157896,0.27789473684210525,0.4263157894736842,0.37315789473684213,0.358421052631579,0.32526315789473687,0.27421052631578946,0.4031578947368421,0.36210526315789476,0.38526315789473686,0.38421052631578945,0.38052631578947366,0.3973684210526316,0.44,0.3973684210526316,0.3910526315789474,0.3626315789473684,0.4284210526315789,0.32105263157894737,0.29210526315789476,0.39210526315789473,0.358421052631579,0.3310526315789474,0.49105263157894735,0.37,0.41157894736842104,0.43105263157894735,0.3447368421052632,0.38052631578947366,0.3663157894736842,0.3231578947368421,0.33421052631578946,0.42105263157894735,0.4231578947368421,0.45052631578947366,0.37473684210526315,0.3373684210526316,0.3163157894736842
0.06	GG	0.40157894736842104,0.4431578947368421,0.49842105263157893,0.5021052631578947,0.4421052631578947,0.4936842105263158,0.38842105263157894,0.4342105263157895,0.4626315789473684,0.5110526315789473,0.5031578947368421,0.44263157894736843,0.3057894736842105,0.5357894736842105,0.3510526315789474,0.4005263157894737,0.42,0.46,0.5147368421052632,0.36105263157894735,0.35,0.4926315789473684,0.4163157894736842,0.4668421052631579,0.3294736842105263,0.41789473684210526,0.37315789473684213,0.3131578947368421,0.36736842105263157,0.4842105263157895,0.3,0.43894736842105264,0.45052631578947366,0.47789473684210526,0.49473684210526314,0.4610526315789474,0.47578947368421054,0.5373684210526316,0.38842105263157894,0.5373684210526316,0.3547368421052632,0.37473684210526315,0.4473684210526316,0.47526315789473683,0.4047368421052632,0.4326315789473684,0.44526315789473686,0.5178947368421053,0.36473684210526314,0.35578947368421054,0.36,0.5257894736842105,0.4515789473684211,0.4531578947368421,0.3447368421052632,0.4284210526315789,0.4005263157894737,0.4905263157894737,0.4094736842105263,0.45473684210526316,0.3757894736842105,0.4494736842105263,0.39631578947368423,0.48789473684210527,0.4010526315789474,0.38421052631578945,0.5057894736842106,0.4026315789473684,0.42947368421052634,0.4694736842105263,0.3910526315789474,0.45473684210526316,0.5326315789473685,0.4378947368421053,0.4405263157894737,0.5057894736842106,0.3894736842105263,0.4189473684210526,0.47736842105263155,0.41842105263157897,0.4473684210526316,0.5173684210526316,0.44526315789473686,0.42157894736842105,0.38,0.3163157894736842,0.5368421052631579,0.37473684210526315,0.41736842105263156,0.4610526315789474,0.5068421052631579,0.4557894736842105,0.45263157894736844,0.36947368421052634,0.37894736842105264,0.47842105263157897,0.35368421052631577,0.49315789473684213,0.46421052631578946,0.4926315789473684,0.37684210526315787,0.42894736842105263,0.5357894736842105,0.5068421052631579,0.39631578947368423,0.4436842105263158,0.36578947368421055,0.5310526315789473,0.3936842105263158,0.46842105263157896,0.521578947368421,0.4242105263157895,0.4978947368421053,0.4326315789473684,0.4131578947368421,0.3831578947368421,0.3931578947368421,0.4036842105263158,0.5094736842105263,0.36157894736842106,0.31894736842105265,0.4163157894736842,0.5305263157894737,0.4163157894736842,0.45473684210526316,0.3663157894736842,0.3389473684210526,0.3973684210526316,0.49473684210526314,0.46578947368421053,0.3678947368421053,0.4673684210526316,0.35157894736842105,0.4994736842105263,0.42578947368421055,0.41210526315789475,0.5094736842105263,0.41,0.42789473684210527,0.4863157894736842,0.45789473684210524,0.4052631578947368,0.3952631578947368,0.48578947368421055,0.3957894736842105,0.5057894736842106,0.4831578947368421,0.5368421052631579,0.4036842105263158,0.5136842105263157,0.51,0.48947368421052634,0.30157894736842106,0.34210526315789475,0.4957894736842105,0.4026315789473684,0.4268421052631579,0.4689473684210526,0.39421052631578946,0.42473684210526313,0.42736842105263156,0.46473684210526317,0.40578947368421053,0.38842105263157894,0.3426315789473684,0.3257894736842105,0.4536842105263158,0.4168421052631579,0.4789473684210526,0.47,0.41526315789473683,0.31684210526315787,0.47842105263157897,0.4268421052631579,0.4142105263157895,0.3705263157894737,0.3821052631578947,0.45210526315789473,0.4005263157894737,0.26631578947368423,0.4610526315789474,0.5610526315789474,0.44157894736842107,0.5289473684210526,0.47368421052631576,0.4826315789473684,0.46210526315789474,0.4994736842105263,0.391578947368421,0.4268421052631579,0.4710526315789474,0.49736842105263157,0.36947368421052634,0.3452631578947368,0.42947368421052634,0.4326315789473684,0.47789473684210526,0.4789473684210526,0.46210526315789474,0.3721052631578947
0.06	GG2	0.5378947368421053,0.5,0.46473684210526317,0.5089473684210526,0.44842105263157894,0.5121052631578947,0.5478947368421052,0.5242105263157895,0.48,0.5073684210526316,0.44526315789473686,0.4536842105263158,0.4942105263157895,0.5473684210526316,0.44894736842105265,0.5078947368421053,0.47157894736842104,0.4789473684210526,0.5373684210526316,0.46,0.4710526315789474,0.5147368421052632,0.4442105263157895,0.47210526315789475,0.46789473684210525,0.45263157894736844,0.46210526315789474,0.40789473684210525,0.5384210526315789,0.46421052631578946,0.5142105263157895,0.4863157894736842,0.5052631578947369,0.5336842105263158,0.5036842105263157,0.5210526315789473,0.46789473684210525,0.5031578947368421,0.47947368421052633,0.47789473684210526,0.39421052631578946,0.43105263157894735,0.45105263157894737,0.47842105263157897,0.4594736842105263,0.45789473684210524,0.4921052631578947,0.45631578947368423,0.45789473684210524,0.48526315789473684,0.4763157894736842,0.39842105263157895,0.4442105263157895,0.5242105263157895,0.3636842105263158,0.4342105263157895,0.45,0.511578947368421,0.45789473684210524,0.5136842105263157,0.4763157894736842,0.5052631578947369,0.4768421052631579,0.5105263157894737,0.48157894736842105,0.4963157894736842,0.5147368421052632,0.5231578947368422,0.38,0.4357894736842105,0.4631578947368421,0.53,0.5142105263157895,0.5189473684210526,0.5321052631578947,0.49473684210526314,0.49,0.46789473684210525,0.531578947368421,0.4594736842105263,0.4652631578947368,0.5226315789473684,0.4394736842105263,0.46473684210526317,0.4763157894736842,0.45631578947368423,0.5442105263157895,0.4068421052631579,0.4368421052631579,0.48578947368421055,0.5505263157894736,0.4373684210526316,0.49526315789473685,0.511578947368421,0.46789473684210525,0.4205263157894737,0.47421052631578947,0.5005263157894737,0.45526315789473687,0.48473684210526313,0.5136842105263157,0.45,0.5473684210526316,0.5142105263157895,0.4978947368421053,0.4768421052631579,0.4689473684210526,0.48526315789473684,0.511578947368421,0.48473684210526313,0.501578947368421,0.5252631578947369,0.46578947368421053,0.44157894736842107,0.48789473684210527,0.37315789473684213,0.4515789473684211,0.45842105263157895,0.5336842105263158,0.36157894736842106,0.36526315789473685,0.47736842105263155,0.5242105263157895,0.45789473684210524,0.5147368421052632,0.4436842105263158,0.3526315789473684,0.4747368421052632,0.4363157894736842,0.43157894736842106,0.4110526315789474,0.5052631578947369,0.48578947368421055,0.5252631578947369,0.44,0.45263157894736844,0.44894736842105265,0.4031578947368421,0.43157894736842106,0.5342105263157895,0.41947368421052633,0.4305263157894737,0.40210526315789474,0.4968421052631579,0.48473684210526313,0.5194736842105263,0.43526315789473685,0.4594736842105263,0.47368421052631576,0.54,0.46210526315789474,0.4963157894736842,0.4442105263157895,0.46,0.5205263157894737,0.5152631578947369,0.5252631578947369,0.5142105263157895,0.4142105263157895,0.4094736842105263,0.5205263157894737,0.4168421052631579,0.5194736842105263,0.41736842105263156,0.4026315789473684,0.4094736842105263,0.5005263157894737,0.48894736842105263,0.46,0.49,0.3636842105263158,0.4236842105263158,0.5110526315789473,0.45105263157894737,0.36210526315789476,0.4884210526315789,0.5089473684210526,0.5284210526315789,0.4147368421052632,0.4710526315789474,0.46473684210526317,0.5284210526315789,0.5347368421052632,0.5263157894736842,0.5347368421052632,0.5073684210526316,0.46210526315789474,0.4868421052631579,0.47736842105263155,0.4842105263157895,0.5294736842105263,0.48473684210526313,0.3668421052631579,0.4457894736842105,0.4236842105263158,0.4705263157894737,0.4573684210526316,0.5257894736842105,0.47578947368421054,0.5089473684210526
0.08	GEE	0.4668421052631579,0.37842105263157894,0.47421052631578947,0.44526315789473686,0.4673684210526316,0.4726315789473684,0.48,0.45631578947368423,0.4626315789473684,0.41526315789473683,0.40789473684210525,0.42,0.45631578947368423,0.39263157894736844,0.4,0.47,0.45473684210526316,0.4063157894736842,0.4168421052631579,0.4710526315789474,0.40157894736842104,0.47421052631578947,0.42947368421052634,0.4442105263157895,0.35,0.4442105263157895,0.358421052631579,0.34578947368421054,0.38052631578947366,0.4626315789473684,0.46578947368421053,0.46157894736842103,0.4663157894736842,0.42526315789473684,0.34842105263157896,0.32105263157894737,0.4626315789473684,0.41210526315789475,0.43,0.4442105263157895,0.46210526315789474,0.4557894736842105,0.42473684210526313,0.3505263157894737,0.47210526315789475,0.4568421052631579,0.41,0.4710526315789474,0.4473684210526316,0.45789473684210524,0.39263157894736844,0.3726315789473684,0.4036842105263158,0.4605263157894737,0.4436842105263158,0.36473684210526314,0.4663157894736842,0.48736842105263156,0.47526315789473683,0.4068421052631579,0.43105263157894735,0.46578947368421053,0.45052631578947366,0.4626315789473684,0.47526315789473683,0.46421052631578946,0.45263157894736844,0.4026315789473684,0.4226315789473684,0.4768421052631579,0.3973684210526316,0.3973684210526316,0.4242105263157895,0.41526315789473683,0.4663157894736842,0.34578947368421054,0.4531578947368421,0.4168421052631579,0.46157894736842103,0.3547368421052632,0.3936842105263158,0.41789473684210526,0.45842105263157895,0.3473684210526316,0.4805263157894737,0.4694736842105263,0.48368421052631577,0.45052631578947366,0.4094736842105263,0.3705263157894737,0.39789473684210525,0.4073684210526316,0.4515789473684211,0.2910526315789474,0.36157894736842106,0.4515789473684211,0.4557894736842105,0.45,0.4605263157894737,0.4284210526315789,0.27157894736842103,0.3721052631578947,0.4068421052631579,0.4610526315789474,0.47210526315789475,0.4163157894736842,0.41947368421052633,0.4047368421052632,0.4421052631578947,0.33421052631578946,0.39842105263157895,0.4110526315789474,0.4168421052631579,0.44842105263157894,0.46473684210526317,0.3857894736842105,0.4405263157894737,0.3831578947368421,0.4568421052631579,0.3494736842105263,0.3868421052631579,0.4236842105263158,0.4868421052631579,0.4357894736842105,0.41,0.3936842105263158,0.33789473684210525,0.4589473684210526,0.4668421052631579,0.4421052631578947,0.43,0.4573684210526316,0.4089473684210526,0.46157894736842103,0.45526315789473687,0.4457894736842105,0.39421052631578946,0.4126315789473684,0.4105263157894737,0.41157894736842104,0.4478947368421053,0.41578947368421054,0.4536842105263158,0.4731578947368421,0.46,0.47947368421052633,0.4626315789473684,0.4573684210526316,0.38473684210526315,0.391578947368421,0.45210526315789473,0.39842105263157895,0.4231578947368421,0.4731578947368421,0.46789473684210525,0.391578947368421,0.4421052631578947,0.4536842105263158,0.33631578947368423,0.358421052631579,0.4531578947368421,0.4636842105263158,0.48,0.3989473684210526,0.4768421052631579,0.48,0.46,0.39052631578947367,0.4668421052631579,0.3452631578947368,0.3636842105263158,0.3815789473684211,0.41736842105263156,0.4557894736842105,0.4268421052631579,0.4668421052631579,0.4478947368421053,0.4131578947368421,0.4626315789473684,0.47210526315789475,0.4536842105263158,0.46789473684210525,0.45052631578947366,0.45789473684210524,0.4236842105263158,0.45789473684210524,0.43315789473684213,0.38263157894736843,0.3957894736842105,0.4047368421052632,0.4031578947368421,0.4626315789473684,0.36526315789473685,0.41210526315789475,0.2594736842105263,0.39473684210526316,0.4605263157894737,0.4305263157894737,0.4536842105263158,0.40157894736842104
0.08	GNN	0.43105263157894735,0.36894736842105263,0.3757894736842105,0.33421052631578946,0.30842105263157893,0.41368421052631577,0.32,0.33,0.3936842105263158,0.3721052631578947,0.4268421052631579,0.3531578947368421,0.29157894736842105,0.39789473684210525,0.27842105263157896,0.4515789473684211,0.30894736842105264,0.38263157894736843,0.3936842105263158,0.2505263157894737,0.33631578947368423,0.3005263157894737,0.3757894736842105,0.3726315789473684,0.3989473684210526,0.35526315789473684,0.31894736842105265,0.3631578947368421,0.35,0.3352631578947368,0.3931578947368421,0.36210526315789476,0.3121052631578947,0.4131578947368421,0.3542105263157895,0.3736842105263158,0.3021052631578947,0.4,0.4026315789473684,0.3426315789473684,0.27473684210526317,0.3873684210526316,0.37684210526315787,0.4147368421052632,0.4068421052631579,0.3721052631578947,0.39,0.391578947368421,0.37842105263157894,0.3431578947368421,0.3,0.3815789473684211,0.45421052631578945,0.34789473684210526,0.3721052631578947,0.4,0.3894736842105263,0.4031578947368421,0.3763157894736842,0.3973684210526316,0.32052631578947366,0.43315789473684213,0.37105263157894736,0.4594736842105263,0.3505263157894737,0.3368421052631579,0.3778947368421053,0.38263157894736843,0.3505263157894737,0.33157894736842103,0.34,0.3815789473684211,0.41789473684210526,0.2926315789473684,0.2963157894736842,0.34842105263157896,0.37526315789473685,0.3257894736842105,0.39473684210526316,0.4052631578947368,0.3194736842105263,0.37315789473684213,0.36157894736842106,0.3678947368421053,0.38105263157894737,0.3815789473684211,0.42210526315789476,0.36105263157894735,0.37473684210526315,0.42947368421052634,0.3636842105263158,0.4226315789473684,0.36105263157894735,0.3547368421052632,0.36210526315789476,0.4094736842105263,0.40789473684210525,0.33473684210526317,0.38526315789473686,0.38,0.3463157894736842,0.3868421052631579,0.4147368421052632,0.42947368421052634,0.43894736842105264,0.3131578947368421,0.35526315789473684,0.3815789473684211,0.32473684210526316,0.2984210526315789,0.3821052631578947,0.3373684210526316,0.4047368421052632,0.4189473684210526,0.3836842105263158,0.35578947368421054,0.3336842105263158,0.3268421052631579,0.40789473684210525,0.31684210526315787,0.32894736842105265,0.38894736842105265,0.38473684210526315,0.3526315789473684,0.41842105263157897,0.4131578947368421,0.3352631578947368,0.3542105263157895,0.3215789473684211,0.3273684210526316,0.2826315789473684,0.3494736842105263,0.41789473684210526,0.36578947368421055,0.2926315789473684,0.3447368421052632,0.4105263157894737,0.3831578947368421,0.35,0.2615789473684211,0.3568421052631579,0.25684210526315787,0.38421052631578945,0.4373684210526316,0.40421052631578946,0.30526315789473685,0.3626315789473684,0.391578947368421,0.37684210526315787,0.30157894736842106,0.39,0.34842105263157896,0.3778947368421053,0.38842105263157894,0.34789473684210526,0.33421052631578946,0.3994736842105263,0.3894736842105263,0.3426315789473684,0.32842105263157895,0.4321052631578947,0.4036842105263158,0.3231578947368421,0.3310526315789474,0.3894736842105263,0.3910526315789474,0.33,0.28578947368421054,0.3236842105263158,0.4063157894736842,0.37894736842105264,0.3994736842105263,0.35789473684210527,0.3468421052631579,0.37473684210526315,0.42894736842105263,0.36894736842105263,0.3757894736842105,0.3663157894736842,0.40842105263157896,0.3142105263157895,0.29789473684210527,0.3668421052631579,0.38105263157894737,0.3410526315789474,0.4052631578947368,0.42,0.3936842105263158,0.38789473684210524,0.3273684210526316,0.39,0.3742105263157895,0.31526315789473686,0.29947368421052634,0.4126315789473684,0.41210526315789475,0.36578947368421055,0.38105263157894737,0.31684210526315787,0.28578947368421054
0.08	GG	0.36157894736842106,0.42526315789473684,0.39631578947368423,0.4726315789473684,0.4636842105263158,0.49526315789473685,0.36947368421052634,0.4,0.4668421052631579,0.5047368421052632,0.45,0.45526315789473687,0.3021052631578947,0.4884210526315789,0.3352631578947368,0.3857894736842105,0.41736842105263156,0.44842105263157894,0.44473684210526315,0.3489473684210526,0.41789473684210526,0.5,0.42526315789473684,0.3968421052631579,0.3310526315789474,0.39789473684210525,0.43526315789473685,0.3431578947368421,0.37842105263157894,0.44,0.3068421052631579,0.4005263157894737,0.42105263157894735,0.4663157894736842,0.45210526315789473,0.4094736842105263,0.43157894736842106,0.5026315789473684,0.35157894736842105,0.46210526315789474,0.3742105263157895,0.3426315789473684,0.4494736842105263,0.4305263157894737,0.44105263157894736,0.41,0.4142105263157895,0.42526315789473684,0.38894736842105265,0.29736842105263156,0.3626315789473684,0.4926315789473684,0.39052631578947367,0.4394736842105263,0.3136842105263158,0.47526315789473683,0.42210526315789476,0.5021052631578947,0.37894736842105264,0.4263157894736842,0.3763157894736842,0.4668421052631579,0.33263157894736844,0.49105263157894735,0.3642105263157895,0.3836842105263158,0.48473684210526313,0.45052631578947366,0.4710526315789474,0.45052631578947366,0.40157894736842104,0.3994736842105263,0.4936842105263158,0.4226315789473684,0.4226315789473684,0.4631578947368421,0.36526315789473685,0.3931578947368421,0.44,0.36157894736842106,0.45263157894736844,0.5073684210526316,0.38105263157894737,0.3973684210526316,0.4094736842105263,0.3194736842105263,0.5010526315789474,0.3815789473684211,0.41947368421052633,0.4394736842105263,0.4368421052631579,0.44894736842105265,0.45,0.36526315789473685,0.391578947368421,0.46157894736842103,0.33789473684210525,0.4036842105263158,0.4431578947368421,0.47526315789473683,0.3857894736842105,0.4052631578947368,0.51,0.46473684210526317,0.4010526315789474,0.4068421052631579,0.39631578947368423,0.4884210526315789,0.4926315789473684,0.46,0.45842105263157895,0.42894736842105263,0.4663157894736842,0.42736842105263156,0.42,0.358421052631579,0.34421052631578947,0.4089473684210526,0.4868421052631579,0.34578947368421054,0.29736842105263156,0.3757894736842105,0.5136842105263157,0.4789473684210526,0.46,0.3773684210526316,0.33842105263157896,0.37473684210526315,0.4442105263157895,0.44526315789473686,0.3684210526315789,0.42210526315789476,0.3468421052631579,0.45210526315789473,0.48,0.3831578947368421,0.5005263157894737,0.4163157894736842,0.41789473684210526,0.4463157894736842,0.4494736842105263,0.3794736842105263,0.3989473684210526,0.44473684210526315,0.4068421052631579,0.4926315789473684,0.4342105263157895,0.49315789473684213,0.3778947368421053,0.4431578947368421,0.4626315789473684,0.4536842105263158,0.3468421052631579,0.3642105263157895,0.4789473684210526,0.4105263157894737,0.39210526315789473,0.44,0.3684210526315789,0.42210526315789476,0.3894736842105263,0.4863157894736842,0.3952631578947368,0.34,0.35368421052631577,0.34157894736842104,0.44842105263157894,0.41526315789473683,0.4731578947368421,0.4205263157894737,0.4231578947368421,0.2931578947368421,0.4710526315789474,0.36947368421052634,0.43,0.3794736842105263,0.4473684210526316,0.4436842105263158,0.4026315789473684,0.33210526315789474,0.46157894736842103,0.5447368421052632,0.4805263157894737,0.48894736842105263,0.4463157894736842,0.42578947368421055,0.42789473684210527,0.41368421052631577,0.3821052631578947,0.39789473684210525,0.44526315789473686,0.46842105263157896,0.39421052631578946,0.32473684210526316,0.3957894736842105,0.4168421052631579,0.4605263157894737,0.4831578947368421,0.4826315789473684,0.3678947368421053
0.08	GG2	0.45631578947368423,0.4094736842105263,0.4968421052631579,0.4610526315789474,0.4094736842105263,0.5131578947368421,0.5036842105263157,0.3936842105263158,0.4610526315789474,0.5152631578947369,0.47736842105263155,0.42894736842105263,0.4626315789473684,0.48578947368421055,0.4036842105263158,0.4705263157894737,0.42473684210526313,0.46789473684210525,0.4921052631578947,0.47157894736842104,0.4068421052631579,0.4978947368421053,0.43,0.36157894736842106,0.41842105263157897,0.4594736842105263,0.42473684210526313,0.4263157894736842,0.43842105263157893,0.4473684210526316,0.5057894736842106,0.45789473684210524,0.5110526315789473,0.5105263157894737,0.41526315789473683,0.41736842105263156,0.43842105263157893,0.4842105263157895,0.44894736842105265,0.45105263157894737,0.48526315789473684,0.4631578947368421,0.47842105263157897,0.4921052631578947,0.4868421052631579,0.42473684210526313,0.4573684210526316,0.5031578947368421,0.46210526315789474,0.44263157894736843,0.4052631578947368,0.4610526315789474,0.48105263157894734,0.4626315789473684,0.3357894736842105,0.48157894736842105,0.4631578947368421,0.5073684210526316,0.47736842105263155,0.47526315789473683,0.4652631578947368,0.4884210526315789,0.45789473684210524,0.4610526315789474,0.4668421052631579,0.5,0.5010526315789474,0.4768421052631579,0.4768421052631579,0.4463157894736842,0.45210526315789473,0.44105263157894736,0.5026315789473684,0.4726315789473684,0.4831578947368421,0.4342105263157895,0.48210526315789476,0.4968421052631579,0.4868421052631579,0.39421052631578946,0.4705263157894737,0.5242105263157895,0.45631578947368423,0.3626315789473684,0.5026315789473684,0.45473684210526316,0.5194736842105263,0.4689473684210526,0.4763157894736842,0.3873684210526316,0.47789473684210526,0.38842105263157894,0.4668421052631579,0.4142105263157895,0.511578947368421,0.4842105263157895,0.45789473684210524,0.41947368421052633,0.47157894736842104,0.5168421052631579,0.30894736842105264,0.43157894736842106,0.48578947368421055,0.4842105263157895,0.4789473684210526,0.48736842105263156,0.3994736842105263,0.4568421052631579,0.5010526315789474,0.46578947368421053,0.47421052631578947,0.5,0.44473684210526315,0.43315789473684213,0.49157894736842106,0.4363157894736842,0.47578947368421054,0.4105263157894737,0.4473684210526316,0.4357894736842105,0.43,0.39421052631578946,0.4963157894736842,0.43842105263157893,0.501578947368421,0.45631578947368423,0.4,0.4610526315789474,0.48105263157894734,0.47578947368421054,0.44157894736842107,0.4747368421052632,0.47157894736842104,0.5336842105263158,0.41,0.4557894736842105,0.42210526315789476,0.4378947368421053,0.39052631578947367,0.4226315789473684,0.4421052631578947,0.41842105263157897,0.4747368421052632,0.4942105263157895,0.45263157894736844,0.44473684210526315,0.4515789473684211,0.5010526315789474,0.36157894736842106,0.40789473684210525,0.4610526315789474,0.49,0.46210526315789474,0.45789473684210524,0.501578947368421,0.391578947368421,0.4868421052631579,0.49526315789473685,0.3742105263157895,0.4442105263157895,0.4068421052631579,0.4689473684210526,0.4631578947368421,0.4126315789473684,0.46789473684210525,0.4463157894736842,0.4568421052631579,0.3936842105263158,0.4768421052631579,0.3894736842105263,0.4073684210526316,0.40421052631578946,0.45105263157894737,0.4957894736842105,0.4026315789473684,0.4631578947368421,0.46473684210526317,0.4926315789473684,0.4478947368421053,0.48,0.46578947368421053,0.5094736842105263,0.47,0.4942105263157895,0.5178947368421053,0.45263157894736844,0.40789473684210525,0.4268421052631579,0.41947368421052633,0.4,0.4805263157894737,0.4789473684210526,0.44263157894736843,0.4089473684210526,0.38263157894736843,0.3857894736842105,0.4026315789473684,0.5347368421052632,0.4694736842105263,0.48368421052631577
0.1	GEE	0.3368421052631579,0.4436842105263158,0.3989473684210526,0.41789473684210526,0.4442105263157895,0.4536842105263158,0.4531578947368421,0.43842105263157893,0.4368421052631579,0.4457894736842105,0.37894736842105264,0.4431578947368421,0.44263157894736843,0.44842105263157894,0.4336842105263158,0.43105263157894735,0.2805263157894737,0.45842105263157895,0.3821052631578947,0.4442105263157895,0.35157894736842105,0.44473684210526315,0.40210526315789474,0.44263157894736843,0.4594736842105263,0.42157894736842105,0.3463157894736842,0.3231578947368421,0.3357894736842105,0.43315789473684213,0.44842105263157894,0.43,0.28,0.44473684210526315,0.4442105263157895,0.42736842105263156,0.43842105263157893,0.3463157894736842,0.44263157894736843,0.4515789473684211,0.4431578947368421,0.4357894736842105,0.44263157894736843,0.4368421052631579,0.4636842105263158,0.41210526315789475,0.39263157894736844,0.34210526315789475,0.4357894736842105,0.4457894736842105,0.4457894736842105,0.45789473684210524,0.3994736842105263,0.43473684210526314,0.3173684210526316,0.4573684210526316,0.4557894736842105,0.4568421052631579,0.44157894736842107,0.4573684210526316,0.45421052631578945,0.4421052631578947,0.3431578947368421,0.3994736842105263,0.44526315789473686,0.3452631578947368,0.4373684210526316,0.3868421052631579,0.39263157894736844,0.4478947368421053,0.43842105263157893,0.26105263157894737,0.38421052631578945,0.34,0.44,0.4131578947368421,0.4073684210526316,0.3863157894736842,0.44263157894736843,0.45842105263157895,0.3505263157894737,0.4357894736842105,0.4494736842105263,0.39789473684210525,0.4263157894736842,0.41578947368421054,0.3426315789473684,0.4468421052631579,0.4005263157894737,0.38789473684210524,0.38263157894736843,0.3831578947368421,0.4357894736842105,0.25842105263157894,0.44894736842105265,0.4,0.45631578947368423,0.43473684210526314,0.45526315789473687,0.37105263157894736,0.43105263157894735,0.45526315789473687,0.3894736842105263,0.4242105263157895,0.45421052631578945,0.4189473684210526,0.4473684210526316,0.43894736842105264,0.4463157894736842,0.3294736842105263,0.37894736842105264,0.4442105263157895,0.4226315789473684,0.3231578947368421,0.43315789473684213,0.39210526315789473,0.3352631578947368,0.46,0.4442105263157895,0.48473684210526313,0.4531578947368421,0.4421052631578947,0.39263157894736844,0.4305263157894737,0.3873684210526316,0.4363157894736842,0.4594736842105263,0.3357894736842105,0.4094736842105263,0.40842105263157896,0.4363157894736842,0.3626315789473684,0.3831578947368421,0.4478947368421053,0.3157894736842105,0.3473684210526316,0.3894736842105263,0.43526315789473685,0.4378947368421053,0.3857894736842105,0.44105263157894736,0.4631578947368421,0.34210526315789475,0.4431578947368421,0.4063157894736842,0.3836842105263158,0.40578947368421053,0.3952631578947368,0.40210526315789474,0.38473684210526315,0.4321052631578947,0.3215789473684211,0.40157894736842104,0.4442105263157895,0.4436842105263158,0.37842105263157894,0.4052631578947368,0.4463157894736842,0.43842105263157893,0.4026315789473684,0.43526315789473685,0.38894736842105265,0.4263157894736842,0.4026315789473684,0.4394736842105263,0.44842105263157894,0.4568421052631579,0.3531578947368421,0.44473684210526315,0.40789473684210525,0.3742105263157895,0.38526315789473686,0.40578947368421053,0.44473684210526315,0.44473684210526315,0.40842105263157896,0.3994736842105263,0.45473684210526316,0.38789473684210524,0.4473684210526316,0.44157894736842107,0.4436842105263158,0.43894736842105264,0.34789473684210526,0.44894736842105265,0.4805263157894737,0.4242105263157895,0.4573684210526316,0.4421052631578947,0.41210526315789475,0.3736842105263158,0.4436842105263158,0.4363157894736842,0.3821052631578947,0.41157894736842104,0.4473684210526316,0.39631578947368423,0.358421052631579,0.40421052631578946,0.44526315789473686
0.1	GNN	0.4052631578947368,0.3668421052631579,0.3352631578947368,0.29,0.32789473684210524,0.3721052631578947,0.3105263157894737,0.3094736842105263,0.37315789473684213,0.33631578947368423,0.36210526315789476,0.3542105263157895,0.28526315789473683,0.37526315789473685,0.2731578947368421,0.391578947368421,0.28157894736842104,0.358421052631579,0.35526315789473684,0.26421052631578945,0.32789473684210524,0.28789473684210526,0.38,0.3605263157894737,0.39,0.3410526315789474,0.31684210526315787,0.3157894736842105,0.3163157894736842,0.3068421052631579,0.3631578947368421,0.35157894736842105,0.3078947368421053,0.3815789473684211,0.3294736842105263,0.3815789473684211,0.29473684210526313,0.35526315789473684,0.3394736842105263,0.31157894736842107,0.30894736842105264,0.37894736842105264,0.35947368421052633,0.37684210526315787,0.4163157894736842,0.3589473684210526,0.36526315789473685,0.3821052631578947,0.3310526315789474,0.2931578947368421,0.30473684210526314,0.3,0.4063157894736842,0.3078947368421053,0.3436842105263158,0.37315789473684213,0.31894736842105265,0.3078947368421053,0.33789473684210525,0.39,0.34,0.37315789473684213,0.3236842105263158,0.4110526315789474,0.33157894736842103,0.32473684210526316,0.3684210526315789,0.37105263157894736,0.3431578947368421,0.32,0.2968421052631579,0.3815789473684211,0.3910526315789474,0.2463157894736842,0.25842105263157894,0.29947368421052634,0.3663157894736842,0.3,0.3863157894736842,0.35736842105263156,0.3063157894736842,0.3294736842105263,0.3668421052631579,0.3684210526315789,0.3121052631578947,0.3547368421052632,0.38789473684210524,0.37473684210526315,0.36526315789473685,0.4205263157894737,0.3547368421052632,0.39210526315789473,0.34789473684210526,0.3026315789473684,0.3547368421052632,0.3973684210526316,0.3821052631578947,0.3426315789473684,0.38421052631578945,0.33052631578947367,0.3057894736842105,0.32789473684210524,0.3931578947368421,0.39842105263157895,0.41842105263157897,0.32789473684210524,0.3336842105263158,0.3631578947368421,0.32894736842105265,0.29789473684210527,0.3331578947368421,0.29,0.35789473684210527,0.3526315789473684,0.3263157894736842,0.3057894736842105,0.33421052631578946,0.31473684210526315,0.3726315789473684,0.33842105263157896,0.3215789473684211,0.3836842105263158,0.39263157894736844,0.32473684210526316,0.3868421052631579,0.3815789473684211,0.2963157894736842,0.34157894736842104,0.31526315789473686,0.3336842105263158,0.2805263157894737,0.36578947368421055,0.3605263157894737,0.3763157894736842,0.2694736842105263,0.31157894736842107,0.37105263157894736,0.3026315789473684,0.3452631578947368,0.29210526315789476,0.33421052631578946,0.2636842105263158,0.36105263157894735,0.41,0.38526315789473686,0.2789473684210526,0.3394736842105263,0.36894736842105263,0.38,0.26263157894736844,0.33473684210526317,0.32421052631578945,0.35526315789473684,0.3778947368421053,0.36105263157894735,0.3263157894736842,0.36736842105263157,0.32473684210526316,0.33789473684210525,0.35578947368421054,0.35947368421052633,0.3357894736842105,0.3547368421052632,0.24894736842105264,0.37,0.37473684210526315,0.3236842105263158,0.3142105263157895,0.29789473684210527,0.39842105263157895,0.3178947368421053,0.3468421052631579,0.38842105263157894,0.34789473684210526,0.3773684210526316,0.38,0.3636842105263158,0.3763157894736842,0.3194736842105263,0.3936842105263158,0.3026315789473684,0.26052631578947366,0.36157894736842106,0.36105263157894735,0.31684210526315787,0.40157894736842104,0.35,0.3857894736842105,0.37842105263157894,0.2963157894736842,0.34578947368421054,0.37157894736842106,0.26789473684210524,0.29157894736842105,0.3936842105263158,0.3726315789473684,0.34578947368421054,0.35789473684210527,0.3473684210526316,0.2631578947368421
0.1	GG	0.33157894736842103,0.40789473684210525,0.3968421052631579,0.4431578947368421,0.3994736842105263,0.4673684210526316,0.3563157894736842,0.42105263157894735,0.4131578947368421,0.4673684210526316,0.4405263157894737,0.43315789473684213,0.3778947368421053,0.48473684210526313,0.37,0.3763157894736842,0.4063157894736842,0.4652631578947368,0.4610526315789474,0.40157894736842104,0.44157894736842107,0.4589473684210526,0.4031578947368421,0.44105263157894736,0.3173684210526316,0.3742105263157895,0.41842105263157897,0.3268421052631579,0.36157894736842106,0.42,0.28789473684210526,0.3973684210526316,0.4094736842105263,0.4031578947368421,0.4326315789473684,0.39842105263157895,0.41210526315789475,0.4636842105263158,0.4394736842105263,0.46157894736842103,0.38842105263157894,0.33789473684210525,0.39052631578947367,0.4163157894736842,0.4305263157894737,0.42105263157894735,0.3563157894736842,0.4231578947368421,0.3257894736842105,0.35526315789473684,0.36105263157894735,0.4589473684210526,0.35157894736842105,0.3863157894736842,0.3473684210526316,0.41157894736842104,0.3773684210526316,0.46842105263157896,0.38,0.45052631578947366,0.36894736842105263,0.42157894736842105,0.3705263157894737,0.42736842105263156,0.37894736842105264,0.34842105263157896,0.4421052631578947,0.40578947368421053,0.43526315789473685,0.4326315789473684,0.39473684210526316,0.39210526315789473,0.4663157894736842,0.41842105263157897,0.41947368421052633,0.4431578947368421,0.39,0.38052631578947366,0.40578947368421053,0.45210526315789473,0.4305263157894737,0.4305263157894737,0.38105263157894737,0.36894736842105263,0.37,0.3831578947368421,0.4636842105263158,0.36210526315789476,0.42736842105263156,0.41368421052631577,0.4126315789473684,0.39842105263157895,0.4357894736842105,0.3294736842105263,0.38526315789473686,0.4336842105263158,0.33263157894736844,0.3736842105263158,0.4189473684210526,0.4789473684210526,0.4378947368421053,0.38894736842105265,0.4610526315789474,0.4431578947368421,0.3868421052631579,0.37473684210526315,0.36736842105263157,0.45263157894736844,0.3742105263157895,0.44842105263157894,0.42736842105263156,0.43157894736842106,0.4036842105263158,0.42947368421052634,0.3973684210526316,0.32894736842105265,0.32263157894736844,0.3721052631578947,0.42947368421052634,0.36157894736842106,0.3131578947368421,0.4131578947368421,0.46473684210526317,0.36210526315789476,0.3815789473684211,0.45052631578947366,0.33210526315789474,0.40789473684210525,0.4063157894736842,0.4342105263157895,0.3389473684210526,0.40210526315789474,0.33421052631578946,0.44263157894736843,0.36578947368421055,0.4068421052631579,0.45,0.4094736842105263,0.42473684210526313,0.42526315789473684,0.4357894736842105,0.3815789473684211,0.3773684210526316,0.4436842105263158,0.40789473684210525,0.41842105263157897,0.4668421052631579,0.46421052631578946,0.41368421052631577,0.41368421052631577,0.44105263157894736,0.42157894736842105,0.3236842105263158,0.36105263157894735,0.44105263157894736,0.3868421052631579,0.3778947368421053,0.4336842105263158,0.3263157894736842,0.41578947368421054,0.4189473684210526,0.4168421052631579,0.3542105263157895,0.3642105263157895,0.3368421052631579,0.35526315789473684,0.391578947368421,0.41368421052631577,0.44473684210526315,0.44526315789473686,0.36473684210526314,0.3094736842105263,0.4663157894736842,0.3873684210526316,0.40421052631578946,0.36210526315789476,0.41842105263157897,0.41789473684210526,0.3636842105263158,0.37526315789473685,0.45421052631578945,0.4405263157894737,0.4405263157894737,0.4668421052631579,0.4405263157894737,0.40842105263157896,0.42157894736842105,0.43105263157894735,0.3778947368421053,0.36526315789473685,0.4468421052631579,0.4189473684210526,0.3742105263157895,0.3868421052631579,0.39789473684210525,0.38263157894736843,0.4326315789473684,0.4305263157894737,0.45263157894736844,0.39052631578947367
0.1	GG2	0.42526315789473684,0.4336842105263158,0.4631578947368421,0.4626315789473684,0.4378947368421053,0.46789473684210525,0.46210526315789474,0.45421052631578945,0.47368421052631576,0.4673684210526316,0.4226315789473684,0.4031578947368421,0.44526315789473686,0.4831578947368421,0.43,0.4494736842105263,0.3605263157894737,0.4652631578947368,0.4726315789473684,0.42789473684210527,0.43315789473684213,0.41157894736842104,0.45,0.4363157894736842,0.3742105263157895,0.41578947368421054,0.4394736842105263,0.35789473684210527,0.39842105263157895,0.4231578947368421,0.4705263157894737,0.4373684210526316,0.4110526315789474,0.43105263157894735,0.4652631578947368,0.4394736842105263,0.40578947368421053,0.41368421052631577,0.44526315789473686,0.44894736842105265,0.4163157894736842,0.4321052631578947,0.43842105263157893,0.43526315789473685,0.45473684210526316,0.43157894736842106,0.41526315789473683,0.4557894736842105,0.4536842105263158,0.45052631578947366,0.40578947368421053,0.4668421052631579,0.43,0.4421052631578947,0.34578947368421054,0.4668421052631579,0.4473684210526316,0.47578947368421054,0.3952631578947368,0.45210526315789473,0.46,0.4305263157894737,0.4094736842105263,0.4268421052631579,0.3952631578947368,0.42157894736842105,0.4610526315789474,0.44894736842105265,0.43105263157894735,0.45210526315789473,0.42578947368421055,0.32526315789473687,0.4063157894736842,0.3957894736842105,0.46157894736842103,0.38894736842105265,0.39631578947368423,0.42578947368421055,0.42894736842105263,0.45052631578947366,0.45421052631578945,0.4405263157894737,0.42210526315789476,0.4031578947368421,0.4147368421052632,0.42526315789473684,0.4531578947368421,0.4468421052631579,0.3763157894736842,0.43842105263157893,0.39421052631578946,0.40789473684210525,0.4473684210526316,0.33,0.3447368421052632,0.4594736842105263,0.4147368421052632,0.45210526315789473,0.4573684210526316,0.46421052631578946,0.41842105263157897,0.4436842105263158,0.44105263157894736,0.4568421052631579,0.4573684210526316,0.3857894736842105,0.3705263157894737,0.4421052631578947,0.45052631578947366,0.4105263157894737,0.41,0.44263157894736843,0.4394736842105263,0.3794736842105263,0.4363157894736842,0.40210526315789474,0.40842105263157896,0.46210526315789474,0.43894736842105264,0.4631578947368421,0.4515789473684211,0.4405263157894737,0.4205263157894737,0.4326315789473684,0.41789473684210526,0.44894736842105265,0.45210526315789473,0.41736842105263156,0.41,0.42,0.43473684210526314,0.4363157894736842,0.46210526315789474,0.45631578947368423,0.35157894736842105,0.4205263157894737,0.4242105263157895,0.37526315789473685,0.3794736842105263,0.43473684210526314,0.4236842105263158,0.44894736842105265,0.4047368421052632,0.4557894736842105,0.41210526315789475,0.3726315789473684,0.42578947368421055,0.4105263157894737,0.4026315789473684,0.42578947368421055,0.4284210526315789,0.4231578947368421,0.44105263157894736,0.4268421052631579,0.45,0.3863157894736842,0.4284210526315789,0.4594736842105263,0.41578947368421054,0.41210526315789475,0.47526315789473683,0.4026315789473684,0.4394736842105263,0.4363157894736842,0.44105263157894736,0.41578947368421054,0.4689473684210526,0.3605263157894737,0.42736842105263156,0.42578947368421055,0.3678947368421053,0.4378947368421053,0.46842105263157896,0.4236842105263158,0.44526315789473686,0.3868421052631579,0.45473684210526316,0.46,0.3994736842105263,0.42789473684210527,0.44263157894736843,0.4763157894736842,0.4373684210526316,0.42210526315789476,0.48157894736842105,0.48894736842105263,0.3894736842105263,0.4731578947368421,0.44526315789473686,0.40789473684210525,0.46578947368421053,0.45263157894736844,0.42473684210526313,0.3910526315789474,0.4326315789473684,0.42105263157894735,0.43894736842105264,0.4284210526315789,0.47526315789473683,0.37894736842105264
0.12	GEE	0.4268421052631579,0.38263157894736843,0.3831578947368421,0.3336842105263158,0.3989473684210526,0.37,0.27157894736842103,0.4131578947368421,0.40157894736842104,0.4405263157894737,0.37894736842105264,0.2931578947368421,0.3352631578947368,0.3721052631578947,0.4336842105263158,0.4436842105263158,0.28526315789473683,0.4373684210526316,0.3763157894736842,0.4463157894736842,0.45842105263157895,0.3531578947368421,0.4321052631578947,0.4268421052631579,0.32789473684210524,0.39,0.4442105263157895,0.2926315789473684,0.3068421052631579,0.39421052631578946,0.43894736842105264,0.3952631578947368,0.37157894736842106,0.37894736842105264,0.43894736842105264,0.38052631578947366,0.4468421052631579,0.3936842105263158,0.41947368421052633,0.42789473684210527,0.3873684210526316,0.4494736842105263,0.4342105263157895,0.4031578947368421,0.44473684210526315,0.37842105263157894,0.41526315789473683,0.42105263157894735,0.43842105263157893,0.4321052631578947,0.3831578947368421,0.39,0.44157894736842107,0.44157894736842107,0.2863157894736842,0.32105263157894737,0.33789473684210525,0.4326315789473684,0.3663157894736842,0.3705263157894737,0.44105263157894736,0.38894736842105265,0.3815789473684211,0.38263157894736843,0.33210526315789474,0.4242105263157895,0.3836842105263158,0.4421052631578947,0.38105263157894737,0.35210526315789475,0.3273684210526316,0.3868421052631579,0.3857894736842105,0.37842105263157894,0.42789473684210527,0.4394736842105263,0.44894736842105265,0.38842105263157894,0.4357894736842105,0.4368421052631579,0.39263157894736844,0.44473684210526315,0.3994736842105263,0.3268421052631579,0.4442105263157895,0.3678947368421053,0.3836842105263158,0.38052631578947366,0.42526315789473684,0.35210526315789475,0.4494736842105263,0.3663157894736842,0.3773684210526316,0.27473684210526317,0.32263157894736844,0.38789473684210524,0.4368421052631579,0.35368421052631577,0.3894736842105263,0.38526315789473686,0.2794736842105263,0.35,0.4515789473684211,0.4,0.44157894736842107,0.42473684210526313,0.30736842105263157,0.3663157894736842,0.4394736842105263,0.3763157894736842,0.38526315789473686,0.3394736842105263,0.41947368421052633,0.39473684210526316,0.44105263157894736,0.45421052631578945,0.39052631578947367,0.37315789473684213,0.3663157894736842,0.4336842105263158,0.3236842105263158,0.3994736842105263,0.3568421052631579,0.43473684210526314,0.3568421052631579,0.4305263157894737,0.3447368421052632,0.4442105263157895,0.40421052631578946,0.31894736842105265,0.44,0.4205263157894737,0.43526315789473685,0.3605263157894737,0.3794736842105263,0.43473684210526314,0.33789473684210525,0.4263157894736842,0.3505263157894737,0.3257894736842105,0.42157894736842105,0.3763157894736842,0.3815789473684211,0.4373684210526316,0.42947368421052634,0.32421052631578945,0.4342105263157895,0.37684210526315787,0.42105263157894735,0.40157894736842104,0.42736842105263156,0.41157894736842104,0.4284210526315789,0.4405263157894737,0.40578947368421053,0.36947368421052634,0.43473684210526314,0.3821052631578947,0.3831578947368421,0.41947368421052633,0.3973684210526316,0.3736842105263158,0.3489473684210526,0.3352631578947368,0.39473684210526316,0.38894736842105265,0.4463157894736842,0.3778947368421053,0.2968421052631579,0.42157894736842105,0.391578947368421,0.3742105263157895,0.39789473684210525,0.39421052631578946,0.34421052631578947,0.43526315789473685,0.3426315789473684,0.39,0.42894736842105263,0.3373684210526316,0.4105263157894737,0.4431578947368421,0.43842105263157893,0.39421052631578946,0.43,0.43526315789473685,0.4231578947368421,0.3568421052631579,0.37473684210526315,0.4473684210526316,0.4442105263157895,0.3426315789473684,0.4263157894736842,0.3389473684210526,0.43157894736842106,0.37684210526315787,0.42736842105263156,0.37157894736842106,0.4442105263157895,0.4378947368421053
0.12	GNN	0.4105263157894737,0.2968421052631579,0.32210526315789473,0.2636842105263158,0.32263157894736844,0.38526315789473686,0.31526315789473686,0.29368421052631577,0.3931578947368421,0.33789473684210525,0.34842105263157896,0.31473684210526315,0.25157894736842107,0.37684210526315787,0.2826315789473684,0.4110526315789474,0.2636842105263158,0.3626315789473684,0.37473684210526315,0.30894736842105264,0.3036842105263158,0.2578947368421053,0.3636842105263158,0.35947368421052633,0.3678947368421053,0.37315789473684213,0.31842105263157894,0.33631578947368423,0.31157894736842107,0.2963157894736842,0.3473684210526316,0.33842105263157896,0.2521052631578947,0.37526315789473685,0.3642105263157895,0.37526315789473685,0.27578947368421053,0.3452631578947368,0.36526315789473685,0.30842105263157893,0.3142105263157895,0.3489473684210526,0.3678947368421053,0.37842105263157894,0.36578947368421055,0.38473684210526315,0.37157894736842106,0.3678947368421053,0.3531578947368421,0.2968421052631579,0.2789473684210526,0.32473684210526316,0.38894736842105265,0.3394736842105263,0.35526315789473684,0.36157894736842106,0.3036842105263158,0.3257894736842105,0.33,0.37526315789473685,0.33157894736842103,0.3968421052631579,0.3194736842105263,0.4073684210526316,0.32894736842105265,0.33157894736842103,0.3836842105263158,0.3431578947368421,0.3705263157894737,0.31105263157894736,0.29578947368421055,0.3642105263157895,0.3678947368421053,0.2373684210526316,0.2931578947368421,0.30736842105263157,0.36473684210526314,0.29894736842105263,0.38473684210526315,0.3684210526315789,0.2468421052631579,0.3236842105263158,0.3721052631578947,0.3468421052631579,0.3078947368421053,0.3473684210526316,0.42,0.3157894736842105,0.38,0.4457894736842105,0.3678947368421053,0.4,0.358421052631579,0.33421052631578946,0.3142105263157895,0.4026315789473684,0.36157894736842106,0.3447368421052632,0.391578947368421,0.32789473684210524,0.2873684210526316,0.2694736842105263,0.37,0.4026315789473684,0.41210526315789475,0.30105263157894735,0.3163157894736842,0.28842105263157897,0.30157894736842106,0.2805263157894737,0.3631578947368421,0.30894736842105264,0.33789473684210525,0.37842105263157894,0.3215789473684211,0.3078947368421053,0.32842105263157895,0.3036842105263158,0.3631578947368421,0.29894736842105263,0.29210526315789476,0.36736842105263157,0.3405263157894737,0.34421052631578947,0.3815789473684211,0.37473684210526315,0.33631578947368423,0.33789473684210525,0.3368421052631579,0.3005263157894737,0.27631578947368424,0.32210526315789473,0.3873684210526316,0.36473684210526314,0.26,0.3631578947368421,0.3736842105263158,0.29526315789473684,0.32526315789473687,0.24789473684210525,0.3510526315789474,0.34578947368421054,0.3605263157894737,0.4,0.37894736842105264,0.30736842105263157,0.3236842105263158,0.38894736842105265,0.36526315789473685,0.27421052631578946,0.37473684210526315,0.3357894736842105,0.3452631578947368,0.36105263157894735,0.3463157894736842,0.29736842105263156,0.37,0.3336842105263158,0.31157894736842107,0.33157894736842103,0.3836842105263158,0.3031578947368421,0.3426315789473684,0.2789473684210526,0.3636842105263158,0.391578947368421,0.3436842105263158,0.2905263157894737,0.28578947368421054,0.3636842105263158,0.3473684210526316,0.3331578947368421,0.3726315789473684,0.3547368421052632,0.37684210526315787,0.39263157894736844,0.36,0.3863157894736842,0.32842105263157895,0.3968421052631579,0.28210526315789475,0.28210526315789475,0.33631578947368423,0.3531578947368421,0.29894736842105263,0.38473684210526315,0.3436842105263158,0.37684210526315787,0.3663157894736842,0.30736842105263157,0.34842105263157896,0.38526315789473686,0.22578947368421054,0.28210526315789475,0.4036842105263158,0.35789473684210527,0.35,0.3473684210526316,0.3310526315789474,0.27421052631578946
0.12	GG	0.3389473684210526,0.41526315789473683,0.4005263157894737,0.4036842105263158,0.39421052631578946,0.4342105263157895,0.33789473684210525,0.3705263157894737,0.45526315789473687,0.45526315789473687,0.43,0.4342105263157895,0.30473684210526314,0.46842105263157896,0.3952631578947368,0.36947368421052634,0.39631578947368423,0.4442105263157895,0.41,0.3547368421052632,0.3410526315789474,0.4468421052631579,0.42157894736842105,0.42157894736842105,0.30894736842105264,0.3794736842105263,0.42526315789473684,0.32526315789473687,0.3763157894736842,0.4205263157894737,0.29947368421052634,0.36736842105263157,0.37684210526315787,0.42947368421052634,0.4368421052631579,0.3736842105263158,0.41,0.4457894736842105,0.38526315789473686,0.4284210526315789,0.3373684210526316,0.35578947368421054,0.40421052631578946,0.3994736842105263,0.3815789473684211,0.38842105263157894,0.35,0.4036842105263158,0.3815789473684211,0.33210526315789474,0.3526315789473684,0.43526315789473685,0.3831578947368421,0.358421052631579,0.35736842105263156,0.42473684210526313,0.4,0.4126315789473684,0.35210526315789475,0.3968421052631579,0.33789473684210525,0.4373684210526316,0.3742105263157895,0.4494736842105263,0.35,0.3352631578947368,0.46157894736842103,0.4305263157894737,0.4263157894736842,0.4031578947368421,0.35736842105263156,0.4131578947368421,0.4494736842105263,0.40578947368421053,0.4036842105263158,0.43315789473684213,0.3726315789473684,0.37105263157894736,0.4168421052631579,0.37842105263157894,0.42526315789473684,0.4605263157894737,0.4268421052631579,0.3542105263157895,0.3968421052631579,0.32894736842105265,0.46157894736842103,0.37473684210526315,0.4089473684210526,0.4226315789473684,0.4442105263157895,0.42157894736842105,0.40421052631578946,0.3389473684210526,0.34578947368421054,0.4515789473684211,0.3357894736842105,0.4089473684210526,0.41526315789473683,0.4326315789473684,0.4478947368421053,0.37105263157894736,0.4368421052631579,0.4568421052631579,0.3742105263157895,0.3294736842105263,0.34,0.46157894736842103,0.391578947368421,0.4242105263157895,0.37315789473684213,0.3831578947368421,0.4473684210526316,0.4357894736842105,0.41,0.37526315789473685,0.36210526315789476,0.35368421052631577,0.4189473684210526,0.38526315789473686,0.3063157894736842,0.41526315789473683,0.44,0.4110526315789474,0.41578947368421054,0.44526315789473686,0.3494736842105263,0.33263157894736844,0.42578947368421055,0.4052631578947368,0.33421052631578946,0.3668421052631579,0.33157894736842103,0.41578947368421054,0.4405263157894737,0.36526315789473685,0.45789473684210524,0.3773684210526316,0.39,0.37842105263157894,0.4231578947368421,0.39263157894736844,0.3531578947368421,0.4431578947368421,0.3526315789473684,0.42789473684210527,0.4063157894736842,0.4378947368421053,0.3394736842105263,0.4531578947368421,0.43894736842105264,0.44,0.3257894736842105,0.3631578947368421,0.44526315789473686,0.3821052631578947,0.38894736842105265,0.4189473684210526,0.3626315789473684,0.3368421052631579,0.37894736842105264,0.4368421052631579,0.4242105263157895,0.3357894736842105,0.3868421052631579,0.3352631578947368,0.4226315789473684,0.4094736842105263,0.4394736842105263,0.40210526315789474,0.3936842105263158,0.2942105263157895,0.44,0.38789473684210524,0.37684210526315787,0.4305263157894737,0.3815789473684211,0.4147368421052632,0.35157894736842105,0.3605263157894737,0.4189473684210526,0.4478947368421053,0.3873684210526316,0.4431578947368421,0.4005263157894737,0.39263157894736844,0.4063157894736842,0.39263157894736844,0.34,0.3952631578947368,0.4394736842105263,0.4394736842105263,0.3473684210526316,0.35,0.39421052631578946,0.3589473684210526,0.42157894736842105,0.39210526315789473,0.4536842105263158,0.3031578947368421
0.12	GG2	0.4263157894736842,0.4478947368421053,0.39473684210526316,0.3721052631578947,0.42736842105263156,0.4478947368421053,0.3236842105263158,0.39,0.4473684210526316,0.4036842105263158,0.4284210526315789,0.4031578947368421,0.3705263157894737,0.4368421052631579,0.40421052631578946,0.4431578947368421,0.3778947368421053,0.4536842105263158,0.40157894736842104,0.4168421052631579,0.4321052631578947,0.358421052631579,0.4131578947368421,0.41789473684210526,0.3468421052631579,0.43,0.4473684210526316,0.36105263157894735,0.31105263157894736,0.42526315789473684,0.45842105263157895,0.4010526315789474,0.4,0.3563157894736842,0.4531578947368421,0.46210526315789474,0.4536842105263158,0.45210526315789473,0.44,0.41947368421052633,0.38,0.4610526315789474,0.3994736842105263,0.4394736842105263,0.4342105263157895,0.39473684210526316,0.3736842105263158,0.4026315789473684,0.4105263157894737,0.4263157894736842,0.38421052631578945,0.4605263157894737,0.4094736842105263,0.42736842105263156,0.358421052631579,0.4142105263157895,0.44473684210526315,0.4305263157894737,0.37,0.42789473684210527,0.4536842105263158,0.4126315789473684,0.45526315789473687,0.3778947368421053,0.3373684210526316,0.4263157894736842,0.44842105263157894,0.44842105263157894,0.3994736842105263,0.4073684210526316,0.4126315789473684,0.4668421052631579,0.4442105263157895,0.36578947368421055,0.4531578947368421,0.4063157894736842,0.45631578947368423,0.43105263157894735,0.42894736842105263,0.4494736842105263,0.43105263157894735,0.4805263157894737,0.42157894736842105,0.38052631578947366,0.4442105263157895,0.39631578947368423,0.4663157894736842,0.3863157894736842,0.47210526315789475,0.4063157894736842,0.46842105263157896,0.4073684210526316,0.37315789473684213,0.36105263157894735,0.36210526315789476,0.4478947368421053,0.4468421052631579,0.4026315789473684,0.45526315789473687,0.43,0.3968421052631579,0.36894736842105263,0.42789473684210527,0.45,0.46421052631578946,0.43,0.36578947368421055,0.4568421052631579,0.4463157894736842,0.38105263157894737,0.4378947368421053,0.3873684210526316,0.4336842105263158,0.41157894736842104,0.37315789473684213,0.4568421052631579,0.39789473684210525,0.37684210526315787,0.43315789473684213,0.43842105263157893,0.3989473684210526,0.4405263157894737,0.39842105263157895,0.4094736842105263,0.3778947368421053,0.44263157894736843,0.4189473684210526,0.4063157894736842,0.4336842105263158,0.38052631578947366,0.42736842105263156,0.3968421052631579,0.4105263157894737,0.4126315789473684,0.36947368421052634,0.43894736842105264,0.4394736842105263,0.3863157894736842,0.3873684210526316,0.41157894736842104,0.3994736842105263,0.37315789473684213,0.38421052631578945,0.4494736842105263,0.4284210526315789,0.44526315789473686,0.42105263157894735,0.3873684210526316,0.4226315789473684,0.4605263157894737,0.44473684210526315,0.4226315789473684,0.4205263157894737,0.41368421052631577,0.46473684210526317,0.3678947368421053,0.4305263157894737,0.42789473684210527,0.3815789473684211,0.42105263157894735,0.4268421052631579,0.4110526315789474,0.4394736842105263,0.36473684210526314,0.4036842105263158,0.39842105263157895,0.45842105263157895,0.41578947368421054,0.4394736842105263,0.3778947368421053,0.4373684210526316,0.43105263157894735,0.45789473684210524,0.4436842105263158,0.3957894736842105,0.42789473684210527,0.37473684210526315,0.37526315789473685,0.3989473684210526,0.4010526315789474,0.4031578947368421,0.4436842105263158,0.4457894736842105,0.43526315789473685,0.44263157894736843,0.43157894736842106,0.4031578947368421,0.36473684210526314,0.39842105263157895,0.3931578947368421,0.47,0.4363157894736842,0.4142105263157895,0.38894736842105265,0.3794736842105263,0.3531578947368421,0.4236842105263158,0.44473684210526315,0.34421052631578947,0.33473684210526317
0.14	GEE	0.35210526315789475,0.358421052631579,0.40210526315789474,0.39,0.29947368421052634,0.4142105263157895,0.41736842105263156,0.4326315789473684,0.4131578947368421,0.38263157894736843,0.3626315789473684,0.32789473684210524,0.4142105263157895,0.3815789473684211,0.3868421052631579,0.42157894736842105,0.3957894736842105,0.3684210526315789,0.3794736842105263,0.35210526315789475,0.4089473684210526,0.43105263157894735,0.40842105263157896,0.3431578947368421,0.31526315789473686,0.3794736842105263,0.3136842105263158,0.3126315789473684,0.4089473684210526,0.40157894736842104,0.4089473684210526,0.4010526315789474,0.24894736842105264,0.41789473684210526,0.3357894736842105,0.4,0.34842105263157896,0.3815789473684211,0.391578947368421,0.3678947368421053,0.39789473684210525,0.42473684210526313,0.3836842105263158,0.37157894736842106,0.41789473684210526,0.36736842105263157,0.35736842105263156,0.3952631578947368,0.3178947368421053,0.3568421052631579,0.3163157894736842,0.3831578947368421,0.40421052631578946,0.3531578947368421,0.4005263157894737,0.39052631578947367,0.38052631578947366,0.41210526315789475,0.36473684210526314,0.3757894736842105,0.41842105263157897,0.3705263157894737,0.4236842105263158,0.31842105263157894,0.42210526315789476,0.41736842105263156,0.37315789473684213,0.4105263157894737,0.34210526315789475,0.4105263157894737,0.3131578947368421,0.3563157894736842,0.3721052631578947,0.37684210526315787,0.3131578947368421,0.30105263157894735,0.41210526315789475,0.4305263157894737,0.30736842105263157,0.3910526315789474,0.33210526315789474,0.3131578947368421,0.34,0.39842105263157895,0.35947368421052633,0.36,0.4147368421052632,0.40842105263157896,0.36,0.3268421052631579,0.3547368421052632,0.41842105263157897,0.4063157894736842,0.2810526315789474,0.3094736842105263,0.3678947368421053,0.3494736842105263,0.4163157894736842,0.37842105263157894,0.3605263157894737,0.39,0.4068421052631579,0.35157894736842105,0.39842105263157895,0.40421052631578946,0.38052631578947366,0.3821052631578947,0.41947368421052633,0.3726315789473684,0.40842105263157896,0.3736842105263158,0.35157894736842105,0.41947368421052633,0.3968421052631579,0.35,0.35157894736842105,0.40210526315789474,0.37,0.4068421052631579,0.3452631578947368,0.3463157894736842,0.39052631578947367,0.3542105263157895,0.33052631578947367,0.37684210526315787,0.41,0.37157894736842106,0.4231578947368421,0.4126315789473684,0.3547368421052632,0.29736842105263156,0.3173684210526316,0.43315789473684213,0.41842105263157897,0.3973684210526316,0.38421052631578945,0.41842105263157897,0.4068421052631579,0.3668421052631579,0.3857894736842105,0.25,0.4131578947368421,0.4,0.4142105263157895,0.40789473684210525,0.3231578947368421,0.3547368421052632,0.3757894736842105,0.36894736842105263,0.42157894736842105,0.4268421052631579,0.31157894736842107,0.4147368421052632,0.4263157894736842,0.4147368421052632,0.40421052631578946,0.3547368421052632,0.37473684210526315,0.36947368421052634,0.4205263157894737,0.37894736842105264,0.4126315789473684,0.37157894736842106,0.32263157894736844,0.3757894736842105,0.4105263157894737,0.41789473684210526,0.3636842105263158,0.3626315789473684,0.3705263157894737,0.41789473684210526,0.4336842105263158,0.34789473684210526,0.2594736842105263,0.3894736842105263,0.41157894736842104,0.3157894736842105,0.38,0.42473684210526313,0.3436842105263158,0.41,0.30894736842105264,0.4026315789473684,0.3094736842105263,0.38263157894736843,0.4026315789473684,0.3973684210526316,0.3463157894736842,0.4063157894736842,0.3778947368421053,0.35789473684210527,0.41157894736842104,0.3957894736842105,0.3526315789473684,0.4094736842105263,0.36157894736842106,0.4163157894736842,0.42789473684210527,0.40842105263157896,0.30842105263157893
0.14	GNN	0.39210526315789473,0.3068421052631579,0.3136842105263158,0.2836842105263158,0.3257894736842105,0.3426315789473684,0.3178947368421053,0.2578947368421053,0.36894736842105263,0.3194736842105263,0.3121052631578947,0.2873684210526316,0.2363157894736842,0.3352631578947368,0.27842105263157896,0.3663157894736842,0.2889473684210526,0.3778947368421053,0.3763157894736842,0.31684210526315787,0.29368421052631577,0.2505263157894737,0.37,0.3605263157894737,0.36947368421052634,0.3178947368421053,0.33210526315789474,0.29473684210526313,0.3005263157894737,0.32210526315789473,0.3310526315789474,0.3336842105263158,0.3094736842105263,0.33263157894736844,0.28842105263157897,0.34157894736842104,0.32263157894736844,0.35526315789473684,0.3136842105263158,0.32105263157894737,0.29947368421052634,0.33789473684210525,0.3173684210526316,0.3510526315789474,0.3815789473684211,0.3263157894736842,0.37,0.32052631578947366,0.31894736842105265,0.31526315789473686,0.2894736842105263,0.3215789473684211,0.3726315789473684,0.3663157894736842,0.3068421052631579,0.3547368421052632,0.2894736842105263,0.3121052631578947,0.32473684210526316,0.3068421052631579,0.3257894736842105,0.3268421052631579,0.31105263157894736,0.38421052631578945,0.3063157894736842,0.3473684210526316,0.35947368421052633,0.29947368421052634,0.3121052631578947,0.32421052631578945,0.25894736842105265,0.37526315789473685,0.38842105263157894,0.24368421052631578,0.27421052631578946,0.3031578947368421,0.3589473684210526,0.2905263157894737,0.3636842105263158,0.34421052631578947,0.27263157894736845,0.3563157894736842,0.32052631578947366,0.3310526315789474,0.29947368421052634,0.3310526315789474,0.3857894736842105,0.33052631578947367,0.33631578947368423,0.40789473684210525,0.3447368421052632,0.37315789473684213,0.3605263157894737,0.3021052631578947,0.29578947368421055,0.3821052631578947,0.3505263157894737,0.3473684210526316,0.3568421052631579,0.29210526315789476,0.29368421052631577,0.3121052631578947,0.3273684210526316,0.38052631578947366,0.3763157894736842,0.3121052631578947,0.3215789473684211,0.3026315789473684,0.32473684210526316,0.26789473684210524,0.3473684210526316,0.34210526315789475,0.34210526315789475,0.35736842105263156,0.29947368421052634,0.31894736842105265,0.31894736842105265,0.28421052631578947,0.3310526315789474,0.29578947368421055,0.2710526315789474,0.358421052631579,0.31684210526315787,0.3310526315789474,0.35947368421052633,0.31894736842105265,0.3257894736842105,0.32473684210526316,0.32052631578947366,0.3068421052631579,0.25894736842105265,0.3447368421052632,0.3389473684210526,0.34842105263157896,0.28,0.2984210526315789,0.3336842105263158,0.3310526315789474,0.29789473684210527,0.2657894736842105,0.32894736842105265,0.2805263157894737,0.3473684210526316,0.39,0.35,0.26052631578947366,0.3157894736842105,0.35789473684210527,0.34789473684210526,0.2557894736842105,0.33473684210526317,0.31473684210526315,0.3631578947368421,0.3331578947368421,0.3131578947368421,0.2810526315789474,0.35578947368421054,0.34210526315789475,0.28578947368421054,0.32263157894736844,0.3631578947368421,0.3136842105263158,0.358421052631579,0.24578947368421053,0.36894736842105263,0.33263157894736844,0.34421052631578947,0.2905263157894737,0.2847368421052632,0.37684210526315787,0.29947368421052634,0.3005263157894737,0.35,0.35,0.3489473684210526,0.3721052631578947,0.3410526315789474,0.3542105263157895,0.3105263157894737,0.37894736842105264,0.2863157894736842,0.27052631578947367,0.3436842105263158,0.3410526315789474,0.26842105263157895,0.35,0.31105263157894736,0.35210526315789475,0.32789473684210524,0.29947368421052634,0.3336842105263158,0.32105263157894737,0.22,0.28842105263157897,0.3642105263157895,0.32842105263157895,0.34210526315789475,0.34157894736842104,0.32473684210526316,0.27789473684210525
0.14	GG	0.31894736842105265,0.3636842105263158,0.36578947368421055,0.41368421052631577,0.39473684210526316,0.4094736842105263,0.3231578947368421,0.40210526315789474,0.4189473684210526,0.42894736842105263,0.35526315789473684,0.4089473684210526,0.3452631578947368,0.42894736842105263,0.35578947368421054,0.37105263157894736,0.3410526315789474,0.4326315789473684,0.42157894736842105,0.32526315789473687,0.3094736842105263,0.44157894736842107,0.4,0.3857894736842105,0.27578947368421053,0.37684210526315787,0.3468421052631579,0.3173684210526316,0.3373684210526316,0.3736842105263158,0.2752631578947368,0.3531578947368421,0.3631578947368421,0.3778947368421053,0.4073684210526316,0.35736842105263156,0.40421052631578946,0.4284210526315789,0.31105263157894736,0.39,0.3447368421052632,0.34842105263157896,0.39789473684210525,0.3736842105263158,0.3684210526315789,0.37842105263157894,0.32105263157894737,0.3684210526315789,0.391578947368421,0.2557894736842105,0.36473684210526314,0.4305263157894737,0.2636842105263158,0.3531578947368421,0.3526315789473684,0.4163157894736842,0.38473684210526315,0.4,0.3642105263157895,0.37526315789473685,0.3468421052631579,0.36473684210526314,0.35157894736842105,0.4226315789473684,0.29157894736842105,0.3231578947368421,0.4226315789473684,0.41578947368421054,0.39052631578947367,0.38894736842105265,0.32789473684210524,0.3626315789473684,0.41947368421052633,0.38263157894736843,0.3936842105263158,0.36578947368421055,0.33842105263157896,0.3778947368421053,0.38526315789473686,0.38,0.38473684210526315,0.3763157894736842,0.38052631578947366,0.3452631578947368,0.36157894736842106,0.29578947368421055,0.4068421052631579,0.33157894736842103,0.38789473684210524,0.3763157894736842,0.38,0.38894736842105265,0.37,0.33421052631578946,0.3236842105263158,0.4226315789473684,0.3068421052631579,0.3526315789473684,0.35368421052631577,0.41736842105263156,0.32,0.3589473684210526,0.36894736842105263,0.4373684210526316,0.3505263157894737,0.38105263157894737,0.3373684210526316,0.4342105263157895,0.33842105263157896,0.3957894736842105,0.3726315789473684,0.3868421052631579,0.38263157894736843,0.34842105263157896,0.39,0.31105263157894736,0.32,0.35947368421052633,0.38263157894736843,0.30473684210526314,0.2826315789473684,0.4052631578947368,0.4105263157894737,0.3873684210526316,0.39052631578947367,0.35210526315789475,0.3078947368421053,0.3268421052631579,0.39421052631578946,0.4036842105263158,0.3357894736842105,0.37684210526315787,0.32263157894736844,0.3631578947368421,0.3357894736842105,0.3868421052631579,0.39842105263157895,0.38105263157894737,0.37684210526315787,0.43,0.3631578947368421,0.3510526315789474,0.3194736842105263,0.4068421052631579,0.3684210526315789,0.38105263157894737,0.42,0.4205263157894737,0.34210526315789475,0.4231578947368421,0.42894736842105263,0.4142105263157895,0.27263157894736845,0.33421052631578946,0.4242105263157895,0.3526315789473684,0.33052631578947367,0.3757894736842105,0.3436842105263158,0.36736842105263157,0.3215789473684211,0.391578947368421,0.3589473684210526,0.3410526315789474,0.32421052631578945,0.27842105263157896,0.39421052631578946,0.35947368421052633,0.4052631578947368,0.3968421052631579,0.3505263157894737,0.2668421052631579,0.4368421052631579,0.32473684210526316,0.37842105263157894,0.35157894736842105,0.39052631578947367,0.39,0.36526315789473685,0.35368421052631577,0.40842105263157896,0.37894736842105264,0.391578947368421,0.40210526315789474,0.4010526315789474,0.358421052631579,0.4010526315789474,0.37894736842105264,0.3510526315789474,0.3773684210526316,0.4094736842105263,0.3936842105263158,0.31526315789473686,0.34789473684210526,0.35736842105263156,0.3605263157894737,0.41210526315789475,0.41526315789473683,0.4068421052631579,0.3231578947368421
0.14	GG2	0.3836842105263158,0.3863157894736842,0.3452631578947368,0.4131578947368421,0.3663157894736842,0.41789473684210526,0.4094736842105263,0.40210526315789474,0.41578947368421054,0.4126315789473684,0.33631578947368423,0.37105263157894736,0.39789473684210525,0.41578947368421054,0.38894736842105265,0.4226315789473684,0.35578947368421054,0.42105263157894735,0.41,0.3568421052631579,0.3957894736842105,0.4063157894736842,0.39421052631578946,0.3131578947368421,0.33210526315789474,0.3721052631578947,0.3336842105263158,0.3589473684210526,0.42473684210526313,0.35947368421052633,0.4126315789473684,0.36578947368421055,0.33789473684210525,0.39421052631578946,0.3957894736842105,0.40578947368421053,0.41736842105263156,0.43105263157894735,0.3836842105263158,0.4205263157894737,0.3778947368421053,0.42473684210526313,0.35368421052631577,0.3815789473684211,0.39421052631578946,0.38526315789473686,0.3973684210526316,0.3636842105263158,0.3721052631578947,0.3868421052631579,0.3642105263157895,0.41157894736842104,0.37473684210526315,0.37842105263157894,0.3463157894736842,0.40421052631578946,0.3836842105263158,0.38894736842105265,0.37105263157894736,0.4168421052631579,0.42736842105263156,0.3894736842105263,0.42578947368421055,0.38894736842105265,0.37473684210526315,0.4126315789473684,0.43105263157894735,0.41368421052631577,0.3757894736842105,0.37,0.3494736842105263,0.3636842105263158,0.4052631578947368,0.3857894736842105,0.41,0.3531578947368421,0.36157894736842106,0.4242105263157895,0.3931578947368421,0.3352631578947368,0.3505263157894737,0.3568421052631579,0.36894736842105263,0.3821052631578947,0.3389473684210526,0.3273684210526316,0.3894736842105263,0.40842105263157896,0.3968421052631579,0.3815789473684211,0.38263157894736843,0.3989473684210526,0.38789473684210524,0.3026315789473684,0.31105263157894736,0.40421052631578946,0.3973684210526316,0.3873684210526316,0.4036842105263158,0.42,0.4131578947368421,0.3989473684210526,0.3547368421052632,0.4305263157894737,0.38842105263157894,0.36894736842105263,0.4231578947368421,0.4284210526315789,0.3952631578947368,0.3352631578947368,0.39789473684210525,0.3994736842105263,0.4142105263157895,0.3473684210526316,0.3547368421052632,0.37842105263157894,0.3684210526315789,0.37105263157894736,0.41157894736842104,0.37315789473684213,0.3815789473684211,0.4268421052631579,0.3910526315789474,0.35368421052631577,0.4163157894736842,0.41157894736842104,0.37894736842105264,0.41789473684210526,0.3857894736842105,0.41842105263157897,0.32210526315789473,0.3763157894736842,0.41578947368421054,0.4131578947368421,0.38105263157894737,0.40578947368421053,0.37157894736842106,0.39210526315789473,0.41368421052631577,0.3989473684210526,0.3142105263157895,0.3863157894736842,0.38473684210526315,0.4036842105263158,0.3857894736842105,0.40421052631578946,0.3452631578947368,0.38263157894736843,0.4010526315789474,0.4326315789473684,0.4126315789473684,0.42526315789473684,0.4147368421052632,0.39631578947368423,0.4431578947368421,0.39631578947368423,0.4105263157894737,0.39631578947368423,0.3494736842105263,0.36736842105263157,0.3394736842105263,0.40789473684210525,0.4105263157894737,0.3405263157894737,0.38526315789473686,0.38263157894736843,0.42736842105263156,0.38894736842105265,0.3910526315789474,0.39263157894736844,0.358421052631579,0.39789473684210525,0.3873684210526316,0.34157894736842104,0.38842105263157894,0.41842105263157897,0.41157894736842104,0.3821052631578947,0.39473684210526316,0.3273684210526316,0.3968421052631579,0.37157894736842106,0.39789473684210525,0.31684210526315787,0.40578947368421053,0.34842105263157896,0.391578947368421,0.358421052631579,0.37315789473684213,0.391578947368421,0.44,0.4142105263157895,0.39052631578947367,0.33789473684210525,0.4126315789473684,0.38263157894736843,0.39210526315789473,0.4052631578947368,0.41,0.3636842105263158
0.16	GEE	0.31157894736842107,0.38842105263157894,0.35947368421052633,0.31,0.29736842105263156,0.3452631578947368,0.40210526315789474,0.4036842105263158,0.39263157894736844,0.3763157894736842,0.35789473684210527,0.2926315789473684,0.34421052631578947,0.36105263157894735,0.3726315789473684,0.3757894736842105,0.39473684210526316,0.36736842105263157,0.35947368421052633,0.40210526315789474,0.35578947368421054,0.3973684210526316,0.34842105263157896,0.3821052631578947,0.2968421052631579,0.37526315789473685,0.38421052631578945,0.31105263157894736,0.37157894736842106,0.3931578947368421,0.3684210526315789,0.4026315789473684,0.4031578947368421,0.3568421052631579,0.40842105263157896,0.41789473684210526,0.3568421052631579,0.36105263157894735,0.391578947368421,0.41368421052631577,0.40210526315789474,0.4073684210526316,0.4047368421052632,0.3736842105263158,0.4142105263157895,0.35947368421052633,0.36894736842105263,0.3531578947368421,0.38894736842105265,0.3726315789473684,0.4336842105263158,0.3989473684210526,0.39,0.3910526315789474,0.3494736842105263,0.3868421052631579,0.2531578947368421,0.3163157894736842,0.3105263157894737,0.33789473684210525,0.2910526315789474,0.3668421052631579,0.35789473684210527,0.3568421052631579,0.3684210526315789,0.3005263157894737,0.39263157894736844,0.40578947368421053,0.36894736842105263,0.41157894736842104,0.35,0.39842105263157895,0.36526315789473685,0.4010526315789474,0.40421052631578946,0.3531578947368421,0.36736842105263157,0.38526315789473686,0.38052631578947366,0.40210526315789474,0.23684210526315788,0.3857894736842105,0.4105263157894737,0.3142105263157895,0.35578947368421054,0.41526315789473683,0.3626315789473684,0.29157894736842105,0.36210526315789476,0.3931578947368421,0.3757894736842105,0.35789473684210527,0.36157894736842106,0.36526315789473685,0.30894736842105264,0.39631578947368423,0.34157894736842104,0.3663157894736842,0.37105263157894736,0.391578947368421,0.23421052631578948,0.2331578947368421,0.35210526315789475,0.35789473684210527,0.32052631578947366,0.3494736842105263,0.39631578947368423,0.36105263157894735,0.4063157894736842,0.36,0.3589473684210526,0.4147368421052632,0.3642105263157895,0.37842105263157894,0.36526315789473685,0.34210526315789475,0.3873684210526316,0.42105263157894735,0.32421052631578945,0.35736842105263156,0.4047368421052632,0.4031578947368421,0.35,0.39421052631578946,0.3542105263157895,0.3989473684210526,0.2894736842105263,0.35210526315789475,0.3678947368421053,0.35736842105263156,0.3473684210526316,0.2542105263157895,0.35789473684210527,0.4142105263157895,0.4047368421052632,0.39473684210526316,0.33789473684210525,0.31684210526315787,0.37,0.34157894736842104,0.39842105263157895,0.3936842105263158,0.3663157894736842,0.40789473684210525,0.3447368421052632,0.3952631578947368,0.35789473684210527,0.3936842105263158,0.4147368421052632,0.4036842105263158,0.3526315789473684,0.3742105263157895,0.3563157894736842,0.32526315789473687,0.3989473684210526,0.3505263157894737,0.29894736842105263,0.3568421052631579,0.3863157894736842,0.42157894736842105,0.3910526315789474,0.37315789473684213,0.36894736842105263,0.40210526315789474,0.39789473684210525,0.40789473684210525,0.3973684210526316,0.3563157894736842,0.4031578947368421,0.4031578947368421,0.33842105263157896,0.3042105263157895,0.4026315789473684,0.3968421052631579,0.36210526315789476,0.4063157894736842,0.4047368421052632,0.2536842105263158,0.38894736842105265,0.3542105263157895,0.3526315789473684,0.4131578947368421,0.39263157894736844,0.41157894736842104,0.3857894736842105,0.4105263157894737,0.40578947368421053,0.4226315789473684,0.3894736842105263,0.4126315789473684,0.4168421052631579,0.36947368421052634,0.36894736842105263,0.33263157894736844,0.3952631578947368,0.36894736842105263,0.3078947368421053,0.3405263157894737,0.40421052631578946,0.42947368421052634
0.16	GNN	0.37526315789473685,0.3236842105263158,0.3194736842105263,0.2657894736842105,0.3373684210526316,0.30526315789473685,0.22894736842105262,0.2657894736842105,0.35368421052631577,0.3031578947368421,0.3331578947368421,0.29368421052631577,0.24578947368421053,0.3736842105263158,0.28157894736842104,0.34842105263157896,0.2542105263157895,0.38052631578947366,0.34157894736842104,0.2594736842105263,0.28789473684210526,0.27473684210526317,0.3489473684210526,0.3294736842105263,0.3194736842105263,0.3163157894736842,0.3489473684210526,0.28578947368421054,0.31105263157894736,0.29473684210526313,0.3163157894736842,0.33210526315789474,0.28421052631578947,0.36157894736842106,0.3036842105263158,0.3294736842105263,0.2668421052631579,0.35526315789473684,0.32789473684210524,0.28578947368421054,0.2573684210526316,0.3257894736842105,0.3426315789473684,0.3589473684210526,0.37842105263157894,0.31157894736842107,0.3357894736842105,0.29368421052631577,0.31157894736842107,0.2942105263157895,0.24894736842105264,0.29736842105263156,0.32421052631578945,0.3105263157894737,0.32105263157894737,0.3626315789473684,0.2963157894736842,0.27473684210526317,0.31526315789473686,0.2910526315789474,0.2910526315789474,0.34421052631578947,0.3468421052631579,0.33473684210526317,0.29894736842105263,0.2868421052631579,0.35789473684210527,0.32473684210526316,0.30736842105263157,0.3194736842105263,0.29736842105263156,0.3436842105263158,0.35368421052631577,0.23578947368421052,0.27210526315789474,0.3078947368421053,0.3373684210526316,0.2794736842105263,0.3405263157894737,0.34842105263157896,0.27210526315789474,0.3510526315789474,0.3447368421052632,0.35,0.34842105263157896,0.3336842105263158,0.39210526315789473,0.3468421052631579,0.29736842105263156,0.3778947368421053,0.35,0.3405263157894737,0.3257894736842105,0.30105263157894735,0.33263157894736844,0.34210526315789475,0.3263157894736842,0.33263157894736844,0.3357894736842105,0.2847368421052632,0.28,0.29789473684210527,0.3310526315789474,0.3726315789473684,0.3663157894736842,0.30157894736842106,0.32421052631578945,0.2810526315789474,0.2926315789473684,0.28421052631578947,0.3131578947368421,0.3005263157894737,0.3468421052631579,0.3463157894736842,0.2810526315789474,0.2826315789473684,0.3163157894736842,0.3263157894736842,0.33789473684210525,0.27263157894736845,0.3068421052631579,0.34842105263157896,0.3268421052631579,0.3173684210526316,0.3373684210526316,0.3468421052631579,0.28210526315789475,0.2768421052631579,0.2863157894736842,0.27052631578947367,0.24526315789473685,0.31105263157894736,0.3005263157894737,0.3373684210526316,0.26052631578947366,0.3142105263157895,0.3463157894736842,0.29210526315789476,0.33421052631578946,0.28578947368421054,0.3105263157894737,0.2984210526315789,0.3005263157894737,0.3668421052631579,0.3447368421052632,0.22578947368421054,0.3405263157894737,0.3263157894736842,0.3373684210526316,0.26105263157894737,0.3257894736842105,0.29789473684210527,0.3236842105263158,0.32421052631578945,0.33052631578947367,0.2963157894736842,0.33631578947368423,0.3057894736842105,0.2563157894736842,0.27631578947368424,0.34421052631578947,0.29210526315789476,0.33263157894736844,0.26421052631578945,0.36105263157894735,0.3268421052631579,0.32894736842105265,0.28421052631578947,0.30526315789473685,0.32105263157894737,0.32789473684210524,0.3436842105263158,0.35,0.3157894736842105,0.32842105263157895,0.37473684210526315,0.3163157894736842,0.36578947368421055,0.2810526315789474,0.3426315789473684,0.2873684210526316,0.26105263157894737,0.3426315789473684,0.33421052631578946,0.24789473684210525,0.35789473684210527,0.29736842105263156,0.3436842105263158,0.3489473684210526,0.29368421052631577,0.3373684210526316,0.3489473684210526,0.24947368421052632,0.26631578947368423,0.3721052631578947,0.29736842105263156,0.29526315789473684,0.34,0.3231578947368421,0.2505263157894737
0.16	GG	0.3426315789473684,0.36,0.3468421052631579,0.40157894736842104,0.3531578947368421,0.4068421052631579,0.3405263157894737,0.3794736842105263,0.40421052631578946,0.42210526315789476,0.3763157894736842,0.38263157894736843,0.2984210526315789,0.3936842105263158,0.38263157894736843,0.32421052631578945,0.3631578947368421,0.39789473684210525,0.35789473684210527,0.35,0.3063157894736842,0.39842105263157895,0.40157894736842104,0.3773684210526316,0.2926315789473684,0.3668421052631579,0.36157894736842106,0.31,0.33421052631578946,0.36157894736842106,0.2768421052631579,0.36210526315789476,0.3568421052631579,0.3684210526315789,0.40842105263157896,0.3873684210526316,0.35578947368421054,0.4142105263157895,0.3957894736842105,0.42,0.34578947368421054,0.3273684210526316,0.37526315789473685,0.3526315789473684,0.34,0.3757894736842105,0.35157894736842105,0.3705263157894737,0.3368421052631579,0.24210526315789474,0.35947368421052633,0.39789473684210525,0.3142105263157895,0.32421052631578945,0.3331578947368421,0.3742105263157895,0.3773684210526316,0.41210526315789475,0.33,0.37842105263157894,0.29894736842105263,0.37684210526315787,0.3563157894736842,0.4147368421052632,0.3531578947368421,0.3510526315789474,0.38526315789473686,0.39,0.3973684210526316,0.3952631578947368,0.3389473684210526,0.35526315789473684,0.40210526315789474,0.3821052631578947,0.3626315789473684,0.3868421052631579,0.33210526315789474,0.3268421052631579,0.3331578947368421,0.3494736842105263,0.3663157894736842,0.38052631578947366,0.3563157894736842,0.3357894736842105,0.36947368421052634,0.38894736842105265,0.39789473684210525,0.3131578947368421,0.37526315789473685,0.36105263157894735,0.39842105263157895,0.37473684210526315,0.3468421052631579,0.31684210526315787,0.34578947368421054,0.3973684210526316,0.30894736842105264,0.3757894736842105,0.3542105263157895,0.38,0.36473684210526314,0.33421052631578946,0.3763157894736842,0.3968421052631579,0.36736842105263157,0.3273684210526316,0.33421052631578946,0.3957894736842105,0.3126315789473684,0.39421052631578946,0.3215789473684211,0.40421052631578946,0.3968421052631579,0.39789473684210525,0.3721052631578947,0.33210526315789474,0.36210526315789476,0.34210526315789475,0.3663157894736842,0.3684210526315789,0.29210526315789476,0.3721052631578947,0.39473684210526316,0.38789473684210524,0.36157894736842106,0.4026315789473684,0.31157894736842107,0.3684210526315789,0.36526315789473685,0.37894736842105264,0.3568421052631579,0.38105263157894737,0.31473684210526315,0.40578947368421053,0.3473684210526316,0.3531578947368421,0.38473684210526315,0.39473684210526316,0.37526315789473685,0.3463157894736842,0.39473684210526316,0.3473684210526316,0.3405263157894737,0.40789473684210525,0.3468421052631579,0.3547368421052632,0.3931578947368421,0.40210526315789474,0.35947368421052633,0.40210526315789474,0.37894736842105264,0.37,0.2631578947368421,0.3042105263157895,0.3778947368421053,0.3431578947368421,0.31842105263157894,0.3636842105263158,0.31105263157894736,0.3815789473684211,0.3410526315789474,0.39421052631578946,0.3510526315789474,0.31473684210526315,0.31684210526315787,0.27789473684210525,0.3636842105263158,0.3447368421052632,0.40210526315789474,0.39421052631578946,0.3605263157894737,0.31,0.40842105263157896,0.3405263157894737,0.36157894736842106,0.41,0.39631578947368423,0.3794736842105263,0.3373684210526316,0.27157894736842103,0.4068421052631579,0.3763157894736842,0.3605263157894737,0.4052631578947368,0.41210526315789475,0.36578947368421055,0.3831578947368421,0.38842105263157894,0.33789473684210525,0.3678947368421053,0.38894736842105265,0.3994736842105263,0.3626315789473684,0.3531578947368421,0.35736842105263156,0.3663157894736842,0.36736842105263157,0.3868421052631579,0.3968421052631579,0.3705263157894737
0.16	GG2	0.34789473684210526,0.3626315789473684,0.38263157894736843,0.3994736842105263,0.32894736842105265,0.40157894736842104,0.38473684210526315,0.40157894736842104,0.3936842105263158,0.3773684210526316,0.3510526315789474,0.33421052631578946,0.3757894736842105,0.3463157894736842,0.3736842105263158,0.37315789473684213,0.36736842105263157,0.32842105263157895,0.38421052631578945,0.3763157894736842,0.36473684210526314,0.4147368421052632,0.36473684210526314,0.3394736842105263,0.3526315789473684,0.39,0.3368421052631579,0.3773684210526316,0.3778947368421053,0.3815789473684211,0.36473684210526314,0.36210526315789476,0.3636842105263158,0.3973684210526316,0.4026315789473684,0.3831578947368421,0.3678947368421053,0.4189473684210526,0.4131578947368421,0.4142105263157895,0.4047368421052632,0.38894736842105265,0.4131578947368421,0.3821052631578947,0.37473684210526315,0.4163157894736842,0.3631578947368421,0.3642105263157895,0.38842105263157894,0.3636842105263158,0.4,0.3936842105263158,0.3642105263157895,0.36105263157894735,0.31,0.37,0.35210526315789475,0.3873684210526316,0.36,0.3721052631578947,0.32105263157894737,0.3894736842105263,0.3773684210526316,0.4163157894736842,0.3757894736842105,0.31894736842105265,0.3836842105263158,0.33473684210526317,0.3973684210526316,0.4163157894736842,0.36,0.40210526315789474,0.3973684210526316,0.4052631578947368,0.4142105263157895,0.40157894736842104,0.3684210526315789,0.37105263157894736,0.3547368421052632,0.3952631578947368,0.3236842105263158,0.3857894736842105,0.38263157894736843,0.3547368421052632,0.41789473684210526,0.4068421052631579,0.39263157894736844,0.3468421052631579,0.38842105263157894,0.3821052631578947,0.41789473684210526,0.3436842105263158,0.39210526315789473,0.3547368421052632,0.35157894736842105,0.4026315789473684,0.37,0.37,0.37105263157894736,0.3589473684210526,0.2863157894736842,0.3005263157894737,0.3894736842105263,0.37684210526315787,0.3936842105263158,0.35,0.32789473684210524,0.35789473684210527,0.37842105263157894,0.37,0.3721052631578947,0.4163157894736842,0.32789473684210524,0.40842105263157896,0.3494736842105263,0.29473684210526313,0.3868421052631579,0.3778947368421053,0.3663157894736842,0.3863157894736842,0.34578947368421054,0.4047368421052632,0.3273684210526316,0.36736842105263157,0.36894736842105263,0.38105263157894737,0.34421052631578947,0.36578947368421055,0.3815789473684211,0.34842105263157896,0.35578947368421054,0.4031578947368421,0.38421052631578945,0.42,0.3836842105263158,0.3957894736842105,0.3836842105263158,0.39052631578947367,0.38473684210526315,0.4168421052631579,0.3736842105263158,0.39,0.36947368421052634,0.4026315789473684,0.3357894736842105,0.3857894736842105,0.36105263157894735,0.38421052631578945,0.4110526315789474,0.39473684210526316,0.37526315789473685,0.37684210526315787,0.3973684210526316,0.37473684210526315,0.40842105263157896,0.33789473684210525,0.3831578947368421,0.3821052631578947,0.3663157894736842,0.42894736842105263,0.3778947368421053,0.391578947368421,0.4068421052631579,0.3815789473684211,0.38842105263157894,0.3463157894736842,0.38105263157894737,0.3705263157894737,0.37526315789473685,0.38473684210526315,0.3705263157894737,0.3678947368421053,0.3794736842105263,0.36578947368421055,0.3605263157894737,0.4126315789473684,0.39263157894736844,0.37526315789473685,0.3542105263157895,0.34789473684210526,0.3794736842105263,0.4047368421052632,0.3431578947368421,0.4036842105263158,0.3989473684210526,0.3968421052631579,0.4010526315789474,0.4236842105263158,0.36157894736842106,0.31842105263157894,0.42210526315789476,0.3726315789473684,0.37842105263157894,0.3331578947368421,0.3705263157894737,0.3194736842105263,0.35210526315789475,0.3968421052631579,0.3873684210526316,0.3642105263157895
0.18	GEE	0.28842105263157897,0.33631578947368423,0.4010526315789474,0.3368421052631579,0.3294736842105263,0.3436842105263158,0.39842105263157895,0.2910526315789474,0.4010526315789474,0.39210526315789473,0.3405263157894737,0.27842105263157896,0.38526315789473686,0.3494736842105263,0.3431578947368421,0.39789473684210525,0.40421052631578946,0.4010526315789474,0.3968421052631579,0.3910526315789474,0.34157894736842104,0.4163157894736842,0.30473684210526314,0.38473684210526315,0.4073684210526316,0.35736842105263156,0.34789473684210526,0.27052631578947367,0.33842105263157896,0.39473684210526316,0.33789473684210525,0.391578947368421,0.39842105263157895,0.33052631578947367,0.39210526315789473,0.39263157894736844,0.3873684210526316,0.4068421052631579,0.39210526315789473,0.4047368421052632,0.3489473684210526,0.4,0.39421052631578946,0.3394736842105263,0.2905263157894737,0.3863157894736842,0.3,0.38894736842105265,0.3910526315789474,0.32052631578947366,0.3989473684210526,0.3426315789473684,0.3431578947368421,0.38473684210526315,0.3005263157894737,0.2831578947368421,0.25526315789473686,0.39789473684210525,0.33789473684210525,0.4131578947368421,0.38421052631578945,0.3463157894736842,0.38263157894736843,0.3273684210526316,0.3468421052631579,0.3936842105263158,0.3736842105263158,0.3994736842105263,0.4047368421052632,0.33789473684210525,0.38263157894736843,0.4031578947368421,0.3473684210526316,0.3336842105263158,0.38789473684210524,0.3936842105263158,0.27631578947368424,0.3394736842105263,0.3952631578947368,0.3494736842105263,0.33,0.3468421052631579,0.2873684210526316,0.35526315789473684,0.34578947368421054,0.3215789473684211,0.3531578947368421,0.3957894736842105,0.3057894736842105,0.24,0.3910526315789474,0.3489473684210526,0.34421052631578947,0.40210526315789474,0.32052631578947366,0.3931578947368421,0.3989473684210526,0.41210526315789475,0.35,0.38105263157894737,0.39789473684210525,0.3526315789473684,0.39,0.4073684210526316,0.40210526315789474,0.39789473684210525,0.30842105263157893,0.3910526315789474,0.3468421052631579,0.34421052631578947,0.2963157894736842,0.40157894736842104,0.3757894736842105,0.39473684210526316,0.3994736842105263,0.32842105263157895,0.38473684210526315,0.33052631578947367,0.3894736842105263,0.3968421052631579,0.3994736842105263,0.41157894736842104,0.33631578947368423,0.3057894736842105,0.3994736842105263,0.39052631578947367,0.37894736842105264,0.3778947368421053,0.4073684210526316,0.33789473684210525,0.34842105263157896,0.3994736842105263,0.34,0.2773684210526316,0.3684210526315789,0.3873684210526316,0.3405263157894737,0.39842105263157895,0.35,0.3763157894736842,0.36947368421052634,0.33263157894736844,0.35947368421052633,0.39263157894736844,0.33473684210526317,0.4168421052631579,0.29578947368421055,0.39210526315789473,0.41,0.2926315789473684,0.4031578947368421,0.38473684210526315,0.3426315789473684,0.33473684210526317,0.3489473684210526,0.391578947368421,0.3968421052631579,0.33157894736842103,0.3078947368421053,0.3868421052631579,0.3468421052631579,0.4036842105263158,0.40789473684210525,0.3736842105263158,0.3452631578947368,0.4,0.4052631578947368,0.3494736842105263,0.3989473684210526,0.3863157894736842,0.28210526315789475,0.3294736842105263,0.35789473684210527,0.38789473684210524,0.39421052631578946,0.3547368421052632,0.35,0.3505263157894737,0.2894736842105263,0.38473684210526315,0.33842105263157896,0.2873684210526316,0.3431578947368421,0.39,0.33631578947368423,0.35526315789473684,0.3794736842105263,0.38894736842105265,0.3494736842105263,0.32263157894736844,0.34578947368421054,0.4005263157894737,0.39842105263157895,0.29157894736842105,0.3821052631578947,0.33789473684210525,0.3973684210526316,0.3563157894736842,0.40210526315789474,0.2752631578947368
0.18	GNN	0.36473684210526314,0.3394736842105263,0.2847368421052632,0.27578947368421053,0.2910526315789474,0.3389473684210526,0.3063157894736842,0.2768421052631579,0.3736842105263158,0.3136842105263158,0.3336842105263158,0.2894736842105263,0.2573684210526316,0.37473684210526315,0.2694736842105263,0.36157894736842106,0.2536842105263158,0.3563157894736842,0.34578947368421054,0.2636842105263158,0.30736842105263157,0.29894736842105263,0.3626315789473684,0.36526315789473685,0.3357894736842105,0.3231578947368421,0.31684210526315787,0.2826315789473684,0.3163157894736842,0.3373684210526316,0.31684210526315787,0.3394736842105263,0.22578947368421054,0.34842105263157896,0.2831578947368421,0.3389473684210526,0.2694736842105263,0.358421052631579,0.3547368421052632,0.28421052631578947,0.29210526315789476,0.37842105263157894,0.3352631578947368,0.3468421052631579,0.3636842105263158,0.32421052631578945,0.3468421052631579,0.3310526315789474,0.32421052631578945,0.2557894736842105,0.25,0.2968421052631579,0.32421052631578945,0.32210526315789473,0.2889473684210526,0.3310526315789474,0.2968421052631579,0.2963157894736842,0.3131578947368421,0.3173684210526316,0.30105263157894735,0.3357894736842105,0.32263157894736844,0.3663157894736842,0.28789473684210526,0.3036842105263158,0.3257894736842105,0.3136842105263158,0.31157894736842107,0.3105263157894737,0.24263157894736842,0.36157894736842106,0.3468421052631579,0.23473684210526316,0.2542105263157895,0.29894736842105263,0.33210526315789474,0.2942105263157895,0.3505263157894737,0.32526315789473687,0.27210526315789474,0.3410526315789474,0.3005263157894737,0.34421052631578947,0.3142105263157895,0.33157894736842103,0.3831578947368421,0.31157894736842107,0.3063157894736842,0.35947368421052633,0.3294736842105263,0.3642105263157895,0.30736842105263157,0.28421052631578947,0.2873684210526316,0.35736842105263156,0.3489473684210526,0.31,0.3273684210526316,0.2657894736842105,0.2931578947368421,0.3194736842105263,0.33263157894736844,0.3678947368421053,0.3373684210526316,0.27842105263157896,0.3294736842105263,0.29789473684210527,0.29368421052631577,0.27578947368421053,0.27842105263157896,0.33210526315789474,0.3405263157894737,0.3368421052631579,0.3273684210526316,0.32526315789473687,0.33789473684210525,0.29736842105263156,0.3463157894736842,0.29368421052631577,0.2873684210526316,0.3352631578947368,0.3178947368421053,0.3105263157894737,0.34842105263157896,0.3452631578947368,0.34,0.27473684210526317,0.29473684210526313,0.31473684210526315,0.25526315789473686,0.3026315789473684,0.32263157894736844,0.33421052631578946,0.23894736842105263,0.3194736842105263,0.31684210526315787,0.3368421052631579,0.3063157894736842,0.29,0.31894736842105265,0.30736842105263157,0.30736842105263157,0.3463157894736842,0.3705263157894737,0.2536842105263158,0.3542105263157895,0.3636842105263158,0.3410526315789474,0.2563157894736842,0.3394736842105263,0.3178947368421053,0.3236842105263158,0.3121052631578947,0.34842105263157896,0.2736842105263158,0.3742105263157895,0.3410526315789474,0.3063157894736842,0.2868421052631579,0.34789473684210526,0.28,0.2926315789473684,0.2542105263157895,0.3505263157894737,0.3163157894736842,0.34,0.29157894736842105,0.2905263157894737,0.3763157894736842,0.3136842105263158,0.29894736842105263,0.3626315789473684,0.3163157894736842,0.35368421052631577,0.3410526315789474,0.32263157894736844,0.36157894736842106,0.3257894736842105,0.34421052631578947,0.2373684210526316,0.2505263157894737,0.34789473684210526,0.30473684210526314,0.2710526315789474,0.3468421052631579,0.2836842105263158,0.3357894736842105,0.2773684210526316,0.29157894736842105,0.30526315789473685,0.34421052631578947,0.26105263157894737,0.3005263157894737,0.34578947368421054,0.3105263157894737,0.32,0.35210526315789475,0.3294736842105263,0.25473684210526315
0.18	GG	0.3294736842105263,0.34,0.33421052631578946,0.3873684210526316,0.35789473684210527,0.3705263157894737,0.2963157894736842,0.33157894736842103,0.3989473684210526,0.38473684210526315,0.37,0.3589473684210526,0.25684210526315787,0.4031578947368421,0.3468421052631579,0.3294736842105263,0.37526315789473685,0.3910526315789474,0.38842105263157894,0.3121052631578947,0.2831578947368421,0.4068421052631579,0.35789473684210527,0.3815789473684211,0.27473684210526317,0.36105263157894735,0.391578947368421,0.2863157894736842,0.3410526315789474,0.3721052631578947,0.2931578947368421,0.34210526315789475,0.3547368421052632,0.3105263157894737,0.3778947368421053,0.35578947368421054,0.3668421052631579,0.3757894736842105,0.391578947368421,0.3831578947368421,0.32210526315789473,0.33210526315789474,0.34157894736842104,0.3263157894736842,0.3373684210526316,0.33263157894736844,0.34,0.3726315789473684,0.3142105263157895,0.30894736842105264,0.3063157894736842,0.38526315789473686,0.29368421052631577,0.3368421052631579,0.32894736842105265,0.3836842105263158,0.35947368421052633,0.38421052631578945,0.3310526315789474,0.3668421052631579,0.2894736842105263,0.3794736842105263,0.27157894736842103,0.34421052631578947,0.3473684210526316,0.3426315789473684,0.41368421052631577,0.3668421052631579,0.3994736842105263,0.40210526315789474,0.32210526315789473,0.36105263157894735,0.3989473684210526,0.3542105263157895,0.3463157894736842,0.3394736842105263,0.3194736842105263,0.3626315789473684,0.3336842105263158,0.3163157894736842,0.3236842105263158,0.3873684210526316,0.35578947368421054,0.3505263157894737,0.37315789473684213,0.3473684210526316,0.39210526315789473,0.32421052631578945,0.3952631578947368,0.3373684210526316,0.358421052631579,0.3821052631578947,0.37105263157894736,0.3294736842105263,0.32105263157894737,0.39210526315789473,0.27421052631578946,0.3815789473684211,0.35578947368421054,0.3663157894736842,0.40210526315789474,0.3268421052631579,0.3436842105263158,0.41526315789473683,0.3505263157894737,0.3636842105263158,0.2910526315789474,0.39052631578947367,0.31526315789473686,0.36105263157894735,0.33210526315789474,0.37315789473684213,0.3510526315789474,0.36105263157894735,0.37473684210526315,0.32526315789473687,0.28526315789473683,0.29736842105263156,0.36,0.2836842105263158,0.2889473684210526,0.3678947368421053,0.3757894736842105,0.37157894736842106,0.3763157894736842,0.36,0.26842105263157895,0.2968421052631579,0.3857894736842105,0.39473684210526316,0.32,0.33263157894736844,0.3094736842105263,0.3721052631578947,0.3778947368421053,0.33421052631578946,0.38894736842105265,0.3684210526315789,0.358421052631579,0.3410526315789474,0.3473684210526316,0.30894736842105264,0.3352631578947368,0.37894736842105264,0.34157894736842104,0.3268421052631579,0.35947368421052633,0.3973684210526316,0.35947368421052633,0.37473684210526315,0.39263157894736844,0.37684210526315787,0.2963157894736842,0.29578947368421055,0.37473684210526315,0.32421052631578945,0.29947368421052634,0.3368421052631579,0.3,0.36157894736842106,0.3510526315789474,0.3636842105263158,0.3273684210526316,0.3131578947368421,0.35947368421052633,0.31,0.3873684210526316,0.3815789473684211,0.39052631578947367,0.3794736842105263,0.3452631578947368,0.24947368421052632,0.37315789473684213,0.29736842105263156,0.35210526315789475,0.3447368421052632,0.32842105263157895,0.3494736842105263,0.3057894736842105,0.3036842105263158,0.37,0.3757894736842105,0.3794736842105263,0.3778947368421053,0.3263157894736842,0.3589473684210526,0.37473684210526315,0.3473684210526316,0.32894736842105265,0.32421052631578945,0.35789473684210527,0.35210526315789475,0.3263157894736842,0.35789473684210527,0.3031578947368421,0.3452631578947368,0.3936842105263158,0.37684210526315787,0.38473684210526315,0.3447368421052632
0.18	GG2	0.32,0.36105263157894735,0.3778947368421053,0.3163157894736842,0.34,0.35578947368421054,0.3736842105263158,0.3273684210526316,0.4094736842105263,0.38105263157894737,0.35,0.3131578947368421,0.3757894736842105,0.39789473684210525,0.36947368421052634,0.3778947368421053,0.3894736842105263,0.32473684210526316,0.3968421052631579,0.37842105263157894,0.33631578947368423,0.35578947368421054,0.31526315789473686,0.36526315789473685,0.3489473684210526,0.3773684210526316,0.34789473684210526,0.3031578947368421,0.3821052631578947,0.35947368421052633,0.36473684210526314,0.37684210526315787,0.3736842105263158,0.34789473684210526,0.37842105263157894,0.39631578947368423,0.3542105263157895,0.4089473684210526,0.4031578947368421,0.40842105263157896,0.35210526315789475,0.36578947368421055,0.3547368421052632,0.33210526315789474,0.3431578947368421,0.3736842105263158,0.32052631578947366,0.3778947368421053,0.39210526315789473,0.34,0.3821052631578947,0.3757894736842105,0.3352631578947368,0.3705263157894737,0.30736842105263157,0.35157894736842105,0.34789473684210526,0.36526315789473685,0.3952631578947368,0.4142105263157895,0.33631578947368423,0.3868421052631579,0.3626315789473684,0.34210526315789475,0.358421052631579,0.3952631578947368,0.3678947368421053,0.33263157894736844,0.38526315789473686,0.3726315789473684,0.34210526315789475,0.3936842105263158,0.37315789473684213,0.3394736842105263,0.38842105263157894,0.3815789473684211,0.3121052631578947,0.3684210526315789,0.37894736842105264,0.3631578947368421,0.36105263157894735,0.35157894736842105,0.3263157894736842,0.35947368421052633,0.3668421052631579,0.3268421052631579,0.37105263157894736,0.34210526315789475,0.4073684210526316,0.29157894736842105,0.38526315789473686,0.3873684210526316,0.3389473684210526,0.34157894736842104,0.3273684210526316,0.36526315789473685,0.38789473684210524,0.3910526315789474,0.3726315789473684,0.3526315789473684,0.3931578947368421,0.32052631578947366,0.35,0.4026315789473684,0.37842105263157894,0.39210526315789473,0.2831578947368421,0.36894736842105263,0.38263157894736843,0.35947368421052633,0.28842105263157897,0.3721052631578947,0.3631578947368421,0.35947368421052633,0.39052631578947367,0.3436842105263158,0.3331578947368421,0.3368421052631579,0.3257894736842105,0.3678947368421053,0.41,0.40421052631578946,0.3636842105263158,0.3163157894736842,0.33842105263157896,0.3589473684210526,0.3631578947368421,0.3542105263157895,0.38052631578947366,0.36157894736842106,0.3831578947368421,0.3031578947368421,0.34578947368421054,0.39,0.3526315789473684,0.36,0.3452631578947368,0.3636842105263158,0.3526315789473684,0.37842105263157894,0.3336842105263158,0.36157894736842106,0.3352631578947368,0.38421052631578945,0.2805263157894737,0.3357894736842105,0.3642105263157895,0.3968421052631579,0.37684210526315787,0.3936842105263158,0.37,0.3563157894736842,0.3857894736842105,0.33789473684210525,0.38526315789473686,0.35,0.3631578947368421,0.38421052631578945,0.3078947368421053,0.3605263157894737,0.3531578947368421,0.3531578947368421,0.4068421052631579,0.3294736842105263,0.3452631578947368,0.3294736842105263,0.39421052631578946,0.3263157894736842,0.38894736842105265,0.3352631578947368,0.3405263157894737,0.33052631578947367,0.3815789473684211,0.3568421052631579,0.35210526315789475,0.3352631578947368,0.38526315789473686,0.37684210526315787,0.3078947368421053,0.3863157894736842,0.37842105263157894,0.31473684210526315,0.34210526315789475,0.37684210526315787,0.3894736842105263,0.3684210526315789,0.37105263157894736,0.35,0.35736842105263156,0.3294736842105263,0.39210526315789473,0.3268421052631579,0.3231578947368421,0.3157894736842105,0.37105263157894736,0.3336842105263158,0.3989473684210526,0.35789473684210527,0.3910526315789474,0.33
0.2	GEE	0.3778947368421053,0.27578947368421053,0.3163157894736842,0.2773684210526316,0.3910526315789474,0.3263157894736842,0.36894736842105263,0.3868421052631579,0.3684210526315789,0.2736842105263158,0.3352631578947368,0.33210526315789474,0.3868421052631579,0.33631578947368423,0.3447368421052632,0.35526315789473684,0.3821052631578947,0.3531578947368421,0.3778947368421053,0.20789473684210527,0.34421052631578947,0.37894736842105264,0.3721052631578947,0.36894736842105263,0.3157894736842105,0.33789473684210525,0.26421052631578945,0.37315789473684213,0.4026315789473684,0.2694736842105263,0.3178947368421053,0.37842105263157894,0.37894736842105264,0.3268421052631579,0.3463157894736842,0.2836842105263158,0.38842105263157894,0.2889473684210526,0.38,0.4026315789473684,0.27631578947368424,0.36894736842105263,0.3352631578947368,0.39210526315789473,0.32105263157894737,0.3778947368421053,0.4131578947368421,0.3836842105263158,0.33631578947368423,0.38263157894736843,0.27473684210526317,0.3726315789473684,0.2710526315789474,0.3831578947368421,0.2594736842105263,0.38894736842105265,0.38052631578947366,0.3368421052631579,0.34157894736842104,0.39473684210526316,0.37842105263157894,0.33473684210526317,0.37894736842105264,0.27578947368421053,0.32105263157894737,0.2847368421052632,0.39,0.3336842105263158,0.3742105263157895,0.39,0.32789473684210524,0.35210526315789475,0.39052631578947367,0.39210526315789473,0.4,0.3036842105263158,0.3868421052631579,0.33052631578947367,0.3373684210526316,0.38,0.3636842105263158,0.38,0.38842105263157894,0.2931578947368421,0.3957894736842105,0.32473684210526316,0.3263157894736842,0.4010526315789474,0.32789473684210524,0.35368421052631577,0.2521052631578947,0.3036842105263158,0.3194736842105263,0.3563157894736842,0.38105263157894737,0.33631578947368423,0.3957894736842105,0.37473684210526315,0.3726315789473684,0.2926315789473684,0.38842105263157894,0.3431578947368421,0.37842105263157894,0.34578947368421054,0.28526315789473683,0.28,0.33,0.3547368421052632,0.39210526315789473,0.2810526315789474,0.3863157894736842,0.38526315789473686,0.2268421052631579,0.3821052631578947,0.3794736842105263,0.3510526315789474,0.37105263157894736,0.40157894736842104,0.32263157894736844,0.3357894736842105,0.38263157894736843,0.3857894736842105,0.33263157894736844,0.3721052631578947,0.38,0.3873684210526316,0.27789473684210525,0.37,0.38263157894736843,0.3736842105263158,0.2931578947368421,0.33210526315789474,0.38052631578947366,0.37,0.21789473684210525,0.3463157894736842,0.32,0.38105263157894737,0.33789473684210525,0.38052631578947366,0.3742105263157895,0.3505263157894737,0.3831578947368421,0.3368421052631579,0.33263157894736844,0.27052631578947367,0.33,0.3815789473684211,0.39631578947368423,0.32052631578947366,0.3836842105263158,0.38,0.38789473684210524,0.3057894736842105,0.3531578947368421,0.30105263157894735,0.35210526315789475,0.33052631578947367,0.3068421052631579,0.3794736842105263,0.37157894736842106,0.39421052631578946,0.3868421052631579,0.3373684210526316,0.38789473684210524,0.37894736842105264,0.3968421052631579,0.3142105263157895,0.38526315789473686,0.28578947368421054,0.3773684210526316,0.34578947368421054,0.34210526315789475,0.33210526315789474,0.2805263157894737,0.36947368421052634,0.33052631578947367,0.4010526315789474,0.38894736842105265,0.3684210526315789,0.2731578947368421,0.3394736842105263,0.3431578947368421,0.34421052631578947,0.3405263157894737,0.2694736842105263,0.3605263157894737,0.3868421052631579,0.3836842105263158,0.3736842105263158,0.2963157894736842,0.36578947368421055,0.26473684210526316,0.33789473684210525,0.3736842105263158,0.3331578947368421,0.39473684210526316,0.3931578947368421,0.3426315789473684,0.32789473684210524
0.2	GNN	0.3726315789473684,0.32210526315789473,0.29578947368421055,0.2863157894736842,0.2863157894736842,0.3136842105263158,0.26263157894736844,0.27631578947368424,0.3542105263157895,0.3126315789473684,0.29947368421052634,0.2573684210526316,0.26789473684210524,0.3452631578947368,0.27421052631578946,0.3668421052631579,0.2810526315789474,0.3431578947368421,0.3131578947368421,0.2752631578947368,0.2831578947368421,0.2905263157894737,0.35368421052631577,0.28789473684210526,0.3373684210526316,0.3426315789473684,0.3173684210526316,0.2615789473684211,0.29,0.3063157894736842,0.3136842105263158,0.29947368421052634,0.24526315789473685,0.3531578947368421,0.25157894736842107,0.3336842105263158,0.2431578947368421,0.3505263157894737,0.3447368421052632,0.31105263157894736,0.25473684210526315,0.3531578947368421,0.3042105263157895,0.33052631578947367,0.3426315789473684,0.3094736842105263,0.37,0.32789473684210524,0.3273684210526316,0.3021052631578947,0.26526315789473687,0.30736842105263157,0.32105263157894737,0.3068421052631579,0.3215789473684211,0.3547368421052632,0.29947368421052634,0.2563157894736842,0.3194736842105263,0.35736842105263156,0.3005263157894737,0.3257894736842105,0.27052631578947367,0.3489473684210526,0.27842105263157896,0.30894736842105264,0.35736842105263156,0.31842105263157894,0.29736842105263156,0.31,0.26789473684210524,0.3368421052631579,0.32473684210526316,0.2236842105263158,0.28,0.29736842105263156,0.33263157894736844,0.2836842105263158,0.3668421052631579,0.3142105263157895,0.2847368421052632,0.3510526315789474,0.31105263157894736,0.3273684210526316,0.3294736842105263,0.28,0.3757894736842105,0.3257894736842105,0.31473684210526315,0.36736842105263157,0.358421052631579,0.36473684210526314,0.33473684210526317,0.32052631578947366,0.3026315789473684,0.3736842105263158,0.36578947368421055,0.3194736842105263,0.2963157894736842,0.2905263157894737,0.28157894736842104,0.29473684210526313,0.32,0.3857894736842105,0.3531578947368421,0.2942105263157895,0.29894736842105263,0.32421052631578945,0.2794736842105263,0.27263157894736845,0.3336842105263158,0.3042105263157895,0.3331578947368421,0.29210526315789476,0.3057894736842105,0.34842105263157896,0.3031578947368421,0.26473684210526316,0.32473684210526316,0.27631578947368424,0.24157894736842106,0.33631578947368423,0.30736842105263157,0.3163157894736842,0.3405263157894737,0.35578947368421054,0.3068421052631579,0.28157894736842104,0.30842105263157893,0.3173684210526316,0.24789473684210525,0.3410526315789474,0.31157894736842107,0.30736842105263157,0.25157894736842107,0.28210526315789475,0.31842105263157894,0.3142105263157895,0.29947368421052634,0.2531578947368421,0.3042105263157895,0.28526315789473683,0.33210526315789474,0.3294736842105263,0.3510526315789474,0.27157894736842103,0.33263157894736844,0.3063157894736842,0.35368421052631577,0.26842105263157895,0.3394736842105263,0.3068421052631579,0.33473684210526317,0.32473684210526316,0.3589473684210526,0.26842105263157895,0.34789473684210526,0.33210526315789474,0.28842105263157897,0.2810526315789474,0.35526315789473684,0.2831578947368421,0.3131578947368421,0.2326315789473684,0.33,0.34,0.32210526315789473,0.30526315789473685,0.3068421052631579,0.3563157894736842,0.30157894736842106,0.2984210526315789,0.3394736842105263,0.3357894736842105,0.35,0.35578947368421054,0.32421052631578945,0.36526315789473685,0.31894736842105265,0.3352631578947368,0.3078947368421053,0.2557894736842105,0.3431578947368421,0.3352631578947368,0.2694736842105263,0.33263157894736844,0.3026315789473684,0.3410526315789474,0.32210526315789473,0.3042105263157895,0.3331578947368421,0.35368421052631577,0.23157894736842105,0.26052631578947366,0.35368421052631577,0.33421052631578946,0.3231578947368421,0.33631578947368423,0.3405263157894737,0.25263157894736843
0.2	GG	0.36,0.33789473684210525,0.3131578947368421,0.3531578947368421,0.3431578947368421,0.36526315789473685,0.2810526315789474,0.3494736842105263,0.35578947368421054,0.3836842105263158,0.3494736842105263,0.3542105263157895,0.30473684210526314,0.35947368421052633,0.36210526315789476,0.3394736842105263,0.3547368421052632,0.39789473684210525,0.34789473684210526,0.3215789473684211,0.27631578947368424,0.3778947368421053,0.3668421052631579,0.3684210526315789,0.2631578947368421,0.3431578947368421,0.37473684210526315,0.3036842105263158,0.33842105263157896,0.3389473684210526,0.26,0.32,0.32894736842105265,0.32894736842105265,0.39421052631578946,0.34421052631578947,0.3510526315789474,0.39789473684210525,0.3778947368421053,0.39842105263157895,0.3268421052631579,0.31842105263157894,0.36157894736842106,0.34210526315789475,0.32473684210526316,0.35947368421052633,0.32789473684210524,0.3542105263157895,0.36947368421052634,0.2942105263157895,0.3294736842105263,0.3494736842105263,0.29947368421052634,0.30105263157894735,0.29578947368421055,0.3494736842105263,0.34157894736842104,0.37157894736842106,0.33789473684210525,0.38,0.31157894736842107,0.36894736842105263,0.3131578947368421,0.3794736842105263,0.2942105263157895,0.3173684210526316,0.39210526315789473,0.34789473684210526,0.3389473684210526,0.3726315789473684,0.32210526315789473,0.31473684210526315,0.35368421052631577,0.35947368421052633,0.3663157894736842,0.38052631578947366,0.2984210526315789,0.3063157894736842,0.3294736842105263,0.33789473684210525,0.3310526315789474,0.37684210526315787,0.33842105263157896,0.3531578947368421,0.33789473684210525,0.35368421052631577,0.34578947368421054,0.3510526315789474,0.3678947368421053,0.35210526315789475,0.3678947368421053,0.38105263157894737,0.32526315789473687,0.2889473684210526,0.30526315789473685,0.3831578947368421,0.27473684210526317,0.35368421052631577,0.37894736842105264,0.3352631578947368,0.3831578947368421,0.3257894736842105,0.33157894736842103,0.3957894736842105,0.35526315789473684,0.3,0.3021052631578947,0.3505263157894737,0.35368421052631577,0.3494736842105263,0.31684210526315787,0.3447368421052632,0.3705263157894737,0.34842105263157896,0.3742105263157895,0.3294736842105263,0.2868421052631579,0.32263157894736844,0.35578947368421054,0.3126315789473684,0.28210526315789475,0.35736842105263156,0.3489473684210526,0.3684210526315789,0.35157894736842105,0.33421052631578946,0.30157894736842106,0.3452631578947368,0.36947368421052634,0.37473684210526315,0.3394736842105263,0.3436842105263158,0.26842105263157895,0.3231578947368421,0.3005263157894737,0.3263157894736842,0.3394736842105263,0.3542105263157895,0.33631578947368423,0.3273684210526316,0.35947368421052633,0.29894736842105263,0.3094736842105263,0.37684210526315787,0.34789473684210526,0.3863157894736842,0.3668421052631579,0.38105263157894737,0.34210526315789475,0.3563157894736842,0.38894736842105265,0.36578947368421055,0.2889473684210526,0.33421052631578946,0.3663157894736842,0.30842105263157893,0.3215789473684211,0.3394736842105263,0.27631578947368424,0.34842105263157896,0.29789473684210527,0.36157894736842106,0.32789473684210524,0.3142105263157895,0.37894736842105264,0.3215789473684211,0.37105263157894736,0.33473684210526317,0.3863157894736842,0.3447368421052632,0.31894736842105265,0.3257894736842105,0.3705263157894737,0.26,0.3357894736842105,0.3031578947368421,0.33052631578947367,0.35947368421052633,0.33157894736842103,0.2794736842105263,0.3463157894736842,0.32263157894736844,0.3215789473684211,0.3857894736842105,0.3394736842105263,0.32421052631578945,0.34421052631578947,0.33,0.3236842105263158,0.35,0.33631578947368423,0.3568421052631579,0.30473684210526314,0.35736842105263156,0.3636842105263158,0.3268421052631579,0.3994736842105263,0.39052631578947367,0.38263157894736843,0.3215789473684211
0.2	GG2	0.358421052631579,0.3605263157894737,0.29578947368421055,0.30526315789473685,0.3368421052631579,0.35947368421052633,0.36,0.35947368421052633,0.3721052631578947,0.34,0.3463157894736842,0.2942105263157895,0.3452631578947368,0.3668421052631579,0.3936842105263158,0.3468421052631579,0.36157894736842106,0.3936842105263158,0.3678947368421053,0.2731578947368421,0.33263157894736844,0.37,0.32526315789473687,0.3542105263157895,0.3142105263157895,0.358421052631579,0.3526315789473684,0.34842105263157896,0.3868421052631579,0.34789473684210526,0.34421052631578947,0.36,0.32894736842105265,0.34157894736842104,0.36,0.35947368421052633,0.3542105263157895,0.3605263157894737,0.358421052631579,0.36894736842105263,0.3036842105263158,0.3563157894736842,0.32210526315789473,0.39473684210526316,0.29894736842105263,0.37157894736842106,0.37157894736842106,0.3863157894736842,0.3336842105263158,0.36947368421052634,0.3157894736842105,0.3294736842105263,0.3105263157894737,0.36,0.2963157894736842,0.34,0.3473684210526316,0.36736842105263157,0.3268421052631579,0.3605263157894737,0.36157894736842106,0.3678947368421053,0.35526315789473684,0.3642105263157895,0.3368421052631579,0.31894736842105265,0.38052631578947366,0.3005263157894737,0.3568421052631579,0.3873684210526316,0.3473684210526316,0.3273684210526316,0.37315789473684213,0.3931578947368421,0.3989473684210526,0.32473684210526316,0.3684210526315789,0.35157894736842105,0.36947368421052634,0.37473684210526315,0.35526315789473684,0.3642105263157895,0.36473684210526314,0.35736842105263156,0.3815789473684211,0.36,0.33263157894736844,0.3468421052631579,0.3405263157894737,0.36210526315789476,0.3426315789473684,0.3773684210526316,0.28,0.3547368421052632,0.31684210526315787,0.3642105263157895,0.3931578947368421,0.3626315789473684,0.3773684210526316,0.34210526315789475,0.3531578947368421,0.3631578947368421,0.3436842105263158,0.3663157894736842,0.3563157894736842,0.34421052631578947,0.3,0.3626315789473684,0.38894736842105265,0.31894736842105265,0.32,0.33421052631578946,0.2831578947368421,0.3631578947368421,0.3173684210526316,0.3505263157894737,0.3642105263157895,0.34842105263157896,0.37157894736842106,0.33157894736842103,0.3447368421052632,0.34578947368421054,0.33052631578947367,0.3663157894736842,0.3436842105263158,0.35789473684210527,0.3631578947368421,0.33842105263157896,0.3668421052631579,0.36526315789473685,0.3936842105263158,0.3563157894736842,0.38,0.35736842105263156,0.31526315789473686,0.37105263157894736,0.3,0.3126315789473684,0.28789473684210526,0.3494736842105263,0.3410526315789474,0.3215789473684211,0.3815789473684211,0.3831578947368421,0.3668421052631579,0.3547368421052632,0.3505263157894737,0.3473684210526316,0.391578947368421,0.30842105263157893,0.3936842105263158,0.3505263157894737,0.35526315789473684,0.3431578947368421,0.37842105263157894,0.3142105263157895,0.3778947368421053,0.32263157894736844,0.31684210526315787,0.37315789473684213,0.2836842105263158,0.3352631578947368,0.3815789473684211,0.33052631578947367,0.3868421052631579,0.3531578947368421,0.40842105263157896,0.33631578947368423,0.391578947368421,0.3042105263157895,0.3257894736842105,0.3389473684210526,0.3121052631578947,0.29,0.31526315789473686,0.33052631578947367,0.3336842105263158,0.3836842105263158,0.3668421052631579,0.3589473684210526,0.30842105263157893,0.3568421052631579,0.3873684210526316,0.3821052631578947,0.36736842105263157,0.3357894736842105,0.3473684210526316,0.3436842105263158,0.3589473684210526,0.3431578947368421,0.3668421052631579,0.3668421052631579,0.32,0.3357894736842105,0.2926315789473684,0.3531578947368421,0.3936842105263158,0.4073684210526316,0.36157894736842106,0.2968421052631579
0.22	GEE	0.27421052631578946,0.3131578947368421,0.36210526315789476,0.36,0.28526315789473683,0.3794736842105263,0.32473684210526316,0.3626315789473684,0.30105263157894735,0.33157894736842103,0.3331578947368421,0.3631578947368421,0.3126315789473684,0.3742105263157895,0.29736842105263156,0.3436842105263158,0.21421052631578946,0.37473684210526315,0.3163157894736842,0.32052631578947366,0.3678947368421053,0.3294736842105263,0.36210526315789476,0.38473684210526315,0.37157894736842106,0.3121052631578947,0.28526315789473683,0.27052631578947367,0.38263157894736843,0.26526315789473687,0.3831578947368421,0.36578947368421055,0.35526315789473684,0.30473684210526314,0.2794736842105263,0.37894736842105264,0.3678947368421053,0.3331578947368421,0.3310526315789474,0.3736842105263158,0.3831578947368421,0.37894736842105264,0.32473684210526316,0.31894736842105265,0.3352631578947368,0.32789473684210524,0.33789473684210525,0.37105263157894736,0.35736842105263156,0.3057894736842105,0.36473684210526314,0.3273684210526316,0.28421052631578947,0.3757894736842105,0.27473684210526317,0.3678947368421053,0.3526315789473684,0.2926315789473684,0.3778947368421053,0.38421052631578945,0.32,0.3678947368421053,0.37157894736842106,0.3726315789473684,0.3142105263157895,0.38,0.2773684210526316,0.3310526315789474,0.3310526315789474,0.3268421052631579,0.36105263157894735,0.35578947368421054,0.33789473684210525,0.32210526315789473,0.35210526315789475,0.2752631578947368,0.35210526315789475,0.3352631578947368,0.3863157894736842,0.3042105263157895,0.36473684210526314,0.32052631578947366,0.3563157894736842,0.28,0.3726315789473684,0.27263157894736845,0.36105263157894735,0.25894736842105265,0.3352631578947368,0.33263157894736844,0.3668421052631579,0.3236842105263158,0.32473684210526316,0.3426315789473684,0.2615789473684211,0.3494736842105263,0.4005263157894737,0.33157894736842103,0.3778947368421053,0.3452631578947368,0.3547368421052632,0.32526315789473687,0.3178947368421053,0.4052631578947368,0.3257894736842105,0.3736842105263158,0.2894736842105263,0.27,0.3931578947368421,0.37842105263157894,0.37894736842105264,0.2984210526315789,0.21473684210526317,0.35,0.36473684210526314,0.33052631578947367,0.32421052631578945,0.33631578947368423,0.3742105263157895,0.3294736842105263,0.3121052631578947,0.3794736842105263,0.3178947368421053,0.2431578947368421,0.37315789473684213,0.33789473684210525,0.3142105263157895,0.3668421052631579,0.3857894736842105,0.32105263157894737,0.33157894736842103,0.33631578947368423,0.30157894736842106,0.36894736842105263,0.3057894736842105,0.29,0.3063157894736842,0.3273684210526316,0.36526315789473685,0.33052631578947367,0.3663157894736842,0.31894736842105265,0.31526315789473686,0.2789473684210526,0.22,0.38052631578947366,0.37473684210526315,0.3436842105263158,0.38105263157894737,0.30842105263157893,0.3726315789473684,0.35736842105263156,0.3494736842105263,0.30842105263157893,0.37315789473684213,0.32210526315789473,0.3026315789473684,0.36105263157894735,0.3068421052631579,0.38105263157894737,0.2631578947368421,0.2731578947368421,0.3668421052631579,0.3257894736842105,0.32,0.37,0.38105263157894737,0.33052631578947367,0.2926315789473684,0.358421052631579,0.36894736842105263,0.31,0.3294736842105263,0.2789473684210526,0.3373684210526316,0.32842105263157895,0.2926315789473684,0.38473684210526315,0.37315789473684213,0.3336842105263158,0.3857894736842105,0.25684210526315787,0.3757894736842105,0.38789473684210524,0.358421052631579,0.3531578947368421,0.36473684210526314,0.3263157894736842,0.3468421052631579,0.30894736842105264,0.3626315789473684,0.36157894736842106,0.3821052631578947,0.31684210526315787,0.3589473684210526,0.36894736842105263,0.32,0.3436842105263158,0.3231578947368421,0.3778947368421053
0.22	GNN	0.3721052631578947,0.33263157894736844,0.29368421052631577,0.3005263157894737,0.29526315789473684,0.31526315789473686,0.2868421052631579,0.27578947368421053,0.3763157894736842,0.3131578947368421,0.2984210526315789,0.28842105263157897,0.23421052631578948,0.32894736842105265,0.2578947368421053,0.35526315789473684,0.2468421052631579,0.3510526315789474,0.33789473684210525,0.26263157894736844,0.28421052631578947,0.25105263157894736,0.35789473684210527,0.30105263157894735,0.34,0.3447368421052632,0.3057894736842105,0.2826315789473684,0.28789473684210526,0.3368421052631579,0.3,0.31473684210526315,0.26052631578947366,0.3157894736842105,0.2563157894736842,0.3357894736842105,0.2768421052631579,0.3410526315789474,0.3452631578947368,0.31105263157894736,0.26105263157894737,0.3431578947368421,0.3094736842105263,0.32894736842105265,0.37157894736842106,0.2810526315789474,0.3368421052631579,0.3452631578947368,0.3215789473684211,0.2773684210526316,0.2773684210526316,0.29210526315789476,0.3036842105263158,0.31,0.3215789473684211,0.3563157894736842,0.26894736842105266,0.26789473684210524,0.30526315789473685,0.29947368421052634,0.3026315789473684,0.3136842105263158,0.32,0.32842105263157895,0.2805263157894737,0.3510526315789474,0.3352631578947368,0.29,0.29736842105263156,0.3042105263157895,0.2905263157894737,0.36157894736842106,0.3336842105263158,0.25105263157894736,0.24894736842105264,0.24578947368421053,0.3389473684210526,0.2926315789473684,0.3431578947368421,0.29789473684210527,0.25157894736842107,0.2942105263157895,0.30157894736842106,0.3310526315789474,0.3078947368421053,0.3136842105263158,0.36947368421052634,0.3236842105263158,0.32052631578947366,0.3763157894736842,0.3294736842105263,0.3563157894736842,0.3126315789473684,0.2836842105263158,0.34210526315789475,0.3510526315789474,0.3078947368421053,0.3057894736842105,0.3005263157894737,0.2536842105263158,0.2942105263157895,0.31105263157894736,0.33421052631578946,0.3778947368421053,0.33263157894736844,0.24473684210526317,0.2694736842105263,0.2578947368421053,0.27631578947368424,0.24052631578947367,0.3021052631578947,0.29947368421052634,0.32894736842105265,0.2710526315789474,0.2836842105263158,0.28578947368421054,0.3257894736842105,0.2710526315789474,0.32105263157894737,0.3142105263157895,0.2542105263157895,0.33210526315789474,0.33,0.3236842105263158,0.3452631578947368,0.34578947368421054,0.2942105263157895,0.2836842105263158,0.28789473684210526,0.3042105263157895,0.25473684210526315,0.3336842105263158,0.3215789473684211,0.3121052631578947,0.24842105263157896,0.3121052631578947,0.32526315789473687,0.2736842105263158,0.3121052631578947,0.2563157894736842,0.3494736842105263,0.27473684210526317,0.29736842105263156,0.33789473684210525,0.32473684210526316,0.24842105263157896,0.3121052631578947,0.3042105263157895,0.3394736842105263,0.23473684210526316,0.3447368421052632,0.2931578947368421,0.3510526315789474,0.29894736842105263,0.3157894736842105,0.2863157894736842,0.37105263157894736,0.3510526315789474,0.3031578947368421,0.29789473684210527,0.34842105263157896,0.29578947368421055,0.30526315789473685,0.26105263157894737,0.3310526315789474,0.3215789473684211,0.32,0.2868421052631579,0.3331578947368421,0.34157894736842104,0.27421052631578946,0.2810526315789474,0.36210526315789476,0.3331578947368421,0.30894736842105264,0.3436842105263158,0.3057894736842105,0.3526315789473684,0.3,0.3352631578947368,0.29526315789473684,0.2847368421052632,0.3431578947368421,0.34578947368421054,0.23842105263157895,0.3431578947368421,0.29473684210526313,0.3263157894736842,0.3357894736842105,0.28789473684210526,0.32789473684210524,0.32789473684210524,0.22263157894736843,0.26789473684210524,0.36105263157894735,0.30157894736842106,0.29368421052631577,0.32842105263157895,0.3157894736842105,0.24473684210526317
0.22	GG	0.3294736842105263,0.3121052631578947,0.3236842105263158,0.35526315789473684,0.3531578947368421,0.36157894736842106,0.29473684210526313,0.33052631578947367,0.38105263157894737,0.35789473684210527,0.32789473684210524,0.3368421052631579,0.27631578947368424,0.38789473684210524,0.3631578947368421,0.2910526315789474,0.3436842105263158,0.36157894736842106,0.3173684210526316,0.35,0.25526315789473686,0.3642105263157895,0.34842105263157896,0.38263157894736843,0.2889473684210526,0.3,0.33421052631578946,0.2984210526315789,0.32842105263157895,0.33157894736842103,0.3094736842105263,0.32421052631578945,0.3131578947368421,0.3136842105263158,0.3721052631578947,0.35,0.30736842105263157,0.3836842105263158,0.37315789473684213,0.37473684210526315,0.3163157894736842,0.3105263157894737,0.3263157894736842,0.3215789473684211,0.3105263157894737,0.3310526315789474,0.3231578947368421,0.32210526315789473,0.33631578947368423,0.24368421052631578,0.3031578947368421,0.33421052631578946,0.29947368421052634,0.30526315789473685,0.2773684210526316,0.32210526315789473,0.32,0.38,0.34157894736842104,0.37105263157894736,0.29736842105263156,0.35789473684210527,0.27789473684210525,0.36947368421052634,0.27789473684210525,0.3236842105263158,0.36157894736842106,0.3494736842105263,0.36473684210526314,0.35789473684210527,0.32210526315789473,0.32789473684210524,0.3468421052631579,0.3352631578947368,0.3642105263157895,0.3494736842105263,0.31842105263157894,0.35736842105263156,0.31473684210526315,0.35368421052631577,0.3336842105263158,0.33631578947368423,0.3563157894736842,0.3505263157894737,0.3215789473684211,0.3568421052631579,0.3368421052631579,0.3078947368421053,0.35789473684210527,0.36473684210526314,0.3589473684210526,0.3547368421052632,0.33789473684210525,0.32210526315789473,0.27052631578947367,0.3331578947368421,0.28578947368421054,0.32,0.3636842105263158,0.35789473684210527,0.35526315789473684,0.32263157894736844,0.3352631578947368,0.4031578947368421,0.3331578947368421,0.33631578947368423,0.3257894736842105,0.358421052631579,0.3447368421052632,0.3589473684210526,0.33157894736842103,0.34789473684210526,0.33421052631578946,0.36,0.3336842105263158,0.3178947368421053,0.2731578947368421,0.3142105263157895,0.33473684210526317,0.3231578947368421,0.29789473684210527,0.3426315789473684,0.3405263157894737,0.35736842105263156,0.3473684210526316,0.35210526315789475,0.27842105263157896,0.3336842105263158,0.3794736842105263,0.35368421052631577,0.3136842105263158,0.30736842105263157,0.31842105263157894,0.3436842105263158,0.29578947368421055,0.34,0.3105263157894737,0.36105263157894735,0.3268421052631579,0.3310526315789474,0.31684210526315787,0.26052631578947366,0.30157894736842106,0.3605263157894737,0.3194736842105263,0.34421052631578947,0.35210526315789475,0.3368421052631579,0.3263157894736842,0.36157894736842106,0.36105263157894735,0.34210526315789475,0.32421052631578945,0.3268421052631579,0.3463157894736842,0.32105263157894737,0.3263157894736842,0.3294736842105263,0.3026315789473684,0.3431578947368421,0.3178947368421053,0.36736842105263157,0.33263157894736844,0.3131578947368421,0.29157894736842105,0.32,0.3368421052631579,0.33631578947368423,0.35947368421052633,0.3373684210526316,0.3236842105263158,0.2831578947368421,0.35526315789473684,0.26210526315789473,0.3331578947368421,0.36473684210526314,0.37684210526315787,0.34842105263157896,0.3273684210526316,0.2942105263157895,0.33421052631578946,0.29894736842105263,0.37157894736842106,0.3568421052631579,0.3173684210526316,0.3473684210526316,0.358421052631579,0.26894736842105266,0.3368421052631579,0.3105263157894737,0.30842105263157893,0.3236842105263158,0.31842105263157894,0.3431578947368421,0.32105263157894737,0.3294736842105263,0.35947368421052633,0.37,0.358421052631579,0.3331578947368421
0.22	GG2	0.3215789473684211,0.3105263157894737,0.35157894736842105,0.3547368421052632,0.3273684210526316,0.3489473684210526,0.30736842105263157,0.3410526315789474,0.36894736842105263,0.3531578947368421,0.3368421052631579,0.32210526315789473,0.31684210526315787,0.3742105263157895,0.35578947368421054,0.36526315789473685,0.30736842105263157,0.31473684210526315,0.2931578947368421,0.3294736842105263,0.3563157894736842,0.34,0.2731578947368421,0.3405263157894737,0.3273684210526316,0.31473684210526315,0.30473684210526314,0.31526315789473686,0.3642105263157895,0.32210526315789473,0.34578947368421054,0.36526315789473685,0.3057894736842105,0.3489473684210526,0.2847368421052632,0.3684210526315789,0.32789473684210524,0.3742105263157895,0.3726315789473684,0.35,0.3368421052631579,0.3778947368421053,0.3268421052631579,0.3131578947368421,0.3405263157894737,0.3042105263157895,0.3257894736842105,0.3642105263157895,0.36210526315789476,0.30157894736842106,0.3510526315789474,0.3394736842105263,0.3352631578947368,0.3794736842105263,0.26631578947368423,0.3394736842105263,0.34421052631578947,0.3473684210526316,0.3568421052631579,0.3721052631578947,0.30894736842105264,0.36578947368421055,0.36210526315789476,0.3410526315789474,0.3542105263157895,0.35526315789473684,0.3526315789473684,0.3589473684210526,0.3373684210526316,0.36210526315789476,0.34578947368421054,0.3126315789473684,0.34842105263157896,0.3294736842105263,0.3510526315789474,0.2889473684210526,0.35157894736842105,0.3005263157894737,0.3678947368421053,0.33,0.3331578947368421,0.35578947368421054,0.36105263157894735,0.33263157894736844,0.3394736842105263,0.33421052631578946,0.35210526315789475,0.3178947368421053,0.3705263157894737,0.3352631578947368,0.35157894736842105,0.3489473684210526,0.29,0.2631578947368421,0.32421052631578945,0.3526315789473684,0.36578947368421055,0.3426315789473684,0.38,0.3494736842105263,0.3626315789473684,0.35368421052631577,0.3352631578947368,0.4094736842105263,0.3489473684210526,0.38105263157894737,0.3194736842105263,0.3142105263157895,0.3642105263157895,0.35210526315789475,0.3410526315789474,0.3510526315789474,0.32263157894736844,0.37,0.35789473684210527,0.32052631578947366,0.33,0.3510526315789474,0.32473684210526316,0.3436842105263158,0.31105263157894736,0.3873684210526316,0.3121052631578947,0.2984210526315789,0.34842105263157896,0.33,0.31473684210526315,0.34421052631578947,0.3763157894736842,0.3368421052631579,0.37105263157894736,0.3331578947368421,0.34578947368421054,0.35789473684210527,0.3042105263157895,0.3468421052631579,0.33052631578947367,0.36105263157894735,0.34157894736842104,0.3526315789473684,0.35947368421052633,0.3194736842105263,0.3310526315789474,0.3668421052631579,0.27842105263157896,0.35947368421052633,0.35,0.3357894736842105,0.33052631578947367,0.29,0.3642105263157895,0.29210526315789476,0.33052631578947367,0.35789473684210527,0.3631578947368421,0.32789473684210524,0.3447368421052632,0.3705263157894737,0.3131578947368421,0.36105263157894735,0.28421052631578947,0.34421052631578947,0.35736842105263156,0.3178947368421053,0.3178947368421053,0.3463157894736842,0.36526315789473685,0.3389473684210526,0.32842105263157895,0.3394736842105263,0.29947368421052634,0.3194736842105263,0.3178947368421053,0.3,0.31894736842105265,0.3568421052631579,0.36578947368421055,0.37842105263157894,0.3310526315789474,0.33210526315789474,0.37315789473684213,0.2873684210526316,0.35210526315789475,0.35368421052631577,0.3394736842105263,0.38421052631578945,0.33263157894736844,0.31842105263157894,0.3331578947368421,0.30473684210526314,0.34157894736842104,0.3468421052631579,0.3389473684210526,0.3142105263157895,0.27473684210526317,0.33210526315789474,0.3310526315789474,0.35368421052631577,0.3568421052631579,0.33210526315789474
0.24	GEE	0.26842105263157895,0.32526315789473687,0.3568421052631579,0.26842105263157895,0.2542105263157895,0.3605263157894737,0.35368421052631577,0.3526315789473684,0.358421052631579,0.31526315789473686,0.34789473684210526,0.3631578947368421,0.30105263157894735,0.34,0.3494736842105263,0.36157894736842106,0.2094736842105263,0.36736842105263157,0.2805263157894737,0.32,0.3036842105263158,0.34842105263157896,0.2810526315789474,0.35,0.3194736842105263,0.3589473684210526,0.2657894736842105,0.3194736842105263,0.3194736842105263,0.36526315789473685,0.27578947368421053,0.26789473684210524,0.29947368421052634,0.32,0.3057894736842105,0.3368421052631579,0.30157894736842106,0.30473684210526314,0.3263157894736842,0.3757894736842105,0.36210526315789476,0.36210526315789476,0.35210526315789475,0.26421052631578945,0.3194736842105263,0.3668421052631579,0.36473684210526314,0.28578947368421054,0.3642105263157895,0.35789473684210527,0.3468421052631579,0.3668421052631579,0.2673684210526316,0.30157894736842106,0.24210526315789474,0.3531578947368421,0.3605263157894737,0.3705263157894737,0.31842105263157894,0.38,0.3436842105263158,0.37157894736842106,0.34842105263157896,0.30894736842105264,0.3668421052631579,0.29894736842105263,0.32263157894736844,0.35210526315789475,0.3173684210526316,0.31,0.3721052631578947,0.21105263157894738,0.36894736842105263,0.31473684210526315,0.3,0.2847368421052632,0.3547368421052632,0.3663157894736842,0.29578947368421055,0.3231578947368421,0.31157894736842107,0.30894736842105264,0.3447368421052632,0.3794736842105263,0.2805263157894737,0.3452631578947368,0.3426315789473684,0.26421052631578945,0.32842105263157895,0.36526315789473685,0.3473684210526316,0.3778947368421053,0.36578947368421055,0.2931578947368421,0.3,0.3336842105263158,0.38105263157894737,0.3563157894736842,0.36210526315789476,0.3568421052631579,0.36157894736842106,0.3068421052631579,0.37526315789473685,0.3542105263157895,0.35736842105263156,0.3684210526315789,0.3021052631578947,0.36526315789473685,0.3568421052631579,0.36578947368421055,0.3742105263157895,0.3510526315789474,0.3078947368421053,0.3636842105263158,0.3026315789473684,0.3157894736842105,0.26421052631578945,0.36526315789473685,0.2731578947368421,0.3026315789473684,0.3094736842105263,0.37315789473684213,0.31105263157894736,0.27,0.2805263157894737,0.35578947368421054,0.27052631578947367,0.3405263157894737,0.3815789473684211,0.36473684210526314,0.23526315789473684,0.2336842105263158,0.30842105263157893,0.3526315789473684,0.3021052631578947,0.3631578947368421,0.29947368421052634,0.32,0.3642105263157895,0.3131578947368421,0.3773684210526316,0.3605263157894737,0.3631578947368421,0.37,0.3405263157894737,0.26789473684210524,0.27210526315789474,0.31473684210526315,0.3005263157894737,0.3131578947368421,0.3605263157894737,0.2394736842105263,0.3136842105263158,0.28842105263157897,0.33,0.34157894736842104,0.3489473684210526,0.36526315789473685,0.3742105263157895,0.36473684210526314,0.36,0.3563157894736842,0.28842105263157897,0.3463157894736842,0.3605263157894737,0.3568421052631579,0.3,0.34157894736842104,0.31105263157894736,0.32894736842105265,0.3057894736842105,0.3236842105263158,0.31526315789473686,0.3626315789473684,0.37842105263157894,0.31526315789473686,0.35947368421052633,0.31,0.3510526315789474,0.2889473684210526,0.3394736842105263,0.3136842105263158,0.3431578947368421,0.31526315789473686,0.3126315789473684,0.3705263157894737,0.31842105263157894,0.35947368421052633,0.31526315789473686,0.3163157894736842,0.3821052631578947,0.3531578947368421,0.28789473684210526,0.29157894736842105,0.31105263157894736,0.35736842105263156,0.3531578947368421,0.3531578947368421,0.32526315789473687,0.36157894736842106
0.24	GNN	0.32789473684210524,0.31105263157894736,0.2673684210526316,0.28210526315789475,0.33210526315789474,0.29,0.26421052631578945,0.2505263157894737,0.36210526315789476,0.3036842105263158,0.3273684210526316,0.27473684210526317,0.26631578947368423,0.3494736842105263,0.2594736842105263,0.3547368421052632,0.2910526315789474,0.3336842105263158,0.31526315789473686,0.26473684210526316,0.28789473684210526,0.2615789473684211,0.3568421052631579,0.32210526315789473,0.3068421052631579,0.32894736842105265,0.28157894736842104,0.2968421052631579,0.28157894736842104,0.2810526315789474,0.2984210526315789,0.2910526315789474,0.25473684210526315,0.35736842105263156,0.29736842105263156,0.3163157894736842,0.24368421052631578,0.3310526315789474,0.3163157894736842,0.32,0.30842105263157893,0.32789473684210524,0.2905263157894737,0.3268421052631579,0.32894736842105265,0.28526315789473683,0.3136842105263158,0.3105263157894737,0.31894736842105265,0.2873684210526316,0.2810526315789474,0.2905263157894737,0.33631578947368423,0.29578947368421055,0.29578947368421055,0.31526315789473686,0.2668421052631579,0.2505263157894737,0.3068421052631579,0.29736842105263156,0.2805263157894737,0.31105263157894736,0.31473684210526315,0.3215789473684211,0.29,0.3336842105263158,0.35,0.2573684210526316,0.2894736842105263,0.3126315789473684,0.2536842105263158,0.3510526315789474,0.3336842105263158,0.2305263157894737,0.27052631578947367,0.29789473684210527,0.3489473684210526,0.28842105263157897,0.34,0.3231578947368421,0.26210526315789473,0.30157894736842106,0.3105263157894737,0.32421052631578945,0.2889473684210526,0.30105263157894735,0.36526315789473685,0.27789473684210525,0.30157894736842106,0.34157894736842104,0.3394736842105263,0.3463157894736842,0.2773684210526316,0.3157894736842105,0.3136842105263158,0.36,0.2910526315789474,0.2942105263157895,0.29526315789473684,0.24789473684210525,0.2831578947368421,0.2968421052631579,0.33631578947368423,0.37105263157894736,0.33210526315789474,0.27473684210526317,0.29789473684210527,0.26631578947368423,0.26894736842105266,0.29157894736842105,0.30105263157894735,0.2926315789473684,0.3310526315789474,0.31684210526315787,0.27842105263157896,0.3547368421052632,0.27421052631578946,0.28,0.3057894736842105,0.2794736842105263,0.2831578947368421,0.3410526315789474,0.3063157894736842,0.32894736842105265,0.32421052631578945,0.3126315789473684,0.3121052631578947,0.26842105263157895,0.30105263157894735,0.27210526315789474,0.24105263157894738,0.3236842105263158,0.2942105263157895,0.30842105263157893,0.24,0.3105263157894737,0.3005263157894737,0.29578947368421055,0.2752631578947368,0.2710526315789474,0.3273684210526316,0.2926315789473684,0.2657894736842105,0.3352631578947368,0.35210526315789475,0.23684210526315788,0.3126315789473684,0.29526315789473684,0.3268421052631579,0.26473684210526316,0.33263157894736844,0.29578947368421055,0.31684210526315787,0.31473684210526315,0.32421052631578945,0.29947368421052634,0.3721052631578947,0.3036842105263158,0.26421052631578945,0.3063157894736842,0.31157894736842107,0.2826315789473684,0.2631578947368421,0.2336842105263158,0.3436842105263158,0.3352631578947368,0.32263157894736844,0.2752631578947368,0.29789473684210527,0.3757894736842105,0.3178947368421053,0.3057894736842105,0.3263157894736842,0.3026315789473684,0.33,0.3431578947368421,0.3078947368421053,0.32,0.30473684210526314,0.3231578947368421,0.26421052631578945,0.26210526315789473,0.30736842105263157,0.3352631578947368,0.26473684210526316,0.29473684210526313,0.2794736842105263,0.3157894736842105,0.3142105263157895,0.2831578947368421,0.34157894736842104,0.32473684210526316,0.2063157894736842,0.26,0.3331578947368421,0.31526315789473686,0.28526315789473683,0.3352631578947368,0.3236842105263158,0.24578947368421053
0.24	GG	0.3357894736842105,0.3336842105263158,0.30842105263157893,0.3336842105263158,0.3094736842105263,0.3121052631578947,0.2826315789473684,0.3157894736842105,0.3505263157894737,0.35947368421052633,0.3173684210526316,0.33210526315789474,0.29210526315789476,0.3494736842105263,0.3057894736842105,0.3136842105263158,0.32105263157894737,0.36,0.3547368421052632,0.3078947368421053,0.3,0.35736842105263156,0.3489473684210526,0.3447368421052632,0.27421052631578946,0.3194736842105263,0.34842105263157896,0.30526315789473685,0.3468421052631579,0.34578947368421054,0.2657894736842105,0.30842105263157893,0.3005263157894737,0.3215789473684211,0.3294736842105263,0.3105263157894737,0.3436842105263158,0.3426315789473684,0.36894736842105263,0.3473684210526316,0.29210526315789476,0.32263157894736844,0.31894736842105265,0.32105263157894737,0.31894736842105265,0.31157894736842107,0.3005263157894737,0.3526315789473684,0.3494736842105263,0.2463157894736842,0.31105263157894736,0.3405263157894737,0.31105263157894736,0.3173684210526316,0.25894736842105265,0.3215789473684211,0.29947368421052634,0.3794736842105263,0.3105263157894737,0.3473684210526316,0.2631578947368421,0.35526315789473684,0.33789473684210525,0.34842105263157896,0.30526315789473685,0.2836842105263158,0.37526315789473685,0.34157894736842104,0.36105263157894735,0.3310526315789474,0.3215789473684211,0.29473684210526313,0.3410526315789474,0.3126315789473684,0.31473684210526315,0.36,0.29578947368421055,0.35,0.29789473684210527,0.3273684210526316,0.3294736842105263,0.3405263157894737,0.31157894736842107,0.32894736842105265,0.29947368421052634,0.3215789473684211,0.3173684210526316,0.2868421052631579,0.3426315789473684,0.3494736842105263,0.3263157894736842,0.3636842105263158,0.3510526315789474,0.33210526315789474,0.3121052631578947,0.34,0.3021052631578947,0.30105263157894735,0.36157894736842106,0.3447368421052632,0.3494736842105263,0.29736842105263156,0.31842105263157894,0.3568421052631579,0.32105263157894737,0.3157894736842105,0.3163157894736842,0.34789473684210526,0.29210526315789476,0.34,0.32894736842105265,0.32894736842105265,0.35,0.31,0.31894736842105265,0.31526315789473686,0.2826315789473684,0.3021052631578947,0.34210526315789475,0.3468421052631579,0.29894736842105263,0.34578947368421054,0.3257894736842105,0.34421052631578947,0.33210526315789474,0.33,0.3,0.3042105263157895,0.3605263157894737,0.35789473684210527,0.28842105263157897,0.32421052631578945,0.2931578947368421,0.32,0.3131578947368421,0.29473684210526313,0.33789473684210525,0.3426315789473684,0.3094736842105263,0.3368421052631579,0.3547368421052632,0.2873684210526316,0.3157894736842105,0.3542105263157895,0.3057894736842105,0.3131578947368421,0.32105263157894737,0.34842105263157896,0.31526315789473686,0.3452631578947368,0.34421052631578947,0.3131578947368421,0.2636842105263158,0.2731578947368421,0.33631578947368423,0.29947368421052634,0.3068421052631579,0.3468421052631579,0.3142105263157895,0.33,0.3042105263157895,0.35526315789473684,0.33263157894736844,0.30842105263157893,0.2831578947368421,0.29789473684210527,0.33210526315789474,0.32052631578947366,0.36105263157894735,0.35736842105263156,0.2942105263157895,0.25263157894736843,0.3373684210526316,0.2894736842105263,0.3352631578947368,0.35947368421052633,0.35157894736842105,0.3436842105263158,0.2968421052631579,0.3273684210526316,0.34789473684210526,0.32526315789473687,0.32421052631578945,0.3389473684210526,0.3005263157894737,0.3163157894736842,0.3663157894736842,0.34157894736842104,0.2926315789473684,0.3473684210526316,0.32105263157894737,0.33157894736842103,0.2836842105263158,0.27263157894736845,0.3563157894736842,0.28421052631578947,0.3394736842105263,0.34578947368421054,0.37157894736842106,0.3473684210526316
0.24	GG2	0.29789473684210527,0.3357894736842105,0.32526315789473687,0.32263157894736844,0.2905263157894737,0.36526315789473685,0.32263157894736844,0.3405263157894737,0.38842105263157894,0.3136842105263158,0.3042105263157895,0.29157894736842105,0.29789473684210527,0.36210526315789476,0.3531578947368421,0.3352631578947368,0.2931578947368421,0.37315789473684213,0.33421052631578946,0.33631578947368423,0.2710526315789474,0.3410526315789474,0.2926315789473684,0.28157894736842104,0.31105263157894736,0.33210526315789474,0.25,0.3331578947368421,0.34210526315789475,0.3452631578947368,0.31526315789473686,0.3352631578947368,0.27578947368421053,0.2963157894736842,0.29894736842105263,0.3126315789473684,0.3236842105263158,0.3357894736842105,0.3447368421052632,0.3936842105263158,0.3489473684210526,0.3636842105263158,0.29368421052631577,0.34,0.3136842105263158,0.3663157894736842,0.3494736842105263,0.3136842105263158,0.36,0.3531578947368421,0.3273684210526316,0.34789473684210526,0.2968421052631579,0.35368421052631577,0.24105263157894738,0.3236842105263158,0.30842105263157893,0.35947368421052633,0.3157894736842105,0.3705263157894737,0.2836842105263158,0.3663157894736842,0.35157894736842105,0.32473684210526316,0.3636842105263158,0.31157894736842107,0.3310526315789474,0.3352631578947368,0.3057894736842105,0.34578947368421054,0.3463157894736842,0.2826315789473684,0.3494736842105263,0.3126315789473684,0.3194736842105263,0.31526315789473686,0.3263157894736842,0.3821052631578947,0.32789473684210524,0.32263157894736844,0.29473684210526313,0.34210526315789475,0.3163157894736842,0.3626315789473684,0.29473684210526313,0.3257894736842105,0.3157894736842105,0.28421052631578947,0.3636842105263158,0.3542105263157895,0.35157894736842105,0.3794736842105263,0.3273684210526316,0.32526315789473687,0.31684210526315787,0.3394736842105263,0.3473684210526316,0.28157894736842104,0.3563157894736842,0.3494736842105263,0.3526315789473684,0.3063157894736842,0.3194736842105263,0.35736842105263156,0.3631578947368421,0.35526315789473684,0.3357894736842105,0.3636842105263158,0.31894736842105265,0.33263157894736844,0.3668421052631579,0.3510526315789474,0.3105263157894737,0.3447368421052632,0.27052631578947367,0.32105263157894737,0.3373684210526316,0.3642105263157895,0.33842105263157896,0.33157894736842103,0.3126315789473684,0.3668421052631579,0.32263157894736844,0.2731578947368421,0.3163157894736842,0.3126315789473684,0.3431578947368421,0.3236842105263158,0.3473684210526316,0.32263157894736844,0.3263157894736842,0.3563157894736842,0.3542105263157895,0.35157894736842105,0.27210526315789474,0.36526315789473685,0.31105263157894736,0.32842105263157895,0.3336842105263158,0.3636842105263158,0.3757894736842105,0.3294736842105263,0.30473684210526314,0.32421052631578945,0.32473684210526316,0.31105263157894736,0.29789473684210527,0.29157894736842105,0.3268421052631579,0.3163157894736842,0.3336842105263158,0.3078947368421053,0.34210526315789475,0.28789473684210526,0.358421052631579,0.3410526315789474,0.3436842105263158,0.3605263157894737,0.30842105263157893,0.3510526315789474,0.32105263157894737,0.3568421052631579,0.3563157894736842,0.31157894736842107,0.3215789473684211,0.3194736842105263,0.3431578947368421,0.3121052631578947,0.3231578947368421,0.3452631578947368,0.26263157894736844,0.3163157894736842,0.3131578947368421,0.31157894736842107,0.35789473684210527,0.29,0.3447368421052632,0.3215789473684211,0.32,0.3042105263157895,0.3468421052631579,0.30894736842105264,0.35368421052631577,0.31526315789473686,0.33210526315789474,0.35526315789473684,0.3263157894736842,0.34421052631578947,0.3257894736842105,0.33263157894736844,0.34578947368421054,0.3505263157894737,0.30105263157894735,0.3,0.30736842105263157,0.34157894736842104,0.35578947368421054,0.36894736842105263,0.36210526315789476,0.32842105263157895
0.26	GEE	0.3426315789473684,0.358421052631579,0.3036842105263158,0.2847368421052632,0.32210526315789473,0.34157894736842104,0.3636842105263158,0.31,0.31105263157894736,0.35526315789473684,0.33631578947368423,0.3463157894736842,0.2752631578947368,0.35578947368421054,0.3126315789473684,0.32,0.3352631578947368,0.33,0.3510526315789474,0.2942105263157895,0.26631578947368423,0.35157894736842105,0.2657894736842105,0.3068421052631579,0.34789473684210526,0.34789473684210526,0.3263157894736842,0.33789473684210525,0.2631578947368421,0.35736842105263156,0.35526315789473684,0.3663157894736842,0.35210526315789475,0.31157894736842107,0.3705263157894737,0.2826315789473684,0.3410526315789474,0.35947368421052633,0.3410526315789474,0.36157894736842106,0.27578947368421053,0.34,0.3157894736842105,0.3163157894736842,0.25473684210526315,0.33631578947368423,0.3194736842105263,0.3489473684210526,0.34210526315789475,0.27578947368421053,0.3068421052631579,0.30473684210526314,0.27842105263157896,0.36,0.25894736842105265,0.33473684210526317,0.29947368421052634,0.35736842105263156,0.32105263157894737,0.3547368421052632,0.36210526315789476,0.33631578947368423,0.3331578947368421,0.3468421052631579,0.3463157894736842,0.3452631578947368,0.29736842105263156,0.358421052631579,0.31684210526315787,0.3531578947368421,0.29157894736842105,0.29736842105263156,0.35578947368421054,0.31,0.2578947368421053,0.33631578947368423,0.358421052631579,0.29157894736842105,0.3568421052631579,0.3510526315789474,0.2331578947368421,0.32842105263157895,0.36105263157894735,0.2463157894736842,0.21052631578947367,0.31105263157894736,0.35210526315789475,0.3463157894736842,0.31473684210526315,0.3078947368421053,0.3505263157894737,0.27210526315789474,0.3336842105263158,0.25473684210526315,0.3121052631578947,0.3468421052631579,0.35736842105263156,0.2463157894736842,0.3568421052631579,0.29789473684210527,0.3526315789473684,0.3005263157894737,0.3068421052631579,0.3742105263157895,0.33210526315789474,0.29578947368421055,0.3036842105263158,0.24210526315789474,0.358421052631579,0.3705263157894737,0.3410526315789474,0.31473684210526315,0.32052631578947366,0.2578947368421053,0.31,0.34210526315789475,0.3368421052631579,0.3815789473684211,0.35789473684210527,0.2942105263157895,0.3163157894736842,0.37157894736842106,0.3057894736842105,0.35578947368421054,0.35,0.24263157894736842,0.2536842105263158,0.35736842105263156,0.3026315789473684,0.34578947368421054,0.3026315789473684,0.3331578947368421,0.35526315789473684,0.29578947368421055,0.18578947368421053,0.33,0.3142105263157895,0.34789473684210526,0.3031578947368421,0.32894736842105265,0.2573684210526316,0.25842105263157894,0.2931578947368421,0.34157894736842104,0.3036842105263158,0.3310526315789474,0.2836842105263158,0.35736842105263156,0.33263157894736844,0.2531578947368421,0.3510526315789474,0.3368421052631579,0.2968421052631579,0.3057894736842105,0.3489473684210526,0.2889473684210526,0.2963157894736842,0.3547368421052632,0.20157894736842105,0.3531578947368421,0.33052631578947367,0.3494736842105263,0.3042105263157895,0.3473684210526316,0.33263157894736844,0.3589473684210526,0.3178947368421053,0.29894736842105263,0.35,0.3431578947368421,0.3157894736842105,0.3042105263157895,0.3005263157894737,0.3231578947368421,0.34789473684210526,0.3547368421052632,0.26789473684210524,0.3405263157894737,0.36947368421052634,0.26210526315789473,0.3405263157894737,0.24421052631578946,0.30894736842105264,0.26526315789473687,0.3626315789473684,0.3410526315789474,0.2710526315789474,0.3068421052631579,0.34842105263157896,0.31157894736842107,0.30894736842105264,0.3373684210526316,0.26473684210526316,0.2631578947368421,0.25526315789473686,0.29789473684210527,0.33842105263157896,0.36578947368421055,0.3684210526315789,0.35
0.26	GNN	0.3568421052631579,0.3021052631578947,0.2968421052631579,0.2615789473684211,0.31105263157894736,0.3042105263157895,0.24157894736842106,0.2305263157894737,0.3505263157894737,0.3136842105263158,0.2963157894736842,0.24421052631578946,0.2668421052631579,0.32894736842105265,0.2578947368421053,0.3194736842105263,0.23210526315789473,0.3394736842105263,0.3036842105263158,0.26,0.2826315789473684,0.2578947368421053,0.34578947368421054,0.3215789473684211,0.3105263157894737,0.3173684210526316,0.3131578947368421,0.28789473684210526,0.2873684210526316,0.3078947368421053,0.30526315789473685,0.30894736842105264,0.2394736842105263,0.32526315789473687,0.3057894736842105,0.29473684210526313,0.2542105263157895,0.3336842105263158,0.34157894736842104,0.2863157894736842,0.2657894736842105,0.3431578947368421,0.2926315789473684,0.3157894736842105,0.33421052631578946,0.2810526315789474,0.32105263157894737,0.3231578947368421,0.3121052631578947,0.25263157894736843,0.29210526315789476,0.26052631578947366,0.27157894736842103,0.28842105263157897,0.3231578947368421,0.3405263157894737,0.26473684210526316,0.26,0.3142105263157895,0.30105263157894735,0.26105263157894737,0.31105263157894736,0.30894736842105264,0.3236842105263158,0.3036842105263158,0.29473684210526313,0.32263157894736844,0.29473684210526313,0.27578947368421053,0.33473684210526317,0.2615789473684211,0.33,0.3331578947368421,0.2505263157894737,0.3063157894736842,0.29,0.32842105263157895,0.24894736842105264,0.34,0.3068421052631579,0.24947368421052632,0.31,0.3021052631578947,0.28842105263157897,0.29789473684210527,0.2694736842105263,0.36526315789473685,0.31157894736842107,0.3173684210526316,0.3568421052631579,0.31473684210526315,0.3336842105263158,0.2894736842105263,0.26789473684210524,0.3036842105263158,0.35,0.32473684210526316,0.27842105263157896,0.28210526315789475,0.23789473684210527,0.26263157894736844,0.2984210526315789,0.3142105263157895,0.3505263157894737,0.32842105263157895,0.30157894736842106,0.31526315789473686,0.24736842105263157,0.2905263157894737,0.28210526315789475,0.2768421052631579,0.30526315789473685,0.29947368421052634,0.3273684210526316,0.28578947368421054,0.2905263157894737,0.28210526315789475,0.26105263157894737,0.3215789473684211,0.26263157894736844,0.2615789473684211,0.32105263157894737,0.2926315789473684,0.29157894736842105,0.3294736842105263,0.32526315789473687,0.2926315789473684,0.2736842105263158,0.30157894736842106,0.30105263157894735,0.25842105263157894,0.3257894736842105,0.29368421052631577,0.29473684210526313,0.24368421052631578,0.30526315789473685,0.31473684210526315,0.2968421052631579,0.3,0.24473684210526317,0.29789473684210527,0.27,0.3310526315789474,0.3231578947368421,0.32,0.2542105263157895,0.3042105263157895,0.3057894736842105,0.2889473684210526,0.24736842105263157,0.3094736842105263,0.2931578947368421,0.33842105263157896,0.3173684210526316,0.3236842105263158,0.29894736842105263,0.35526315789473684,0.31,0.2536842105263158,0.2847368421052632,0.34578947368421054,0.27210526315789474,0.2931578947368421,0.26052631578947366,0.31473684210526315,0.30105263157894735,0.3121052631578947,0.2752631578947368,0.3068421052631579,0.3410526315789474,0.33052631578947367,0.3068421052631579,0.32789473684210524,0.32526315789473687,0.3105263157894737,0.3405263157894737,0.29947368421052634,0.3431578947368421,0.3294736842105263,0.32473684210526316,0.29,0.2505263157894737,0.3105263157894737,0.32052631578947366,0.2521052631578947,0.3257894736842105,0.2789473684210526,0.32,0.33210526315789474,0.29473684210526313,0.33473684210526317,0.34,0.26421052631578945,0.2615789473684211,0.3178947368421053,0.3173684210526316,0.2826315789473684,0.3126315789473684,0.3068421052631579,0.2710526315789474
0.26	GG	0.3194736842105263,0.30736842105263157,0.27157894736842103,0.30526315789473685,0.33263157894736844,0.32473684210526316,0.26473684210526316,0.31842105263157894,0.34,0.33210526315789474,0.33210526315789474,0.34842105263157896,0.2968421052631579,0.33421052631578946,0.3294736842105263,0.3063157894736842,0.3194736842105263,0.3542105263157895,0.31473684210526315,0.2894736842105263,0.2736842105263158,0.3505263157894737,0.32789473684210524,0.33052631578947367,0.22842105263157894,0.31473684210526315,0.3105263157894737,0.2736842105263158,0.3121052631578947,0.32421052631578945,0.26105263157894737,0.3173684210526316,0.31526315789473686,0.2968421052631579,0.35368421052631577,0.2968421052631579,0.3236842105263158,0.3357894736842105,0.32210526315789473,0.33421052631578946,0.31105263157894736,0.3005263157894737,0.3094736842105263,0.3263157894736842,0.2926315789473684,0.31157894736842107,0.3036842105263158,0.33631578947368423,0.3452631578947368,0.2794736842105263,0.26473684210526316,0.32421052631578945,0.2668421052631579,0.2863157894736842,0.2536842105263158,0.34210526315789475,0.3036842105263158,0.33157894736842103,0.31842105263157894,0.34157894736842104,0.2794736842105263,0.31473684210526315,0.24473684210526317,0.3231578947368421,0.2826315789473684,0.2810526315789474,0.3531578947368421,0.3489473684210526,0.3468421052631579,0.3352631578947368,0.29368421052631577,0.31473684210526315,0.34157894736842104,0.3273684210526316,0.3231578947368421,0.33473684210526317,0.3131578947368421,0.3136842105263158,0.3136842105263158,0.3173684210526316,0.27842105263157896,0.3431578947368421,0.34421052631578947,0.29368421052631577,0.28578947368421054,0.3042105263157895,0.33,0.29578947368421055,0.3510526315789474,0.32052631578947366,0.3336842105263158,0.32789473684210524,0.29368421052631577,0.3063157894736842,0.30473684210526314,0.33842105263157896,0.3021052631578947,0.2931578947368421,0.3357894736842105,0.33263157894736844,0.31,0.3026315789473684,0.3126315789473684,0.3510526315789474,0.30526315789473685,0.2673684210526316,0.3063157894736842,0.3273684210526316,0.27631578947368424,0.3526315789473684,0.26105263157894737,0.35368421052631577,0.32421052631578945,0.3131578947368421,0.3373684210526316,0.3257894736842105,0.29736842105263156,0.2942105263157895,0.3405263157894737,0.2863157894736842,0.2910526315789474,0.34789473684210526,0.3542105263157895,0.32263157894736844,0.32894736842105265,0.31526315789473686,0.2794736842105263,0.3078947368421053,0.32473684210526316,0.32894736842105265,0.2710526315789474,0.2810526315789474,0.2963157894736842,0.3194736842105263,0.28157894736842104,0.29157894736842105,0.34421052631578947,0.34,0.3063157894736842,0.2889473684210526,0.3236842105263158,0.27421052631578946,0.30736842105263157,0.3368421052631579,0.3005263157894737,0.3068421052631579,0.3547368421052632,0.34578947368421054,0.29,0.32052631578947366,0.33421052631578946,0.3231578947368421,0.25473684210526315,0.28842105263157897,0.32210526315789473,0.2905263157894737,0.2657894736842105,0.3236842105263158,0.28157894736842104,0.34210526315789475,0.2731578947368421,0.3294736842105263,0.3336842105263158,0.2505263157894737,0.31842105263157894,0.29789473684210527,0.34421052631578947,0.3142105263157895,0.3352631578947368,0.3389473684210526,0.2873684210526316,0.2573684210526316,0.32789473684210524,0.26105263157894737,0.3094736842105263,0.3436842105263158,0.3510526315789474,0.3105263157894737,0.3336842105263158,0.33842105263157896,0.3389473684210526,0.27052631578947367,0.31105263157894736,0.33263157894736844,0.34789473684210526,0.2905263157894737,0.3468421052631579,0.31842105263157894,0.2963157894736842,0.3331578947368421,0.30842105263157893,0.3273684210526316,0.32842105263157895,0.33,0.32210526315789473,0.29894736842105263,0.3357894736842105,0.35736842105263156,0.3626315789473684,0.32421052631578945
0.26	GG2	0.31105263157894736,0.32105263157894737,0.3236842105263158,0.2910526315789474,0.33,0.3431578947368421,0.3310526315789474,0.3273684210526316,0.3373684210526316,0.3431578947368421,0.33789473684210525,0.3310526315789474,0.3268421052631579,0.3426315789473684,0.3331578947368421,0.31842105263157894,0.2889473684210526,0.36947368421052634,0.31894736842105265,0.29473684210526313,0.3031578947368421,0.34210526315789475,0.2789473684210526,0.26105263157894737,0.29578947368421055,0.33631578947368423,0.3257894736842105,0.3131578947368421,0.3215789473684211,0.3452631578947368,0.34578947368421054,0.36526315789473685,0.3094736842105263,0.28526315789473683,0.35947368421052633,0.27842105263157896,0.33052631578947367,0.3410526315789474,0.33157894736842103,0.3605263157894737,0.33473684210526317,0.33263157894736844,0.29894736842105263,0.3268421052631579,0.3142105263157895,0.3394736842105263,0.32842105263157895,0.3036842105263158,0.3294736842105263,0.2773684210526316,0.29894736842105263,0.3263157894736842,0.30157894736842106,0.35210526315789475,0.25263157894736843,0.32105263157894737,0.2926315789473684,0.32842105263157895,0.3173684210526316,0.35,0.3336842105263158,0.33473684210526317,0.3173684210526316,0.31526315789473686,0.34157894736842104,0.3436842105263158,0.30842105263157893,0.32894736842105265,0.34,0.35789473684210527,0.3121052631578947,0.2789473684210526,0.3389473684210526,0.31,0.30894736842105264,0.30105263157894735,0.3410526315789474,0.2968421052631579,0.35736842105263156,0.3231578947368421,0.26,0.3468421052631579,0.35578947368421054,0.27210526315789474,0.3136842105263158,0.3236842105263158,0.3131578947368421,0.3331578947368421,0.32263157894736844,0.3368421052631579,0.32842105263157895,0.29947368421052634,0.2826315789473684,0.27,0.31157894736842107,0.3563157894736842,0.3494736842105263,0.33263157894736844,0.31894736842105265,0.3178947368421053,0.3389473684210526,0.33157894736842103,0.3131578947368421,0.3668421052631579,0.3331578947368421,0.3057894736842105,0.2894736842105263,0.30157894736842106,0.3357894736842105,0.3468421052631579,0.3231578947368421,0.3336842105263158,0.3273684210526316,0.2889473684210526,0.3273684210526316,0.2868421052631579,0.3426315789473684,0.35,0.3373684210526316,0.2968421052631579,0.2963157894736842,0.35210526315789475,0.3263157894736842,0.35210526315789475,0.3426315789473684,0.30105263157894735,0.3157894736842105,0.26526315789473687,0.3173684210526316,0.3157894736842105,0.29157894736842105,0.3078947368421053,0.3436842105263158,0.31842105263157894,0.26894736842105266,0.3489473684210526,0.3310526315789474,0.32526315789473687,0.3163157894736842,0.3131578947368421,0.29368421052631577,0.29473684210526313,0.29947368421052634,0.3410526315789474,0.3447368421052632,0.2984210526315789,0.35157894736842105,0.3373684210526316,0.3426315789473684,0.3273684210526316,0.31894736842105265,0.3105263157894737,0.3026315789473684,0.3163157894736842,0.3394736842105263,0.29210526315789476,0.33210526315789474,0.3531578947368421,0.30842105263157893,0.3721052631578947,0.28578947368421054,0.3368421052631579,0.3473684210526316,0.3021052631578947,0.3405263157894737,0.31105263157894736,0.3626315789473684,0.3489473684210526,0.34421052631578947,0.34210526315789475,0.2963157894736842,0.3157894736842105,0.32789473684210524,0.31684210526315787,0.31894736842105265,0.33210526315789474,0.33,0.34789473684210526,0.3394736842105263,0.2905263157894737,0.3494736842105263,0.32263157894736844,0.32210526315789473,0.3163157894736842,0.35578947368421054,0.34421052631578947,0.3042105263157895,0.3389473684210526,0.32421052631578945,0.33842105263157896,0.33842105263157896,0.34789473684210526,0.32263157894736844,0.3094736842105263,0.26789473684210524,0.30894736842105264,0.3510526315789474,0.3705263157894737,0.3605263157894737,0.31684210526315787
0.28	GEE	0.23789473684210527,0.3368421052631579,0.29578947368421055,0.3405263157894737,0.3173684210526316,0.29157894736842105,0.3352631578947368,0.33421052631578946,0.34157894736842104,0.2831578947368421,0.33052631578947367,0.2863157894736842,0.27578947368421053,0.35578947368421054,0.2636842105263158,0.33631578947368423,0.3568421052631579,0.3736842105263158,0.27789473684210525,0.27578947368421053,0.2794736842105263,0.32789473684210524,0.29947368421052634,0.3263157894736842,0.3310526315789474,0.2863157894736842,0.2847368421052632,0.30842105263157893,0.34,0.33263157894736844,0.3468421052631579,0.35526315789473684,0.28526315789473683,0.33210526315789474,0.26052631578947366,0.2863157894736842,0.32789473684210524,0.28842105263157897,0.3426315789473684,0.3531578947368421,0.2894736842105263,0.35,0.27263157894736845,0.27631578947368424,0.24210526315789474,0.36105263157894735,0.2873684210526316,0.32894736842105265,0.34210526315789475,0.2984210526315789,0.35947368421052633,0.36526315789473685,0.33421052631578946,0.24947368421052632,0.3005263157894737,0.3294736842105263,0.28,0.28210526315789475,0.30473684210526314,0.33210526315789474,0.35736842105263156,0.3373684210526316,0.2831578947368421,0.2984210526315789,0.3436842105263158,0.3394736842105263,0.27631578947368424,0.33789473684210525,0.3294736842105263,0.3005263157894737,0.2942105263157895,0.18368421052631578,0.35947368421052633,0.2578947368421053,0.3452631578947368,0.3463157894736842,0.35210526315789475,0.2905263157894737,0.3405263157894737,0.29526315789473684,0.24894736842105264,0.3294736842105263,0.33473684210526317,0.24842105263157896,0.3394736842105263,0.25684210526315787,0.28842105263157897,0.2905263157894737,0.3368421052631579,0.32052631578947366,0.3426315789473684,0.2984210526315789,0.34,0.2905263157894737,0.2789473684210526,0.3394736842105263,0.29473684210526313,0.35736842105263156,0.30157894736842106,0.24210526315789474,0.3468421052631579,0.3310526315789474,0.3394736842105263,0.2810526315789474,0.35157894736842105,0.3447368421052632,0.2968421052631579,0.3331578947368421,0.35526315789473684,0.24947368421052632,0.34842105263157896,0.29210526315789476,0.33210526315789474,0.3563157894736842,0.32894736842105265,0.2963157894736842,0.28,0.3426315789473684,0.22842105263157894,0.29789473684210527,0.3436842105263158,0.30473684210526314,0.3373684210526316,0.26421052631578945,0.34578947368421054,0.24842105263157896,0.28421052631578947,0.3373684210526316,0.3026315789473684,0.29157894736842105,0.24736842105263157,0.3494736842105263,0.3026315789473684,0.2826315789473684,0.3352631578947368,0.36105263157894735,0.27157894736842103,0.3094736842105263,0.35157894736842105,0.34157894736842104,0.21894736842105264,0.3468421052631579,0.23684210526315788,0.32052631578947366,0.27157894736842103,0.33263157894736844,0.2521052631578947,0.33421052631578946,0.2794736842105263,0.2468421052631579,0.2942105263157895,0.27789473684210525,0.29368421052631577,0.3605263157894737,0.2905263157894737,0.3336842105263158,0.29526315789473684,0.29157894736842105,0.32210526315789473,0.3821052631578947,0.29,0.25157894736842107,0.3021052631578947,0.24157894736842106,0.3510526315789474,0.3357894736842105,0.34842105263157896,0.29210526315789476,0.2431578947368421,0.3510526315789474,0.23789473684210527,0.29736842105263156,0.2889473684210526,0.2963157894736842,0.24421052631578946,0.26473684210526316,0.24736842105263157,0.33473684210526317,0.2505263157894737,0.28421052631578947,0.2731578947368421,0.24210526315789474,0.33842105263157896,0.2963157894736842,0.2336842105263158,0.3473684210526316,0.29894736842105263,0.27631578947368424,0.2894736842105263,0.28,0.24578947368421053,0.3463157894736842,0.3,0.27210526315789474,0.32789473684210524,0.2836842105263158,0.2463157894736842,0.36947368421052634,0.35210526315789475,0.34421052631578947
0.28	GNN	0.3368421052631579,0.29368421052631577,0.32263157894736844,0.26,0.31526315789473686,0.2773684210526316,0.26894736842105266,0.2636842105263158,0.34578947368421054,0.3173684210526316,0.2873684210526316,0.29157894736842105,0.22578947368421054,0.35157894736842105,0.2594736842105263,0.33052631578947367,0.2636842105263158,0.3405263157894737,0.30736842105263157,0.2573684210526316,0.26421052631578945,0.2831578947368421,0.35157894736842105,0.3121052631578947,0.32421052631578945,0.3194736842105263,0.30473684210526314,0.29210526315789476,0.3036842105263158,0.25894736842105265,0.27473684210526317,0.3121052631578947,0.28,0.3531578947368421,0.2794736842105263,0.2968421052631579,0.2331578947368421,0.33789473684210525,0.32105263157894737,0.3121052631578947,0.26105263157894737,0.35,0.3131578947368421,0.31842105263157894,0.32105263157894737,0.3094736842105263,0.33052631578947367,0.3568421052631579,0.3163157894736842,0.2826315789473684,0.2463157894736842,0.2963157894736842,0.30842105263157893,0.3136842105263158,0.31894736842105265,0.30842105263157893,0.25684210526315787,0.2615789473684211,0.3042105263157895,0.31105263157894736,0.3031578947368421,0.36,0.30473684210526314,0.32,0.25842105263157894,0.30526315789473685,0.34578947368421054,0.27578947368421053,0.2905263157894737,0.30105263157894735,0.2542105263157895,0.3410526315789474,0.33789473684210525,0.24052631578947367,0.24052631578947367,0.2752631578947368,0.3431578947368421,0.25,0.3336842105263158,0.33,0.25842105263157894,0.33052631578947367,0.28526315789473683,0.3036842105263158,0.2968421052631579,0.3068421052631579,0.35947368421052633,0.32789473684210524,0.2868421052631579,0.33631578947368423,0.34210526315789475,0.3268421052631579,0.3126315789473684,0.2468421052631579,0.29,0.34,0.29473684210526313,0.2889473684210526,0.29210526315789476,0.23210526315789473,0.2805263157894737,0.28526315789473683,0.32263157894736844,0.35,0.3194736842105263,0.3121052631578947,0.3131578947368421,0.2773684210526316,0.2868421052631579,0.27263157894736845,0.3126315789473684,0.27157894736842103,0.3094736842105263,0.2826315789473684,0.27052631578947367,0.2894736842105263,0.27,0.2926315789473684,0.31526315789473686,0.2873684210526316,0.27473684210526317,0.3389473684210526,0.3126315789473684,0.30736842105263157,0.32526315789473687,0.3215789473684211,0.32842105263157895,0.2594736842105263,0.31105263157894736,0.2826315789473684,0.2531578947368421,0.30526315789473685,0.3136842105263158,0.3063157894736842,0.2336842105263158,0.2863157894736842,0.2805263157894737,0.3105263157894737,0.2736842105263158,0.26421052631578945,0.31105263157894736,0.2431578947368421,0.30894736842105264,0.32210526315789473,0.3236842105263158,0.2236842105263158,0.32,0.2889473684210526,0.3005263157894737,0.26894736842105266,0.3042105263157895,0.2826315789473684,0.2968421052631579,0.33,0.3405263157894737,0.27210526315789474,0.35368421052631577,0.29473684210526313,0.26052631578947366,0.2873684210526316,0.34842105263157896,0.2668421052631579,0.2894736842105263,0.25473684210526315,0.32842105263157895,0.3231578947368421,0.3368421052631579,0.3,0.30473684210526314,0.3394736842105263,0.29894736842105263,0.33842105263157896,0.34157894736842104,0.3036842105263158,0.33052631578947367,0.3410526315789474,0.3105263157894737,0.3310526315789474,0.2810526315789474,0.29789473684210527,0.3021052631578947,0.2521052631578947,0.32421052631578945,0.33789473684210525,0.2731578947368421,0.3042105263157895,0.27157894736842103,0.32842105263157895,0.3157894736842105,0.2826315789473684,0.32421052631578945,0.3126315789473684,0.21368421052631578,0.28578947368421054,0.3357894736842105,0.29947368421052634,0.2942105263157895,0.3178947368421053,0.3194736842105263,0.2294736842105263
0.28	GG	0.3063157894736842,0.2752631578947368,0.3,0.29578947368421055,0.28,0.3021052631578947,0.2468421052631579,0.29789473684210527,0.34210526315789475,0.3215789473684211,0.2910526315789474,0.34578947368421054,0.25842105263157894,0.3178947368421053,0.27421052631578946,0.28526315789473683,0.31894736842105265,0.3684210526315789,0.2868421052631579,0.27263157894736845,0.26052631578947366,0.3236842105263158,0.3268421052631579,0.3178947368421053,0.21210526315789474,0.31157894736842107,0.3021052631578947,0.30736842105263157,0.31,0.27789473684210525,0.2736842105263158,0.27842105263157896,0.2768421052631579,0.32052631578947366,0.32526315789473687,0.2868421052631579,0.3036842105263158,0.34210526315789475,0.3426315789473684,0.32526315789473687,0.3021052631578947,0.3057894736842105,0.28210526315789475,0.3352631578947368,0.2752631578947368,0.32263157894736844,0.2631578947368421,0.31526315789473686,0.29368421052631577,0.29894736842105263,0.30736842105263157,0.3268421052631579,0.26263157894736844,0.2810526315789474,0.2463157894736842,0.29368421052631577,0.2710526315789474,0.29789473684210527,0.3,0.33842105263157896,0.2789473684210526,0.3463157894736842,0.3,0.31105263157894736,0.24947368421052632,0.2810526315789474,0.3426315789473684,0.3357894736842105,0.31,0.3452631578947368,0.2563157894736842,0.27578947368421053,0.32210526315789473,0.3036842105263158,0.30473684210526314,0.32210526315789473,0.30736842105263157,0.3215789473684211,0.27842105263157896,0.31473684210526315,0.31157894736842107,0.30842105263157893,0.31,0.29368421052631577,0.28578947368421054,0.2984210526315789,0.3505263157894737,0.31473684210526315,0.3268421052631579,0.29894736842105263,0.32842105263157895,0.33473684210526317,0.3194736842105263,0.26842105263157895,0.27052631578947367,0.3352631578947368,0.2736842105263158,0.30842105263157893,0.3173684210526316,0.2889473684210526,0.3368421052631579,0.28421052631578947,0.3131578947368421,0.33421052631578946,0.3042105263157895,0.27,0.27157894736842103,0.3215789473684211,0.24473684210526317,0.30736842105263157,0.2668421052631579,0.3257894736842105,0.2963157894736842,0.3163157894736842,0.30526315789473685,0.2963157894736842,0.23526315789473684,0.2810526315789474,0.29947368421052634,0.2963157894736842,0.2531578947368421,0.3068421052631579,0.30526315789473685,0.3494736842105263,0.34,0.2563157894736842,0.2889473684210526,0.3005263157894737,0.32,0.32473684210526316,0.32473684210526316,0.28789473684210526,0.2594736842105263,0.3021052631578947,0.33157894736842103,0.27631578947368424,0.2905263157894737,0.30473684210526314,0.3178947368421053,0.28578947368421054,0.30526315789473685,0.26631578947368423,0.28578947368421054,0.3178947368421053,0.28578947368421054,0.32210526315789473,0.29210526315789476,0.3394736842105263,0.26526315789473687,0.3042105263157895,0.32526315789473687,0.33,0.23421052631578948,0.2942105263157895,0.3,0.2873684210526316,0.2536842105263158,0.2968421052631579,0.24368421052631578,0.31157894736842107,0.28157894736842104,0.31526315789473686,0.3463157894736842,0.28789473684210526,0.3373684210526316,0.27578947368421053,0.32789473684210524,0.3136842105263158,0.30526315789473685,0.3263157894736842,0.2736842105263158,0.24157894736842106,0.3136842105263158,0.2668421052631579,0.2863157894736842,0.31842105263157894,0.3463157894736842,0.32,0.28210526315789475,0.2463157894736842,0.3273684210526316,0.2984210526315789,0.3410526315789474,0.32105263157894737,0.30473684210526314,0.2968421052631579,0.34578947368421054,0.3005263157894737,0.2873684210526316,0.31157894736842107,0.26526315789473687,0.3257894736842105,0.2894736842105263,0.3078947368421053,0.2542105263157895,0.29157894736842105,0.2873684210526316,0.33473684210526317,0.34789473684210526,0.2968421052631579
0.28	GG2	0.3105263157894737,0.29736842105263156,0.2773684210526316,0.3405263157894737,0.31,0.3126315789473684,0.3163157894736842,0.30736842105263157,0.3126315789473684,0.3,0.29894736842105263,0.33,0.3142105263157895,0.34578947368421054,0.3231578947368421,0.32789473684210524,0.2668421052631579,0.35,0.3268421052631579,0.2657894736842105,0.28526315789473683,0.29,0.29368421052631577,0.2768421052631579,0.25105263157894736,0.2931578947368421,0.26789473684210524,0.26894736842105266,0.34210526315789475,0.3031578947368421,0.3368421052631579,0.3142105263157895,0.26263157894736844,0.3163157894736842,0.32421052631578945,0.2631578947368421,0.3068421052631579,0.3410526315789474,0.32526315789473687,0.33,0.3173684210526316,0.3352631578947368,0.28157894736842104,0.35157894736842105,0.26210526315789473,0.3389473684210526,0.3178947368421053,0.34,0.31,0.3394736842105263,0.3173684210526316,0.3136842105263158,0.29368421052631577,0.29736842105263156,0.23421052631578948,0.3,0.2531578947368421,0.3173684210526316,0.3026315789473684,0.3436842105263158,0.3105263157894737,0.3489473684210526,0.2873684210526316,0.2826315789473684,0.33842105263157896,0.27578947368421053,0.3373684210526316,0.33157894736842103,0.30842105263157893,0.35736842105263156,0.3031578947368421,0.2578947368421053,0.3436842105263158,0.3426315789473684,0.34157894736842104,0.33421052631578946,0.3236842105263158,0.3131578947368421,0.31105263157894736,0.3078947368421053,0.30842105263157893,0.30157894736842106,0.27421052631578946,0.2926315789473684,0.3126315789473684,0.3257894736842105,0.33,0.3231578947368421,0.32052631578947366,0.29894736842105263,0.33473684210526317,0.3410526315789474,0.3257894736842105,0.2505263157894737,0.32105263157894737,0.34210526315789475,0.3357894736842105,0.3131578947368421,0.33,0.31157894736842107,0.34210526315789475,0.2636842105263158,0.3078947368421053,0.30526315789473685,0.3678947368421053,0.3273684210526316,0.27,0.32421052631578945,0.35789473684210527,0.30105263157894735,0.32526315789473687,0.33842105263157896,0.3021052631578947,0.33210526315789474,0.3036842105263158,0.2910526315789474,0.29947368421052634,0.33473684210526317,0.3236842105263158,0.3257894736842105,0.32894736842105265,0.3431578947368421,0.28842105263157897,0.3057894736842105,0.3394736842105263,0.2847368421052632,0.2926315789473684,0.2926315789473684,0.3194736842105263,0.28210526315789475,0.29578947368421055,0.2942105263157895,0.31842105263157894,0.3105263157894737,0.29,0.3489473684210526,0.2752631578947368,0.3178947368421053,0.2942105263157895,0.3142105263157895,0.2305263157894737,0.31684210526315787,0.2847368421052632,0.32052631578947366,0.32473684210526316,0.29736842105263156,0.2905263157894737,0.3268421052631579,0.2894736842105263,0.2594736842105263,0.2910526315789474,0.32263157894736844,0.30157894736842106,0.3236842105263158,0.3405263157894737,0.33789473684210525,0.31,0.3173684210526316,0.2931578947368421,0.36210526315789476,0.29526315789473684,0.29736842105263156,0.3410526315789474,0.24947368421052632,0.3157894736842105,0.31526315789473686,0.34,0.3331578947368421,0.29526315789473684,0.35,0.2521052631578947,0.3268421052631579,0.3,0.30894736842105264,0.2863157894736842,0.2394736842105263,0.3236842105263158,0.28,0.2968421052631579,0.2926315789473684,0.32052631578947366,0.27789473684210525,0.3489473684210526,0.2984210526315789,0.32263157894736844,0.3273684210526316,0.2873684210526316,0.3194736842105263,0.2826315789473684,0.2894736842105263,0.29473684210526313,0.33,0.29210526315789476,0.29473684210526313,0.28,0.30736842105263157,0.2615789473684211,0.3410526315789474,0.34210526315789475,0.3336842105263158
0.3	GEE	0.32473684210526316,0.3042105263157895,0.2773684210526316,0.28421052631578947,0.22894736842105262,0.32789473684210524,0.3268421052631579,0.28,0.3310526315789474,0.31,0.19421052631578947,0.3368421052631579,0.24947368421052632,0.3489473684210526,0.3157894736842105,0.31473684210526315,0.3136842105263158,0.3057894736842105,0.3368421052631579,0.24052631578947367,0.2931578947368421,0.27157894736842103,0.34789473684210526,0.31473684210526315,0.3473684210526316,0.27789473684210525,0.24947368421052632,0.27842105263157896,0.28526315789473683,0.24210526315789474,0.26473684210526316,0.3057894736842105,0.25842105263157894,0.33842105263157896,0.34157894736842104,0.2894736842105263,0.33263157894736844,0.2673684210526316,0.2536842105263158,0.3331578947368421,0.3468421052631579,0.26210526315789473,0.1957894736842105,0.30473684210526314,0.24842105263157896,0.3352631578947368,0.3036842105263158,0.30842105263157893,0.3547368421052632,0.33842105263157896,0.33210526315789474,0.26105263157894737,0.29157894736842105,0.30105263157894735,0.33052631578947367,0.32,0.30736842105263157,0.26105263157894737,0.30105263157894735,0.2594736842105263,0.33842105263157896,0.34789473684210526,0.3336842105263158,0.2926315789473684,0.24421052631578946,0.3273684210526316,0.25473684210526315,0.33473684210526317,0.2889473684210526,0.34421052631578947,0.23157894736842105,0.20684210526315788,0.3352631578947368,0.34157894736842104,0.3263157894736842,0.3394736842105263,0.26263157894736844,0.34210526315789475,0.29210526315789476,0.32842105263157895,0.3426315789473684,0.3178947368421053,0.3352631578947368,0.28157894736842104,0.35736842105263156,0.25263157894736843,0.28210526315789475,0.32894736842105265,0.3026315789473684,0.3368421052631579,0.2594736842105263,0.3042105263157895,0.3068421052631579,0.33157894736842103,0.2557894736842105,0.2789473684210526,0.3021052631578947,0.33,0.24210526315789474,0.28526315789473683,0.24157894736842106,0.27789473684210525,0.3005263157894737,0.29473684210526313,0.33,0.30526315789473685,0.22578947368421054,0.26421052631578945,0.29157894736842105,0.34421052631578947,0.26842105263157895,0.26210526315789473,0.3436842105263158,0.2789473684210526,0.33421052631578946,0.32263157894736844,0.25684210526315787,0.3057894736842105,0.33052631578947367,0.2736842105263158,0.27842105263157896,0.3510526315789474,0.2894736842105263,0.24894736842105264,0.27631578947368424,0.32526315789473687,0.33631578947368423,0.3236842105263158,0.32263157894736844,0.3268421052631579,0.3336842105263158,0.21947368421052632,0.27263157894736845,0.3410526315789474,0.3405263157894737,0.33210526315789474,0.3352631578947368,0.29578947368421055,0.3105263157894737,0.2615789473684211,0.33,0.3310526315789474,0.2505263157894737,0.3273684210526316,0.2810526315789474,0.2336842105263158,0.2910526315789474,0.3036842105263158,0.32526315789473687,0.25526315789473686,0.3336842105263158,0.31894736842105265,0.3273684210526316,0.3678947368421053,0.30736842105263157,0.3078947368421053,0.3257894736842105,0.34157894736842104,0.27,0.3405263157894737,0.2831578947368421,0.30894736842105264,0.3405263157894737,0.24947368421052632,0.2931578947368421,0.2373684210526316,0.28421052631578947,0.3273684210526316,0.26789473684210524,0.28578947368421054,0.27473684210526317,0.2752631578947368,0.33631578947368423,0.3463157894736842,0.2657894736842105,0.3405263157894737,0.26526315789473687,0.3368421052631579,0.2468421052631579,0.27631578947368424,0.22789473684210526,0.24210526315789474,0.2810526315789474,0.3426315789473684,0.2942105263157895,0.3494736842105263,0.3194736842105263,0.3331578947368421,0.28842105263157897,0.3178947368421053,0.37105263157894736,0.32894736842105265,0.21105263157894738,0.2331578947368421,0.2942105263157895,0.31684210526315787,0.27157894736842103,0.3563157894736842,0.3405263157894737,0.3357894736842105
0.3	GNN	0.33263157894736844,0.22526315789473683,0.27263157894736845,0.2805263157894737,0.3142105263157895,0.2963157894736842,0.2521052631578947,0.2573684210526316,0.3626315789473684,0.3178947368421053,0.29526315789473684,0.28210526315789475,0.30526315789473685,0.3547368421052632,0.26842105263157895,0.35526315789473684,0.2826315789473684,0.36473684210526314,0.32421052631578945,0.2557894736842105,0.2873684210526316,0.2736842105263158,0.3373684210526316,0.3310526315789474,0.3268421052631579,0.30842105263157893,0.2931578947368421,0.2694736842105263,0.2789473684210526,0.3031578947368421,0.2963157894736842,0.29578947368421055,0.26842105263157895,0.3510526315789474,0.2789473684210526,0.29894736842105263,0.2563157894736842,0.33052631578947367,0.3331578947368421,0.29210526315789476,0.2573684210526316,0.3436842105263158,0.32,0.3389473684210526,0.33842105263157896,0.3042105263157895,0.3357894736842105,0.3163157894736842,0.3263157894736842,0.2942105263157895,0.2752631578947368,0.27631578947368424,0.31684210526315787,0.27421052631578946,0.29947368421052634,0.3026315789473684,0.27631578947368424,0.24789473684210525,0.3,0.3163157894736842,0.27842105263157896,0.2894736842105263,0.29736842105263156,0.31,0.27473684210526317,0.3005263157894737,0.31684210526315787,0.2794736842105263,0.29,0.3257894736842105,0.26789473684210524,0.33631578947368423,0.3236842105263158,0.25894736842105265,0.23210526315789473,0.2394736842105263,0.3215789473684211,0.27263157894736845,0.3394736842105263,0.30894736842105264,0.23894736842105263,0.29473684210526313,0.27842105263157896,0.33263157894736844,0.29526315789473684,0.26894736842105266,0.34789473684210526,0.3105263157894737,0.3078947368421053,0.31473684210526315,0.32842105263157895,0.3357894736842105,0.3273684210526316,0.28789473684210526,0.2968421052631579,0.32894736842105265,0.3036842105263158,0.29473684210526313,0.27052631578947367,0.24789473684210525,0.27157894736842103,0.3268421052631579,0.3057894736842105,0.34578947368421054,0.33842105263157896,0.30157894736842106,0.3031578947368421,0.27473684210526317,0.2810526315789474,0.25,0.3105263157894737,0.2710526315789474,0.3,0.2773684210526316,0.26105263157894737,0.3126315789473684,0.28421052631578947,0.28842105263157897,0.32105263157894737,0.2557894736842105,0.2710526315789474,0.3057894736842105,0.2836842105263158,0.28842105263157897,0.3494736842105263,0.3194736842105263,0.29473684210526313,0.29368421052631577,0.2836842105263158,0.29368421052631577,0.23157894736842105,0.2868421052631579,0.28210526315789475,0.30736842105263157,0.24210526315789474,0.3068421052631579,0.30842105263157893,0.29473684210526313,0.29473684210526313,0.27578947368421053,0.3310526315789474,0.3036842105263158,0.33263157894736844,0.32263157894736844,0.3394736842105263,0.24736842105263157,0.31684210526315787,0.29526315789473684,0.3121052631578947,0.2468421052631579,0.3078947368421053,0.2673684210526316,0.3026315789473684,0.31526315789473686,0.33789473684210525,0.3057894736842105,0.3473684210526316,0.3121052631578947,0.26894736842105266,0.3,0.3352631578947368,0.27842105263157896,0.3142105263157895,0.24947368421052632,0.3257894736842105,0.31842105263157894,0.3136842105263158,0.3063157894736842,0.3021052631578947,0.3257894736842105,0.29894736842105263,0.31842105263157894,0.3373684210526316,0.33,0.3194736842105263,0.34789473684210526,0.31842105263157894,0.32421052631578945,0.2731578947368421,0.3131578947368421,0.29526315789473684,0.2657894736842105,0.33052631578947367,0.33421052631578946,0.27052631578947367,0.3042105263157895,0.28578947368421054,0.3257894736842105,0.29894736842105263,0.24842105263157896,0.3173684210526316,0.31684210526315787,0.22631578947368422,0.2831578947368421,0.33263157894736844,0.3263157894736842,0.30526315789473685,0.3194736842105263,0.3568421052631579,0.22894736842105262
0.3	GG	0.31473684210526315,0.30473684210526314,0.28526315789473683,0.2984210526315789,0.3036842105263158,0.2636842105263158,0.2736842105263158,0.2863157894736842,0.3131578947368421,0.33631578947368423,0.2894736842105263,0.30894736842105264,0.28526315789473683,0.32842105263157895,0.3063157894736842,0.3257894736842105,0.3105263157894737,0.3136842105263158,0.3194736842105263,0.30157894736842106,0.30105263157894735,0.3494736842105263,0.34157894736842104,0.32052631578947366,0.22842105263157894,0.32210526315789473,0.2873684210526316,0.2521052631578947,0.2768421052631579,0.2942105263157895,0.2536842105263158,0.2931578947368421,0.25684210526315787,0.29947368421052634,0.32105263157894737,0.2984210526315789,0.2768421052631579,0.3494736842105263,0.3273684210526316,0.3268421052631579,0.3121052631578947,0.29,0.2863157894736842,0.2736842105263158,0.29473684210526313,0.28842105263157897,0.2942105263157895,0.27789473684210525,0.32105263157894737,0.24526315789473685,0.32052631578947366,0.32105263157894737,0.2573684210526316,0.2563157894736842,0.2636842105263158,0.31157894736842107,0.28421052631578947,0.3531578947368421,0.2968421052631579,0.32789473684210524,0.2615789473684211,0.34,0.29789473684210527,0.3194736842105263,0.26052631578947366,0.3026315789473684,0.3405263157894737,0.32473684210526316,0.29789473684210527,0.3368421052631579,0.27421052631578946,0.2736842105263158,0.32210526315789473,0.3136842105263158,0.2794736842105263,0.3178947368421053,0.2926315789473684,0.2926315789473684,0.29210526315789476,0.3131578947368421,0.3257894736842105,0.31842105263157894,0.2926315789473684,0.2942105263157895,0.30736842105263157,0.29526315789473684,0.28578947368421054,0.31,0.3394736842105263,0.3136842105263158,0.32105263157894737,0.3368421052631579,0.3273684210526316,0.3026315789473684,0.28578947368421054,0.3121052631578947,0.2531578947368421,0.31894736842105265,0.3078947368421053,0.31526315789473686,0.3105263157894737,0.26210526315789473,0.29473684210526313,0.3263157894736842,0.3005263157894737,0.27578947368421053,0.26526315789473687,0.3173684210526316,0.25526315789473686,0.3263157894736842,0.30157894736842106,0.30894736842105264,0.34578947368421054,0.29736842105263156,0.3194736842105263,0.2805263157894737,0.24842105263157896,0.27842105263157896,0.31684210526315787,0.27631578947368424,0.26421052631578945,0.3157894736842105,0.30526315789473685,0.29894736842105263,0.3173684210526316,0.3131578947368421,0.27631578947368424,0.2468421052631579,0.27210526315789474,0.31842105263157894,0.3126315789473684,0.29894736842105263,0.25526315789473686,0.2942105263157895,0.32,0.2578947368421053,0.2889473684210526,0.33052631578947367,0.3036842105263158,0.28526315789473683,0.32,0.3215789473684211,0.26894736842105266,0.31684210526315787,0.29578947368421055,0.29736842105263156,0.3357894736842105,0.3505263157894737,0.31105263157894736,0.3026315789473684,0.3263157894736842,0.2984210526315789,0.28842105263157897,0.2805263157894737,0.3236842105263158,0.2831578947368421,0.2968421052631579,0.3178947368421053,0.24368421052631578,0.3157894736842105,0.2673684210526316,0.2894736842105263,0.30105263157894735,0.2863157894736842,0.28578947368421054,0.2557894736842105,0.31842105263157894,0.3063157894736842,0.31,0.3257894736842105,0.27789473684210525,0.23421052631578948,0.3142105263157895,0.2805263157894737,0.2768421052631579,0.33263157894736844,0.3163157894736842,0.2984210526315789,0.30842105263157893,0.2942105263157895,0.24421052631578946,0.29789473684210527,0.30157894736842106,0.33,0.29157894736842105,0.3042105263157895,0.32210526315789473,0.31894736842105265,0.27789473684210525,0.30736842105263157,0.30842105263157893,0.31894736842105265,0.29157894736842105,0.2873684210526316,0.3157894736842105,0.2894736842105263,0.26894736842105266,0.32421052631578945,0.30894736842105264,0.31684210526315787
0.3	GG2	0.3310526315789474,0.3163157894736842,0.3026315789473684,0.2889473684210526,0.2836842105263158,0.2736842105263158,0.26894736842105266,0.28526315789473683,0.3463157894736842,0.3368421052631579,0.25263157894736843,0.31894736842105265,0.29210526315789476,0.3568421052631579,0.2789473684210526,0.32210526315789473,0.27473684210526317,0.2868421052631579,0.33421052631578946,0.2847368421052632,0.32473684210526316,0.3131578947368421,0.32526315789473687,0.3268421052631579,0.28210526315789475,0.33631578947368423,0.2905263157894737,0.2931578947368421,0.2984210526315789,0.2789473684210526,0.29210526315789476,0.25894736842105265,0.2668421052631579,0.3057894736842105,0.30105263157894735,0.2984210526315789,0.30736842105263157,0.34578947368421054,0.3426315789473684,0.33473684210526317,0.33789473684210525,0.34157894736842104,0.27,0.2873684210526316,0.31684210526315787,0.29368421052631577,0.32263157894736844,0.2926315789473684,0.33157894736842103,0.28842105263157897,0.2984210526315789,0.3163157894736842,0.2905263157894737,0.28578947368421054,0.28157894736842104,0.32105263157894737,0.28789473684210526,0.33263157894736844,0.29578947368421055,0.3094736842105263,0.3157894736842105,0.36,0.30736842105263157,0.2805263157894737,0.3063157894736842,0.27473684210526317,0.31684210526315787,0.33263157894736844,0.3068421052631579,0.33631578947368423,0.2873684210526316,0.27421052631578946,0.30157894736842106,0.3489473684210526,0.31684210526315787,0.3426315789473684,0.26789473684210524,0.3394736842105263,0.3063157894736842,0.3142105263157895,0.31842105263157894,0.3436842105263158,0.30157894736842106,0.3142105263157895,0.3368421052631579,0.3215789473684211,0.2963157894736842,0.3294736842105263,0.32789473684210524,0.3136842105263158,0.28157894736842104,0.3447368421052632,0.3094736842105263,0.26105263157894737,0.3157894736842105,0.32473684210526316,0.3405263157894737,0.33263157894736844,0.32,0.34421052631578947,0.2963157894736842,0.2942105263157895,0.29894736842105263,0.3194736842105263,0.3463157894736842,0.3236842105263158,0.2873684210526316,0.2894736842105263,0.3021052631578947,0.3215789473684211,0.30473684210526314,0.3005263157894737,0.3373684210526316,0.2736842105263158,0.32421052631578945,0.3063157894736842,0.3026315789473684,0.28789473684210526,0.34421052631578947,0.2873684210526316,0.28526315789473683,0.3605263157894737,0.2736842105263158,0.3215789473684211,0.2694736842105263,0.3105263157894737,0.33631578947368423,0.2773684210526316,0.28842105263157897,0.2542105263157895,0.3215789473684211,0.3157894736842105,0.30736842105263157,0.31526315789473686,0.3236842105263158,0.3121052631578947,0.2836842105263158,0.27842105263157896,0.3142105263157895,0.28578947368421054,0.3042105263157895,0.3357894736842105,0.25157894736842107,0.3163157894736842,0.3463157894736842,0.2931578947368421,0.32,0.3173684210526316,0.30736842105263157,0.3031578947368421,0.33263157894736844,0.30736842105263157,0.2794736842105263,0.32789473684210524,0.3336842105263158,0.29368421052631577,0.32526315789473687,0.29947368421052634,0.27052631578947367,0.3126315789473684,0.28526315789473683,0.26526315789473687,0.3157894736842105,0.3105263157894737,0.3031578947368421,0.2910526315789474,0.3310526315789474,0.30526315789473685,0.2889473684210526,0.26473684210526316,0.2963157894736842,0.2773684210526316,0.32263157894736844,0.31526315789473686,0.2836842105263158,0.3231578947368421,0.3068421052631579,0.3405263157894737,0.26789473684210524,0.2836842105263158,0.2531578947368421,0.2673684210526316,0.3236842105263158,0.30157894736842106,0.3036842105263158,0.3268421052631579,0.2984210526315789,0.33789473684210525,0.27473684210526317,0.3157894736842105,0.3426315789473684,0.29526315789473684,0.2768421052631579,0.32263157894736844,0.27473684210526317,0.3194736842105263,0.29,0.3636842105263158,0.2942105263157895,0.3068421052631579
