0.0	GEE	0.5266666666666666,0.47055555555555556,0.4988888888888889,0.5377777777777778,0.5383333333333333,0.5227777777777778,0.53,0.5372222222222223,0.535,0.5,0.5288888888888889,0.5072222222222222,0.5038888888888889,0.5172222222222222,0.5094444444444445,0.5155555555555555,0.5238888888888888,0.4961111111111111,0.5144444444444445,0.525,0.51,0.505,0.49333333333333335,0.5222222222222223,0.5288888888888889,0.5311111111111111,0.5111111111111111,0.5177777777777778,0.5105555555555555,0.5155555555555555,0.5316666666666666,0.5061111111111111,0.5266666666666666,0.5127777777777778,0.5127777777777778,0.5438888888888889,0.5072222222222222,0.5088888888888888,0.5238888888888888,0.4988888888888889,0.5311111111111111,0.5211111111111111,0.5255555555555556,0.49833333333333335,0.5483333333333333,0.5055555555555555,0.5427777777777778,0.5183333333333333,0.4905555555555556,0.49722222222222223,0.5105555555555555,0.5244444444444445,0.51,0.5044444444444445,0.5127777777777778,0.5105555555555555,0.5116666666666667,0.5394444444444444,0.5483333333333333,0.5261111111111111,0.5305555555555556,0.525,0.5177777777777778,0.5055555555555555,0.5288888888888889,0.5366666666666666,0.5038888888888889,0.5416666666666666,0.5166666666666667,0.525,0.5088888888888888,0.5033333333333333,0.5422222222222223,0.5138888888888888,0.51,0.5277777777777778,0.535,0.5377777777777778,0.4861111111111111,0.5083333333333333,0.5294444444444445,0.51,0.5411111111111111,0.5272222222222223,0.5233333333333333,0.4666666666666667,0.5177777777777778,0.5438888888888889,0.5111111111111111,0.5177777777777778,0.56,0.5277777777777778,0.4866666666666667,0.44722222222222224,0.49,0.49777777777777776,0.5388888888888889,0.5505555555555556,0.5472222222222223,0.5344444444444445,0.5122222222222222,0.49833333333333335,0.535,0.5383333333333333,0.5338888888888889,0.55,0.5172222222222222,0.48944444444444446,0.5183333333333333,0.5172222222222222,0.5255555555555556,0.5183333333333333,0.51,0.4961111111111111,0.5516666666666666,0.5183333333333333,0.5011111111111111,0.5327777777777778,0.5127777777777778,0.49666666666666665,0.5061111111111111,0.49833333333333335,0.5511111111111111,0.5377777777777778,0.5205555555555555,0.48444444444444446,0.5172222222222222,0.5005555555555555,0.5216666666666666,0.535,0.5288888888888889,0.5288888888888889,0.5155555555555555,0.5372222222222223,0.5038888888888889,0.5522222222222222,0.48777777777777775,0.5355555555555556,0.5305555555555556,0.5327777777777778,0.49277777777777776,0.5294444444444445,0.5272222222222223,0.5183333333333333,0.5261111111111111,0.5455555555555556,0.5111111111111111,0.5022222222222222,0.49,0.5205555555555555,0.5038888888888889,0.5061111111111111,0.5183333333333333,0.49944444444444447,0.5577777777777778,0.48055555555555557,0.5194444444444445,0.5516666666666666,0.5088888888888888,0.5366666666666666,0.5261111111111111,0.5005555555555555,0.5288888888888889,0.5538888888888889,0.5122222222222222,0.5155555555555555,0.5383333333333333,0.5488888888888889,0.5105555555555555,0.5455555555555556,0.52,0.4938888888888889,0.4872222222222222,0.5455555555555556,0.5238888888888888,0.5211111111111111,0.5238888888888888,0.5283333333333333,0.5577777777777778,0.5283333333333333,0.5355555555555556,0.5105555555555555,0.5472222222222223,0.53,0.5322222222222223,0.5172222222222222,0.5088888888888888,0.4961111111111111,0.5233333333333333,0.5,0.5194444444444445,0.5216666666666666,0.5266666666666666,0.5283333333333333,0.5461111111111111,0.5144444444444445,0.48277777777777775,0.5005555555555555,0.5127777777777778,0.5138888888888888
0.0	GNN	0.5388888888888889,0.4911111111111111,0.5411111111111111,0.6611111111111111,0.6022222222222222,0.6266666666666667,0.39444444444444443,0.4911111111111111,0.4494444444444444,0.6338888888888888,0.585,0.56,0.5038888888888889,0.5094444444444445,0.36833333333333335,0.5005555555555555,0.4477777777777778,0.5038888888888889,0.6238888888888889,0.4822222222222222,0.6316666666666667,0.4627777777777778,0.4738888888888889,0.5005555555555555,0.44722222222222224,0.48,0.4738888888888889,0.5122222222222222,0.4361111111111111,0.40444444444444444,0.5366666666666666,0.49833333333333335,0.5444444444444444,0.6405555555555555,0.5477777777777778,0.6555555555555556,0.5227777777777778,0.31,0.5344444444444445,0.5705555555555556,0.5744444444444444,0.38166666666666665,0.5061111111111111,0.5294444444444445,0.44666666666666666,0.5305555555555556,0.39055555555555554,0.58,0.5133333333333333,0.5594444444444444,0.39222222222222225,0.5077777777777778,0.6338888888888888,0.47,0.6261111111111111,0.4672222222222222,0.5022222222222222,0.5855555555555556,0.4166666666666667,0.5116666666666667,0.47055555555555556,0.595,0.5588888888888889,0.5894444444444444,0.49333333333333335,0.47944444444444445,0.46055555555555555,0.615,0.4766666666666667,0.48833333333333334,0.5061111111111111,0.45444444444444443,0.5588888888888889,0.4672222222222222,0.4438888888888889,0.6838888888888889,0.5444444444444444,0.415,0.5116666666666667,0.6288888888888889,0.4911111111111111,0.4122222222222222,0.5805555555555556,0.555,0.4338888888888889,0.59,0.4494444444444444,0.5688888888888889,0.5677777777777778,0.6455555555555555,0.5138888888888888,0.48333333333333334,0.48777777777777775,0.5705555555555556,0.4772222222222222,0.48,0.5377777777777778,0.5722222222222222,0.5638888888888889,0.48388888888888887,0.4811111111111111,0.4216666666666667,0.6305555555555555,0.5672222222222222,0.54,0.39444444444444443,0.485,0.6744444444444444,0.45944444444444443,0.5016666666666667,0.595,0.5066666666666667,0.5511111111111111,0.5272222222222223,0.465,0.37166666666666665,0.4711111111111111,0.40055555555555555,0.4866666666666667,0.3883333333333333,0.4461111111111111,0.4477777777777778,0.38222222222222224,0.41333333333333333,0.5761111111111111,0.6105555555555555,0.3672222222222222,0.4677777777777778,0.5516666666666666,0.5211111111111111,0.47444444444444445,0.4255555555555556,0.5083333333333333,0.5344444444444445,0.6083333333333333,0.49277777777777776,0.5433333333333333,0.3844444444444444,0.5994444444444444,0.4961111111111111,0.3983333333333333,0.48,0.525,0.5955555555555555,0.48944444444444446,0.5255555555555556,0.5244444444444445,0.4716666666666667,0.56,0.39111111111111113,0.5516666666666666,0.5211111111111111,0.5038888888888889,0.45222222222222225,0.5994444444444444,0.38166666666666665,0.42944444444444446,0.6105555555555555,0.5088888888888888,0.54,0.555,0.6222222222222222,0.4816666666666667,0.4361111111111111,0.5222222222222223,0.5644444444444444,0.43722222222222223,0.42444444444444446,0.4527777777777778,0.5083333333333333,0.5483333333333333,0.6483333333333333,0.4444444444444444,0.4272222222222222,0.47,0.5155555555555555,0.5272222222222223,0.43444444444444447,0.5372222222222223,0.5494444444444444,0.45055555555555554,0.45444444444444443,0.49166666666666664,0.5644444444444444,0.555,0.6005555555555555,0.6138888888888889,0.49722222222222223,0.45555555555555555,0.5794444444444444,0.5505555555555556,0.5083333333333333,0.47833333333333333,0.5038888888888889,0.47444444444444445,0.4911111111111111,0.5788888888888889,0.5083333333333333,0.3672222222222222,0.5733333333333334
0.0	GG	0.5211111111111111,0.5477777777777778,0.6383333333333333,0.6338888888888888,0.43333333333333335,0.7277777777777777,0.5705555555555556,0.49944444444444447,0.5311111111111111,0.6127777777777778,0.6766666666666666,0.54,0.6222222222222222,0.6566666666666666,0.5011111111111111,0.5077777777777778,0.6861111111111111,0.6005555555555555,0.6077777777777778,0.48944444444444446,0.5555555555555556,0.5911111111111111,0.585,0.5838888888888889,0.5383333333333333,0.5038888888888889,0.49833333333333335,0.6044444444444445,0.5061111111111111,0.6994444444444444,0.49166666666666664,0.48,0.5777777777777777,0.6605555555555556,0.5744444444444444,0.5538888888888889,0.6044444444444445,0.6777777777777778,0.4411111111111111,0.5022222222222222,0.5505555555555556,0.5955555555555555,0.695,0.6138888888888889,0.6333333333333333,0.5238888888888888,0.7611111111111111,0.7116666666666667,0.5327777777777778,0.5855555555555556,0.585,0.64,0.7166666666666667,0.6,0.5438888888888889,0.6144444444444445,0.6361111111111111,0.7855555555555556,0.5733333333333334,0.525,0.5305555555555556,0.5166666666666667,0.61,0.585,0.6272222222222222,0.4338888888888889,0.6483333333333333,0.45555555555555555,0.565,0.5727777777777778,0.4922222222222222,0.49777777777777776,0.6366666666666667,0.5105555555555555,0.5,0.6938888888888889,0.5383333333333333,0.6233333333333333,0.5483333333333333,0.5644444444444444,0.6816666666666666,0.6883333333333334,0.5022222222222222,0.48333333333333334,0.5877777777777777,0.39,0.7866666666666666,0.6144444444444445,0.5583333333333333,0.4661111111111111,0.6655555555555556,0.6144444444444445,0.5388888888888889,0.5277777777777778,0.5844444444444444,0.5494444444444444,0.5116666666666667,0.5261111111111111,0.5366666666666666,0.6777777777777778,0.5877777777777777,0.6266666666666667,0.7394444444444445,0.75,0.5255555555555556,0.595,0.6077777777777778,0.5977777777777777,0.5227777777777778,0.6494444444444445,0.7188888888888889,0.43666666666666665,0.7394444444444445,0.5994444444444444,0.6572222222222223,0.4911111111111111,0.7161111111111111,0.41333333333333333,0.7222222222222222,0.4627777777777778,0.5005555555555555,0.46555555555555556,0.6838888888888889,0.6266666666666667,0.41888888888888887,0.6722222222222223,0.5916666666666667,0.5211111111111111,0.6216666666666667,0.5455555555555556,0.5088888888888888,0.7116666666666667,0.5233333333333333,0.5866666666666667,0.5861111111111111,0.5566666666666666,0.6983333333333334,0.5522222222222222,0.6505555555555556,0.6455555555555555,0.6805555555555556,0.6483333333333333,0.6861111111111111,0.525,0.6111111111111112,0.6522222222222223,0.5472222222222223,0.6705555555555556,0.5394444444444444,0.6122222222222222,0.6472222222222223,0.7672222222222222,0.5661111111111111,0.5888888888888889,0.6105555555555555,0.5705555555555556,0.5611111111111111,0.6927777777777778,0.5455555555555556,0.52,0.6216666666666667,0.7172222222222222,0.5583333333333333,0.55,0.47944444444444445,0.455,0.5183333333333333,0.6177777777777778,0.6377777777777778,0.6633333333333333,0.5211111111111111,0.5538888888888889,0.705,0.5744444444444444,0.6222222222222222,0.6127777777777778,0.6255555555555555,0.67,0.535,0.5655555555555556,0.5233333333333333,0.7844444444444445,0.5094444444444445,0.7694444444444445,0.6088888888888889,0.6027777777777777,0.5911111111111111,0.58,0.53,0.6211111111111111,0.6022222222222222,0.6383333333333333,0.53,0.53,0.635,0.5983333333333334,0.43444444444444447,0.5138888888888888,0.6027777777777777,0.6072222222222222
0.0	GG2	0.7127777777777777,0.7205555555555555,0.7005555555555556,0.685,0.7372222222222222,0.8077777777777778,0.6305555555555555,0.7266666666666667,0.5572222222222222,0.6116666666666667,0.7716666666666666,0.7633333333333333,0.7016666666666667,0.6983333333333334,0.5111111111111111,0.5405555555555556,0.7105555555555556,0.6866666666666666,0.7316666666666667,0.8116666666666666,0.7133333333333334,0.6416666666666667,0.79,0.6677777777777778,0.5955555555555555,0.6066666666666667,0.5194444444444445,0.7055555555555556,0.6022222222222222,0.7405555555555555,0.6122222222222222,0.5227777777777778,0.7311111111111112,0.6455555555555555,0.7211111111111111,0.6905555555555556,0.6872222222222222,0.7305555555555555,0.6788888888888889,0.7188888888888889,0.5872222222222222,0.6611111111111111,0.715,0.7705555555555555,0.7588888888888888,0.6111111111111112,0.8,0.7911111111111111,0.5883333333333334,0.6488888888888888,0.5344444444444445,0.69,0.7183333333333334,0.7505555555555555,0.7611111111111111,0.6805555555555556,0.6633333333333333,0.71,0.6233333333333333,0.7116666666666667,0.6344444444444445,0.6944444444444444,0.7238888888888889,0.7183333333333334,0.7311111111111112,0.5572222222222222,0.6311111111111111,0.7927777777777778,0.615,0.6016666666666667,0.6738888888888889,0.7361111111111112,0.6677777777777778,0.6883333333333334,0.6066666666666667,0.8266666666666667,0.6511111111111111,0.8166666666666667,0.7622222222222222,0.6361111111111111,0.7361111111111112,0.7622222222222222,0.6383333333333333,0.6833333333333333,0.7961111111111111,0.6644444444444444,0.8083333333333333,0.8166666666666667,0.7911111111111111,0.6961111111111111,0.81,0.6183333333333333,0.7288888888888889,0.6977777777777778,0.8144444444444444,0.5705555555555556,0.5577777777777778,0.6566666666666666,0.6644444444444444,0.685,0.7194444444444444,0.6188888888888889,0.8138888888888889,0.8116666666666666,0.6816666666666666,0.6833333333333333,0.6694444444444444,0.6188888888888889,0.5677777777777778,0.7338888888888889,0.8383333333333334,0.6983333333333334,0.7188888888888889,0.645,0.8372222222222222,0.6711111111111111,0.7561111111111111,0.7805555555555556,0.7811111111111111,0.5822222222222222,0.7372222222222222,0.5605555555555556,0.7655555555555555,0.7233333333333334,0.7111111111111111,0.6955555555555556,0.6538888888888889,0.8005555555555556,0.7283333333333334,0.6633333333333333,0.6755555555555556,0.7711111111111111,0.6922222222222222,0.7277777777777777,0.6861111111111111,0.6627777777777778,0.7972222222222223,0.7311111111111112,0.715,0.7261111111111112,0.6444444444444445,0.76,0.7588888888888888,0.6083333333333333,0.7611111111111111,0.7183333333333334,0.5822222222222222,0.7566666666666667,0.7855555555555556,0.7066666666666667,0.7138888888888889,0.7683333333333333,0.6127777777777778,0.6783333333333333,0.74,0.6205555555555555,0.6788888888888889,0.7616666666666667,0.6755555555555556,0.6416666666666667,0.7566666666666667,0.6355555555555555,0.7183333333333334,0.5261111111111111,0.5127777777777778,0.4688888888888889,0.6172222222222222,0.6672222222222223,0.6883333333333334,0.74,0.8055555555555556,0.6683333333333333,0.77,0.7911111111111111,0.6622222222222223,0.7611111111111111,0.6861111111111111,0.815,0.7105555555555556,0.6561111111111111,0.6855555555555556,0.7616666666666667,0.715,0.8244444444444444,0.6822222222222222,0.6333333333333333,0.6638888888888889,0.5972222222222222,0.6394444444444445,0.8038888888888889,0.7166666666666667,0.7233333333333334,0.6372222222222222,0.5233333333333333,0.7711111111111111,0.6366666666666667,0.5866666666666667,0.5216666666666666,0.6666666666666666,0.7133333333333334
0.02	GEE	0.47944444444444445,0.49722222222222223,0.5044444444444445,0.4822222222222222,0.5116666666666667,0.48055555555555557,0.4688888888888889,0.5027777777777778,0.5244444444444445,0.4638888888888889,0.45611111111111113,0.48333333333333334,0.5155555555555555,0.4938888888888889,0.5127777777777778,0.4716666666666667,0.4861111111111111,0.48833333333333334,0.4855555555555556,0.4961111111111111,0.49333333333333335,0.5105555555555555,0.5272222222222223,0.4688888888888889,0.5077777777777778,0.48388888888888887,0.5027777777777778,0.5183333333333333,0.47833333333333333,0.4866666666666667,0.47333333333333333,0.4772222222222222,0.5127777777777778,0.52,0.4727777777777778,0.48833333333333334,0.48833333333333334,0.48333333333333334,0.49666666666666665,0.48833333333333334,0.49833333333333335,0.46055555555555555,0.4738888888888889,0.4766666666666667,0.5105555555555555,0.46055555555555555,0.515,0.5055555555555555,0.49333333333333335,0.4583333333333333,0.5055555555555555,0.5027777777777778,0.4955555555555556,0.4716666666666667,0.49722222222222223,0.4922222222222222,0.49777777777777776,0.4911111111111111,0.49444444444444446,0.5083333333333333,0.48277777777777775,0.4738888888888889,0.48277777777777775,0.4688888888888889,0.5011111111111111,0.49833333333333335,0.48833333333333334,0.5188888888888888,0.45111111111111113,0.475,0.5127777777777778,0.46444444444444444,0.4777777777777778,0.4822222222222222,0.4872222222222222,0.4888888888888889,0.48944444444444446,0.49944444444444447,0.5127777777777778,0.48444444444444446,0.49277777777777776,0.5044444444444445,0.47444444444444445,0.4888888888888889,0.5055555555555555,0.47888888888888886,0.46,0.4911111111111111,0.49666666666666665,0.47833333333333333,0.5122222222222222,0.47944444444444445,0.4955555555555556,0.48777777777777775,0.5138888888888888,0.4761111111111111,0.4822222222222222,0.48777777777777775,0.4888888888888889,0.4988888888888889,0.4861111111111111,0.4772222222222222,0.51,0.485,0.5061111111111111,0.4722222222222222,0.4772222222222222,0.49,0.4938888888888889,0.4777777777777778,0.4811111111111111,0.5338888888888889,0.5083333333333333,0.4777777777777778,0.48333333333333334,0.5244444444444445,0.46944444444444444,0.47888888888888886,0.4822222222222222,0.5272222222222223,0.47944444444444445,0.5055555555555555,0.5016666666666667,0.49333333333333335,0.4683333333333333,0.5127777777777778,0.48055555555555557,0.4911111111111111,0.475,0.5066666666666667,0.47333333333333333,0.5138888888888888,0.49277777777777776,0.5105555555555555,0.4683333333333333,0.49277777777777776,0.4811111111111111,0.48777777777777775,0.47833333333333333,0.49444444444444446,0.475,0.4911111111111111,0.5244444444444445,0.5233333333333333,0.4938888888888889,0.47,0.5022222222222222,0.47555555555555556,0.5172222222222222,0.48777777777777775,0.5205555555555555,0.49722222222222223,0.5094444444444445,0.49333333333333335,0.4855555555555556,0.48388888888888887,0.47,0.4888888888888889,0.5216666666666666,0.48444444444444446,0.5044444444444445,0.5322222222222223,0.4955555555555556,0.47333333333333333,0.4688888888888889,0.4622222222222222,0.48055555555555557,0.5238888888888888,0.49666666666666665,0.525,0.47055555555555556,0.49277777777777776,0.5144444444444445,0.5166666666666667,0.5094444444444445,0.4766666666666667,0.5055555555555555,0.49944444444444447,0.49277777777777776,0.4822222222222222,0.5083333333333333,0.46166666666666667,0.46555555555555556,0.48333333333333334,0.5022222222222222,0.49166666666666664,0.48444444444444446,0.4822222222222222,0.4961111111111111,0.47944444444444445,0.475,0.49777777777777776,0.48333333333333334,0.4866666666666667,0.5338888888888889,0.49944444444444447,0.5033333333333333,0.4955555555555556,0.4711111111111111,0.4666666666666667
0.02	GNN	0.42333333333333334,0.41944444444444445,0.445,0.47055555555555556,0.40444444444444444,0.4622222222222222,0.3161111111111111,0.41055555555555556,0.37555555555555553,0.47333333333333333,0.4638888888888889,0.4122222222222222,0.42333333333333334,0.4288888888888889,0.28833333333333333,0.4027777777777778,0.39666666666666667,0.405,0.4438888888888889,0.31777777777777777,0.4622222222222222,0.37166666666666665,0.4177777777777778,0.4288888888888889,0.3811111111111111,0.4061111111111111,0.3388888888888889,0.42055555555555557,0.3738888888888889,0.37666666666666665,0.4444444444444444,0.435,0.4161111111111111,0.48388888888888887,0.475,0.46,0.3511111111111111,0.2922222222222222,0.41888888888888887,0.35944444444444446,0.4527777777777778,0.3338888888888889,0.37166666666666665,0.43777777777777777,0.3516666666666667,0.425,0.3511111111111111,0.45611111111111113,0.415,0.41388888888888886,0.37833333333333335,0.42944444444444446,0.4988888888888889,0.4022222222222222,0.47555555555555556,0.39055555555555554,0.4216666666666667,0.5,0.3566666666666667,0.4177777777777778,0.38222222222222224,0.4483333333333333,0.44666666666666666,0.5177777777777778,0.42388888888888887,0.39222222222222225,0.3472222222222222,0.4855555555555556,0.39,0.3611111111111111,0.41388888888888886,0.3811111111111111,0.4216666666666667,0.4111111111111111,0.395,0.5277777777777778,0.44333333333333336,0.4077777777777778,0.45222222222222225,0.45444444444444443,0.345,0.3611111111111111,0.49666666666666665,0.42388888888888887,0.37222222222222223,0.5022222222222222,0.36833333333333335,0.42055555555555557,0.45111111111111113,0.55,0.40444444444444444,0.4222222222222222,0.32,0.4033333333333333,0.3488888888888889,0.4122222222222222,0.4938888888888889,0.4483333333333333,0.4388888888888889,0.4438888888888889,0.405,0.4077777777777778,0.4955555555555556,0.4711111111111111,0.43722222222222223,0.36,0.4266666666666667,0.48777777777777775,0.40166666666666667,0.395,0.49833333333333335,0.43722222222222223,0.4711111111111111,0.455,0.3827777777777778,0.3466666666666667,0.38222222222222224,0.34444444444444444,0.4583333333333333,0.385,0.38333333333333336,0.40555555555555556,0.375,0.36666666666666664,0.4272222222222222,0.4988888888888889,0.365,0.39555555555555555,0.45444444444444443,0.415,0.3938888888888889,0.3883333333333333,0.39,0.45611111111111113,0.45166666666666666,0.40944444444444444,0.44,0.3288888888888889,0.42388888888888887,0.4061111111111111,0.3516666666666667,0.35888888888888887,0.40166666666666667,0.5283333333333333,0.41055555555555556,0.43277777777777776,0.39055555555555554,0.44055555555555553,0.45222222222222225,0.3983333333333333,0.48833333333333334,0.3811111111111111,0.4338888888888889,0.4011111111111111,0.43777777777777777,0.2966666666666667,0.4061111111111111,0.49444444444444446,0.4461111111111111,0.36944444444444446,0.43444444444444447,0.49277777777777776,0.42333333333333334,0.32555555555555554,0.42333333333333334,0.45555555555555555,0.4127777777777778,0.35777777777777775,0.3894444444444444,0.4388888888888889,0.41444444444444445,0.4772222222222222,0.33666666666666667,0.36944444444444446,0.4,0.415,0.41388888888888886,0.3705555555555556,0.415,0.48,0.39055555555555554,0.3938888888888889,0.4022222222222222,0.42055555555555557,0.45166666666666666,0.46055555555555555,0.47,0.36777777777777776,0.42333333333333334,0.45166666666666666,0.45,0.41555555555555557,0.3761111111111111,0.4216666666666667,0.41388888888888886,0.42,0.4666666666666667,0.35888888888888887,0.30722222222222223,0.44055555555555553
0.02	GG	0.43277777777777776,0.5433333333333333,0.5711111111111111,0.475,0.39166666666666666,0.6216666666666667,0.4388888888888889,0.49944444444444447,0.5194444444444445,0.5433333333333333,0.51,0.5094444444444445,0.5683333333333334,0.6294444444444445,0.44666666666666666,0.43166666666666664,0.5633333333333334,0.5227777777777778,0.5838888888888889,0.48388888888888887,0.5177777777777778,0.6194444444444445,0.5205555555555555,0.5177777777777778,0.5238888888888888,0.5216666666666666,0.44055555555555553,0.5894444444444444,0.43944444444444447,0.6255555555555555,0.45222222222222225,0.46055555555555555,0.5333333333333333,0.6288888888888889,0.51,0.5227777777777778,0.5505555555555556,0.6472222222222223,0.4677777777777778,0.4677777777777778,0.3977777777777778,0.45166666666666666,0.5605555555555556,0.54,0.5533333333333333,0.49,0.5783333333333334,0.6272222222222222,0.5094444444444445,0.4633333333333333,0.4722222222222222,0.5633333333333334,0.6683333333333333,0.5066666666666667,0.5194444444444445,0.5261111111111111,0.5711111111111111,0.6211111111111111,0.5255555555555556,0.45055555555555554,0.4722222222222222,0.48833333333333334,0.49777777777777776,0.5038888888888889,0.47055555555555556,0.42444444444444446,0.5933333333333334,0.5094444444444445,0.49444444444444446,0.5005555555555555,0.5,0.4661111111111111,0.5983333333333334,0.43944444444444447,0.4772222222222222,0.57,0.5372222222222223,0.5322222222222223,0.5172222222222222,0.5294444444444445,0.6266666666666667,0.6388888888888888,0.4577777777777778,0.4083333333333333,0.5788888888888889,0.3861111111111111,0.6711111111111111,0.5738888888888889,0.5027777777777778,0.4438888888888889,0.5766666666666667,0.52,0.5305555555555556,0.49277777777777776,0.5322222222222223,0.49833333333333335,0.4127777777777778,0.485,0.46,0.5927777777777777,0.5761111111111111,0.4338888888888889,0.6144444444444445,0.5711111111111111,0.49777777777777776,0.4938888888888889,0.5388888888888889,0.5388888888888889,0.4922222222222222,0.5888888888888889,0.6244444444444445,0.475,0.6455555555555555,0.5222222222222223,0.5155555555555555,0.4811111111111111,0.5555555555555556,0.3761111111111111,0.5805555555555556,0.4811111111111111,0.4444444444444444,0.4411111111111111,0.6166666666666667,0.5961111111111111,0.46111111111111114,0.6238888888888889,0.5388888888888889,0.5183333333333333,0.5683333333333334,0.49722222222222223,0.4766666666666667,0.6422222222222222,0.4988888888888889,0.555,0.5377777777777778,0.4738888888888889,0.6155555555555555,0.48388888888888887,0.5538888888888889,0.5405555555555556,0.5472222222222223,0.5661111111111111,0.5533333333333333,0.5116666666666667,0.5255555555555556,0.5616666666666666,0.5177777777777778,0.6133333333333333,0.5111111111111111,0.5338888888888889,0.5983333333333334,0.5983333333333334,0.5133333333333333,0.545,0.48944444444444446,0.5438888888888889,0.4938888888888889,0.49722222222222223,0.5111111111111111,0.47833333333333333,0.5738888888888889,0.6155555555555555,0.44055555555555553,0.5077777777777778,0.4122222222222222,0.4166666666666667,0.4988888888888889,0.5455555555555556,0.5811111111111111,0.5961111111111111,0.49444444444444446,0.4583333333333333,0.5616666666666666,0.4861111111111111,0.58,0.6027777777777777,0.5716666666666667,0.6144444444444445,0.5077777777777778,0.47944444444444445,0.495,0.6555555555555556,0.49166666666666664,0.6672222222222223,0.5255555555555556,0.4938888888888889,0.5283333333333333,0.5477777777777778,0.48944444444444446,0.48388888888888887,0.53,0.5855555555555556,0.4772222222222222,0.41944444444444445,0.5983333333333334,0.5361111111111111,0.4438888888888889,0.4811111111111111,0.5527777777777778,0.54
0.02	GG2	0.5777777777777777,0.605,0.6277777777777778,0.5672222222222222,0.5933333333333334,0.7055555555555556,0.5344444444444445,0.6522222222222223,0.555,0.5416666666666666,0.5733333333333334,0.5322222222222223,0.5644444444444444,0.6177777777777778,0.5411111111111111,0.5261111111111111,0.6155555555555555,0.5972222222222222,0.555,0.6111111111111112,0.5505555555555556,0.6233333333333333,0.6411111111111111,0.5288888888888889,0.5688888888888889,0.5361111111111111,0.6222222222222222,0.6277777777777778,0.6433333333333333,0.6044444444444445,0.5461111111111111,0.51,0.6083333333333333,0.6105555555555555,0.6116666666666667,0.6111111111111112,0.6005555555555555,0.5988888888888889,0.6638888888888889,0.61,0.5761111111111111,0.5905555555555555,0.58,0.7222222222222222,0.6255555555555555,0.5644444444444444,0.6455555555555555,0.6611111111111111,0.5316666666666666,0.6688888888888889,0.55,0.49666666666666665,0.685,0.55,0.5011111111111111,0.5844444444444444,0.5983333333333334,0.6461111111111111,0.4961111111111111,0.6288888888888889,0.5366666666666666,0.5694444444444444,0.5383333333333333,0.5827777777777777,0.6094444444444445,0.4961111111111111,0.6227777777777778,0.525,0.49277777777777776,0.47055555555555556,0.5705555555555556,0.5272222222222223,0.6666666666666666,0.6261111111111111,0.5122222222222222,0.6472222222222223,0.5544444444444444,0.6511111111111111,0.6405555555555555,0.4866666666666667,0.63,0.7133333333333334,0.54,0.5527777777777778,0.5866666666666667,0.5038888888888889,0.5983333333333334,0.6272222222222222,0.5788888888888889,0.5666666666666667,0.6033333333333334,0.4861111111111111,0.6272222222222222,0.52,0.6177777777777778,0.5388888888888889,0.5483333333333333,0.5383333333333333,0.58,0.6755555555555556,0.5588888888888889,0.5627777777777778,0.6522222222222223,0.57,0.49944444444444447,0.6027777777777777,0.5088888888888888,0.6244444444444445,0.5022222222222222,0.6133333333333333,0.6116666666666667,0.5994444444444444,0.665,0.6244444444444445,0.6177777777777778,0.5777777777777777,0.6188888888888889,0.5722222222222222,0.5333333333333333,0.59,0.5316666666666666,0.5344444444444445,0.5661111111111111,0.6105555555555555,0.48,0.6605555555555556,0.5722222222222222,0.6744444444444444,0.6377777777777778,0.535,0.56,0.6511111111111111,0.5177777777777778,0.6066666666666667,0.5483333333333333,0.5083333333333333,0.6577777777777778,0.5216666666666666,0.5561111111111111,0.63,0.5666666666666667,0.6811111111111111,0.6011111111111112,0.5161111111111111,0.655,0.5922222222222222,0.5666666666666667,0.6011111111111112,0.5366666666666666,0.555,0.6344444444444445,0.6111111111111112,0.5833333333333334,0.565,0.5883333333333334,0.5388888888888889,0.5988888888888889,0.655,0.49722222222222223,0.5361111111111111,0.6505555555555556,0.5805555555555556,0.6177777777777778,0.49277777777777776,0.5094444444444445,0.48944444444444446,0.5911111111111111,0.6544444444444445,0.6066666666666667,0.6372222222222222,0.49722222222222223,0.6183333333333333,0.5516666666666666,0.6327777777777778,0.5744444444444444,0.6111111111111112,0.5711111111111111,0.645,0.5388888888888889,0.5811111111111111,0.5583333333333333,0.62,0.6194444444444445,0.6816666666666666,0.6572222222222223,0.5316666666666666,0.5483333333333333,0.6011111111111112,0.49666666666666665,0.5883333333333334,0.68,0.6427777777777778,0.5494444444444444,0.58,0.6183333333333333,0.5655555555555556,0.515,0.49,0.5866666666666667,0.5605555555555556
0.04	GEE	0.4572222222222222,0.48,0.4761111111111111,0.4738888888888889,0.47,0.4722222222222222,0.4622222222222222,0.4727777777777778,0.4861111111111111,0.4677777777777778,0.4633333333333333,0.48,0.49944444444444447,0.45222222222222225,0.46055555555555555,0.45666666666666667,0.4761111111111111,0.465,0.5055555555555555,0.47,0.4677777777777778,0.4583333333333333,0.48277777777777775,0.45944444444444443,0.43,0.4811111111111111,0.46555555555555556,0.4727777777777778,0.4588888888888889,0.46444444444444444,0.48333333333333334,0.47944444444444445,0.48444444444444446,0.4905555555555556,0.4866666666666667,0.455,0.49333333333333335,0.48444444444444446,0.45666666666666667,0.48444444444444446,0.485,0.46,0.48277777777777775,0.475,0.48833333333333334,0.46944444444444444,0.4822222222222222,0.4627777777777778,0.49,0.47555555555555556,0.48777777777777775,0.5111111111111111,0.5055555555555555,0.47055555555555556,0.46111111111111114,0.5016666666666667,0.4672222222222222,0.4738888888888889,0.5122222222222222,0.46,0.4588888888888889,0.5038888888888889,0.5027777777777778,0.4538888888888889,0.4811111111111111,0.48277777777777775,0.48277777777777775,0.4727777777777778,0.45944444444444443,0.4955555555555556,0.4666666666666667,0.4722222222222222,0.45944444444444443,0.47944444444444445,0.46944444444444444,0.43777777777777777,0.4761111111111111,0.4527777777777778,0.46944444444444444,0.47055555555555556,0.4811111111111111,0.485,0.4461111111111111,0.47333333333333333,0.4627777777777778,0.5077777777777778,0.455,0.4677777777777778,0.4677777777777778,0.47444444444444445,0.4905555555555556,0.4538888888888889,0.4888888888888889,0.4866666666666667,0.46,0.46166666666666667,0.4677777777777778,0.4905555555555556,0.4677777777777778,0.4622222222222222,0.4627777777777778,0.4272222222222222,0.47333333333333333,0.4722222222222222,0.495,0.48277777777777775,0.47555555555555556,0.48944444444444446,0.47,0.48833333333333334,0.4661111111111111,0.46555555555555556,0.4572222222222222,0.47055555555555556,0.48777777777777775,0.44333333333333336,0.475,0.4638888888888889,0.4855555555555556,0.4711111111111111,0.46055555555555555,0.4888888888888889,0.4955555555555556,0.49333333333333335,0.46055555555555555,0.5,0.46444444444444444,0.4988888888888889,0.4638888888888889,0.4677777777777778,0.4738888888888889,0.4822222222222222,0.48444444444444446,0.47833333333333333,0.49277777777777776,0.4444444444444444,0.48777777777777775,0.4461111111111111,0.47944444444444445,0.48277777777777775,0.45222222222222225,0.4661111111111111,0.4761111111111111,0.465,0.4766666666666667,0.47444444444444445,0.47888888888888886,0.4738888888888889,0.47,0.475,0.5116666666666667,0.49166666666666664,0.4855555555555556,0.48944444444444446,0.48,0.485,0.48444444444444446,0.4716666666666667,0.4688888888888889,0.45666666666666667,0.4688888888888889,0.48277777777777775,0.49,0.4683333333333333,0.48333333333333334,0.4588888888888889,0.47555555555555556,0.48444444444444446,0.5033333333333333,0.48,0.4711111111111111,0.5016666666666667,0.455,0.4872222222222222,0.4622222222222222,0.48777777777777775,0.51,0.48,0.4888888888888889,0.4777777777777778,0.4766666666666667,0.475,0.465,0.47944444444444445,0.48388888888888887,0.4577777777777778,0.45111111111111113,0.45611111111111113,0.47555555555555556,0.44666666666666666,0.4688888888888889,0.49833333333333335,0.45666666666666667,0.4633333333333333,0.455,0.465,0.4777777777777778,0.45944444444444443,0.4888888888888889,0.4938888888888889
0.04	GNN	0.405,0.39944444444444444,0.3611111111111111,0.4261111111111111,0.37166666666666665,0.44,0.3227777777777778,0.3661111111111111,0.36444444444444446,0.41444444444444445,0.38222222222222224,0.3844444444444444,0.37444444444444447,0.4072222222222222,0.285,0.3933333333333333,0.3572222222222222,0.34833333333333333,0.44555555555555554,0.31666666666666665,0.4061111111111111,0.3288888888888889,0.38555555555555554,0.39944444444444444,0.3338888888888889,0.31833333333333336,0.3372222222222222,0.36944444444444446,0.335,0.3488888888888889,0.4083333333333333,0.4022222222222222,0.3283333333333333,0.43277777777777776,0.41833333333333333,0.4011111111111111,0.4027777777777778,0.30333333333333334,0.41,0.32166666666666666,0.39444444444444443,0.35333333333333333,0.3527777777777778,0.41,0.38,0.4022222222222222,0.3327777777777778,0.43722222222222223,0.335,0.3605555555555556,0.31555555555555553,0.35888888888888887,0.44333333333333336,0.3233333333333333,0.3894444444444444,0.3466666666666667,0.37666666666666665,0.40444444444444444,0.35,0.40055555555555555,0.35444444444444445,0.3888888888888889,0.3938888888888889,0.45222222222222225,0.3888888888888889,0.33055555555555555,0.3288888888888889,0.43277777777777776,0.36444444444444446,0.3227777777777778,0.35833333333333334,0.35777777777777775,0.39222222222222225,0.3433333333333333,0.3511111111111111,0.4588888888888889,0.3861111111111111,0.3277777777777778,0.4411111111111111,0.395,0.33055555555555555,0.3161111111111111,0.4338888888888889,0.39944444444444444,0.3561111111111111,0.4061111111111111,0.37333333333333335,0.4288888888888889,0.3827777777777778,0.52,0.3238888888888889,0.4077777777777778,0.32611111111111113,0.32222222222222224,0.30722222222222223,0.40555555555555556,0.40555555555555556,0.43777777777777777,0.3877777777777778,0.37777777777777777,0.32944444444444443,0.33944444444444444,0.49333333333333335,0.43277777777777776,0.395,0.3411111111111111,0.38222222222222224,0.41388888888888886,0.3388888888888889,0.3411111111111111,0.44666666666666666,0.3972222222222222,0.3977777777777778,0.41833333333333333,0.3488888888888889,0.34055555555555556,0.3477777777777778,0.35944444444444446,0.4305555555555556,0.3461111111111111,0.31166666666666665,0.3605555555555556,0.3616666666666667,0.36277777777777775,0.405,0.4955555555555556,0.3438888888888889,0.3427777777777778,0.3422222222222222,0.38333333333333336,0.35888888888888887,0.36666666666666664,0.3894444444444444,0.425,0.3927777777777778,0.3472222222222222,0.3861111111111111,0.2833333333333333,0.36666666666666664,0.3655555555555556,0.3238888888888889,0.29333333333333333,0.39611111111111114,0.4438888888888889,0.3894444444444444,0.3861111111111111,0.34555555555555556,0.4166666666666667,0.3811111111111111,0.2738888888888889,0.43666666666666665,0.34944444444444445,0.35444444444444445,0.38,0.38,0.2972222222222222,0.365,0.45055555555555554,0.37555555555555553,0.3488888888888889,0.4116666666666667,0.3788888888888889,0.37444444444444447,0.2927777777777778,0.38722222222222225,0.36444444444444446,0.3516666666666667,0.315,0.36944444444444446,0.38166666666666665,0.37666666666666665,0.38555555555555554,0.3877777777777778,0.32611111111111113,0.38055555555555554,0.3877777777777778,0.395,0.3516666666666667,0.3705555555555556,0.43,0.33166666666666667,0.3711111111111111,0.38,0.3933333333333333,0.40555555555555556,0.4077777777777778,0.4066666666666667,0.33,0.37222222222222223,0.4305555555555556,0.37277777777777776,0.37777777777777777,0.37166666666666665,0.37777777777777777,0.41833333333333333,0.3527777777777778,0.42444444444444446,0.3466666666666667,0.2816666666666667,0.3705555555555556
0.04	GG	0.4461111111111111,0.5083333333333333,0.5127777777777778,0.4722222222222222,0.45666666666666667,0.5733333333333334,0.4688888888888889,0.46555555555555556,0.48055555555555557,0.5405555555555556,0.4588888888888889,0.4888888888888889,0.5433333333333333,0.5211111111111111,0.44277777777777777,0.43333333333333335,0.5338888888888889,0.48833333333333334,0.5194444444444445,0.46055555555555555,0.5033333333333333,0.5255555555555556,0.49166666666666664,0.45444444444444443,0.4761111111111111,0.4922222222222222,0.43777777777777777,0.5461111111111111,0.4438888888888889,0.5688888888888889,0.4811111111111111,0.43166666666666664,0.5322222222222223,0.5788888888888889,0.5194444444444445,0.4438888888888889,0.4866666666666667,0.6027777777777777,0.41888888888888887,0.47444444444444445,0.415,0.435,0.54,0.5133333333333333,0.5088888888888888,0.47,0.5283333333333333,0.5255555555555556,0.4727777777777778,0.49777777777777776,0.47944444444444445,0.5172222222222222,0.6172222222222222,0.48777777777777775,0.46166666666666667,0.4938888888888889,0.5461111111111111,0.5327777777777778,0.5005555555555555,0.4677777777777778,0.4388888888888889,0.495,0.5066666666666667,0.465,0.46444444444444444,0.40055555555555555,0.54,0.3972222222222222,0.4938888888888889,0.465,0.49444444444444446,0.4444444444444444,0.5461111111111111,0.4411111111111111,0.4888888888888889,0.5155555555555555,0.4888888888888889,0.46055555555555555,0.5305555555555556,0.5094444444444445,0.5944444444444444,0.5927777777777777,0.4255555555555556,0.42444444444444446,0.5011111111111111,0.42333333333333334,0.5883333333333334,0.5205555555555555,0.4822222222222222,0.45944444444444443,0.5261111111111111,0.45666666666666667,0.5255555555555556,0.4538888888888889,0.47555555555555556,0.4777777777777778,0.39944444444444444,0.5005555555555555,0.5216666666666666,0.5161111111111111,0.5155555555555555,0.4061111111111111,0.5966666666666667,0.5738888888888889,0.43,0.4866666666666667,0.5311111111111111,0.49833333333333335,0.47055555555555556,0.5888888888888889,0.5266666666666666,0.4438888888888889,0.5672222222222222,0.49777777777777776,0.505,0.4411111111111111,0.5294444444444445,0.405,0.5683333333333334,0.4627777777777778,0.42333333333333334,0.4716666666666667,0.5583333333333333,0.5227777777777778,0.45055555555555554,0.5838888888888889,0.5144444444444445,0.5077777777777778,0.4988888888888889,0.49,0.48,0.5305555555555556,0.47833333333333333,0.5127777777777778,0.5344444444444445,0.41388888888888886,0.5633333333333334,0.43222222222222223,0.5155555555555555,0.5233333333333333,0.485,0.46,0.49777777777777776,0.4527777777777778,0.47833333333333333,0.5394444444444444,0.45444444444444443,0.575,0.4872222222222222,0.5061111111111111,0.5805555555555556,0.5088888888888888,0.505,0.5383333333333333,0.45944444444444443,0.46444444444444444,0.5011111111111111,0.46444444444444444,0.47944444444444445,0.4905555555555556,0.48777777777777775,0.5561111111111111,0.44722222222222224,0.47,0.4861111111111111,0.4411111111111111,0.455,0.5227777777777778,0.5533333333333333,0.5488888888888889,0.48944444444444446,0.5188888888888888,0.5138888888888888,0.4911111111111111,0.5261111111111111,0.5916666666666667,0.5577777777777778,0.5833333333333334,0.485,0.515,0.4938888888888889,0.5955555555555555,0.5061111111111111,0.6022222222222222,0.5094444444444445,0.47944444444444445,0.49833333333333335,0.4761111111111111,0.4177777777777778,0.47333333333333333,0.5077777777777778,0.5544444444444444,0.45555555555555555,0.43222222222222223,0.5116666666666667,0.5033333333333333,0.425,0.47333333333333333,0.5066666666666667,0.5555555555555556
0.04	GG2	0.4855555555555556,0.5533333333333333,0.5727777777777778,0.5622222222222222,0.5277777777777778,0.5866666666666667,0.5216666666666666,0.565,0.5511111111111111,0.5672222222222222,0.5344444444444445,0.5216666666666666,0.5316666666666666,0.4666666666666667,0.4777777777777778,0.47888888888888886,0.5555555555555556,0.48333333333333334,0.5461111111111111,0.5944444444444444,0.535,0.5327777777777778,0.5722222222222222,0.5072222222222222,0.5155555555555555,0.5416666666666666,0.4861111111111111,0.55,0.4638888888888889,0.58,0.5483333333333333,0.5133333333333333,0.575,0.5694444444444444,0.5872222222222222,0.57,0.5827777777777777,0.5516666666666666,0.54,0.5733333333333334,0.5072222222222222,0.5477777777777778,0.55,0.6011111111111112,0.5738888888888889,0.5227777777777778,0.5844444444444444,0.5283333333333333,0.5788888888888889,0.5405555555555556,0.5172222222222222,0.5283333333333333,0.6061111111111112,0.5677777777777778,0.5333333333333333,0.5755555555555556,0.5588888888888889,0.61,0.5333333333333333,0.5416666666666666,0.49944444444444447,0.5522222222222222,0.5333333333333333,0.49333333333333335,0.5227777777777778,0.5727777777777778,0.5577777777777778,0.5683333333333334,0.52,0.5705555555555556,0.5283333333333333,0.4955555555555556,0.5688888888888889,0.5216666666666666,0.5083333333333333,0.5044444444444445,0.5005555555555555,0.4683333333333333,0.56,0.5555555555555556,0.6027777777777777,0.6283333333333333,0.5911111111111111,0.48055555555555557,0.5483333333333333,0.5116666666666667,0.585,0.5394444444444444,0.5044444444444445,0.5716666666666667,0.4922222222222222,0.5177777777777778,0.5533333333333333,0.5294444444444445,0.5372222222222223,0.515,0.5005555555555555,0.5805555555555556,0.5172222222222222,0.5611111111111111,0.4711111111111111,0.5472222222222223,0.555,0.5411111111111111,0.5505555555555556,0.5088888888888888,0.5361111111111111,0.5483333333333333,0.5416666666666666,0.62,0.5416666666666666,0.475,0.585,0.54,0.6122222222222222,0.48777777777777775,0.5383333333333333,0.5172222222222222,0.5444444444444444,0.5272222222222223,0.5516666666666666,0.5094444444444445,0.595,0.5105555555555555,0.4722222222222222,0.5944444444444444,0.5133333333333333,0.52,0.47944444444444445,0.5316666666666666,0.5027777777777778,0.5416666666666666,0.5661111111111111,0.5711111111111111,0.48777777777777775,0.4488888888888889,0.5861111111111111,0.4338888888888889,0.5388888888888889,0.5883333333333334,0.5005555555555555,0.5222222222222223,0.555,0.5427777777777778,0.5594444444444444,0.5788888888888889,0.5555555555555556,0.5855555555555556,0.48055555555555557,0.5622222222222222,0.5916666666666667,0.5461111111111111,0.4722222222222222,0.49166666666666664,0.5105555555555555,0.5433333333333333,0.5411111111111111,0.6005555555555555,0.5005555555555555,0.5277777777777778,0.51,0.52,0.5611111111111111,0.48388888888888887,0.45166666666666666,0.455,0.5044444444444445,0.555,0.5538888888888889,0.5522222222222222,0.5583333333333333,0.5444444444444444,0.5616666666666666,0.5377777777777778,0.4777777777777778,0.585,0.6044444444444445,0.58,0.525,0.5244444444444445,0.505,0.5922222222222222,0.5261111111111111,0.5544444444444444,0.5933333333333334,0.5016666666666667,0.5577777777777778,0.5227777777777778,0.4538888888888889,0.5066666666666667,0.5661111111111111,0.5872222222222222,0.51,0.5605555555555556,0.5133333333333333,0.49444444444444446,0.49,0.5172222222222222,0.5322222222222223,0.5177777777777778
0.06	GEE	0.4172222222222222,0.43777777777777777,0.4722222222222222,0.45111111111111113,0.47,0.45055555555555554,0.4666666666666667,0.43944444444444447,0.4483333333333333,0.4683333333333333,0.44166666666666665,0.4738888888888889,0.4577777777777778,0.4683333333333333,0.46055555555555555,0.44722222222222224,0.4572222222222222,0.41944444444444445,0.43166666666666664,0.4722222222222222,0.4061111111111111,0.46055555555555555,0.43944444444444447,0.45222222222222225,0.44722222222222224,0.44,0.45944444444444443,0.4583333333333333,0.45944444444444443,0.4811111111111111,0.46055555555555555,0.45444444444444443,0.4488888888888889,0.4683333333333333,0.49333333333333335,0.4572222222222222,0.43555555555555553,0.44555555555555554,0.44333333333333336,0.47055555555555556,0.4461111111111111,0.4622222222222222,0.4711111111111111,0.46,0.47444444444444445,0.455,0.46055555555555555,0.46166666666666667,0.4494444444444444,0.43166666666666664,0.4494444444444444,0.4311111111111111,0.45166666666666666,0.46,0.4338888888888889,0.44,0.44166666666666665,0.4677777777777778,0.44666666666666666,0.435,0.48833333333333334,0.46944444444444444,0.43666666666666665,0.4666666666666667,0.4577777777777778,0.4438888888888889,0.4588888888888889,0.4633333333333333,0.4461111111111111,0.45666666666666667,0.47555555555555556,0.47833333333333333,0.46444444444444444,0.4388888888888889,0.43444444444444447,0.45444444444444443,0.465,0.4388888888888889,0.4477777777777778,0.43333333333333335,0.475,0.45222222222222225,0.44166666666666665,0.4411111111111111,0.46,0.4538888888888889,0.4661111111111111,0.45611111111111113,0.4477777777777778,0.4477777777777778,0.4461111111111111,0.4255555555555556,0.46444444444444444,0.46111111111111114,0.46555555555555556,0.45555555555555555,0.42833333333333334,0.4961111111111111,0.43833333333333335,0.4872222222222222,0.4444444444444444,0.4477777777777778,0.5055555555555555,0.4633333333333333,0.4583333333333333,0.46166666666666667,0.4461111111111111,0.4266666666666667,0.43444444444444447,0.45666666666666667,0.43444444444444447,0.43222222222222223,0.4572222222222222,0.46444444444444444,0.44666666666666666,0.45444444444444443,0.4866666666666667,0.46944444444444444,0.4494444444444444,0.4411111111111111,0.45944444444444443,0.46555555555555556,0.44666666666666666,0.445,0.45,0.4477777777777778,0.43277777777777776,0.43333333333333335,0.4661111111111111,0.4661111111111111,0.4666666666666667,0.4444444444444444,0.43722222222222223,0.45,0.4538888888888889,0.43277777777777776,0.4677777777777778,0.4572222222222222,0.46,0.465,0.4661111111111111,0.45055555555555554,0.4461111111111111,0.46166666666666667,0.4627777777777778,0.45111111111111113,0.42944444444444446,0.44055555555555553,0.4288888888888889,0.4588888888888889,0.4494444444444444,0.4683333333333333,0.4444444444444444,0.4633333333333333,0.4288888888888889,0.46444444444444444,0.4488888888888889,0.43444444444444447,0.46166666666666667,0.44222222222222224,0.44333333333333336,0.4477777777777778,0.47555555555555556,0.4444444444444444,0.4172222222222222,0.44555555555555554,0.44722222222222224,0.4777777777777778,0.45,0.4672222222222222,0.45555555555555555,0.46,0.43777777777777777,0.41055555555555556,0.45611111111111113,0.4461111111111111,0.4905555555555556,0.4666666666666667,0.46166666666666667,0.46166666666666667,0.4577777777777778,0.43944444444444447,0.4622222222222222,0.4572222222222222,0.46944444444444444,0.40555555555555556,0.4577777777777778,0.4494444444444444,0.43333333333333335,0.4411111111111111,0.43222222222222223,0.45444444444444443,0.4638888888888889,0.45444444444444443,0.445,0.4577777777777778,0.4727777777777778,0.465,0.4255555555555556,0.45444444444444443
0.06	GNN	0.35388888888888886,0.3288888888888889,0.32666666666666666,0.38222222222222224,0.33055555555555555,0.3655555555555556,0.3005555555555556,0.31166666666666665,0.3377777777777778,0.32722222222222225,0.3572222222222222,0.36,0.35055555555555556,0.32611111111111113,0.28555555555555556,0.36333333333333334,0.32944444444444443,0.3233333333333333,0.36777777777777776,0.2833333333333333,0.3616666666666667,0.2811111111111111,0.3638888888888889,0.35333333333333333,0.2972222222222222,0.31166666666666665,0.3138888888888889,0.3161111111111111,0.3372222222222222,0.3377777777777778,0.33944444444444444,0.3377777777777778,0.30277777777777776,0.3711111111111111,0.34444444444444444,0.3227777777777778,0.3611111111111111,0.25333333333333335,0.3561111111111111,0.31666666666666665,0.37833333333333335,0.31444444444444447,0.3244444444444444,0.365,0.3433333333333333,0.355,0.33666666666666667,0.3738888888888889,0.30277777777777776,0.34833333333333333,0.3161111111111111,0.3438888888888889,0.38333333333333336,0.3372222222222222,0.33944444444444444,0.33055555555555555,0.33055555555555555,0.41944444444444445,0.3005555555555556,0.3338888888888889,0.3211111111111111,0.36833333333333335,0.33944444444444444,0.4211111111111111,0.3422222222222222,0.3022222222222222,0.3233333333333333,0.39166666666666666,0.315,0.2688888888888889,0.3383333333333333,0.3427777777777778,0.345,0.31833333333333336,0.3238888888888889,0.3983333333333333,0.3277777777777778,0.3055555555555556,0.3622222222222222,0.38166666666666665,0.30333333333333334,0.30722222222222223,0.3566666666666667,0.3844444444444444,0.30333333333333334,0.3616666666666667,0.33944444444444444,0.38055555555555554,0.34555555555555556,0.42944444444444446,0.33055555555555555,0.37333333333333335,0.26222222222222225,0.30777777777777776,0.31055555555555553,0.3516666666666667,0.3616666666666667,0.36833333333333335,0.38555555555555554,0.315,0.3233333333333333,0.33666666666666667,0.41,0.37777777777777777,0.36944444444444446,0.295,0.32555555555555554,0.355,0.33444444444444443,0.34055555555555556,0.4022222222222222,0.3511111111111111,0.3566666666666667,0.355,0.2911111111111111,0.2777777777777778,0.36277777777777775,0.3516666666666667,0.37166666666666665,0.3638888888888889,0.2838888888888889,0.2911111111111111,0.33944444444444444,0.33666666666666667,0.3388888888888889,0.3933333333333333,0.33,0.3322222222222222,0.35,0.3283333333333333,0.3466666666666667,0.32055555555555554,0.31833333333333336,0.3522222222222222,0.38333333333333336,0.30944444444444447,0.3388888888888889,0.3005555555555556,0.335,0.3111111111111111,0.29444444444444445,0.2866666666666667,0.32611111111111113,0.3938888888888889,0.34,0.3188888888888889,0.33666666666666667,0.37444444444444447,0.31722222222222224,0.29944444444444446,0.35944444444444446,0.32166666666666666,0.3472222222222222,0.3327777777777778,0.36833333333333335,0.2577777777777778,0.3283333333333333,0.38555555555555554,0.32611111111111113,0.3238888888888889,0.36777777777777776,0.3638888888888889,0.33944444444444444,0.26166666666666666,0.33,0.31277777777777777,0.3283333333333333,0.2833333333333333,0.3194444444444444,0.3277777777777778,0.31277777777777777,0.3411111111111111,0.3466666666666667,0.3088888888888889,0.3244444444444444,0.32666666666666666,0.33166666666666667,0.33055555555555555,0.3322222222222222,0.40944444444444444,0.3244444444444444,0.3338888888888889,0.31555555555555553,0.3338888888888889,0.35333333333333333,0.37333333333333335,0.3561111111111111,0.3438888888888889,0.3138888888888889,0.365,0.3566666666666667,0.31277777777777777,0.3383333333333333,0.3561111111111111,0.3522222222222222,0.3416666666666667,0.35388888888888886,0.29888888888888887,0.25277777777777777,0.3516666666666667
0.06	GG	0.3938888888888889,0.45444444444444443,0.44333333333333336,0.46444444444444444,0.4583333333333333,0.51,0.465,0.43166666666666664,0.45944444444444443,0.47888888888888886,0.4338888888888889,0.46555555555555556,0.4988888888888889,0.5055555555555555,0.4255555555555556,0.42833333333333334,0.4911111111111111,0.455,0.45944444444444443,0.4766666666666667,0.44555555555555554,0.4672222222222222,0.47555555555555556,0.46166666666666667,0.44666666666666666,0.44277777777777777,0.41333333333333333,0.49333333333333335,0.47833333333333333,0.5183333333333333,0.4438888888888889,0.425,0.49833333333333335,0.5244444444444445,0.49277777777777776,0.45611111111111113,0.4677777777777778,0.5044444444444445,0.44,0.475,0.38722222222222225,0.4622222222222222,0.4716666666666667,0.49277777777777776,0.4761111111111111,0.45555555555555555,0.47944444444444445,0.4811111111111111,0.4638888888888889,0.43277777777777776,0.4411111111111111,0.45055555555555554,0.5294444444444445,0.49166666666666664,0.4361111111111111,0.4411111111111111,0.4738888888888889,0.5383333333333333,0.4483333333333333,0.44,0.46444444444444444,0.44333333333333336,0.4533333333333333,0.4627777777777778,0.4311111111111111,0.4211111111111111,0.48833333333333334,0.43166666666666664,0.43166666666666664,0.45222222222222225,0.4761111111111111,0.4572222222222222,0.5177777777777778,0.44277777777777777,0.43277777777777776,0.5022222222222222,0.43666666666666665,0.4633333333333333,0.4672222222222222,0.4677777777777778,0.5372222222222223,0.5122222222222222,0.41444444444444445,0.4038888888888889,0.4888888888888889,0.3888888888888889,0.56,0.5022222222222222,0.44055555555555553,0.4538888888888889,0.46555555555555556,0.4411111111111111,0.5005555555555555,0.43555555555555553,0.4672222222222222,0.4666666666666667,0.39111111111111113,0.4727777777777778,0.43,0.5216666666666666,0.5022222222222222,0.4161111111111111,0.5733333333333334,0.46555555555555556,0.435,0.4588888888888889,0.4583333333333333,0.47833333333333333,0.43444444444444447,0.5061111111111111,0.49444444444444446,0.43,0.5216666666666666,0.44277777777777777,0.4666666666666667,0.45666666666666667,0.5188888888888888,0.3977777777777778,0.49166666666666664,0.43333333333333335,0.43277777777777776,0.4622222222222222,0.5138888888888888,0.5055555555555555,0.39111111111111113,0.5238888888888888,0.4722222222222222,0.4638888888888889,0.5044444444444445,0.46444444444444444,0.4533333333333333,0.4683333333333333,0.45111111111111113,0.4955555555555556,0.47555555555555556,0.4088888888888889,0.5427777777777778,0.435,0.49166666666666664,0.48055555555555557,0.5044444444444445,0.4861111111111111,0.4627777777777778,0.45055555555555554,0.4622222222222222,0.5044444444444445,0.44555555555555554,0.49333333333333335,0.43666666666666665,0.49166666666666664,0.5027777777777778,0.4911111111111111,0.4583333333333333,0.45555555555555555,0.4583333333333333,0.47444444444444445,0.44666666666666666,0.43555555555555553,0.48,0.4533333333333333,0.48,0.48833333333333334,0.44333333333333336,0.425,0.4072222222222222,0.42,0.43166666666666664,0.45055555555555554,0.48333333333333334,0.5016666666666667,0.47333333333333333,0.45555555555555555,0.5011111111111111,0.41055555555555556,0.5083333333333333,0.51,0.5261111111111111,0.5372222222222223,0.4483333333333333,0.46055555555555555,0.4661111111111111,0.5361111111111111,0.4738888888888889,0.5277777777777778,0.5088888888888888,0.43555555555555553,0.4711111111111111,0.4938888888888889,0.40555555555555556,0.44722222222222224,0.45111111111111113,0.5138888888888888,0.4622222222222222,0.4111111111111111,0.47333333333333333,0.4822222222222222,0.4116666666666667,0.45111111111111113,0.46555555555555556,0.5077777777777778
0.06	GG2	0.44333333333333336,0.4761111111111111,0.5083333333333333,0.4666666666666667,0.5022222222222222,0.5183333333333333,0.4816666666666667,0.4888888888888889,0.49333333333333335,0.5216666666666666,0.505,0.5238888888888888,0.5,0.51,0.4816666666666667,0.46111111111111114,0.4866666666666667,0.45444444444444443,0.5122222222222222,0.5405555555555556,0.45555555555555555,0.5016666666666667,0.48277777777777775,0.45,0.48277777777777775,0.49333333333333335,0.4911111111111111,0.5,0.4572222222222222,0.5283333333333333,0.4761111111111111,0.47055555555555556,0.5105555555555555,0.5261111111111111,0.5861111111111111,0.4816666666666667,0.48388888888888887,0.48444444444444446,0.4388888888888889,0.5038888888888889,0.4538888888888889,0.4938888888888889,0.5038888888888889,0.5538888888888889,0.5216666666666666,0.48277777777777775,0.49333333333333335,0.5055555555555555,0.45944444444444443,0.45555555555555555,0.5066666666666667,0.4627777777777778,0.5094444444444445,0.5072222222222222,0.4711111111111111,0.52,0.5138888888888888,0.5527777777777778,0.45666666666666667,0.4766666666666667,0.5155555555555555,0.46944444444444444,0.4661111111111111,0.5088888888888888,0.4922222222222222,0.4538888888888889,0.49722222222222223,0.4627777777777778,0.5166666666666667,0.485,0.5188888888888888,0.5116666666666667,0.5183333333333333,0.45444444444444443,0.47888888888888886,0.5216666666666666,0.5172222222222222,0.5011111111111111,0.5005555555555555,0.46944444444444444,0.5255555555555556,0.5394444444444444,0.5044444444444445,0.4527777777777778,0.495,0.4861111111111111,0.5588888888888889,0.49944444444444447,0.5094444444444445,0.4677777777777778,0.4777777777777778,0.49833333333333335,0.5294444444444445,0.4727777777777778,0.5011111111111111,0.47555555555555556,0.44277777777777777,0.4761111111111111,0.44722222222222224,0.54,0.4922222222222222,0.5027777777777778,0.5833333333333334,0.48,0.4766666666666667,0.4872222222222222,0.4622222222222222,0.45111111111111113,0.48055555555555557,0.5416666666666666,0.4955555555555556,0.45666666666666667,0.5172222222222222,0.5333333333333333,0.5511111111111111,0.4861111111111111,0.5344444444444445,0.5088888888888888,0.5088888888888888,0.4461111111111111,0.48777777777777775,0.4527777777777778,0.5327777777777778,0.5022222222222222,0.5105555555555555,0.49666666666666665,0.4577777777777778,0.4722222222222222,0.5138888888888888,0.4955555555555556,0.4888888888888889,0.47833333333333333,0.45666666666666667,0.5194444444444445,0.45555555555555555,0.47055555555555556,0.5422222222222223,0.45944444444444443,0.5183333333333333,0.5333333333333333,0.5066666666666667,0.5,0.5238888888888888,0.48,0.5544444444444444,0.5127777777777778,0.4361111111111111,0.4527777777777778,0.44277777777777777,0.48444444444444446,0.49944444444444447,0.5194444444444445,0.4683333333333333,0.4583333333333333,0.4772222222222222,0.48444444444444446,0.4888888888888889,0.5,0.47333333333333333,0.47944444444444445,0.4988888888888889,0.47055555555555556,0.5172222222222222,0.4716666666666667,0.45222222222222225,0.47888888888888886,0.4638888888888889,0.5333333333333333,0.4672222222222222,0.5238888888888888,0.5177777777777778,0.47333333333333333,0.5111111111111111,0.5388888888888889,0.4777777777777778,0.5266666666666666,0.5411111111111111,0.5477777777777778,0.5177777777777778,0.5266666666666666,0.4533333333333333,0.52,0.5011111111111111,0.53,0.5344444444444445,0.46111111111111114,0.4666666666666667,0.5,0.48944444444444446,0.46444444444444444,0.475,0.5138888888888888,0.5161111111111111,0.47555555555555556,0.4688888888888889,0.48833333333333334,0.495,0.4677777777777778,0.47055555555555556,0.49777777777777776
0.08	GEE	0.405,0.43,0.43222222222222223,0.4172222222222222,0.4166666666666667,0.44666666666666666,0.3983333333333333,0.4222222222222222,0.4438888888888889,0.3927777777777778,0.42055555555555557,0.4088888888888889,0.41388888888888886,0.41944444444444445,0.39444444444444443,0.4305555555555556,0.4338888888888889,0.425,0.415,0.43666666666666665,0.44,0.4361111111111111,0.4388888888888889,0.4116666666666667,0.42,0.4172222222222222,0.4305555555555556,0.4216666666666667,0.3888888888888889,0.43722222222222223,0.4172222222222222,0.39944444444444444,0.4255555555555556,0.41333333333333333,0.4161111111111111,0.43555555555555553,0.4272222222222222,0.41944444444444445,0.42444444444444446,0.4161111111111111,0.42388888888888887,0.4216666666666667,0.42277777777777775,0.41555555555555557,0.42833333333333334,0.4266666666666667,0.42444444444444446,0.40944444444444444,0.42,0.41,0.42388888888888887,0.41833333333333333,0.4288888888888889,0.3977777777777778,0.4211111111111111,0.4161111111111111,0.42444444444444446,0.4266666666666667,0.42444444444444446,0.41888888888888887,0.4127777777777778,0.4088888888888889,0.4388888888888889,0.41333333333333333,0.43222222222222223,0.4288888888888889,0.44,0.43555555555555553,0.44222222222222224,0.4177777777777778,0.4061111111111111,0.4255555555555556,0.42944444444444446,0.40944444444444444,0.4088888888888889,0.44555555555555554,0.4083333333333333,0.3988888888888889,0.4061111111111111,0.4288888888888889,0.445,0.42833333333333334,0.41944444444444445,0.40944444444444444,0.4311111111111111,0.3972222222222222,0.44722222222222224,0.4161111111111111,0.41333333333333333,0.42777777777777776,0.39055555555555554,0.4161111111111111,0.39944444444444444,0.43722222222222223,0.41888888888888887,0.4127777777777778,0.41833333333333333,0.4255555555555556,0.42277777777777775,0.43166666666666664,0.41,0.41055555555555556,0.43555555555555553,0.45944444444444443,0.425,0.435,0.4288888888888889,0.4088888888888889,0.4161111111111111,0.3972222222222222,0.43,0.40555555555555556,0.4088888888888889,0.4038888888888889,0.42833333333333334,0.4311111111111111,0.4172222222222222,0.4111111111111111,0.41833333333333333,0.4177777777777778,0.4222222222222222,0.40555555555555556,0.4077777777777778,0.435,0.42333333333333334,0.4222222222222222,0.4261111111111111,0.4461111111111111,0.41,0.425,0.4266666666666667,0.41555555555555557,0.44166666666666665,0.41444444444444445,0.43277777777777776,0.41833333333333333,0.43722222222222223,0.4161111111111111,0.42277777777777775,0.4166666666666667,0.42388888888888887,0.44166666666666665,0.4222222222222222,0.43555555555555553,0.43777777777777777,0.4216666666666667,0.43222222222222223,0.4272222222222222,0.4061111111111111,0.4061111111111111,0.4255555555555556,0.43944444444444447,0.4061111111111111,0.4361111111111111,0.39944444444444444,0.4122222222222222,0.44,0.4211111111111111,0.44222222222222224,0.4111111111111111,0.43222222222222223,0.42333333333333334,0.425,0.44,0.43722222222222223,0.42833333333333334,0.41388888888888886,0.42388888888888887,0.425,0.4166666666666667,0.4177777777777778,0.4255555555555556,0.425,0.42277777777777775,0.42833333333333334,0.44277777777777777,0.4461111111111111,0.43722222222222223,0.415,0.41555555555555557,0.4538888888888889,0.42055555555555557,0.42388888888888887,0.3977777777777778,0.4061111111111111,0.4272222222222222,0.4161111111111111,0.4011111111111111,0.435,0.43722222222222223,0.42833333333333334,0.43,0.44555555555555554,0.41944444444444445,0.43222222222222223,0.43722222222222223,0.41444444444444445,0.4438888888888889,0.41833333333333333,0.42333333333333334
0.08	GNN	0.3605555555555556,0.32222222222222224,0.30277777777777776,0.32,0.2783333333333333,0.32,0.31333333333333335,0.2877777777777778,0.31555555555555553,0.3194444444444444,0.3005555555555556,0.31277777777777777,0.32722222222222225,0.30944444444444447,0.23555555555555555,0.3411111111111111,0.32611111111111113,0.31166666666666665,0.3466666666666667,0.2811111111111111,0.34944444444444445,0.27555555555555555,0.36,0.31222222222222223,0.27555555555555555,0.2733333333333333,0.27944444444444444,0.31444444444444447,0.3161111111111111,0.3011111111111111,0.33111111111111113,0.35,0.27944444444444444,0.3238888888888889,0.31333333333333335,0.31222222222222223,0.3283333333333333,0.2644444444444444,0.31777777777777777,0.2677777777777778,0.3488888888888889,0.30722222222222223,0.28833333333333333,0.30944444444444447,0.3244444444444444,0.33166666666666667,0.2922222222222222,0.31722222222222224,0.3161111111111111,0.3688888888888889,0.30444444444444446,0.3138888888888889,0.35055555555555556,0.30666666666666664,0.31666666666666665,0.3022222222222222,0.31277777777777777,0.345,0.2727777777777778,0.3233333333333333,0.31833333333333336,0.3322222222222222,0.3188888888888889,0.3827777777777778,0.31166666666666665,0.3016666666666667,0.27944444444444444,0.3572222222222222,0.3011111111111111,0.3,0.31277777777777777,0.31444444444444447,0.30944444444444447,0.31722222222222224,0.30722222222222223,0.365,0.29833333333333334,0.29444444444444445,0.35888888888888887,0.31666666666666665,0.26555555555555554,0.3,0.29777777777777775,0.33444444444444443,0.3038888888888889,0.34833333333333333,0.3327777777777778,0.33555555555555555,0.3,0.3844444444444444,0.26722222222222225,0.32555555555555554,0.2727777777777778,0.2838888888888889,0.26555555555555554,0.3238888888888889,0.3211111111111111,0.34555555555555556,0.35333333333333333,0.31055555555555553,0.31722222222222224,0.3088888888888889,0.39555555555555555,0.31666666666666665,0.34555555555555556,0.2633333333333333,0.31666666666666665,0.31333333333333335,0.3211111111111111,0.2961111111111111,0.3827777777777778,0.3055555555555556,0.2833333333333333,0.3055555555555556,0.29,0.2833333333333333,0.31777777777777777,0.3244444444444444,0.3388888888888889,0.3016666666666667,0.28944444444444445,0.2966666666666667,0.31333333333333335,0.2877777777777778,0.3283333333333333,0.3927777777777778,0.35055555555555556,0.2827777777777778,0.3244444444444444,0.30666666666666664,0.3227777777777778,0.3011111111111111,0.3038888888888889,0.3338888888888889,0.36277777777777775,0.2677777777777778,0.3194444444444444,0.2872222222222222,0.28888888888888886,0.2833333333333333,0.29055555555555557,0.2827777777777778,0.3161111111111111,0.33555555555555555,0.31777777777777777,0.32666666666666666,0.31333333333333335,0.3427777777777778,0.30722222222222223,0.25666666666666665,0.3622222222222222,0.28,0.32722222222222225,0.3111111111111111,0.31333333333333335,0.27055555555555555,0.32055555555555554,0.38555555555555554,0.31055555555555553,0.29388888888888887,0.3277777777777778,0.31333333333333335,0.30722222222222223,0.2722222222222222,0.3088888888888889,0.2816666666666667,0.3322222222222222,0.25722222222222224,0.3055555555555556,0.32611111111111113,0.32222222222222224,0.3427777777777778,0.3161111111111111,0.28833333333333333,0.32611111111111113,0.31277777777777777,0.315,0.3,0.31277777777777777,0.38222222222222224,0.28055555555555556,0.29055555555555557,0.30444444444444446,0.30277777777777776,0.3472222222222222,0.31444444444444447,0.285,0.3016666666666667,0.305,0.34,0.31555555555555553,0.29333333333333333,0.30277777777777776,0.33611111111111114,0.3277777777777778,0.3277777777777778,0.3327777777777778,0.26555555555555554,0.26944444444444443,0.3433333333333333
0.08	GG	0.39,0.44,0.4172222222222222,0.45,0.39611111111111114,0.4872222222222222,0.4,0.38666666666666666,0.43555555555555553,0.44222222222222224,0.4483333333333333,0.43,0.45111111111111113,0.4633333333333333,0.4011111111111111,0.42277777777777775,0.4666666666666667,0.43333333333333335,0.46055555555555555,0.43,0.4288888888888889,0.4627777777777778,0.4622222222222222,0.41333333333333333,0.4116666666666667,0.42,0.38722222222222225,0.44166666666666665,0.3933333333333333,0.48277777777777775,0.40555555555555556,0.3894444444444444,0.4483333333333333,0.45555555555555555,0.41833333333333333,0.43222222222222223,0.44166666666666665,0.47888888888888886,0.39944444444444444,0.44277777777777777,0.3705555555555556,0.39666666666666667,0.42777777777777776,0.45111111111111113,0.4305555555555556,0.43555555555555553,0.4266666666666667,0.45444444444444443,0.44055555555555553,0.3861111111111111,0.3972222222222222,0.4338888888888889,0.46944444444444444,0.4261111111111111,0.43166666666666664,0.4166666666666667,0.46111111111111114,0.43777777777777777,0.42444444444444446,0.4388888888888889,0.4061111111111111,0.42388888888888887,0.405,0.4672222222222222,0.4033333333333333,0.37666666666666665,0.44222222222222224,0.39,0.4483333333333333,0.42055555555555557,0.41833333333333333,0.4033333333333333,0.4777777777777778,0.3988888888888889,0.42944444444444446,0.48833333333333334,0.4111111111111111,0.43666666666666665,0.425,0.4627777777777778,0.46444444444444444,0.45666666666666667,0.4122222222222222,0.38055555555555554,0.42333333333333334,0.40944444444444444,0.5144444444444445,0.46944444444444444,0.4172222222222222,0.44277777777777777,0.4438888888888889,0.4127777777777778,0.44055555555555553,0.41888888888888887,0.44333333333333336,0.43333333333333335,0.35777777777777775,0.4172222222222222,0.42777777777777776,0.46,0.42444444444444446,0.41,0.5027777777777778,0.4766666666666667,0.41055555555555556,0.42,0.4388888888888889,0.42277777777777775,0.4272222222222222,0.43333333333333335,0.4577777777777778,0.38722222222222225,0.4577777777777778,0.39444444444444443,0.44333333333333336,0.41944444444444445,0.42944444444444446,0.345,0.4633333333333333,0.4116666666666667,0.42944444444444446,0.35944444444444446,0.45111111111111113,0.4461111111111111,0.42444444444444446,0.455,0.455,0.43,0.4494444444444444,0.42388888888888887,0.4444444444444444,0.45,0.4388888888888889,0.44166666666666665,0.4255555555555556,0.38555555555555554,0.5,0.4027777777777778,0.4388888888888889,0.4361111111111111,0.4338888888888889,0.46055555555555555,0.42944444444444446,0.4311111111111111,0.44,0.4572222222222222,0.4311111111111111,0.47,0.43444444444444447,0.41333333333333333,0.4761111111111111,0.44,0.40555555555555556,0.45944444444444443,0.4088888888888889,0.43777777777777777,0.42388888888888887,0.42444444444444446,0.4461111111111111,0.42277777777777775,0.43555555555555553,0.4766666666666667,0.41333333333333333,0.41444444444444445,0.4011111111111111,0.3877777777777778,0.41444444444444445,0.41388888888888886,0.4488888888888889,0.475,0.42,0.43777777777777777,0.42944444444444446,0.40555555555555556,0.45111111111111113,0.4988888888888889,0.45,0.465,0.4083333333333333,0.41944444444444445,0.4527777777777778,0.4872222222222222,0.43277777777777776,0.44722222222222224,0.43166666666666664,0.3938888888888889,0.42833333333333334,0.415,0.3977777777777778,0.43777777777777777,0.4388888888888889,0.4483333333333333,0.43944444444444447,0.4088888888888889,0.46055555555555555,0.4538888888888889,0.35388888888888886,0.42055555555555557,0.4272222222222222,0.4672222222222222
0.08	GG2	0.4477777777777778,0.4672222222222222,0.4661111111111111,0.44555555555555554,0.46,0.4772222222222222,0.45055555555555554,0.44166666666666665,0.4638888888888889,0.4411111111111111,0.46055555555555555,0.455,0.4627777777777778,0.4716666666666667,0.43833333333333335,0.4572222222222222,0.4816666666666667,0.47333333333333333,0.47,0.47055555555555556,0.45555555555555555,0.4772222222222222,0.45555555555555555,0.42277777777777775,0.43555555555555553,0.4477777777777778,0.44166666666666665,0.4266666666666667,0.47333333333333333,0.4816666666666667,0.46055555555555555,0.455,0.48277777777777775,0.44277777777777777,0.4766666666666667,0.46,0.45666666666666667,0.44055555555555553,0.46,0.4638888888888889,0.45222222222222225,0.4461111111111111,0.4633333333333333,0.4683333333333333,0.4161111111111111,0.45666666666666667,0.4672222222222222,0.45166666666666666,0.42,0.4538888888888889,0.46111111111111114,0.45222222222222225,0.4638888888888889,0.45611111111111113,0.4494444444444444,0.4627777777777778,0.4905555555555556,0.43166666666666664,0.4488888888888889,0.46,0.4588888888888889,0.42944444444444446,0.46944444444444444,0.4533333333333333,0.45611111111111113,0.43833333333333335,0.4577777777777778,0.4716666666666667,0.4633333333333333,0.43722222222222223,0.42444444444444446,0.4088888888888889,0.4905555555555556,0.45,0.45,0.4861111111111111,0.43333333333333335,0.44055555555555553,0.4338888888888889,0.4716666666666667,0.4855555555555556,0.48333333333333334,0.4866666666666667,0.4038888888888889,0.445,0.39,0.5394444444444444,0.4816666666666667,0.4388888888888889,0.475,0.44555555555555554,0.4588888888888889,0.41444444444444445,0.42833333333333334,0.46,0.43777777777777777,0.43333333333333335,0.485,0.46111111111111114,0.46555555555555556,0.4216666666666667,0.4666666666666667,0.4761111111111111,0.48444444444444446,0.4538888888888889,0.4666666666666667,0.46444444444444444,0.42833333333333334,0.4461111111111111,0.4638888888888889,0.46111111111111114,0.4738888888888889,0.4361111111111111,0.4922222222222222,0.4527777777777778,0.41944444444444445,0.4638888888888889,0.4494444444444444,0.465,0.43555555555555553,0.43777777777777777,0.44333333333333336,0.4538888888888889,0.4488888888888889,0.4527777777777778,0.4577777777777778,0.4622222222222222,0.4816666666666667,0.42444444444444446,0.45222222222222225,0.4677777777777778,0.46555555555555556,0.44277777777777777,0.45555555555555555,0.43944444444444447,0.475,0.48388888888888887,0.41055555555555556,0.44666666666666666,0.4494444444444444,0.45166666666666666,0.4911111111111111,0.45666666666666667,0.44055555555555553,0.46944444444444444,0.4855555555555556,0.46055555555555555,0.45555555555555555,0.46055555555555555,0.4311111111111111,0.48055555555555557,0.4738888888888889,0.41833333333333333,0.425,0.43944444444444447,0.43444444444444447,0.46555555555555556,0.46,0.4638888888888889,0.4222222222222222,0.4266666666666667,0.46555555555555556,0.4411111111111111,0.4588888888888889,0.46055555555555555,0.43944444444444447,0.4438888888888889,0.4722222222222222,0.4494444444444444,0.5044444444444445,0.4216666666666667,0.4311111111111111,0.44,0.5,0.4477777777777778,0.49,0.45555555555555555,0.4955555555555556,0.42388888888888887,0.4666666666666667,0.445,0.49,0.4533333333333333,0.4483333333333333,0.4683333333333333,0.44166666666666665,0.47,0.4683333333333333,0.4588888888888889,0.4438888888888889,0.46166666666666667,0.44,0.47055555555555556,0.43555555555555553,0.4411111111111111,0.4711111111111111,0.4161111111111111,0.46166666666666667,0.4677777777777778,0.4627777777777778
0.1	GEE	0.39111111111111113,0.39222222222222225,0.39555555555555555,0.4088888888888889,0.41888888888888887,0.39,0.3738888888888889,0.3938888888888889,0.405,0.39944444444444444,0.4088888888888889,0.4172222222222222,0.4088888888888889,0.43166666666666664,0.3977777777777778,0.41,0.37166666666666665,0.3883333333333333,0.41888888888888887,0.405,0.39611111111111114,0.3927777777777778,0.3972222222222222,0.39,0.4066666666666667,0.4077777777777778,0.4022222222222222,0.37277777777777776,0.4177777777777778,0.4077777777777778,0.4083333333333333,0.4111111111111111,0.39166666666666666,0.4222222222222222,0.4166666666666667,0.39444444444444443,0.365,0.39166666666666666,0.3983333333333333,0.4027777777777778,0.40944444444444444,0.36777777777777776,0.39166666666666666,0.39222222222222225,0.4261111111111111,0.4066666666666667,0.4038888888888889,0.4116666666666667,0.4261111111111111,0.4061111111111111,0.37277777777777776,0.38055555555555554,0.41888888888888887,0.43777777777777777,0.37222222222222223,0.4033333333333333,0.41444444444444445,0.39555555555555555,0.36944444444444446,0.3844444444444444,0.40055555555555555,0.4072222222222222,0.40055555555555555,0.415,0.39944444444444444,0.39222222222222225,0.40166666666666667,0.40055555555555555,0.3938888888888889,0.38666666666666666,0.39222222222222225,0.41055555555555556,0.37555555555555553,0.4127777777777778,0.4122222222222222,0.4127777777777778,0.37222222222222223,0.3933333333333333,0.4255555555555556,0.395,0.4122222222222222,0.40166666666666667,0.4122222222222222,0.37833333333333335,0.39222222222222225,0.37777777777777777,0.40055555555555555,0.39444444444444443,0.385,0.38333333333333336,0.3927777777777778,0.39055555555555554,0.39944444444444444,0.4061111111111111,0.39666666666666667,0.4161111111111111,0.4022222222222222,0.38,0.3844444444444444,0.415,0.4116666666666667,0.38222222222222224,0.3827777777777778,0.39611111111111114,0.41944444444444445,0.41388888888888886,0.4066666666666667,0.3877777777777778,0.38555555555555554,0.39555555555555555,0.41055555555555556,0.40555555555555556,0.4027777777777778,0.39666666666666667,0.3894444444444444,0.3988888888888889,0.3927777777777778,0.4172222222222222,0.385,0.38722222222222225,0.3672222222222222,0.36777777777777776,0.41333333333333333,0.40944444444444444,0.41388888888888886,0.4083333333333333,0.3933333333333333,0.3927777777777778,0.405,0.37166666666666665,0.4255555555555556,0.3711111111111111,0.4166666666666667,0.41055555555555556,0.41055555555555556,0.4216666666666667,0.39444444444444443,0.39944444444444444,0.3877777777777778,0.3933333333333333,0.3938888888888889,0.4066666666666667,0.41,0.4122222222222222,0.41444444444444445,0.3933333333333333,0.41944444444444445,0.41388888888888886,0.39666666666666667,0.4011111111111111,0.3983333333333333,0.3761111111111111,0.4166666666666667,0.415,0.41388888888888886,0.39222222222222225,0.38333333333333336,0.38722222222222225,0.4083333333333333,0.37222222222222223,0.4266666666666667,0.39222222222222225,0.4011111111111111,0.3888888888888889,0.4033333333333333,0.4077777777777778,0.3988888888888889,0.3933333333333333,0.41444444444444445,0.39055555555555554,0.405,0.41833333333333333,0.4172222222222222,0.4077777777777778,0.4116666666666667,0.38166666666666665,0.38333333333333336,0.37777777777777777,0.41444444444444445,0.4061111111111111,0.3894444444444444,0.3811111111111111,0.38222222222222224,0.4272222222222222,0.4166666666666667,0.4038888888888889,0.39444444444444443,0.4038888888888889,0.4177777777777778,0.3838888888888889,0.385,0.42277777777777775,0.40444444444444444,0.3811111111111111,0.39166666666666666,0.4033333333333333,0.3938888888888889,0.42055555555555557,0.40055555555555555,0.395
0.1	GNN	0.3616666666666667,0.3088888888888889,0.29388888888888887,0.3138888888888889,0.2777777777777778,0.3005555555555556,0.2627777777777778,0.29333333333333333,0.2677777777777778,0.3194444444444444,0.3016666666666667,0.30333333333333334,0.3211111111111111,0.3016666666666667,0.27666666666666667,0.29,0.30833333333333335,0.2761111111111111,0.31166666666666665,0.2511111111111111,0.3,0.2966666666666667,0.29444444444444445,0.31833333333333336,0.2822222222222222,0.30666666666666664,0.285,0.31777777777777777,0.3016666666666667,0.29777777777777775,0.295,0.3227777777777778,0.24166666666666667,0.31055555555555553,0.29333333333333333,0.3016666666666667,0.31166666666666665,0.26722222222222225,0.31166666666666665,0.25166666666666665,0.3338888888888889,0.29333333333333333,0.27666666666666667,0.3022222222222222,0.2966666666666667,0.29944444444444446,0.3022222222222222,0.3061111111111111,0.28444444444444444,0.3055555555555556,0.2972222222222222,0.3322222222222222,0.3433333333333333,0.35,0.315,0.2966666666666667,0.3016666666666667,0.315,0.265,0.31,0.3011111111111111,0.31333333333333335,0.2816666666666667,0.3511111111111111,0.30833333333333335,0.2916666666666667,0.29,0.3516666666666667,0.2922222222222222,0.28,0.28833333333333333,0.295,0.3038888888888889,0.2861111111111111,0.3111111111111111,0.31444444444444447,0.27166666666666667,0.30722222222222223,0.3383333333333333,0.32611111111111113,0.2638888888888889,0.27166666666666667,0.29,0.3055555555555556,0.2922222222222222,0.32222222222222224,0.27444444444444444,0.3433333333333333,0.32055555555555554,0.3638888888888889,0.28,0.3211111111111111,0.2627777777777778,0.2833333333333333,0.2966666666666667,0.29777777777777775,0.3038888888888889,0.31277777777777777,0.31333333333333335,0.29555555555555557,0.32222222222222224,0.2877777777777778,0.3383333333333333,0.31277777777777777,0.31166666666666665,0.2683333333333333,0.3138888888888889,0.3233333333333333,0.29944444444444446,0.3161111111111111,0.3188888888888889,0.31555555555555553,0.33,0.31722222222222224,0.2638888888888889,0.28833333333333333,0.3011111111111111,0.31166666666666665,0.33111111111111113,0.31666666666666665,0.27055555555555555,0.28444444444444444,0.32,0.2783333333333333,0.30944444444444447,0.3566666666666667,0.3011111111111111,0.2611111111111111,0.315,0.33944444444444444,0.29,0.3194444444444444,0.3227777777777778,0.3088888888888889,0.3427777777777778,0.2927777777777778,0.2816666666666667,0.2777777777777778,0.27555555555555555,0.2838888888888889,0.2738888888888889,0.2761111111111111,0.29055555555555557,0.3416666666666667,0.30833333333333335,0.30833333333333335,0.30333333333333334,0.30444444444444446,0.30277777777777776,0.29,0.33055555555555555,0.26611111111111113,0.3227777777777778,0.3138888888888889,0.30944444444444447,0.26,0.2822222222222222,0.3466666666666667,0.3005555555555556,0.26944444444444443,0.32555555555555554,0.2911111111111111,0.31277777777777777,0.2677777777777778,0.2966666666666667,0.2811111111111111,0.29944444444444446,0.275,0.2827777777777778,0.31166666666666665,0.25833333333333336,0.31555555555555553,0.2961111111111111,0.26611111111111113,0.3138888888888889,0.2633333333333333,0.305,0.2861111111111111,0.2922222222222222,0.35888888888888887,0.2561111111111111,0.30833333333333335,0.30333333333333334,0.29333333333333333,0.325,0.30444444444444446,0.2927777777777778,0.3238888888888889,0.30777777777777776,0.29333333333333333,0.3138888888888889,0.29333333333333333,0.2927777777777778,0.315,0.3188888888888889,0.29777777777777775,0.31222222222222223,0.2911111111111111,0.255,0.3427777777777778
0.1	GG	0.39,0.4216666666666667,0.39222222222222225,0.4111111111111111,0.4077777777777778,0.4266666666666667,0.4,0.3877777777777778,0.4,0.41388888888888886,0.40055555555555555,0.4166666666666667,0.41833333333333333,0.42833333333333334,0.40055555555555555,0.41,0.41333333333333333,0.3927777777777778,0.43222222222222223,0.3938888888888889,0.3794444444444444,0.4027777777777778,0.4022222222222222,0.3861111111111111,0.4072222222222222,0.41388888888888886,0.3933333333333333,0.4088888888888889,0.415,0.4266666666666667,0.39222222222222225,0.3877777777777778,0.40944444444444444,0.43277777777777776,0.40944444444444444,0.40944444444444444,0.39222222222222225,0.46111111111111114,0.41055555555555556,0.42944444444444446,0.34555555555555556,0.36277777777777775,0.41333333333333333,0.4088888888888889,0.4255555555555556,0.40166666666666667,0.4266666666666667,0.41833333333333333,0.41388888888888886,0.4161111111111111,0.37777777777777777,0.3988888888888889,0.4588888888888889,0.4305555555555556,0.39444444444444443,0.4088888888888889,0.42,0.39,0.39166666666666666,0.3972222222222222,0.39222222222222225,0.385,0.39111111111111113,0.4088888888888889,0.3638888888888889,0.36833333333333335,0.3988888888888889,0.3894444444444444,0.42388888888888887,0.39055555555555554,0.4011111111111111,0.3711111111111111,0.41555555555555557,0.40166666666666667,0.4033333333333333,0.43222222222222223,0.3883333333333333,0.3888888888888889,0.4066666666666667,0.415,0.4533333333333333,0.4261111111111111,0.3938888888888889,0.36944444444444446,0.4111111111111111,0.375,0.4411111111111111,0.4027777777777778,0.4061111111111111,0.4072222222222222,0.4172222222222222,0.4161111111111111,0.415,0.3933333333333333,0.42277777777777775,0.4216666666666667,0.3788888888888889,0.4161111111111111,0.39222222222222225,0.4116666666666667,0.4066666666666667,0.40055555555555555,0.43222222222222223,0.4255555555555556,0.4166666666666667,0.4033333333333333,0.3894444444444444,0.4083333333333333,0.37222222222222223,0.42777777777777776,0.42833333333333334,0.3622222222222222,0.4261111111111111,0.38666666666666666,0.39944444444444444,0.40055555555555555,0.41055555555555556,0.38055555555555554,0.41944444444444445,0.38222222222222224,0.37222222222222223,0.38722222222222225,0.4172222222222222,0.41444444444444445,0.35888888888888887,0.43444444444444447,0.39555555555555555,0.3877777777777778,0.4288888888888889,0.38666666666666666,0.4,0.41055555555555556,0.4255555555555556,0.4211111111111111,0.41444444444444445,0.3877777777777778,0.42944444444444446,0.3838888888888889,0.3811111111111111,0.4272222222222222,0.3894444444444444,0.4,0.4122222222222222,0.4072222222222222,0.4172222222222222,0.4216666666666667,0.41555555555555557,0.445,0.39111111111111113,0.39666666666666667,0.43666666666666665,0.4111111111111111,0.41444444444444445,0.4172222222222222,0.4288888888888889,0.4027777777777778,0.35944444444444446,0.38055555555555554,0.41333333333333333,0.39666666666666667,0.4388888888888889,0.42055555555555557,0.39944444444444444,0.3794444444444444,0.4066666666666667,0.38555555555555554,0.38555555555555554,0.41333333333333333,0.4266666666666667,0.43833333333333335,0.4116666666666667,0.405,0.405,0.3838888888888889,0.4255555555555556,0.44222222222222224,0.3938888888888889,0.43555555555555553,0.4066666666666667,0.39166666666666666,0.4255555555555556,0.41944444444444445,0.4172222222222222,0.45611111111111113,0.41888888888888887,0.3811111111111111,0.38166666666666665,0.4011111111111111,0.39611111111111114,0.3977777777777778,0.39555555555555555,0.45222222222222225,0.41333333333333333,0.4072222222222222,0.4255555555555556,0.4127777777777778,0.3888888888888889,0.4127777777777778,0.43166666666666664,0.4338888888888889
0.1	GG2	0.4111111111111111,0.42333333333333334,0.4488888888888889,0.4572222222222222,0.4122222222222222,0.425,0.4022222222222222,0.4488888888888889,0.42444444444444446,0.4477777777777778,0.4411111111111111,0.41944444444444445,0.4127777777777778,0.46055555555555555,0.43333333333333335,0.42777777777777776,0.415,0.43,0.4438888888888889,0.4261111111111111,0.41333333333333333,0.4288888888888889,0.40555555555555556,0.39666666666666667,0.43166666666666664,0.4438888888888889,0.40555555555555556,0.41,0.415,0.4311111111111111,0.3988888888888889,0.4261111111111111,0.43944444444444447,0.435,0.4538888888888889,0.4211111111111111,0.38222222222222224,0.43277777777777776,0.4338888888888889,0.43222222222222223,0.41,0.4038888888888889,0.43944444444444447,0.43444444444444447,0.45,0.4361111111111111,0.4338888888888889,0.4211111111111111,0.42333333333333334,0.42388888888888887,0.3988888888888889,0.40944444444444444,0.44555555555555554,0.4583333333333333,0.41555555555555557,0.41,0.4305555555555556,0.4216666666666667,0.39666666666666667,0.41888888888888887,0.43333333333333335,0.4122222222222222,0.43166666666666664,0.44722222222222224,0.4166666666666667,0.395,0.445,0.4211111111111111,0.41333333333333333,0.4083333333333333,0.42277777777777775,0.4211111111111111,0.41444444444444445,0.4338888888888889,0.42055555555555557,0.44166666666666665,0.39055555555555554,0.4038888888888889,0.4222222222222222,0.42444444444444446,0.44277777777777777,0.4494444444444444,0.4461111111111111,0.4061111111111111,0.45222222222222225,0.3711111111111111,0.44166666666666665,0.42055555555555557,0.43777777777777777,0.415,0.4266666666666667,0.4083333333333333,0.41944444444444445,0.42777777777777776,0.4166666666666667,0.425,0.4077777777777778,0.41444444444444445,0.37777777777777777,0.45555555555555555,0.42944444444444446,0.41055555555555556,0.43666666666666665,0.42833333333333334,0.44333333333333336,0.4288888888888889,0.3894444444444444,0.4011111111111111,0.4111111111111111,0.41888888888888887,0.4494444444444444,0.4222222222222222,0.44722222222222224,0.4177777777777778,0.39222222222222225,0.40055555555555555,0.41833333333333333,0.42,0.4172222222222222,0.4122222222222222,0.3861111111111111,0.38166666666666665,0.4311111111111111,0.4305555555555556,0.4338888888888889,0.4411111111111111,0.4161111111111111,0.41888888888888887,0.4461111111111111,0.3933333333333333,0.4083333333333333,0.41444444444444445,0.435,0.4161111111111111,0.43277777777777776,0.43277777777777776,0.42055555555555557,0.38666666666666666,0.4166666666666667,0.4272222222222222,0.395,0.4211111111111111,0.43333333333333335,0.41555555555555557,0.4338888888888889,0.45,0.43166666666666664,0.43222222222222223,0.41944444444444445,0.41388888888888886,0.4477777777777778,0.43,0.42055555555555557,0.41555555555555557,0.42388888888888887,0.3861111111111111,0.4222222222222222,0.40444444444444444,0.4172222222222222,0.41,0.44666666666666666,0.4222222222222222,0.42,0.40055555555555555,0.42444444444444446,0.44333333333333336,0.405,0.43333333333333335,0.42777777777777776,0.44555555555555554,0.4072222222222222,0.42,0.4311111111111111,0.415,0.42055555555555557,0.445,0.4222222222222222,0.4494444444444444,0.40555555555555556,0.435,0.40444444444444444,0.4211111111111111,0.4211111111111111,0.4533333333333333,0.4666666666666667,0.4166666666666667,0.42055555555555557,0.45222222222222225,0.43666666666666665,0.42333333333333334,0.41555555555555557,0.43666666666666665,0.43333333333333335,0.3988888888888889,0.4411111111111111,0.4438888888888889,0.42333333333333334,0.4361111111111111,0.43666666666666665,0.4272222222222222
0.12	GEE	0.37444444444444447,0.3811111111111111,0.3927777777777778,0.39222222222222225,0.39055555555555554,0.3988888888888889,0.39111111111111113,0.38333333333333336,0.38666666666666666,0.37666666666666665,0.37277777777777776,0.3672222222222222,0.3988888888888889,0.3972222222222222,0.39555555555555555,0.38166666666666665,0.37722222222222224,0.3794444444444444,0.39,0.3811111111111111,0.3894444444444444,0.3655555555555556,0.38333333333333336,0.3983333333333333,0.3622222222222222,0.385,0.38,0.38055555555555554,0.39666666666666667,0.39222222222222225,0.40555555555555556,0.3983333333333333,0.37555555555555553,0.3811111111111111,0.38055555555555554,0.3844444444444444,0.3788888888888889,0.3894444444444444,0.385,0.3988888888888889,0.3883333333333333,0.38055555555555554,0.39055555555555554,0.38722222222222225,0.365,0.38055555555555554,0.3983333333333333,0.3811111111111111,0.4172222222222222,0.3794444444444444,0.385,0.4061111111111111,0.38333333333333336,0.37666666666666665,0.36833333333333335,0.3788888888888889,0.38222222222222224,0.3894444444444444,0.37777777777777777,0.40555555555555556,0.39111111111111113,0.3738888888888889,0.3844444444444444,0.41,0.37222222222222223,0.39944444444444444,0.42,0.38,0.38222222222222224,0.38722222222222225,0.37222222222222223,0.37722222222222224,0.38222222222222224,0.3611111111111111,0.4033333333333333,0.3933333333333333,0.38055555555555554,0.3794444444444444,0.43277777777777776,0.3894444444444444,0.37666666666666665,0.39666666666666667,0.39444444444444443,0.38055555555555554,0.37,0.38055555555555554,0.4038888888888889,0.3672222222222222,0.4116666666666667,0.3788888888888889,0.38333333333333336,0.39111111111111113,0.3861111111111111,0.3933333333333333,0.37555555555555553,0.38333333333333336,0.3705555555555556,0.3972222222222222,0.375,0.38055555555555554,0.39055555555555554,0.39666666666666667,0.37555555555555553,0.38333333333333336,0.38222222222222224,0.3688888888888889,0.37777777777777777,0.37833333333333335,0.3883333333333333,0.3883333333333333,0.40055555555555555,0.3572222222222222,0.38055555555555554,0.3894444444444444,0.3827777777777778,0.3883333333333333,0.4011111111111111,0.39611111111111114,0.36833333333333335,0.3861111111111111,0.39944444444444444,0.37444444444444447,0.3883333333333333,0.4077777777777778,0.385,0.37833333333333335,0.3894444444444444,0.3844444444444444,0.3883333333333333,0.3705555555555556,0.38666666666666666,0.39166666666666666,0.37222222222222223,0.38,0.375,0.37166666666666665,0.395,0.3655555555555556,0.39611111111111114,0.39111111111111113,0.40444444444444444,0.37666666666666665,0.37277777777777776,0.39,0.37555555555555553,0.3861111111111111,0.39111111111111113,0.3838888888888889,0.3788888888888889,0.39055555555555554,0.39666666666666667,0.365,0.3861111111111111,0.40555555555555556,0.39222222222222225,0.3972222222222222,0.3811111111111111,0.3827777777777778,0.37722222222222224,0.36,0.3711111111111111,0.3894444444444444,0.37222222222222223,0.39555555555555555,0.3877777777777778,0.3877777777777778,0.38333333333333336,0.40944444444444444,0.4,0.3861111111111111,0.37333333333333335,0.3761111111111111,0.37555555555555553,0.395,0.3972222222222222,0.41,0.38222222222222224,0.3794444444444444,0.39444444444444443,0.37833333333333335,0.38055555555555554,0.3861111111111111,0.36333333333333334,0.40555555555555556,0.4033333333333333,0.4077777777777778,0.38,0.4066666666666667,0.39222222222222225,0.3844444444444444,0.37166666666666665,0.36833333333333335,0.39222222222222225,0.385,0.3794444444444444,0.38222222222222224,0.39444444444444443,0.3888888888888889,0.35833333333333334,0.4066666666666667
0.12	GNN	0.3016666666666667,0.2877777777777778,0.2772222222222222,0.2733333333333333,0.2911111111111111,0.29444444444444445,0.2961111111111111,0.2816666666666667,0.2722222222222222,0.29888888888888887,0.28833333333333333,0.27055555555555555,0.2733333333333333,0.27166666666666667,0.25,0.29,0.29444444444444445,0.2877777777777778,0.30833333333333335,0.25333333333333335,0.3022222222222222,0.2638888888888889,0.30833333333333335,0.28055555555555556,0.29055555555555557,0.29,0.2816666666666667,0.305,0.28444444444444444,0.295,0.30277777777777776,0.3011111111111111,0.26722222222222225,0.2922222222222222,0.2822222222222222,0.27555555555555555,0.2922222222222222,0.2833333333333333,0.2966666666666667,0.24944444444444444,0.30777777777777776,0.2827777777777778,0.27055555555555555,0.2738888888888889,0.27555555555555555,0.30444444444444446,0.3038888888888889,0.27944444444444444,0.2961111111111111,0.305,0.26555555555555554,0.3011111111111111,0.3,0.2911111111111111,0.3055555555555556,0.2761111111111111,0.2911111111111111,0.30277777777777776,0.2611111111111111,0.29388888888888887,0.2872222222222222,0.3011111111111111,0.28833333333333333,0.3283333333333333,0.29055555555555557,0.2833333333333333,0.29,0.29444444444444445,0.2633333333333333,0.2861111111111111,0.2638888888888889,0.29333333333333333,0.2783333333333333,0.27,0.3138888888888889,0.2911111111111111,0.2827777777777778,0.2916666666666667,0.32666666666666666,0.2966666666666667,0.2777777777777778,0.2861111111111111,0.3,0.30722222222222223,0.2872222222222222,0.3,0.2922222222222222,0.29555555555555557,0.28444444444444444,0.34,0.29055555555555557,0.32222222222222224,0.24722222222222223,0.2627777777777778,0.2833333333333333,0.2872222222222222,0.2816666666666667,0.3161111111111111,0.3038888888888889,0.2644444444444444,0.2961111111111111,0.2866666666666667,0.3138888888888889,0.3138888888888889,0.3283333333333333,0.275,0.285,0.28888888888888886,0.3,0.2683333333333333,0.3411111111111111,0.3022222222222222,0.28555555555555556,0.30277777777777776,0.2783333333333333,0.2927777777777778,0.305,0.3061111111111111,0.29944444444444446,0.29333333333333333,0.25555555555555554,0.3011111111111111,0.3011111111111111,0.27,0.30444444444444446,0.3022222222222222,0.28944444444444445,0.2872222222222222,0.3016666666666667,0.28,0.2772222222222222,0.2872222222222222,0.29888888888888887,0.32166666666666666,0.31833333333333336,0.26166666666666666,0.2822222222222222,0.2722222222222222,0.30277777777777776,0.25166666666666665,0.26722222222222225,0.2411111111111111,0.29833333333333334,0.31777777777777777,0.2627777777777778,0.2833333333333333,0.2783333333333333,0.3188888888888889,0.2783333333333333,0.26722222222222225,0.32166666666666666,0.29,0.2961111111111111,0.29388888888888887,0.2872222222222222,0.26055555555555554,0.27555555555555555,0.33611111111111114,0.29333333333333333,0.28833333333333333,0.2822222222222222,0.29055555555555557,0.27944444444444444,0.22555555555555556,0.28055555555555556,0.29444444444444445,0.29777777777777775,0.26666666666666666,0.28833333333333333,0.3088888888888889,0.27444444444444444,0.305,0.2783333333333333,0.25666666666666665,0.29333333333333333,0.2777777777777778,0.30333333333333334,0.27944444444444444,0.2733333333333333,0.31833333333333336,0.26944444444444443,0.27055555555555555,0.3,0.3055555555555556,0.30666666666666664,0.2922222222222222,0.2816666666666667,0.2872222222222222,0.28055555555555556,0.3038888888888889,0.31222222222222223,0.2788888888888889,0.28,0.2811111111111111,0.31,0.28555555555555556,0.2922222222222222,0.27944444444444444,0.23555555555555555,0.30277777777777776
0.12	GG	0.3688888888888889,0.3877777777777778,0.3977777777777778,0.4,0.3838888888888889,0.42388888888888887,0.36444444444444446,0.3705555555555556,0.37166666666666665,0.4027777777777778,0.3861111111111111,0.3883333333333333,0.3938888888888889,0.39555555555555555,0.37222222222222223,0.375,0.38666666666666666,0.385,0.4077777777777778,0.3761111111111111,0.37555555555555553,0.3844444444444444,0.3738888888888889,0.3883333333333333,0.36444444444444446,0.3888888888888889,0.38166666666666665,0.40055555555555555,0.39166666666666666,0.41833333333333333,0.37444444444444447,0.385,0.38555555555555554,0.3894444444444444,0.3894444444444444,0.39111111111111113,0.3844444444444444,0.435,0.37833333333333335,0.39944444444444444,0.3888888888888889,0.37555555555555553,0.3927777777777778,0.3761111111111111,0.3861111111111111,0.3761111111111111,0.4166666666666667,0.39055555555555554,0.39444444444444443,0.38,0.37222222222222223,0.4,0.41888888888888887,0.4033333333333333,0.38055555555555554,0.3794444444444444,0.41555555555555557,0.3788888888888889,0.3983333333333333,0.4122222222222222,0.38555555555555554,0.3894444444444444,0.3888888888888889,0.395,0.3688888888888889,0.3788888888888889,0.41055555555555556,0.35388888888888886,0.36444444444444446,0.37166666666666665,0.3927777777777778,0.3616666666666667,0.4088888888888889,0.34,0.39444444444444443,0.39444444444444443,0.38555555555555554,0.39944444444444444,0.40055555555555555,0.4311111111111111,0.39666666666666667,0.415,0.36666666666666664,0.365,0.3827777777777778,0.35944444444444446,0.43722222222222223,0.38166666666666665,0.39111111111111113,0.3844444444444444,0.405,0.40444444444444444,0.4088888888888889,0.36444444444444446,0.4,0.3883333333333333,0.35833333333333334,0.38166666666666665,0.36444444444444446,0.38666666666666666,0.3927777777777778,0.38333333333333336,0.4061111111111111,0.4083333333333333,0.37555555555555553,0.3661111111111111,0.38222222222222224,0.3705555555555556,0.38333333333333336,0.39666666666666667,0.39111111111111113,0.36,0.415,0.37277777777777776,0.3938888888888889,0.3811111111111111,0.4033333333333333,0.36,0.4022222222222222,0.3611111111111111,0.3927777777777778,0.37833333333333335,0.41944444444444445,0.4072222222222222,0.38555555555555554,0.39111111111111113,0.4033333333333333,0.385,0.42333333333333334,0.3655555555555556,0.39555555555555555,0.405,0.38055555555555554,0.4111111111111111,0.37277777777777776,0.37555555555555553,0.42277777777777775,0.3611111111111111,0.4288888888888889,0.39,0.4,0.3794444444444444,0.38722222222222225,0.3988888888888889,0.375,0.4111111111111111,0.3844444444444444,0.4066666666666667,0.3622222222222222,0.38555555555555554,0.40444444444444444,0.38,0.385,0.40055555555555555,0.39611111111111114,0.39222222222222225,0.395,0.4066666666666667,0.3655555555555556,0.37555555555555553,0.3827777777777778,0.42055555555555557,0.3488888888888889,0.39222222222222225,0.3888888888888889,0.3661111111111111,0.3761111111111111,0.3938888888888889,0.39555555555555555,0.41333333333333333,0.37333333333333335,0.35888888888888887,0.3688888888888889,0.40055555555555555,0.415,0.4288888888888889,0.4272222222222222,0.4066666666666667,0.4011111111111111,0.3522222222222222,0.3705555555555556,0.3877777777777778,0.3861111111111111,0.43166666666666664,0.4011111111111111,0.38555555555555554,0.38222222222222224,0.3761111111111111,0.37,0.37833333333333335,0.36666666666666664,0.3888888888888889,0.4038888888888889,0.38333333333333336,0.4,0.38,0.36777777777777776,0.38333333333333336,0.38055555555555554,0.41
0.12	GG2	0.38666666666666666,0.4077777777777778,0.4,0.39,0.38055555555555554,0.41833333333333333,0.4083333333333333,0.4116666666666667,0.39111111111111113,0.41,0.37277777777777776,0.3811111111111111,0.42388888888888887,0.4111111111111111,0.4255555555555556,0.3933333333333333,0.40444444444444444,0.3838888888888889,0.41944444444444445,0.41055555555555556,0.3888888888888889,0.3761111111111111,0.41333333333333333,0.3933333333333333,0.38722222222222225,0.41055555555555556,0.3844444444444444,0.4072222222222222,0.41888888888888887,0.4272222222222222,0.4038888888888889,0.3844444444444444,0.4027777777777778,0.39111111111111113,0.40944444444444444,0.395,0.4011111111111111,0.42333333333333334,0.4116666666666667,0.4088888888888889,0.4022222222222222,0.3844444444444444,0.42,0.40166666666666667,0.3938888888888889,0.4083333333333333,0.4266666666666667,0.4027777777777778,0.43333333333333335,0.40444444444444444,0.4083333333333333,0.41388888888888886,0.4127777777777778,0.395,0.3794444444444444,0.38055555555555554,0.405,0.41888888888888887,0.41333333333333333,0.41888888888888887,0.39222222222222225,0.3883333333333333,0.4116666666666667,0.42944444444444446,0.39611111111111114,0.41888888888888887,0.42277777777777775,0.40944444444444444,0.40166666666666667,0.38,0.405,0.39222222222222225,0.39555555555555555,0.375,0.4266666666666667,0.39555555555555555,0.3861111111111111,0.4022222222222222,0.43222222222222223,0.42055555555555557,0.3938888888888889,0.4311111111111111,0.41444444444444445,0.41388888888888886,0.38222222222222224,0.39,0.45611111111111113,0.40444444444444444,0.41333333333333333,0.4116666666666667,0.39666666666666667,0.4177777777777778,0.4127777777777778,0.3838888888888889,0.39222222222222225,0.3838888888888889,0.36333333333333334,0.4177777777777778,0.3811111111111111,0.3938888888888889,0.39,0.4261111111111111,0.42777777777777776,0.4288888888888889,0.38722222222222225,0.3877777777777778,0.39444444444444443,0.39555555555555555,0.4216666666666667,0.41888888888888887,0.41388888888888886,0.39111111111111113,0.415,0.4272222222222222,0.3988888888888889,0.4038888888888889,0.41333333333333333,0.4305555555555556,0.39555555555555555,0.4,0.3938888888888889,0.3883333333333333,0.42444444444444446,0.405,0.41,0.3977777777777778,0.4122222222222222,0.42444444444444446,0.4311111111111111,0.375,0.4038888888888889,0.3988888888888889,0.4038888888888889,0.41555555555555557,0.3811111111111111,0.37777777777777777,0.42944444444444446,0.3572222222222222,0.44,0.39944444444444444,0.4255555555555556,0.3861111111111111,0.4,0.4022222222222222,0.375,0.4261111111111111,0.40166666666666667,0.41444444444444445,0.41555555555555557,0.395,0.4122222222222222,0.38666666666666666,0.38222222222222224,0.4211111111111111,0.42833333333333334,0.3977777777777778,0.39666666666666667,0.41444444444444445,0.3883333333333333,0.3761111111111111,0.39555555555555555,0.41833333333333333,0.4077777777777778,0.39444444444444443,0.4038888888888889,0.39555555555555555,0.38333333333333336,0.42055555555555557,0.41333333333333333,0.41333333333333333,0.4033333333333333,0.38,0.3877777777777778,0.43833333333333335,0.4255555555555556,0.43166666666666664,0.4083333333333333,0.42055555555555557,0.40166666666666667,0.3977777777777778,0.4011111111111111,0.395,0.4066666666666667,0.42,0.41444444444444445,0.41555555555555557,0.40444444444444444,0.445,0.4,0.3761111111111111,0.3705555555555556,0.39055555555555554,0.41555555555555557,0.40166666666666667,0.4261111111111111,0.39555555555555555,0.40055555555555555,0.3877777777777778,0.37666666666666665,0.4083333333333333
0.14	GEE	0.3561111111111111,0.3611111111111111,0.3511111111111111,0.36777777777777776,0.37222222222222223,0.3638888888888889,0.3561111111111111,0.3377777777777778,0.35777777777777775,0.35833333333333334,0.3572222222222222,0.3472222222222222,0.3616666666666667,0.3511111111111111,0.36,0.3461111111111111,0.37166666666666665,0.37333333333333335,0.35833333333333334,0.36,0.3605555555555556,0.3688888888888889,0.3622222222222222,0.3638888888888889,0.3422222222222222,0.3566666666666667,0.37333333333333335,0.3688888888888889,0.3427777777777778,0.36944444444444446,0.3711111111111111,0.3511111111111111,0.35777777777777775,0.3377777777777778,0.37555555555555553,0.34055555555555556,0.355,0.35444444444444445,0.37666666666666665,0.36,0.35333333333333333,0.3655555555555556,0.37833333333333335,0.3522222222222222,0.35,0.36333333333333334,0.3877777777777778,0.355,0.33,0.36333333333333334,0.3527777777777778,0.37666666666666665,0.3383333333333333,0.35833333333333334,0.3622222222222222,0.36333333333333334,0.3561111111111111,0.3511111111111111,0.3527777777777778,0.3616666666666667,0.36,0.3616666666666667,0.36277777777777775,0.36,0.3711111111111111,0.3522222222222222,0.35555555555555557,0.35944444444444446,0.3611111111111111,0.3327777777777778,0.3333333333333333,0.355,0.3705555555555556,0.3788888888888889,0.37166666666666665,0.3527777777777778,0.33944444444444444,0.34444444444444444,0.3688888888888889,0.37666666666666665,0.36444444444444446,0.36666666666666664,0.35555555555555557,0.3561111111111111,0.37444444444444447,0.4088888888888889,0.34055555555555556,0.3477777777777778,0.37222222222222223,0.3516666666666667,0.3433333333333333,0.32722222222222225,0.3672222222222222,0.36777777777777776,0.38,0.35777777777777775,0.3477777777777778,0.365,0.35833333333333334,0.35777777777777775,0.3616666666666667,0.3433333333333333,0.37333333333333335,0.37722222222222224,0.3605555555555556,0.36777777777777776,0.35833333333333334,0.35833333333333334,0.3611111111111111,0.365,0.35833333333333334,0.3688888888888889,0.34833333333333333,0.37444444444444447,0.34555555555555556,0.36,0.35388888888888886,0.3616666666666667,0.3572222222222222,0.3622222222222222,0.35,0.33555555555555555,0.37,0.345,0.33555555555555555,0.3461111111111111,0.34444444444444444,0.36333333333333334,0.35944444444444446,0.35555555555555557,0.3672222222222222,0.35333333333333333,0.37333333333333335,0.35888888888888887,0.36,0.365,0.3622222222222222,0.32722222222222225,0.36444444444444446,0.35833333333333334,0.3472222222222222,0.35888888888888887,0.3411111111111111,0.33166666666666667,0.3738888888888889,0.3711111111111111,0.3655555555555556,0.36666666666666664,0.36944444444444446,0.3661111111111111,0.36333333333333334,0.3572222222222222,0.35555555555555557,0.36277777777777775,0.35833333333333334,0.34944444444444445,0.37333333333333335,0.3661111111111111,0.34555555555555556,0.36444444444444446,0.33666666666666667,0.365,0.3566666666666667,0.3472222222222222,0.3516666666666667,0.3688888888888889,0.36666666666666664,0.3711111111111111,0.3477777777777778,0.3461111111111111,0.33944444444444444,0.3711111111111111,0.35333333333333333,0.3427777777777778,0.3705555555555556,0.37555555555555553,0.3527777777777778,0.3566666666666667,0.3438888888888889,0.37166666666666665,0.35333333333333333,0.3622222222222222,0.36833333333333335,0.3788888888888889,0.3638888888888889,0.3522222222222222,0.3688888888888889,0.34944444444444445,0.36277777777777775,0.3611111111111111,0.3566666666666667,0.3477777777777778,0.3638888888888889,0.36833333333333335,0.35055555555555556,0.3622222222222222,0.37833333333333335,0.37277777777777776,0.3672222222222222,0.3377777777777778
0.14	GNN	0.2911111111111111,0.25,0.23944444444444443,0.2872222222222222,0.26166666666666666,0.2838888888888889,0.28944444444444445,0.25555555555555554,0.2588888888888889,0.27666666666666667,0.235,0.2677777777777778,0.2761111111111111,0.265,0.26611111111111113,0.2733333333333333,0.26555555555555554,0.29,0.29,0.22666666666666666,0.29,0.25722222222222224,0.27944444444444444,0.3011111111111111,0.2683333333333333,0.28055555555555556,0.28,0.2777777777777778,0.27111111111111114,0.2633333333333333,0.2783333333333333,0.27444444444444444,0.24055555555555555,0.2927777777777778,0.2638888888888889,0.26722222222222225,0.29333333333333333,0.2638888888888889,0.29388888888888887,0.265,0.27055555555555555,0.26944444444444443,0.2611111111111111,0.2833333333333333,0.27,0.28,0.27444444444444444,0.2761111111111111,0.2783333333333333,0.2877777777777778,0.26166666666666666,0.3,0.3055555555555556,0.2927777777777778,0.2838888888888889,0.2627777777777778,0.2866666666666667,0.3,0.2544444444444444,0.28,0.2972222222222222,0.2838888888888889,0.275,0.3011111111111111,0.2816666666666667,0.2822222222222222,0.2688888888888889,0.31,0.2577777777777778,0.2461111111111111,0.25833333333333336,0.2761111111111111,0.26722222222222225,0.2783333333333333,0.2777777777777778,0.3111111111111111,0.295,0.26555555555555554,0.3288888888888889,0.3055555555555556,0.27055555555555555,0.265,0.265,0.2816666666666667,0.2638888888888889,0.27944444444444444,0.26944444444444443,0.3,0.265,0.3338888888888889,0.28888888888888886,0.28555555555555556,0.27,0.24444444444444444,0.26555555555555554,0.285,0.29944444444444446,0.2816666666666667,0.28444444444444444,0.2783333333333333,0.2838888888888889,0.2644444444444444,0.30833333333333335,0.30277777777777776,0.2972222222222222,0.2633333333333333,0.2788888888888889,0.2411111111111111,0.28555555555555556,0.26555555555555554,0.2872222222222222,0.28555555555555556,0.27,0.2822222222222222,0.2461111111111111,0.26666666666666666,0.26944444444444443,0.2738888888888889,0.2727777777777778,0.26944444444444443,0.2677777777777778,0.28055555555555556,0.29888888888888887,0.2627777777777778,0.28555555555555556,0.315,0.275,0.27166666666666667,0.28444444444444444,0.28888888888888886,0.2594444444444444,0.28055555555555556,0.2972222222222222,0.28833333333333333,0.32,0.255,0.2772222222222222,0.23277777777777778,0.25722222222222224,0.2611111111111111,0.26666666666666666,0.2638888888888889,0.2777777777777778,0.295,0.2866666666666667,0.26222222222222225,0.2544444444444444,0.31444444444444447,0.28944444444444445,0.2388888888888889,0.27555555555555555,0.2588888888888889,0.28444444444444444,0.2577777777777778,0.29,0.2633333333333333,0.2733333333333333,0.3194444444444444,0.2783333333333333,0.2627777777777778,0.2966666666666667,0.2627777777777778,0.2733333333333333,0.2511111111111111,0.27111111111111114,0.2733333333333333,0.27166666666666667,0.2588888888888889,0.2783333333333333,0.28555555555555556,0.25722222222222224,0.2733333333333333,0.2761111111111111,0.24333333333333335,0.2811111111111111,0.2611111111111111,0.2594444444444444,0.25333333333333335,0.2788888888888889,0.31166666666666665,0.265,0.28833333333333333,0.2777777777777778,0.26722222222222225,0.28833333333333333,0.2877777777777778,0.27444444444444444,0.2861111111111111,0.26666666666666666,0.2822222222222222,0.2627777777777778,0.2633333333333333,0.265,0.29944444444444446,0.29777777777777775,0.2688888888888889,0.3005555555555556,0.27555555555555555,0.2477777777777778,0.28833333333333333
0.14	GG	0.3488888888888889,0.36277777777777775,0.335,0.3711111111111111,0.3472222222222222,0.38333333333333336,0.3477777777777778,0.3616666666666667,0.3638888888888889,0.3888888888888889,0.3522222222222222,0.3477777777777778,0.39055555555555554,0.33944444444444444,0.3488888888888889,0.3622222222222222,0.39222222222222225,0.37833333333333335,0.3888888888888889,0.365,0.35333333333333333,0.3827777777777778,0.35388888888888886,0.3738888888888889,0.33611111111111114,0.345,0.34833333333333333,0.35888888888888887,0.3388888888888889,0.375,0.3605555555555556,0.35444444444444445,0.35777777777777775,0.35388888888888886,0.3638888888888889,0.3511111111111111,0.3661111111111111,0.3794444444444444,0.35777777777777775,0.3566666666666667,0.35,0.35388888888888886,0.3827777777777778,0.33611111111111114,0.37222222222222223,0.36444444444444446,0.3638888888888889,0.355,0.33166666666666667,0.36277777777777775,0.3522222222222222,0.3461111111111111,0.3672222222222222,0.35555555555555557,0.35,0.36333333333333334,0.365,0.35944444444444446,0.37,0.3661111111111111,0.34833333333333333,0.36277777777777775,0.3611111111111111,0.38166666666666665,0.36,0.3422222222222222,0.33111111111111113,0.3333333333333333,0.34055555555555556,0.3438888888888889,0.3422222222222222,0.3438888888888889,0.36666666666666664,0.3616666666666667,0.35055555555555556,0.36666666666666664,0.3516666666666667,0.3477777777777778,0.345,0.3705555555555556,0.3794444444444444,0.3705555555555556,0.3511111111111111,0.3511111111111111,0.37833333333333335,0.36944444444444446,0.3622222222222222,0.3566666666666667,0.36,0.36666666666666664,0.3616666666666667,0.31777777777777777,0.36,0.36333333333333334,0.3883333333333333,0.3616666666666667,0.345,0.35833333333333334,0.35444444444444445,0.3638888888888889,0.35944444444444446,0.34944444444444445,0.38222222222222224,0.36944444444444446,0.3572222222222222,0.3522222222222222,0.35,0.3477777777777778,0.355,0.37722222222222224,0.3638888888888889,0.33111111111111113,0.36666666666666664,0.3561111111111111,0.36444444444444446,0.3605555555555556,0.36444444444444446,0.3338888888888889,0.3761111111111111,0.34555555555555556,0.35444444444444445,0.33944444444444444,0.3927777777777778,0.36944444444444446,0.33111111111111113,0.36833333333333335,0.3561111111111111,0.3566666666666667,0.36777777777777776,0.35444444444444445,0.3477777777777778,0.3377777777777778,0.3711111111111111,0.3738888888888889,0.35888888888888887,0.3838888888888889,0.3844444444444444,0.3333333333333333,0.36,0.375,0.35833333333333334,0.32055555555555554,0.33666666666666667,0.3477777777777778,0.37333333333333335,0.375,0.3572222222222222,0.37555555555555553,0.38055555555555554,0.3477777777777778,0.3616666666666667,0.36666666666666664,0.3427777777777778,0.36666666666666664,0.34555555555555556,0.35777777777777775,0.34944444444444445,0.36333333333333334,0.3377777777777778,0.3572222222222222,0.35,0.37166666666666665,0.35333333333333333,0.33166666666666667,0.35444444444444445,0.3566666666666667,0.34555555555555556,0.37,0.3705555555555556,0.35444444444444445,0.3488888888888889,0.32166666666666666,0.3377777777777778,0.3438888888888889,0.37166666666666665,0.3888888888888889,0.3616666666666667,0.3661111111111111,0.3477777777777778,0.34,0.3433333333333333,0.35555555555555557,0.39555555555555555,0.3705555555555556,0.36777777777777776,0.34833333333333333,0.37277777777777776,0.3466666666666667,0.3477777777777778,0.3572222222222222,0.365,0.3488888888888889,0.3888888888888889,0.3655555555555556,0.36333333333333334,0.365,0.3338888888888889,0.3572222222222222,0.3811111111111111,0.3511111111111111
0.14	GG2	0.375,0.3883333333333333,0.38722222222222225,0.36944444444444446,0.3616666666666667,0.3738888888888889,0.37333333333333335,0.37166666666666665,0.35944444444444446,0.37833333333333335,0.3655555555555556,0.37833333333333335,0.37777777777777777,0.34944444444444445,0.35444444444444445,0.3616666666666667,0.39166666666666666,0.38333333333333336,0.3894444444444444,0.35833333333333334,0.35055555555555556,0.37722222222222224,0.3655555555555556,0.36333333333333334,0.37166666666666665,0.37222222222222223,0.37444444444444447,0.35444444444444445,0.3711111111111111,0.3827777777777778,0.3788888888888889,0.3622222222222222,0.36,0.3572222222222222,0.37555555555555553,0.3427777777777778,0.355,0.3738888888888889,0.385,0.36666666666666664,0.35888888888888887,0.36277777777777775,0.39166666666666666,0.35444444444444445,0.37555555555555553,0.37833333333333335,0.3794444444444444,0.3605555555555556,0.3522222222222222,0.36333333333333334,0.3661111111111111,0.3638888888888889,0.3622222222222222,0.3794444444444444,0.37833333333333335,0.38166666666666665,0.3605555555555556,0.3672222222222222,0.3788888888888889,0.3566666666666667,0.35944444444444446,0.365,0.38722222222222225,0.3616666666666667,0.3894444444444444,0.3422222222222222,0.35055555555555556,0.37666666666666665,0.36277777777777775,0.3472222222222222,0.34833333333333333,0.3527777777777778,0.38166666666666665,0.35,0.36,0.3933333333333333,0.3566666666666667,0.3622222222222222,0.37444444444444447,0.365,0.37555555555555553,0.3827777777777778,0.3688888888888889,0.3711111111111111,0.38,0.39,0.3661111111111111,0.36333333333333334,0.3838888888888889,0.36,0.3761111111111111,0.3605555555555556,0.3511111111111111,0.3616666666666667,0.37722222222222224,0.36944444444444446,0.37722222222222224,0.38333333333333336,0.36444444444444446,0.3844444444444444,0.3516666666666667,0.35055555555555556,0.40055555555555555,0.39666666666666667,0.36833333333333335,0.3638888888888889,0.3622222222222222,0.36,0.36777777777777776,0.3827777777777778,0.3605555555555556,0.39611111111111114,0.3605555555555556,0.37166666666666665,0.3622222222222222,0.35833333333333334,0.3738888888888889,0.3711111111111111,0.37,0.38,0.36944444444444446,0.3761111111111111,0.3883333333333333,0.3827777777777778,0.38166666666666665,0.37277777777777776,0.3572222222222222,0.36944444444444446,0.3605555555555556,0.35777777777777775,0.35055555555555556,0.365,0.3933333333333333,0.3638888888888889,0.355,0.3611111111111111,0.3972222222222222,0.33611111111111114,0.36,0.385,0.3605555555555556,0.3416666666666667,0.3566666666666667,0.3422222222222222,0.37555555555555553,0.3838888888888889,0.3877777777777778,0.37833333333333335,0.3661111111111111,0.365,0.365,0.3655555555555556,0.36277777777777775,0.3616666666666667,0.35777777777777775,0.3638888888888889,0.37277777777777776,0.3877777777777778,0.3433333333333333,0.35333333333333333,0.35333333333333333,0.37777777777777777,0.3516666666666667,0.3466666666666667,0.37444444444444447,0.3616666666666667,0.3761111111111111,0.3794444444444444,0.3711111111111111,0.3616666666666667,0.3622222222222222,0.38555555555555554,0.3433333333333333,0.365,0.3738888888888889,0.3711111111111111,0.36666666666666664,0.3672222222222222,0.35388888888888886,0.3788888888888889,0.3611111111111111,0.35333333333333333,0.3844444444444444,0.37277777777777776,0.365,0.34444444444444444,0.37444444444444447,0.36777777777777776,0.3611111111111111,0.36833333333333335,0.35833333333333334,0.35777777777777775,0.37166666666666665,0.3827777777777778,0.3566666666666667,0.3605555555555556,0.3877777777777778,0.3705555555555556,0.39166666666666666,0.3561111111111111
0.16	GEE	0.35444444444444445,0.3333333333333333,0.3333333333333333,0.35944444444444446,0.35444444444444445,0.3388888888888889,0.3433333333333333,0.35555555555555557,0.345,0.36666666666666664,0.33166666666666667,0.35944444444444446,0.35944444444444446,0.3433333333333333,0.3611111111111111,0.3427777777777778,0.35055555555555556,0.35944444444444446,0.3516666666666667,0.36444444444444446,0.36833333333333335,0.325,0.3288888888888889,0.365,0.35,0.34944444444444445,0.3422222222222222,0.3655555555555556,0.3527777777777778,0.3516666666666667,0.3611111111111111,0.3522222222222222,0.3616666666666667,0.35944444444444446,0.32666666666666666,0.34833333333333333,0.3527777777777778,0.3572222222222222,0.35388888888888886,0.37666666666666665,0.3438888888888889,0.3416666666666667,0.35055555555555556,0.35055555555555556,0.3561111111111111,0.3327777777777778,0.32611111111111113,0.34444444444444444,0.33611111111111114,0.3472222222222222,0.37777777777777777,0.3522222222222222,0.355,0.3416666666666667,0.35055555555555556,0.36,0.34944444444444445,0.35,0.34555555555555556,0.3461111111111111,0.36333333333333334,0.35444444444444445,0.33555555555555555,0.3572222222222222,0.3438888888888889,0.34944444444444445,0.35833333333333334,0.36333333333333334,0.3466666666666667,0.35833333333333334,0.3461111111111111,0.3561111111111111,0.3472222222222222,0.3438888888888889,0.3566666666666667,0.3672222222222222,0.3461111111111111,0.3477777777777778,0.3388888888888889,0.3411111111111111,0.36944444444444446,0.3416666666666667,0.365,0.34,0.33555555555555555,0.35388888888888886,0.36666666666666664,0.3438888888888889,0.35388888888888886,0.35555555555555557,0.3572222222222222,0.3527777777777778,0.3477777777777778,0.36277777777777775,0.34444444444444444,0.3477777777777778,0.37166666666666665,0.3688888888888889,0.35444444444444445,0.33666666666666667,0.37555555555555553,0.3416666666666667,0.3566666666666667,0.35888888888888887,0.355,0.3327777777777778,0.34055555555555556,0.35,0.3638888888888889,0.33611111111111114,0.3461111111111111,0.3388888888888889,0.32611111111111113,0.35333333333333333,0.37,0.3488888888888889,0.3605555555555556,0.34055555555555556,0.33055555555555555,0.3477777777777778,0.3511111111111111,0.3438888888888889,0.35777777777777775,0.35055555555555556,0.36277777777777775,0.35833333333333334,0.355,0.345,0.3527777777777778,0.3622222222222222,0.3616666666666667,0.3322222222222222,0.3655555555555556,0.36444444444444446,0.3461111111111111,0.36277777777777775,0.35833333333333334,0.3322222222222222,0.35388888888888886,0.35444444444444445,0.36,0.35333333333333333,0.35944444444444446,0.36333333333333334,0.3438888888888889,0.3433333333333333,0.35944444444444446,0.3527777777777778,0.3472222222222222,0.33666666666666667,0.34833333333333333,0.3472222222222222,0.3422222222222222,0.36,0.3566666666666667,0.335,0.3877777777777778,0.3416666666666667,0.3516666666666667,0.37,0.3411111111111111,0.3566666666666667,0.3611111111111111,0.3522222222222222,0.34444444444444444,0.3516666666666667,0.35388888888888886,0.35888888888888887,0.36944444444444446,0.3605555555555556,0.36444444444444446,0.3488888888888889,0.3605555555555556,0.3244444444444444,0.36944444444444446,0.345,0.3338888888888889,0.3566666666666667,0.3466666666666667,0.35888888888888887,0.37444444444444447,0.3672222222222222,0.3227777777777778,0.33666666666666667,0.3461111111111111,0.3377777777777778,0.36833333333333335,0.34444444444444444,0.34555555555555556,0.3655555555555556,0.35444444444444445,0.3622222222222222,0.3616666666666667,0.3522222222222222,0.3522222222222222,0.3427777777777778,0.36666666666666664,0.3638888888888889,0.3522222222222222,0.33666666666666667
0.16	GNN	0.29444444444444445,0.2633333333333333,0.2683333333333333,0.3,0.2427777777777778,0.2788888888888889,0.26555555555555554,0.28055555555555556,0.2783333333333333,0.25166666666666665,0.2594444444444444,0.2738888888888889,0.26666666666666666,0.305,0.2688888888888889,0.28555555555555556,0.25333333333333335,0.2677777777777778,0.2727777777777778,0.25833333333333336,0.27666666666666667,0.2788888888888889,0.2761111111111111,0.2916666666666667,0.27666666666666667,0.27166666666666667,0.28,0.26944444444444443,0.27666666666666667,0.2688888888888889,0.27111111111111114,0.2677777777777778,0.2544444444444444,0.30833333333333335,0.26666666666666666,0.2688888888888889,0.26222222222222225,0.28444444444444444,0.2816666666666667,0.27166666666666667,0.2861111111111111,0.295,0.23777777777777778,0.2861111111111111,0.2866666666666667,0.2927777777777778,0.2927777777777778,0.295,0.26555555555555554,0.28555555555555556,0.27444444444444444,0.29388888888888887,0.28055555555555556,0.2788888888888889,0.28833333333333333,0.2633333333333333,0.25833333333333336,0.30777777777777776,0.2627777777777778,0.2927777777777778,0.2777777777777778,0.26555555555555554,0.2644444444444444,0.2972222222222222,0.27111111111111114,0.2677777777777778,0.2577777777777778,0.2838888888888889,0.26055555555555554,0.26722222222222225,0.2816666666666667,0.2611111111111111,0.28944444444444445,0.27055555555555555,0.26611111111111113,0.30944444444444447,0.28055555555555556,0.2877777777777778,0.31166666666666665,0.2788888888888889,0.25333333333333335,0.28,0.2877777777777778,0.2777777777777778,0.25666666666666665,0.27944444444444444,0.2777777777777778,0.2838888888888889,0.2683333333333333,0.32611111111111113,0.26555555555555554,0.2861111111111111,0.2427777777777778,0.2511111111111111,0.26,0.2927777777777778,0.30444444444444446,0.2966666666666667,0.27944444444444444,0.27444444444444444,0.27166666666666667,0.2783333333333333,0.27944444444444444,0.26611111111111113,0.31277777777777777,0.25,0.2816666666666667,0.2738888888888889,0.2738888888888889,0.29,0.2866666666666667,0.26555555555555554,0.27944444444444444,0.27,0.25555555555555554,0.24722222222222223,0.2872222222222222,0.2961111111111111,0.28944444444444445,0.27166666666666667,0.2427777777777778,0.27666666666666667,0.27111111111111114,0.2727777777777778,0.27444444444444444,0.3194444444444444,0.3022222222222222,0.2677777777777778,0.29777777777777775,0.2922222222222222,0.2788888888888889,0.26166666666666666,0.28444444444444444,0.285,0.30944444444444447,0.25833333333333336,0.2638888888888889,0.2511111111111111,0.2738888888888889,0.26166666666666666,0.2588888888888889,0.24555555555555555,0.2611111111111111,0.2877777777777778,0.30333333333333334,0.2788888888888889,0.2788888888888889,0.30944444444444447,0.2811111111111111,0.2511111111111111,0.2922222222222222,0.2627777777777778,0.265,0.2644444444444444,0.2922222222222222,0.2561111111111111,0.275,0.2927777777777778,0.2761111111111111,0.2538888888888889,0.29444444444444445,0.2683333333333333,0.2733333333333333,0.2561111111111111,0.24444444444444444,0.25333333333333335,0.2827777777777778,0.25555555555555554,0.2833333333333333,0.2772222222222222,0.2683333333333333,0.26666666666666666,0.2611111111111111,0.27,0.2738888888888889,0.2911111111111111,0.29,0.26055555555555554,0.28833333333333333,0.2911111111111111,0.25833333333333336,0.2683333333333333,0.27555555555555555,0.2811111111111111,0.2833333333333333,0.2927777777777778,0.2761111111111111,0.29,0.3,0.28055555555555556,0.28,0.255,0.25666666666666665,0.25055555555555553,0.3055555555555556,0.2788888888888889,0.29055555555555557,0.2788888888888889,0.24166666666666667,0.28555555555555556
0.16	GG	0.3383333333333333,0.3466666666666667,0.3383333333333333,0.3511111111111111,0.3472222222222222,0.35444444444444445,0.3472222222222222,0.36333333333333334,0.34444444444444444,0.37777777777777777,0.345,0.3516666666666667,0.3561111111111111,0.3566666666666667,0.3527777777777778,0.3438888888888889,0.3433333333333333,0.3738888888888889,0.3527777777777778,0.35833333333333334,0.3572222222222222,0.33166666666666667,0.33555555555555555,0.365,0.3572222222222222,0.34055555555555556,0.3111111111111111,0.37,0.35944444444444446,0.36333333333333334,0.35444444444444445,0.3427777777777778,0.3383333333333333,0.3561111111111111,0.3377777777777778,0.34444444444444444,0.355,0.3811111111111111,0.3461111111111111,0.36833333333333335,0.34055555555555556,0.3227777777777778,0.34444444444444444,0.3611111111111111,0.37277777777777776,0.3522222222222222,0.3088888888888889,0.35944444444444446,0.34555555555555556,0.34055555555555556,0.35388888888888886,0.3438888888888889,0.37833333333333335,0.3461111111111111,0.35,0.35888888888888887,0.3638888888888889,0.3466666666666667,0.34444444444444444,0.35444444444444445,0.35888888888888887,0.35833333333333334,0.3416666666666667,0.35388888888888886,0.34555555555555556,0.32666666666666666,0.33944444444444444,0.34555555555555556,0.3566666666666667,0.34555555555555556,0.35,0.3472222222222222,0.37555555555555553,0.3244444444444444,0.3472222222222222,0.3827777777777778,0.3516666666666667,0.365,0.3422222222222222,0.3438888888888889,0.3622222222222222,0.3466666666666667,0.35,0.3333333333333333,0.35,0.3411111111111111,0.37666666666666665,0.34,0.35888888888888887,0.3466666666666667,0.35888888888888887,0.3572222222222222,0.3433333333333333,0.34555555555555556,0.3461111111111111,0.3466666666666667,0.3238888888888889,0.3838888888888889,0.36333333333333334,0.3461111111111111,0.38666666666666666,0.3527777777777778,0.36777777777777776,0.35777777777777775,0.3488888888888889,0.33166666666666667,0.3461111111111111,0.36833333333333335,0.35944444444444446,0.3522222222222222,0.35388888888888886,0.33611111111111114,0.33944444444444444,0.3672222222222222,0.3572222222222222,0.33555555555555555,0.36444444444444446,0.32666666666666666,0.3527777777777778,0.3511111111111111,0.35388888888888886,0.33611111111111114,0.3516666666666667,0.3561111111111111,0.34,0.3566666666666667,0.3622222222222222,0.3427777777777778,0.3827777777777778,0.32666666666666666,0.3605555555555556,0.3427777777777778,0.36666666666666664,0.3711111111111111,0.36944444444444446,0.34944444444444445,0.3527777777777778,0.3338888888888889,0.3638888888888889,0.3738888888888889,0.35333333333333333,0.35,0.3611111111111111,0.3655555555555556,0.3511111111111111,0.36333333333333334,0.34,0.3477777777777778,0.36,0.3466666666666667,0.3327777777777778,0.34,0.3422222222222222,0.35944444444444446,0.335,0.3561111111111111,0.3611111111111111,0.33111111111111113,0.34444444444444444,0.3711111111111111,0.3566666666666667,0.3811111111111111,0.35833333333333334,0.3377777777777778,0.34444444444444444,0.3572222222222222,0.3383333333333333,0.35944444444444446,0.3838888888888889,0.35055555555555556,0.36777777777777776,0.3516666666666667,0.35388888888888886,0.3227777777777778,0.37722222222222224,0.36777777777777776,0.3372222222222222,0.3566666666666667,0.365,0.33666666666666667,0.3661111111111111,0.3711111111111111,0.3461111111111111,0.35,0.3527777777777778,0.3522222222222222,0.35333333333333333,0.34555555555555556,0.3338888888888889,0.3477777777777778,0.3466666666666667,0.3511111111111111,0.35333333333333333,0.3427777777777778,0.37555555555555553,0.3388888888888889,0.3622222222222222,0.3605555555555556,0.35055555555555556,0.3572222222222222
0.16	GG2	0.3522222222222222,0.35444444444444445,0.355,0.3566666666666667,0.38,0.355,0.3433333333333333,0.3827777777777778,0.3611111111111111,0.38555555555555554,0.34055555555555556,0.36277777777777775,0.35555555555555557,0.3488888888888889,0.3611111111111111,0.3338888888888889,0.355,0.3672222222222222,0.3688888888888889,0.35444444444444445,0.37833333333333335,0.3461111111111111,0.34833333333333333,0.36833333333333335,0.37,0.36333333333333334,0.3438888888888889,0.36666666666666664,0.35555555555555557,0.3711111111111111,0.37722222222222224,0.3561111111111111,0.35888888888888887,0.35888888888888887,0.3488888888888889,0.34555555555555556,0.345,0.36333333333333334,0.35777777777777775,0.3738888888888889,0.34944444444444445,0.36444444444444446,0.3566666666666667,0.3705555555555556,0.37444444444444447,0.3427777777777778,0.3427777777777778,0.3661111111111111,0.355,0.35888888888888887,0.38555555555555554,0.3527777777777778,0.3661111111111111,0.3433333333333333,0.3566666666666667,0.36,0.37166666666666665,0.34555555555555556,0.3566666666666667,0.36444444444444446,0.3711111111111111,0.3711111111111111,0.3433333333333333,0.3477777777777778,0.35833333333333334,0.3761111111111111,0.35444444444444445,0.355,0.3472222222222222,0.3655555555555556,0.34944444444444445,0.35388888888888886,0.35444444444444445,0.3466666666666667,0.3472222222222222,0.3838888888888889,0.35333333333333333,0.36333333333333334,0.3433333333333333,0.3522222222222222,0.37,0.35444444444444445,0.38722222222222225,0.3416666666666667,0.3283333333333333,0.33944444444444444,0.3788888888888889,0.36666666666666664,0.3611111111111111,0.36277777777777775,0.3622222222222222,0.36,0.35777777777777775,0.35,0.3522222222222222,0.3611111111111111,0.3738888888888889,0.38,0.35944444444444446,0.34944444444444445,0.39222222222222225,0.3561111111111111,0.37166666666666665,0.3811111111111111,0.35777777777777775,0.3283333333333333,0.35055555555555556,0.38055555555555554,0.38,0.37222222222222223,0.35555555555555557,0.3466666666666667,0.3322222222222222,0.37666666666666665,0.37277777777777776,0.35333333333333333,0.375,0.3438888888888889,0.35388888888888886,0.35,0.3411111111111111,0.3388888888888889,0.3472222222222222,0.3566666666666667,0.3411111111111111,0.37222222222222223,0.3572222222222222,0.3472222222222222,0.37277777777777776,0.36444444444444446,0.36333333333333334,0.3422222222222222,0.36333333333333334,0.37833333333333335,0.37277777777777776,0.36,0.3616666666666667,0.33555555555555555,0.35888888888888887,0.36333333333333334,0.3661111111111111,0.3516666666666667,0.3616666666666667,0.3655555555555556,0.37222222222222223,0.37333333333333335,0.3461111111111111,0.3388888888888889,0.3466666666666667,0.3511111111111111,0.3377777777777778,0.3516666666666667,0.35444444444444445,0.36777777777777776,0.35444444444444445,0.3705555555555556,0.3838888888888889,0.36444444444444446,0.34444444444444444,0.37166666666666665,0.35333333333333333,0.36277777777777775,0.3761111111111111,0.37,0.3516666666666667,0.35444444444444445,0.36944444444444446,0.35888888888888887,0.38333333333333336,0.35055555555555556,0.37444444444444447,0.35388888888888886,0.36333333333333334,0.35777777777777775,0.3672222222222222,0.3561111111111111,0.335,0.3511111111111111,0.3572222222222222,0.3605555555555556,0.37277777777777776,0.3788888888888889,0.3461111111111111,0.34833333333333333,0.355,0.3488888888888889,0.365,0.3461111111111111,0.3511111111111111,0.35944444444444446,0.36,0.3611111111111111,0.365,0.34833333333333333,0.3672222222222222,0.35444444444444445,0.3688888888888889,0.3566666666666667,0.35444444444444445,0.35444444444444445
0.18	GEE	0.3472222222222222,0.34444444444444444,0.3422222222222222,0.33055555555555555,0.33611111111111114,0.3372222222222222,0.32722222222222225,0.33444444444444443,0.34055555555555556,0.34555555555555556,0.33444444444444443,0.3438888888888889,0.3511111111111111,0.3322222222222222,0.3338888888888889,0.34,0.3277777777777778,0.34944444444444445,0.3333333333333333,0.3605555555555556,0.3522222222222222,0.335,0.32,0.3338888888888889,0.3388888888888889,0.3388888888888889,0.3322222222222222,0.3283333333333333,0.3233333333333333,0.33611111111111114,0.3388888888888889,0.34055555555555556,0.3516666666666667,0.35,0.3383333333333333,0.3372222222222222,0.33666666666666667,0.32722222222222225,0.3433333333333333,0.32944444444444443,0.3322222222222222,0.35333333333333333,0.33166666666666667,0.3377777777777778,0.3477777777777778,0.33444444444444443,0.34444444444444444,0.3194444444444444,0.355,0.3411111111111111,0.3527777777777778,0.3227777777777778,0.35888888888888887,0.31833333333333336,0.33611111111111114,0.32944444444444443,0.3566666666666667,0.3377777777777778,0.3511111111111111,0.33944444444444444,0.3438888888888889,0.3427777777777778,0.325,0.335,0.34444444444444444,0.3422222222222222,0.3427777777777778,0.33444444444444443,0.33444444444444443,0.3338888888888889,0.31555555555555553,0.3194444444444444,0.3461111111111111,0.32555555555555554,0.33,0.33944444444444444,0.3466666666666667,0.33555555555555555,0.3605555555555556,0.32944444444444443,0.3377777777777778,0.3383333333333333,0.3233333333333333,0.345,0.3333333333333333,0.3194444444444444,0.365,0.33055555555555555,0.34555555555555556,0.35833333333333334,0.35333333333333333,0.33666666666666667,0.34055555555555556,0.3516666666666667,0.3383333333333333,0.3283333333333333,0.33,0.3438888888888889,0.3388888888888889,0.3416666666666667,0.3427777777777778,0.3427777777777778,0.3383333333333333,0.3388888888888889,0.33666666666666667,0.33666666666666667,0.3438888888888889,0.34,0.31166666666666665,0.35444444444444445,0.33166666666666667,0.33111111111111113,0.33555555555555555,0.33444444444444443,0.33444444444444443,0.35444444444444445,0.34055555555555556,0.3338888888888889,0.34,0.3422222222222222,0.33611111111111114,0.33111111111111113,0.35333333333333333,0.3427777777777778,0.3333333333333333,0.345,0.33666666666666667,0.3422222222222222,0.3377777777777778,0.34444444444444444,0.33444444444444443,0.32611111111111113,0.355,0.3188888888888889,0.3338888888888889,0.34444444444444444,0.33944444444444444,0.3327777777777778,0.33166666666666667,0.34833333333333333,0.3327777777777778,0.33444444444444443,0.32666666666666666,0.33611111111111114,0.32666666666666666,0.36,0.36333333333333334,0.34833333333333333,0.33166666666666667,0.33944444444444444,0.3522222222222222,0.34055555555555556,0.3388888888888889,0.3522222222222222,0.32166666666666666,0.335,0.3322222222222222,0.355,0.345,0.33,0.3516666666666667,0.3466666666666667,0.34,0.33444444444444443,0.34055555555555556,0.34055555555555556,0.335,0.3194444444444444,0.3333333333333333,0.3516666666666667,0.35333333333333333,0.3433333333333333,0.33944444444444444,0.35,0.33166666666666667,0.33666666666666667,0.32944444444444443,0.3511111111111111,0.32611111111111113,0.3527777777777778,0.3238888888888889,0.325,0.3411111111111111,0.3338888888888889,0.32166666666666666,0.3327777777777778,0.3527777777777778,0.32666666666666666,0.34944444444444445,0.3622222222222222,0.35444444444444445,0.3288888888888889,0.33611111111111114,0.32,0.33111111111111113,0.3422222222222222,0.3338888888888889,0.355,0.33166666666666667,0.3427777777777778
0.18	GNN	0.3016666666666667,0.28555555555555556,0.2544444444444444,0.27166666666666667,0.26,0.2611111111111111,0.28,0.265,0.25555555555555554,0.25666666666666665,0.25666666666666665,0.2561111111111111,0.275,0.26666666666666666,0.265,0.2811111111111111,0.25333333333333335,0.28055555555555556,0.25666666666666665,0.25166666666666665,0.2838888888888889,0.2594444444444444,0.2777777777777778,0.26944444444444443,0.2677777777777778,0.265,0.2683333333333333,0.28888888888888886,0.26611111111111113,0.275,0.26722222222222225,0.28,0.245,0.28444444444444444,0.28833333333333333,0.24388888888888888,0.2772222222222222,0.2627777777777778,0.26555555555555554,0.245,0.2861111111111111,0.2638888888888889,0.2411111111111111,0.285,0.25333333333333335,0.27666666666666667,0.2761111111111111,0.2683333333333333,0.27055555555555555,0.27444444444444444,0.27055555555555555,0.2683333333333333,0.27666666666666667,0.26722222222222225,0.2677777777777778,0.27166666666666667,0.2627777777777778,0.2761111111111111,0.2361111111111111,0.27055555555555555,0.2872222222222222,0.2738888888888889,0.26222222222222225,0.28444444444444444,0.28444444444444444,0.2461111111111111,0.25722222222222224,0.29944444444444446,0.2738888888888889,0.27055555555555555,0.26166666666666666,0.27944444444444444,0.2688888888888889,0.26222222222222225,0.2627777777777778,0.285,0.27666666666666667,0.26055555555555554,0.29055555555555557,0.2727777777777778,0.2311111111111111,0.26944444444444443,0.255,0.27166666666666667,0.2738888888888889,0.275,0.26166666666666666,0.27666666666666667,0.2722222222222222,0.3288888888888889,0.27944444444444444,0.2966666666666667,0.23166666666666666,0.2538888888888889,0.2772222222222222,0.2911111111111111,0.2788888888888889,0.2877777777777778,0.27111111111111114,0.25222222222222224,0.265,0.2733333333333333,0.2838888888888889,0.2861111111111111,0.2838888888888889,0.27444444444444444,0.2922222222222222,0.27055555555555555,0.2761111111111111,0.2461111111111111,0.2838888888888889,0.2644444444444444,0.27055555555555555,0.26,0.25555555555555554,0.25277777777777777,0.2772222222222222,0.2727777777777778,0.2922222222222222,0.26166666666666666,0.2577777777777778,0.26722222222222225,0.2788888888888889,0.275,0.2861111111111111,0.3038888888888889,0.2733333333333333,0.25833333333333336,0.2833333333333333,0.2761111111111111,0.2677777777777778,0.2644444444444444,0.2911111111111111,0.2877777777777778,0.2916666666666667,0.24388888888888888,0.29388888888888887,0.25166666666666665,0.26555555555555554,0.26944444444444443,0.26555555555555554,0.2588888888888889,0.2688888888888889,0.2916666666666667,0.27444444444444444,0.2816666666666667,0.26055555555555554,0.3011111111111111,0.2561111111111111,0.2677777777777778,0.2866666666666667,0.2761111111111111,0.2777777777777778,0.25333333333333335,0.2633333333333333,0.25833333333333336,0.26611111111111113,0.3005555555555556,0.2911111111111111,0.2511111111111111,0.2633333333333333,0.25833333333333336,0.2927777777777778,0.23444444444444446,0.2633333333333333,0.2761111111111111,0.28,0.23833333333333334,0.2733333333333333,0.27555555555555555,0.2644444444444444,0.2733333333333333,0.24833333333333332,0.25,0.27666666666666667,0.26722222222222225,0.2772222222222222,0.2544444444444444,0.2733333333333333,0.2972222222222222,0.26,0.275,0.2761111111111111,0.2911111111111111,0.28,0.28444444444444444,0.24388888888888888,0.2922222222222222,0.265,0.28833333333333333,0.2638888888888889,0.2733333333333333,0.26055555555555554,0.27555555555555555,0.28055555555555556,0.2777777777777778,0.2727777777777778,0.26166666666666666,0.2544444444444444,0.27166666666666667
0.18	GG	0.3333333333333333,0.3244444444444444,0.3338888888888889,0.3238888888888889,0.32944444444444443,0.34444444444444444,0.3211111111111111,0.34,0.34555555555555556,0.35777777777777775,0.3211111111111111,0.3433333333333333,0.345,0.3333333333333333,0.3388888888888889,0.3427777777777778,0.3211111111111111,0.3416666666666667,0.3388888888888889,0.3388888888888889,0.3511111111111111,0.32722222222222225,0.3283333333333333,0.3333333333333333,0.3472222222222222,0.33555555555555555,0.31333333333333335,0.3283333333333333,0.3427777777777778,0.34,0.3388888888888889,0.33444444444444443,0.37,0.3477777777777778,0.3416666666666667,0.33666666666666667,0.33,0.3511111111111111,0.3338888888888889,0.3322222222222222,0.31833333333333336,0.3383333333333333,0.3338888888888889,0.3422222222222222,0.3572222222222222,0.3388888888888889,0.3461111111111111,0.3411111111111111,0.3377777777777778,0.32611111111111113,0.3377777777777778,0.31833333333333336,0.35777777777777775,0.3277777777777778,0.3283333333333333,0.3472222222222222,0.3466666666666667,0.3522222222222222,0.3416666666666667,0.3427777777777778,0.3227777777777778,0.3472222222222222,0.33111111111111113,0.32,0.3477777777777778,0.33444444444444443,0.31777777777777777,0.3238888888888889,0.34944444444444445,0.3377777777777778,0.33944444444444444,0.30444444444444446,0.3572222222222222,0.31222222222222223,0.32055555555555554,0.34,0.32944444444444443,0.3422222222222222,0.3411111111111111,0.3333333333333333,0.3527777777777778,0.3705555555555556,0.3111111111111111,0.33555555555555555,0.34055555555555556,0.3227777777777778,0.36777777777777776,0.3416666666666667,0.3322222222222222,0.3438888888888889,0.35333333333333333,0.34,0.34555555555555556,0.33611111111111114,0.3327777777777778,0.34055555555555556,0.3061111111111111,0.35055555555555556,0.3277777777777778,0.35555555555555557,0.33555555555555555,0.3322222222222222,0.3605555555555556,0.3372222222222222,0.32944444444444443,0.33,0.32722222222222225,0.3422222222222222,0.32944444444444443,0.345,0.33444444444444443,0.32722222222222225,0.3461111111111111,0.33111111111111113,0.3188888888888889,0.335,0.3511111111111111,0.3055555555555556,0.36666666666666664,0.35055555555555556,0.34944444444444445,0.3233333333333333,0.3522222222222222,0.3622222222222222,0.3238888888888889,0.3511111111111111,0.3416666666666667,0.3388888888888889,0.3638888888888889,0.33166666666666667,0.3427777777777778,0.30944444444444447,0.34444444444444444,0.325,0.3388888888888889,0.33611111111111114,0.34944444444444445,0.32722222222222225,0.3411111111111111,0.3416666666666667,0.33055555555555555,0.32,0.33055555555555555,0.33166666666666667,0.31444444444444447,0.37166666666666665,0.3516666666666667,0.3388888888888889,0.3333333333333333,0.3372222222222222,0.35,0.35055555555555556,0.3611111111111111,0.35555555555555557,0.3283333333333333,0.3377777777777778,0.3472222222222222,0.3622222222222222,0.3333333333333333,0.33055555555555555,0.33555555555555555,0.33,0.3233333333333333,0.3427777777777778,0.34055555555555556,0.35777777777777775,0.33166666666666667,0.3233333333333333,0.35,0.35055555555555556,0.3477777777777778,0.3411111111111111,0.32555555555555554,0.34555555555555556,0.34,0.3561111111111111,0.32944444444444443,0.3522222222222222,0.3283333333333333,0.3605555555555556,0.3055555555555556,0.32722222222222225,0.3438888888888889,0.33611111111111114,0.3372222222222222,0.32722222222222225,0.3638888888888889,0.3233333333333333,0.35055555555555556,0.35388888888888886,0.34055555555555556,0.33444444444444443,0.3388888888888889,0.3227777777777778,0.3438888888888889,0.3411111111111111,0.32055555555555554,0.34055555555555556,0.3238888888888889,0.3522222222222222
0.18	GG2	0.3472222222222222,0.34,0.36944444444444446,0.3438888888888889,0.335,0.3338888888888889,0.3227777777777778,0.35,0.3566666666666667,0.35444444444444445,0.3461111111111111,0.3488888888888889,0.34833333333333333,0.3277777777777778,0.3438888888888889,0.3472222222222222,0.33666666666666667,0.3461111111111111,0.3422222222222222,0.3511111111111111,0.35888888888888887,0.3338888888888889,0.33555555555555555,0.33666666666666667,0.3338888888888889,0.33666666666666667,0.3327777777777778,0.33611111111111114,0.3466666666666667,0.34944444444444445,0.3488888888888889,0.345,0.35777777777777775,0.35388888888888886,0.35388888888888886,0.3477777777777778,0.3377777777777778,0.3561111111111111,0.3372222222222222,0.33666666666666667,0.3416666666666667,0.35,0.33444444444444443,0.3516666666666667,0.3527777777777778,0.35,0.3522222222222222,0.3477777777777778,0.3527777777777778,0.32166666666666666,0.36,0.30777777777777776,0.3561111111111111,0.33666666666666667,0.3333333333333333,0.32944444444444443,0.35777777777777775,0.35833333333333334,0.35888888888888887,0.33944444444444444,0.3416666666666667,0.3661111111111111,0.32055555555555554,0.3327777777777778,0.34555555555555556,0.3422222222222222,0.3416666666666667,0.3427777777777778,0.34555555555555556,0.3438888888888889,0.3388888888888889,0.3161111111111111,0.35833333333333334,0.3233333333333333,0.32555555555555554,0.3422222222222222,0.35333333333333333,0.34055555555555556,0.34833333333333333,0.34055555555555556,0.35444444444444445,0.3788888888888889,0.3522222222222222,0.35333333333333333,0.32944444444444443,0.33944444444444444,0.37444444444444447,0.3422222222222222,0.35,0.3688888888888889,0.3572222222222222,0.3388888888888889,0.36333333333333334,0.34055555555555556,0.35444444444444445,0.3333333333333333,0.3422222222222222,0.35,0.35,0.365,0.335,0.3566666666666667,0.3611111111111111,0.34944444444444445,0.3383333333333333,0.3427777777777778,0.3466666666666667,0.345,0.3338888888888889,0.34055555555555556,0.33,0.3283333333333333,0.3277777777777778,0.34833333333333333,0.34444444444444444,0.35444444444444445,0.3383333333333333,0.33611111111111114,0.3427777777777778,0.35833333333333334,0.3383333333333333,0.335,0.3477777777777778,0.3638888888888889,0.35444444444444445,0.355,0.33166666666666667,0.3622222222222222,0.3466666666666667,0.35777777777777775,0.3388888888888889,0.3188888888888889,0.355,0.34555555555555556,0.3438888888888889,0.3661111111111111,0.34944444444444445,0.32,0.34,0.35388888888888886,0.3477777777777778,0.3377777777777778,0.34444444444444444,0.355,0.35055555555555556,0.37222222222222223,0.35888888888888887,0.3527777777777778,0.33,0.3388888888888889,0.35,0.3438888888888889,0.3511111111111111,0.36,0.3427777777777778,0.34444444444444444,0.3411111111111111,0.37222222222222223,0.3383333333333333,0.3388888888888889,0.3427777777777778,0.35388888888888886,0.3383333333333333,0.3411111111111111,0.3461111111111111,0.365,0.3488888888888889,0.31166666666666665,0.3488888888888889,0.35555555555555557,0.3516666666666667,0.3461111111111111,0.3327777777777778,0.3761111111111111,0.335,0.35,0.3372222222222222,0.365,0.32722222222222225,0.36444444444444446,0.33611111111111114,0.33055555555555555,0.34444444444444444,0.3338888888888889,0.345,0.3338888888888889,0.35444444444444445,0.33666666666666667,0.3477777777777778,0.35833333333333334,0.3527777777777778,0.335,0.34055555555555556,0.3233333333333333,0.3427777777777778,0.35055555555555556,0.3233333333333333,0.3511111111111111,0.33444444444444443,0.34833333333333333
0.2	GEE	0.29444444444444445,0.30277777777777776,0.28555555555555556,0.31666666666666665,0.32722222222222225,0.30833333333333335,0.31555555555555553,0.3283333333333333,0.3038888888888889,0.29777777777777775,0.29944444444444446,0.3,0.31222222222222223,0.30777777777777776,0.3288888888888889,0.335,0.3244444444444444,0.3138888888888889,0.30444444444444446,0.30777777777777776,0.31277777777777777,0.31055555555555553,0.3244444444444444,0.29,0.30944444444444447,0.3383333333333333,0.29888888888888887,0.31555555555555553,0.3088888888888889,0.3138888888888889,0.30444444444444446,0.30833333333333335,0.31277777777777777,0.32555555555555554,0.31222222222222223,0.3022222222222222,0.31444444444444447,0.30444444444444446,0.2972222222222222,0.31333333333333335,0.29444444444444445,0.3338888888888889,0.3244444444444444,0.305,0.29444444444444445,0.31222222222222223,0.33055555555555555,0.32666666666666666,0.30944444444444447,0.3188888888888889,0.3161111111111111,0.29888888888888887,0.3061111111111111,0.31055555555555553,0.32555555555555554,0.31277777777777777,0.33555555555555555,0.3161111111111111,0.28888888888888886,0.32055555555555554,0.3327777777777778,0.3283333333333333,0.31055555555555553,0.29555555555555557,0.3161111111111111,0.30666666666666664,0.3061111111111111,0.32722222222222225,0.29333333333333333,0.3194444444444444,0.315,0.32,0.33166666666666667,0.305,0.3211111111111111,0.29888888888888887,0.2927777777777778,0.3211111111111111,0.32055555555555554,0.3022222222222222,0.3161111111111111,0.3011111111111111,0.31555555555555553,0.31555555555555553,0.31555555555555553,0.32944444444444443,0.3188888888888889,0.3194444444444444,0.30666666666666664,0.3055555555555556,0.3244444444444444,0.305,0.32944444444444443,0.3333333333333333,0.2966666666666667,0.3011111111111111,0.30277777777777776,0.3005555555555556,0.315,0.33055555555555555,0.33666666666666667,0.2922222222222222,0.31833333333333336,0.325,0.32166666666666666,0.3527777777777778,0.30277777777777776,0.3022222222222222,0.31444444444444447,0.32555555555555554,0.30722222222222223,0.3016666666666667,0.31722222222222224,0.31777777777777777,0.3227777777777778,0.31833333333333336,0.30944444444444447,0.3061111111111111,0.305,0.305,0.3022222222222222,0.3372222222222222,0.32055555555555554,0.30944444444444447,0.30944444444444447,0.31333333333333335,0.30333333333333334,0.335,0.30666666666666664,0.32722222222222225,0.32,0.29944444444444446,0.32555555555555554,0.30666666666666664,0.3005555555555556,0.2972222222222222,0.3161111111111111,0.3188888888888889,0.30944444444444447,0.3111111111111111,0.3244444444444444,0.30833333333333335,0.31166666666666665,0.3011111111111111,0.31277777777777777,0.3188888888888889,0.3138888888888889,0.3038888888888889,0.31333333333333335,0.3111111111111111,0.30833333333333335,0.31722222222222224,0.32166666666666666,0.31833333333333336,0.2972222222222222,0.30333333333333334,0.3061111111111111,0.3244444444444444,0.31722222222222224,0.29888888888888887,0.31222222222222223,0.31555555555555553,0.32166666666666666,0.2966666666666667,0.29944444444444446,0.31222222222222223,0.30777777777777776,0.2961111111111111,0.31833333333333336,0.31166666666666665,0.32555555555555554,0.29333333333333333,0.3005555555555556,0.30277777777777776,0.30833333333333335,0.30944444444444447,0.3211111111111111,0.3111111111111111,0.325,0.3211111111111111,0.30666666666666664,0.29555555555555557,0.31222222222222223,0.32722222222222225,0.31055555555555553,0.3,0.3011111111111111,0.3022222222222222,0.3016666666666667,0.33611111111111114,0.2922222222222222,0.30944444444444447,0.28888888888888886,0.31,0.3338888888888889,0.3377777777777778,0.30833333333333335,0.3061111111111111,0.30444444444444446,0.32666666666666666
0.2	GNN	0.2777777777777778,0.25166666666666665,0.24333333333333335,0.2544444444444444,0.2594444444444444,0.25555555555555554,0.245,0.25277777777777777,0.2683333333333333,0.25166666666666665,0.2538888888888889,0.23222222222222222,0.24444444444444444,0.25722222222222224,0.2677777777777778,0.24888888888888888,0.26944444444444443,0.25,0.23277777777777778,0.25722222222222224,0.2561111111111111,0.2561111111111111,0.27,0.2861111111111111,0.2477777777777778,0.2677777777777778,0.2644444444444444,0.24944444444444444,0.2633333333333333,0.2788888888888889,0.24722222222222223,0.2772222222222222,0.24944444444444444,0.2588888888888889,0.26,0.24,0.26611111111111113,0.28944444444444445,0.2677777777777778,0.25166666666666665,0.2677777777777778,0.27,0.2594444444444444,0.26555555555555554,0.2594444444444444,0.27166666666666667,0.26611111111111113,0.2677777777777778,0.25166666666666665,0.285,0.25555555555555554,0.26666666666666666,0.27055555555555555,0.26055555555555554,0.2811111111111111,0.2594444444444444,0.26944444444444443,0.2738888888888889,0.24166666666666667,0.265,0.2627777777777778,0.2633333333333333,0.26722222222222225,0.2727777777777778,0.2594444444444444,0.2538888888888889,0.23555555555555555,0.2677777777777778,0.26722222222222225,0.2633333333333333,0.23333333333333334,0.2688888888888889,0.28,0.24333333333333335,0.2722222222222222,0.26,0.2611111111111111,0.2511111111111111,0.2922222222222222,0.27666666666666667,0.23777777777777778,0.2727777777777778,0.27,0.2738888888888889,0.2594444444444444,0.26944444444444443,0.27444444444444444,0.26722222222222225,0.2611111111111111,0.28444444444444444,0.23944444444444443,0.2627777777777778,0.2544444444444444,0.2561111111111111,0.2538888888888889,0.2577777777777778,0.27111111111111114,0.28055555555555556,0.2727777777777778,0.25666666666666665,0.26055555555555554,0.26611111111111113,0.2833333333333333,0.28944444444444445,0.26166666666666666,0.23833333333333334,0.25222222222222224,0.2777777777777778,0.2627777777777778,0.24944444444444444,0.2811111111111111,0.25833333333333336,0.2461111111111111,0.25833333333333336,0.2544444444444444,0.25,0.2677777777777778,0.28,0.26222222222222225,0.26944444444444443,0.26666666666666666,0.26055555555555554,0.25166666666666665,0.24055555555555555,0.2561111111111111,0.27555555555555555,0.24166666666666667,0.2633333333333333,0.27444444444444444,0.27,0.27666666666666667,0.26055555555555554,0.265,0.2722222222222222,0.26166666666666666,0.2588888888888889,0.26666666666666666,0.23666666666666666,0.25333333333333335,0.245,0.2733333333333333,0.26166666666666666,0.24388888888888888,0.2838888888888889,0.26666666666666666,0.24888888888888888,0.2644444444444444,0.2872222222222222,0.25166666666666665,0.24388888888888888,0.2627777777777778,0.24888888888888888,0.24388888888888888,0.2538888888888889,0.27111111111111114,0.25666666666666665,0.26611111111111113,0.2822222222222222,0.27944444444444444,0.2577777777777778,0.2627777777777778,0.26555555555555554,0.25,0.25333333333333335,0.25833333333333336,0.2577777777777778,0.245,0.23277777777777778,0.27166666666666667,0.27444444444444444,0.23722222222222222,0.2544444444444444,0.26055555555555554,0.24888888888888888,0.2538888888888889,0.25722222222222224,0.2677777777777778,0.275,0.24722222222222223,0.30333333333333334,0.2633333333333333,0.24888888888888888,0.27444444444444444,0.2538888888888889,0.29,0.2627777777777778,0.24666666666666667,0.27055555555555555,0.2561111111111111,0.27666666666666667,0.25166666666666665,0.24888888888888888,0.26222222222222225,0.2677777777777778,0.2761111111111111,0.2677777777777778,0.2588888888888889,0.25277777777777777,0.23722222222222222,0.2772222222222222
0.2	GG	0.2911111111111111,0.3211111111111111,0.295,0.335,0.3388888888888889,0.32666666666666666,0.31166666666666665,0.32611111111111113,0.30722222222222223,0.3138888888888889,0.3088888888888889,0.29777777777777775,0.32722222222222225,0.31055555555555553,0.325,0.33166666666666667,0.3194444444444444,0.31333333333333335,0.2861111111111111,0.30944444444444447,0.30944444444444447,0.3016666666666667,0.3138888888888889,0.30333333333333334,0.32166666666666666,0.30722222222222223,0.3022222222222222,0.30333333333333334,0.3055555555555556,0.3283333333333333,0.29944444444444446,0.29944444444444446,0.30777777777777776,0.31277777777777777,0.3088888888888889,0.3005555555555556,0.3188888888888889,0.32611111111111113,0.2861111111111111,0.3238888888888889,0.29944444444444446,0.32222222222222224,0.3238888888888889,0.29,0.29888888888888887,0.30777777777777776,0.32055555555555554,0.31444444444444447,0.3055555555555556,0.29833333333333334,0.305,0.3011111111111111,0.30333333333333334,0.32,0.32,0.31,0.3322222222222222,0.3088888888888889,0.29388888888888887,0.31055555555555553,0.30833333333333335,0.305,0.3011111111111111,0.29444444444444445,0.31166666666666665,0.3022222222222222,0.29555555555555557,0.31444444444444447,0.29944444444444446,0.3188888888888889,0.31722222222222224,0.3138888888888889,0.33,0.3138888888888889,0.31277777777777777,0.2827777777777778,0.30777777777777776,0.3283333333333333,0.3111111111111111,0.31833333333333336,0.3111111111111111,0.31333333333333335,0.31666666666666665,0.31722222222222224,0.31277777777777777,0.31833333333333336,0.31555555555555553,0.3005555555555556,0.3055555555555556,0.32,0.31166666666666665,0.31055555555555553,0.32666666666666666,0.31444444444444447,0.30722222222222223,0.3011111111111111,0.29777777777777775,0.31555555555555553,0.285,0.3194444444444444,0.3227777777777778,0.31666666666666665,0.31555555555555553,0.30777777777777776,0.31777777777777777,0.32611111111111113,0.2866666666666667,0.2877777777777778,0.3055555555555556,0.31444444444444447,0.3038888888888889,0.325,0.32055555555555554,0.3138888888888889,0.3211111111111111,0.30444444444444446,0.31777777777777777,0.2916666666666667,0.3111111111111111,0.3016666666666667,0.3055555555555556,0.3233333333333333,0.3227777777777778,0.3055555555555556,0.29444444444444445,0.29055555555555557,0.30333333333333334,0.33,0.31444444444444447,0.30722222222222223,0.3138888888888889,0.3016666666666667,0.31,0.31277777777777777,0.3238888888888889,0.29833333333333334,0.3233333333333333,0.31333333333333335,0.3061111111111111,0.32055555555555554,0.33166666666666667,0.29,0.3138888888888889,0.3005555555555556,0.31444444444444447,0.3238888888888889,0.30944444444444447,0.31444444444444447,0.3238888888888889,0.31777777777777777,0.3055555555555556,0.3161111111111111,0.3111111111111111,0.3016666666666667,0.30444444444444446,0.30333333333333334,0.3005555555555556,0.31166666666666665,0.30833333333333335,0.29444444444444445,0.31555555555555553,0.31055555555555553,0.32611111111111113,0.30833333333333335,0.28944444444444445,0.30722222222222223,0.3005555555555556,0.305,0.30944444444444447,0.3138888888888889,0.3188888888888889,0.3016666666666667,0.30722222222222223,0.30944444444444447,0.31,0.30444444444444446,0.315,0.2916666666666667,0.30944444444444447,0.31222222222222223,0.3061111111111111,0.30833333333333335,0.31444444444444447,0.30777777777777776,0.3061111111111111,0.2877777777777778,0.31222222222222223,0.3016666666666667,0.295,0.3322222222222222,0.29888888888888887,0.31277777777777777,0.29888888888888887,0.32,0.32666666666666666,0.305,0.31833333333333336,0.31222222222222223,0.3022222222222222,0.3383333333333333
0.2	GG2	0.3022222222222222,0.3138888888888889,0.2872222222222222,0.3244444444444444,0.32666666666666666,0.31722222222222224,0.32,0.33055555555555555,0.31277777777777777,0.31722222222222224,0.32055555555555554,0.3011111111111111,0.32055555555555554,0.3061111111111111,0.315,0.3111111111111111,0.31666666666666665,0.31,0.3061111111111111,0.29888888888888887,0.31,0.30444444444444446,0.3288888888888889,0.31833333333333336,0.32222222222222224,0.32055555555555554,0.31333333333333335,0.3055555555555556,0.30777777777777776,0.3188888888888889,0.30277777777777776,0.305,0.3055555555555556,0.32611111111111113,0.31666666666666665,0.3161111111111111,0.31666666666666665,0.30444444444444446,0.2916666666666667,0.3227777777777778,0.30444444444444446,0.32055555555555554,0.32055555555555554,0.30444444444444446,0.29444444444444445,0.29888888888888887,0.325,0.31555555555555553,0.3,0.3138888888888889,0.3038888888888889,0.31222222222222223,0.3022222222222222,0.32055555555555554,0.33,0.3227777777777778,0.32944444444444443,0.30277777777777776,0.31277777777777777,0.3188888888888889,0.32,0.32666666666666666,0.32722222222222225,0.2961111111111111,0.3283333333333333,0.31,0.3055555555555556,0.315,0.3011111111111111,0.3227777777777778,0.3211111111111111,0.31666666666666665,0.3277777777777778,0.31222222222222223,0.32055555555555554,0.28555555555555556,0.31,0.3288888888888889,0.32,0.315,0.3111111111111111,0.3244444444444444,0.325,0.31555555555555553,0.3277777777777778,0.32,0.31722222222222224,0.31333333333333335,0.30944444444444447,0.32,0.3061111111111111,0.3011111111111111,0.3283333333333333,0.31166666666666665,0.31833333333333336,0.29888888888888887,0.31166666666666665,0.32055555555555554,0.32611111111111113,0.3288888888888889,0.325,0.305,0.3038888888888889,0.3233333333333333,0.32055555555555554,0.3411111111111111,0.2816666666666667,0.29777777777777775,0.29444444444444445,0.3288888888888889,0.31333333333333335,0.31444444444444447,0.3138888888888889,0.31666666666666665,0.3138888888888889,0.3038888888888889,0.32,0.31222222222222223,0.30777777777777776,0.3055555555555556,0.31277777777777777,0.3377777777777778,0.315,0.30944444444444447,0.3088888888888889,0.3194444444444444,0.31,0.33111111111111113,0.3188888888888889,0.3088888888888889,0.3138888888888889,0.3038888888888889,0.31666666666666665,0.30444444444444446,0.31444444444444447,0.31222222222222223,0.3211111111111111,0.30833333333333335,0.31722222222222224,0.325,0.33444444444444443,0.3,0.31,0.30833333333333335,0.3227777777777778,0.3238888888888889,0.3038888888888889,0.3111111111111111,0.3005555555555556,0.3022222222222222,0.3233333333333333,0.31166666666666665,0.3233333333333333,0.3038888888888889,0.3233333333333333,0.3061111111111111,0.29833333333333334,0.3088888888888889,0.31,0.30777777777777776,0.30333333333333334,0.30722222222222223,0.31833333333333336,0.3088888888888889,0.2922222222222222,0.31,0.30722222222222223,0.31666666666666665,0.31833333333333336,0.31555555555555553,0.3238888888888889,0.31333333333333335,0.31666666666666665,0.30722222222222223,0.29833333333333334,0.3055555555555556,0.3194444444444444,0.3022222222222222,0.31055555555555553,0.315,0.30333333333333334,0.315,0.30833333333333335,0.3188888888888889,0.31277777777777777,0.31,0.2972222222222222,0.31666666666666665,0.31444444444444447,0.3338888888888889,0.29944444444444446,0.29833333333333334,0.29888888888888887,0.30333333333333334,0.3227777777777778,0.30944444444444447,0.3161111111111111,0.31555555555555553,0.3011111111111111,0.33444444444444443
0.22	GEE	0.29777777777777775,0.2861111111111111,0.30444444444444446,0.31,0.3233333333333333,0.29333333333333333,0.3011111111111111,0.2861111111111111,0.3005555555555556,0.30277777777777776,0.31277777777777777,0.29944444444444446,0.31055555555555553,0.2966666666666667,0.29944444444444446,0.305,0.2783333333333333,0.29833333333333334,0.32,0.28888888888888886,0.2816666666666667,0.32055555555555554,0.30666666666666664,0.2927777777777778,0.29388888888888887,0.31277777777777777,0.31222222222222223,0.30666666666666664,0.31722222222222224,0.30277777777777776,0.31055555555555553,0.30666666666666664,0.305,0.2916666666666667,0.30777777777777776,0.3138888888888889,0.3016666666666667,0.32,0.295,0.2872222222222222,0.31666666666666665,0.30666666666666664,0.29944444444444446,0.30777777777777776,0.31055555555555553,0.31,0.31277777777777777,0.30333333333333334,0.3,0.3016666666666667,0.30333333333333334,0.3088888888888889,0.3161111111111111,0.30777777777777776,0.2961111111111111,0.30722222222222223,0.305,0.3111111111111111,0.31833333333333336,0.31,0.29444444444444445,0.31222222222222223,0.30277777777777776,0.31,0.30333333333333334,0.3,0.3161111111111111,0.3055555555555556,0.2966666666666667,0.31722222222222224,0.29777777777777775,0.31055555555555553,0.3,0.29388888888888887,0.2966666666666667,0.31277777777777777,0.31666666666666665,0.31277777777777777,0.31833333333333336,0.29333333333333333,0.3016666666666667,0.28888888888888886,0.2922222222222222,0.3011111111111111,0.30944444444444447,0.3088888888888889,0.31055555555555553,0.29944444444444446,0.3,0.29,0.3111111111111111,0.3016666666666667,0.3111111111111111,0.30444444444444446,0.30666666666666664,0.2911111111111111,0.27055555555555555,0.30277777777777776,0.3005555555555556,0.3016666666666667,0.29555555555555557,0.3038888888888889,0.295,0.2966666666666667,0.31166666666666665,0.2922222222222222,0.29388888888888887,0.29888888888888887,0.31333333333333335,0.2961111111111111,0.29777777777777775,0.29833333333333334,0.30833333333333335,0.295,0.29888888888888887,0.29833333333333334,0.305,0.31222222222222223,0.30333333333333334,0.32,0.32166666666666666,0.30277777777777776,0.3,0.31222222222222223,0.29888888888888887,0.31666666666666665,0.3038888888888889,0.2961111111111111,0.28888888888888886,0.3,0.3233333333333333,0.30333333333333334,0.315,0.29777777777777775,0.29388888888888887,0.30777777777777776,0.30333333333333334,0.295,0.3016666666666667,0.32722222222222225,0.3016666666666667,0.295,0.31555555555555553,0.2861111111111111,0.30944444444444447,0.3005555555555556,0.31277777777777777,0.3061111111111111,0.2916666666666667,0.32722222222222225,0.30666666666666664,0.305,0.3061111111111111,0.3227777777777778,0.3005555555555556,0.3011111111111111,0.30944444444444447,0.2927777777777778,0.30277777777777776,0.2922222222222222,0.29944444444444446,0.30833333333333335,0.30944444444444447,0.29,0.31777777777777777,0.31333333333333335,0.29333333333333333,0.3,0.3022222222222222,0.2877777777777778,0.3161111111111111,0.3061111111111111,0.285,0.2833333333333333,0.31277777777777777,0.31055555555555553,0.2916666666666667,0.2866666666666667,0.30777777777777776,0.30722222222222223,0.3011111111111111,0.295,0.3005555555555556,0.31333333333333335,0.29333333333333333,0.30944444444444447,0.31444444444444447,0.3,0.30944444444444447,0.29833333333333334,0.30277777777777776,0.2877777777777778,0.31666666666666665,0.31777777777777777,0.30277777777777776,0.2966666666666667,0.30722222222222223,0.33055555555555555,0.2861111111111111,0.29888888888888887
0.22	GNN	0.2738888888888889,0.255,0.2461111111111111,0.24166666666666667,0.25,0.2544444444444444,0.25722222222222224,0.23666666666666666,0.25333333333333335,0.26666666666666666,0.23777777777777778,0.24722222222222223,0.25666666666666665,0.28944444444444445,0.24222222222222223,0.2588888888888889,0.245,0.25333333333333335,0.26555555555555554,0.265,0.24722222222222223,0.2544444444444444,0.25277777777777777,0.2561111111111111,0.26944444444444443,0.2638888888888889,0.2633333333333333,0.24555555555555555,0.23777777777777778,0.26611111111111113,0.25555555555555554,0.27444444444444444,0.23666666666666666,0.25055555555555553,0.2577777777777778,0.24444444444444444,0.255,0.25555555555555554,0.2611111111111111,0.25055555555555553,0.26944444444444443,0.24888888888888888,0.24055555555555555,0.25666666666666665,0.2644444444444444,0.2638888888888889,0.275,0.2633333333333333,0.25166666666666665,0.2727777777777778,0.2627777777777778,0.2738888888888889,0.2538888888888889,0.2822222222222222,0.26722222222222225,0.2427777777777778,0.25222222222222224,0.26166666666666666,0.2561111111111111,0.24888888888888888,0.2477777777777778,0.2861111111111111,0.255,0.27444444444444444,0.265,0.26722222222222225,0.24166666666666667,0.2861111111111111,0.25833333333333336,0.255,0.25277777777777777,0.26055555555555554,0.24833333333333332,0.25722222222222224,0.28,0.26944444444444443,0.2594444444444444,0.2594444444444444,0.26666666666666666,0.2722222222222222,0.24888888888888888,0.2561111111111111,0.2688888888888889,0.26,0.26722222222222225,0.25333333333333335,0.2644444444444444,0.2638888888888889,0.26055555555555554,0.2927777777777778,0.2411111111111111,0.26611111111111113,0.25,0.24833333333333332,0.24055555555555555,0.235,0.26222222222222225,0.25222222222222224,0.245,0.25833333333333336,0.25333333333333335,0.24888888888888888,0.2872222222222222,0.25666666666666665,0.2833333333333333,0.25,0.26555555555555554,0.2638888888888889,0.2677777777777778,0.25833333333333336,0.28055555555555556,0.26944444444444443,0.25333333333333335,0.26555555555555554,0.2477777777777778,0.25333333333333335,0.25666666666666665,0.26222222222222225,0.2538888888888889,0.27555555555555555,0.24,0.2594444444444444,0.27,0.2461111111111111,0.27055555555555555,0.2866666666666667,0.28444444444444444,0.255,0.25833333333333336,0.24888888888888888,0.25555555555555554,0.2561111111111111,0.2461111111111111,0.265,0.2733333333333333,0.24555555555555555,0.245,0.26222222222222225,0.2627777777777778,0.235,0.2511111111111111,0.25222222222222224,0.26722222222222225,0.2688888888888889,0.2677777777777778,0.24833333333333332,0.25666666666666665,0.27666666666666667,0.25722222222222224,0.25555555555555554,0.2677777777777778,0.24833333333333332,0.27166666666666667,0.2427777777777778,0.24166666666666667,0.25055555555555553,0.2544444444444444,0.26,0.26,0.23944444444444443,0.2772222222222222,0.26944444444444443,0.2538888888888889,0.23944444444444443,0.2727777777777778,0.2588888888888889,0.24388888888888888,0.25222222222222224,0.27944444444444444,0.265,0.2427777777777778,0.2588888888888889,0.2538888888888889,0.2461111111111111,0.2777777777777778,0.27,0.2594444444444444,0.2588888888888889,0.2727777777777778,0.2738888888888889,0.2627777777777778,0.24833333333333332,0.27055555555555555,0.25666666666666665,0.24888888888888888,0.2594444444444444,0.245,0.24555555555555555,0.2683333333333333,0.2638888888888889,0.28055555555555556,0.2511111111111111,0.2594444444444444,0.24833333333333332,0.28444444444444444,0.2727777777777778,0.255,0.2644444444444444,0.26166666666666666,0.2611111111111111
0.22	GG	0.29777777777777775,0.2866666666666667,0.27944444444444444,0.32055555555555554,0.31555555555555553,0.2872222222222222,0.31277777777777777,0.2966666666666667,0.31222222222222223,0.30722222222222223,0.30777777777777776,0.30833333333333335,0.30722222222222223,0.29055555555555557,0.31333333333333335,0.3022222222222222,0.2822222222222222,0.2972222222222222,0.31833333333333336,0.29388888888888887,0.2838888888888889,0.31555555555555553,0.3005555555555556,0.30777777777777776,0.2966666666666667,0.3,0.29888888888888887,0.3011111111111111,0.3038888888888889,0.30722222222222223,0.30277777777777776,0.31,0.2877777777777778,0.2927777777777778,0.2927777777777778,0.3088888888888889,0.2972222222222222,0.33166666666666667,0.2927777777777778,0.29777777777777775,0.29888888888888887,0.2916666666666667,0.29888888888888887,0.2927777777777778,0.30666666666666664,0.30444444444444446,0.29555555555555557,0.29833333333333334,0.29777777777777775,0.2922222222222222,0.31055555555555553,0.29833333333333334,0.3161111111111111,0.29,0.3,0.3022222222222222,0.29388888888888887,0.29888888888888887,0.29444444444444445,0.30333333333333334,0.3016666666666667,0.30722222222222223,0.2822222222222222,0.28888888888888886,0.3,0.2916666666666667,0.31055555555555553,0.30722222222222223,0.29944444444444446,0.31166666666666665,0.2866666666666667,0.3011111111111111,0.30833333333333335,0.29833333333333334,0.29,0.30944444444444447,0.31222222222222223,0.3111111111111111,0.31722222222222224,0.28833333333333333,0.3161111111111111,0.29833333333333334,0.2877777777777778,0.2827777777777778,0.31666666666666665,0.31166666666666665,0.3227777777777778,0.2966666666666667,0.29777777777777775,0.2966666666666667,0.2911111111111111,0.29888888888888887,0.31055555555555553,0.31,0.2961111111111111,0.295,0.2733333333333333,0.31055555555555553,0.2866666666666667,0.30833333333333335,0.29888888888888887,0.2911111111111111,0.28555555555555556,0.3055555555555556,0.3138888888888889,0.28944444444444445,0.2861111111111111,0.3,0.3244444444444444,0.2916666666666667,0.32055555555555554,0.2688888888888889,0.29388888888888887,0.27944444444444444,0.29333333333333333,0.30277777777777776,0.30444444444444446,0.29944444444444446,0.31333333333333335,0.3138888888888889,0.30333333333333334,0.30277777777777776,0.3038888888888889,0.3038888888888889,0.2966666666666667,0.31777777777777777,0.29944444444444446,0.29944444444444446,0.3022222222222222,0.29555555555555557,0.3161111111111111,0.3022222222222222,0.32222222222222224,0.3038888888888889,0.2927777777777778,0.31444444444444447,0.3088888888888889,0.2972222222222222,0.28833333333333333,0.3011111111111111,0.2872222222222222,0.3038888888888889,0.30833333333333335,0.28444444444444444,0.31277777777777777,0.31333333333333335,0.3088888888888889,0.30666666666666664,0.28944444444444445,0.3016666666666667,0.30277777777777776,0.30333333333333334,0.3111111111111111,0.325,0.30777777777777776,0.3,0.29555555555555557,0.2872222222222222,0.3055555555555556,0.29333333333333333,0.31277777777777777,0.30333333333333334,0.30666666666666664,0.3038888888888889,0.31277777777777777,0.2922222222222222,0.2861111111111111,0.30277777777777776,0.3088888888888889,0.28444444444444444,0.32,0.2788888888888889,0.27666666666666667,0.2838888888888889,0.3194444444444444,0.305,0.2972222222222222,0.28444444444444444,0.30444444444444446,0.3,0.3088888888888889,0.2833333333333333,0.29833333333333334,0.31222222222222223,0.3061111111111111,0.29944444444444446,0.31333333333333335,0.29388888888888887,0.3111111111111111,0.3038888888888889,0.30333333333333334,0.29777777777777775,0.31777777777777777,0.29888888888888887,0.3088888888888889,0.29,0.3061111111111111,0.32666666666666666,0.29444444444444445,0.2922222222222222
0.22	GG2	0.30722222222222223,0.29944444444444446,0.30833333333333335,0.3016666666666667,0.30944444444444447,0.28555555555555556,0.3138888888888889,0.2966666666666667,0.31555555555555553,0.3038888888888889,0.31,0.3061111111111111,0.30944444444444447,0.30277777777777776,0.31222222222222223,0.30333333333333334,0.2827777777777778,0.30777777777777776,0.31777777777777777,0.29944444444444446,0.29777777777777775,0.3138888888888889,0.31,0.295,0.30333333333333334,0.29888888888888887,0.29944444444444446,0.3055555555555556,0.3111111111111111,0.29944444444444446,0.3111111111111111,0.3011111111111111,0.30666666666666664,0.29055555555555557,0.30777777777777776,0.31055555555555553,0.30944444444444447,0.32166666666666666,0.2927777777777778,0.285,0.3088888888888889,0.31277777777777777,0.295,0.29333333333333333,0.3055555555555556,0.305,0.3005555555555556,0.2877777777777778,0.31166666666666665,0.2861111111111111,0.30444444444444446,0.3005555555555556,0.31222222222222223,0.2916666666666667,0.28444444444444444,0.30833333333333335,0.2966666666666667,0.31166666666666665,0.3061111111111111,0.295,0.3005555555555556,0.315,0.28888888888888886,0.30333333333333334,0.30444444444444446,0.29055555555555557,0.31333333333333335,0.3055555555555556,0.3,0.31777777777777777,0.30444444444444446,0.29055555555555557,0.3055555555555556,0.29555555555555557,0.2911111111111111,0.31166666666666665,0.30722222222222223,0.30333333333333334,0.3161111111111111,0.28444444444444444,0.3038888888888889,0.2972222222222222,0.2972222222222222,0.3005555555555556,0.30777777777777776,0.3138888888888889,0.32666666666666666,0.2866666666666667,0.2877777777777778,0.29,0.28444444444444444,0.29444444444444445,0.3061111111111111,0.31,0.29833333333333334,0.28944444444444445,0.2827777777777778,0.29888888888888887,0.2966666666666667,0.3055555555555556,0.29777777777777775,0.3088888888888889,0.3038888888888889,0.3061111111111111,0.31333333333333335,0.29333333333333333,0.2861111111111111,0.30777777777777776,0.31222222222222223,0.29444444444444445,0.30277777777777776,0.2972222222222222,0.3011111111111111,0.28,0.2911111111111111,0.295,0.30277777777777776,0.30666666666666664,0.3194444444444444,0.32666666666666666,0.3138888888888889,0.3061111111111111,0.3005555555555556,0.3061111111111111,0.2916666666666667,0.31222222222222223,0.3022222222222222,0.2966666666666667,0.28833333333333333,0.30444444444444446,0.3088888888888889,0.2922222222222222,0.30833333333333335,0.2966666666666667,0.30944444444444447,0.2916666666666667,0.30666666666666664,0.3011111111111111,0.2972222222222222,0.30444444444444446,0.2838888888888889,0.3038888888888889,0.32222222222222224,0.28,0.29888888888888887,0.31166666666666665,0.30277777777777776,0.3022222222222222,0.2872222222222222,0.29944444444444446,0.30333333333333334,0.29388888888888887,0.30277777777777776,0.3288888888888889,0.31222222222222223,0.29888888888888887,0.2972222222222222,0.2877777777777778,0.29555555555555557,0.28888888888888886,0.3061111111111111,0.2966666666666667,0.30833333333333335,0.31222222222222223,0.30333333333333334,0.31833333333333336,0.30444444444444446,0.32055555555555554,0.32222222222222224,0.2866666666666667,0.31722222222222224,0.30277777777777776,0.295,0.29944444444444446,0.31722222222222224,0.29944444444444446,0.30333333333333334,0.29888888888888887,0.30944444444444447,0.30944444444444447,0.3161111111111111,0.285,0.28944444444444445,0.31277777777777777,0.2961111111111111,0.3038888888888889,0.31055555555555553,0.29777777777777775,0.31833333333333336,0.2972222222222222,0.3016666666666667,0.29333333333333333,0.31222222222222223,0.28888888888888886,0.3,0.30722222222222223,0.29777777777777775,0.3338888888888889,0.28833333333333333,0.3011111111111111
0.24	GEE	0.27444444444444444,0.26666666666666666,0.2738888888888889,0.2777777777777778,0.28888888888888886,0.28555555555555556,0.2777777777777778,0.28888888888888886,0.3011111111111111,0.2733333333333333,0.29333333333333333,0.2816666666666667,0.2866666666666667,0.285,0.28888888888888886,0.27,0.3011111111111111,0.29944444444444446,0.2816666666666667,0.2733333333333333,0.28944444444444445,0.2822222222222222,0.27111111111111114,0.27944444444444444,0.29777777777777775,0.29777777777777775,0.2927777777777778,0.2911111111111111,0.3016666666666667,0.28055555555555556,0.29555555555555557,0.28444444444444444,0.30277777777777776,0.2788888888888889,0.2777777777777778,0.2833333333333333,0.3138888888888889,0.29388888888888887,0.28055555555555556,0.2772222222222222,0.26944444444444443,0.2927777777777778,0.2911111111111111,0.29388888888888887,0.31277777777777777,0.2916666666666667,0.3005555555555556,0.29333333333333333,0.2811111111111111,0.28055555555555556,0.31055555555555553,0.2916666666666667,0.29555555555555557,0.2644444444444444,0.2738888888888889,0.285,0.275,0.29444444444444445,0.315,0.2916666666666667,0.2738888888888889,0.2722222222222222,0.28944444444444445,0.285,0.27944444444444444,0.28555555555555556,0.2961111111111111,0.2927777777777778,0.29388888888888887,0.28,0.28944444444444445,0.25833333333333336,0.2966666666666667,0.2972222222222222,0.28833333333333333,0.3022222222222222,0.28055555555555556,0.2811111111111111,0.27444444444444444,0.2861111111111111,0.2822222222222222,0.2788888888888889,0.3055555555555556,0.28,0.28444444444444444,0.26666666666666666,0.305,0.30277777777777776,0.27944444444444444,0.27555555555555555,0.285,0.27444444444444444,0.2777777777777778,0.28888888888888886,0.2738888888888889,0.3,0.2833333333333333,0.28944444444444445,0.275,0.28555555555555556,0.28444444444444444,0.2788888888888889,0.28833333333333333,0.265,0.27555555555555555,0.28888888888888886,0.30777777777777776,0.29555555555555557,0.28055555555555556,0.28944444444444445,0.2922222222222222,0.27166666666666667,0.2961111111111111,0.28444444444444444,0.28444444444444444,0.2727777777777778,0.29555555555555557,0.27555555555555555,0.2877777777777778,0.29555555555555557,0.2811111111111111,0.29444444444444445,0.2816666666666667,0.2588888888888889,0.2822222222222222,0.2966666666666667,0.28555555555555556,0.2861111111111111,0.28888888888888886,0.2916666666666667,0.2866666666666667,0.2822222222222222,0.27944444444444444,0.2761111111111111,0.29555555555555557,0.2927777777777778,0.3038888888888889,0.27444444444444444,0.2722222222222222,0.2788888888888889,0.2761111111111111,0.29055555555555557,0.2777777777777778,0.28444444444444444,0.29944444444444446,0.2927777777777778,0.30833333333333335,0.28833333333333333,0.2838888888888889,0.30277777777777776,0.2972222222222222,0.29777777777777775,0.27444444444444444,0.29444444444444445,0.2816666666666667,0.2783333333333333,0.29333333333333333,0.295,0.2916666666666667,0.28833333333333333,0.2772222222222222,0.28555555555555556,0.30277777777777776,0.29055555555555557,0.2927777777777778,0.27444444444444444,0.29388888888888887,0.29777777777777775,0.29,0.2811111111111111,0.29333333333333333,0.3,0.27444444444444444,0.28,0.3022222222222222,0.3022222222222222,0.2822222222222222,0.2722222222222222,0.29,0.28833333333333333,0.28444444444444444,0.2594444444444444,0.3088888888888889,0.27555555555555555,0.2838888888888889,0.27944444444444444,0.27166666666666667,0.28055555555555556,0.29,0.2877777777777778,0.28444444444444444,0.28888888888888886,0.2877777777777778,0.2861111111111111,0.28555555555555556,0.30777777777777776,0.2877777777777778,0.2683333333333333,0.2727777777777778,0.2833333333333333
0.24	GNN	0.265,0.25722222222222224,0.22777777777777777,0.24888888888888888,0.25,0.2638888888888889,0.2683333333333333,0.255,0.265,0.24055555555555555,0.25277777777777777,0.255,0.25555555555555554,0.25333333333333335,0.24833333333333332,0.24722222222222223,0.2594444444444444,0.26722222222222225,0.26611111111111113,0.27555555555555555,0.27,0.24444444444444444,0.2677777777777778,0.26055555555555554,0.26,0.27,0.26222222222222225,0.24444444444444444,0.2511111111111111,0.2544444444444444,0.26222222222222225,0.2633333333333333,0.24944444444444444,0.2633333333333333,0.25722222222222224,0.2544444444444444,0.2761111111111111,0.2544444444444444,0.2427777777777778,0.2544444444444444,0.25722222222222224,0.26722222222222225,0.24555555555555555,0.265,0.27444444444444444,0.285,0.275,0.26166666666666666,0.26944444444444443,0.2544444444444444,0.23944444444444443,0.26555555555555554,0.27055555555555555,0.25555555555555554,0.26611111111111113,0.25277777777777777,0.2511111111111111,0.26222222222222225,0.2633333333333333,0.26222222222222225,0.27111111111111114,0.2638888888888889,0.27,0.2511111111111111,0.2761111111111111,0.27166666666666667,0.24944444444444444,0.2733333333333333,0.25833333333333336,0.2427777777777778,0.25055555555555553,0.2727777777777778,0.245,0.2361111111111111,0.2638888888888889,0.24333333333333335,0.265,0.24444444444444444,0.26611111111111113,0.27055555555555555,0.23555555555555555,0.2627777777777778,0.2627777777777778,0.27055555555555555,0.26166666666666666,0.25722222222222224,0.24666666666666667,0.26,0.2538888888888889,0.28555555555555556,0.245,0.27555555555555555,0.2633333333333333,0.2588888888888889,0.2538888888888889,0.2633333333333333,0.2738888888888889,0.26,0.24166666666666667,0.24888888888888888,0.2738888888888889,0.2538888888888889,0.255,0.24888888888888888,0.2722222222222222,0.2477777777777778,0.26944444444444443,0.24722222222222223,0.25666666666666665,0.265,0.26222222222222225,0.2594444444444444,0.2538888888888889,0.2822222222222222,0.235,0.2638888888888889,0.2577777777777778,0.2588888888888889,0.2561111111111111,0.25222222222222224,0.265,0.26611111111111113,0.2577777777777778,0.255,0.25666666666666665,0.2788888888888889,0.26222222222222225,0.2561111111111111,0.26055555555555554,0.24444444444444444,0.2611111111111111,0.25277777777777777,0.2677777777777778,0.27444444444444444,0.2777777777777778,0.2411111111111111,0.2588888888888889,0.25666666666666665,0.2644444444444444,0.23777777777777778,0.2777777777777778,0.2361111111111111,0.2644444444444444,0.2688888888888889,0.25833333333333336,0.2594444444444444,0.24055555555555555,0.26611111111111113,0.26055555555555554,0.23833333333333334,0.26555555555555554,0.25333333333333335,0.27666666666666667,0.25166666666666665,0.25,0.2627777777777778,0.27166666666666667,0.27944444444444444,0.25277777777777777,0.26222222222222225,0.27944444444444444,0.255,0.27,0.24722222222222223,0.2683333333333333,0.2511111111111111,0.26,0.255,0.2677777777777778,0.2638888888888889,0.24944444444444444,0.25833333333333336,0.23666666666666666,0.2411111111111111,0.26166666666666666,0.2388888888888889,0.2577777777777778,0.25555555555555554,0.2727777777777778,0.2644444444444444,0.2477777777777778,0.26666666666666666,0.25722222222222224,0.25222222222222224,0.24888888888888888,0.25722222222222224,0.27444444444444444,0.25166666666666665,0.2677777777777778,0.27055555555555555,0.25666666666666665,0.2577777777777778,0.23444444444444446,0.25333333333333335,0.26166666666666666,0.25666666666666665,0.2783333333333333,0.2477777777777778,0.24166666666666667,0.26611111111111113
0.24	GG	0.2811111111111111,0.2833333333333333,0.26666666666666666,0.2866666666666667,0.28444444444444444,0.295,0.28,0.2788888888888889,0.28833333333333333,0.28055555555555556,0.3055555555555556,0.3,0.3061111111111111,0.2733333333333333,0.28888888888888886,0.2783333333333333,0.29833333333333334,0.29888888888888887,0.2783333333333333,0.2677777777777778,0.28888888888888886,0.28555555555555556,0.29,0.29388888888888887,0.29,0.29388888888888887,0.27666666666666667,0.2772222222222222,0.2922222222222222,0.2816666666666667,0.28888888888888886,0.29055555555555557,0.295,0.29944444444444446,0.28444444444444444,0.2811111111111111,0.3061111111111111,0.2866666666666667,0.2727777777777778,0.2861111111111111,0.28444444444444444,0.27166666666666667,0.28833333333333333,0.2833333333333333,0.2961111111111111,0.28944444444444445,0.27944444444444444,0.2833333333333333,0.28,0.2783333333333333,0.2927777777777778,0.2827777777777778,0.28833333333333333,0.2811111111111111,0.27444444444444444,0.28555555555555556,0.28,0.2866666666666667,0.30277777777777776,0.2833333333333333,0.27444444444444444,0.27,0.2733333333333333,0.28944444444444445,0.27444444444444444,0.27055555555555555,0.29888888888888887,0.2811111111111111,0.2866666666666667,0.27444444444444444,0.2833333333333333,0.2644444444444444,0.28944444444444445,0.2822222222222222,0.285,0.30277777777777776,0.26944444444444443,0.30666666666666664,0.2783333333333333,0.2811111111111111,0.28944444444444445,0.29,0.29555555555555557,0.2783333333333333,0.2961111111111111,0.2772222222222222,0.3088888888888889,0.28833333333333333,0.285,0.2861111111111111,0.3011111111111111,0.2816666666666667,0.2866666666666667,0.2927777777777778,0.2772222222222222,0.29,0.27944444444444444,0.2822222222222222,0.2822222222222222,0.2788888888888889,0.2816666666666667,0.2827777777777778,0.2727777777777778,0.25166666666666665,0.26666666666666666,0.2816666666666667,0.29055555555555557,0.2966666666666667,0.28,0.28,0.28,0.27055555555555555,0.29833333333333334,0.28555555555555556,0.2877777777777778,0.2727777777777778,0.2827777777777778,0.27055555555555555,0.29,0.295,0.26944444444444443,0.2761111111111111,0.29444444444444445,0.2772222222222222,0.285,0.2811111111111111,0.2861111111111111,0.29388888888888887,0.29,0.2772222222222222,0.2838888888888889,0.28555555555555556,0.2861111111111111,0.2861111111111111,0.30777777777777776,0.29055555555555557,0.3,0.2877777777777778,0.2733333333333333,0.27166666666666667,0.2788888888888889,0.29555555555555557,0.2722222222222222,0.2961111111111111,0.2811111111111111,0.3061111111111111,0.3005555555555556,0.27944444444444444,0.2872222222222222,0.2877777777777778,0.3022222222222222,0.2872222222222222,0.2738888888888889,0.2811111111111111,0.295,0.29055555555555557,0.2972222222222222,0.29388888888888887,0.2777777777777778,0.29055555555555557,0.2811111111111111,0.27555555555555555,0.29333333333333333,0.2827777777777778,0.28,0.2722222222222222,0.28833333333333333,0.2961111111111111,0.2966666666666667,0.28444444444444444,0.2816666666666667,0.28833333333333333,0.27555555555555555,0.2733333333333333,0.2916666666666667,0.30444444444444446,0.28444444444444444,0.27666666666666667,0.2922222222222222,0.2788888888888889,0.29055555555555557,0.2688888888888889,0.2961111111111111,0.2772222222222222,0.2872222222222222,0.29,0.27,0.2816666666666667,0.2922222222222222,0.2922222222222222,0.2872222222222222,0.2861111111111111,0.2927777777777778,0.2688888888888889,0.3,0.31333333333333335,0.28833333333333333,0.2966666666666667,0.27055555555555555,0.28444444444444444
0.24	GG2	0.28833333333333333,0.2783333333333333,0.27666666666666667,0.2811111111111111,0.2877777777777778,0.2922222222222222,0.295,0.2811111111111111,0.29944444444444446,0.27944444444444444,0.29055555555555557,0.27666666666666667,0.2961111111111111,0.275,0.2811111111111111,0.26611111111111113,0.3022222222222222,0.28944444444444445,0.28833333333333333,0.27,0.295,0.2972222222222222,0.285,0.2927777777777778,0.29388888888888887,0.27111111111111114,0.29833333333333334,0.27444444444444444,0.2827777777777778,0.2872222222222222,0.2927777777777778,0.2927777777777778,0.29055555555555557,0.2816666666666667,0.27111111111111114,0.28,0.2833333333333333,0.29388888888888887,0.29055555555555557,0.28055555555555556,0.28055555555555556,0.2822222222222222,0.2772222222222222,0.29444444444444445,0.3005555555555556,0.28888888888888886,0.2961111111111111,0.2872222222222222,0.27666666666666667,0.27555555555555555,0.2966666666666667,0.27555555555555555,0.2866666666666667,0.2722222222222222,0.2688888888888889,0.2738888888888889,0.2922222222222222,0.2833333333333333,0.30666666666666664,0.29388888888888887,0.2822222222222222,0.2927777777777778,0.2927777777777778,0.2827777777777778,0.28833333333333333,0.2827777777777778,0.30722222222222223,0.275,0.2816666666666667,0.275,0.29333333333333333,0.27111111111111114,0.28444444444444444,0.28444444444444444,0.2872222222222222,0.3,0.27666666666666667,0.30444444444444446,0.2816666666666667,0.28444444444444444,0.29388888888888887,0.2911111111111111,0.2972222222222222,0.28944444444444445,0.28833333333333333,0.2822222222222222,0.31333333333333335,0.2916666666666667,0.27944444444444444,0.28444444444444444,0.29833333333333334,0.2911111111111111,0.2833333333333333,0.29555555555555557,0.2761111111111111,0.29333333333333333,0.275,0.28944444444444445,0.27,0.2822222222222222,0.2838888888888889,0.28,0.2777777777777778,0.26555555555555554,0.2677777777777778,0.27555555555555555,0.2911111111111111,0.285,0.2777777777777778,0.28833333333333333,0.2783333333333333,0.2688888888888889,0.29777777777777775,0.3005555555555556,0.27944444444444444,0.2816666666666667,0.28888888888888886,0.26611111111111113,0.29333333333333333,0.3061111111111111,0.2866666666666667,0.28888888888888886,0.2761111111111111,0.2811111111111111,0.2811111111111111,0.29388888888888887,0.29444444444444445,0.2816666666666667,0.28944444444444445,0.2916666666666667,0.27944444444444444,0.2783333333333333,0.2777777777777778,0.2872222222222222,0.30277777777777776,0.2816666666666667,0.29444444444444445,0.28,0.26222222222222225,0.2783333333333333,0.275,0.29,0.2788888888888889,0.28555555555555556,0.2927777777777778,0.3038888888888889,0.30722222222222223,0.2783333333333333,0.2772222222222222,0.2966666666666667,0.30333333333333334,0.2966666666666667,0.2722222222222222,0.2916666666666667,0.2922222222222222,0.275,0.29055555555555557,0.28555555555555556,0.2827777777777778,0.29555555555555557,0.2822222222222222,0.27666666666666667,0.28555555555555556,0.28,0.2738888888888889,0.2688888888888889,0.3,0.30277777777777776,0.2866666666666667,0.29555555555555557,0.29388888888888887,0.305,0.2733333333333333,0.27666666666666667,0.28555555555555556,0.305,0.275,0.27666666666666667,0.2733333333333333,0.2961111111111111,0.27444444444444444,0.2633333333333333,0.3038888888888889,0.27,0.2816666666666667,0.27111111111111114,0.2683333333333333,0.28444444444444444,0.2877777777777778,0.2783333333333333,0.26666666666666666,0.29388888888888887,0.2827777777777778,0.28,0.28888888888888886,0.30944444444444447,0.285,0.2838888888888889,0.275,0.2861111111111111
0.26	GEE	0.2927777777777778,0.2772222222222222,0.26944444444444443,0.26611111111111113,0.29055555555555557,0.26,0.265,0.2611111111111111,0.27555555555555555,0.27055555555555555,0.2683333333333333,0.2783333333333333,0.2761111111111111,0.29944444444444446,0.2722222222222222,0.285,0.2777777777777778,0.2688888888888889,0.28,0.2727777777777778,0.2772222222222222,0.2833333333333333,0.26666666666666666,0.2822222222222222,0.2722222222222222,0.2733333333333333,0.2677777777777778,0.26555555555555554,0.275,0.28055555555555556,0.275,0.26,0.26055555555555554,0.26222222222222225,0.2866666666666667,0.2644444444444444,0.27444444444444444,0.275,0.28888888888888886,0.2783333333333333,0.2633333333333333,0.27166666666666667,0.26555555555555554,0.2861111111111111,0.2866666666666667,0.2816666666666667,0.26611111111111113,0.2627777777777778,0.2588888888888889,0.3,0.2777777777777778,0.265,0.26944444444444443,0.2638888888888889,0.27944444444444444,0.2511111111111111,0.2677777777777778,0.2738888888888889,0.26666666666666666,0.275,0.28,0.25166666666666665,0.275,0.2722222222222222,0.2816666666666667,0.28,0.2816666666666667,0.2822222222222222,0.2761111111111111,0.2633333333333333,0.27444444444444444,0.2972222222222222,0.2683333333333333,0.25333333333333335,0.26944444444444443,0.27666666666666667,0.2644444444444444,0.2677777777777778,0.2722222222222222,0.2644444444444444,0.27944444444444444,0.28944444444444445,0.2911111111111111,0.2816666666666667,0.27944444444444444,0.275,0.27111111111111114,0.27555555555555555,0.29555555555555557,0.27666666666666667,0.27555555555555555,0.2811111111111111,0.26222222222222225,0.2544444444444444,0.2966666666666667,0.2811111111111111,0.25666666666666665,0.27444444444444444,0.27111111111111114,0.2761111111111111,0.2777777777777778,0.27166666666666667,0.27055555555555555,0.2738888888888889,0.26944444444444443,0.2777777777777778,0.2816666666666667,0.28944444444444445,0.27166666666666667,0.28055555555555556,0.25722222222222224,0.2911111111111111,0.28444444444444444,0.27,0.27166666666666667,0.2577777777777778,0.26666666666666666,0.28055555555555556,0.27055555555555555,0.2783333333333333,0.26555555555555554,0.26055555555555554,0.26555555555555554,0.265,0.28944444444444445,0.2588888888888889,0.2561111111111111,0.2816666666666667,0.27055555555555555,0.2761111111111111,0.2788888888888889,0.2722222222222222,0.2738888888888889,0.26944444444444443,0.2722222222222222,0.2833333333333333,0.2822222222222222,0.29388888888888887,0.2727777777777778,0.26722222222222225,0.2638888888888889,0.2788888888888889,0.25555555555555554,0.26555555555555554,0.2611111111111111,0.2727777777777778,0.2772222222222222,0.2822222222222222,0.2627777777777778,0.28944444444444445,0.26555555555555554,0.27,0.2683333333333333,0.2811111111111111,0.28055555555555556,0.2611111111111111,0.2761111111111111,0.2538888888888889,0.27944444444444444,0.2677777777777778,0.2738888888888889,0.27111111111111114,0.2683333333333333,0.2761111111111111,0.27666666666666667,0.27444444444444444,0.26222222222222225,0.27166666666666667,0.2722222222222222,0.27944444444444444,0.2683333333333333,0.2727777777777778,0.27,0.2811111111111111,0.265,0.2738888888888889,0.28444444444444444,0.2772222222222222,0.27555555555555555,0.28888888888888886,0.2811111111111111,0.2738888888888889,0.27555555555555555,0.2772222222222222,0.27444444444444444,0.2633333333333333,0.2838888888888889,0.26222222222222225,0.27055555555555555,0.29,0.2633333333333333,0.25722222222222224,0.2872222222222222,0.2816666666666667,0.2738888888888889,0.2777777777777778,0.275,0.2877777777777778,0.2783333333333333,0.28555555555555556
0.26	GNN	0.2544444444444444,0.24888888888888888,0.26722222222222225,0.25,0.23777777777777778,0.25166666666666665,0.25333333333333335,0.2633333333333333,0.23666666666666666,0.25333333333333335,0.24944444444444444,0.24722222222222223,0.25277777777777777,0.25833333333333336,0.25055555555555553,0.2677777777777778,0.25666666666666665,0.27666666666666667,0.25222222222222224,0.25333333333333335,0.27055555555555555,0.25555555555555554,0.26222222222222225,0.26722222222222225,0.26611111111111113,0.24888888888888888,0.26222222222222225,0.25333333333333335,0.24722222222222223,0.25833333333333336,0.25055555555555553,0.2633333333333333,0.255,0.24388888888888888,0.26611111111111113,0.26666666666666666,0.2561111111111111,0.24666666666666667,0.25666666666666665,0.24666666666666667,0.2688888888888889,0.25055555555555553,0.25222222222222224,0.2461111111111111,0.25,0.24722222222222223,0.2638888888888889,0.25,0.2611111111111111,0.26166666666666666,0.26611111111111113,0.26166666666666666,0.25722222222222224,0.2511111111111111,0.26,0.255,0.25,0.2783333333333333,0.25333333333333335,0.2511111111111111,0.245,0.2577777777777778,0.2611111111111111,0.2411111111111111,0.2561111111111111,0.27055555555555555,0.24222222222222223,0.2638888888888889,0.265,0.26222222222222225,0.2594444444444444,0.24944444444444444,0.25666666666666665,0.25277777777777777,0.255,0.2544444444444444,0.23777777777777778,0.26055555555555554,0.26055555555555554,0.2644444444444444,0.24833333333333332,0.2722222222222222,0.24666666666666667,0.2644444444444444,0.23944444444444443,0.2594444444444444,0.26055555555555554,0.24833333333333332,0.25166666666666665,0.25222222222222224,0.2538888888888889,0.245,0.2561111111111111,0.2544444444444444,0.2427777777777778,0.25277777777777777,0.2561111111111111,0.25555555555555554,0.2461111111111111,0.2633333333333333,0.26611111111111113,0.23722222222222222,0.23722222222222222,0.27555555555555555,0.2627777777777778,0.2544444444444444,0.27055555555555555,0.26166666666666666,0.2538888888888889,0.2761111111111111,0.2577777777777778,0.27555555555555555,0.24888888888888888,0.26166666666666666,0.2477777777777778,0.24333333333333335,0.26944444444444443,0.26666666666666666,0.26666666666666666,0.2611111111111111,0.2338888888888889,0.2588888888888889,0.25222222222222224,0.24944444444444444,0.26666666666666666,0.27111111111111114,0.26055555555555554,0.2577777777777778,0.25722222222222224,0.2627777777777778,0.2427777777777778,0.2588888888888889,0.2561111111111111,0.25222222222222224,0.26666666666666666,0.23277777777777778,0.27444444444444444,0.24944444444444444,0.24944444444444444,0.235,0.25555555555555554,0.25722222222222224,0.24,0.2738888888888889,0.255,0.26666666666666666,0.2727777777777778,0.2594444444444444,0.2611111111111111,0.2411111111111111,0.26555555555555554,0.23833333333333334,0.25222222222222224,0.2461111111111111,0.2594444444444444,0.2544444444444444,0.27,0.2538888888888889,0.25666666666666665,0.2627777777777778,0.2627777777777778,0.24555555555555555,0.255,0.24666666666666667,0.2577777777777778,0.2411111111111111,0.2538888888888889,0.24666666666666667,0.26666666666666666,0.26,0.24333333333333335,0.23777777777777778,0.23666666666666666,0.2538888888888889,0.245,0.24388888888888888,0.2577777777777778,0.25833333333333336,0.24944444444444444,0.26166666666666666,0.25,0.26055555555555554,0.24722222222222223,0.2561111111111111,0.25166666666666665,0.25277777777777777,0.2627777777777778,0.2561111111111111,0.24888888888888888,0.2683333333333333,0.2611111111111111,0.2638888888888889,0.2633333333333333,0.24722222222222223,0.24555555555555555,0.26222222222222225,0.2633333333333333,0.2411111111111111,0.24,0.26166666666666666
0.26	GG	0.2822222222222222,0.2722222222222222,0.26666666666666666,0.2594444444444444,0.2772222222222222,0.26944444444444443,0.26611111111111113,0.27166666666666667,0.25555555555555554,0.26555555555555554,0.275,0.26166666666666666,0.28944444444444445,0.28555555555555556,0.2627777777777778,0.2761111111111111,0.2738888888888889,0.27444444444444444,0.28444444444444444,0.2772222222222222,0.28055555555555556,0.27444444444444444,0.25333333333333335,0.2738888888888889,0.27666666666666667,0.2644444444444444,0.26555555555555554,0.2683333333333333,0.27944444444444444,0.2861111111111111,0.28055555555555556,0.2588888888888889,0.2461111111111111,0.27444444444444444,0.2783333333333333,0.26944444444444443,0.26,0.275,0.2777777777777778,0.25666666666666665,0.25555555555555554,0.2822222222222222,0.26166666666666666,0.29055555555555557,0.275,0.285,0.26166666666666666,0.2738888888888889,0.2722222222222222,0.28555555555555556,0.2816666666666667,0.25166666666666665,0.27555555555555555,0.25333333333333335,0.2722222222222222,0.24444444444444444,0.26944444444444443,0.2688888888888889,0.2777777777777778,0.2788888888888889,0.29388888888888887,0.27055555555555555,0.2827777777777778,0.27,0.275,0.27444444444444444,0.2683333333333333,0.2761111111111111,0.2683333333333333,0.2544444444444444,0.28555555555555556,0.28888888888888886,0.285,0.25166666666666665,0.25333333333333335,0.2816666666666667,0.26666666666666666,0.28555555555555556,0.2783333333333333,0.2683333333333333,0.2838888888888889,0.27444444444444444,0.2827777777777778,0.2683333333333333,0.2544444444444444,0.26222222222222225,0.25833333333333336,0.26722222222222225,0.29333333333333333,0.26666666666666666,0.27111111111111114,0.27555555555555555,0.2733333333333333,0.25722222222222224,0.285,0.28555555555555556,0.2544444444444444,0.2761111111111111,0.27666666666666667,0.27444444444444444,0.27944444444444444,0.27555555555555555,0.2633333333333333,0.2777777777777778,0.25,0.2838888888888889,0.28,0.2777777777777778,0.2827777777777778,0.285,0.27055555555555555,0.2838888888888889,0.27,0.2644444444444444,0.26611111111111113,0.26611111111111113,0.265,0.28444444444444444,0.2688888888888889,0.2733333333333333,0.27055555555555555,0.26555555555555554,0.26166666666666666,0.27666666666666667,0.28055555555555556,0.25222222222222224,0.2727777777777778,0.2811111111111111,0.2733333333333333,0.2822222222222222,0.2761111111111111,0.26611111111111113,0.27055555555555555,0.26666666666666666,0.2611111111111111,0.265,0.2827777777777778,0.29833333333333334,0.2677777777777778,0.27166666666666667,0.2627777777777778,0.2861111111111111,0.2733333333333333,0.27055555555555555,0.2611111111111111,0.2927777777777778,0.2638888888888889,0.26722222222222225,0.26055555555555554,0.2872222222222222,0.2644444444444444,0.2761111111111111,0.2761111111111111,0.27666666666666667,0.2688888888888889,0.2544444444444444,0.275,0.2761111111111111,0.2777777777777778,0.2772222222222222,0.26611111111111113,0.26944444444444443,0.26944444444444443,0.27166666666666667,0.2877777777777778,0.2777777777777778,0.26722222222222225,0.2827777777777778,0.2783333333333333,0.28444444444444444,0.27166666666666667,0.2772222222222222,0.2594444444444444,0.28,0.26055555555555554,0.26055555555555554,0.28833333333333333,0.2688888888888889,0.2761111111111111,0.2922222222222222,0.28,0.25722222222222224,0.2816666666666667,0.2727777777777778,0.2738888888888889,0.2633333333333333,0.2727777777777778,0.26166666666666666,0.2638888888888889,0.2722222222222222,0.27444444444444444,0.27111111111111114,0.27444444444444444,0.27555555555555555,0.2827777777777778,0.275,0.26055555555555554,0.2827777777777778,0.28055555555555556,0.2827777777777778
0.26	GG2	0.2788888888888889,0.2683333333333333,0.2738888888888889,0.2677777777777778,0.27555555555555555,0.27444444444444444,0.24666666666666667,0.2677777777777778,0.27944444444444444,0.2594444444444444,0.26055555555555554,0.2688888888888889,0.27666666666666667,0.2827777777777778,0.26666666666666666,0.28555555555555556,0.28555555555555556,0.2738888888888889,0.2722222222222222,0.2833333333333333,0.2777777777777778,0.27555555555555555,0.26,0.26722222222222225,0.2833333333333333,0.27166666666666667,0.2577777777777778,0.2738888888888889,0.2638888888888889,0.27555555555555555,0.26611111111111113,0.26166666666666666,0.26222222222222225,0.2577777777777778,0.26055555555555554,0.26222222222222225,0.26055555555555554,0.28833333333333333,0.27,0.26166666666666666,0.25555555555555554,0.27055555555555555,0.27111111111111114,0.2822222222222222,0.27055555555555555,0.2772222222222222,0.25722222222222224,0.26055555555555554,0.26611111111111113,0.285,0.2638888888888889,0.2577777777777778,0.28,0.25166666666666665,0.26166666666666666,0.24722222222222223,0.26,0.2611111111111111,0.2777777777777778,0.2722222222222222,0.27055555555555555,0.25,0.2722222222222222,0.27555555555555555,0.26555555555555554,0.2838888888888889,0.2788888888888889,0.28444444444444444,0.2833333333333333,0.26555555555555554,0.27055555555555555,0.2833333333333333,0.26166666666666666,0.24888888888888888,0.25333333333333335,0.2733333333333333,0.26722222222222225,0.2588888888888889,0.2683333333333333,0.2644444444444444,0.2783333333333333,0.2822222222222222,0.28,0.2772222222222222,0.24833333333333332,0.2683333333333333,0.25722222222222224,0.27,0.27444444444444444,0.2822222222222222,0.2772222222222222,0.2777777777777778,0.2738888888888889,0.26055555555555554,0.29555555555555557,0.2727777777777778,0.24833333333333332,0.2727777777777778,0.2538888888888889,0.27,0.26722222222222225,0.26055555555555554,0.25833333333333336,0.2866666666666667,0.2677777777777778,0.2777777777777778,0.285,0.28444444444444444,0.27666666666666667,0.29388888888888887,0.2611111111111111,0.2733333333333333,0.28,0.26666666666666666,0.26666666666666666,0.26055555555555554,0.27944444444444444,0.27666666666666667,0.28,0.27444444444444444,0.26944444444444443,0.27055555555555555,0.2677777777777778,0.26944444444444443,0.2833333333333333,0.25666666666666665,0.2683333333333333,0.2877777777777778,0.27166666666666667,0.27666666666666667,0.2644444444444444,0.2688888888888889,0.2594444444444444,0.2777777777777778,0.27444444444444444,0.26555555555555554,0.26611111111111113,0.29444444444444445,0.2683333333333333,0.27,0.28555555555555556,0.2811111111111111,0.255,0.2777777777777778,0.2561111111111111,0.2916666666666667,0.2722222222222222,0.265,0.26,0.27944444444444444,0.27166666666666667,0.265,0.24722222222222223,0.2722222222222222,0.27555555555555555,0.2677777777777778,0.27055555555555555,0.28,0.27666666666666667,0.2777777777777778,0.27444444444444444,0.2683333333333333,0.24555555555555555,0.2861111111111111,0.2838888888888889,0.2611111111111111,0.2627777777777778,0.2761111111111111,0.2683333333333333,0.2838888888888889,0.2633333333333333,0.2727777777777778,0.26555555555555554,0.27166666666666667,0.2588888888888889,0.265,0.29,0.2683333333333333,0.28555555555555556,0.29333333333333333,0.2761111111111111,0.2683333333333333,0.27944444444444444,0.25166666666666665,0.27111111111111114,0.265,0.28055555555555556,0.27111111111111114,0.2688888888888889,0.28055555555555556,0.27666666666666667,0.2633333333333333,0.26944444444444443,0.2738888888888889,0.28555555555555556,0.2772222222222222,0.2722222222222222,0.2833333333333333,0.285,0.2722222222222222
0.28	GEE	0.24722222222222223,0.26555555555555554,0.26944444444444443,0.2627777777777778,0.2544444444444444,0.2588888888888889,0.255,0.2577777777777778,0.2644444444444444,0.2594444444444444,0.26,0.25333333333333335,0.24944444444444444,0.2611111111111111,0.25555555555555554,0.2738888888888889,0.25722222222222224,0.2544444444444444,0.26,0.24222222222222223,0.2577777777777778,0.24833333333333332,0.26611111111111113,0.27166666666666667,0.2594444444444444,0.25666666666666665,0.2822222222222222,0.26222222222222225,0.24944444444444444,0.255,0.24333333333333335,0.27666666666666667,0.26555555555555554,0.27666666666666667,0.2588888888888889,0.26666666666666666,0.2538888888888889,0.2611111111111111,0.2594444444444444,0.24944444444444444,0.24888888888888888,0.26222222222222225,0.2688888888888889,0.26666666666666666,0.26611111111111113,0.26166666666666666,0.27,0.2644444444444444,0.2561111111111111,0.265,0.2811111111111111,0.25277777777777777,0.26,0.27111111111111114,0.245,0.2594444444444444,0.25333333333333335,0.25722222222222224,0.26722222222222225,0.26222222222222225,0.24388888888888888,0.25,0.26666666666666666,0.2777777777777778,0.2733333333333333,0.2594444444444444,0.25722222222222224,0.26611111111111113,0.26055555555555554,0.26,0.25555555555555554,0.26055555555555554,0.26222222222222225,0.27111111111111114,0.2638888888888889,0.2677777777777778,0.26055555555555554,0.26,0.26611111111111113,0.2822222222222222,0.24888888888888888,0.2538888888888889,0.2727777777777778,0.26,0.26555555555555554,0.2761111111111111,0.25555555555555554,0.24388888888888888,0.2644444444444444,0.2544444444444444,0.2544444444444444,0.25555555555555554,0.25333333333333335,0.27111111111111114,0.2538888888888889,0.2722222222222222,0.26166666666666666,0.26166666666666666,0.25166666666666665,0.26,0.2677777777777778,0.2577777777777778,0.2611111111111111,0.25277777777777777,0.2561111111111111,0.25666666666666665,0.2638888888888889,0.25222222222222224,0.26055555555555554,0.2577777777777778,0.25055555555555553,0.26722222222222225,0.25333333333333335,0.2588888888888889,0.24888888888888888,0.25,0.26,0.2727777777777778,0.26611111111111113,0.24333333333333335,0.2677777777777778,0.2611111111111111,0.24888888888888888,0.2727777777777778,0.25333333333333335,0.2611111111111111,0.2638888888888889,0.2588888888888889,0.2683333333333333,0.24944444444444444,0.25,0.26222222222222225,0.27111111111111114,0.2738888888888889,0.2427777777777778,0.2611111111111111,0.2594444444444444,0.27111111111111114,0.2594444444444444,0.2611111111111111,0.25166666666666665,0.25166666666666665,0.2561111111111111,0.2727777777777778,0.2688888888888889,0.2611111111111111,0.2683333333333333,0.2594444444444444,0.25833333333333336,0.24333333333333335,0.2816666666666667,0.25833333333333336,0.2733333333333333,0.2477777777777778,0.24666666666666667,0.24833333333333332,0.265,0.2722222222222222,0.25055555555555553,0.26222222222222225,0.2688888888888889,0.25166666666666665,0.2594444444444444,0.2638888888888889,0.255,0.25222222222222224,0.2633333333333333,0.2588888888888889,0.26166666666666666,0.25333333333333335,0.24888888888888888,0.25666666666666665,0.265,0.255,0.2638888888888889,0.27166666666666667,0.255,0.2644444444444444,0.24722222222222223,0.26,0.2733333333333333,0.2722222222222222,0.2511111111111111,0.25333333333333335,0.26,0.25833333333333336,0.24388888888888888,0.2738888888888889,0.26222222222222225,0.26555555555555554,0.2722222222222222,0.27666666666666667,0.2538888888888889,0.2722222222222222,0.26611111111111113,0.2577777777777778,0.2627777777777778,0.25666666666666665,0.26722222222222225,0.26666666666666666
0.28	GNN	0.2633333333333333,0.24666666666666667,0.24166666666666667,0.25055555555555553,0.27111111111111114,0.25666666666666665,0.2588888888888889,0.25333333333333335,0.25333333333333335,0.2561111111111111,0.2727777777777778,0.25722222222222224,0.25666666666666665,0.25333333333333335,0.26166666666666666,0.25666666666666665,0.2577777777777778,0.26722222222222225,0.25166666666666665,0.26722222222222225,0.2511111111111111,0.23944444444444443,0.26666666666666666,0.2727777777777778,0.25277777777777777,0.24944444444444444,0.26611111111111113,0.25166666666666665,0.2561111111111111,0.2772222222222222,0.26666666666666666,0.24555555555555555,0.24444444444444444,0.27,0.2511111111111111,0.25333333333333335,0.2638888888888889,0.25277777777777777,0.26666666666666666,0.25,0.275,0.2638888888888889,0.25666666666666665,0.2588888888888889,0.2688888888888889,0.255,0.25833333333333336,0.24888888888888888,0.26166666666666666,0.25055555555555553,0.2688888888888889,0.25833333333333336,0.25833333333333336,0.27,0.26055555555555554,0.2577777777777778,0.24222222222222223,0.2588888888888889,0.25,0.2544444444444444,0.2633333333333333,0.2461111111111111,0.24555555555555555,0.24944444444444444,0.245,0.26944444444444443,0.2511111111111111,0.2733333333333333,0.2727777777777778,0.26555555555555554,0.24388888888888888,0.2638888888888889,0.2783333333333333,0.2538888888888889,0.25833333333333336,0.2611111111111111,0.2388888888888889,0.25555555555555554,0.24944444444444444,0.26,0.2594444444444444,0.26055555555555554,0.25,0.25277777777777777,0.26722222222222225,0.26611111111111113,0.26555555555555554,0.2588888888888889,0.25555555555555554,0.26055555555555554,0.2627777777777778,0.2627777777777778,0.24722222222222223,0.24722222222222223,0.255,0.24944444444444444,0.25666666666666665,0.2461111111111111,0.2644444444444444,0.2733333333333333,0.26055555555555554,0.26166666666666666,0.2738888888888889,0.255,0.255,0.25222222222222224,0.26944444444444443,0.26722222222222225,0.27,0.2822222222222222,0.2677777777777778,0.26222222222222225,0.25333333333333335,0.2538888888888889,0.2638888888888889,0.2633333333333333,0.2627777777777778,0.27055555555555555,0.2588888888888889,0.2761111111111111,0.2544444444444444,0.2611111111111111,0.25722222222222224,0.2511111111111111,0.2727777777777778,0.2538888888888889,0.26166666666666666,0.27,0.26944444444444443,0.2611111111111111,0.26055555555555554,0.27111111111111114,0.24888888888888888,0.26611111111111113,0.2633333333333333,0.28,0.25277777777777777,0.26,0.27111111111111114,0.255,0.2511111111111111,0.2561111111111111,0.24833333333333332,0.2511111111111111,0.26222222222222225,0.2561111111111111,0.27944444444444444,0.2644444444444444,0.26944444444444443,0.26,0.2644444444444444,0.2561111111111111,0.26555555555555554,0.2411111111111111,0.26,0.2477777777777778,0.2461111111111111,0.2638888888888889,0.26166666666666666,0.2561111111111111,0.2683333333333333,0.24444444444444444,0.2722222222222222,0.26055555555555554,0.24722222222222223,0.245,0.24,0.2538888888888889,0.25666666666666665,0.25666666666666665,0.2638888888888889,0.25555555555555554,0.2683333333333333,0.25277777777777777,0.2461111111111111,0.26,0.2561111111111111,0.26166666666666666,0.26055555555555554,0.2588888888888889,0.25222222222222224,0.27,0.24222222222222223,0.2627777777777778,0.2538888888888889,0.25555555555555554,0.24833333333333332,0.2561111111111111,0.245,0.2588888888888889,0.24666666666666667,0.26055555555555554,0.26611111111111113,0.25222222222222224,0.26222222222222225,0.2561111111111111,0.2561111111111111,0.25055555555555553,0.24388888888888888,0.25722222222222224
0.28	GG	0.2511111111111111,0.2577777777777778,0.2644444444444444,0.2638888888888889,0.25722222222222224,0.24833333333333332,0.2638888888888889,0.26,0.23944444444444443,0.24833333333333332,0.24722222222222223,0.2588888888888889,0.27111111111111114,0.26055555555555554,0.25166666666666665,0.26222222222222225,0.26555555555555554,0.245,0.2561111111111111,0.2427777777777778,0.2611111111111111,0.2477777777777778,0.2633333333333333,0.255,0.25666666666666665,0.25722222222222224,0.2611111111111111,0.27166666666666667,0.255,0.24444444444444444,0.23722222222222222,0.2638888888888889,0.2677777777777778,0.2722222222222222,0.25277777777777777,0.25277777777777777,0.2538888888888889,0.2588888888888889,0.2588888888888889,0.25055555555555553,0.24944444444444444,0.2683333333333333,0.2577777777777778,0.27166666666666667,0.26222222222222225,0.265,0.2544444444444444,0.2727777777777778,0.26,0.26944444444444443,0.2733333333333333,0.24222222222222223,0.24166666666666667,0.25833333333333336,0.24333333333333335,0.2511111111111111,0.26555555555555554,0.2461111111111111,0.26222222222222225,0.2627777777777778,0.245,0.26,0.27166666666666667,0.2644444444444444,0.26611111111111113,0.2611111111111111,0.25333333333333335,0.2594444444444444,0.26055555555555554,0.2411111111111111,0.2633333333333333,0.2611111111111111,0.24944444444444444,0.25722222222222224,0.26611111111111113,0.26222222222222225,0.26611111111111113,0.26,0.27,0.26,0.2561111111111111,0.25833333333333336,0.25666666666666665,0.2577777777777778,0.2722222222222222,0.2727777777777778,0.2611111111111111,0.24388888888888888,0.25555555555555554,0.2561111111111111,0.2644444444444444,0.25166666666666665,0.2538888888888889,0.2561111111111111,0.2544444444444444,0.25666666666666665,0.2561111111111111,0.27166666666666667,0.2627777777777778,0.265,0.26055555555555554,0.25333333333333335,0.26611111111111113,0.2594444444444444,0.2561111111111111,0.2627777777777778,0.27055555555555555,0.25722222222222224,0.25722222222222224,0.26722222222222225,0.25722222222222224,0.27666666666666667,0.24444444444444444,0.24888888888888888,0.25666666666666665,0.2538888888888889,0.27166666666666667,0.26722222222222225,0.27555555555555555,0.25722222222222224,0.2611111111111111,0.27166666666666667,0.25166666666666665,0.27166666666666667,0.2538888888888889,0.25222222222222224,0.2816666666666667,0.2677777777777778,0.25722222222222224,0.26,0.24333333333333335,0.2561111111111111,0.2627777777777778,0.2677777777777778,0.25666666666666665,0.2588888888888889,0.2827777777777778,0.27,0.2633333333333333,0.25333333333333335,0.24722222222222223,0.2594444444444444,0.26222222222222225,0.26666666666666666,0.2627777777777778,0.24888888888888888,0.2594444444444444,0.25222222222222224,0.24555555555555555,0.265,0.25722222222222224,0.27055555555555555,0.2688888888888889,0.25055555555555553,0.24,0.24666666666666667,0.2677777777777778,0.2544444444444444,0.2544444444444444,0.2611111111111111,0.2627777777777778,0.25277777777777777,0.2588888888888889,0.26,0.26222222222222225,0.2683333333333333,0.2588888888888889,0.2611111111111111,0.2588888888888889,0.25722222222222224,0.2538888888888889,0.25,0.265,0.265,0.2594444444444444,0.26,0.24944444444444444,0.2788888888888889,0.2611111111111111,0.2594444444444444,0.26611111111111113,0.27055555555555555,0.245,0.245,0.26,0.2561111111111111,0.23833333333333334,0.26611111111111113,0.26611111111111113,0.255,0.27,0.27055555555555555,0.24944444444444444,0.2627777777777778,0.2633333333333333,0.265,0.2638888888888889,0.265,0.2677777777777778,0.27944444444444444
0.28	GG2	0.26222222222222225,0.25833333333333336,0.27166666666666667,0.2633333333333333,0.25166666666666665,0.2477777777777778,0.2594444444444444,0.2588888888888889,0.245,0.27,0.2594444444444444,0.245,0.25555555555555554,0.25555555555555554,0.25333333333333335,0.275,0.27111111111111114,0.2588888888888889,0.24722222222222223,0.25333333333333335,0.2627777777777778,0.26555555555555554,0.2611111111111111,0.2638888888888889,0.25722222222222224,0.2594444444444444,0.27944444444444444,0.27166666666666667,0.2477777777777778,0.2611111111111111,0.2427777777777778,0.2722222222222222,0.2738888888888889,0.26222222222222225,0.2561111111111111,0.2544444444444444,0.2683333333333333,0.26055555555555554,0.26944444444444443,0.25055555555555553,0.25,0.2511111111111111,0.2638888888888889,0.2588888888888889,0.2588888888888889,0.26,0.2594444444444444,0.2588888888888889,0.25555555555555554,0.25722222222222224,0.27555555555555555,0.245,0.24833333333333332,0.26222222222222225,0.24722222222222223,0.245,0.26611111111111113,0.2633333333333333,0.2588888888888889,0.2638888888888889,0.23944444444444443,0.25,0.24666666666666667,0.25722222222222224,0.2727777777777778,0.25555555555555554,0.25166666666666665,0.26166666666666666,0.265,0.24555555555555555,0.2594444444444444,0.2511111111111111,0.24444444444444444,0.25555555555555554,0.255,0.2577777777777778,0.2477777777777778,0.25555555555555554,0.25833333333333336,0.2638888888888889,0.255,0.25055555555555553,0.26555555555555554,0.26055555555555554,0.2561111111111111,0.26944444444444443,0.2561111111111111,0.2511111111111111,0.2544444444444444,0.25722222222222224,0.265,0.24944444444444444,0.25166666666666665,0.27555555555555555,0.2544444444444444,0.2644444444444444,0.25333333333333335,0.2688888888888889,0.2477777777777778,0.25555555555555554,0.25333333333333335,0.2511111111111111,0.2738888888888889,0.2538888888888889,0.2644444444444444,0.2477777777777778,0.265,0.2594444444444444,0.24888888888888888,0.26611111111111113,0.25055555555555553,0.25333333333333335,0.24222222222222223,0.2544444444444444,0.24722222222222223,0.2588888888888889,0.2777777777777778,0.26722222222222225,0.26611111111111113,0.2544444444444444,0.2644444444444444,0.2733333333333333,0.26,0.2777777777777778,0.24388888888888888,0.25222222222222224,0.2738888888888889,0.2611111111111111,0.265,0.23166666666666666,0.23777777777777778,0.26222222222222225,0.2461111111111111,0.2727777777777778,0.26611111111111113,0.27,0.27055555555555555,0.255,0.26055555555555554,0.24833333333333332,0.25166666666666665,0.24944444444444444,0.24555555555555555,0.2644444444444444,0.25722222222222224,0.245,0.25833333333333336,0.2411111111111111,0.23666666666666666,0.26055555555555554,0.2611111111111111,0.27111111111111114,0.2683333333333333,0.245,0.23833333333333334,0.2461111111111111,0.26222222222222225,0.2511111111111111,0.2544444444444444,0.2544444444444444,0.2688888888888889,0.2511111111111111,0.26,0.2638888888888889,0.2627777777777778,0.26,0.25055555555555553,0.24722222222222223,0.2633333333333333,0.2544444444444444,0.23666666666666666,0.25222222222222224,0.25722222222222224,0.2627777777777778,0.2677777777777778,0.25555555555555554,0.25666666666666665,0.27555555555555555,0.2588888888888889,0.26166666666666666,0.27166666666666667,0.26666666666666666,0.24555555555555555,0.22722222222222221,0.2511111111111111,0.25722222222222224,0.25555555555555554,0.2627777777777778,0.25277777777777777,0.2544444444444444,0.2588888888888889,0.26666666666666666,0.24555555555555555,0.2644444444444444,0.26666666666666666,0.26166666666666666,0.24944444444444444,0.26055555555555554,0.26166666666666666,0.27555555555555555
0.3	GEE	0.245,0.24666666666666667,0.25222222222222224,0.24666666666666667,0.2683333333333333,0.2561111111111111,0.2461111111111111,0.2594444444444444,0.26222222222222225,0.2627777777777778,0.24222222222222223,0.2561111111111111,0.25555555555555554,0.24222222222222223,0.26611111111111113,0.2611111111111111,0.26,0.25277777777777777,0.24222222222222223,0.2544444444444444,0.2511111111111111,0.24333333333333335,0.25166666666666665,0.25277777777777777,0.23944444444444443,0.24666666666666667,0.2561111111111111,0.2477777777777778,0.2538888888888889,0.235,0.2561111111111111,0.22444444444444445,0.2644444444444444,0.24722222222222223,0.2577777777777778,0.2677777777777778,0.265,0.26944444444444443,0.2611111111111111,0.24166666666666667,0.2388888888888889,0.2594444444444444,0.25555555555555554,0.26611111111111113,0.26,0.24388888888888888,0.25833333333333336,0.25833333333333336,0.2611111111111111,0.2511111111111111,0.255,0.22777777777777777,0.26611111111111113,0.2288888888888889,0.24555555555555555,0.24444444444444444,0.245,0.24222222222222223,0.2638888888888889,0.24388888888888888,0.26555555555555554,0.24833333333333332,0.2677777777777778,0.24833333333333332,0.27,0.25555555555555554,0.2477777777777778,0.2627777777777778,0.2561111111111111,0.25,0.24833333333333332,0.2538888888888889,0.2633333333333333,0.22833333333333333,0.23333333333333334,0.22722222222222221,0.255,0.2511111111111111,0.25055555555555553,0.25222222222222224,0.24666666666666667,0.2411111111111111,0.26944444444444443,0.2427777777777778,0.24833333333333332,0.2427777777777778,0.26,0.24888888888888888,0.23833333333333334,0.2311111111111111,0.25722222222222224,0.2677777777777778,0.2677777777777778,0.255,0.23722222222222222,0.25055555555555553,0.24944444444444444,0.25333333333333335,0.2594444444444444,0.2722222222222222,0.2477777777777778,0.2627777777777778,0.24444444444444444,0.25333333333333335,0.26,0.25222222222222224,0.245,0.2477777777777778,0.26055555555555554,0.25222222222222224,0.2461111111111111,0.24722222222222223,0.2544444444444444,0.23666666666666666,0.2538888888888889,0.2538888888888889,0.25277777777777777,0.25833333333333336,0.245,0.25833333333333336,0.24166666666666667,0.25555555555555554,0.23833333333333334,0.2538888888888889,0.2588888888888889,0.24222222222222223,0.265,0.25222222222222224,0.24444444444444444,0.26166666666666666,0.24944444444444444,0.24666666666666667,0.25,0.25722222222222224,0.24944444444444444,0.23944444444444443,0.25722222222222224,0.2338888888888889,0.23166666666666666,0.2627777777777778,0.24888888888888888,0.2588888888888889,0.24333333333333335,0.2477777777777778,0.2427777777777778,0.25666666666666665,0.2627777777777778,0.255,0.24833333333333332,0.25722222222222224,0.2594444444444444,0.255,0.25166666666666665,0.25833333333333336,0.2611111111111111,0.27055555555555555,0.25722222222222224,0.2411111111111111,0.2411111111111111,0.23944444444444443,0.2688888888888889,0.2477777777777778,0.23055555555555557,0.23722222222222222,0.2461111111111111,0.24666666666666667,0.2561111111111111,0.25833333333333336,0.2511111111111111,0.24166666666666667,0.24388888888888888,0.2544444444444444,0.26222222222222225,0.2594444444444444,0.2611111111111111,0.26722222222222225,0.25222222222222224,0.25333333333333335,0.24555555555555555,0.24333333333333335,0.24444444444444444,0.25277777777777777,0.23555555555555555,0.25055555555555553,0.26666666666666666,0.23666666666666666,0.2427777777777778,0.2427777777777778,0.25833333333333336,0.23833333333333334,0.26611111111111113,0.2511111111111111,0.25222222222222224,0.25555555555555554,0.2427777777777778,0.24333333333333335,0.2461111111111111,0.25222222222222224,0.2683333333333333,0.2588888888888889
0.3	GNN	0.24555555555555555,0.2427777777777778,0.2511111111111111,0.26,0.25166666666666665,0.27166666666666667,0.24444444444444444,0.26555555555555554,0.2683333333333333,0.24166666666666667,0.2538888888888889,0.24222222222222223,0.2538888888888889,0.2627777777777778,0.24666666666666667,0.2588888888888889,0.2577777777777778,0.25555555555555554,0.27055555555555555,0.2638888888888889,0.26666666666666666,0.2611111111111111,0.24444444444444444,0.27055555555555555,0.25166666666666665,0.2733333333333333,0.26166666666666666,0.2544444444444444,0.25277777777777777,0.255,0.25722222222222224,0.2627777777777778,0.22166666666666668,0.24722222222222223,0.2633333333333333,0.26166666666666666,0.25333333333333335,0.26,0.26166666666666666,0.26055555555555554,0.26944444444444443,0.2683333333333333,0.24833333333333332,0.2627777777777778,0.24944444444444444,0.24722222222222223,0.25222222222222224,0.25277777777777777,0.24722222222222223,0.24888888888888888,0.2722222222222222,0.2611111111111111,0.26,0.24833333333333332,0.26222222222222225,0.2461111111111111,0.25166666666666665,0.23055555555555557,0.25555555555555554,0.2461111111111111,0.26055555555555554,0.245,0.25666666666666665,0.25222222222222224,0.2388888888888889,0.24944444444444444,0.27,0.2594444444444444,0.27,0.24444444444444444,0.2511111111111111,0.26611111111111113,0.24833333333333332,0.25555555555555554,0.24055555555555555,0.24833333333333332,0.2644444444444444,0.235,0.26722222222222225,0.25333333333333335,0.2461111111111111,0.25555555555555554,0.24444444444444444,0.255,0.23944444444444443,0.24888888888888888,0.2638888888888889,0.25222222222222224,0.24944444444444444,0.26555555555555554,0.2538888888888889,0.2594444444444444,0.25666666666666665,0.25666666666666665,0.2722222222222222,0.25333333333333335,0.2511111111111111,0.25333333333333335,0.25055555555555553,0.24166666666666667,0.2411111111111111,0.245,0.26166666666666666,0.2561111111111111,0.26944444444444443,0.2538888888888889,0.2544444444444444,0.24666666666666667,0.25277777777777777,0.26166666666666666,0.26166666666666666,0.25,0.25555555555555554,0.24555555555555555,0.24833333333333332,0.25555555555555554,0.24555555555555555,0.255,0.2627777777777778,0.2561111111111111,0.24055555555555555,0.2727777777777778,0.2461111111111111,0.24166666666666667,0.27055555555555555,0.27055555555555555,0.25722222222222224,0.2577777777777778,0.25555555555555554,0.24055555555555555,0.2461111111111111,0.25555555555555554,0.25666666666666665,0.2511111111111111,0.2638888888888889,0.2627777777777778,0.27,0.25222222222222224,0.26055555555555554,0.24666666666666667,0.25,0.2361111111111111,0.2544444444444444,0.2638888888888889,0.26,0.26944444444444443,0.24388888888888888,0.27055555555555555,0.26611111111111113,0.24388888888888888,0.24944444444444444,0.265,0.24888888888888888,0.25555555555555554,0.25055555555555553,0.25,0.2561111111111111,0.26222222222222225,0.2677777777777778,0.25,0.2588888888888889,0.245,0.22777777777777777,0.2538888888888889,0.2561111111111111,0.2633333333333333,0.2577777777777778,0.25666666666666665,0.2511111111111111,0.2594444444444444,0.2388888888888889,0.2738888888888889,0.24,0.2461111111111111,0.2677777777777778,0.25277777777777777,0.2611111111111111,0.2688888888888889,0.2677777777777778,0.25166666666666665,0.2594444444444444,0.25,0.2644444444444444,0.25333333333333335,0.25333333333333335,0.24833333333333332,0.24888888888888888,0.25722222222222224,0.255,0.2633333333333333,0.24888888888888888,0.26166666666666666,0.2311111111111111,0.2511111111111111,0.24722222222222223,0.2544444444444444,0.2688888888888889,0.25277777777777777,0.24555555555555555,0.2594444444444444
0.3	GG	0.24222222222222223,0.24222222222222223,0.235,0.25222222222222224,0.2594444444444444,0.25333333333333335,0.24333333333333335,0.24666666666666667,0.255,0.25277777777777777,0.225,0.23777777777777778,0.2411111111111111,0.24388888888888888,0.25222222222222224,0.26555555555555554,0.2683333333333333,0.2538888888888889,0.24944444444444444,0.25277777777777777,0.26,0.24222222222222223,0.25277777777777777,0.2538888888888889,0.25833333333333336,0.2411111111111111,0.26666666666666666,0.24888888888888888,0.25277777777777777,0.2594444444444444,0.26166666666666666,0.23722222222222222,0.2611111111111111,0.2538888888888889,0.25277777777777777,0.27555555555555555,0.2561111111111111,0.2638888888888889,0.26055555555555554,0.24555555555555555,0.2633333333333333,0.24222222222222223,0.26555555555555554,0.26222222222222225,0.25833333333333336,0.24166666666666667,0.25722222222222224,0.2638888888888889,0.25277777777777777,0.255,0.24055555555555555,0.24444444444444444,0.2633333333333333,0.24055555555555555,0.2627777777777778,0.24666666666666667,0.2544444444444444,0.24666666666666667,0.25833333333333336,0.2338888888888889,0.23444444444444446,0.25722222222222224,0.25722222222222224,0.23944444444444443,0.2644444444444444,0.2577777777777778,0.24444444444444444,0.24944444444444444,0.2388888888888889,0.24444444444444444,0.25222222222222224,0.26166666666666666,0.26166666666666666,0.23555555555555555,0.23277777777777778,0.235,0.24166666666666667,0.2338888888888889,0.24944444444444444,0.2561111111111111,0.25833333333333336,0.23055555555555557,0.25722222222222224,0.24888888888888888,0.24833333333333332,0.25722222222222224,0.2577777777777778,0.24722222222222223,0.25333333333333335,0.25166666666666665,0.24388888888888888,0.26,0.25222222222222224,0.2511111111111111,0.25666666666666665,0.24833333333333332,0.25722222222222224,0.25277777777777777,0.2627777777777778,0.2411111111111111,0.26166666666666666,0.25222222222222224,0.24166666666666667,0.25055555555555553,0.25166666666666665,0.26055555555555554,0.25055555555555553,0.25333333333333335,0.26722222222222225,0.25055555555555553,0.25833333333333336,0.23722222222222222,0.24722222222222223,0.25277777777777777,0.25722222222222224,0.2477777777777778,0.25277777777777777,0.24944444444444444,0.24888888888888888,0.26,0.23777777777777778,0.25166666666666665,0.245,0.24944444444444444,0.26722222222222225,0.25166666666666665,0.25833333333333336,0.26222222222222225,0.2338888888888889,0.25,0.25833333333333336,0.2477777777777778,0.25722222222222224,0.25166666666666665,0.2638888888888889,0.24833333333333332,0.24944444444444444,0.23277777777777778,0.24666666666666667,0.27666666666666667,0.2588888888888889,0.2538888888888889,0.24388888888888888,0.2388888888888889,0.23833333333333334,0.25666666666666665,0.25166666666666665,0.2722222222222222,0.25166666666666665,0.26611111111111113,0.25222222222222224,0.2544444444444444,0.2561111111111111,0.2544444444444444,0.24888888888888888,0.2688888888888889,0.26055555555555554,0.255,0.23277777777777778,0.23722222222222222,0.26611111111111113,0.2544444444444444,0.23333333333333334,0.24888888888888888,0.23555555555555555,0.25,0.245,0.25333333333333335,0.25055555555555553,0.265,0.23777777777777778,0.25833333333333336,0.2644444444444444,0.24555555555555555,0.26055555555555554,0.25833333333333336,0.25666666666666665,0.25722222222222224,0.25166666666666665,0.24666666666666667,0.25166666666666665,0.2361111111111111,0.24722222222222223,0.24888888888888888,0.2544444444444444,0.25833333333333336,0.2427777777777778,0.23555555555555555,0.2611111111111111,0.22444444444444445,0.2611111111111111,0.24388888888888888,0.25722222222222224,0.25833333333333336,0.24388888888888888,0.24222222222222223,0.2577777777777778,0.2461111111111111,0.2611111111111111,0.25
0.3	GG2	0.255,0.24722222222222223,0.2561111111111111,0.2538888888888889,0.26611111111111113,0.2477777777777778,0.24833333333333332,0.2561111111111111,0.24833333333333332,0.26666666666666666,0.23222222222222222,0.2388888888888889,0.255,0.2461111111111111,0.27111111111111114,0.27,0.265,0.25055555555555553,0.25222222222222224,0.2561111111111111,0.24722222222222223,0.24388888888888888,0.24722222222222223,0.2477777777777778,0.24722222222222223,0.23722222222222222,0.2688888888888889,0.25222222222222224,0.2638888888888889,0.24666666666666667,0.25277777777777777,0.2222222222222222,0.2544444444444444,0.24166666666666667,0.25166666666666665,0.26944444444444443,0.25333333333333335,0.27,0.25833333333333336,0.2477777777777778,0.24388888888888888,0.2538888888888889,0.255,0.2722222222222222,0.2511111111111111,0.24333333333333335,0.2427777777777778,0.27166666666666667,0.24555555555555555,0.25666666666666665,0.24833333333333332,0.25222222222222224,0.2577777777777778,0.2461111111111111,0.2638888888888889,0.23722222222222222,0.25722222222222224,0.24888888888888888,0.26,0.24888888888888888,0.255,0.2411111111111111,0.25555555555555554,0.2461111111111111,0.265,0.26166666666666666,0.25055555555555553,0.2544444444444444,0.24888888888888888,0.2588888888888889,0.26222222222222225,0.2588888888888889,0.25222222222222224,0.2338888888888889,0.23333333333333334,0.23,0.2644444444444444,0.24444444444444444,0.2561111111111111,0.24722222222222223,0.2683333333333333,0.2461111111111111,0.2561111111111111,0.2427777777777778,0.23666666666666666,0.2511111111111111,0.2588888888888889,0.2477777777777778,0.24166666666666667,0.2561111111111111,0.2644444444444444,0.24833333333333332,0.2561111111111111,0.2288888888888889,0.24888888888888888,0.24944444444444444,0.2477777777777778,0.26166666666666666,0.25555555555555554,0.2611111111111111,0.26722222222222225,0.25222222222222224,0.23944444444444443,0.24722222222222223,0.2561111111111111,0.26944444444444443,0.2638888888888889,0.24833333333333332,0.2511111111111111,0.24833333333333332,0.2477777777777778,0.24666666666666667,0.26222222222222225,0.2427777777777778,0.25166666666666665,0.2638888888888889,0.2544444444444444,0.245,0.24222222222222223,0.27055555555555555,0.24888888888888888,0.26,0.24222222222222223,0.25722222222222224,0.26666666666666666,0.23555555555555555,0.26666666666666666,0.24666666666666667,0.24055555555555555,0.24722222222222223,0.25555555555555554,0.24333333333333335,0.24944444444444444,0.26222222222222225,0.2538888888888889,0.24166666666666667,0.24722222222222223,0.25,0.22777777777777777,0.2611111111111111,0.2538888888888889,0.2477777777777778,0.26666666666666666,0.25333333333333335,0.25277777777777777,0.24944444444444444,0.26222222222222225,0.26055555555555554,0.2611111111111111,0.25555555555555554,0.24888888888888888,0.25555555555555554,0.2477777777777778,0.255,0.25722222222222224,0.2561111111111111,0.24666666666666667,0.25055555555555553,0.235,0.24,0.2611111111111111,0.25166666666666665,0.23055555555555557,0.24444444444444444,0.24388888888888888,0.2644444444444444,0.25222222222222224,0.25055555555555553,0.24388888888888888,0.25055555555555553,0.245,0.26722222222222225,0.25277777777777777,0.24722222222222223,0.24833333333333332,0.26222222222222225,0.2633333333333333,0.265,0.2477777777777778,0.24888888888888888,0.2461111111111111,0.24222222222222223,0.2361111111111111,0.24833333333333332,0.2511111111111111,0.24055555555555555,0.24388888888888888,0.2461111111111111,0.26055555555555554,0.22722222222222221,0.24833333333333332,0.2544444444444444,0.2727777777777778,0.2638888888888889,0.22444444444444445,0.24555555555555555,0.24333333333333335,0.23722222222222222,0.2627777777777778,0.26611111111111113
