0.0	GEE	0.005448102951049805,0.005255222320556641,0.005276918411254883,0.005288124084472656,0.0054171085357666016,0.005251884460449219,0.005566120147705078,0.005636930465698242,0.0057871341705322266,0.0051991939544677734,0.005125999450683594,0.00516510009765625,0.005287885665893555,0.0051708221435546875,0.0051920413970947266,0.0051670074462890625,0.0052242279052734375,0.005185842514038086,0.005217075347900391,0.005260944366455078,0.005224943161010742,0.005392313003540039,0.005303144454956055,0.005321025848388672,0.005281925201416016,0.0052471160888671875,0.005409955978393555,0.0050809383392333984,0.0051729679107666016,0.005365610122680664,0.0052068233489990234,0.0051729679107666016,0.00518488883972168,0.0051422119140625,0.005296945571899414,0.005159139633178711,0.005300998687744141,0.005246877670288086,0.005274057388305664,0.005423069000244141,0.005074024200439453,0.005479097366333008,0.005209684371948242,0.0051462650299072266,0.005169868469238281,0.005213022232055664,0.005179882049560547,0.0054111480712890625,0.005266904830932617,0.005198001861572266,0.0054018497467041016,0.00517725944519043,0.005196094512939453,0.005185842514038086,0.005400896072387695,0.0054247379302978516,0.005507946014404297,0.005136966705322266,0.0057599544525146484,0.005377054214477539,0.005629062652587891,0.005156993865966797,0.005258083343505859,0.0050661563873291016,0.005492210388183594,0.005211830139160156,0.005141019821166992,0.0052337646484375,0.005280971527099609,0.0052759647369384766,0.005205869674682617,0.005235910415649414,0.005509853363037109,0.005143880844116211,0.005147218704223633,0.0052950382232666016,0.005225181579589844,0.005147218704223633,0.005740165710449219,0.0052759647369384766,0.005359172821044922,0.005167961120605469,0.0051038265228271484,0.005415916442871094,0.005548954010009766,0.005395174026489258,0.005337715148925781,0.0054171085357666016,0.005465984344482422,0.0053899288177490234,0.005384922027587891,0.0053899288177490234,0.01638317108154297,0.0052947998046875,0.005496978759765625,0.005255222320556641,0.0053980350494384766,0.005490303039550781,0.0060253143310546875,0.005357027053833008,0.0055141448974609375,0.00531005859375,0.00534510612487793,0.00537419319152832,0.005349874496459961,0.0054781436920166016,0.005590915679931641,0.00522613525390625,0.005321025848388672,0.0052258968353271484,0.005315065383911133,0.005185127258300781,0.005160808563232422,0.005118846893310547,0.005163908004760742,0.0051801204681396484,0.005248069763183594,0.005175113677978516,0.005110740661621094,0.005277156829833984,0.005074024200439453,0.005505084991455078,0.005244016647338867,0.005213022232055664,0.005176067352294922,0.005199909210205078,0.0052869319915771484,0.005154132843017578,0.00519871711730957,0.005113840103149414,0.005224943161010742,0.005312204360961914,0.005661725997924805,0.005263090133666992,0.005299091339111328,0.005219697952270508,0.00514984130859375,0.005223989486694336,0.0052301883697509766,0.0052678585052490234,0.005216121673583984,0.005189180374145508,0.0052280426025390625,0.005173921585083008,0.0051991939544677734,0.005145072937011719,0.005156755447387695,0.0051860809326171875,0.005138874053955078,0.005279064178466797,0.005204916000366211,0.00524592399597168,0.0051839351654052734,0.005300998687744141,0.0051801204681396484,0.005532979965209961,0.0053250789642333984,0.005177021026611328,0.005357027053833008,0.005077838897705078,0.0053708553314208984,0.005125284194946289,0.005185127258300781,0.0051157474517822266,0.00527501106262207,0.00521397590637207,0.005219221115112305,0.005191326141357422,0.005221128463745117,0.005173683166503906,0.005158185958862305,0.0052490234375,0.005284786224365234,0.005086183547973633,0.005486965179443359,0.0052337646484375,0.005192995071411133,0.005193948745727539,0.005450010299682617,0.005400180816650391,0.005182981491088867,0.005806922912597656,0.005185842514038086,0.0051729679107666016,0.005092144012451172,0.005190134048461914,0.0056149959564208984,0.0055141448974609375,0.005248069763183594,0.005192995071411133,0.005169868469238281,0.005218982696533203,0.0052182674407958984,0.005187034606933594,0.005478858947753906,0.005122661590576172,0.00511622428894043,0.00516200065612793,0.005175113677978516,0.005271196365356445
0.0	GNN	0.33647894859313965,0.42546772956848145,0.28162693977355957,0.6738648414611816,0.2364187240600586,0.3648970127105713,0.25429201126098633,0.8021829128265381,0.2855989933013916,0.26375508308410645,0.2627091407775879,0.30634188652038574,0.33306026458740234,0.2771918773651123,0.19321584701538086,0.25653791427612305,0.2501356601715088,0.23645877838134766,0.36440205574035645,0.23662686347961426,0.24642300605773926,0.2142658233642578,0.23949885368347168,0.25110411643981934,0.5967769622802734,0.3545379638671875,0.2713301181793213,0.21593189239501953,0.24387502670288086,0.49696993827819824,0.242448091506958,0.21187210083007812,0.2597999572753906,0.447951078414917,0.2563939094543457,0.2562441825866699,0.29077792167663574,0.6426270008087158,0.4798409938812256,0.3833470344543457,0.35228490829467773,0.23813986778259277,0.34296107292175293,0.38196301460266113,0.27733802795410156,0.39545702934265137,0.2150890827178955,0.31131815910339355,0.289905309677124,0.6220049858093262,0.3111889362335205,0.23834490776062012,0.3611609935760498,0.23340487480163574,0.41248202323913574,0.614483118057251,0.2964029312133789,0.24408793449401855,0.2910938262939453,0.2334580421447754,0.34929895401000977,0.24457907676696777,0.22852516174316406,0.40804100036621094,0.2350599765777588,0.39866185188293457,0.3068981170654297,0.38332629203796387,0.3855910301208496,0.24069476127624512,0.48771190643310547,0.4016299247741699,0.257922887802124,0.2212378978729248,0.2532968521118164,0.2785310745239258,0.27982425689697266,0.27790403366088867,0.3186979293823242,0.2864389419555664,0.3250300884246826,0.2358560562133789,0.2770359516143799,0.35482287406921387,0.24706411361694336,0.5565569400787354,0.26359987258911133,0.39929699897766113,0.3029360771179199,0.3460071086883545,0.26984071731567383,0.3097350597381592,0.3218343257904053,0.402313232421875,0.3717050552368164,0.35412001609802246,0.40721774101257324,0.2786729335784912,0.38959407806396484,0.3178579807281494,0.244675874710083,0.3906080722808838,0.5797948837280273,0.32802891731262207,0.32355570793151855,0.3756449222564697,0.30983996391296387,0.3273451328277588,0.24037814140319824,0.3921170234680176,0.21581411361694336,0.2389509677886963,0.316986083984375,0.40782594680786133,0.29265928268432617,0.231611967086792,0.37288808822631836,0.5858299732208252,0.4853498935699463,0.31603026390075684,0.34418797492980957,0.3526332378387451,0.2368011474609375,0.2260282039642334,0.2873373031616211,0.4068758487701416,0.23125505447387695,0.3982548713684082,0.24727511405944824,0.2576148509979248,0.2779541015625,0.46929311752319336,0.4181489944458008,0.264819860458374,0.25734996795654297,0.24507999420166016,0.2282123565673828,0.21540093421936035,0.4357950687408447,0.45700597763061523,0.2750709056854248,0.5250561237335205,0.24069499969482422,0.24193406105041504,0.2529640197753906,0.28308820724487305,0.27976012229919434,0.2407999038696289,0.2830338478088379,0.3417201042175293,0.32787394523620605,0.24674415588378906,0.23161077499389648,0.6941423416137695,0.27527928352355957,0.2363431453704834,0.24731016159057617,0.22071409225463867,0.3067629337310791,0.30615663528442383,0.47751593589782715,0.3916940689086914,0.3199920654296875,0.26459813117980957,0.23435711860656738,0.3509178161621094,0.2290360927581787,0.3207709789276123,0.2706019878387451,0.9672517776489258,0.4596371650695801,0.38341188430786133,0.23912382125854492,0.2373640537261963,0.26883578300476074,0.23099803924560547,0.6421859264373779,0.3718891143798828,0.34594202041625977,0.2634749412536621,0.27242326736450195,0.2548978328704834,0.3169667720794678,0.6424987316131592,0.2474532127380371,0.3899810314178467,0.29100918769836426,0.7165570259094238,0.25364184379577637,0.2560131549835205,0.22543096542358398,0.541456937789917,0.25304675102233887,0.25002193450927734,0.25698399543762207,0.24886488914489746,0.8267018795013428,0.42211198806762695,0.2576172351837158,0.23740291595458984
0.0	GG	0.3273460865020752,0.4017372131347656,0.4317810535430908,0.2970280647277832,0.5320589542388916,0.4679391384124756,0.39556360244750977,0.2956099510192871,0.2471480369567871,0.30201196670532227,0.5664610862731934,0.28371691703796387,0.3261129856109619,0.17857575416564941,0.3844170570373535,0.4290921688079834,0.3150780200958252,0.38193798065185547,0.3582921028137207,0.4417080879211426,0.5372982025146484,0.2865750789642334,0.5071511268615723,0.4519529342651367,0.4225649833679199,0.44001197814941406,0.49332475662231445,0.28598880767822266,0.3631141185760498,0.35987091064453125,0.3322412967681885,0.4417710304260254,0.1785750389099121,0.32919907569885254,0.3462040424346924,0.38256406784057617,0.3318631649017334,0.16292095184326172,0.5174899101257324,0.2608988285064697,0.4516608715057373,0.37021398544311523,0.4607429504394531,0.37928223609924316,0.5042858123779297,0.47920894622802734,0.31049489974975586,0.1651160717010498,0.38253283500671387,0.4861781597137451,0.4649331569671631,0.2509920597076416,0.16747808456420898,0.42806100845336914,0.521604061126709,0.39850497245788574,0.21149587631225586,0.547497034072876,0.38814377784729004,0.5348939895629883,0.36702394485473633,0.5758242607116699,0.5206339359283447,0.3545987606048584,0.3944740295410156,0.5015769004821777,0.38221096992492676,0.424346923828125,0.3716161251068115,0.3395378589630127,0.2700037956237793,0.3676438331604004,0.1580061912536621,0.2614171504974365,0.49173903465270996,0.1599578857421875,0.4878871440887451,0.46862006187438965,0.5261869430541992,0.5047030448913574,0.3512110710144043,0.3011960983276367,0.621757984161377,0.44943904876708984,0.4434242248535156,0.5862929821014404,0.25985097885131836,0.29454803466796875,0.6038479804992676,0.836456298828125,0.45567798614501953,0.5903058052062988,0.384763240814209,0.6881411075592041,0.3724539279937744,0.34414196014404297,0.8677570819854736,0.6928400993347168,0.6761181354522705,0.4953939914703369,0.2909202575683594,0.4963529109954834,0.18939805030822754,0.4199800491333008,0.5613701343536377,0.7839841842651367,0.3387479782104492,0.387847900390625,0.3128640651702881,0.2614579200744629,0.26740002632141113,0.4973139762878418,0.2913801670074463,0.4230968952178955,0.6100738048553467,0.4109220504760742,0.23810696601867676,0.5503756999969482,0.1725161075592041,0.41087794303894043,0.7037229537963867,0.5335249900817871,0.33672380447387695,0.3014829158782959,0.46219706535339355,0.3420379161834717,0.3403451442718506,0.4924159049987793,0.27465009689331055,0.38481807708740234,0.44344520568847656,0.4392871856689453,0.4185829162597656,0.3775460720062256,0.530505895614624,0.35714006423950195,0.21025490760803223,0.3116271495819092,0.33275794982910156,0.17516803741455078,0.28965306282043457,0.48299598693847656,0.2985188961029053,0.4974648952484131,0.35129690170288086,0.15856504440307617,0.34517884254455566,0.18987798690795898,0.35637712478637695,0.3194718360900879,0.3645601272583008,0.1604621410369873,0.3668501377105713,0.3465311527252197,0.27323484420776367,0.4869880676269531,0.5200059413909912,0.45390796661376953,0.3542652130126953,0.36467885971069336,0.32038402557373047,0.1584320068359375,0.4928429126739502,0.40882015228271484,0.5975618362426758,0.4134242534637451,0.32639002799987793,0.40377306938171387,0.15706396102905273,0.39167213439941406,0.3909142017364502,0.38361287117004395,0.36530518531799316,0.5779552459716797,0.24346494674682617,0.25273680686950684,0.24144196510314941,0.37622570991516113,0.343641996383667,0.5458502769470215,0.21812915802001953,0.16504907608032227,0.7021389007568359,0.21622967720031738,0.4767189025878906,0.4912400245666504,0.5461549758911133,0.5433237552642822,0.663137674331665,0.3152179718017578,0.2858622074127197,0.16654515266418457,0.4415769577026367,0.45239901542663574,0.27099108695983887,0.3871598243713379,0.51385498046875,0.5568027496337891,0.43500280380249023,0.30199098587036133
0.0	GG2	0.3273460865020752,0.4017372131347656,0.4317810535430908,0.2970280647277832,0.5320589542388916,0.4679391384124756,0.39556360244750977,0.2956099510192871,0.2471480369567871,0.30201196670532227,0.5664610862731934,0.28371691703796387,0.3261129856109619,0.17857575416564941,0.3844170570373535,0.4290921688079834,0.3150780200958252,0.38193798065185547,0.3582921028137207,0.4417080879211426,0.5372982025146484,0.2865750789642334,0.5071511268615723,0.4519529342651367,0.4225649833679199,0.44001197814941406,0.49332475662231445,0.28598880767822266,0.3631141185760498,0.35987091064453125,0.3322412967681885,0.4417710304260254,0.1785750389099121,0.32919907569885254,0.3462040424346924,0.38256406784057617,0.3318631649017334,0.16292095184326172,0.5174899101257324,0.2608988285064697,0.4516608715057373,0.37021398544311523,0.4607429504394531,0.37928223609924316,0.5042858123779297,0.47920894622802734,0.31049489974975586,0.1651160717010498,0.38253283500671387,0.4861781597137451,0.4649331569671631,0.2509920597076416,0.16747808456420898,0.42806100845336914,0.521604061126709,0.39850497245788574,0.21149587631225586,0.547497034072876,0.38814377784729004,0.5348939895629883,0.36702394485473633,0.5758242607116699,0.5206339359283447,0.3545987606048584,0.3944740295410156,0.5015769004821777,0.38221096992492676,0.424346923828125,0.3716161251068115,0.3395378589630127,0.2700037956237793,0.3676438331604004,0.1580061912536621,0.2614171504974365,0.49173903465270996,0.1599578857421875,0.4878871440887451,0.46862006187438965,0.5261869430541992,0.5047030448913574,0.3512110710144043,0.3011960983276367,0.621757984161377,0.44943904876708984,0.4434242248535156,0.5862929821014404,0.25985097885131836,0.29454803466796875,0.6038479804992676,0.836456298828125,0.45567798614501953,0.5903058052062988,0.384763240814209,0.6881411075592041,0.3724539279937744,0.34414196014404297,0.8677570819854736,0.6928400993347168,0.6761181354522705,0.4953939914703369,0.2909202575683594,0.4963529109954834,0.18939805030822754,0.4199800491333008,0.5613701343536377,0.7839841842651367,0.3387479782104492,0.387847900390625,0.3128640651702881,0.2614579200744629,0.26740002632141113,0.4973139762878418,0.2913801670074463,0.4230968952178955,0.6100738048553467,0.4109220504760742,0.23810696601867676,0.5503756999969482,0.1725161075592041,0.41087794303894043,0.7037229537963867,0.5335249900817871,0.33672380447387695,0.3014829158782959,0.46219706535339355,0.3420379161834717,0.3403451442718506,0.4924159049987793,0.27465009689331055,0.38481807708740234,0.44344520568847656,0.4392871856689453,0.4185829162597656,0.3775460720062256,0.530505895614624,0.35714006423950195,0.21025490760803223,0.3116271495819092,0.33275794982910156,0.17516803741455078,0.28965306282043457,0.48299598693847656,0.2985188961029053,0.4974648952484131,0.35129690170288086,0.15856504440307617,0.34517884254455566,0.18987798690795898,0.35637712478637695,0.3194718360900879,0.3645601272583008,0.1604621410369873,0.3668501377105713,0.3465311527252197,0.27323484420776367,0.4869880676269531,0.5200059413909912,0.45390796661376953,0.3542652130126953,0.36467885971069336,0.32038402557373047,0.1584320068359375,0.4928429126739502,0.40882015228271484,0.5975618362426758,0.4134242534637451,0.32639002799987793,0.40377306938171387,0.15706396102905273,0.39167213439941406,0.3909142017364502,0.38361287117004395,0.36530518531799316,0.5779552459716797,0.24346494674682617,0.25273680686950684,0.24144196510314941,0.37622570991516113,0.343641996383667,0.5458502769470215,0.21812915802001953,0.16504907608032227,0.7021389007568359,0.21622967720031738,0.4767189025878906,0.4912400245666504,0.5461549758911133,0.5433237552642822,0.663137674331665,0.3152179718017578,0.2858622074127197,0.16654515266418457,0.4415769577026367,0.45239901542663574,0.27099108695983887,0.3871598243713379,0.51385498046875,0.5568027496337891,0.43500280380249023,0.30199098587036133
0.02	GEE	0.0062410831451416016,0.006142377853393555,0.006153106689453125,0.006187915802001953,0.006120920181274414,0.0060770511627197266,0.0061969757080078125,0.0061550140380859375,0.006069183349609375,0.006053924560546875,0.0062351226806640625,0.006171226501464844,0.00612187385559082,0.0061109066009521484,0.006103992462158203,0.006317853927612305,0.007038116455078125,0.006173849105834961,0.008505821228027344,0.006202220916748047,0.0060138702392578125,0.006254911422729492,0.006225109100341797,0.006094694137573242,0.006134033203125,0.0059850215911865234,0.006186008453369141,0.006325960159301758,0.006142139434814453,0.006211042404174805,0.006318807601928711,0.006245851516723633,0.0063588619232177734,0.006024837493896484,0.006126880645751953,0.0060842037200927734,0.006070137023925781,0.006088972091674805,0.006186962127685547,0.006139278411865234,0.0064966678619384766,0.006126880645751953,0.006582736968994141,0.006042003631591797,0.006034135818481445,0.006258249282836914,0.006244182586669922,0.0061452388763427734,0.00596928596496582,0.006250858306884766,0.006120920181274414,0.006052970886230469,0.006319761276245117,0.006021976470947266,0.006059169769287109,0.006318092346191406,0.006127834320068359,0.0059850215911865234,0.006658077239990234,0.0060460567474365234,0.006056785583496094,0.0061092376708984375,0.0063018798828125,0.006142139434814453,0.006392002105712891,0.006136894226074219,0.006150245666503906,0.0061566829681396484,0.0060939788818359375,0.006403923034667969,0.006094932556152344,0.00599980354309082,0.006087064743041992,0.006202220916748047,0.006445169448852539,0.006205081939697266,0.00618290901184082,0.006127834320068359,0.0070078372955322266,0.00627899169921875,0.0061490535736083984,0.006005048751831055,0.006144046783447266,0.006072998046875,0.0060689449310302734,0.006078958511352539,0.0061228275299072266,0.006492137908935547,0.006257772445678711,0.008581161499023438,0.006147861480712891,0.006121158599853516,0.006124019622802734,0.00616908073425293,0.006082057952880859,0.0061702728271484375,0.006067037582397461,0.0061969757080078125,0.006088972091674805,0.006044149398803711,0.006276130676269531,0.006601095199584961,0.006062984466552734,0.0061779022216796875,0.006145954132080078,0.006044864654541016,0.006171226501464844,0.00648188591003418,0.006064176559448242,0.006145954132080078,0.006784915924072266,0.0060880184173583984,0.006840229034423828,0.007363080978393555,0.006073713302612305,0.00738978385925293,0.006217002868652344,0.006107807159423828,0.006044149398803711,0.006253957748413086,0.00608372688293457,0.0062351226806640625,0.006104230880737305,0.006203889846801758,0.006412982940673828,0.006067991256713867,0.006697893142700195,0.006477832794189453,0.007230997085571289,0.006124973297119141,0.006156206130981445,0.006064891815185547,0.0062367916107177734,0.006241798400878906,0.006493091583251953,0.006251096725463867,0.00618290901184082,0.006223917007446289,0.006090879440307617,0.006662845611572266,0.006230831146240234,0.006022930145263672,0.006023883819580078,0.006108999252319336,0.006053924560546875,0.0061969757080078125,0.006094217300415039,0.006101846694946289,0.006138801574707031,0.0065767765045166016,0.0065119266510009766,0.006270885467529297,0.006475210189819336,0.006200075149536133,0.006143093109130859,0.007177829742431641,0.006190061569213867,0.006042957305908203,0.0061719417572021484,0.006011962890625,0.007625102996826172,0.0071468353271484375,0.005963802337646484,0.006250858306884766,0.0060253143310546875,0.0061948299407958984,0.0060422420501708984,0.006364107131958008,0.005939960479736328,0.0063130855560302734,0.0062601566314697266,0.006211757659912109,0.006329059600830078,0.006433010101318359,0.006160736083984375,0.00607609748840332,0.0061130523681640625,0.0065419673919677734,0.006062030792236328,0.00620269775390625,0.0062940120697021484,0.006516933441162109,0.00615692138671875,0.006426095962524414,0.006150960922241211,0.0060198307037353516,0.00604701042175293,0.006086111068725586,0.006220817565917969,0.006227970123291016,0.006124019622802734,0.006007194519042969,0.006075859069824219,0.0060977935791015625,0.0060579776763916016,0.006078958511352539,0.0062868595123291016,0.005914211273193359,0.006234884262084961,0.006064891815185547
0.02	GNN	0.32868385314941406,0.31476521492004395,0.39826107025146484,0.33867883682250977,0.2504420280456543,0.32134175300598145,0.5423252582550049,0.342195987701416,0.28052711486816406,0.26658034324645996,0.22000408172607422,0.30330681800842285,0.4108090400695801,0.290999174118042,0.34403204917907715,0.3776130676269531,0.4820551872253418,0.2622678279876709,0.5262808799743652,0.27475810050964355,0.28384995460510254,0.2560272216796875,0.4538102149963379,0.3016629219055176,0.26531410217285156,0.2898530960083008,0.4092578887939453,0.28925323486328125,0.3238091468811035,0.4032258987426758,0.33295416831970215,0.251873254776001,0.46616029739379883,0.3903658390045166,0.4888331890106201,0.43680405616760254,0.4206857681274414,0.356752872467041,0.2983100414276123,0.26866579055786133,0.328812837600708,0.24460077285766602,0.24521899223327637,0.34929800033569336,0.26738882064819336,0.31922483444213867,0.2656540870666504,0.3454148769378662,0.2561681270599365,0.2961161136627197,0.2579009532928467,0.2643561363220215,0.314838171005249,0.2780170440673828,0.2821381092071533,0.2858419418334961,0.24810099601745605,0.24296903610229492,0.2915959358215332,0.276231050491333,0.44839978218078613,0.26305580139160156,0.25066304206848145,0.44487500190734863,0.27968263626098633,0.3784019947052002,0.2864108085632324,0.2596409320831299,0.2946147918701172,0.3532907962799072,0.259472131729126,0.3551199436187744,0.23566937446594238,0.29427003860473633,0.3702061176300049,0.3366560935974121,0.3159449100494385,0.3735392093658447,0.4484858512878418,0.30162811279296875,0.3016660213470459,0.6900050640106201,0.4563000202178955,0.5395019054412842,0.2748699188232422,0.338087797164917,0.321789026260376,0.32686805725097656,0.38266682624816895,0.4157750606536865,0.2239232063293457,0.3165907859802246,0.3359832763671875,0.27605414390563965,0.2856447696685791,0.35364603996276855,0.3121321201324463,0.4409489631652832,0.43323802947998047,0.29040098190307617,0.27538466453552246,0.25969505310058594,0.38451671600341797,0.3357057571411133,0.28969478607177734,0.27016115188598633,0.31876301765441895,0.3253202438354492,0.3295772075653076,0.3441200256347656,0.33507609367370605,0.45273709297180176,0.5833718776702881,0.4859650135040283,0.23256826400756836,0.3999669551849365,0.6176021099090576,0.6349208354949951,0.26793789863586426,0.3082401752471924,0.6709439754486084,0.33118486404418945,0.23303604125976562,0.2845487594604492,0.4544980525970459,0.43231821060180664,0.2676680088043213,0.38640618324279785,0.31861305236816406,0.3073568344116211,0.37352609634399414,0.41208600997924805,0.36789679527282715,0.3228158950805664,0.3132321834564209,0.2564868927001953,0.28052806854248047,0.31484389305114746,0.3042869567871094,0.25463294982910156,0.36472511291503906,0.257457971572876,0.3545811176300049,0.33071064949035645,0.3173959255218506,0.2899940013885498,0.26661181449890137,0.5204999446868896,0.34747791290283203,0.321397066116333,0.32677197456359863,0.2953517436981201,0.37176513671875,0.28688788414001465,0.26976990699768066,0.20955324172973633,0.2884023189544678,0.367358922958374,0.3114349842071533,0.24830007553100586,0.30980420112609863,0.322282075881958,0.3681502342224121,0.2023637294769287,0.2746710777282715,0.26504993438720703,0.2850480079650879,0.2716679573059082,0.2603471279144287,0.38909006118774414,0.26128482818603516,0.310028076171875,0.2940821647644043,0.28090906143188477,0.3128049373626709,0.3296968936920166,0.3199129104614258,0.26594018936157227,0.3128170967102051,0.32480907440185547,0.5065548419952393,0.2942988872528076,0.22826004028320312,0.39237093925476074,0.881659984588623,0.33376622200012207,0.2903759479522705,0.676018238067627,0.4352579116821289,0.27486371994018555,0.27425622940063477,0.2804689407348633,0.27600908279418945,0.28754210472106934,0.29206395149230957,0.2577939033508301,0.30343198776245117,0.2646951675415039,0.2883121967315674,0.28774285316467285
0.02	GG	0.8593719005584717,0.4571418762207031,0.46498894691467285,0.3635571002960205,0.6351659297943115,0.33002281188964844,0.4761347770690918,0.4228708744049072,0.2788567543029785,0.565861701965332,0.443317174911499,0.48653292655944824,0.43386316299438477,0.2133939266204834,0.6408960819244385,0.30154991149902344,0.6620159149169922,0.4135780334472656,0.36668896675109863,0.8711590766906738,0.44266200065612793,0.1825249195098877,0.587256908416748,0.5311369895935059,0.7290341854095459,0.6227600574493408,0.5265071392059326,0.38118696212768555,0.42453503608703613,0.18366503715515137,0.6905488967895508,0.40836119651794434,0.38477015495300293,0.310711145401001,0.3024449348449707,0.4008519649505615,0.4632558822631836,0.3587028980255127,0.3669590950012207,0.45450687408447266,0.6543140411376953,0.47730302810668945,0.5510790348052979,0.4455399513244629,0.43564891815185547,0.47473716735839844,0.3759610652923584,0.428483247756958,0.4618239402770996,0.39385509490966797,0.539790153503418,0.5434348583221436,0.18056821823120117,0.38913822174072266,0.397305965423584,0.4254589080810547,0.35399389266967773,0.5512299537658691,0.42701196670532227,0.530933141708374,0.5355756282806396,0.4647841453552246,0.3100128173828125,0.6212930679321289,0.48891401290893555,0.818199872970581,0.3768939971923828,0.576725959777832,0.49027204513549805,0.42405200004577637,0.5275189876556396,0.6898350715637207,0.4434058666229248,0.40460681915283203,0.5722441673278809,0.36418676376342773,0.5086503028869629,0.6534543037414551,0.6830589771270752,0.2408430576324463,0.3109009265899658,0.5116729736328125,0.6147398948669434,0.7172331809997559,0.4783592224121094,0.5560712814331055,0.30573582649230957,0.484058141708374,0.9300029277801514,0.6990511417388916,0.43837904930114746,0.40805792808532715,0.29501891136169434,0.670867919921875,0.32672905921936035,0.3064570426940918,0.6408600807189941,0.5331370830535889,0.8101141452789307,0.3711709976196289,0.3764791488647461,0.485792875289917,0.3295009136199951,0.5673279762268066,0.5421569347381592,0.43077683448791504,0.5331599712371826,0.42374587059020996,0.49093103408813477,0.36153388023376465,0.18538188934326172,0.5687398910522461,0.3938570022583008,0.6545810699462891,0.32100915908813477,0.983212947845459,0.40200185775756836,0.6677680015563965,0.20992398262023926,0.47893190383911133,0.6154618263244629,0.38605380058288574,0.5724809169769287,0.2388458251953125,0.6648910045623779,0.4741840362548828,0.5251960754394531,0.49478888511657715,0.40839099884033203,0.5388669967651367,0.5070819854736328,0.5349347591400146,0.6897401809692383,0.19781708717346191,0.6875138282775879,0.5124962329864502,0.2180478572845459,0.524846076965332,0.6323802471160889,0.24584412574768066,0.43740296363830566,0.5665421485900879,0.4033961296081543,0.5228080749511719,0.28259873390197754,0.4313490390777588,0.5295722484588623,0.34674882888793945,0.7579607963562012,0.292726993560791,0.36093878746032715,0.23940086364746094,0.521294116973877,0.3208909034729004,0.777479887008667,0.5129141807556152,0.5301830768585205,0.39272618293762207,0.42546701431274414,0.5580501556396484,0.7290060520172119,0.26550817489624023,0.4367220401763916,0.7252681255340576,0.5326399803161621,0.5742220878601074,0.5001769065856934,0.43201112747192383,0.2097620964050293,0.4409940242767334,0.520784854888916,0.4943811893463135,0.621088981628418,0.5894639492034912,0.32520103454589844,0.37761878967285156,0.2752261161804199,0.4832460880279541,0.3519628047943115,0.5657846927642822,0.4420177936553955,0.21236205101013184,0.424318790435791,0.38309812545776367,0.45530200004577637,0.37890124320983887,0.45072221755981445,0.6977088451385498,0.7486259937286377,0.8409759998321533,0.3066718578338623,0.30682921409606934,0.6117050647735596,0.490527868270874,0.32647109031677246,0.6284890174865723,0.8165149688720703,0.4678049087524414,0.49286603927612305,0.29020094871520996
0.02	GG2	0.8593719005584717,0.4571418762207031,0.46498894691467285,0.3635571002960205,0.6351659297943115,0.33002281188964844,0.4761347770690918,0.4228708744049072,0.2788567543029785,0.565861701965332,0.443317174911499,0.48653292655944824,0.43386316299438477,0.2133939266204834,0.6408960819244385,0.30154991149902344,0.6620159149169922,0.4135780334472656,0.36668896675109863,0.8711590766906738,0.44266200065612793,0.1825249195098877,0.587256908416748,0.5311369895935059,0.7290341854095459,0.6227600574493408,0.5265071392059326,0.38118696212768555,0.42453503608703613,0.18366503715515137,0.6905488967895508,0.40836119651794434,0.38477015495300293,0.310711145401001,0.3024449348449707,0.4008519649505615,0.4632558822631836,0.3587028980255127,0.3669590950012207,0.45450687408447266,0.6543140411376953,0.47730302810668945,0.5510790348052979,0.4455399513244629,0.43564891815185547,0.47473716735839844,0.3759610652923584,0.428483247756958,0.4618239402770996,0.39385509490966797,0.539790153503418,0.5434348583221436,0.18056821823120117,0.38913822174072266,0.397305965423584,0.4254589080810547,0.35399389266967773,0.5512299537658691,0.42701196670532227,0.530933141708374,0.5355756282806396,0.4647841453552246,0.3100128173828125,0.6212930679321289,0.48891401290893555,0.818199872970581,0.3768939971923828,0.576725959777832,0.49027204513549805,0.42405200004577637,0.5275189876556396,0.6898350715637207,0.4434058666229248,0.40460681915283203,0.5722441673278809,0.36418676376342773,0.5086503028869629,0.6534543037414551,0.6830589771270752,0.2408430576324463,0.3109009265899658,0.5116729736328125,0.6147398948669434,0.7172331809997559,0.4783592224121094,0.5560712814331055,0.30573582649230957,0.484058141708374,0.9300029277801514,0.6990511417388916,0.43837904930114746,0.40805792808532715,0.29501891136169434,0.670867919921875,0.32672905921936035,0.3064570426940918,0.6408600807189941,0.5331370830535889,0.8101141452789307,0.3711709976196289,0.3764791488647461,0.485792875289917,0.3295009136199951,0.5673279762268066,0.5421569347381592,0.43077683448791504,0.5331599712371826,0.42374587059020996,0.49093103408813477,0.36153388023376465,0.18538188934326172,0.5687398910522461,0.3938570022583008,0.6545810699462891,0.32100915908813477,0.983212947845459,0.40200185775756836,0.6677680015563965,0.20992398262023926,0.47893190383911133,0.6154618263244629,0.38605380058288574,0.5724809169769287,0.2388458251953125,0.6648910045623779,0.4741840362548828,0.5251960754394531,0.49478888511657715,0.40839099884033203,0.5388669967651367,0.5070819854736328,0.5349347591400146,0.6897401809692383,0.19781708717346191,0.6875138282775879,0.5124962329864502,0.2180478572845459,0.524846076965332,0.6323802471160889,0.24584412574768066,0.43740296363830566,0.5665421485900879,0.4033961296081543,0.5228080749511719,0.28259873390197754,0.4313490390777588,0.5295722484588623,0.34674882888793945,0.7579607963562012,0.292726993560791,0.36093878746032715,0.23940086364746094,0.521294116973877,0.3208909034729004,0.777479887008667,0.5129141807556152,0.5301830768585205,0.39272618293762207,0.42546701431274414,0.5580501556396484,0.7290060520172119,0.26550817489624023,0.4367220401763916,0.7252681255340576,0.5326399803161621,0.5742220878601074,0.5001769065856934,0.43201112747192383,0.2097620964050293,0.4409940242767334,0.520784854888916,0.4943811893463135,0.621088981628418,0.5894639492034912,0.32520103454589844,0.37761878967285156,0.2752261161804199,0.4832460880279541,0.3519628047943115,0.5657846927642822,0.4420177936553955,0.21236205101013184,0.424318790435791,0.38309812545776367,0.45530200004577637,0.37890124320983887,0.45072221755981445,0.6977088451385498,0.7486259937286377,0.8409759998321533,0.3066718578338623,0.30682921409606934,0.6117050647735596,0.490527868270874,0.32647109031677246,0.6284890174865723,0.8165149688720703,0.4678049087524414,0.49286603927612305,0.29020094871520996
0.04	GEE	0.00646209716796875,0.0076770782470703125,0.006425142288208008,0.006471872329711914,0.007235050201416016,0.006831169128417969,0.006613969802856445,0.006410121917724609,0.006438732147216797,0.006525993347167969,0.00644993782043457,0.006497859954833984,0.006356954574584961,0.006489992141723633,0.006429195404052734,0.0064127445220947266,0.006834983825683594,0.006489276885986328,0.006417989730834961,0.0063381195068359375,0.006362199783325195,0.007334232330322266,0.00638270378112793,0.007323265075683594,0.006843090057373047,0.006372928619384766,0.006627082824707031,0.006409883499145508,0.006439924240112305,0.006379842758178711,0.006325960159301758,0.006496906280517578,0.006358146667480469,0.0064580440521240234,0.006410121917724609,0.006464719772338867,0.006422996520996094,0.006536960601806641,0.006410121917724609,0.006369113922119141,0.00644683837890625,0.006479978561401367,0.006497859954833984,0.006439208984375,0.006410837173461914,0.0063991546630859375,0.006389141082763672,0.006478071212768555,0.006510734558105469,0.0070269107818603516,0.006595134735107422,0.009783029556274414,0.0069599151611328125,0.006624937057495117,0.0063707828521728516,0.0063018798828125,0.006491184234619141,0.006478071212768555,0.006640911102294922,0.0070018768310546875,0.006394147872924805,0.006465911865234375,0.006392955780029297,0.0067980289459228516,0.0064389705657958984,0.0066127777099609375,0.007543802261352539,0.006524085998535156,0.006601095199584961,0.007075786590576172,0.006567955017089844,0.0065228939056396484,0.006538867950439453,0.006440162658691406,0.006681203842163086,0.006333827972412109,0.006375789642333984,0.006532907485961914,0.006513357162475586,0.006472110748291016,0.006613016128540039,0.006390094757080078,0.006457090377807617,0.006515026092529297,0.006534099578857422,0.006496906280517578,0.0064849853515625,0.006532907485961914,0.006545066833496094,0.006516933441162109,0.006595134735107422,0.0063571929931640625,0.006487131118774414,0.0072858333587646484,0.0064220428466796875,0.006415128707885742,0.006533145904541016,0.006926059722900391,0.006912946701049805,0.006434917449951172,0.006476640701293945,0.006436824798583984,0.0065457820892333984,0.006479978561401367,0.006582975387573242,0.006411075592041016,0.006511688232421875,0.006438255310058594,0.00652313232421875,0.006620168685913086,0.0069501399993896484,0.006592988967895508,0.006628990173339844,0.0065631866455078125,0.0068340301513671875,0.006408214569091797,0.006590127944946289,0.006486177444458008,0.0066301822662353516,0.006514787673950195,0.00652003288269043,0.006431102752685547,0.006484031677246094,0.006469011306762695,0.006532907485961914,0.006384849548339844,0.006474018096923828,0.00640106201171875,0.0064640045166015625,0.006386995315551758,0.006421089172363281,0.006407737731933594,0.006639242172241211,0.0066568851470947266,0.006403684616088867,0.006382942199707031,0.006831645965576172,0.006585836410522461,0.006469011306762695,0.006632804870605469,0.006524085998535156,0.006391048431396484,0.006569862365722656,0.0069200992584228516,0.006350040435791016,0.006540060043334961,0.006678104400634766,0.006910085678100586,0.006482839584350586,0.006531238555908203,0.006463050842285156,0.006445646286010742,0.006503105163574219,0.00652003288269043,0.0070569515228271484,0.006324052810668945,0.006906032562255859,0.006575822830200195,0.006624937057495117,0.006684064865112305,0.0066030025482177734,0.0063402652740478516,0.006654024124145508,0.006520748138427734,0.007088184356689453,0.007328033447265625,0.006496906280517578,0.0064356327056884766,0.006464958190917969,0.006404876708984375,0.0063130855560302734,0.006741046905517578,0.006509065628051758,0.0064351558685302734,0.006515979766845703,0.00639796257019043,0.006559133529663086,0.017300844192504883,0.0067141056060791016,0.006495952606201172,0.006427764892578125,0.008635997772216797,0.006682872772216797,0.006459951400756836,0.006639003753662109,0.006247043609619141,0.006426095962524414,0.006551980972290039,0.006479978561401367,0.006432056427001953,0.006533145904541016,0.006510257720947266,0.0063550472259521484,0.006752967834472656,0.006403923034667969,0.006798744201660156,0.006646156311035156,0.006370067596435547,0.0065441131591796875,0.006715059280395508
0.04	GNN	0.34793782234191895,0.271683931350708,0.6677060127258301,0.33026814460754395,0.384876012802124,0.3558330535888672,0.23399710655212402,0.3344717025756836,0.2511410713195801,0.23843622207641602,0.39793992042541504,0.29049015045166016,0.29634690284729004,0.35444116592407227,0.2130270004272461,0.5041050910949707,0.2704629898071289,0.47030091285705566,0.36268019676208496,0.42998814582824707,0.437528133392334,0.3308279514312744,0.30596494674682617,0.3438987731933594,0.25032901763916016,0.4957311153411865,0.2940490245819092,0.34190917015075684,0.32259392738342285,0.2948291301727295,0.32205629348754883,0.2539801597595215,0.33370113372802734,0.28612399101257324,0.34775805473327637,0.26307201385498047,0.3165600299835205,0.3599972724914551,0.4489269256591797,0.2667970657348633,0.2806258201599121,0.25531911849975586,0.27962493896484375,0.37366199493408203,0.28502488136291504,0.33452796936035156,0.2856180667877197,0.309812068939209,0.2443552017211914,0.26431894302368164,0.2853848934173584,0.32358789443969727,0.5204830169677734,0.452301025390625,0.29988598823547363,0.1908130645751953,0.2563478946685791,0.3352639675140381,0.22944974899291992,0.27166008949279785,0.36483097076416016,0.4906480312347412,0.2844979763031006,0.2610597610473633,0.3415849208831787,0.27031612396240234,0.29857397079467773,0.27150797843933105,0.29592275619506836,0.30048322677612305,0.49873924255371094,0.5037791728973389,0.3234517574310303,0.25481390953063965,0.4196438789367676,0.2629280090332031,0.6870238780975342,0.476179838180542,0.4641759395599365,0.2552762031555176,0.301663875579834,0.3706841468811035,0.30701684951782227,0.3931739330291748,0.27175378799438477,0.2764458656311035,0.2886970043182373,0.6385138034820557,0.7408478260040283,0.36687684059143066,0.2521488666534424,0.26850414276123047,0.2683849334716797,0.41498804092407227,0.32655930519104004,0.2967946529388428,0.3234560489654541,0.3103218078613281,0.3967139720916748,0.3236370086669922,0.2933681011199951,0.2990391254425049,0.3219010829925537,0.3800530433654785,0.31607985496520996,0.32809019088745117,0.27514195442199707,0.3424408435821533,0.5530250072479248,0.4596438407897949,0.24841690063476562,0.3947889804840088,0.40347886085510254,0.33657193183898926,0.3243241310119629,0.26943206787109375,0.35272908210754395,0.37423110008239746,0.45064806938171387,0.3216981887817383,0.2755398750305176,0.29987502098083496,0.30175304412841797,0.23816871643066406,0.4829421043395996,0.3025798797607422,0.2912921905517578,0.2643470764160156,0.2887120246887207,0.2367560863494873,0.32187485694885254,0.4873158931732178,0.3757140636444092,0.2882850170135498,0.3232998847961426,0.3784029483795166,0.35752415657043457,0.2841498851776123,0.4528789520263672,0.2677628993988037,0.39293599128723145,0.3238840103149414,0.3155038356781006,0.33016180992126465,0.3317229747772217,0.32909488677978516,0.2937328815460205,0.3814520835876465,0.40941810607910156,0.35507726669311523,0.27503395080566406,0.32251715660095215,0.3180379867553711,0.3570990562438965,0.3030669689178467,0.2032308578491211,0.3035099506378174,0.40207886695861816,0.39376091957092285,0.27558398246765137,0.36788320541381836,0.4011819362640381,0.3883981704711914,0.274029016494751,0.4727499485015869,0.6004369258880615,0.2864692211151123,0.2748539447784424,0.26749587059020996,0.5275161266326904,0.27365612983703613,0.3532092571258545,0.2529478073120117,0.2846529483795166,0.36065006256103516,0.3225719928741455,0.39854884147644043,0.4975411891937256,0.3424832820892334,0.35834383964538574,0.3191709518432617,0.3724098205566406,0.6316120624542236,0.33539724349975586,0.3309500217437744,0.42122483253479004,0.29093289375305176,0.36122798919677734,0.28709912300109863,0.25557971000671387,0.3032071590423584,0.3239290714263916,0.29547905921936035,0.27075767517089844,0.3240499496459961,0.24532103538513184,0.37762904167175293,0.233489990234375,0.3110330104827881,0.2949330806732178
0.04	GG	0.5796480178833008,0.5678689479827881,0.5243570804595947,0.5358941555023193,0.732778787612915,0.4065849781036377,0.8092331886291504,0.5632719993591309,0.6060738563537598,0.4645957946777344,0.6142158508300781,0.5800480842590332,0.4383420944213867,0.362699031829834,0.3810272216796875,0.4187886714935303,0.620074987411499,0.4294900894165039,0.5740909576416016,0.5976269245147705,0.45014381408691406,0.5758669376373291,0.43787693977355957,0.620347261428833,0.6333498954772949,0.5869841575622559,0.6054577827453613,0.2654378414154053,0.4259772300720215,0.292783260345459,0.4697549343109131,0.4192771911621094,0.24875783920288086,0.3840360641479492,0.22111010551452637,0.4792490005493164,0.36728405952453613,0.36705517768859863,0.670867919921875,0.46680307388305664,0.6509261131286621,0.46211814880371094,0.36234378814697266,0.5107598304748535,0.588151216506958,0.41756701469421387,0.49356889724731445,0.5281658172607422,0.4868040084838867,0.6162030696868896,0.4376378059387207,0.6068511009216309,0.41603899002075195,0.4223289489746094,0.5243520736694336,0.40584778785705566,0.38873982429504395,0.48825907707214355,0.30336499214172363,0.4726438522338867,0.5568227767944336,0.6236698627471924,0.560570240020752,0.3721489906311035,0.5434257984161377,0.640178918838501,0.5995419025421143,0.83785080909729,0.4287898540496826,0.41648387908935547,0.44931578636169434,0.5246589183807373,0.20843815803527832,0.6598649024963379,0.5149617195129395,0.2754518985748291,0.38332390785217285,0.41836118698120117,0.7703392505645752,0.7075498104095459,0.4377939701080322,0.7614636421203613,0.5096943378448486,0.6232051849365234,0.3707249164581299,0.5751311779022217,0.373762845993042,0.7646348476409912,0.5139338970184326,0.5070860385894775,0.3856182098388672,0.6552057266235352,0.46744489669799805,0.7319180965423584,0.5135741233825684,0.5555109977722168,0.9993059635162354,0.7860510349273682,0.62673020362854,0.7899329662322998,0.35004496574401855,0.45729589462280273,0.20324230194091797,0.5745041370391846,0.3747849464416504,0.6491100788116455,0.3719799518585205,0.7824130058288574,0.357158899307251,0.3083341121673584,0.4690589904785156,0.9642927646636963,0.2767970561981201,0.6240761280059814,0.38826990127563477,0.5571370124816895,0.5315389633178711,0.7716860771179199,0.24733805656433105,0.7331080436706543,0.33501195907592773,0.3319129943847656,0.39038610458374023,0.2597658634185791,0.5297200679779053,0.7740120887756348,0.4401099681854248,0.6006040573120117,0.28246617317199707,0.49567317962646484,0.6007058620452881,0.6298949718475342,0.4967777729034424,0.18494915962219238,0.5554459095001221,0.5819530487060547,0.23701190948486328,0.4311957359313965,0.5890860557556152,0.3749430179595947,0.48766422271728516,0.562802791595459,0.5788342952728271,0.3592641353607178,0.26485109329223633,0.40107011795043945,0.4723360538482666,0.28970789909362793,0.5051472187042236,0.40999770164489746,0.26926684379577637,0.32895779609680176,0.6597049236297607,0.37694716453552246,0.2668337821960449,0.6220810413360596,0.7820279598236084,0.3891909122467041,0.748992919921875,0.4157369136810303,0.2557828426361084,0.4953737258911133,0.41927123069763184,0.8797509670257568,0.5775532722473145,0.4956018924713135,0.597100019454956,0.5549712181091309,0.21847200393676758,0.4650290012359619,0.4769139289855957,0.5999140739440918,0.5146586894989014,0.8141798973083496,0.4451298713684082,0.2781229019165039,0.23052597045898438,0.5426669120788574,0.3873879909515381,0.5303349494934082,0.7052409648895264,0.34494590759277344,0.50649094581604,0.653080940246582,0.5823609828948975,0.5046200752258301,0.6956510543823242,0.49709486961364746,0.554487943649292,0.4222981929779053,0.4863250255584717,0.32111287117004395,0.46649670600891113,0.6011042594909668,0.43430399894714355,0.5785150527954102,0.5029067993164062,0.5372059345245361,0.3869638442993164,0.40762805938720703
0.04	GG2	0.5796480178833008,0.5678689479827881,0.5243570804595947,0.5358941555023193,0.732778787612915,0.4065849781036377,0.8092331886291504,0.5632719993591309,0.6060738563537598,0.4645957946777344,0.6142158508300781,0.5800480842590332,0.4383420944213867,0.362699031829834,0.3810272216796875,0.4187886714935303,0.620074987411499,0.4294900894165039,0.5740909576416016,0.5976269245147705,0.45014381408691406,0.5758669376373291,0.43787693977355957,0.620347261428833,0.6333498954772949,0.5869841575622559,0.6054577827453613,0.2654378414154053,0.4259772300720215,0.292783260345459,0.4697549343109131,0.4192771911621094,0.24875783920288086,0.3840360641479492,0.22111010551452637,0.4792490005493164,0.36728405952453613,0.36705517768859863,0.670867919921875,0.46680307388305664,0.6509261131286621,0.46211814880371094,0.36234378814697266,0.5107598304748535,0.588151216506958,0.41756701469421387,0.49356889724731445,0.5281658172607422,0.4868040084838867,0.6162030696868896,0.4376378059387207,0.6068511009216309,0.41603899002075195,0.4223289489746094,0.5243520736694336,0.40584778785705566,0.38873982429504395,0.48825907707214355,0.30336499214172363,0.4726438522338867,0.5568227767944336,0.6236698627471924,0.560570240020752,0.3721489906311035,0.5434257984161377,0.640178918838501,0.5995419025421143,0.83785080909729,0.4287898540496826,0.41648387908935547,0.44931578636169434,0.5246589183807373,0.20843815803527832,0.6598649024963379,0.5149617195129395,0.2754518985748291,0.38332390785217285,0.41836118698120117,0.7703392505645752,0.7075498104095459,0.4377939701080322,0.7614636421203613,0.5096943378448486,0.6232051849365234,0.3707249164581299,0.5751311779022217,0.373762845993042,0.7646348476409912,0.5139338970184326,0.5070860385894775,0.3856182098388672,0.6552057266235352,0.46744489669799805,0.7319180965423584,0.5135741233825684,0.5555109977722168,0.9993059635162354,0.7860510349273682,0.62673020362854,0.7899329662322998,0.35004496574401855,0.45729589462280273,0.20324230194091797,0.5745041370391846,0.3747849464416504,0.6491100788116455,0.3719799518585205,0.7824130058288574,0.357158899307251,0.3083341121673584,0.4690589904785156,0.9642927646636963,0.2767970561981201,0.6240761280059814,0.38826990127563477,0.5571370124816895,0.5315389633178711,0.7716860771179199,0.24733805656433105,0.7331080436706543,0.33501195907592773,0.3319129943847656,0.39038610458374023,0.2597658634185791,0.5297200679779053,0.7740120887756348,0.4401099681854248,0.6006040573120117,0.28246617317199707,0.49567317962646484,0.6007058620452881,0.6298949718475342,0.4967777729034424,0.18494915962219238,0.5554459095001221,0.5819530487060547,0.23701190948486328,0.4311957359313965,0.5890860557556152,0.3749430179595947,0.48766422271728516,0.562802791595459,0.5788342952728271,0.3592641353607178,0.26485109329223633,0.40107011795043945,0.4723360538482666,0.28970789909362793,0.5051472187042236,0.40999770164489746,0.26926684379577637,0.32895779609680176,0.6597049236297607,0.37694716453552246,0.2668337821960449,0.6220810413360596,0.7820279598236084,0.3891909122467041,0.748992919921875,0.4157369136810303,0.2557828426361084,0.4953737258911133,0.41927123069763184,0.8797509670257568,0.5775532722473145,0.4956018924713135,0.597100019454956,0.5549712181091309,0.21847200393676758,0.4650290012359619,0.4769139289855957,0.5999140739440918,0.5146586894989014,0.8141798973083496,0.4451298713684082,0.2781229019165039,0.23052597045898438,0.5426669120788574,0.3873879909515381,0.5303349494934082,0.7052409648895264,0.34494590759277344,0.50649094581604,0.653080940246582,0.5823609828948975,0.5046200752258301,0.6956510543823242,0.49709486961364746,0.554487943649292,0.4222981929779053,0.4863250255584717,0.32111287117004395,0.46649670600891113,0.6011042594909668,0.43430399894714355,0.5785150527954102,0.5029067993164062,0.5372059345245361,0.3869638442993164,0.40762805938720703
0.06	GEE	0.007290840148925781,0.007351875305175781,0.007283926010131836,0.00822901725769043,0.007321834564208984,0.0075531005859375,0.00807499885559082,0.007673740386962891,0.007356882095336914,0.008633852005004883,0.008024930953979492,0.00805211067199707,0.00815892219543457,0.007972240447998047,0.007322788238525391,0.007768869400024414,0.008048772811889648,0.007266998291015625,0.007799863815307617,0.007797956466674805,0.007408857345581055,0.0072400569915771484,0.007266044616699219,0.0075070858001708984,0.007398843765258789,0.007287025451660156,0.008031129837036133,0.007558107376098633,0.007345914840698242,0.007548809051513672,0.007627964019775391,0.0073261260986328125,0.008195161819458008,0.008639097213745117,0.007309675216674805,0.007345914840698242,0.0074291229248046875,0.007322072982788086,0.0077822208404541016,0.0072939395904541016,0.0073909759521484375,0.007294893264770508,0.0073087215423583984,0.007398843765258789,0.007419109344482422,0.00791311264038086,0.007281064987182617,0.00776982307434082,0.007419109344482422,0.009119033813476562,0.007715940475463867,0.00744318962097168,0.007411003112792969,0.011687040328979492,0.007816076278686523,0.00795602798461914,0.007310628890991211,0.007364749908447266,0.00737309455871582,0.007258892059326172,0.007261991500854492,0.0075032711029052734,0.007689952850341797,0.007725954055786133,0.007372856140136719,0.007380008697509766,0.007612943649291992,0.008456945419311523,0.007557868957519531,0.007415056228637695,0.007198810577392578,0.007570981979370117,0.0073909759521484375,0.0074920654296875,0.007293224334716797,0.0076329708099365234,0.0075571537017822266,0.007909774780273438,0.0075168609619140625,0.007270097732543945,0.007467746734619141,0.0073528289794921875,0.007565021514892578,0.007471799850463867,0.007357120513916016,0.007447004318237305,0.009850025177001953,0.00849008560180664,0.0074841976165771484,0.00754094123840332,0.007318019866943359,0.0076792240142822266,0.007729053497314453,0.01119685173034668,0.008128166198730469,0.008079051971435547,0.008008956909179688,0.007606029510498047,0.007729768753051758,0.007515907287597656,0.007601022720336914,0.007750034332275391,0.00810694694519043,0.007637977600097656,0.007470846176147461,0.007525920867919922,0.007848978042602539,0.007844924926757812,0.008055925369262695,0.007548093795776367,0.007709026336669922,0.007645368576049805,0.008239984512329102,0.007678985595703125,0.007943868637084961,0.007678985595703125,0.008557796478271484,0.007437229156494141,0.007375001907348633,0.007898092269897461,0.007889986038208008,0.007709980010986328,0.007867097854614258,0.008355855941772461,0.017167091369628906,0.00794219970703125,0.007540225982666016,0.007358074188232422,0.0077860355377197266,0.0073108673095703125,0.0074269771575927734,0.008148908615112305,0.00745701789855957,0.0075190067291259766,0.00860595703125,0.007528066635131836,0.007440090179443359,0.00769495964050293,0.007380247116088867,0.0073699951171875,0.007790088653564453,0.007647991180419922,0.00812387466430664,0.007531166076660156,0.0075969696044921875,0.008359909057617188,0.007493019104003906,0.007609128952026367,0.007450103759765625,0.007395744323730469,0.0073201656341552734,0.0075109004974365234,0.007655143737792969,0.007452964782714844,0.007650136947631836,0.00785374641418457,0.007360219955444336,0.007683277130126953,0.0076258182525634766,0.007436037063598633,0.00735783576965332,0.0071370601654052734,0.007491111755371094,0.00783395767211914,0.008101701736450195,0.007297992706298828,0.00747227668762207,0.0075757503509521484,0.007639884948730469,0.00794076919555664,0.00775909423828125,0.0076177120208740234,0.008887052536010742,0.007375001907348633,0.00746917724609375,0.007776975631713867,0.007727861404418945,0.007730960845947266,0.0075719356536865234,0.00854182243347168,0.00745391845703125,0.007297039031982422,0.007297039031982422,0.007314920425415039,0.007482051849365234,0.0073642730712890625,0.007822990417480469,0.007954120635986328,0.008221149444580078,0.0073931217193603516,0.007651090621948242,0.0074100494384765625,0.007447004318237305,0.007617950439453125,0.007608890533447266,0.007210969924926758,0.0072820186614990234,0.007271289825439453,0.007431745529174805,0.00834202766418457
0.06	GNN	0.3932647705078125,0.2892930507659912,0.30248188972473145,0.3252878189086914,0.40053486824035645,0.5348200798034668,0.3087468147277832,0.39276909828186035,0.4180159568786621,0.2927696704864502,0.3023221492767334,0.45559120178222656,0.257213830947876,0.4351038932800293,0.31630992889404297,0.3154129981994629,0.29614806175231934,0.2885739803314209,0.2855842113494873,0.26345205307006836,0.3036339282989502,0.29992079734802246,0.32236814498901367,0.3847239017486572,0.36420559883117676,0.5754587650299072,0.35000109672546387,0.27213621139526367,0.33336496353149414,0.29308080673217773,0.3080110549926758,0.3728756904602051,0.5401742458343506,0.338698148727417,0.6509909629821777,0.32057809829711914,0.3229358196258545,0.5507841110229492,0.4775679111480713,0.33900904655456543,0.31034398078918457,0.277050256729126,0.27887821197509766,0.2919900417327881,0.315814733505249,0.2904548645019531,0.23232817649841309,0.5047199726104736,0.25701284408569336,0.33687806129455566,0.40947413444519043,0.27854490280151367,0.27899599075317383,0.4251699447631836,0.4270009994506836,0.2959010601043701,0.39516282081604004,0.3343808650970459,0.27301621437072754,0.3672490119934082,0.35260009765625,0.26484203338623047,0.32780003547668457,0.4098207950592041,0.3156778812408447,0.3174550533294678,0.4803149700164795,0.3550882339477539,0.42435717582702637,0.27359890937805176,0.29433226585388184,0.5273418426513672,0.3506648540496826,0.41077494621276855,0.3465142250061035,0.4935629367828369,0.2934448719024658,0.23340702056884766,0.3750159740447998,0.34099388122558594,0.3140749931335449,0.6244711875915527,0.33377885818481445,0.47272300720214844,0.35703516006469727,0.4866831302642822,0.3646070957183838,0.47367405891418457,0.4359469413757324,0.6820180416107178,0.2848777770996094,0.3324871063232422,0.6165809631347656,0.6474878787994385,0.3621540069580078,0.3042752742767334,0.4475588798522949,0.478104829788208,0.4195420742034912,0.6410918235778809,0.3588550090789795,0.2803230285644531,0.5518410205841064,0.9172728061676025,0.3399381637573242,0.35686492919921875,0.3634529113769531,0.4966390132904053,0.48326897621154785,1.0067861080169678,0.33574795722961426,0.5306768417358398,0.4367806911468506,0.28537607192993164,0.2974390983581543,0.4794502258300781,0.43878912925720215,0.2951819896697998,1.1847758293151855,0.31812191009521484,0.4025442600250244,0.3083791732788086,0.35566186904907227,0.5375950336456299,0.40268802642822266,0.3812689781188965,0.3045186996459961,0.32802295684814453,0.3328568935394287,0.7138280868530273,0.3503751754760742,0.7405812740325928,0.35768699645996094,0.447922945022583,0.34595584869384766,0.34822893142700195,0.27891993522644043,0.3653690814971924,0.30727386474609375,0.3446207046508789,0.4822196960449219,0.2870969772338867,0.29485297203063965,0.3433229923248291,0.24675297737121582,0.3107161521911621,0.32532501220703125,0.9347150325775146,0.30054187774658203,0.5607399940490723,0.2878091335296631,0.30786609649658203,0.34642791748046875,0.4299931526184082,0.37014102935791016,0.3106200695037842,0.3195211887359619,0.5086319446563721,0.322523832321167,0.2518279552459717,0.3489100933074951,0.25781989097595215,0.36365723609924316,0.24443483352661133,0.2809321880340576,0.3116028308868408,0.2834458351135254,0.2339479923248291,0.3478813171386719,0.48268914222717285,0.3155698776245117,0.3426170349121094,0.3762059211730957,0.2503211498260498,0.3766357898712158,0.3835482597351074,0.29711294174194336,0.694957971572876,0.3387339115142822,0.4015052318572998,0.29938197135925293,0.2617149353027344,0.3028719425201416,0.43688106536865234,0.4387173652648926,0.3116741180419922,0.3951089382171631,0.3442800045013428,0.2915761470794678,0.39209508895874023,0.3583972454071045,0.42618298530578613,0.2703280448913574,0.33455491065979004,0.31487393379211426,0.26438093185424805,0.3147909641265869,0.22045230865478516,0.2832820415496826,0.27053284645080566
0.06	GG	0.36872172355651855,0.421353816986084,0.7388191223144531,0.6001441478729248,0.6024720668792725,0.44922804832458496,0.7036540508270264,0.5595600605010986,0.5151548385620117,0.49280714988708496,0.6102960109710693,0.5753343105316162,0.5963499546051025,0.4028501510620117,0.4773092269897461,0.5052680969238281,0.2841007709503174,0.3971431255340576,0.3597719669342041,0.5272970199584961,0.5040237903594971,0.40764284133911133,0.6693530082702637,0.4580111503601074,0.615131139755249,0.5738790035247803,0.5105209350585938,0.5813930034637451,0.5716769695281982,0.5657670497894287,0.5837969779968262,0.43958091735839844,0.4308488368988037,0.29979991912841797,0.7941911220550537,0.539982795715332,0.4632689952850342,0.21673297882080078,0.6816020011901855,0.3389089107513428,0.6530561447143555,0.54331374168396,0.6149840354919434,0.5617640018463135,0.6598572731018066,0.351654052734375,0.5251851081848145,0.4421110153198242,0.6100239753723145,0.5057229995727539,0.5450973510742188,0.3597421646118164,0.28975892066955566,0.4246346950531006,0.32154083251953125,0.6191909313201904,0.764488935470581,0.7085261344909668,0.482529878616333,0.5485949516296387,0.26122593879699707,0.718656063079834,0.4108908176422119,0.5302739143371582,0.403303861618042,0.527519941329956,0.6974568367004395,0.5611579418182373,0.6141500473022461,0.5809299945831299,0.5405030250549316,0.7960152626037598,0.24126672744750977,0.5398910045623779,0.5764663219451904,0.2096388339996338,0.6855690479278564,0.2974212169647217,0.6270270347595215,0.3507380485534668,0.7425799369812012,0.5037226676940918,0.6175379753112793,0.7082281112670898,0.35223817825317383,0.723783016204834,0.8100121021270752,0.7898440361022949,1.0437288284301758,0.6511940956115723,0.4471278190612793,0.8104031085968018,1.1133849620819092,0.8666329383850098,1.61490797996521,0.3999640941619873,1.1299059391021729,0.8159520626068115,1.26792311668396,0.6241381168365479,1.1239182949066162,0.6102278232574463,0.4245262145996094,0.8384521007537842,0.5768430233001709,0.7008979320526123,0.5900411605834961,0.5330801010131836,0.5204160213470459,0.5235657691955566,0.3558499813079834,0.845268964767456,1.027130126953125,0.7170741558074951,0.610400915145874,0.9092600345611572,0.3905019760131836,0.7494311332702637,0.6271193027496338,0.9125759601593018,0.4033839702606201,0.6194610595703125,0.4511990547180176,0.7438499927520752,0.7152330875396729,0.8318171501159668,0.3494887351989746,0.5317287445068359,0.2540731430053711,0.6855790615081787,0.5077378749847412,1.0314860343933105,0.6985070705413818,0.3142521381378174,0.7483720779418945,0.5481550693511963,0.6537799835205078,0.6667580604553223,0.6454520225524902,0.3218200206756592,0.5714809894561768,0.7536509037017822,0.6101069450378418,0.45023608207702637,0.5547561645507812,0.5000381469726562,0.41056203842163086,0.3042938709259033,0.5991458892822266,0.6126368045806885,0.36925506591796875,0.20669317245483398,0.5193243026733398,0.37181901931762695,0.32806396484375,1.0798530578613281,0.7791440486907959,0.7897648811340332,0.49982500076293945,0.4814138412475586,0.48268890380859375,0.31243395805358887,0.38483214378356934,0.8429648876190186,0.5944128036499023,0.43430399894714355,0.542996883392334,0.4753870964050293,0.25104808807373047,0.7050590515136719,0.6954379081726074,0.7313261032104492,1.1646311283111572,1.0953359603881836,0.6815812587738037,0.47429704666137695,0.3176429271697998,0.46776413917541504,0.6482360363006592,0.8638279438018799,0.44602179527282715,0.7583751678466797,0.5579378604888916,1.2242729663848877,0.7116396427154541,0.4309990406036377,0.6409296989440918,0.8090627193450928,0.5145101547241211,0.8934707641601562,0.3379209041595459,0.286531925201416,0.399446964263916,0.49736809730529785,0.38723182678222656,0.6161952018737793,0.6723918914794922,0.40138983726501465,0.49663710594177246,0.3927788734436035
0.06	GG2	0.36872172355651855,0.421353816986084,0.7388191223144531,0.6001441478729248,0.6024720668792725,0.44922804832458496,0.7036540508270264,0.5595600605010986,0.5151548385620117,0.49280714988708496,0.6102960109710693,0.5753343105316162,0.5963499546051025,0.4028501510620117,0.4773092269897461,0.5052680969238281,0.2841007709503174,0.3971431255340576,0.3597719669342041,0.5272970199584961,0.5040237903594971,0.40764284133911133,0.6693530082702637,0.4580111503601074,0.615131139755249,0.5738790035247803,0.5105209350585938,0.5813930034637451,0.5716769695281982,0.5657670497894287,0.5837969779968262,0.43958091735839844,0.4308488368988037,0.29979991912841797,0.7941911220550537,0.539982795715332,0.4632689952850342,0.21673297882080078,0.6816020011901855,0.3389089107513428,0.6530561447143555,0.54331374168396,0.6149840354919434,0.5617640018463135,0.6598572731018066,0.351654052734375,0.5251851081848145,0.4421110153198242,0.6100239753723145,0.5057229995727539,0.5450973510742188,0.3597421646118164,0.28975892066955566,0.4246346950531006,0.32154083251953125,0.6191909313201904,0.764488935470581,0.7085261344909668,0.482529878616333,0.5485949516296387,0.26122593879699707,0.718656063079834,0.4108908176422119,0.5302739143371582,0.403303861618042,0.527519941329956,0.6974568367004395,0.5611579418182373,0.6141500473022461,0.5809299945831299,0.5405030250549316,0.7960152626037598,0.24126672744750977,0.5398910045623779,0.5764663219451904,0.2096388339996338,0.6855690479278564,0.2974212169647217,0.6270270347595215,0.3507380485534668,0.7425799369812012,0.5037226676940918,0.6175379753112793,0.7082281112670898,0.35223817825317383,0.723783016204834,0.8100121021270752,0.7898440361022949,1.0437288284301758,0.6511940956115723,0.4471278190612793,0.8104031085968018,1.1133849620819092,0.8666329383850098,1.61490797996521,0.3999640941619873,1.1299059391021729,0.8159520626068115,1.26792311668396,0.6241381168365479,1.1239182949066162,0.6102278232574463,0.4245262145996094,0.8384521007537842,0.5768430233001709,0.7008979320526123,0.5900411605834961,0.5330801010131836,0.5204160213470459,0.5235657691955566,0.3558499813079834,0.845268964767456,1.027130126953125,0.7170741558074951,0.610400915145874,0.9092600345611572,0.3905019760131836,0.7494311332702637,0.6271193027496338,0.9125759601593018,0.4033839702606201,0.6194610595703125,0.4511990547180176,0.7438499927520752,0.7152330875396729,0.8318171501159668,0.3494887351989746,0.5317287445068359,0.2540731430053711,0.6855790615081787,0.5077378749847412,1.0314860343933105,0.6985070705413818,0.3142521381378174,0.7483720779418945,0.5481550693511963,0.6537799835205078,0.6667580604553223,0.6454520225524902,0.3218200206756592,0.5714809894561768,0.7536509037017822,0.6101069450378418,0.45023608207702637,0.5547561645507812,0.5000381469726562,0.41056203842163086,0.3042938709259033,0.5991458892822266,0.6126368045806885,0.36925506591796875,0.20669317245483398,0.5193243026733398,0.37181901931762695,0.32806396484375,1.0798530578613281,0.7791440486907959,0.7897648811340332,0.49982500076293945,0.4814138412475586,0.48268890380859375,0.31243395805358887,0.38483214378356934,0.8429648876190186,0.5944128036499023,0.43430399894714355,0.542996883392334,0.4753870964050293,0.25104808807373047,0.7050590515136719,0.6954379081726074,0.7313261032104492,1.1646311283111572,1.0953359603881836,0.6815812587738037,0.47429704666137695,0.3176429271697998,0.46776413917541504,0.6482360363006592,0.8638279438018799,0.44602179527282715,0.7583751678466797,0.5579378604888916,1.2242729663848877,0.7116396427154541,0.4309990406036377,0.6409296989440918,0.8090627193450928,0.5145101547241211,0.8934707641601562,0.3379209041595459,0.286531925201416,0.399446964263916,0.49736809730529785,0.38723182678222656,0.6161952018737793,0.6723918914794922,0.40138983726501465,0.49663710594177246,0.3927788734436035
0.08	GEE	0.00824594497680664,0.008008956909179688,0.008239030838012695,0.008256912231445312,0.008469104766845703,0.00808405876159668,0.008443117141723633,0.008168935775756836,0.009236812591552734,0.007988929748535156,0.008344888687133789,0.007930994033813477,0.008216142654418945,0.00818490982055664,0.009346961975097656,0.009720087051391602,0.008414983749389648,0.008169889450073242,0.00817418098449707,0.008318901062011719,0.008294820785522461,0.008032083511352539,0.008964061737060547,0.007936954498291016,0.008063077926635742,0.008266925811767578,0.00881505012512207,0.008033990859985352,0.008154153823852539,0.00829172134399414,0.008173942565917969,0.008204936981201172,0.008147001266479492,0.008174896240234375,0.008898019790649414,0.008610010147094727,0.008794069290161133,0.008584976196289062,0.009318828582763672,0.00809621810913086,0.009264945983886719,0.0080718994140625,0.008080005645751953,0.008939027786254883,0.008810997009277344,0.008067846298217773,0.008274316787719727,0.009333133697509766,0.008143901824951172,0.008087873458862305,0.007988929748535156,0.009740114212036133,0.008330821990966797,0.008046150207519531,0.008177995681762695,0.008357048034667969,0.00832366943359375,0.008375167846679688,0.008228778839111328,0.008125066757202148,0.008181095123291016,0.008168220520019531,0.008019208908081055,0.00818490982055664,0.008130073547363281,0.008262157440185547,0.008136987686157227,0.008529901504516602,0.008015155792236328,0.008273124694824219,0.008301019668579102,0.008352994918823242,0.008204936981201172,0.008883953094482422,0.008328914642333984,0.007983922958374023,0.008085012435913086,0.008486032485961914,0.009037256240844727,0.008134841918945312,0.008287906646728516,0.008288145065307617,0.008976936340332031,0.008323907852172852,0.008563995361328125,0.008396148681640625,0.00922393798828125,0.008148908615112305,0.008590221405029297,0.008512020111083984,0.00802302360534668,0.008096933364868164,0.008163213729858398,0.00804901123046875,0.008288860321044922,0.007959127426147461,0.008052825927734375,0.008302927017211914,0.009706974029541016,0.008157014846801758,0.009326934814453125,0.008070945739746094,0.008253097534179688,0.008133172988891602,0.009221076965332031,0.008015871047973633,0.008178949356079102,0.009202241897583008,0.008391857147216797,0.008492708206176758,0.008139848709106445,0.008238792419433594,0.009958028793334961,0.00882720947265625,0.008675813674926758,0.008434772491455078,0.008088111877441406,0.008133172988891602,0.008166074752807617,0.014067888259887695,0.00815892219543457,0.008206844329833984,0.008041858673095703,0.008321046829223633,0.008193254470825195,0.008144140243530273,0.009568929672241211,0.00964665412902832,0.008151054382324219,0.00838613510131836,0.009513378143310547,0.008369207382202148,0.00847482681274414,0.008119821548461914,0.008276939392089844,0.008157968521118164,0.008011102676391602,0.008169889450073242,0.008584976196289062,0.008648157119750977,0.008804082870483398,0.008758783340454102,0.008244991302490234,0.007970094680786133,0.008092880249023438,0.008263826370239258,0.008567094802856445,0.00802302360534668,0.010180234909057617,0.008649110794067383,0.008182048797607422,0.008323192596435547,0.00826406478881836,0.008387088775634766,0.008139848709106445,0.008203983306884766,0.009119033813476562,0.008511066436767578,0.008395910263061523,0.008189916610717773,0.00863790512084961,0.008812904357910156,0.00885462760925293,0.008589982986450195,0.00814199447631836,0.008987188339233398,0.008314132690429688,0.008109092712402344,0.009157180786132812,0.008213996887207031,0.008477926254272461,0.008093118667602539,0.008229970932006836,0.008538007736206055,0.008172035217285156,0.008452892303466797,0.009138822555541992,0.009083986282348633,0.008469104766845703,0.00799703598022461,0.008473873138427734,0.008148193359375,0.008144855499267578,0.00925588607788086,0.008543968200683594,0.008609771728515625,0.008273124694824219,0.008104085922241211,0.008327722549438477,0.011880874633789062,0.008372783660888672,0.008114814758300781,0.008174896240234375,0.00934290885925293,0.008847951889038086,0.008250951766967773,0.010001182556152344,0.008883953094482422,0.008410215377807617,0.008353948593139648
0.08	GNN	0.7512280941009521,0.44748997688293457,0.4896571636199951,0.2561798095703125,0.383986234664917,0.3242816925048828,0.2766079902648926,0.352611780166626,0.34148406982421875,0.3790609836578369,0.2509629726409912,0.37533092498779297,0.23760199546813965,0.35781216621398926,0.3040781021118164,0.43135595321655273,0.3986659049987793,0.2362658977508545,0.36216187477111816,0.34209489822387695,0.31893134117126465,0.26943421363830566,0.34470486640930176,0.32719898223876953,0.24053406715393066,0.30505895614624023,0.28039073944091797,0.3045318126678467,0.3703770637512207,0.2657968997955322,0.37181639671325684,0.30264878273010254,0.5776689052581787,0.3730168342590332,0.307492733001709,0.381605863571167,0.332597017288208,0.4391617774963379,0.28397297859191895,0.2863631248474121,0.3075127601623535,0.37204480171203613,0.4813201427459717,0.2774360179901123,0.2797970771789551,0.4016571044921875,0.28104400634765625,0.37699007987976074,0.3377399444580078,0.28266096115112305,0.3934211730957031,0.4357171058654785,0.3314979076385498,0.38310694694519043,0.2403709888458252,0.3170802593231201,0.28284597396850586,0.36897993087768555,0.24886083602905273,0.3420228958129883,0.4329352378845215,0.3369309902191162,0.2944180965423584,0.6076247692108154,0.2661600112915039,0.517733097076416,0.23073196411132812,0.3732771873474121,0.3655269145965576,0.5421431064605713,0.35033178329467773,0.6932308673858643,0.3124668598175049,0.7456462383270264,0.45982789993286133,0.30052685737609863,0.2893848419189453,0.3586592674255371,0.3151838779449463,0.28584909439086914,0.29511117935180664,0.6328370571136475,0.36838626861572266,0.4276731014251709,0.3515040874481201,0.4229259490966797,0.4474477767944336,0.4342949390411377,0.3563039302825928,0.5240509510040283,0.2856888771057129,0.37482380867004395,0.25842714309692383,0.4120159149169922,0.33703112602233887,0.41522908210754395,0.36131906509399414,0.3113391399383545,0.5008797645568848,0.3858296871185303,0.31084394454956055,0.43550992012023926,0.29334092140197754,0.5310840606689453,0.2715582847595215,0.28749990463256836,0.36051321029663086,0.3851170539855957,0.43680286407470703,0.3755481243133545,0.30669379234313965,0.32631921768188477,0.6896820068359375,0.39556288719177246,0.2883119583129883,0.3605799674987793,0.6830530166625977,0.3781449794769287,0.3031919002532959,0.3353869915008545,0.3013429641723633,0.3231680393218994,0.3816990852355957,0.3511359691619873,0.28806090354919434,0.6366429328918457,0.30210089683532715,0.3643929958343506,0.5011990070343018,0.397691011428833,0.26427173614501953,0.41512584686279297,0.38225698471069336,0.48758983612060547,0.4176809787750244,0.3113667964935303,0.250225305557251,0.5632362365722656,0.23777389526367188,0.22066092491149902,0.28974413871765137,0.30688905715942383,0.5393860340118408,0.44014596939086914,0.3469698429107666,0.7481331825256348,0.47013401985168457,0.7691898345947266,0.2835428714752197,0.3382432460784912,0.3071329593658447,0.2811110019683838,0.261760950088501,0.3827650547027588,0.31639695167541504,0.29402804374694824,0.4352238178253174,0.32635498046875,0.3021969795227051,0.3204169273376465,0.317857027053833,0.5357918739318848,0.23331284523010254,0.4389071464538574,0.27489805221557617,0.518517017364502,0.2571871280670166,0.40011072158813477,0.34012317657470703,0.2662520408630371,0.2883272171020508,0.4378831386566162,0.25644803047180176,0.2299649715423584,0.3011929988861084,0.4081127643585205,0.2782719135284424,0.3042869567871094,0.3479280471801758,0.4900999069213867,0.20594096183776855,0.23087787628173828,0.2536201477050781,0.35081911087036133,0.9924972057342529,0.2715921401977539,0.25327301025390625,0.5017988681793213,0.5183894634246826,0.40314507484436035,0.3460428714752197,0.4168989658355713,0.25173330307006836,0.3423290252685547,0.8288969993591309,0.343707799911499,0.39975690841674805,0.2831900119781494,0.29158520698547363,0.33867597579956055
0.08	GG	0.608083963394165,0.4102458953857422,0.5723769664764404,0.686363935470581,0.5200450420379639,0.5795168876647949,0.7672250270843506,0.5992350578308105,0.5599229335784912,0.502457857131958,0.6643409729003906,0.6001148223876953,0.6116490364074707,0.40154290199279785,0.5789921283721924,0.3352231979370117,0.22470927238464355,0.5251550674438477,0.22788405418395996,0.6380040645599365,0.7539079189300537,0.46869611740112305,0.7976970672607422,0.7368268966674805,0.6144111156463623,0.5413110256195068,0.44914793968200684,0.42127013206481934,0.5151808261871338,0.6906459331512451,0.6817600727081299,0.4542112350463867,0.34282803535461426,0.5818240642547607,0.5060269832611084,0.4698629379272461,0.5658359527587891,0.4559197425842285,0.611469030380249,0.6405978202819824,0.6930620670318604,1.0060369968414307,0.7466809749603271,0.6527011394500732,0.36666083335876465,0.4554169178009033,0.7468760013580322,0.30850696563720703,0.49358606338500977,0.6460649967193604,0.37346625328063965,0.525291919708252,0.493527889251709,0.3928518295288086,0.7522718906402588,0.30791187286376953,0.38461899757385254,0.6996562480926514,0.26790785789489746,0.5607681274414062,0.51882004737854,0.8092491626739502,0.7459762096405029,0.4810831546783447,0.5819909572601318,0.6029181480407715,0.8528242111206055,0.664560079574585,0.5667257308959961,0.7754909992218018,0.431185245513916,0.6716899871826172,0.2335200309753418,0.6881148815155029,0.7838311195373535,0.2717621326446533,0.9308130741119385,0.7060399055480957,0.7641448974609375,0.7353620529174805,0.31974291801452637,0.5075221061706543,0.5598080158233643,0.5250332355499268,0.32073307037353516,0.6604030132293701,0.2690598964691162,0.4440901279449463,0.6940057277679443,0.7239389419555664,0.4969480037689209,1.1037383079528809,0.4352729320526123,0.6179871559143066,0.6112930774688721,0.5218498706817627,0.577678918838501,0.38817429542541504,0.706610918045044,0.537421703338623,0.6382460594177246,0.374161958694458,0.27752208709716797,1.1341803073883057,0.5150337219238281,0.3695051670074463,0.4900338649749756,0.49668407440185547,0.3511209487915039,0.616339921951294,0.46248388290405273,0.9100120067596436,0.5918090343475342,0.6662907600402832,0.6205410957336426,0.7209370136260986,0.3923766613006592,0.7858390808105469,0.32799601554870605,1.1305007934570312,0.3926548957824707,0.6518509387969971,0.453413724899292,0.48546528816223145,0.7210497856140137,0.5212500095367432,0.3257122039794922,0.2834341526031494,0.5127120018005371,0.6736700534820557,0.4993128776550293,0.46575307846069336,0.3847358226776123,0.24055027961730957,0.6085250377655029,0.6857810020446777,0.4476778507232666,0.40356993675231934,0.5859971046447754,0.3399028778076172,0.8675241470336914,0.568206787109375,0.7667927742004395,0.6874969005584717,0.24312305450439453,0.828153133392334,0.6020176410675049,0.6122119426727295,0.5316338539123535,0.46750402450561523,0.5004396438598633,0.5003452301025391,0.6735177040100098,0.7756969928741455,0.35524892807006836,0.6779079437255859,0.8170609474182129,0.5175440311431885,0.5172529220581055,0.5130181312561035,0.614569902420044,0.33173108100891113,0.3458101749420166,0.3432619571685791,0.4312160015106201,0.5827031135559082,0.6387679576873779,0.56815505027771,0.28834986686706543,0.48304104804992676,0.5466663837432861,0.7700018882751465,0.595552921295166,0.5277619361877441,0.4342770576477051,0.2949662208557129,0.3114659786224365,0.656458854675293,0.4628942012786865,0.624265193939209,0.7746009826660156,0.21228289604187012,0.4949350357055664,0.5842430591583252,0.8235278129577637,0.47637200355529785,0.3930690288543701,0.5969769954681396,0.8149807453155518,0.9957020282745361,0.42485594749450684,0.5240340232849121,0.6446123123168945,0.628230094909668,0.46236371994018555,0.7548060417175293,0.8948900699615479,0.4639880657196045,0.39487385749816895,0.37279796600341797
0.08	GG2	0.608083963394165,0.4102458953857422,0.5723769664764404,0.686363935470581,0.5200450420379639,0.5795168876647949,0.7672250270843506,0.5992350578308105,0.5599229335784912,0.502457857131958,0.6643409729003906,0.6001148223876953,0.6116490364074707,0.40154290199279785,0.5789921283721924,0.3352231979370117,0.22470927238464355,0.5251550674438477,0.22788405418395996,0.6380040645599365,0.7539079189300537,0.46869611740112305,0.7976970672607422,0.7368268966674805,0.6144111156463623,0.5413110256195068,0.44914793968200684,0.42127013206481934,0.5151808261871338,0.6906459331512451,0.6817600727081299,0.4542112350463867,0.34282803535461426,0.5818240642547607,0.5060269832611084,0.4698629379272461,0.5658359527587891,0.4559197425842285,0.611469030380249,0.6405978202819824,0.6930620670318604,1.0060369968414307,0.7466809749603271,0.6527011394500732,0.36666083335876465,0.4554169178009033,0.7468760013580322,0.30850696563720703,0.49358606338500977,0.6460649967193604,0.37346625328063965,0.525291919708252,0.493527889251709,0.3928518295288086,0.7522718906402588,0.30791187286376953,0.38461899757385254,0.6996562480926514,0.26790785789489746,0.5607681274414062,0.51882004737854,0.8092491626739502,0.7459762096405029,0.4810831546783447,0.5819909572601318,0.6029181480407715,0.8528242111206055,0.664560079574585,0.5667257308959961,0.7754909992218018,0.431185245513916,0.6716899871826172,0.2335200309753418,0.6881148815155029,0.7838311195373535,0.2717621326446533,0.9308130741119385,0.7060399055480957,0.7641448974609375,0.7353620529174805,0.31974291801452637,0.5075221061706543,0.5598080158233643,0.5250332355499268,0.32073307037353516,0.6604030132293701,0.2690598964691162,0.4440901279449463,0.6940057277679443,0.7239389419555664,0.4969480037689209,1.1037383079528809,0.4352729320526123,0.6179871559143066,0.6112930774688721,0.5218498706817627,0.577678918838501,0.38817429542541504,0.706610918045044,0.537421703338623,0.6382460594177246,0.374161958694458,0.27752208709716797,1.1341803073883057,0.5150337219238281,0.3695051670074463,0.4900338649749756,0.49668407440185547,0.3511209487915039,0.616339921951294,0.46248388290405273,0.9100120067596436,0.5918090343475342,0.6662907600402832,0.6205410957336426,0.7209370136260986,0.3923766613006592,0.7858390808105469,0.32799601554870605,1.1305007934570312,0.3926548957824707,0.6518509387969971,0.453413724899292,0.48546528816223145,0.7210497856140137,0.5212500095367432,0.3257122039794922,0.2834341526031494,0.5127120018005371,0.6736700534820557,0.4993128776550293,0.46575307846069336,0.3847358226776123,0.24055027961730957,0.6085250377655029,0.6857810020446777,0.4476778507232666,0.40356993675231934,0.5859971046447754,0.3399028778076172,0.8675241470336914,0.568206787109375,0.7667927742004395,0.6874969005584717,0.24312305450439453,0.828153133392334,0.6020176410675049,0.6122119426727295,0.5316338539123535,0.46750402450561523,0.5004396438598633,0.5003452301025391,0.6735177040100098,0.7756969928741455,0.35524892807006836,0.6779079437255859,0.8170609474182129,0.5175440311431885,0.5172529220581055,0.5130181312561035,0.614569902420044,0.33173108100891113,0.3458101749420166,0.3432619571685791,0.4312160015106201,0.5827031135559082,0.6387679576873779,0.56815505027771,0.28834986686706543,0.48304104804992676,0.5466663837432861,0.7700018882751465,0.595552921295166,0.5277619361877441,0.4342770576477051,0.2949662208557129,0.3114659786224365,0.656458854675293,0.4628942012786865,0.624265193939209,0.7746009826660156,0.21228289604187012,0.4949350357055664,0.5842430591583252,0.8235278129577637,0.47637200355529785,0.3930690288543701,0.5969769954681396,0.8149807453155518,0.9957020282745361,0.42485594749450684,0.5240340232849121,0.6446123123168945,0.628230094909668,0.46236371994018555,0.7548060417175293,0.8948900699615479,0.4639880657196045,0.39487385749816895,0.37279796600341797
0.1	GEE	0.009203910827636719,0.00922703742980957,0.00923919677734375,0.009332895278930664,0.009576797485351562,0.009676218032836914,0.009509801864624023,0.010551929473876953,0.009244918823242188,0.009807109832763672,0.00927591323852539,0.09962606430053711,0.009683847427368164,0.009873151779174805,0.009644031524658203,0.009873151779174805,0.011188983917236328,0.009389877319335938,0.009321928024291992,0.009706974029541016,0.009401798248291016,0.010009765625,0.010799169540405273,0.010077953338623047,0.009541034698486328,0.009644031524658203,0.009613275527954102,0.009273767471313477,0.009045124053955078,0.009692907333374023,0.009422063827514648,0.010575056076049805,0.009657144546508789,0.010497808456420898,0.00969696044921875,0.009334802627563477,0.009689807891845703,0.009245872497558594,0.009203195571899414,0.010490894317626953,0.009617805480957031,0.009469032287597656,0.009618759155273438,0.009327173233032227,0.009285926818847656,0.00940084457397461,0.009346961975097656,0.009150028228759766,0.009447336196899414,0.009383201599121094,0.010316133499145508,0.009577035903930664,0.009536027908325195,0.009488105773925781,0.009510040283203125,0.010072946548461914,0.009329795837402344,0.00911092758178711,0.009458065032958984,0.009304046630859375,0.009179115295410156,0.009212970733642578,0.00920414924621582,0.009189128875732422,0.009086132049560547,0.009448051452636719,0.009201765060424805,0.009206056594848633,0.009208202362060547,0.00906515121459961,0.009266138076782227,0.009943008422851562,0.009208917617797852,0.009155750274658203,0.009140253067016602,0.00925898551940918,0.009203910827636719,0.010424137115478516,0.009257316589355469,0.009185075759887695,0.009224891662597656,0.009179830551147461,0.010232686996459961,0.010180950164794922,0.009053945541381836,0.010117053985595703,0.009180068969726562,0.009232044219970703,0.010474920272827148,0.009799957275390625,0.009196996688842773,0.009099960327148438,0.009188175201416016,0.009325981140136719,0.009991884231567383,0.009435892105102539,0.009293079376220703,0.010999202728271484,0.009688138961791992,0.009373903274536133,0.009250879287719727,0.010293006896972656,0.009417057037353516,0.009974956512451172,0.01019597053527832,0.010593891143798828,0.009737014770507812,0.0091400146484375,0.009886980056762695,0.010216236114501953,0.009366035461425781,0.009070873260498047,0.009284019470214844,0.009401082992553711,0.009246110916137695,0.010092020034790039,0.010834932327270508,0.009160995483398438,0.009341001510620117,0.01046299934387207,0.010473012924194336,0.010621070861816406,0.009302139282226562,0.00923013687133789,0.009208917617797852,0.009433984756469727,0.00934600830078125,0.009208917617797852,0.009250879287719727,0.009217977523803711,0.009266138076782227,0.009326934814453125,0.00952601432800293,0.00941610336303711,0.009392738342285156,0.009431123733520508,0.009161949157714844,0.009164094924926758,0.009361982345581055,0.009490728378295898,0.009150981903076172,0.009468317031860352,0.009064197540283203,0.00972604751586914,0.01080012321472168,0.009248971939086914,0.009451150894165039,0.009248971939086914,0.009147167205810547,0.00956416130065918,0.009168863296508789,0.010307073593139648,0.010108232498168945,0.00910496711730957,0.009412050247192383,0.00935673713684082,0.011223077774047852,0.010540008544921875,0.009183883666992188,0.009052038192749023,0.009623050689697266,0.009347200393676758,0.009337902069091797,0.009632110595703125,0.009234189987182617,0.00922393798828125,0.010336160659790039,0.009229183197021484,0.009770870208740234,0.009144067764282227,0.009176015853881836,0.009336709976196289,0.010756254196166992,0.010861873626708984,0.009382963180541992,0.00933694839477539,0.009772062301635742,0.009363889694213867,0.009224176406860352,0.009953022003173828,0.009167909622192383,0.010916709899902344,0.010273933410644531,0.01049184799194336,0.011018037796020508,0.009397029876708984,0.009122133255004883,0.009505033493041992,0.009296178817749023,0.010185956954956055,0.009444713592529297,0.00985097885131836,0.009531974792480469,0.009112119674682617,0.009662866592407227,0.008985757827758789,0.009238004684448242,0.009268045425415039,0.009197711944580078,0.009426116943359375
0.1	GNN	0.8207621574401855,0.324887752532959,0.22530078887939453,0.22211527824401855,0.4084441661834717,0.5216600894927979,0.33441686630249023,0.2642688751220703,0.2812469005584717,0.2833518981933594,0.3412129878997803,0.3962068557739258,0.31065917015075684,0.416579008102417,0.3410072326660156,0.35576486587524414,0.3218388557434082,0.2524580955505371,0.40095019340515137,0.46021604537963867,0.45485591888427734,0.5944430828094482,0.6279480457305908,0.45543885231018066,0.2991952896118164,0.3379230499267578,0.274960994720459,0.25653505325317383,0.4133899211883545,0.33537817001342773,0.31340599060058594,0.4978659152984619,0.23962116241455078,0.3056612014770508,0.388308048248291,0.3949611186981201,0.9487979412078857,0.3156857490539551,0.3473677635192871,0.2595810890197754,0.6286940574645996,0.3225131034851074,0.5006158351898193,0.251420259475708,0.362349271774292,0.2983429431915283,0.29970788955688477,0.34580206871032715,0.4151599407196045,0.4246938228607178,0.28467607498168945,0.4351499080657959,0.3369302749633789,0.5657601356506348,0.7220098972320557,0.3411068916320801,0.31131601333618164,0.3616650104522705,0.347182035446167,0.37736034393310547,0.3823277950286865,0.29506993293762207,0.30160093307495117,0.34636783599853516,0.3106508255004883,0.3466019630432129,0.21985793113708496,0.4239788055419922,0.26376795768737793,0.3048882484436035,0.3896172046661377,0.3759300708770752,0.3884999752044678,0.5817520618438721,0.29816722869873047,0.5193979740142822,0.4311408996582031,0.3414180278778076,0.4367401599884033,0.6183481216430664,0.27869629859924316,0.35006284713745117,0.462460994720459,0.47629809379577637,0.35243797302246094,0.4795501232147217,0.22809100151062012,0.3280613422393799,0.4018590450286865,0.3773360252380371,0.29172706604003906,0.3113079071044922,0.3418397903442383,0.24511170387268066,0.2285919189453125,0.2586350440979004,0.3150970935821533,0.42899513244628906,0.4939558506011963,0.29042983055114746,0.42252302169799805,0.4611232280731201,0.404512882232666,0.30675721168518066,0.36986589431762695,0.3405952453613281,0.31503796577453613,0.39152002334594727,0.27236080169677734,0.5340821743011475,0.4929029941558838,0.3729231357574463,0.36735081672668457,0.6543679237365723,0.3280489444732666,0.37429285049438477,0.33857297897338867,0.47273683547973633,0.33965206146240234,0.3291661739349365,0.5975432395935059,0.33260226249694824,0.5551071166992188,0.26636791229248047,0.6567258834838867,0.7361559867858887,0.2525639533996582,0.2899301052093506,0.3656139373779297,0.33417201042175293,0.3631010055541992,0.37407612800598145,0.42278218269348145,0.25490403175354004,0.4404749870300293,0.29108095169067383,0.32865214347839355,0.4377100467681885,0.25333499908447266,0.5300159454345703,0.64886474609375,0.34971117973327637,0.3082900047302246,0.438215970993042,0.2953152656555176,0.35072779655456543,0.27547597885131836,0.27571916580200195,0.4788391590118408,0.41855478286743164,0.3066530227661133,0.29149603843688965,0.2626669406890869,0.5166940689086914,0.3216550350189209,0.23669219017028809,0.3455069065093994,0.4850442409515381,0.42403602600097656,0.28867673873901367,0.34770798683166504,0.3388400077819824,0.38518500328063965,0.3026869297027588,0.34995198249816895,0.3384358882904053,0.362900972366333,0.23242592811584473,0.49430203437805176,0.34682273864746094,0.2657649517059326,0.33034777641296387,0.3851621150970459,0.4445381164550781,0.41787123680114746,0.3558039665222168,0.3714292049407959,0.2498948574066162,0.3750591278076172,0.3371109962463379,0.389254093170166,0.42504310607910156,0.35576391220092773,0.465440034866333,1.2751898765563965,0.28644776344299316,0.2295539379119873,0.5455379486083984,0.3702361583709717,0.32677721977233887,0.31466007232666016,0.4442110061645508,0.35684990882873535,0.30490994453430176,0.29297375679016113,0.34656405448913574,0.3713400363922119,0.2638711929321289,0.22971010208129883,0.38080406188964844
0.1	GG	0.5450942516326904,0.7318181991577148,0.583949089050293,0.5113818645477295,0.6497988700866699,0.2408742904663086,0.5742061138153076,0.4049239158630371,0.8948888778686523,0.6569092273712158,0.8080871105194092,0.8356237411499023,0.7353558540344238,0.592440128326416,0.8643593788146973,0.7810311317443848,0.3882632255554199,0.30976295471191406,0.6002178192138672,0.48311519622802734,0.7431621551513672,0.8050858974456787,0.6829760074615479,0.6131978034973145,0.9598903656005859,0.5987658500671387,0.6005959510803223,0.6169588565826416,0.5756011009216309,0.5445630550384521,0.5763347148895264,0.47981905937194824,0.719886064529419,0.8812568187713623,0.26525211334228516,1.09543776512146,0.4507739543914795,0.8806400299072266,0.6075551509857178,0.43615269660949707,0.7565510272979736,0.7973828315734863,0.40648889541625977,0.7399816513061523,0.3921642303466797,0.9712450504302979,0.650080680847168,0.5546371936798096,0.5158300399780273,0.5446279048919678,0.7027051448822021,0.5568630695343018,0.5225338935852051,0.43758702278137207,0.6036159992218018,0.9797580242156982,0.46370697021484375,0.6312549114227295,0.30884695053100586,0.4743938446044922,0.46818995475769043,0.7126400470733643,0.5378549098968506,0.6906580924987793,0.7150368690490723,0.8010480403900146,0.6341979503631592,0.8849329948425293,0.6546571254730225,0.8478960990905762,0.7196500301361084,0.5398190021514893,0.2839620113372803,0.44771695137023926,0.42996692657470703,0.24675488471984863,0.48691415786743164,0.4409940242767334,0.5183050632476807,0.5361151695251465,0.34363698959350586,0.5725498199462891,0.6487367153167725,0.7743239402770996,0.37810420989990234,0.7446861267089844,0.3728809356689453,0.9862251281738281,0.45684123039245605,0.7438368797302246,0.8632769584655762,0.5237460136413574,0.4856221675872803,0.857882022857666,0.4664347171783447,0.8329761028289795,0.8399569988250732,0.5112209320068359,0.7970311641693115,0.5116891860961914,0.5480031967163086,0.9624230861663818,0.4427909851074219,0.6648650169372559,0.7670800685882568,0.6936633586883545,0.6856687068939209,0.5575118064880371,1.0535690784454346,0.6943590641021729,0.7353098392486572,0.475632905960083,0.48947811126708984,0.5781369209289551,0.5407059192657471,0.9301180839538574,0.6261930465698242,0.750471830368042,0.2730751037597656,0.6219122409820557,0.6622359752655029,0.852215051651001,0.6357889175415039,0.4347500801086426,0.9544756412506104,0.5341641902923584,0.49920201301574707,0.3997189998626709,0.6501679420471191,0.7298119068145752,0.7525749206542969,0.6075708866119385,0.48726511001586914,0.40245699882507324,0.7081358432769775,0.6159560680389404,0.7917239665985107,0.779940128326416,0.7786979675292969,0.5008058547973633,0.588519811630249,0.9167780876159668,0.7176201343536377,0.35042405128479004,0.6620721817016602,0.3743858337402344,0.6305551528930664,0.3089888095855713,0.45835328102111816,0.5490748882293701,0.723564863204956,0.795159101486206,0.5919828414916992,0.5082290172576904,0.3717010021209717,0.5163800716400146,0.49292778968811035,0.6170601844787598,0.3889951705932617,0.7337379455566406,0.4158027172088623,0.7014131546020508,0.5776901245117188,0.6587209701538086,0.6482198238372803,0.4499640464782715,0.8897759914398193,0.3921480178833008,0.3755471706390381,0.40047526359558105,0.23210501670837402,0.7052149772644043,0.5068631172180176,0.5886101722717285,0.7962279319763184,0.22538399696350098,0.45549726486206055,0.4292721748352051,0.6809580326080322,0.7226779460906982,0.5904371738433838,1.0257580280303955,0.3893132209777832,0.6175720691680908,0.29097437858581543,0.8320658206939697,0.3758699893951416,0.7146098613739014,0.4945333003997803,0.7694478034973145,0.8821477890014648,0.5279550552368164,0.416780948638916,0.44386911392211914,0.37808704376220703,1.0468838214874268,0.6033830642700195,0.5314960479736328,0.7137773036956787,0.792165994644165
0.1	GG2	0.5450942516326904,0.7318181991577148,0.583949089050293,0.5113818645477295,0.6497988700866699,0.2408742904663086,0.5742061138153076,0.4049239158630371,0.8948888778686523,0.6569092273712158,0.8080871105194092,0.8356237411499023,0.7353558540344238,0.592440128326416,0.8643593788146973,0.7810311317443848,0.3882632255554199,0.30976295471191406,0.6002178192138672,0.48311519622802734,0.7431621551513672,0.8050858974456787,0.6829760074615479,0.6131978034973145,0.9598903656005859,0.5987658500671387,0.6005959510803223,0.6169588565826416,0.5756011009216309,0.5445630550384521,0.5763347148895264,0.47981905937194824,0.719886064529419,0.8812568187713623,0.26525211334228516,1.09543776512146,0.4507739543914795,0.8806400299072266,0.6075551509857178,0.43615269660949707,0.7565510272979736,0.7973828315734863,0.40648889541625977,0.7399816513061523,0.3921642303466797,0.9712450504302979,0.650080680847168,0.5546371936798096,0.5158300399780273,0.5446279048919678,0.7027051448822021,0.5568630695343018,0.5225338935852051,0.43758702278137207,0.6036159992218018,0.9797580242156982,0.46370697021484375,0.6312549114227295,0.30884695053100586,0.4743938446044922,0.46818995475769043,0.7126400470733643,0.5378549098968506,0.6906580924987793,0.7150368690490723,0.8010480403900146,0.6341979503631592,0.8849329948425293,0.6546571254730225,0.8478960990905762,0.7196500301361084,0.5398190021514893,0.2839620113372803,0.44771695137023926,0.42996692657470703,0.24675488471984863,0.48691415786743164,0.4409940242767334,0.5183050632476807,0.5361151695251465,0.34363698959350586,0.5725498199462891,0.6487367153167725,0.7743239402770996,0.37810420989990234,0.7446861267089844,0.3728809356689453,0.9862251281738281,0.45684123039245605,0.7438368797302246,0.8632769584655762,0.5237460136413574,0.4856221675872803,0.857882022857666,0.4664347171783447,0.8329761028289795,0.8399569988250732,0.5112209320068359,0.7970311641693115,0.5116891860961914,0.5480031967163086,0.9624230861663818,0.4427909851074219,0.6648650169372559,0.7670800685882568,0.6936633586883545,0.6856687068939209,0.5575118064880371,1.0535690784454346,0.6943590641021729,0.7353098392486572,0.475632905960083,0.48947811126708984,0.5781369209289551,0.5407059192657471,0.9301180839538574,0.6261930465698242,0.750471830368042,0.2730751037597656,0.6219122409820557,0.6622359752655029,0.852215051651001,0.6357889175415039,0.4347500801086426,0.9544756412506104,0.5341641902923584,0.49920201301574707,0.3997189998626709,0.6501679420471191,0.7298119068145752,0.7525749206542969,0.6075708866119385,0.48726511001586914,0.40245699882507324,0.7081358432769775,0.6159560680389404,0.7917239665985107,0.779940128326416,0.7786979675292969,0.5008058547973633,0.588519811630249,0.9167780876159668,0.7176201343536377,0.35042405128479004,0.6620721817016602,0.3743858337402344,0.6305551528930664,0.3089888095855713,0.45835328102111816,0.5490748882293701,0.723564863204956,0.795159101486206,0.5919828414916992,0.5082290172576904,0.3717010021209717,0.5163800716400146,0.49292778968811035,0.6170601844787598,0.3889951705932617,0.7337379455566406,0.4158027172088623,0.7014131546020508,0.5776901245117188,0.6587209701538086,0.6482198238372803,0.4499640464782715,0.8897759914398193,0.3921480178833008,0.3755471706390381,0.40047526359558105,0.23210501670837402,0.7052149772644043,0.5068631172180176,0.5886101722717285,0.7962279319763184,0.22538399696350098,0.45549726486206055,0.4292721748352051,0.6809580326080322,0.7226779460906982,0.5904371738433838,1.0257580280303955,0.3893132209777832,0.6175720691680908,0.29097437858581543,0.8320658206939697,0.3758699893951416,0.7146098613739014,0.4945333003997803,0.7694478034973145,0.8821477890014648,0.5279550552368164,0.416780948638916,0.44386911392211914,0.37808704376220703,1.0468838214874268,0.6033830642700195,0.5314960479736328,0.7137773036956787,0.792165994644165
0.12	GEE	0.009478092193603516,0.009646892547607422,0.00962209701538086,0.012575149536132812,0.009421110153198242,0.009885787963867188,0.009855985641479492,0.009582996368408203,0.009663820266723633,0.009445667266845703,0.009455204010009766,0.00992584228515625,0.017332077026367188,0.009418010711669922,0.009486913681030273,0.009449958801269531,0.009706974029541016,0.00927591323852539,0.011789798736572266,0.009432077407836914,0.00970005989074707,0.009754657745361328,0.009446859359741211,0.010306119918823242,0.009671926498413086,0.009325981140136719,0.0100250244140625,0.009578943252563477,0.009509086608886719,0.009733200073242188,0.00978994369506836,0.009652853012084961,0.009576797485351562,0.00944066047668457,0.010190963745117188,0.009582042694091797,0.009453058242797852,0.010824918746948242,0.010853052139282227,0.011596202850341797,0.011208772659301758,0.019472122192382812,0.010988950729370117,0.01086115837097168,0.011126041412353516,0.009562015533447266,0.010776042938232422,0.009491920471191406,0.009413957595825195,0.009498119354248047,0.00945901870727539,0.00944375991821289,0.009387016296386719,0.00954580307006836,0.009224891662597656,0.010859966278076172,0.009361028671264648,0.00945901870727539,0.009654045104980469,0.009672880172729492,0.009384870529174805,0.010373830795288086,0.00931406021118164,0.00958108901977539,0.009393930435180664,0.009593009948730469,0.011082887649536133,0.00993204116821289,0.00945901870727539,0.009504079818725586,0.009590864181518555,0.009399890899658203,0.010000228881835938,0.010595083236694336,0.009484052658081055,0.009568929672241211,0.009677886962890625,0.010604143142700195,0.010319948196411133,0.009480953216552734,0.009526968002319336,0.009538888931274414,0.011182069778442383,0.009779930114746094,0.010582208633422852,0.009912729263305664,0.010859966278076172,0.009653091430664062,0.009812355041503906,0.009999752044677734,0.009466171264648438,0.009634017944335938,0.009577035903930664,0.010178089141845703,0.009429931640625,0.009907960891723633,0.009614706039428711,0.010146141052246094,0.009926080703735352,0.010160207748413086,0.010482311248779297,0.011057853698730469,0.010689020156860352,0.010709047317504883,0.009489774703979492,0.009493112564086914,0.009557962417602539,0.009559869766235352,0.009476661682128906,0.009588956832885742,0.009421110153198242,0.00951385498046875,0.009479045867919922,0.009430885314941406,0.009520769119262695,0.009562969207763672,0.009618759155273438,0.009382963180541992,0.009730100631713867,0.012839078903198242,0.010492324829101562,0.009637117385864258,0.010310888290405273,0.009715080261230469,0.009523868560791016,0.009495019912719727,0.009627103805541992,0.009462833404541016,0.009637117385864258,0.00986027717590332,0.011441946029663086,0.010565996170043945,0.014297246932983398,0.00988006591796875,0.009899139404296875,0.009474039077758789,0.009902000427246094,0.009525060653686523,0.009660959243774414,0.009332895278930664,0.010434150695800781,0.009589195251464844,0.009778976440429688,0.00953817367553711,0.009684085845947266,0.00952291488647461,0.009488105773925781,0.009470224380493164,0.011239767074584961,0.010042190551757812,0.010103940963745117,0.0094757080078125,0.010550975799560547,0.009537935256958008,0.009449005126953125,0.009532928466796875,0.011011838912963867,0.012362957000732422,0.010734081268310547,0.018892765045166016,0.014745712280273438,0.01378011703491211,0.013754844665527344,0.011618852615356445,0.011506080627441406,0.011636018753051758,0.012289047241210938,0.011078119277954102,0.01236414909362793,0.01159214973449707,0.013767004013061523,0.01126408576965332,0.012108802795410156,0.012331008911132812,0.011483192443847656,0.011687040328979492,0.012021064758300781,0.011376142501831055,0.011860132217407227,0.011883974075317383,0.011872053146362305,0.011602163314819336,0.011344194412231445,0.011559009552001953,0.0112152099609375,0.011080026626586914,0.011385917663574219,0.011394977569580078,0.012676239013671875,0.010871171951293945,0.011178016662597656,0.011065006256103516,0.011245965957641602,0.011224031448364258,0.011135101318359375,0.011690139770507812,0.011777162551879883,0.011174917221069336,0.01131582260131836,0.011822700500488281
0.12	GNN	0.3847641944885254,0.26559901237487793,0.2278118133544922,0.2219231128692627,0.2599782943725586,0.34662294387817383,0.40480613708496094,0.26732611656188965,0.21169686317443848,0.2937040328979492,0.4790189266204834,0.5656630992889404,0.39883995056152344,0.3184840679168701,0.25237560272216797,0.5351872444152832,0.2716641426086426,0.3625500202178955,0.41990184783935547,0.5204448699951172,0.3779749870300293,0.5930230617523193,0.2815439701080322,0.503148078918457,0.39867711067199707,0.3280820846557617,0.4634208679199219,0.32635498046875,0.32000088691711426,0.3355991840362549,0.25272393226623535,0.30475807189941406,0.5638229846954346,0.39498400688171387,0.3024780750274658,0.31784987449645996,0.3893771171569824,0.3905630111694336,0.42483091354370117,0.5150661468505859,0.41677308082580566,0.4733109474182129,0.31914615631103516,0.39578914642333984,0.4066901206970215,0.4933180809020996,0.2310330867767334,0.26267099380493164,0.22883009910583496,0.2778182029724121,0.2616689205169678,0.3015117645263672,0.37212681770324707,0.2780590057373047,0.3069431781768799,0.23210597038269043,0.4055349826812744,0.3567190170288086,0.2146461009979248,0.355457067489624,0.3429141044616699,0.24821138381958008,0.25273704528808594,0.603518009185791,0.35677480697631836,0.22237706184387207,0.2998981475830078,0.79121994972229,0.411362886428833,0.23592185974121094,0.3366682529449463,0.4188573360443115,0.36596202850341797,0.2894420623779297,0.23569107055664062,0.5037660598754883,0.5851309299468994,0.52557373046875,0.4055318832397461,0.3117959499359131,0.2586090564727783,0.3236579895019531,0.4916102886199951,0.3694119453430176,0.34395313262939453,0.25820088386535645,0.26545214653015137,0.34578895568847656,0.5739033222198486,0.38576412200927734,0.24728703498840332,0.6236791610717773,0.38043904304504395,0.39669084548950195,0.23810911178588867,0.348599910736084,0.5776622295379639,0.4726548194885254,0.30470800399780273,0.31367969512939453,0.3954460620880127,0.37041187286376953,0.35631322860717773,0.4735140800476074,0.2611978054046631,0.3497629165649414,0.45264315605163574,0.44274425506591797,0.5568671226501465,0.24649310111999512,0.34151291847229004,0.44774699211120605,0.38858985900878906,0.3198399543762207,0.30184388160705566,0.3831806182861328,0.3477189540863037,0.394273042678833,0.5758929252624512,0.6647529602050781,0.4678988456726074,0.27863335609436035,0.2407069206237793,0.3709428310394287,0.3251841068267822,0.7195699214935303,0.2856879234313965,0.36160993576049805,0.6124668121337891,0.29165101051330566,0.4462571144104004,0.41301512718200684,0.41216015815734863,0.23945283889770508,0.40289878845214844,0.28115081787109375,0.25989603996276855,0.4322659969329834,0.5283701419830322,0.24997806549072266,0.4976341724395752,0.42011308670043945,0.30686092376708984,0.22996807098388672,0.29482603073120117,0.3151819705963135,0.37009716033935547,0.3376178741455078,0.2948729991912842,0.3696479797363281,0.35402894020080566,0.3641479015350342,0.33775901794433594,0.37664008140563965,0.596923828125,0.2323000431060791,0.41023993492126465,0.5925109386444092,0.41312193870544434,0.6547451019287109,0.9059619903564453,0.3891580104827881,0.7481811046600342,0.24312686920166016,0.31082820892333984,0.225114107131958,0.3064229488372803,0.46571803092956543,0.43915295600891113,0.4963419437408447,0.352158784866333,0.5871090888977051,0.39978909492492676,0.28159189224243164,0.3121201992034912,0.3280799388885498,0.3163139820098877,0.23715782165527344,0.30376601219177246,0.5155668258666992,0.24649715423583984,0.2305920124053955,0.3060908317565918,0.3613409996032715,0.4154949188232422,0.45881104469299316,0.3533909320831299,0.937981128692627,0.47549891471862793,0.37158918380737305,0.3788299560546875,0.4164767265319824,0.2525317668914795,0.3240809440612793,0.28588080406188965,0.3418288230895996,0.3518671989440918,0.3801088333129883,0.2848539352416992,0.5696940422058105
0.12	GG	0.6892848014831543,0.4256877899169922,0.9722959995269775,0.4687480926513672,0.48447108268737793,0.4352610111236572,0.4913630485534668,0.5853428840637207,0.3247239589691162,0.5196468830108643,0.6057186126708984,0.8071861267089844,0.6162490844726562,0.47101902961730957,0.39865899085998535,0.2103128433227539,0.39977216720581055,0.3380100727081299,0.38943004608154297,0.32088279724121094,0.8723568916320801,0.4871070384979248,0.6382339000701904,0.6237051486968994,0.49993300437927246,0.5509440898895264,0.6310060024261475,0.5919151306152344,0.4301590919494629,0.41321396827697754,0.5397059917449951,0.5284111499786377,0.6867520809173584,1.0054078102111816,0.6449153423309326,0.5436270236968994,0.7612171173095703,0.42151498794555664,0.6861529350280762,0.8622348308563232,1.167283058166504,0.9134011268615723,0.8721420764923096,0.6428399085998535,0.4689791202545166,0.5497257709503174,0.6900391578674316,0.6171000003814697,0.8568048477172852,0.5452480316162109,0.523745059967041,0.638679027557373,0.6215701103210449,0.6328127384185791,0.787179708480835,0.2555263042449951,0.508223295211792,0.8404679298400879,0.26514315605163574,0.5616440773010254,0.43680882453918457,0.6778340339660645,0.40633201599121094,0.6552820205688477,0.4355299472808838,0.7302870750427246,0.9045641422271729,0.7355520725250244,1.2402691841125488,0.630558967590332,0.9054899215698242,0.514301061630249,0.2846248149871826,0.40335798263549805,0.6295669078826904,0.7621786594390869,0.7877151966094971,0.4134349822998047,0.5711202621459961,0.6157162189483643,0.40694713592529297,0.5567319393157959,0.4142017364501953,0.7799341678619385,1.0409009456634521,0.5177271366119385,0.30716967582702637,0.6794290542602539,0.6866190433502197,0.6877250671386719,0.5569779872894287,0.6966767311096191,0.4979691505432129,0.8021790981292725,1.0594732761383057,0.5383610725402832,0.7729160785675049,0.8405818939208984,1.3009507656097412,0.7021031379699707,0.8081238269805908,0.8362607955932617,0.3007621765136719,0.6970651149749756,0.5325441360473633,0.4819812774658203,0.7243869304656982,0.3963637351989746,0.47762107849121094,0.7926759719848633,0.6102650165557861,0.47170305252075195,0.4559361934661865,0.494312047958374,0.5168042182922363,0.5703940391540527,0.6781861782073975,0.6491448879241943,0.5866658687591553,1.1305651664733887,0.3953890800476074,0.9200758934020996,0.39044189453125,0.6234960556030273,0.5969188213348389,0.7675561904907227,0.4279518127441406,0.3708159923553467,0.41343021392822266,1.4096031188964844,0.49616575241088867,0.6732940673828125,0.5951938629150391,0.4952571392059326,0.6721971035003662,0.6476948261260986,0.45654797554016113,0.5001039505004883,0.6337080001831055,0.28089404106140137,0.9576408863067627,0.6129169464111328,0.6484251022338867,0.6222741603851318,0.41067004203796387,0.24622392654418945,0.5986068248748779,0.5169799327850342,0.462921142578125,0.7009868621826172,0.5470302104949951,0.4099242687225342,0.5951070785522461,0.6589748859405518,0.6125643253326416,0.6701431274414062,0.8026533126831055,0.997006893157959,0.6736390590667725,1.3380298614501953,0.8323667049407959,0.9527180194854736,0.739926815032959,0.39860081672668457,0.7067821025848389,0.9509828090667725,0.7807221412658691,1.112851858139038,0.3286416530609131,0.46466779708862305,0.439730167388916,0.8824520111083984,1.0173430442810059,1.0066108703613281,0.7142071723937988,0.4391629695892334,0.2815361022949219,0.8314580917358398,0.9203159809112549,1.2601470947265625,0.6346707344055176,0.6301729679107666,0.6238031387329102,0.8554902076721191,0.5679988861083984,0.7950568199157715,0.44025683403015137,0.9490311145782471,0.5275819301605225,1.1340827941894531,0.43485307693481445,0.4595320224761963,0.3605818748474121,0.43679285049438477,0.7495269775390625,0.939539909362793,0.6963751316070557,1.1018552780151367,0.5368309020996094,0.23414301872253418
0.12	GG2	0.6892848014831543,0.4256877899169922,0.9722959995269775,0.4687480926513672,0.48447108268737793,0.4352610111236572,0.4913630485534668,0.5853428840637207,0.3247239589691162,0.5196468830108643,0.6057186126708984,0.8071861267089844,0.6162490844726562,0.47101902961730957,0.39865899085998535,0.2103128433227539,0.39977216720581055,0.3380100727081299,0.38943004608154297,0.32088279724121094,0.8723568916320801,0.4871070384979248,0.6382339000701904,0.6237051486968994,0.49993300437927246,0.5509440898895264,0.6310060024261475,0.5919151306152344,0.4301590919494629,0.41321396827697754,0.5397059917449951,0.5284111499786377,0.6867520809173584,1.0054078102111816,0.6449153423309326,0.5436270236968994,0.7612171173095703,0.42151498794555664,0.6861529350280762,0.8622348308563232,1.167283058166504,0.9134011268615723,0.8721420764923096,0.6428399085998535,0.4689791202545166,0.5497257709503174,0.6900391578674316,0.6171000003814697,0.8568048477172852,0.5452480316162109,0.523745059967041,0.638679027557373,0.6215701103210449,0.6328127384185791,0.787179708480835,0.2555263042449951,0.508223295211792,0.8404679298400879,0.26514315605163574,0.5616440773010254,0.43680882453918457,0.6778340339660645,0.40633201599121094,0.6552820205688477,0.4355299472808838,0.7302870750427246,0.9045641422271729,0.7355520725250244,1.2402691841125488,0.630558967590332,0.9054899215698242,0.514301061630249,0.2846248149871826,0.40335798263549805,0.6295669078826904,0.7621786594390869,0.7877151966094971,0.4134349822998047,0.5711202621459961,0.6157162189483643,0.40694713592529297,0.5567319393157959,0.4142017364501953,0.7799341678619385,1.0409009456634521,0.5177271366119385,0.30716967582702637,0.6794290542602539,0.6866190433502197,0.6877250671386719,0.5569779872894287,0.6966767311096191,0.4979691505432129,0.8021790981292725,1.0594732761383057,0.5383610725402832,0.7729160785675049,0.8405818939208984,1.3009507656097412,0.7021031379699707,0.8081238269805908,0.8362607955932617,0.3007621765136719,0.6970651149749756,0.5325441360473633,0.4819812774658203,0.7243869304656982,0.3963637351989746,0.47762107849121094,0.7926759719848633,0.6102650165557861,0.47170305252075195,0.4559361934661865,0.494312047958374,0.5168042182922363,0.5703940391540527,0.6781861782073975,0.6491448879241943,0.5866658687591553,1.1305651664733887,0.3953890800476074,0.9200758934020996,0.39044189453125,0.6234960556030273,0.5969188213348389,0.7675561904907227,0.4279518127441406,0.3708159923553467,0.41343021392822266,1.4096031188964844,0.49616575241088867,0.6732940673828125,0.5951938629150391,0.4952571392059326,0.6721971035003662,0.6476948261260986,0.45654797554016113,0.5001039505004883,0.6337080001831055,0.28089404106140137,0.9576408863067627,0.6129169464111328,0.6484251022338867,0.6222741603851318,0.41067004203796387,0.24622392654418945,0.5986068248748779,0.5169799327850342,0.462921142578125,0.7009868621826172,0.5470302104949951,0.4099242687225342,0.5951070785522461,0.6589748859405518,0.6125643253326416,0.6701431274414062,0.8026533126831055,0.997006893157959,0.6736390590667725,1.3380298614501953,0.8323667049407959,0.9527180194854736,0.739926815032959,0.39860081672668457,0.7067821025848389,0.9509828090667725,0.7807221412658691,1.112851858139038,0.3286416530609131,0.46466779708862305,0.439730167388916,0.8824520111083984,1.0173430442810059,1.0066108703613281,0.7142071723937988,0.4391629695892334,0.2815361022949219,0.8314580917358398,0.9203159809112549,1.2601470947265625,0.6346707344055176,0.6301729679107666,0.6238031387329102,0.8554902076721191,0.5679988861083984,0.7950568199157715,0.44025683403015137,0.9490311145782471,0.5275819301605225,1.1340827941894531,0.43485307693481445,0.4595320224761963,0.3605818748474121,0.43679285049438477,0.7495269775390625,0.939539909362793,0.6963751316070557,1.1018552780151367,0.5368309020996094,0.23414301872253418
0.14	GEE	0.009901046752929688,0.011150121688842773,0.01172494888305664,0.011886119842529297,0.011733055114746094,0.011900901794433594,0.011379241943359375,0.011547088623046875,0.01191091537475586,0.011803865432739258,0.012146949768066406,0.01166677474975586,0.014858007431030273,0.014513731002807617,0.014094114303588867,0.013916015625,0.012167930603027344,0.011719226837158203,0.011548995971679688,0.018573999404907227,0.011749029159545898,0.011272192001342773,0.01175689697265625,0.011240959167480469,0.011605978012084961,0.010985136032104492,0.010936975479125977,0.010776042938232422,0.011211156845092773,0.011310815811157227,0.01151895523071289,0.011497974395751953,0.01114201545715332,0.011368751525878906,0.011425018310546875,0.011014223098754883,0.010896921157836914,0.010925054550170898,0.011074066162109375,0.010670185089111328,0.01142573356628418,0.010842084884643555,0.013002872467041016,0.011551856994628906,0.010848045349121094,0.010936975479125977,0.011181831359863281,0.010751008987426758,0.010777950286865234,0.010622978210449219,0.010803937911987305,0.010854005813598633,0.010703086853027344,0.010751008987426758,0.011820077896118164,0.012195110321044922,0.010883808135986328,0.010599136352539062,0.010873079299926758,0.010931968688964844,0.010718822479248047,0.010799169540405273,0.010425806045532227,0.010426759719848633,0.010757923126220703,0.01019906997680664,0.01060032844543457,0.010442972183227539,0.010502099990844727,0.01034402847290039,0.01107025146484375,0.010650157928466797,0.01059103012084961,0.010973930358886719,0.010457038879394531,0.018236875534057617,0.012420177459716797,0.01252603530883789,0.012644767761230469,0.012314796447753906,0.011485099792480469,0.010493993759155273,0.010577917098999023,0.010499715805053711,0.010509967803955078,0.010479211807250977,0.01067495346069336,0.010708808898925781,0.010624885559082031,0.010376214981079102,0.010601043701171875,0.010412216186523438,0.010513067245483398,0.01046895980834961,0.01093912124633789,0.01082921028137207,0.01058506965637207,0.010935068130493164,0.010770797729492188,0.011104822158813477,0.010467052459716797,0.010496854782104492,0.010728836059570312,0.010344982147216797,0.009895086288452148,0.010286808013916016,0.009916067123413086,0.010418891906738281,0.01149892807006836,0.011281728744506836,0.01073002815246582,0.010563850402832031,0.011011123657226562,0.01027989387512207,0.010524749755859375,0.010969877243041992,0.011379003524780273,0.010703086853027344,0.010904788970947266,0.011569023132324219,0.011697053909301758,0.010872125625610352,0.011389970779418945,0.010624170303344727,0.01067805290222168,0.010569095611572266,0.010102033615112305,0.010026931762695312,0.009965896606445312,0.009940862655639648,0.009933948516845703,0.010026931762695312,0.010030031204223633,0.009908914566040039,0.009860992431640625,0.010035991668701172,0.011618852615356445,0.01011800765991211,0.00993204116821289,0.010627985000610352,0.010029077529907227,0.011770963668823242,0.011555910110473633,0.011785030364990234,0.011661052703857422,0.011921882629394531,0.011861085891723633,0.011219978332519531,0.010771036148071289,0.010715007781982422,0.010833263397216797,0.010457754135131836,0.010115623474121094,0.010063886642456055,0.009979009628295898,0.010215997695922852,0.009979009628295898,0.009835004806518555,0.009844779968261719,0.010059118270874023,0.010103940963745117,0.010082721710205078,0.012384653091430664,0.010192155838012695,0.010345935821533203,0.01082611083984375,0.01031494140625,0.010252952575683594,0.010071039199829102,0.010364055633544922,0.01028299331665039,0.00999903678894043,0.010164022445678711,0.009946823120117188,0.011208057403564453,0.009901046752929688,0.010181903839111328,0.009896278381347656,0.009887933731079102,0.00997304916381836,0.011320829391479492,0.009912729263305664,0.010750055313110352,0.009935855865478516,0.012555122375488281,0.010217905044555664,0.009820938110351562,0.01038503646850586,0.011250972747802734,0.009788036346435547,0.009927034378051758,0.009942054748535156,0.009846925735473633,0.01027679443359375,0.010097742080688477,0.010045051574707031,0.010097980499267578,0.009945869445800781,0.010107994079589844,0.010066986083984375
0.14	GNN	0.31920289993286133,0.37300920486450195,0.31501007080078125,0.22887706756591797,0.43521595001220703,0.3680088520050049,0.41673803329467773,0.39257287979125977,0.3308980464935303,0.3664247989654541,0.3290419578552246,0.5090811252593994,0.6308238506317139,0.4794881343841553,0.4043087959289551,0.44580888748168945,0.306912899017334,0.3492908477783203,0.2897071838378906,0.24265003204345703,0.34696483612060547,0.25485920906066895,0.3102741241455078,0.6055560111999512,0.30764198303222656,0.4271128177642822,0.23479390144348145,0.2601799964904785,0.7367370128631592,0.33345890045166016,0.456218957901001,0.2424759864807129,0.7556459903717041,0.3675119876861572,0.2460649013519287,0.29419398307800293,0.34888696670532227,0.38895368576049805,0.28795909881591797,0.3264470100402832,0.408001184463501,0.3193550109863281,0.30964183807373047,0.3737680912017822,0.282987117767334,0.391124963760376,0.34793686866760254,0.2829151153564453,0.30564188957214355,0.2529127597808838,0.2710897922515869,0.29680585861206055,0.37314295768737793,0.2629261016845703,0.26126790046691895,0.5529241561889648,0.29541826248168945,0.3900489807128906,0.23319101333618164,0.3744821548461914,0.26830077171325684,0.46785998344421387,0.22220706939697266,0.3471958637237549,0.4157240390777588,0.31937217712402344,0.32468605041503906,0.7428328990936279,0.32951784133911133,0.22479891777038574,0.5881710052490234,0.6816649436950684,0.28356313705444336,0.6497077941894531,0.36081480979919434,0.39400792121887207,0.8245542049407959,0.336867094039917,0.526817798614502,0.39926600456237793,0.28298282623291016,0.2702159881591797,0.25315189361572266,0.2886390686035156,0.22583413124084473,0.23908615112304688,0.21399879455566406,0.41017770767211914,0.2549419403076172,0.3845071792602539,0.3481180667877197,0.2951350212097168,0.23814916610717773,0.4641702175140381,0.2751290798187256,0.24658417701721191,0.43082094192504883,0.36334800720214844,0.33841609954833984,0.3814857006072998,0.32053422927856445,0.27745985984802246,0.2600100040435791,0.5696678161621094,0.44378018379211426,0.22024202346801758,0.46714186668395996,0.3142399787902832,0.562079906463623,0.4431490898132324,0.3284029960632324,0.35715413093566895,0.24056005477905273,0.25559568405151367,0.2710399627685547,0.2659108638763428,0.3004169464111328,0.48619818687438965,0.38738512992858887,0.30747175216674805,0.23827004432678223,0.33760523796081543,0.35117506980895996,0.27802109718322754,0.34699082374572754,0.5011630058288574,0.41381072998046875,0.47968387603759766,0.5321240425109863,0.29218411445617676,0.3748767375946045,0.25162291526794434,0.41341209411621094,0.35626816749572754,0.6947650909423828,0.37815308570861816,0.2975800037384033,0.2516629695892334,0.25972700119018555,0.43720507621765137,0.26453399658203125,0.31784987449645996,0.3582570552825928,0.3297159671783447,0.3467578887939453,0.29071569442749023,0.33590006828308105,0.3240537643432617,0.33223867416381836,0.3114769458770752,0.5536000728607178,0.6332600116729736,0.2854652404785156,0.4037630558013916,0.5646529197692871,0.23842883110046387,0.3934760093688965,0.3742051124572754,0.2943439483642578,0.22977805137634277,0.4043550491333008,0.21981596946716309,0.2777869701385498,0.27260684967041016,0.35651302337646484,0.24050092697143555,0.37465715408325195,0.31049394607543945,0.24898815155029297,0.38994812965393066,0.27640771865844727,0.30684614181518555,0.2680630683898926,0.3119771480560303,0.2897450923919678,0.2968161106109619,0.34821605682373047,0.25443196296691895,0.21569323539733887,0.28283214569091797,0.39374375343322754,0.264085054397583,0.3687276840209961,0.3533298969268799,0.3502218723297119,0.49632811546325684,0.21349501609802246,0.37044692039489746,0.25077390670776367,0.4554407596588135,0.31295013427734375,0.4749460220336914,0.23564386367797852,0.6581120491027832,0.32611727714538574,0.32396793365478516,0.2984659671783447,0.2533400058746338,0.27017807960510254,0.30573272705078125
0.14	GG	0.49114322662353516,0.6945509910583496,0.9589567184448242,0.33219194412231445,0.6512291431427002,0.26596713066101074,0.6003289222717285,0.4991328716278076,0.7769801616668701,0.9984660148620605,0.6229748725891113,0.8040139675140381,1.092773675918579,0.9200267791748047,0.8967773914337158,0.6695971488952637,0.24407505989074707,0.31349706649780273,0.4682180881500244,0.4217567443847656,0.6169638633728027,0.6427509784698486,0.7596259117126465,0.6224377155303955,0.8169312477111816,0.6294610500335693,0.6347088813781738,0.3636658191680908,0.6808469295501709,0.39371585845947266,0.6481528282165527,0.7453970909118652,0.4872128963470459,0.38773488998413086,0.29374098777770996,0.47138118743896484,0.7322862148284912,0.20980596542358398,0.546828031539917,0.7163422107696533,0.7794737815856934,0.9863197803497314,0.3526790142059326,0.7036190032958984,0.42534613609313965,0.5603921413421631,0.43987011909484863,0.22813820838928223,0.44002819061279297,0.6011409759521484,0.319317102432251,0.5434761047363281,0.4402890205383301,0.6004409790039062,0.3791618347167969,0.4338209629058838,0.48910021781921387,1.1065318584442139,0.2965540885925293,0.5490241050720215,0.4043760299682617,0.8711361885070801,0.4424750804901123,0.7578740119934082,0.5339860916137695,0.5731809139251709,0.737637996673584,0.5313031673431396,0.4771101474761963,0.5854020118713379,0.829355001449585,0.6452920436859131,0.26073789596557617,0.21124720573425293,0.48717689514160156,0.48435282707214355,0.49777674674987793,0.2593519687652588,0.9233851432800293,0.8119428157806396,0.4286830425262451,0.5821807384490967,0.3500540256500244,0.6898870468139648,0.40637803077697754,0.47898387908935547,0.3234367370605469,0.5726819038391113,0.5287129878997803,0.4823567867279053,0.5551321506500244,0.7199690341949463,0.30287790298461914,0.6128237247467041,0.5867409706115723,0.7714390754699707,0.609320878982544,0.42577099800109863,0.6605069637298584,0.6231911182403564,0.30389928817749023,0.4907810688018799,0.37894606590270996,0.8537800312042236,0.6040420532226562,0.414654016494751,0.5553171634674072,0.4514307975769043,0.5356879234313965,0.7543110847473145,0.3493771553039551,0.5413448810577393,0.2631978988647461,0.44965600967407227,0.42328476905822754,0.48914194107055664,0.6170721054077148,0.6202118396759033,0.2465367317199707,0.5445566177368164,0.5705862045288086,0.5089960098266602,0.40265607833862305,0.47855496406555176,0.7627661228179932,0.5090610980987549,0.31652188301086426,0.45278310775756836,0.5474119186401367,1.4130640029907227,0.47254490852355957,0.5494468212127686,0.44693684577941895,0.3360409736633301,0.6443588733673096,0.645313024520874,0.4734652042388916,0.47248315811157227,0.7530319690704346,0.40201807022094727,0.6953861713409424,1.1541697978973389,0.7577271461486816,0.39136409759521484,0.3575887680053711,0.38645482063293457,0.7102820873260498,1.023489236831665,0.3314208984375,0.7786238193511963,0.2797071933746338,0.5985479354858398,0.5808892250061035,0.6321418285369873,0.4091670513153076,0.5200209617614746,0.5944018363952637,1.063096046447754,0.6699538230895996,0.6076178550720215,0.8600831031799316,0.41368722915649414,0.3374941349029541,0.5610628128051758,0.7224640846252441,0.7871649265289307,0.8792901039123535,0.6241438388824463,0.47164392471313477,0.4408116340637207,0.3467521667480469,0.7365899085998535,0.7506158351898193,0.873755931854248,0.3978872299194336,0.21590590476989746,0.38538599014282227,0.617304801940918,0.561600923538208,0.5211870670318604,0.7893939018249512,0.6332840919494629,0.5429103374481201,0.41684794425964355,0.4506258964538574,0.668715238571167,0.38221096992492676,0.8085639476776123,0.49375319480895996,1.1996738910675049,0.8056108951568604,0.774306058883667,0.6375391483306885,0.5374500751495361,0.3543210029602051,0.6028640270233154,0.8158509731292725,0.6287319660186768,0.4508979320526123,0.40924715995788574
0.14	GG2	0.49114322662353516,0.6945509910583496,0.9589567184448242,0.33219194412231445,0.6512291431427002,0.26596713066101074,0.6003289222717285,0.4991328716278076,0.7769801616668701,0.9984660148620605,0.6229748725891113,0.8040139675140381,1.092773675918579,0.9200267791748047,0.8967773914337158,0.6695971488952637,0.24407505989074707,0.31349706649780273,0.4682180881500244,0.4217567443847656,0.6169638633728027,0.6427509784698486,0.7596259117126465,0.6224377155303955,0.8169312477111816,0.6294610500335693,0.6347088813781738,0.3636658191680908,0.6808469295501709,0.39371585845947266,0.6481528282165527,0.7453970909118652,0.4872128963470459,0.38773488998413086,0.29374098777770996,0.47138118743896484,0.7322862148284912,0.20980596542358398,0.546828031539917,0.7163422107696533,0.7794737815856934,0.9863197803497314,0.3526790142059326,0.7036190032958984,0.42534613609313965,0.5603921413421631,0.43987011909484863,0.22813820838928223,0.44002819061279297,0.6011409759521484,0.319317102432251,0.5434761047363281,0.4402890205383301,0.6004409790039062,0.3791618347167969,0.4338209629058838,0.48910021781921387,1.1065318584442139,0.2965540885925293,0.5490241050720215,0.4043760299682617,0.8711361885070801,0.4424750804901123,0.7578740119934082,0.5339860916137695,0.5731809139251709,0.737637996673584,0.5313031673431396,0.4771101474761963,0.5854020118713379,0.829355001449585,0.6452920436859131,0.26073789596557617,0.21124720573425293,0.48717689514160156,0.48435282707214355,0.49777674674987793,0.2593519687652588,0.9233851432800293,0.8119428157806396,0.4286830425262451,0.5821807384490967,0.3500540256500244,0.6898870468139648,0.40637803077697754,0.47898387908935547,0.3234367370605469,0.5726819038391113,0.5287129878997803,0.4823567867279053,0.5551321506500244,0.7199690341949463,0.30287790298461914,0.6128237247467041,0.5867409706115723,0.7714390754699707,0.609320878982544,0.42577099800109863,0.6605069637298584,0.6231911182403564,0.30389928817749023,0.4907810688018799,0.37894606590270996,0.8537800312042236,0.6040420532226562,0.414654016494751,0.5553171634674072,0.4514307975769043,0.5356879234313965,0.7543110847473145,0.3493771553039551,0.5413448810577393,0.2631978988647461,0.44965600967407227,0.42328476905822754,0.48914194107055664,0.6170721054077148,0.6202118396759033,0.2465367317199707,0.5445566177368164,0.5705862045288086,0.5089960098266602,0.40265607833862305,0.47855496406555176,0.7627661228179932,0.5090610980987549,0.31652188301086426,0.45278310775756836,0.5474119186401367,1.4130640029907227,0.47254490852355957,0.5494468212127686,0.44693684577941895,0.3360409736633301,0.6443588733673096,0.645313024520874,0.4734652042388916,0.47248315811157227,0.7530319690704346,0.40201807022094727,0.6953861713409424,1.1541697978973389,0.7577271461486816,0.39136409759521484,0.3575887680053711,0.38645482063293457,0.7102820873260498,1.023489236831665,0.3314208984375,0.7786238193511963,0.2797071933746338,0.5985479354858398,0.5808892250061035,0.6321418285369873,0.4091670513153076,0.5200209617614746,0.5944018363952637,1.063096046447754,0.6699538230895996,0.6076178550720215,0.8600831031799316,0.41368722915649414,0.3374941349029541,0.5610628128051758,0.7224640846252441,0.7871649265289307,0.8792901039123535,0.6241438388824463,0.47164392471313477,0.4408116340637207,0.3467521667480469,0.7365899085998535,0.7506158351898193,0.873755931854248,0.3978872299194336,0.21590590476989746,0.38538599014282227,0.617304801940918,0.561600923538208,0.5211870670318604,0.7893939018249512,0.6332840919494629,0.5429103374481201,0.41684794425964355,0.4506258964538574,0.668715238571167,0.38221096992492676,0.8085639476776123,0.49375319480895996,1.1996738910675049,0.8056108951568604,0.774306058883667,0.6375391483306885,0.5374500751495361,0.3543210029602051,0.6028640270233154,0.8158509731292725,0.6287319660186768,0.4508979320526123,0.40924715995788574
0.16	GEE	0.010915994644165039,0.011281251907348633,0.013482093811035156,0.012516021728515625,0.012636899948120117,0.013000965118408203,0.011974811553955078,0.012181997299194336,0.011235237121582031,0.01100301742553711,0.011035919189453125,0.011049032211303711,0.011119842529296875,0.011382102966308594,0.011149168014526367,0.011326074600219727,0.011095046997070312,0.011074066162109375,0.011847972869873047,0.012133121490478516,0.011110067367553711,0.011347055435180664,0.012302160263061523,0.012877941131591797,0.011198997497558594,0.01139211654663086,0.011289119720458984,0.011184215545654297,0.011214971542358398,0.01116490364074707,0.011013984680175781,0.01133871078491211,0.011178970336914062,0.011049985885620117,0.011230945587158203,0.011102914810180664,0.011178016662597656,0.012256145477294922,0.011630773544311523,0.010854005813598633,0.010931968688964844,0.011324167251586914,0.011376142501831055,0.011148929595947266,0.011301994323730469,0.012768983840942383,0.0108489990234375,0.011276006698608398,0.011074066162109375,0.011458873748779297,0.011326074600219727,0.01197504997253418,0.011124134063720703,0.011505842208862305,0.011210203170776367,0.011145830154418945,0.01123809814453125,0.012765884399414062,0.0111541748046875,0.011163949966430664,0.011156082153320312,0.01139521598815918,0.011018037796020508,0.011600971221923828,0.021603107452392578,0.013395071029663086,0.01275777816772461,0.012525796890258789,0.013296842575073242,0.011117696762084961,0.011027336120605469,0.011276006698608398,0.011995792388916016,0.01096487045288086,0.011127233505249023,0.012798786163330078,0.011422157287597656,0.011074066162109375,0.011113166809082031,0.011147022247314453,0.011112213134765625,0.012398958206176758,0.0109100341796875,0.01210474967956543,0.011162757873535156,0.01094818115234375,0.011560916900634766,0.010893821716308594,0.011147022247314453,0.010985136032104492,0.010887384414672852,0.01134490966796875,0.011388778686523438,0.011115074157714844,0.011039972305297852,0.01143503189086914,0.011063098907470703,0.01109623908996582,0.011172056198120117,0.011191129684448242,0.011092901229858398,0.011512041091918945,0.011075735092163086,0.011151790618896484,0.010894060134887695,0.012330293655395508,0.01120305061340332,0.011373043060302734,0.011118888854980469,0.011343002319335938,0.011497974395751953,0.011616945266723633,0.011322021484375,0.011157751083374023,0.011039972305297852,0.011117696762084961,0.011947154998779297,0.010992050170898438,0.011228322982788086,0.03837013244628906,0.01124882698059082,0.010869026184082031,0.01100778579711914,0.012975215911865234,0.01221466064453125,0.012459039688110352,0.01929497718811035,0.01335597038269043,0.011426210403442383,0.011248111724853516,0.010951042175292969,0.011038780212402344,0.012002229690551758,0.010838031768798828,0.012073755264282227,0.01223897933959961,0.010940074920654297,0.011062860488891602,0.011062145233154297,0.011119842529296875,0.011220932006835938,0.011107206344604492,0.011776924133300781,0.012094974517822266,0.01362299919128418,0.012422800064086914,0.012440204620361328,0.012629032135009766,0.012614011764526367,0.013007879257202148,0.01270294189453125,0.012871980667114258,0.012362003326416016,0.01303410530090332,0.012659311294555664,0.012923717498779297,0.01270914077758789,0.012915849685668945,0.01333308219909668,0.012428045272827148,0.012748003005981445,0.01279306411743164,0.012399911880493164,0.012748956680297852,0.013109922409057617,0.012499332427978516,0.012875080108642578,0.012977838516235352,0.012598037719726562,0.012516021728515625,0.01294398307800293,0.012780189514160156,0.012490987777709961,0.01265716552734375,0.012557029724121094,0.012501955032348633,0.01254415512084961,0.012866973876953125,0.012520790100097656,0.012483835220336914,0.012851953506469727,0.01226186752319336,0.01258707046508789,0.012501001358032227,0.012331008911132812,0.012665748596191406,0.012384176254272461,0.012327909469604492,0.012419939041137695,0.012457132339477539,0.012280702590942383,0.012029170989990234,0.012030839920043945,0.012174129486083984,0.01231527328491211,0.012225627899169922,0.012620925903320312,0.012572765350341797,0.012384176254272461,0.012169837951660156
0.16	GNN	0.31965017318725586,0.2896440029144287,0.5893592834472656,0.27521514892578125,0.3002028465270996,0.4301917552947998,0.37526512145996094,0.4740011692047119,0.263530969619751,0.35785484313964844,0.27457475662231445,0.34482908248901367,0.2789630889892578,0.3081529140472412,0.2927591800689697,0.39739227294921875,0.3316230773925781,0.2801930904388428,0.24941205978393555,0.34411001205444336,0.47971105575561523,0.28563499450683594,0.3648228645324707,0.4477078914642334,0.26618504524230957,0.2515561580657959,0.2647702693939209,0.2350752353668213,0.4257967472076416,0.35488200187683105,0.25240397453308105,0.2547791004180908,0.24274277687072754,0.7433249950408936,0.26720714569091797,0.2891881465911865,0.5828359127044678,0.3459320068359375,0.48270487785339355,0.36393308639526367,0.42177510261535645,0.45836591720581055,0.3495049476623535,0.47623705863952637,0.3683600425720215,0.2532918453216553,0.27435874938964844,0.4848759174346924,0.3840928077697754,0.5397019386291504,0.28177523612976074,0.37334394454956055,0.27838611602783203,0.34966278076171875,0.3130769729614258,0.2526228427886963,0.4083719253540039,0.28624796867370605,0.2748088836669922,0.3777008056640625,0.28125715255737305,0.3345789909362793,0.6224751472473145,0.5072126388549805,0.5938670635223389,0.3251230716705322,0.44147586822509766,0.565032958984375,0.33852601051330566,0.28037190437316895,0.30654001235961914,0.38426709175109863,0.2857961654663086,0.48235130310058594,0.33669614791870117,0.33010411262512207,0.4195823669433594,0.2692677974700928,0.39588308334350586,0.284451961517334,0.2703268527984619,0.31786489486694336,0.34366488456726074,0.27047181129455566,0.28436899185180664,0.3829479217529297,0.3219947814941406,0.4013948440551758,0.2948038578033447,0.341825008392334,0.2669088840484619,0.5251126289367676,0.3069748878479004,0.27450990676879883,0.683690071105957,0.28418612480163574,0.5374839305877686,0.3562190532684326,0.41559386253356934,0.8401150703430176,0.4881117343902588,0.28118228912353516,0.3755490779876709,0.40485405921936035,0.2419421672821045,0.3685140609741211,0.3378167152404785,0.3156139850616455,0.3504152297973633,0.3073239326477051,0.4243810176849365,0.4179861545562744,0.3884289264678955,0.3320188522338867,0.3000030517578125,0.34102392196655273,0.37438392639160156,0.36015892028808594,0.3469529151916504,0.3690171241760254,0.2959449291229248,0.4294772148132324,0.3694436550140381,0.4365658760070801,0.32163095474243164,0.4301629066467285,0.5874581336975098,0.48264122009277344,0.3663506507873535,0.536736011505127,0.44188404083251953,0.3733561038970947,0.38863062858581543,0.26727819442749023,0.36426234245300293,0.3170433044433594,0.3912980556488037,0.31965088844299316,0.2611968517303467,0.46004772186279297,0.2852201461791992,0.6273488998413086,0.2952110767364502,0.27965855598449707,0.35045504570007324,0.24921798706054688,0.4789290428161621,0.5458509922027588,0.38475584983825684,0.27774500846862793,0.44620203971862793,0.3621180057525635,0.40889811515808105,0.3643338680267334,0.7108418941497803,0.27913498878479004,0.39561915397644043,0.27599000930786133,0.31508493423461914,0.3108041286468506,0.4153571128845215,0.30156803131103516,0.39708805084228516,0.279522180557251,0.3285670280456543,0.25065016746520996,0.35025906562805176,0.5333349704742432,0.3649861812591553,0.26391100883483887,0.26483988761901855,0.6602628231048584,0.3791990280151367,0.2948629856109619,0.37701416015625,0.28717899322509766,0.39348888397216797,0.26877593994140625,0.4029421806335449,0.31170201301574707,0.300184965133667,0.3106198310852051,0.45339202880859375,0.3096649646759033,0.4076519012451172,0.2980618476867676,0.2930750846862793,0.6883442401885986,0.30362796783447266,0.5255100727081299,0.27946901321411133,0.592275857925415,0.2727820873260498,0.2714550495147705,0.33066511154174805,0.30817699432373047,0.373309850692749,0.24823665618896484,0.21674108505249023,0.5075592994689941
0.16	GG	1.0198850631713867,1.1095991134643555,0.7621581554412842,0.4621250629425049,0.8675448894500732,0.3618011474609375,0.6929299831390381,0.6503376960754395,0.41252779960632324,0.45381999015808105,1.063385009765625,0.6454761028289795,0.6460461616516113,1.3606829643249512,0.5696990489959717,0.4636662006378174,0.4306600093841553,0.5059540271759033,0.5871210098266602,0.41405200958251953,0.8962628841400146,0.7836589813232422,0.8801507949829102,0.5072190761566162,0.4411449432373047,0.5377578735351562,0.6523740291595459,0.4264249801635742,0.6440329551696777,0.5859060287475586,0.30364298820495605,0.4685239791870117,0.8472309112548828,0.28111696243286133,0.32195305824279785,0.6432619094848633,0.5676960945129395,0.66994309425354,0.2641158103942871,0.47153401374816895,0.4895460605621338,0.6754577159881592,0.22859501838684082,0.6461787223815918,0.5337798595428467,0.5003879070281982,0.9654312133789062,0.5817861557006836,0.5664958953857422,0.7123367786407471,0.6407749652862549,0.581261157989502,0.32768988609313965,0.370150089263916,0.5150079727172852,0.43041205406188965,0.48684167861938477,0.9118669033050537,0.3555119037628174,0.6423342227935791,0.22512507438659668,1.467500925064087,0.27070021629333496,0.9231932163238525,0.559669017791748,0.6332378387451172,0.8836579322814941,0.878709077835083,1.1458570957183838,0.7872498035430908,0.5023870468139648,0.8596789836883545,0.2238171100616455,0.5427279472351074,0.6082961559295654,0.2644181251525879,0.5074489116668701,0.8611490726470947,0.5866808891296387,0.6128010749816895,0.44237804412841797,0.6555652618408203,0.43749094009399414,1.0167298316955566,0.3284151554107666,0.3728668689727783,0.5823230743408203,0.7588489055633545,0.4993579387664795,0.417888879776001,0.6086151599884033,0.702955961227417,0.471240758895874,0.58902907371521,0.8175740242004395,1.1265249252319336,1.1315641403198242,0.5522360801696777,0.8022520542144775,0.6896510124206543,0.6473109722137451,0.5071079730987549,0.42656993865966797,0.6733970642089844,0.8942711353302002,0.6481029987335205,0.4643220901489258,0.722825288772583,0.46163296699523926,0.5951278209686279,0.2640509605407715,0.6059739589691162,0.49625301361083984,0.5647759437561035,0.5714528560638428,0.6739757061004639,0.6829099655151367,1.0256078243255615,0.3788578510284424,0.61946702003479,0.449491024017334,0.7272388935089111,0.6949529647827148,0.3439207077026367,0.8620820045471191,0.8134570121765137,0.5667152404785156,1.1263208389282227,0.6903469562530518,0.6762521266937256,0.4093499183654785,0.5533390045166016,0.5885720252990723,0.5109589099884033,0.6794428825378418,0.6710541248321533,0.8212661743164062,0.53468918800354,1.0736260414123535,0.492326021194458,0.6070210933685303,1.180635690689087,0.6353950500488281,0.3019258975982666,0.420166015625,0.5204260349273682,0.6731400489807129,0.549407958984375,0.4532647132873535,0.5884287357330322,0.566619873046875,0.5479958057403564,0.4930989742279053,0.35576701164245605,0.6450560092926025,0.5940942764282227,0.8129580020904541,0.38213419914245605,0.5615749359130859,0.7980339527130127,0.45934510231018066,0.41939401626586914,0.5511360168457031,0.6841390132904053,0.7073020935058594,0.8463351726531982,0.8119959831237793,0.3926692008972168,0.3823392391204834,0.51381516456604,0.46407508850097656,0.7885241508483887,0.3692169189453125,0.7250411510467529,0.4726240634918213,0.378920316696167,0.4974558353424072,0.45722198486328125,0.8838667869567871,0.855273962020874,0.6691639423370361,0.7017509937286377,0.4087858200073242,0.5766968727111816,0.5840680599212646,0.6347310543060303,0.3277168273925781,0.34152793884277344,0.658703088760376,0.7383880615234375,0.6156589984893799,0.46806907653808594,0.6724770069122314,0.6086080074310303,0.43915700912475586,0.7737760543823242,0.46555590629577637,1.0230002403259277,0.9012839794158936,0.48956894874572754
0.16	GG2	1.0198850631713867,1.1095991134643555,0.7621581554412842,0.4621250629425049,0.8675448894500732,0.3618011474609375,0.6929299831390381,0.6503376960754395,0.41252779960632324,0.45381999015808105,1.063385009765625,0.6454761028289795,0.6460461616516113,1.3606829643249512,0.5696990489959717,0.4636662006378174,0.4306600093841553,0.5059540271759033,0.5871210098266602,0.41405200958251953,0.8962628841400146,0.7836589813232422,0.8801507949829102,0.5072190761566162,0.4411449432373047,0.5377578735351562,0.6523740291595459,0.4264249801635742,0.6440329551696777,0.5859060287475586,0.30364298820495605,0.4685239791870117,0.8472309112548828,0.28111696243286133,0.32195305824279785,0.6432619094848633,0.5676960945129395,0.66994309425354,0.2641158103942871,0.47153401374816895,0.4895460605621338,0.6754577159881592,0.22859501838684082,0.6461787223815918,0.5337798595428467,0.5003879070281982,0.9654312133789062,0.5817861557006836,0.5664958953857422,0.7123367786407471,0.6407749652862549,0.581261157989502,0.32768988609313965,0.370150089263916,0.5150079727172852,0.43041205406188965,0.48684167861938477,0.9118669033050537,0.3555119037628174,0.6423342227935791,0.22512507438659668,1.467500925064087,0.27070021629333496,0.9231932163238525,0.559669017791748,0.6332378387451172,0.8836579322814941,0.878709077835083,1.1458570957183838,0.7872498035430908,0.5023870468139648,0.8596789836883545,0.2238171100616455,0.5427279472351074,0.6082961559295654,0.2644181251525879,0.5074489116668701,0.8611490726470947,0.5866808891296387,0.6128010749816895,0.44237804412841797,0.6555652618408203,0.43749094009399414,1.0167298316955566,0.3284151554107666,0.3728668689727783,0.5823230743408203,0.7588489055633545,0.4993579387664795,0.417888879776001,0.6086151599884033,0.702955961227417,0.471240758895874,0.58902907371521,0.8175740242004395,1.1265249252319336,1.1315641403198242,0.5522360801696777,0.8022520542144775,0.6896510124206543,0.6473109722137451,0.5071079730987549,0.42656993865966797,0.6733970642089844,0.8942711353302002,0.6481029987335205,0.4643220901489258,0.722825288772583,0.46163296699523926,0.5951278209686279,0.2640509605407715,0.6059739589691162,0.49625301361083984,0.5647759437561035,0.5714528560638428,0.6739757061004639,0.6829099655151367,1.0256078243255615,0.3788578510284424,0.61946702003479,0.449491024017334,0.7272388935089111,0.6949529647827148,0.3439207077026367,0.8620820045471191,0.8134570121765137,0.5667152404785156,1.1263208389282227,0.6903469562530518,0.6762521266937256,0.4093499183654785,0.5533390045166016,0.5885720252990723,0.5109589099884033,0.6794428825378418,0.6710541248321533,0.8212661743164062,0.53468918800354,1.0736260414123535,0.492326021194458,0.6070210933685303,1.180635690689087,0.6353950500488281,0.3019258975982666,0.420166015625,0.5204260349273682,0.6731400489807129,0.549407958984375,0.4532647132873535,0.5884287357330322,0.566619873046875,0.5479958057403564,0.4930989742279053,0.35576701164245605,0.6450560092926025,0.5940942764282227,0.8129580020904541,0.38213419914245605,0.5615749359130859,0.7980339527130127,0.45934510231018066,0.41939401626586914,0.5511360168457031,0.6841390132904053,0.7073020935058594,0.8463351726531982,0.8119959831237793,0.3926692008972168,0.3823392391204834,0.51381516456604,0.46407508850097656,0.7885241508483887,0.3692169189453125,0.7250411510467529,0.4726240634918213,0.378920316696167,0.4974558353424072,0.45722198486328125,0.8838667869567871,0.855273962020874,0.6691639423370361,0.7017509937286377,0.4087858200073242,0.5766968727111816,0.5840680599212646,0.6347310543060303,0.3277168273925781,0.34152793884277344,0.658703088760376,0.7383880615234375,0.6156589984893799,0.46806907653808594,0.6724770069122314,0.6086080074310303,0.43915700912475586,0.7737760543823242,0.46555590629577637,1.0230002403259277,0.9012839794158936,0.48956894874572754
0.18	GEE	0.011512041091918945,0.011597156524658203,0.011499643325805664,0.011944055557250977,0.012579202651977539,0.012498855590820312,0.01289510726928711,0.012402057647705078,0.012669086456298828,0.012525081634521484,0.01261591911315918,0.012388229370117188,0.012711763381958008,0.01360011100769043,0.012910127639770508,0.013053178787231445,0.013477802276611328,0.01390385627746582,0.014029741287231445,0.013522863388061523,0.014755725860595703,0.014060020446777344,0.013145685195922852,0.013370990753173828,0.01328420639038086,0.014473915100097656,0.013137102127075195,0.012985944747924805,0.013548851013183594,0.01363372802734375,0.012979984283447266,0.012731075286865234,0.01345205307006836,0.0136260986328125,0.01332998275756836,0.012694120407104492,0.013683080673217773,0.01279592514038086,0.012573957443237305,0.012698888778686523,0.013348102569580078,0.012897968292236328,0.012594938278198242,0.012848138809204102,0.012405157089233398,0.012462854385375977,0.012511968612670898,0.012515068054199219,0.012414932250976562,0.0128631591796875,0.012922048568725586,0.013239145278930664,0.012337207794189453,0.012849092483520508,0.01283574104309082,0.01235508918762207,0.03381824493408203,0.01324009895324707,0.012617111206054688,0.01316213607788086,0.012355804443359375,0.012472867965698242,0.012590169906616211,0.012347936630249023,0.012840986251831055,0.038342952728271484,0.01250314712524414,0.012209177017211914,0.012453079223632812,0.012547016143798828,0.012597084045410156,0.012335777282714844,0.012346029281616211,0.01244807243347168,0.012660980224609375,0.012351036071777344,0.012370824813842773,0.012449979782104492,0.012697935104370117,0.012124776840209961,0.01247262954711914,0.012387752532958984,0.012487173080444336,0.012019872665405273,0.012573003768920898,0.011980056762695312,0.01182413101196289,0.012464284896850586,0.012573957443237305,0.012035846710205078,0.01242685317993164,0.0125579833984375,0.012866020202636719,0.012260198593139648,0.012324094772338867,0.012410163879394531,0.01184988021850586,0.012792825698852539,0.012742042541503906,0.01272892951965332,0.012782096862792969,0.012462854385375977,0.01233220100402832,0.012492656707763672,0.012488842010498047,0.012858867645263672,0.012534856796264648,0.012417793273925781,0.012477874755859375,0.012622833251953125,0.012481212615966797,0.012154817581176758,0.012358903884887695,0.012349843978881836,0.012621164321899414,0.012385129928588867,0.012436866760253906,0.01266789436340332,0.012060880661010742,0.012475967407226562,0.012588739395141602,0.012730836868286133,0.01237177848815918,0.012456893920898438,0.012085676193237305,0.012577056884765625,0.01277613639831543,0.012256860733032227,0.012538909912109375,0.012305974960327148,0.012104272842407227,0.012537002563476562,0.012623786926269531,0.012345075607299805,0.012775182723999023,0.012630939483642578,0.012521982192993164,0.012034893035888672,0.012511968612670898,0.012694835662841797,0.012559175491333008,0.012528181076049805,0.013132095336914062,0.01282191276550293,0.012440681457519531,0.012814044952392578,0.012359857559204102,0.013303995132446289,0.013049840927124023,0.012601137161254883,0.01287388801574707,0.012168169021606445,0.012482881546020508,0.012603044509887695,0.014245986938476562,0.012458324432373047,0.01246500015258789,0.012490272521972656,0.013007879257202148,0.012549161911010742,0.012852907180786133,0.012765884399414062,0.012298107147216797,0.012472152709960938,0.012542009353637695,0.012495040893554688,0.012590646743774414,0.012709856033325195,0.012386083602905273,0.012581110000610352,0.012343168258666992,0.012308120727539062,0.012425899505615234,0.012443780899047852,0.012475013732910156,0.012525081634521484,0.012537956237792969,0.012687921524047852,0.012620210647583008,0.012524127960205078,0.012495040893554688,0.012423992156982422,0.012441158294677734,0.012552261352539062,0.012452125549316406,0.012391805648803711,0.012547016143798828,0.012419939041137695,0.012398242950439453,0.01271820068359375,0.012588977813720703,0.012770652770996094,0.013238906860351562,0.012542009353637695,0.013128280639648438,0.012629985809326172,0.012909173965454102,0.012595415115356445,0.012608051300048828,0.012890100479125977
0.18	GNN	0.3549659252166748,0.32427215576171875,0.35222816467285156,0.26925086975097656,0.24541115760803223,0.3668069839477539,0.25833797454833984,0.23302292823791504,0.29267406463623047,0.31426000595092773,0.373751163482666,0.40381908416748047,0.2452991008758545,0.3390388488769531,0.25373196601867676,0.36756110191345215,0.3221719264984131,0.46971917152404785,0.5051858425140381,0.4765467643737793,0.41691088676452637,0.465684175491333,0.4050331115722656,0.46994590759277344,0.3847007751464844,0.49393415451049805,0.277040958404541,0.27547597885131836,0.3149280548095703,0.4744138717651367,0.3930180072784424,0.3793346881866455,0.41533493995666504,0.5816457271575928,0.3210012912750244,0.6324148178100586,0.3718540668487549,0.3683168888092041,0.3914151191711426,0.3864130973815918,1.107870101928711,0.29088497161865234,0.29828500747680664,0.25322818756103516,0.5078132152557373,0.4136960506439209,0.4025461673736572,0.4644041061401367,0.3026161193847656,0.35736918449401855,0.2611536979675293,0.3275260925292969,0.2825779914855957,0.3592569828033447,0.4929850101470947,0.39344191551208496,0.34134697914123535,0.38402795791625977,0.2734498977661133,0.2839350700378418,0.321321964263916,0.26015806198120117,0.3876957893371582,0.42025113105773926,0.4114530086517334,0.40143609046936035,0.4530911445617676,0.3889029026031494,0.39882421493530273,0.24228405952453613,0.4231858253479004,0.47060394287109375,0.40245699882507324,0.2601199150085449,0.3101990222930908,0.3613719940185547,0.34693408012390137,0.25861573219299316,0.5369060039520264,0.4057438373565674,0.24475908279418945,0.2989010810852051,0.5476069450378418,0.29715394973754883,0.24958300590515137,0.41373324394226074,0.296314001083374,0.24826502799987793,0.43483710289001465,0.6254498958587646,0.29643964767456055,0.2948153018951416,0.46948695182800293,0.274627685546875,0.30135488510131836,0.47650790214538574,0.25729894638061523,0.4203181266784668,0.509023904800415,0.3356010913848877,0.6080641746520996,0.3433058261871338,0.34157705307006836,0.3426830768585205,0.29506421089172363,0.2532811164855957,0.2962937355041504,0.2857048511505127,0.4266231060028076,0.4060499668121338,0.340573787689209,0.31032419204711914,0.4265291690826416,0.25105714797973633,0.2691679000854492,0.44785404205322266,0.35825490951538086,0.3884601593017578,0.34106898307800293,0.5620338916778564,0.31743788719177246,0.5126211643218994,0.4464259147644043,0.26010990142822266,0.3204197883605957,0.3389320373535156,0.3893890380859375,0.44164609909057617,0.4451262950897217,0.34766197204589844,0.29068613052368164,0.36087608337402344,0.5496349334716797,0.326190710067749,0.3641808032989502,0.271320104598999,0.3250870704650879,0.2953810691833496,0.26853108406066895,0.2896459102630615,0.2704131603240967,0.4501471519470215,0.35279178619384766,0.500499963760376,0.29086780548095703,0.28998398780822754,0.4794938564300537,0.6718401908874512,0.360368013381958,0.3849830627441406,0.47646474838256836,0.3757631778717041,0.441483736038208,0.24393916130065918,0.3506038188934326,0.2949559688568115,0.37160205841064453,0.41837096214294434,0.3150460720062256,0.36087584495544434,0.7040870189666748,0.32605528831481934,0.2975170612335205,0.25203776359558105,0.3119969367980957,0.37787318229675293,0.3686959743499756,0.2866489887237549,0.6521399021148682,0.2590200901031494,0.2533261775970459,0.2685558795928955,0.2847878932952881,0.34618592262268066,0.49660587310791016,0.32172608375549316,0.3698129653930664,0.30371618270874023,0.2831261157989502,0.3335378170013428,0.2891361713409424,0.26331400871276855,0.35309576988220215,0.5012109279632568,0.6906909942626953,0.38048815727233887,0.2575209140777588,0.2625610828399658,0.6175251007080078,0.5836489200592041,0.2743706703186035,0.43291711807250977,0.2607722282409668,0.31275296211242676,0.3094608783721924,0.33498716354370117,0.3670470714569092,0.25160694122314453,0.266002893447876,0.32497406005859375
0.18	GG	0.48505187034606934,0.9037802219390869,0.651414155960083,0.654163122177124,0.807999849319458,0.3359849452972412,0.657120943069458,0.6377468109130859,0.5452578067779541,0.5801410675048828,0.64174485206604,0.7430329322814941,0.8799879550933838,0.4344651699066162,0.34871792793273926,0.5658628940582275,0.5593762397766113,0.47298693656921387,0.4137430191040039,0.39834094047546387,0.7347986698150635,1.0720531940460205,1.2087862491607666,0.5961508750915527,0.9355919361114502,0.5710370540618896,0.7772300243377686,0.4964268207550049,0.7293281555175781,0.5153231620788574,0.8849351406097412,0.6321220397949219,0.5536518096923828,0.7267451286315918,0.6724710464477539,0.5954279899597168,0.8172552585601807,0.5077419281005859,1.0026490688323975,0.7481510639190674,0.7972369194030762,0.5101821422576904,0.6356580257415771,0.6269559860229492,0.3978288173675537,0.40042996406555176,0.6204659938812256,0.2605171203613281,0.5568172931671143,0.6345908641815186,0.2906970977783203,0.65071702003479,0.27170825004577637,0.4750211238861084,0.7428948879241943,0.3650057315826416,0.9491841793060303,1.12630295753479,0.2869582176208496,0.8957350254058838,0.526331901550293,0.526900053024292,0.4663121700286865,0.8099710941314697,0.6376116275787354,0.7582159042358398,0.7368910312652588,1.0941908359527588,1.092223882675171,0.7798919677734375,0.35407423973083496,0.3782472610473633,0.2941610813140869,0.6908547878265381,0.2696869373321533,0.2482130527496338,0.6559970378875732,0.3974573612213135,0.752899169921875,0.5949051380157471,0.46659302711486816,0.5067729949951172,0.7343449592590332,1.100771188735962,0.44242191314697266,0.39141297340393066,0.477327823638916,0.7468311786651611,0.4873831272125244,0.37003087997436523,0.7682600021362305,0.696540117263794,0.3377847671508789,0.4340479373931885,0.5868480205535889,0.4081912040710449,0.5871279239654541,0.5207550525665283,0.7969789505004883,0.6417839527130127,0.4475221633911133,0.44614410400390625,0.26627111434936523,0.6661040782928467,0.9490880966186523,0.44588398933410645,0.6343679428100586,0.4919118881225586,0.6617326736450195,0.5521388053894043,1.001478910446167,0.5028798580169678,0.596182107925415,0.6577708721160889,0.5289721488952637,0.805743932723999,0.36849308013916016,1.0458807945251465,0.4335811138153076,0.48060107231140137,0.4844329357147217,0.8893139362335205,0.5037829875946045,0.9160749912261963,1.0695359706878662,0.6237268447875977,0.8605251312255859,0.3646399974822998,0.43469786643981934,1.0161848068237305,0.43438005447387695,0.6113431453704834,0.4695298671722412,0.9305400848388672,0.8309018611907959,0.601128101348877,0.5987629890441895,0.4575679302215576,0.8939411640167236,0.44049882888793945,0.8012700080871582,0.766096830368042,0.6704928874969482,0.7232232093811035,0.33516597747802734,0.3630239963531494,0.4765810966491699,0.3967759609222412,0.393280029296875,0.6280598640441895,0.33367395401000977,0.542741060256958,0.7309000492095947,0.29966115951538086,0.6404118537902832,0.528515100479126,0.6416893005371094,0.6034619808197021,0.6188020706176758,0.5987210273742676,0.33919405937194824,0.7092700004577637,0.43596410751342773,0.4489130973815918,0.5605602264404297,0.5500349998474121,0.6158790588378906,0.27616119384765625,0.3583791255950928,0.8063960075378418,0.24428510665893555,0.6932048797607422,0.3871760368347168,0.7658569812774658,0.4927937984466553,0.47023582458496094,0.31999897956848145,0.7555150985717773,0.7473242282867432,0.8174619674682617,0.5876731872558594,0.25786685943603516,0.2727010250091553,1.0694501399993896,0.6275959014892578,0.7357089519500732,0.31226491928100586,0.38077378273010254,0.6805667877197266,0.8386268615722656,0.5778658390045166,0.3919239044189453,0.3813059329986572,0.6877191066741943,0.44102001190185547,0.7031691074371338,0.6380050182342529,0.7985601425170898,0.7042560577392578,0.46042895317077637
0.18	GG2	0.48505187034606934,0.9037802219390869,0.651414155960083,0.654163122177124,0.807999849319458,0.3359849452972412,0.657120943069458,0.6377468109130859,0.5452578067779541,0.5801410675048828,0.64174485206604,0.7430329322814941,0.8799879550933838,0.4344651699066162,0.34871792793273926,0.5658628940582275,0.5593762397766113,0.47298693656921387,0.4137430191040039,0.39834094047546387,0.7347986698150635,1.0720531940460205,1.2087862491607666,0.5961508750915527,0.9355919361114502,0.5710370540618896,0.7772300243377686,0.4964268207550049,0.7293281555175781,0.5153231620788574,0.8849351406097412,0.6321220397949219,0.5536518096923828,0.7267451286315918,0.6724710464477539,0.5954279899597168,0.8172552585601807,0.5077419281005859,1.0026490688323975,0.7481510639190674,0.7972369194030762,0.5101821422576904,0.6356580257415771,0.6269559860229492,0.3978288173675537,0.40042996406555176,0.6204659938812256,0.2605171203613281,0.5568172931671143,0.6345908641815186,0.2906970977783203,0.65071702003479,0.27170825004577637,0.4750211238861084,0.7428948879241943,0.3650057315826416,0.9491841793060303,1.12630295753479,0.2869582176208496,0.8957350254058838,0.526331901550293,0.526900053024292,0.4663121700286865,0.8099710941314697,0.6376116275787354,0.7582159042358398,0.7368910312652588,1.0941908359527588,1.092223882675171,0.7798919677734375,0.35407423973083496,0.3782472610473633,0.2941610813140869,0.6908547878265381,0.2696869373321533,0.2482130527496338,0.6559970378875732,0.3974573612213135,0.752899169921875,0.5949051380157471,0.46659302711486816,0.5067729949951172,0.7343449592590332,1.100771188735962,0.44242191314697266,0.39141297340393066,0.477327823638916,0.7468311786651611,0.4873831272125244,0.37003087997436523,0.7682600021362305,0.696540117263794,0.3377847671508789,0.4340479373931885,0.5868480205535889,0.4081912040710449,0.5871279239654541,0.5207550525665283,0.7969789505004883,0.6417839527130127,0.4475221633911133,0.44614410400390625,0.26627111434936523,0.6661040782928467,0.9490880966186523,0.44588398933410645,0.6343679428100586,0.4919118881225586,0.6617326736450195,0.5521388053894043,1.001478910446167,0.5028798580169678,0.596182107925415,0.6577708721160889,0.5289721488952637,0.805743932723999,0.36849308013916016,1.0458807945251465,0.4335811138153076,0.48060107231140137,0.4844329357147217,0.8893139362335205,0.5037829875946045,0.9160749912261963,1.0695359706878662,0.6237268447875977,0.8605251312255859,0.3646399974822998,0.43469786643981934,1.0161848068237305,0.43438005447387695,0.6113431453704834,0.4695298671722412,0.9305400848388672,0.8309018611907959,0.601128101348877,0.5987629890441895,0.4575679302215576,0.8939411640167236,0.44049882888793945,0.8012700080871582,0.766096830368042,0.6704928874969482,0.7232232093811035,0.33516597747802734,0.3630239963531494,0.4765810966491699,0.3967759609222412,0.393280029296875,0.6280598640441895,0.33367395401000977,0.542741060256958,0.7309000492095947,0.29966115951538086,0.6404118537902832,0.528515100479126,0.6416893005371094,0.6034619808197021,0.6188020706176758,0.5987210273742676,0.33919405937194824,0.7092700004577637,0.43596410751342773,0.4489130973815918,0.5605602264404297,0.5500349998474121,0.6158790588378906,0.27616119384765625,0.3583791255950928,0.8063960075378418,0.24428510665893555,0.6932048797607422,0.3871760368347168,0.7658569812774658,0.4927937984466553,0.47023582458496094,0.31999897956848145,0.7555150985717773,0.7473242282867432,0.8174619674682617,0.5876731872558594,0.25786685943603516,0.2727010250091553,1.0694501399993896,0.6275959014892578,0.7357089519500732,0.31226491928100586,0.38077378273010254,0.6805667877197266,0.8386268615722656,0.5778658390045166,0.3919239044189453,0.3813059329986572,0.6877191066741943,0.44102001190185547,0.7031691074371338,0.6380050182342529,0.7985601425170898,0.7042560577392578,0.46042895317077637
0.2	GEE	0.012918949127197266,0.013159751892089844,0.013629913330078125,0.013939380645751953,0.013998985290527344,0.014161109924316406,0.014225244522094727,0.014026880264282227,0.014268159866333008,0.014261007308959961,0.014281988143920898,0.015275955200195312,0.01472616195678711,0.014506101608276367,0.01425480842590332,0.014836788177490234,0.014277935028076172,0.01459813117980957,0.014935016632080078,0.014822244644165039,0.015093088150024414,0.015263080596923828,0.014695167541503906,0.014544010162353516,0.014261960983276367,0.01537322998046875,0.014785051345825195,0.014233112335205078,0.01443028450012207,0.014100074768066406,0.013947010040283203,0.014442920684814453,0.014119863510131836,0.014700174331665039,0.014542102813720703,0.013916015625,0.014273881912231445,0.014050722122192383,0.014278173446655273,0.015166997909545898,0.014541864395141602,0.03246307373046875,0.014496088027954102,0.014281988143920898,0.013857841491699219,0.014343976974487305,0.014012813568115234,0.014111995697021484,0.013985157012939453,0.014602899551391602,0.014718055725097656,0.014035940170288086,0.014472007751464844,0.013958215713500977,0.014275074005126953,0.014031171798706055,0.01401972770690918,0.014182329177856445,0.014071941375732422,0.014835119247436523,0.014413118362426758,0.014236211776733398,0.015616893768310547,0.014486074447631836,0.014628171920776367,0.014452934265136719,0.014772176742553711,0.014189004898071289,0.014360189437866211,0.014466047286987305,0.014168024063110352,0.014014959335327148,0.014468908309936523,0.013998270034790039,0.014627933502197266,0.014196157455444336,0.014652013778686523,0.014074087142944336,0.014051198959350586,0.014518976211547852,0.014142036437988281,0.015075922012329102,0.014601945877075195,0.014278173446655273,0.014655113220214844,0.014060020446777344,0.013979911804199219,0.014835119247436523,0.014352798461914062,0.014120101928710938,0.014253854751586914,0.014084815979003906,0.01433706283569336,0.014436006546020508,0.014527082443237305,0.01410818099975586,0.014407873153686523,0.014416933059692383,0.014075756072998047,0.014343976974487305,0.014003992080688477,0.014009952545166016,0.015429258346557617,0.014498710632324219,0.014501094818115234,0.014373064041137695,0.01479792594909668,0.014394998550415039,0.014702796936035156,0.015398979187011719,0.014548778533935547,0.014050006866455078,0.014779329299926758,0.014161825180053711,0.014181852340698242,0.014374017715454102,0.014344930648803711,0.014860153198242188,0.014412164688110352,0.014450311660766602,0.014565706253051758,0.014650106430053711,0.016473054885864258,0.014150142669677734,0.01435708999633789,0.013998031616210938,0.014307975769042969,0.014234066009521484,0.014072179794311523,0.014132976531982422,0.014135599136352539,0.013881206512451172,0.01405477523803711,0.015943050384521484,0.014076948165893555,0.014593839645385742,0.014941930770874023,0.014727354049682617,0.014657735824584961,0.014268875122070312,0.014362096786499023,0.014821052551269531,0.01459813117980957,0.01448822021484375,0.014558076858520508,0.014603137969970703,0.014789104461669922,0.014755964279174805,0.01454305648803711,0.01457071304321289,0.014426946640014648,0.014424800872802734,0.014625787734985352,0.015012979507446289,0.014560937881469727,0.015142202377319336,0.015170812606811523,0.01450204849243164,0.015363931655883789,0.01506805419921875,0.014487981796264648,0.014526844024658203,0.014755964279174805,0.01458287239074707,0.014574050903320312,0.014400959014892578,0.014483928680419922,0.014600992202758789,0.014578104019165039,0.014689922332763672,0.014590978622436523,0.016134977340698242,0.01491689682006836,0.014603137969970703,0.015974044799804688,0.014505386352539062,0.014966011047363281,0.016479015350341797,0.01485896110534668,0.014768838882446289,0.014321088790893555,0.014087200164794922,0.014228105545043945,0.014657020568847656,0.014814138412475586,0.015583038330078125,0.014693975448608398,0.014676332473754883,0.014364004135131836,0.014223814010620117,0.01408529281616211,0.014153242111206055,0.01427912712097168,0.014657020568847656,0.01446080207824707,0.01401662826538086,0.026274919509887695,0.014415979385375977,0.014804363250732422,0.016138315200805664
0.2	GNN	0.43291401863098145,0.2921159267425537,0.3165011405944824,0.29735803604125977,0.32724475860595703,0.38149404525756836,0.35175275802612305,0.34514880180358887,0.31502604484558105,0.36269116401672363,0.573336124420166,0.40430688858032227,0.2750129699707031,0.3251824378967285,0.40717172622680664,0.47994327545166016,0.32773303985595703,0.2859189510345459,0.2840139865875244,0.4058959484100342,0.28908681869506836,0.5174849033355713,0.843501091003418,1.040079116821289,0.3083677291870117,0.3045041561126709,0.3055119514465332,0.4188673496246338,0.3813598155975342,0.39760375022888184,0.39466214179992676,0.36548900604248047,0.4113321304321289,0.2746460437774658,0.2658512592315674,0.30241918563842773,0.30935096740722656,0.48346400260925293,0.46512603759765625,0.472836971282959,0.3197958469390869,0.49923205375671387,0.2928183078765869,0.4003870487213135,0.8224790096282959,0.3556349277496338,0.3876180648803711,0.26445603370666504,0.2952730655670166,0.4048130512237549,0.2705118656158447,0.42095303535461426,0.3871798515319824,0.5607819557189941,0.41188812255859375,0.312960147857666,0.3286399841308594,0.7553589344024658,0.45756006240844727,0.39447808265686035,0.43022799491882324,0.3337881565093994,0.3001980781555176,0.5572710037231445,0.5572109222412109,0.3758556842803955,0.40374302864074707,0.4558560848236084,0.41356325149536133,0.26137208938598633,0.4122481346130371,0.44405198097229004,0.30284905433654785,0.4126119613647461,0.5259408950805664,0.3763909339904785,0.5563080310821533,0.3495137691497803,0.4114720821380615,0.2757420539855957,0.32453489303588867,0.30347394943237305,0.35509777069091797,0.5590012073516846,0.29422593116760254,0.26684117317199707,0.2791409492492676,0.5699539184570312,0.5022251605987549,0.4118969440460205,0.26115870475769043,0.3214280605316162,0.3033442497253418,0.30072999000549316,0.3159661293029785,0.4865107536315918,0.31081724166870117,0.47893404960632324,0.5941228866577148,0.5454370975494385,0.4799470901489258,0.3387880325317383,0.9599239826202393,0.27333831787109375,0.35839176177978516,0.33406901359558105,0.33332109451293945,0.44802403450012207,0.3383982181549072,0.36771082878112793,0.31992673873901367,0.3775501251220703,0.3907651901245117,0.30533385276794434,0.274198055267334,0.38228702545166016,0.8261430263519287,0.7698938846588135,0.46336889266967773,0.4033358097076416,0.5262777805328369,0.4568150043487549,0.32253575325012207,0.4197509288787842,0.43059802055358887,0.4234640598297119,0.5036609172821045,0.5567789077758789,0.3848128318786621,0.4324228763580322,0.37070631980895996,0.3667159080505371,0.3896641731262207,0.2888038158416748,0.5307350158691406,0.29984617233276367,0.4966158866882324,0.311495304107666,0.3256399631500244,0.31702685356140137,0.3272271156311035,0.3366272449493408,0.3850822448730469,0.41686582565307617,0.8944070339202881,0.4079148769378662,0.4854438304901123,0.3318140506744385,0.30977392196655273,0.5154728889465332,0.3352961540222168,0.4013340473175049,0.3358590602874756,0.32732295989990234,0.37346410751342773,0.34502100944519043,0.3879520893096924,0.5684239864349365,0.3674788475036621,0.3043849468231201,0.45686817169189453,0.27826714515686035,0.5755939483642578,0.3259902000427246,0.2821230888366699,0.40384602546691895,0.4325869083404541,0.6035361289978027,0.3639998435974121,0.38057589530944824,0.3863990306854248,0.5295653343200684,0.6930198669433594,0.27652788162231445,0.5602476596832275,0.33389902114868164,0.3287527561187744,0.3765428066253662,0.3192782402038574,0.5417330265045166,0.283311128616333,0.3223860263824463,0.4088730812072754,0.475308895111084,0.7343177795410156,0.2902977466583252,0.30614781379699707,0.268449068069458,0.2955007553100586,0.43262195587158203,0.44184088706970215,0.5829479694366455,0.3022599220275879,0.3410801887512207,0.4884347915649414,0.34690403938293457,0.6131331920623779,0.26883411407470703,0.31232690811157227,0.5509061813354492
0.2	GG	0.38016176223754883,0.2998631000518799,0.724830150604248,0.8053557872772217,0.49546289443969727,0.4384620189666748,0.5454740524291992,0.5271091461181641,0.4866487979888916,0.912010669708252,0.7397549152374268,0.71502685546875,0.7627809047698975,0.36117076873779297,0.8502359390258789,0.4660308361053467,0.5467000007629395,0.594141960144043,0.7488179206848145,0.624366283416748,0.5495119094848633,1.1119270324707031,0.5850107669830322,0.4401979446411133,0.5898451805114746,0.6798479557037354,0.5858199596405029,0.31491684913635254,0.5005810260772705,0.4232609272003174,0.6388339996337891,0.6469311714172363,0.5871219635009766,0.38973116874694824,0.6295909881591797,0.5259878635406494,1.1631858348846436,0.4232020378112793,1.2273128032684326,0.42242908477783203,0.6479909420013428,0.6477341651916504,0.5230581760406494,0.8582239151000977,0.4432520866394043,0.5071640014648438,0.6477751731872559,0.31449198722839355,0.4916858673095703,0.4601149559020996,0.673835039138794,0.7390961647033691,0.2720630168914795,0.695209264755249,0.7441842555999756,0.27434706687927246,0.521021842956543,0.6759529113769531,0.3627030849456787,0.6482210159301758,0.6450648307800293,0.9935271739959717,0.4419059753417969,0.7815327644348145,0.26392698287963867,0.7242031097412109,0.8116872310638428,0.756101131439209,0.6161320209503174,0.6372678279876709,0.3616042137145996,0.2642340660095215,0.3261868953704834,0.5102930068969727,0.43051791191101074,0.32198500633239746,0.7790720462799072,0.6936798095703125,0.5626239776611328,0.4301140308380127,0.5908739566802979,0.6067051887512207,0.6541588306427002,0.7973082065582275,0.7494127750396729,0.3809089660644531,0.7070729732513428,1.4684460163116455,0.4917309284210205,0.5982298851013184,0.7907028198242188,0.7359392642974854,0.7490360736846924,0.5851731300354004,0.6897039413452148,0.4476771354675293,0.5688681602478027,0.5442512035369873,0.9232840538024902,0.4719071388244629,1.00655198097229,0.5617380142211914,0.596466064453125,0.6857249736785889,0.46013498306274414,1.047490119934082,0.7612287998199463,0.7799608707427979,0.46109700202941895,0.8083498477935791,0.527925968170166,0.6405477523803711,0.9013323783874512,0.7075948715209961,0.5558359622955322,0.9715888500213623,0.5018491744995117,0.741314172744751,0.38466310501098633,1.0679469108581543,0.33003902435302734,0.7381548881530762,0.49974679946899414,0.40660905838012695,1.0408058166503906,0.6829071044921875,0.45723795890808105,0.52121901512146,0.48250389099121094,0.8476438522338867,0.6236531734466553,0.4952859878540039,0.3958439826965332,0.39158010482788086,0.41242003440856934,1.1442680358886719,0.5204179286956787,0.2773749828338623,0.9031107425689697,0.3451049327850342,0.35514211654663086,0.8314270973205566,0.8921759128570557,0.6800787448883057,0.3984200954437256,0.5268380641937256,0.7773168087005615,0.29343509674072266,0.5360450744628906,0.6663370132446289,0.8603570461273193,0.5870742797851562,0.8899638652801514,0.4017908573150635,0.7169768810272217,1.5252857208251953,0.8147320747375488,0.6048071384429932,0.895087718963623,0.5774998664855957,0.6467788219451904,0.680854082107544,1.488062858581543,0.29251766204833984,0.3534688949584961,0.6196532249450684,0.7417199611663818,0.42086195945739746,0.3032567501068115,0.575463056564331,0.4228837490081787,0.7826130390167236,0.3943610191345215,0.2710709571838379,0.8426191806793213,0.6635141372680664,0.46782517433166504,0.660067081451416,0.6983911991119385,0.8806238174438477,0.4452657699584961,0.30174779891967773,0.3386211395263672,0.7845520973205566,0.30757594108581543,0.6712911128997803,0.4323751926422119,0.6251089572906494,0.6253519058227539,0.8234198093414307,0.5940721035003662,0.42628002166748047,0.5505948066711426,0.659257173538208,0.41964221000671387,0.7702960968017578,0.5970702171325684,1.1337370872497559,0.7499372959136963,0.5092549324035645
0.2	GG2	0.38016176223754883,0.2998631000518799,0.724830150604248,0.8053557872772217,0.49546289443969727,0.4384620189666748,0.5454740524291992,0.5271091461181641,0.4866487979888916,0.912010669708252,0.7397549152374268,0.71502685546875,0.7627809047698975,0.36117076873779297,0.8502359390258789,0.4660308361053467,0.5467000007629395,0.594141960144043,0.7488179206848145,0.624366283416748,0.5495119094848633,1.1119270324707031,0.5850107669830322,0.4401979446411133,0.5898451805114746,0.6798479557037354,0.5858199596405029,0.31491684913635254,0.5005810260772705,0.4232609272003174,0.6388339996337891,0.6469311714172363,0.5871219635009766,0.38973116874694824,0.6295909881591797,0.5259878635406494,1.1631858348846436,0.4232020378112793,1.2273128032684326,0.42242908477783203,0.6479909420013428,0.6477341651916504,0.5230581760406494,0.8582239151000977,0.4432520866394043,0.5071640014648438,0.6477751731872559,0.31449198722839355,0.4916858673095703,0.4601149559020996,0.673835039138794,0.7390961647033691,0.2720630168914795,0.695209264755249,0.7441842555999756,0.27434706687927246,0.521021842956543,0.6759529113769531,0.3627030849456787,0.6482210159301758,0.6450648307800293,0.9935271739959717,0.4419059753417969,0.7815327644348145,0.26392698287963867,0.7242031097412109,0.8116872310638428,0.756101131439209,0.6161320209503174,0.6372678279876709,0.3616042137145996,0.2642340660095215,0.3261868953704834,0.5102930068969727,0.43051791191101074,0.32198500633239746,0.7790720462799072,0.6936798095703125,0.5626239776611328,0.4301140308380127,0.5908739566802979,0.6067051887512207,0.6541588306427002,0.7973082065582275,0.7494127750396729,0.3809089660644531,0.7070729732513428,1.4684460163116455,0.4917309284210205,0.5982298851013184,0.7907028198242188,0.7359392642974854,0.7490360736846924,0.5851731300354004,0.6897039413452148,0.4476771354675293,0.5688681602478027,0.5442512035369873,0.9232840538024902,0.4719071388244629,1.00655198097229,0.5617380142211914,0.596466064453125,0.6857249736785889,0.46013498306274414,1.047490119934082,0.7612287998199463,0.7799608707427979,0.46109700202941895,0.8083498477935791,0.527925968170166,0.6405477523803711,0.9013323783874512,0.7075948715209961,0.5558359622955322,0.9715888500213623,0.5018491744995117,0.741314172744751,0.38466310501098633,1.0679469108581543,0.33003902435302734,0.7381548881530762,0.49974679946899414,0.40660905838012695,1.0408058166503906,0.6829071044921875,0.45723795890808105,0.52121901512146,0.48250389099121094,0.8476438522338867,0.6236531734466553,0.4952859878540039,0.3958439826965332,0.39158010482788086,0.41242003440856934,1.1442680358886719,0.5204179286956787,0.2773749828338623,0.9031107425689697,0.3451049327850342,0.35514211654663086,0.8314270973205566,0.8921759128570557,0.6800787448883057,0.3984200954437256,0.5268380641937256,0.7773168087005615,0.29343509674072266,0.5360450744628906,0.6663370132446289,0.8603570461273193,0.5870742797851562,0.8899638652801514,0.4017908573150635,0.7169768810272217,1.5252857208251953,0.8147320747375488,0.6048071384429932,0.895087718963623,0.5774998664855957,0.6467788219451904,0.680854082107544,1.488062858581543,0.29251766204833984,0.3534688949584961,0.6196532249450684,0.7417199611663818,0.42086195945739746,0.3032567501068115,0.575463056564331,0.4228837490081787,0.7826130390167236,0.3943610191345215,0.2710709571838379,0.8426191806793213,0.6635141372680664,0.46782517433166504,0.660067081451416,0.6983911991119385,0.8806238174438477,0.4452657699584961,0.30174779891967773,0.3386211395263672,0.7845520973205566,0.30757594108581543,0.6712911128997803,0.4323751926422119,0.6251089572906494,0.6253519058227539,0.8234198093414307,0.5940721035003662,0.42628002166748047,0.5505948066711426,0.659257173538208,0.41964221000671387,0.7702960968017578,0.5970702171325684,1.1337370872497559,0.7499372959136963,0.5092549324035645
0.22	GEE	0.014106988906860352,0.015848875045776367,0.015618085861206055,0.015490055084228516,0.015455007553100586,0.015561103820800781,0.015711069107055664,0.01583409309387207,0.015883922576904297,0.016295194625854492,0.015547990798950195,0.015798091888427734,0.015858888626098633,0.01672196388244629,0.015567779541015625,0.015663862228393555,0.015764236450195312,0.016704082489013672,0.015958070755004883,0.01619410514831543,0.015776872634887695,0.01583075523376465,0.015845298767089844,0.015650033950805664,0.016422271728515625,0.01570582389831543,0.01555490493774414,0.01574873924255371,0.01573801040649414,0.015717267990112305,0.015744924545288086,0.015456914901733398,0.015584945678710938,0.015726089477539062,0.015699148178100586,0.015876054763793945,0.015345096588134766,0.01580977439880371,0.015392065048217773,0.016992807388305664,0.015674829483032227,0.01535177230834961,0.015606880187988281,0.01539921760559082,0.015337228775024414,0.015977144241333008,0.015794038772583008,0.01597905158996582,0.015747785568237305,0.015649080276489258,0.015665292739868164,0.015751123428344727,0.01570582389831543,0.01750922203063965,0.01606297492980957,0.016161203384399414,0.01541590690612793,0.01568889617919922,0.015812158584594727,0.01592230796813965,0.016656875610351562,0.01566600799560547,0.016097068786621094,0.015596866607666016,0.016134262084960938,0.015653133392333984,0.015588760375976562,0.015851974487304688,0.015563011169433594,0.016316890716552734,0.01560211181640625,0.015793800354003906,0.015921831130981445,0.015686750411987305,0.015679121017456055,0.015340089797973633,0.015908002853393555,0.01548314094543457,0.015924930572509766,0.015747785568237305,0.015132904052734375,0.01616811752319336,0.01692676544189453,0.015540838241577148,0.015995025634765625,0.015236854553222656,0.015491008758544922,0.015658855438232422,0.015905141830444336,0.0157928466796875,0.015916109085083008,0.015751123428344727,0.015681028366088867,0.015820026397705078,0.015973806381225586,0.015594005584716797,0.01581406593322754,0.015789031982421875,0.015725135803222656,0.015999794006347656,0.01569080352783203,0.016710996627807617,0.0157167911529541,0.01630711555480957,0.01611781120300293,0.015985965728759766,0.017385005950927734,0.015970230102539062,0.016564130783081055,0.015735149383544922,0.015522003173828125,0.015612125396728516,0.015486955642700195,0.015608072280883789,0.015588760375976562,0.015867948532104492,0.015263795852661133,0.01582503318786621,0.015821218490600586,0.0163419246673584,0.015244007110595703,0.015368223190307617,0.015690088272094727,0.015536785125732422,0.015572071075439453,0.015861034393310547,0.01583266258239746,0.015526056289672852,0.016462087631225586,0.015662193298339844,0.015646934509277344,0.015259981155395508,0.01583385467529297,0.015254974365234375,0.026514291763305664,0.015316963195800781,0.015239953994750977,0.01582169532775879,0.015380144119262695,0.016667842864990234,0.015512228012084961,0.015170097351074219,0.015074014663696289,0.016093969345092773,0.015424966812133789,0.015632152557373047,0.01587200164794922,0.015948772430419922,0.016616106033325195,0.016566991806030273,0.015985965728759766,0.015770912170410156,0.016005277633666992,0.015923023223876953,0.01615309715270996,0.015939712524414062,0.015380144119262695,0.015903949737548828,0.015284061431884766,0.015804767608642578,0.015889883041381836,0.015459060668945312,0.015674114227294922,0.015248298645019531,0.015913009643554688,0.015807151794433594,0.015365123748779297,0.015813112258911133,0.015650033950805664,0.015919923782348633,0.01586318016052246,0.0157930850982666,0.01547384262084961,0.015856027603149414,0.015822649002075195,0.015569925308227539,0.015711069107055664,0.01694178581237793,0.016150712966918945,0.015478134155273438,0.01589488983154297,0.015630006790161133,0.015815019607543945,0.01550912857055664,0.015672922134399414,0.015369892120361328,0.015354156494140625,0.01563882827758789,0.01635003089904785,0.015517950057983398,0.016191959381103516,0.01533198356628418,0.015729904174804688,0.015881776809692383,0.01585984230041504,0.01606893539428711,0.015783071517944336,0.01583385467529297,0.015614748001098633,0.015851974487304688
0.22	GNN	0.3334639072418213,0.37264013290405273,0.32034921646118164,0.3375072479248047,0.45041608810424805,0.4098701477050781,0.39875292778015137,0.29060983657836914,0.27486681938171387,0.3761279582977295,0.41115903854370117,0.29020214080810547,0.5768008232116699,0.3379247188568115,0.3780689239501953,0.39739012718200684,0.289093017578125,0.2835259437561035,0.33352231979370117,0.4658341407775879,0.5339188575744629,0.34740304946899414,0.3962211608886719,0.3973109722137451,0.5525360107421875,0.5445840358734131,0.27521800994873047,0.2911338806152344,0.36429286003112793,0.4300198554992676,0.40079402923583984,0.7965381145477295,0.4399287700653076,0.30129289627075195,0.3102700710296631,0.4303920269012451,0.4244418144226074,1.0895299911499023,0.6367390155792236,0.962414026260376,0.4629051685333252,0.32241296768188477,0.30606818199157715,0.4826169013977051,0.4546639919281006,0.6097452640533447,0.3592681884765625,0.4001011848449707,0.35427093505859375,0.32631802558898926,0.3874630928039551,0.374769926071167,0.32538890838623047,0.5368869304656982,0.3995950222015381,0.2774620056152344,0.34510207176208496,0.33562493324279785,0.5592987537384033,0.2779967784881592,0.5551578998565674,0.31661105155944824,0.40596485137939453,0.4966239929199219,0.3497731685638428,0.567349910736084,0.4163222312927246,0.3970222473144531,0.6893742084503174,0.4115428924560547,0.5444879531860352,0.4530007839202881,0.43213915824890137,0.38140201568603516,0.3135359287261963,0.6303839683532715,0.4412660598754883,0.27601099014282227,0.45725393295288086,0.34810376167297363,0.33065199851989746,0.2888469696044922,0.4681887626647949,0.33992600440979004,0.29142308235168457,0.32981181144714355,0.31067490577697754,0.4183011054992676,0.5873537063598633,0.39754486083984375,0.5615129470825195,0.30779290199279785,0.29622411727905273,0.3431720733642578,0.4124441146850586,0.3294181823730469,0.27707409858703613,0.41121768951416016,0.4132368564605713,0.45592713356018066,0.45321130752563477,0.35434794425964355,0.3212728500366211,0.37701988220214844,0.2827770709991455,0.5978929996490479,0.41335296630859375,0.28394603729248047,0.3079240322113037,0.43311309814453125,0.5613219738006592,0.2976210117340088,0.4457359313964844,0.5274250507354736,0.33643603324890137,0.32256102561950684,0.4151122570037842,0.5421302318572998,0.28747010231018066,0.34677791595458984,0.3591611385345459,0.3718249797821045,0.583197832107544,0.3672029972076416,0.3215930461883545,0.45441412925720215,0.6205508708953857,0.362285852432251,0.45796823501586914,0.28711700439453125,0.28638792037963867,0.5373411178588867,0.42737698554992676,0.3294541835784912,0.542957067489624,0.35085105895996094,0.5527288913726807,0.2797830104827881,0.3333878517150879,0.318051815032959,0.41576099395751953,0.372546911239624,0.3247101306915283,0.35062694549560547,0.6120400428771973,0.35353589057922363,1.3564269542694092,0.30874109268188477,0.31620097160339355,0.2847568988800049,0.38324403762817383,0.32292723655700684,0.3017699718475342,0.6459410190582275,0.3176138401031494,0.29707908630371094,0.4824540615081787,0.4917330741882324,0.48300886154174805,0.29576683044433594,0.447796106338501,0.37862706184387207,0.3349721431732178,0.3657338619232178,0.3724360466003418,0.29981112480163574,0.4907989501953125,0.31693315505981445,0.3083651065826416,0.8993978500366211,0.36840295791625977,0.3124210834503174,0.3952009677886963,0.39026880264282227,0.366591215133667,0.30989909172058105,0.39708709716796875,0.3480079174041748,0.3317399024963379,0.44752073287963867,0.32245516777038574,0.2977430820465088,0.3051939010620117,0.5667171478271484,0.35132598876953125,0.3355107307434082,0.326984167098999,0.2894279956817627,0.43990278244018555,0.49933385848999023,0.3916311264038086,0.46656012535095215,0.3239600658416748,0.4151039123535156,0.29149794578552246,0.3827519416809082,0.5672290325164795,0.3228881359100342,0.35918688774108887,0.28163886070251465
0.22	GG	0.3057088851928711,0.656857967376709,0.7446751594543457,0.5349981784820557,0.5369400978088379,0.3748190402984619,0.6867289543151855,0.33751583099365234,0.3448030948638916,1.0044341087341309,0.8684659004211426,0.7871758937835693,1.2775321006774902,0.6490740776062012,0.6273720264434814,0.649151086807251,0.35711669921875,0.4725048542022705,0.6354451179504395,0.42262983322143555,0.7739930152893066,0.6426100730895996,0.9841499328613281,0.6186821460723877,0.6335256099700928,0.8148272037506104,0.7915005683898926,0.617128849029541,0.6120090484619141,0.45430898666381836,0.7041683197021484,0.7307229042053223,0.7612049579620361,0.31113195419311523,0.9870278835296631,0.5113070011138916,0.5364491939544678,0.643744945526123,0.38538479804992676,0.3675110340118408,0.6812920570373535,0.8326380252838135,0.33608222007751465,0.6524827480316162,0.3528017997741699,0.5158381462097168,0.5559289455413818,0.609004020690918,0.4122340679168701,0.5830299854278564,0.5289087295532227,0.2886059284210205,0.36110424995422363,0.5347127914428711,0.6653058528900146,0.8365271091461182,0.2835519313812256,0.6020538806915283,0.32766103744506836,1.1721830368041992,0.5874638557434082,1.0232839584350586,0.744513988494873,0.302656888961792,0.37923622131347656,0.7180778980255127,0.8339481353759766,0.4017808437347412,0.6783041954040527,0.6237537860870361,0.28864598274230957,0.40592193603515625,0.3775031566619873,1.2824828624725342,0.6065950393676758,0.33068275451660156,1.0281982421875,0.32661986351013184,1.279841661453247,0.6149060726165771,0.6074039936065674,0.5160372257232666,0.4602639675140381,0.9132130146026611,0.42380189895629883,0.5702071189880371,1.3060166835784912,0.3444070816040039,0.6199102401733398,0.5613858699798584,0.7212700843811035,0.738865852355957,0.870398998260498,0.9158368110656738,0.7676188945770264,0.7670519351959229,0.743232011795044,0.6458530426025391,1.1959302425384521,0.4837019443511963,0.8068680763244629,0.7767038345336914,0.3985867500305176,0.3588240146636963,0.5882160663604736,0.2910499572753906,0.9435999393463135,0.5238230228424072,0.3210277557373047,0.7316811084747314,0.4942300319671631,0.5222411155700684,0.3950929641723633,0.7267031669616699,0.6431219577789307,0.7249147891998291,0.5739457607269287,0.5130927562713623,0.31568098068237305,0.800508975982666,0.9052658081054688,0.512037992477417,0.47054624557495117,0.41721010208129883,1.030344009399414,0.974390983581543,0.7161438465118408,0.34125685691833496,0.4620182514190674,1.1791088581085205,0.61580491065979,1.1043801307678223,0.7538011074066162,0.30754709243774414,0.9343721866607666,0.6712579727172852,0.418881893157959,0.44919610023498535,0.752467155456543,0.44876790046691895,0.8898780345916748,0.9228968620300293,1.16896390914917,0.6539909839630127,0.34099817276000977,0.32311296463012695,0.7340149879455566,0.4827091693878174,0.5916738510131836,0.6379830837249756,0.3524661064147949,0.701650857925415,0.3228309154510498,0.6432750225067139,0.4953489303588867,0.5970849990844727,0.6027328968048096,0.3633432388305664,0.6606929302215576,0.62841796875,0.4693608283996582,0.9632439613342285,0.41587209701538086,0.2825789451599121,0.5929632186889648,0.662045955657959,0.7196259498596191,0.5361909866333008,1.0555379390716553,0.5126898288726807,0.4755699634552002,0.9008440971374512,0.600438117980957,0.6089041233062744,0.5829379558563232,0.41330695152282715,0.5813212394714355,0.8645241260528564,0.6493909358978271,0.7034358978271484,0.46439242362976074,0.9640791416168213,0.3488450050354004,0.5592761039733887,0.5223069190979004,0.7144889831542969,0.4309558868408203,0.29581618309020996,0.2878849506378174,0.6564080715179443,0.3776700496673584,0.3628098964691162,0.44223999977111816,0.6841819286346436,0.5712480545043945,0.46706175804138184,0.5236239433288574,0.5812029838562012,1.0605039596557617,0.3226776123046875
0.22	GG2	0.3057088851928711,0.656857967376709,0.7446751594543457,0.5349981784820557,0.5369400978088379,0.3748190402984619,0.6867289543151855,0.33751583099365234,0.3448030948638916,1.0044341087341309,0.8684659004211426,0.7871758937835693,1.2775321006774902,0.6490740776062012,0.6273720264434814,0.649151086807251,0.35711669921875,0.4725048542022705,0.6354451179504395,0.42262983322143555,0.7739930152893066,0.6426100730895996,0.9841499328613281,0.6186821460723877,0.6335256099700928,0.8148272037506104,0.7915005683898926,0.617128849029541,0.6120090484619141,0.45430898666381836,0.7041683197021484,0.7307229042053223,0.7612049579620361,0.31113195419311523,0.9870278835296631,0.5113070011138916,0.5364491939544678,0.643744945526123,0.38538479804992676,0.3675110340118408,0.6812920570373535,0.8326380252838135,0.33608222007751465,0.6524827480316162,0.3528017997741699,0.5158381462097168,0.5559289455413818,0.609004020690918,0.4122340679168701,0.5830299854278564,0.5289087295532227,0.2886059284210205,0.36110424995422363,0.5347127914428711,0.6653058528900146,0.8365271091461182,0.2835519313812256,0.6020538806915283,0.32766103744506836,1.1721830368041992,0.5874638557434082,1.0232839584350586,0.744513988494873,0.302656888961792,0.37923622131347656,0.7180778980255127,0.8339481353759766,0.4017808437347412,0.6783041954040527,0.6237537860870361,0.28864598274230957,0.40592193603515625,0.3775031566619873,1.2824828624725342,0.6065950393676758,0.33068275451660156,1.0281982421875,0.32661986351013184,1.279841661453247,0.6149060726165771,0.6074039936065674,0.5160372257232666,0.4602639675140381,0.9132130146026611,0.42380189895629883,0.5702071189880371,1.3060166835784912,0.3444070816040039,0.6199102401733398,0.5613858699798584,0.7212700843811035,0.738865852355957,0.870398998260498,0.9158368110656738,0.7676188945770264,0.7670519351959229,0.743232011795044,0.6458530426025391,1.1959302425384521,0.4837019443511963,0.8068680763244629,0.7767038345336914,0.3985867500305176,0.3588240146636963,0.5882160663604736,0.2910499572753906,0.9435999393463135,0.5238230228424072,0.3210277557373047,0.7316811084747314,0.4942300319671631,0.5222411155700684,0.3950929641723633,0.7267031669616699,0.6431219577789307,0.7249147891998291,0.5739457607269287,0.5130927562713623,0.31568098068237305,0.800508975982666,0.9052658081054688,0.512037992477417,0.47054624557495117,0.41721010208129883,1.030344009399414,0.974390983581543,0.7161438465118408,0.34125685691833496,0.4620182514190674,1.1791088581085205,0.61580491065979,1.1043801307678223,0.7538011074066162,0.30754709243774414,0.9343721866607666,0.6712579727172852,0.418881893157959,0.44919610023498535,0.752467155456543,0.44876790046691895,0.8898780345916748,0.9228968620300293,1.16896390914917,0.6539909839630127,0.34099817276000977,0.32311296463012695,0.7340149879455566,0.4827091693878174,0.5916738510131836,0.6379830837249756,0.3524661064147949,0.701650857925415,0.3228309154510498,0.6432750225067139,0.4953489303588867,0.5970849990844727,0.6027328968048096,0.3633432388305664,0.6606929302215576,0.62841796875,0.4693608283996582,0.9632439613342285,0.41587209701538086,0.2825789451599121,0.5929632186889648,0.662045955657959,0.7196259498596191,0.5361909866333008,1.0555379390716553,0.5126898288726807,0.4755699634552002,0.9008440971374512,0.600438117980957,0.6089041233062744,0.5829379558563232,0.41330695152282715,0.5813212394714355,0.8645241260528564,0.6493909358978271,0.7034358978271484,0.46439242362976074,0.9640791416168213,0.3488450050354004,0.5592761039733887,0.5223069190979004,0.7144889831542969,0.4309558868408203,0.29581618309020996,0.2878849506378174,0.6564080715179443,0.3776700496673584,0.3628098964691162,0.44223999977111816,0.6841819286346436,0.5712480545043945,0.46706175804138184,0.5236239433288574,0.5812029838562012,1.0605039596557617,0.3226776123046875
0.24	GEE	0.014619827270507812,0.015468120574951172,0.016041994094848633,0.01768779754638672,0.016308069229125977,0.016762971878051758,0.016221046447753906,0.01642441749572754,0.016724109649658203,0.019880056381225586,0.015964984893798828,0.016494035720825195,0.01636195182800293,0.016372203826904297,0.016478776931762695,0.0167539119720459,0.016053199768066406,0.016257047653198242,0.0162661075592041,0.017033100128173828,0.015604019165039062,0.016764163970947266,0.015650033950805664,0.017452001571655273,0.01684880256652832,0.01633000373840332,0.01654505729675293,0.016474008560180664,0.016608715057373047,0.01678323745727539,0.01594376564025879,0.01631903648376465,0.01650094985961914,0.016403913497924805,0.01621389389038086,0.015872955322265625,0.01650524139404297,0.01616692543029785,0.0161740779876709,0.01633286476135254,0.016405105590820312,0.015880107879638672,0.015594959259033203,0.016096115112304688,0.01645517349243164,0.016381025314331055,0.016250133514404297,0.01640176773071289,0.016280174255371094,0.016730785369873047,0.0164339542388916,0.015973806381225586,0.016135215759277344,0.01664423942565918,0.016000986099243164,0.016378164291381836,0.016468286514282227,0.015520095825195312,0.01685476303100586,0.016875028610229492,0.01740717887878418,0.016252756118774414,0.016782045364379883,0.015794992446899414,0.018622875213623047,0.016379117965698242,0.016487836837768555,0.016262054443359375,0.01622605323791504,0.016628026962280273,0.016501903533935547,0.016726016998291016,0.016337871551513672,0.01690983772277832,0.016022682189941406,0.017033100128173828,0.016578197479248047,0.016169309616088867,0.016656160354614258,0.01628398895263672,0.016202926635742188,0.01661086082458496,0.016500234603881836,0.01590108871459961,0.01570415496826172,0.018126249313354492,0.01667499542236328,0.015958070755004883,0.016025781631469727,0.01614999771118164,0.016530990600585938,0.016091108322143555,0.020615816116333008,0.016414880752563477,0.01650524139404297,0.016386985778808594,0.01646113395690918,0.015825986862182617,0.016479015350341797,0.016469717025756836,0.016108989715576172,0.01639413833618164,0.016562938690185547,0.01609206199645996,0.018340110778808594,0.015810012817382812,0.016073226928710938,0.01631617546081543,0.016416072845458984,0.0178377628326416,0.016663074493408203,0.01617884635925293,0.016494035720825195,0.017531156539916992,0.016075849533081055,0.016757965087890625,0.016144990921020508,0.016813039779663086,0.016574859619140625,0.016768932342529297,0.016642093658447266,0.016705036163330078,0.016605854034423828,0.016414880752563477,0.016497135162353516,0.016871929168701172,0.016520023345947266,0.016359329223632812,0.016767024993896484,0.01648688316345215,0.016859054565429688,0.017304182052612305,0.016577959060668945,0.016182899475097656,0.01667308807373047,0.015879154205322266,0.01630401611328125,0.01635909080505371,0.016801118850708008,0.016218900680541992,0.017312049865722656,0.016402006149291992,0.01666712760925293,0.016036033630371094,0.016624927520751953,0.0162508487701416,0.01641392707824707,0.016070127487182617,0.016340017318725586,0.01630997657775879,0.016218185424804688,0.016473770141601562,0.016597986221313477,0.016237974166870117,0.016409873962402344,0.016585826873779297,0.01645803451538086,0.015933990478515625,0.01641082763671875,0.01638197898864746,0.016627788543701172,0.01609492301940918,0.016005992889404297,0.016375064849853516,0.016338109970092773,0.016968965530395508,0.01610088348388672,0.016830921173095703,0.016908645629882812,0.01637887954711914,0.016875028610229492,0.016473054885864258,0.017049074172973633,0.016911983489990234,0.016264915466308594,0.016477108001708984,0.016443967819213867,0.016122102737426758,0.01726531982421875,0.016381025314331055,0.016491174697875977,0.01619410514831543,0.015924930572509766,0.01598191261291504,0.01635003089904785,0.01619577407836914,0.016319990158081055,0.01611804962158203,0.016530990600585938,0.01598072052001953,0.015970230102539062,0.01634812355041504,0.016144990921020508,0.016360998153686523,0.01611495018005371,0.016468048095703125,0.016480207443237305,0.016721248626708984,0.016386032104492188,0.01593327522277832
0.24	GNN	0.31278419494628906,0.42604494094848633,0.2856109142303467,0.31501007080078125,0.4365088939666748,0.609501838684082,0.4022047519683838,0.41365504264831543,0.27287912368774414,0.3061788082122803,0.3547520637512207,0.3011789321899414,0.2819528579711914,0.37369418144226074,0.3452467918395996,0.4038558006286621,0.3361780643463135,0.32726001739501953,0.32546567916870117,0.6278660297393799,0.3687310218811035,0.3443150520324707,0.5891168117523193,0.6144890785217285,0.487637996673584,0.30103611946105957,0.2979850769042969,0.3356940746307373,0.28434109687805176,0.3105661869049072,0.4801340103149414,0.3326890468597412,0.32888293266296387,0.3120450973510742,0.6093618869781494,0.5160932540893555,0.6312770843505859,0.5014846324920654,0.39531517028808594,0.6569068431854248,0.4566948413848877,0.33724308013916016,0.33213329315185547,0.3405132293701172,0.3500528335571289,0.5685257911682129,0.28400492668151855,0.2898571491241455,0.3944408893585205,0.2837362289428711,0.42433977127075195,0.4323751926422119,0.6448500156402588,0.5268292427062988,0.5473921298980713,0.29103803634643555,0.2920370101928711,0.40204310417175293,0.3741729259490967,0.41794776916503906,0.56266188621521,0.3569788932800293,0.32912111282348633,0.373028039932251,0.5360829830169678,0.2845649719238281,0.42792797088623047,0.6167819499969482,0.4303901195526123,0.3269798755645752,0.40166401863098145,0.7647480964660645,0.30435895919799805,0.4035351276397705,0.35420727729797363,0.3538501262664795,0.34898805618286133,0.3032228946685791,0.3034820556640625,0.2790241241455078,0.3395562171936035,0.34425902366638184,0.3105931282043457,0.5310940742492676,0.3768157958984375,0.516624927520752,0.3283267021179199,0.4397139549255371,0.3817899227142334,0.3100411891937256,0.2921159267425537,0.3634066581726074,0.30452680587768555,0.34417200088500977,0.357043981552124,0.39803409576416016,0.48981618881225586,0.4856710433959961,0.7420828342437744,0.2916750907897949,0.32753419876098633,0.2976071834564209,0.4382641315460205,0.42815208435058594,0.3891336917877197,0.4039418697357178,0.33477282524108887,0.31174468994140625,0.5155289173126221,0.48650097846984863,0.493304967880249,0.34911108016967773,0.28298115730285645,0.3601968288421631,0.476304292678833,0.3906137943267822,0.30037832260131836,0.5031499862670898,0.40250086784362793,0.3980422019958496,0.36118197441101074,0.3492879867553711,0.29566478729248047,0.30786895751953125,0.37366318702697754,0.701200008392334,0.3435790538787842,0.34759092330932617,0.5721080303192139,0.2987959384918213,0.40393567085266113,0.5274810791015625,0.6799812316894531,0.335906982421875,0.47606706619262695,0.43266892433166504,0.29010987281799316,0.287172794342041,0.35109925270080566,0.740523099899292,0.318850040435791,0.35056209564208984,0.36775803565979004,0.3980379104614258,0.4652988910675049,0.3655517101287842,0.5965230464935303,0.4226701259613037,0.27817797660827637,0.3428826332092285,0.3681669235229492,0.41547274589538574,0.33915185928344727,0.32654690742492676,0.4412989616394043,0.2813119888305664,0.6909780502319336,0.3524308204650879,0.41984105110168457,0.3377101421356201,0.44760799407958984,0.3830282688140869,0.4946267604827881,0.34418487548828125,0.32183289527893066,0.29639196395874023,0.30313801765441895,0.3013889789581299,0.6841139793395996,0.3850209712982178,0.3161330223083496,0.40909504890441895,1.0295870304107666,0.5965580940246582,0.29836177825927734,0.30464982986450195,0.33663082122802734,0.40761899948120117,0.32567501068115234,0.565079927444458,0.33968210220336914,0.30318689346313477,0.3436141014099121,0.35472702980041504,0.3612360954284668,0.39081907272338867,0.28267788887023926,0.2912771701812744,0.2862112522125244,0.42441511154174805,0.4696340560913086,0.31473302841186523,0.30640602111816406,0.5497798919677734,0.4181549549102783,0.34447574615478516,0.36194920539855957,0.3703889846801758,0.3377718925476074,0.40613698959350586
0.24	GG	0.3168520927429199,0.727463960647583,0.29083991050720215,0.6111631393432617,0.5658071041107178,0.7415032386779785,0.8297209739685059,0.46205997467041016,0.476837158203125,0.8531618118286133,0.654263973236084,0.7869839668273926,0.3254411220550537,0.7766978740692139,0.3146231174468994,0.4335637092590332,0.6017320156097412,0.5458681583404541,0.4337749481201172,0.577625036239624,0.46114683151245117,0.951772928237915,0.29109764099121094,0.4483969211578369,0.6862459182739258,0.7305302619934082,0.7586801052093506,0.9310431480407715,0.328808069229126,0.3816409111022949,0.5702910423278809,0.9386107921600342,0.6840052604675293,0.34804201126098633,0.3144829273223877,0.5004661083221436,0.7332100868225098,0.4947957992553711,0.33899807929992676,0.3330681324005127,1.2267327308654785,0.2860751152038574,0.4689810276031494,0.7577221393585205,0.3851959705352783,0.5158190727233887,0.5649077892303467,0.31690192222595215,0.6353640556335449,0.5990848541259766,0.869866132736206,0.8013997077941895,0.8958897590637207,1.0313231945037842,0.5109031200408936,0.3278670310974121,0.6057820320129395,0.7671229839324951,0.8225829601287842,0.8427712917327881,0.598311185836792,0.9827852249145508,0.5420379638671875,0.531710147857666,0.7703380584716797,1.0043079853057861,0.29091691970825195,0.3754918575286865,0.6987121105194092,0.8701949119567871,0.813431978225708,0.8087527751922607,0.3174729347229004,0.27563905715942383,0.3093388080596924,0.3324759006500244,0.771946907043457,0.3126857280731201,0.728938102722168,0.6109657287597656,0.569692850112915,0.5587000846862793,1.1118242740631104,0.6853189468383789,0.5483620166778564,0.32907581329345703,0.47164225578308105,0.853308916091919,0.3263101577758789,0.5830798149108887,0.3243570327758789,0.8223471641540527,0.5849201679229736,0.7950198650360107,0.6695818901062012,0.292194128036499,0.515671968460083,0.5982091426849365,0.6237039566040039,0.7050399780273438,0.8028512001037598,0.4147827625274658,0.31194496154785156,0.34376001358032227,0.6171040534973145,0.37568116188049316,0.3167128562927246,0.33054304122924805,0.46656227111816406,0.39947986602783203,0.6802248954772949,0.6345701217651367,0.7760589122772217,0.7409427165985107,0.3795902729034424,0.3324289321899414,0.33982086181640625,0.34197402000427246,0.2864229679107666,0.8496818542480469,0.8977530002593994,0.3323791027069092,0.32169604301452637,0.5895428657531738,0.49788808822631836,0.9530799388885498,0.8523051738739014,0.5042479038238525,1.1007838249206543,0.288438081741333,0.510998010635376,0.7615323066711426,0.6465537548065186,0.3277018070220947,0.7499351501464844,0.3407938480377197,0.3272671699523926,0.5990300178527832,0.27948808670043945,0.3494291305541992,0.28446388244628906,0.28902506828308105,0.8738608360290527,0.8987736701965332,0.34734511375427246,0.5061259269714355,0.5141210556030273,0.4892277717590332,0.4696028232574463,0.5970911979675293,0.8222758769989014,0.2912940979003906,0.7410979270935059,0.8512299060821533,0.5797197818756104,0.6525778770446777,0.5809130668640137,0.7557759284973145,0.6004869937896729,0.8868780136108398,0.35740184783935547,0.7148070335388184,0.5094468593597412,0.2927980422973633,0.6421060562133789,0.582024097442627,0.7725250720977783,0.5622777938842773,0.40624308586120605,0.3591797351837158,0.39833784103393555,0.3350961208343506,1.225985050201416,0.35886096954345703,0.3131389617919922,0.636077880859375,0.7336666584014893,0.900507926940918,0.8506648540496826,0.5816237926483154,0.41622304916381836,0.36695384979248047,0.28162097930908203,0.5867259502410889,0.5874118804931641,0.36311888694763184,0.7665901184082031,0.770054817199707,0.687720775604248,0.8113448619842529,0.3973109722137451,0.6718978881835938,0.5410068035125732,0.7239952087402344,0.6806068420410156,0.5962488651275635,0.384688138961792,0.7176580429077148,0.6426553726196289,0.41179919242858887
0.24	GG2	0.3168520927429199,0.727463960647583,0.29083991050720215,0.6111631393432617,0.5658071041107178,0.7415032386779785,0.8297209739685059,0.46205997467041016,0.476837158203125,0.8531618118286133,0.654263973236084,0.7869839668273926,0.3254411220550537,0.7766978740692139,0.3146231174468994,0.4335637092590332,0.6017320156097412,0.5458681583404541,0.4337749481201172,0.577625036239624,0.46114683151245117,0.951772928237915,0.29109764099121094,0.4483969211578369,0.6862459182739258,0.7305302619934082,0.7586801052093506,0.9310431480407715,0.328808069229126,0.3816409111022949,0.5702910423278809,0.9386107921600342,0.6840052604675293,0.34804201126098633,0.3144829273223877,0.5004661083221436,0.7332100868225098,0.4947957992553711,0.33899807929992676,0.3330681324005127,1.2267327308654785,0.2860751152038574,0.4689810276031494,0.7577221393585205,0.3851959705352783,0.5158190727233887,0.5649077892303467,0.31690192222595215,0.6353640556335449,0.5990848541259766,0.869866132736206,0.8013997077941895,0.8958897590637207,1.0313231945037842,0.5109031200408936,0.3278670310974121,0.6057820320129395,0.7671229839324951,0.8225829601287842,0.8427712917327881,0.598311185836792,0.9827852249145508,0.5420379638671875,0.531710147857666,0.7703380584716797,1.0043079853057861,0.29091691970825195,0.3754918575286865,0.6987121105194092,0.8701949119567871,0.813431978225708,0.8087527751922607,0.3174729347229004,0.27563905715942383,0.3093388080596924,0.3324759006500244,0.771946907043457,0.3126857280731201,0.728938102722168,0.6109657287597656,0.569692850112915,0.5587000846862793,1.1118242740631104,0.6853189468383789,0.5483620166778564,0.32907581329345703,0.47164225578308105,0.853308916091919,0.3263101577758789,0.5830798149108887,0.3243570327758789,0.8223471641540527,0.5849201679229736,0.7950198650360107,0.6695818901062012,0.292194128036499,0.515671968460083,0.5982091426849365,0.6237039566040039,0.7050399780273438,0.8028512001037598,0.4147827625274658,0.31194496154785156,0.34376001358032227,0.6171040534973145,0.37568116188049316,0.3167128562927246,0.33054304122924805,0.46656227111816406,0.39947986602783203,0.6802248954772949,0.6345701217651367,0.7760589122772217,0.7409427165985107,0.3795902729034424,0.3324289321899414,0.33982086181640625,0.34197402000427246,0.2864229679107666,0.8496818542480469,0.8977530002593994,0.3323791027069092,0.32169604301452637,0.5895428657531738,0.49788808822631836,0.9530799388885498,0.8523051738739014,0.5042479038238525,1.1007838249206543,0.288438081741333,0.510998010635376,0.7615323066711426,0.6465537548065186,0.3277018070220947,0.7499351501464844,0.3407938480377197,0.3272671699523926,0.5990300178527832,0.27948808670043945,0.3494291305541992,0.28446388244628906,0.28902506828308105,0.8738608360290527,0.8987736701965332,0.34734511375427246,0.5061259269714355,0.5141210556030273,0.4892277717590332,0.4696028232574463,0.5970911979675293,0.8222758769989014,0.2912940979003906,0.7410979270935059,0.8512299060821533,0.5797197818756104,0.6525778770446777,0.5809130668640137,0.7557759284973145,0.6004869937896729,0.8868780136108398,0.35740184783935547,0.7148070335388184,0.5094468593597412,0.2927980422973633,0.6421060562133789,0.582024097442627,0.7725250720977783,0.5622777938842773,0.40624308586120605,0.3591797351837158,0.39833784103393555,0.3350961208343506,1.225985050201416,0.35886096954345703,0.3131389617919922,0.636077880859375,0.7336666584014893,0.900507926940918,0.8506648540496826,0.5816237926483154,0.41622304916381836,0.36695384979248047,0.28162097930908203,0.5867259502410889,0.5874118804931641,0.36311888694763184,0.7665901184082031,0.770054817199707,0.687720775604248,0.8113448619842529,0.3973109722137451,0.6718978881835938,0.5410068035125732,0.7239952087402344,0.6806068420410156,0.5962488651275635,0.384688138961792,0.7176580429077148,0.6426553726196289,0.41179919242858887
0.26	GEE	0.01485896110534668,0.016396045684814453,0.016754150390625,0.016672134399414062,0.016843080520629883,0.016649961471557617,0.0163571834564209,0.017637252807617188,0.016707181930541992,0.017311811447143555,0.016813039779663086,0.01708078384399414,0.016896963119506836,0.016932964324951172,0.016257047653198242,0.016752243041992188,0.01722097396850586,0.017453908920288086,0.016741037368774414,0.01705002784729004,0.01721501350402832,0.017032861709594727,0.017066001892089844,0.016399860382080078,0.017066001892089844,0.01806497573852539,0.0167999267578125,0.01720118522644043,0.01666998863220215,0.017348051071166992,0.01753091812133789,0.017074108123779297,0.017141103744506836,0.01640796661376953,0.017024993896484375,0.018262863159179688,0.01646900177001953,0.01694512367248535,0.017300844192504883,0.017229080200195312,0.017392873764038086,0.016632080078125,0.017492055892944336,0.016937971115112305,0.016884803771972656,0.017017841339111328,0.017133235931396484,0.01669931411743164,0.01684403419494629,0.017058610916137695,0.016720056533813477,0.016899824142456055,0.017129898071289062,0.017143964767456055,0.016710758209228516,0.01716923713684082,0.017709970474243164,0.017445802688598633,0.01793694496154785,0.017017126083374023,0.017878055572509766,0.017367839813232422,0.01743006706237793,0.0167238712310791,0.016730070114135742,0.01715707778930664,0.016850948333740234,0.017078876495361328,0.017138957977294922,0.01751089096069336,0.01703190803527832,0.016592979431152344,0.017176151275634766,0.016798973083496094,0.016852140426635742,0.017098188400268555,0.017316102981567383,0.016793012619018555,0.017190933227539062,0.017213106155395508,0.017947912216186523,0.016816139221191406,0.017266035079956055,0.0174410343170166,0.017009973526000977,0.0174257755279541,0.017306804656982422,0.017361879348754883,0.017158985137939453,0.01869988441467285,0.018533945083618164,0.01693892478942871,0.016564130783081055,0.017349958419799805,0.01689600944519043,0.01706385612487793,0.017783164978027344,0.01759791374206543,0.017178773880004883,0.016985177993774414,0.016686201095581055,0.017596960067749023,0.0171201229095459,0.017773151397705078,0.01748204231262207,0.017254114151000977,0.017596960067749023,0.017330169677734375,0.017928123474121094,0.0166018009185791,0.017328977584838867,0.017168283462524414,0.01732611656188965,0.017710208892822266,0.016982078552246094,0.017409086227416992,0.016819238662719727,0.017012357711791992,0.017152070999145508,0.017731189727783203,0.016982078552246094,0.017126798629760742,0.016867876052856445,0.0174410343170166,0.01777791976928711,0.01679515838623047,0.017537832260131836,0.017457246780395508,0.017712116241455078,0.01994609832763672,0.017146825790405273,0.017735004425048828,0.016870737075805664,0.017287015914916992,0.017377138137817383,0.01770186424255371,0.017199993133544922,0.017114877700805664,0.01806497573852539,0.01832294464111328,0.017781972885131836,0.017407894134521484,0.01735210418701172,0.016916990280151367,0.018878936767578125,0.017845869064331055,0.01780390739440918,0.018121957778930664,0.01779007911682129,0.017548799514770508,0.018795013427734375,0.01738905906677246,0.01741194725036621,0.016847848892211914,0.017129182815551758,0.018042325973510742,0.017230987548828125,0.01779007911682129,0.016952991485595703,0.01693892478942871,0.017240047454833984,0.017316102981567383,0.01770806312561035,0.017518043518066406,0.017323970794677734,0.01749396324157715,0.017594099044799805,0.017266035079956055,0.016764163970947266,0.019090890884399414,0.017795801162719727,0.016788959503173828,0.016942262649536133,0.016920089721679688,0.018331050872802734,0.017071247100830078,0.017644882202148438,0.01706695556640625,0.016935110092163086,0.017354965209960938,0.016878128051757812,0.017435789108276367,0.01805901527404785,0.01791691780090332,0.018774032592773438,0.01714920997619629,0.017169952392578125,0.017195940017700195,0.0168149471282959,0.01735401153564453,0.017864227294921875,0.0176541805267334,0.018870115280151367,0.017418861389160156,0.01772904396057129,0.017832040786743164,0.018564939498901367,0.018244266510009766,0.01782703399658203,0.01703500747680664
0.26	GNN	0.32595109939575195,0.2695298194885254,0.3457760810852051,0.30882787704467773,0.3249483108520508,0.42991113662719727,0.31999683380126953,0.3968961238861084,0.5734851360321045,0.39013195037841797,0.34102892875671387,0.29669189453125,0.35270190238952637,0.32131505012512207,0.34210801124572754,0.7316370010375977,0.34717798233032227,0.33445119857788086,0.3405630588531494,0.4987950325012207,0.36983180046081543,0.7055232524871826,0.44231390953063965,0.3935699462890625,0.29182004928588867,0.3897848129272461,0.346951961517334,0.3054039478302002,0.3785679340362549,0.6031961441040039,0.3987998962402344,0.5777568817138672,0.4756770133972168,0.4747629165649414,0.3385500907897949,0.5682590007781982,0.31064772605895996,0.33347010612487793,0.5048329830169678,0.8534719944000244,0.526616096496582,0.32439589500427246,0.34931206703186035,0.36864209175109863,0.4875950813293457,0.44038891792297363,0.4889199733734131,0.3078641891479492,0.37493300437927246,0.3151381015777588,0.44410109519958496,0.38439011573791504,0.3191978931427002,0.39551520347595215,0.3257462978363037,0.342893123626709,0.5292840003967285,0.4189419746398926,0.37676310539245605,0.5703651905059814,0.3191039562225342,0.5694291591644287,0.3564279079437256,0.40332984924316406,0.36299610137939453,0.3763151168823242,0.2870299816131592,0.36460208892822266,0.4858541488647461,0.35892820358276367,0.4156310558319092,0.46215295791625977,0.508126974105835,0.4203987121582031,0.3573131561279297,0.3894538879394531,0.422741174697876,0.3182332515716553,0.4209260940551758,0.35648369789123535,0.2946741580963135,0.33428001403808594,0.6208901405334473,0.5294477939605713,0.46193909645080566,0.4142448902130127,0.36141109466552734,0.3208630084991455,0.46811485290527344,0.3108348846435547,0.8017988204956055,0.3367588520050049,0.38555097579956055,0.3291900157928467,0.30495691299438477,0.3861570358276367,0.28539514541625977,0.43621015548706055,0.3622457981109619,0.3135669231414795,0.45629119873046875,0.3908369541168213,0.3940768241882324,0.38810181617736816,0.37717771530151367,0.32437705993652344,0.4092879295349121,0.9547851085662842,0.40659475326538086,0.44942569732666016,0.6220109462738037,0.3377370834350586,0.3237190246582031,0.30116701126098633,0.4349188804626465,0.42297816276550293,0.4852111339569092,0.530534029006958,0.4621419906616211,0.29842376708984375,0.4398500919342041,0.4735102653503418,0.33725976943969727,0.4226369857788086,0.6315939426422119,0.7902820110321045,0.3819241523742676,0.3446810245513916,0.30811405181884766,0.44167494773864746,0.5379929542541504,0.4837379455566406,0.3784949779510498,0.7415740489959717,0.49078893661499023,0.3727900981903076,0.5122931003570557,0.39042186737060547,0.49817800521850586,0.3131442070007324,0.32790470123291016,0.40155529975891113,0.35805606842041016,0.35218310356140137,0.3141477108001709,0.32773303985595703,0.29148268699645996,0.7223310470581055,0.35202503204345703,0.33965301513671875,0.4396243095397949,0.3340580463409424,0.42240118980407715,0.4052762985229492,0.3197500705718994,0.31722497940063477,0.5078020095825195,0.2922062873840332,0.3456571102142334,0.35503387451171875,0.40062999725341797,0.2974388599395752,0.30690789222717285,0.30382728576660156,0.293565034866333,0.3321518898010254,0.34206700325012207,0.3671748638153076,0.3602430820465088,0.3456392288208008,0.3724658489227295,0.31921887397766113,0.6114630699157715,0.4569730758666992,0.33887219429016113,0.3519120216369629,0.3924229145050049,0.5461690425872803,0.40292787551879883,0.3756890296936035,0.3308699131011963,0.34343695640563965,0.40100717544555664,0.4140899181365967,0.38526391983032227,0.3654360771179199,0.3119821548461914,0.3889501094818115,0.33355712890625,0.458690881729126,0.3026251792907715,0.40462803840637207,0.324268102645874,0.66705322265625,0.33312201499938965,0.4566929340362549,0.34221434593200684,0.3346822261810303,0.3720996379852295,0.37513089179992676
0.26	GG	0.6357090473175049,0.6855678558349609,0.8286471366882324,0.4340229034423828,0.5716991424560547,0.46167469024658203,0.32922792434692383,0.6621079444885254,0.29492712020874023,0.42714524269104004,0.6580197811126709,0.8285908699035645,0.8855569362640381,0.6068799495697021,0.28431010246276855,0.284404993057251,0.34633898735046387,0.4040100574493408,0.49939894676208496,0.3421821594238281,0.6053030490875244,0.3229639530181885,0.2899031639099121,0.33150219917297363,0.6730830669403076,0.784632682800293,0.8737950325012207,0.339263916015625,0.7147278785705566,0.29584193229675293,0.6688849925994873,0.39443302154541016,0.7060408592224121,0.28403592109680176,0.37364673614501953,0.5916538238525391,0.399320125579834,0.38926219940185547,0.7979538440704346,0.29214000701904297,0.38136816024780273,0.6802430152893066,0.8591690063476562,0.5879130363464355,0.8261499404907227,0.45254969596862793,1.1735520362854004,0.5943069458007812,0.5935919284820557,0.3195807933807373,0.4671051502227783,0.29381895065307617,0.4882619380950928,0.8626229763031006,0.48914122581481934,0.3816640377044678,0.8397488594055176,0.30080103874206543,0.4496612548828125,0.293565034866333,0.4497489929199219,0.47029781341552734,0.2921009063720703,0.7449650764465332,0.33734893798828125,0.6419401168823242,0.9833097457885742,0.6347849369049072,0.28930211067199707,0.32234978675842285,0.4532198905944824,0.8420748710632324,0.5540530681610107,0.4105360507965088,0.6045031547546387,0.5121150016784668,0.5782239437103271,0.494429349899292,0.5866918563842773,0.5174238681793213,0.599478006362915,0.8574097156524658,0.6777560710906982,0.29837799072265625,0.4698319435119629,0.48057103157043457,0.3427746295928955,0.5910811424255371,0.756929874420166,0.5118539333343506,0.6006667613983154,0.4682590961456299,0.44579100608825684,0.6492750644683838,0.8352909088134766,0.5774490833282471,0.7401740550994873,0.4792149066925049,0.9131851196289062,0.31572914123535156,0.5584497451782227,0.3562591075897217,0.3565518856048584,0.6929609775543213,0.5157308578491211,0.6924879550933838,0.6431939601898193,0.7281877994537354,0.49732398986816406,0.633063793182373,0.4176628589630127,0.30881595611572266,0.3787882328033447,0.6503901481628418,0.5807962417602539,0.6094551086425781,0.33234405517578125,0.8582758903503418,0.37805819511413574,0.4444868564605713,1.1361751556396484,0.41704297065734863,0.5203120708465576,0.3393881320953369,0.2957909107208252,1.0692338943481445,0.6908071041107178,0.6475231647491455,0.4681711196899414,0.32488512992858887,0.3917980194091797,0.44237780570983887,0.41175389289855957,0.7265439033508301,1.155745029449463,0.3708629608154297,0.7825942039489746,0.5047502517700195,0.30559515953063965,0.3162078857421875,0.851186990737915,0.9014809131622314,0.46976399421691895,0.5342488288879395,0.7678558826446533,0.7426741123199463,0.34063076972961426,0.7735412120819092,0.39726686477661133,0.7669010162353516,0.39080810546875,0.605496883392334,0.4783139228820801,0.5494201183319092,0.7999541759490967,0.6799459457397461,0.8299012184143066,0.6177661418914795,0.7159409523010254,0.4667391777038574,0.3426790237426758,0.776008129119873,0.48304009437561035,0.3483309745788574,0.7350618839263916,0.517024040222168,0.3103671073913574,0.49230098724365234,0.3078432083129883,0.33772921562194824,0.2983238697052002,1.0324883460998535,0.3813056945800781,0.31537389755249023,0.37224483489990234,0.4465160369873047,0.33785486221313477,0.8760178089141846,0.296112060546875,0.6152870655059814,0.5556809902191162,0.5029828548431396,0.3424060344696045,0.5480351448059082,0.3982243537902832,0.8655807971954346,0.3789670467376709,0.45942020416259766,0.6440231800079346,0.9898421764373779,0.7571899890899658,0.5610020160675049,1.1006567478179932,0.6820449829101562,0.42435169219970703,0.6695957183837891,0.3772139549255371,0.5732181072235107,0.3088970184326172,0.9218266010284424
0.26	GG2	0.6357090473175049,0.6855678558349609,0.8286471366882324,0.4340229034423828,0.5716991424560547,0.46167469024658203,0.32922792434692383,0.6621079444885254,0.29492712020874023,0.42714524269104004,0.6580197811126709,0.8285908699035645,0.8855569362640381,0.6068799495697021,0.28431010246276855,0.284404993057251,0.34633898735046387,0.4040100574493408,0.49939894676208496,0.3421821594238281,0.6053030490875244,0.3229639530181885,0.2899031639099121,0.33150219917297363,0.6730830669403076,0.784632682800293,0.8737950325012207,0.339263916015625,0.7147278785705566,0.29584193229675293,0.6688849925994873,0.39443302154541016,0.7060408592224121,0.28403592109680176,0.37364673614501953,0.5916538238525391,0.399320125579834,0.38926219940185547,0.7979538440704346,0.29214000701904297,0.38136816024780273,0.6802430152893066,0.8591690063476562,0.5879130363464355,0.8261499404907227,0.45254969596862793,1.1735520362854004,0.5943069458007812,0.5935919284820557,0.3195807933807373,0.4671051502227783,0.29381895065307617,0.4882619380950928,0.8626229763031006,0.48914122581481934,0.3816640377044678,0.8397488594055176,0.30080103874206543,0.4496612548828125,0.293565034866333,0.4497489929199219,0.47029781341552734,0.2921009063720703,0.7449650764465332,0.33734893798828125,0.6419401168823242,0.9833097457885742,0.6347849369049072,0.28930211067199707,0.32234978675842285,0.4532198905944824,0.8420748710632324,0.5540530681610107,0.4105360507965088,0.6045031547546387,0.5121150016784668,0.5782239437103271,0.494429349899292,0.5866918563842773,0.5174238681793213,0.599478006362915,0.8574097156524658,0.6777560710906982,0.29837799072265625,0.4698319435119629,0.48057103157043457,0.3427746295928955,0.5910811424255371,0.756929874420166,0.5118539333343506,0.6006667613983154,0.4682590961456299,0.44579100608825684,0.6492750644683838,0.8352909088134766,0.5774490833282471,0.7401740550994873,0.4792149066925049,0.9131851196289062,0.31572914123535156,0.5584497451782227,0.3562591075897217,0.3565518856048584,0.6929609775543213,0.5157308578491211,0.6924879550933838,0.6431939601898193,0.7281877994537354,0.49732398986816406,0.633063793182373,0.4176628589630127,0.30881595611572266,0.3787882328033447,0.6503901481628418,0.5807962417602539,0.6094551086425781,0.33234405517578125,0.8582758903503418,0.37805819511413574,0.4444868564605713,1.1361751556396484,0.41704297065734863,0.5203120708465576,0.3393881320953369,0.2957909107208252,1.0692338943481445,0.6908071041107178,0.6475231647491455,0.4681711196899414,0.32488512992858887,0.3917980194091797,0.44237780570983887,0.41175389289855957,0.7265439033508301,1.155745029449463,0.3708629608154297,0.7825942039489746,0.5047502517700195,0.30559515953063965,0.3162078857421875,0.851186990737915,0.9014809131622314,0.46976399421691895,0.5342488288879395,0.7678558826446533,0.7426741123199463,0.34063076972961426,0.7735412120819092,0.39726686477661133,0.7669010162353516,0.39080810546875,0.605496883392334,0.4783139228820801,0.5494201183319092,0.7999541759490967,0.6799459457397461,0.8299012184143066,0.6177661418914795,0.7159409523010254,0.4667391777038574,0.3426790237426758,0.776008129119873,0.48304009437561035,0.3483309745788574,0.7350618839263916,0.517024040222168,0.3103671073913574,0.49230098724365234,0.3078432083129883,0.33772921562194824,0.2983238697052002,1.0324883460998535,0.3813056945800781,0.31537389755249023,0.37224483489990234,0.4465160369873047,0.33785486221313477,0.8760178089141846,0.296112060546875,0.6152870655059814,0.5556809902191162,0.5029828548431396,0.3424060344696045,0.5480351448059082,0.3982243537902832,0.8655807971954346,0.3789670467376709,0.45942020416259766,0.6440231800079346,0.9898421764373779,0.7571899890899658,0.5610020160675049,1.1006567478179932,0.6820449829101562,0.42435169219970703,0.6695957183837891,0.3772139549255371,0.5732181072235107,0.3088970184326172,0.9218266010284424
0.28	GEE	0.018191814422607422,0.018117904663085938,0.017993927001953125,0.017854928970336914,0.018020153045654297,0.017727136611938477,0.018293142318725586,0.018587827682495117,0.017447233200073242,0.01845097541809082,0.018370866775512695,0.019192218780517578,0.018499135971069336,0.017953872680664062,0.022485017776489258,0.017892122268676758,0.019206762313842773,0.018687009811401367,0.01837301254272461,0.01743006706237793,0.018310070037841797,0.017989158630371094,0.017906904220581055,0.017898082733154297,0.017721891403198242,0.017867088317871094,0.01903510093688965,0.01791691780090332,0.01764988899230957,0.017771005630493164,0.01788496971130371,0.017698049545288086,0.018063783645629883,0.018240928649902344,0.0183107852935791,0.0176849365234375,0.018063068389892578,0.01763010025024414,0.018061161041259766,0.01840996742248535,0.017966032028198242,0.01818108558654785,0.01817607879638672,0.018318891525268555,0.018012285232543945,0.017596960067749023,0.01830601692199707,0.01757073402404785,0.018344879150390625,0.01805591583251953,0.0185549259185791,0.01760411262512207,0.018349170684814453,0.017690181732177734,0.018490076065063477,0.017683982849121094,0.017506122589111328,0.018364906311035156,0.018357276916503906,0.01858210563659668,0.017464160919189453,0.01877593994140625,0.017783164978027344,0.018567800521850586,0.01872992515563965,0.0179593563079834,0.018221139907836914,0.017716169357299805,0.018397092819213867,0.01866912841796875,0.017940998077392578,0.01948690414428711,0.018000125885009766,0.017789125442504883,0.018033981323242188,0.019403934478759766,0.018337011337280273,0.017695903778076172,0.018021821975708008,0.017826080322265625,0.018349885940551758,0.01765894889831543,0.018811941146850586,0.018909931182861328,0.01777791976928711,0.020952939987182617,0.01748824119567871,0.017754077911376953,0.018548965454101562,0.01804184913635254,0.01970505714416504,0.01723504066467285,0.018485069274902344,0.018053054809570312,0.01766204833984375,0.0193939208984375,0.018615007400512695,0.018440961837768555,0.019236087799072266,0.01751995086669922,0.018461227416992188,0.017649173736572266,0.0174710750579834,0.018700122833251953,0.01818704605102539,0.01844191551208496,0.017865896224975586,0.01784682273864746,0.01813817024230957,0.018239974975585938,0.017818212509155273,0.018078327178955078,0.018221139907836914,0.017850160598754883,0.0184628963470459,0.018074989318847656,0.01773214340209961,0.018413066864013672,0.018529653549194336,0.017463207244873047,0.018058061599731445,0.017482995986938477,0.01802992820739746,0.018414974212646484,0.01811671257019043,0.01776885986328125,0.01769089698791504,0.017987966537475586,0.017863035202026367,0.017556190490722656,0.01802229881286621,0.017773151397705078,0.018719911575317383,0.021670103073120117,0.018510818481445312,0.01742696762084961,0.01804971694946289,0.018439292907714844,0.017405986785888672,0.018450021743774414,0.018394947052001953,0.01829814910888672,0.01804804801940918,0.018110036849975586,0.017805814743041992,0.01790904998779297,0.017714977264404297,0.018088340759277344,0.021218061447143555,0.018072128295898438,0.017759084701538086,0.018857240676879883,0.017882108688354492,0.018448352813720703,0.01764225959777832,0.01756906509399414,0.01812005043029785,0.018225908279418945,0.01846027374267578,0.01786184310913086,0.01821303367614746,0.01803302764892578,0.018893003463745117,0.0182340145111084,0.017997026443481445,0.017626285552978516,0.017567873001098633,0.018793821334838867,0.017986059188842773,0.017837047576904297,0.0243380069732666,0.018338680267333984,0.01814126968383789,0.018387794494628906,0.018076181411743164,0.01850605010986328,0.017637014389038086,0.01830315589904785,0.017946958541870117,0.020362377166748047,0.017647743225097656,0.01768803596496582,0.017656803131103516,0.018452882766723633,0.017968177795410156,0.01823592185974121,0.01769399642944336,0.018991947174072266,0.021125078201293945,0.01821422576904297,0.018374204635620117,0.018306255340576172,0.018468141555786133,0.01853203773498535,0.01785588264465332,0.01792001724243164,0.01839590072631836,0.017756938934326172,0.01768779754638672,0.017715930938720703
0.28	GNN	0.3610720634460449,0.33649611473083496,0.40250110626220703,0.35289907455444336,0.40220022201538086,0.4011409282684326,0.49201416969299316,0.3536679744720459,0.7812378406524658,0.44394397735595703,0.4031510353088379,0.34444117546081543,0.9322147369384766,0.34822797775268555,0.31983280181884766,0.5362911224365234,0.37099504470825195,0.3123650550842285,0.33472108840942383,0.35004115104675293,0.6889920234680176,0.6158289909362793,0.5617501735687256,0.6439881324768066,0.39159297943115234,0.7497038841247559,0.4762570858001709,0.3511018753051758,0.678412675857544,0.45786094665527344,0.3796679973602295,0.3635671138763428,0.418179988861084,0.35019588470458984,0.45864081382751465,0.5108869075775146,0.5963249206542969,0.7464070320129395,0.5605142116546631,0.6986649036407471,0.35981011390686035,0.34956908226013184,1.1755399703979492,0.4444003105163574,0.39800214767456055,0.5574729442596436,0.33572816848754883,0.3348081111907959,0.3798201084136963,0.3720979690551758,0.3126857280731201,0.35581398010253906,0.3921470642089844,0.45047783851623535,0.4235992431640625,0.35460710525512695,0.41322803497314453,0.3914487361907959,0.36082005500793457,0.5611109733581543,0.37697625160217285,1.0155742168426514,0.41328001022338867,0.42514896392822266,0.3106729984283447,0.5580391883850098,0.401871919631958,0.37099599838256836,0.3201930522918701,0.3188180923461914,0.443784236907959,0.5158629417419434,0.37491893768310547,0.5033431053161621,0.3653569221496582,0.3692309856414795,0.3101997375488281,0.7064578533172607,0.6861312389373779,0.4700343608856201,0.8469011783599854,0.3420560359954834,0.33095216751098633,0.3123199939727783,0.39450597763061523,0.4882030487060547,0.3591790199279785,0.3759300708770752,0.31453680992126465,0.6171579360961914,0.466890811920166,0.3975551128387451,0.31880688667297363,0.41391515731811523,0.4347572326660156,0.32102489471435547,0.31328415870666504,0.46697497367858887,0.7029011249542236,0.5977883338928223,0.38214588165283203,0.34548401832580566,0.39588212966918945,0.573314905166626,0.3631758689880371,0.6697239875793457,0.3736119270324707,0.33301401138305664,0.45305705070495605,0.3513448238372803,0.38863301277160645,0.32131099700927734,0.3829500675201416,0.4262211322784424,0.35173583030700684,0.4477698802947998,0.6233878135681152,0.3350687026977539,0.29303789138793945,0.37387800216674805,0.6344242095947266,0.3707869052886963,0.3548901081085205,0.30447983741760254,0.4031710624694824,0.3562960624694824,0.6310667991638184,0.38033604621887207,0.553828239440918,0.34668779373168945,0.3308696746826172,0.6093549728393555,0.852294921875,0.32500505447387695,0.5601646900177002,0.37666773796081543,0.32932424545288086,0.36271119117736816,0.3573758602142334,0.37203097343444824,0.6410598754882812,0.3693108558654785,0.7169742584228516,0.3050668239593506,0.4322700500488281,0.38205790519714355,0.37799572944641113,0.5258710384368896,0.4187910556793213,0.3131222724914551,0.36434102058410645,0.37737202644348145,0.3722879886627197,0.372603178024292,0.36160993576049805,0.4097738265991211,0.31491923332214355,0.4032611846923828,0.3140401840209961,0.3561561107635498,0.40294790267944336,0.333895206451416,0.5280928611755371,0.3345961570739746,0.34628796577453613,0.346099853515625,0.3637547492980957,0.3450760841369629,0.4306461811065674,0.5312368869781494,0.3294188976287842,0.38844799995422363,0.34807682037353516,0.3312060832977295,0.4089467525482178,0.4064943790435791,0.3513510227203369,0.3541398048400879,0.3495619297027588,0.3646240234375,0.37368178367614746,0.4138648509979248,0.45115208625793457,0.6537971496582031,0.3824489116668701,0.4418950080871582,0.3500218391418457,0.6456038951873779,0.44176697731018066,0.4527320861816406,0.35642218589782715,0.3658790588378906,0.2974262237548828,0.36655688285827637,0.3608987331390381,1.032179832458496,0.5468618869781494,0.3167879581451416,0.39022016525268555,0.38834714889526367
0.28	GG	0.29717302322387695,0.46228790283203125,0.629392147064209,0.44856810569763184,0.7103040218353271,0.4028170108795166,0.9678080081939697,0.6817748546600342,0.29862499237060547,0.514650821685791,0.6214559078216553,0.8647267818450928,0.3308439254760742,0.5877189636230469,0.6797397136688232,0.5513260364532471,0.3295731544494629,0.5742599964141846,0.6136071681976318,0.37956714630126953,0.6176378726959229,0.7013468742370605,0.43555569648742676,0.4175119400024414,0.4884817600250244,0.5927658081054688,0.6357121467590332,0.3062112331390381,0.623258113861084,0.4508371353149414,0.37844300270080566,0.5159671306610107,0.7018530368804932,0.3746676445007324,0.46657896041870117,0.4472622871398926,0.49772095680236816,0.6436159610748291,0.3097050189971924,0.5963399410247803,1.1256160736083984,0.41851019859313965,0.5579938888549805,0.3746349811553955,0.29813122749328613,0.46728086471557617,0.3073709011077881,0.32625579833984375,0.5889618396759033,0.6246211528778076,0.6569788455963135,0.4135780334472656,0.7092428207397461,0.37364697456359863,0.5974118709564209,0.3181488513946533,0.37497878074645996,0.9110941886901855,0.4416780471801758,0.5950469970703125,0.5571892261505127,0.3993690013885498,0.34334421157836914,0.4699888229370117,0.3489229679107666,1.0894191265106201,0.7489550113677979,0.5996506214141846,0.43521714210510254,0.4658970832824707,0.5053081512451172,0.5837297439575195,0.31571006774902344,0.29972195625305176,0.315784215927124,0.3479330539703369,0.349045991897583,0.3708319664001465,0.6171069145202637,0.5468389987945557,0.6837999820709229,0.581946849822998,0.3385019302368164,0.606442928314209,0.317457914352417,0.6893720626831055,0.30771684646606445,0.7673099040985107,0.5682849884033203,0.5351097583770752,0.476215124130249,0.42076778411865234,0.5922057628631592,1.0763959884643555,0.323854923248291,0.33282899856567383,0.5207071304321289,0.31140899658203125,0.7463207244873047,0.3493068218231201,0.3193390369415283,0.9211940765380859,0.3143448829650879,0.37966203689575195,0.45123887062072754,1.2960190773010254,0.4680900573730469,0.34400510787963867,0.759227991104126,0.5905039310455322,0.3416876792907715,0.4494466781616211,0.7848391532897949,0.3064258098602295,0.4523189067840576,0.34156179428100586,0.44937872886657715,0.43939995765686035,0.4486970901489258,0.8470730781555176,0.4363241195678711,0.5970840454101562,0.6905286312103271,0.35302305221557617,0.29800891876220703,0.6643316745758057,0.40268397331237793,0.7109477519989014,0.9329009056091309,0.3104097843170166,0.468372106552124,0.34576892852783203,0.3732469081878662,0.34745025634765625,0.36461424827575684,0.30168819427490234,0.7969441413879395,0.29769301414489746,0.297929048538208,0.3831207752227783,0.540395975112915,0.4182400703430176,0.7578020095825195,0.38946008682250977,0.3504610061645508,0.5292291641235352,0.3054988384246826,0.33019495010375977,0.6843740940093994,0.8523838520050049,0.3036510944366455,0.338184118270874,0.7166609764099121,0.8879969120025635,0.30701112747192383,0.7836060523986816,0.4992959499359131,0.4537990093231201,0.630828857421875,0.3736550807952881,0.5544469356536865,0.31235671043395996,0.42577481269836426,0.3702371120452881,0.29112982749938965,0.4784719944000244,0.35326409339904785,0.8627498149871826,0.3931870460510254,0.35121989250183105,0.43963193893432617,0.45675182342529297,0.5875411033630371,0.570091962814331,0.3552088737487793,0.340440034866333,0.5062341690063477,0.30971527099609375,0.34246087074279785,0.3709537982940674,0.645082950592041,0.4600179195404053,0.34652280807495117,0.6413078308105469,0.792370080947876,0.7384870052337646,0.39951610565185547,0.6139340400695801,0.4949181079864502,0.6814038753509521,0.6050631999969482,0.9058690071105957,0.3813450336456299,0.7668099403381348,0.30596208572387695,0.35900115966796875,0.5643000602722168,0.788815975189209,0.7217509746551514,0.3579990863800049
0.28	GG2	0.29717302322387695,0.46228790283203125,0.629392147064209,0.44856810569763184,0.7103040218353271,0.4028170108795166,0.9678080081939697,0.6817748546600342,0.29862499237060547,0.514650821685791,0.6214559078216553,0.8647267818450928,0.3308439254760742,0.5877189636230469,0.6797397136688232,0.5513260364532471,0.3295731544494629,0.5742599964141846,0.6136071681976318,0.37956714630126953,0.6176378726959229,0.7013468742370605,0.43555569648742676,0.4175119400024414,0.4884817600250244,0.5927658081054688,0.6357121467590332,0.3062112331390381,0.623258113861084,0.4508371353149414,0.37844300270080566,0.5159671306610107,0.7018530368804932,0.3746676445007324,0.46657896041870117,0.4472622871398926,0.49772095680236816,0.6436159610748291,0.3097050189971924,0.5963399410247803,1.1256160736083984,0.41851019859313965,0.5579938888549805,0.3746349811553955,0.29813122749328613,0.46728086471557617,0.3073709011077881,0.32625579833984375,0.5889618396759033,0.6246211528778076,0.6569788455963135,0.4135780334472656,0.7092428207397461,0.37364697456359863,0.5974118709564209,0.3181488513946533,0.37497878074645996,0.9110941886901855,0.4416780471801758,0.5950469970703125,0.5571892261505127,0.3993690013885498,0.34334421157836914,0.4699888229370117,0.3489229679107666,1.0894191265106201,0.7489550113677979,0.5996506214141846,0.43521714210510254,0.4658970832824707,0.5053081512451172,0.5837297439575195,0.31571006774902344,0.29972195625305176,0.315784215927124,0.3479330539703369,0.349045991897583,0.3708319664001465,0.6171069145202637,0.5468389987945557,0.6837999820709229,0.581946849822998,0.3385019302368164,0.606442928314209,0.317457914352417,0.6893720626831055,0.30771684646606445,0.7673099040985107,0.5682849884033203,0.5351097583770752,0.476215124130249,0.42076778411865234,0.5922057628631592,1.0763959884643555,0.323854923248291,0.33282899856567383,0.5207071304321289,0.31140899658203125,0.7463207244873047,0.3493068218231201,0.3193390369415283,0.9211940765380859,0.3143448829650879,0.37966203689575195,0.45123887062072754,1.2960190773010254,0.4680900573730469,0.34400510787963867,0.759227991104126,0.5905039310455322,0.3416876792907715,0.4494466781616211,0.7848391532897949,0.3064258098602295,0.4523189067840576,0.34156179428100586,0.44937872886657715,0.43939995765686035,0.4486970901489258,0.8470730781555176,0.4363241195678711,0.5970840454101562,0.6905286312103271,0.35302305221557617,0.29800891876220703,0.6643316745758057,0.40268397331237793,0.7109477519989014,0.9329009056091309,0.3104097843170166,0.468372106552124,0.34576892852783203,0.3732469081878662,0.34745025634765625,0.36461424827575684,0.30168819427490234,0.7969441413879395,0.29769301414489746,0.297929048538208,0.3831207752227783,0.540395975112915,0.4182400703430176,0.7578020095825195,0.38946008682250977,0.3504610061645508,0.5292291641235352,0.3054988384246826,0.33019495010375977,0.6843740940093994,0.8523838520050049,0.3036510944366455,0.338184118270874,0.7166609764099121,0.8879969120025635,0.30701112747192383,0.7836060523986816,0.4992959499359131,0.4537990093231201,0.630828857421875,0.3736550807952881,0.5544469356536865,0.31235671043395996,0.42577481269836426,0.3702371120452881,0.29112982749938965,0.4784719944000244,0.35326409339904785,0.8627498149871826,0.3931870460510254,0.35121989250183105,0.43963193893432617,0.45675182342529297,0.5875411033630371,0.570091962814331,0.3552088737487793,0.340440034866333,0.5062341690063477,0.30971527099609375,0.34246087074279785,0.3709537982940674,0.645082950592041,0.4600179195404053,0.34652280807495117,0.6413078308105469,0.792370080947876,0.7384870052337646,0.39951610565185547,0.6139340400695801,0.4949181079864502,0.6814038753509521,0.6050631999969482,0.9058690071105957,0.3813450336456299,0.7668099403381348,0.30596208572387695,0.35900115966796875,0.5643000602722168,0.788815975189209,0.7217509746551514,0.3579990863800049
0.3	GEE	0.016361236572265625,0.01749706268310547,0.018720149993896484,0.019375085830688477,0.01976323127746582,0.01927495002746582,0.018464088439941406,0.01899123191833496,0.018932819366455078,0.018822908401489258,0.01782703399658203,0.019374847412109375,0.019073009490966797,0.018479108810424805,0.01879715919494629,0.01836991310119629,0.01898980140686035,0.019591808319091797,0.018383026123046875,0.02016162872314453,0.018903017044067383,0.019567251205444336,0.0201718807220459,0.019037246704101562,0.022335052490234375,0.019357919692993164,0.019237995147705078,0.018611907958984375,0.018327951431274414,0.019381046295166016,0.0184478759765625,0.01991415023803711,0.019153118133544922,0.02016592025756836,0.01888895034790039,0.018815994262695312,0.018516063690185547,0.018627166748046875,0.019337892532348633,0.018496036529541016,0.01816082000732422,0.01926875114440918,0.018378019332885742,0.020361900329589844,0.018769025802612305,0.017839908599853516,0.018597841262817383,0.0195310115814209,0.01869797706604004,0.018513917922973633,0.018280029296875,0.01876211166381836,0.019009828567504883,0.019543170928955078,0.01859307289123535,0.0188748836517334,0.018804073333740234,0.01833200454711914,0.01931595802307129,0.01815176010131836,0.019134998321533203,0.018486976623535156,0.0183408260345459,0.018218040466308594,0.026058673858642578,0.01973700523376465,0.018275737762451172,0.018848180770874023,0.018982887268066406,0.018249988555908203,0.019700050354003906,0.019038915634155273,0.01910400390625,0.01861715316772461,0.018256187438964844,0.018462181091308594,0.018990039825439453,0.01924419403076172,0.018262624740600586,0.01866006851196289,0.019137144088745117,0.018313884735107422,0.01838517189025879,0.019137859344482422,0.019198894500732422,0.01896810531616211,0.018412113189697266,0.018743038177490234,0.01868295669555664,0.0190427303314209,0.019107818603515625,0.018918991088867188,0.018702030181884766,0.018837928771972656,0.018281936645507812,0.01914811134338379,0.018371105194091797,0.018976926803588867,0.018828153610229492,0.018619060516357422,0.019251108169555664,0.018193960189819336,0.01810312271118164,0.018620967864990234,0.017816781997680664,0.019429922103881836,0.01891303062438965,0.019319772720336914,0.018798828125,0.019463777542114258,0.01830911636352539,0.01925516128540039,0.018909931182861328,0.01932382583618164,0.019086122512817383,0.01944875717163086,0.022770166397094727,0.019149065017700195,0.01914191246032715,0.01874518394470215,0.018780946731567383,0.019134998321533203,0.01873779296875,0.019009828567504883,0.01822805404663086,0.019681930541992188,0.019191741943359375,0.018136262893676758,0.019298076629638672,0.018992900848388672,0.018714189529418945,0.018597126007080078,0.019152164459228516,0.018491029739379883,0.020962953567504883,0.01997995376586914,0.018507003784179688,0.018393993377685547,0.019367218017578125,0.01888728141784668,0.01866292953491211,0.01906108856201172,0.01926708221435547,0.018426895141601562,0.020148038864135742,0.01906609535217285,0.018573760986328125,0.019494056701660156,0.01866912841796875,0.018610715866088867,0.019299030303955078,0.020227909088134766,0.019104719161987305,0.019098281860351562,0.020364046096801758,0.018854856491088867,0.01883697509765625,0.01945972442626953,0.018887758255004883,0.01988387107849121,0.018695831298828125,0.018605947494506836,0.01977086067199707,0.018902063369750977,0.018423080444335938,0.01920485496520996,0.01912379264831543,0.01935601234436035,0.01840519905090332,0.01968097686767578,0.019208908081054688,0.019117116928100586,0.018937110900878906,0.019129037857055664,0.018991947174072266,0.01912212371826172,0.01885700225830078,0.018732070922851562,0.019082069396972656,0.0192720890045166,0.01872992515563965,0.01841592788696289,0.02001214027404785,0.01959395408630371,0.01836109161376953,0.019287824630737305,0.01880502700805664,0.01828789710998535,0.019212961196899414,0.019140958786010742,0.018202781677246094,0.01875782012939453,0.01959514617919922,0.020756006240844727,0.02273106575012207,0.02011585235595703,0.019794225692749023,0.01900005340576172,0.01931309700012207,0.022105932235717773
0.3	GNN	0.3567030429840088,0.6428470611572266,0.6131570339202881,0.370211124420166,0.33495068550109863,0.320605993270874,0.43622708320617676,0.3160889148712158,0.32004880905151367,0.32608795166015625,0.6955249309539795,0.4083998203277588,0.3376450538635254,0.3528759479522705,0.3254048824310303,0.6747770309448242,0.441392183303833,0.44240808486938477,0.4562540054321289,0.31531405448913574,0.6686367988586426,0.36534595489501953,0.34693098068237305,0.5732829570770264,0.36390209197998047,0.7420749664306641,0.3677670955657959,0.33678507804870605,0.5195667743682861,0.6412737369537354,0.3729970455169678,0.3365957736968994,0.30701637268066406,0.34372997283935547,0.36797475814819336,0.47769880294799805,0.41127896308898926,0.46091222763061523,0.5207669734954834,0.523047924041748,0.654871940612793,0.3484001159667969,0.3544008731842041,0.7272679805755615,0.5710570812225342,0.38115406036376953,0.43952274322509766,0.3652939796447754,0.37133002281188965,0.3658878803253174,0.5497751235961914,0.46314406394958496,0.313068151473999,0.4809761047363281,0.366473913192749,0.30956006050109863,0.3244001865386963,0.4053959846496582,0.4097938537597656,0.6013920307159424,0.3452131748199463,0.34830307960510254,0.4215707778930664,1.2150299549102783,0.5259907245635986,0.7074990272521973,0.5174760818481445,0.36188435554504395,0.34877800941467285,0.3751070499420166,0.31369805335998535,0.9824812412261963,0.30431222915649414,0.354079008102417,0.3647019863128662,0.3653712272644043,0.3105738162994385,0.3579080104827881,0.46758508682250977,0.36417174339294434,0.3722970485687256,0.39526987075805664,0.41483116149902344,0.4969000816345215,0.3328590393066406,0.38664770126342773,0.4693748950958252,0.3548450469970703,0.3319129943847656,0.30469775199890137,0.45888614654541016,0.4770228862762451,0.3687469959259033,0.4171891212463379,0.4242668151855469,0.40073275566101074,0.35776805877685547,0.4119539260864258,0.42618775367736816,0.3638467788696289,0.41965699195861816,0.37693285942077637,0.5202028751373291,0.4696083068847656,0.3776998519897461,0.31210803985595703,0.3195350170135498,0.34207701683044434,0.45926594734191895,0.42331886291503906,0.45485901832580566,0.3742790222167969,0.47066497802734375,0.3630709648132324,0.35895705223083496,0.767380952835083,0.7545139789581299,0.5152029991149902,0.3095512390136719,0.38898301124572754,0.5010759830474854,0.3690009117126465,0.3486151695251465,0.3592569828033447,0.36060190200805664,0.3641672134399414,0.636995792388916,0.38555431365966797,0.34573888778686523,0.3935999870300293,0.7314469814300537,0.6441621780395508,0.5284428596496582,0.3686800003051758,0.324995756149292,0.7004210948944092,0.3681049346923828,0.3712010383605957,0.34206724166870117,0.42017102241516113,0.4626450538635254,0.5722131729125977,0.3908820152282715,0.3562769889831543,0.3935067653656006,0.37161874771118164,0.5963072776794434,0.361818790435791,0.3737359046936035,0.48857903480529785,0.33348703384399414,0.4467432498931885,0.31987714767456055,0.38911890983581543,0.3478891849517822,0.6749401092529297,0.3442549705505371,0.4171147346496582,0.37058091163635254,0.3905911445617676,0.8414120674133301,0.38134002685546875,0.32845377922058105,0.30361127853393555,0.3650529384613037,0.3840823173522949,0.3755009174346924,0.34824705123901367,0.37701988220214844,0.3640468120574951,0.3352799415588379,0.39495301246643066,0.6279740333557129,0.3555879592895508,0.4377281665802002,0.3694169521331787,0.38364219665527344,0.5703411102294922,0.31795310974121094,0.3850071430206299,0.35976505279541016,0.40859484672546387,0.4936211109161377,0.3938438892364502,0.5009751319885254,0.6147639751434326,0.6191179752349854,0.48485898971557617,0.6185359954833984,0.8920669555664062,0.3546311855316162,0.5102369785308838,0.3845949172973633,0.590076208114624,0.3708767890930176,0.36538028717041016,0.47481322288513184,0.4267299175262451,0.7543747425079346,0.42221617698669434
0.3	GG	0.2947399616241455,0.3459968566894531,0.3077559471130371,0.3217132091522217,0.776216983795166,0.3529326915740967,0.35702013969421387,0.5093340873718262,0.3413989543914795,0.5529689788818359,0.7941269874572754,0.5920770168304443,0.34722399711608887,0.6117720603942871,0.4441399574279785,0.35497021675109863,0.5401029586791992,0.4685521125793457,0.7279109954833984,0.35947299003601074,0.656001091003418,0.8228168487548828,0.44001102447509766,0.5996220111846924,0.5506701469421387,0.3486521244049072,0.9037129878997803,0.5083961486816406,0.7093567848205566,0.8937969207763672,0.31293582916259766,0.43415021896362305,0.6792278289794922,0.6043472290039062,0.31556081771850586,1.0172898769378662,0.8603537082672119,0.5169570446014404,0.4929220676422119,0.4863412380218506,0.7803919315338135,0.8127007484436035,0.580571174621582,0.3036789894104004,0.4319140911102295,0.4421041011810303,0.5282309055328369,0.35052490234375,0.517247200012207,0.3094210624694824,0.4350416660308838,0.556236982345581,0.4867587089538574,0.4870131015777588,0.6200671195983887,0.3483390808105469,0.38294291496276855,0.3377420902252197,0.7096478939056396,0.31178712844848633,0.7370419502258301,0.8711700439453125,0.47547292709350586,0.5456750392913818,0.575019121170044,0.693518877029419,0.3037121295928955,0.4746077060699463,0.322368860244751,0.7377719879150391,0.37696003913879395,0.35252904891967773,0.3504300117492676,0.32129883766174316,0.4243321418762207,0.6625559329986572,0.35254812240600586,0.3269379138946533,0.5472028255462646,0.4592428207397461,0.9337027072906494,0.5501632690429688,0.6113002300262451,1.011842966079712,0.5550448894500732,0.7065658569335938,0.4108097553253174,0.32502007484436035,0.8047168254852295,0.3569002151489258,0.3551323413848877,0.46990394592285156,0.4459967613220215,0.49651503562927246,0.3393747806549072,0.7350969314575195,0.38781213760375977,0.6565980911254883,0.4810030460357666,0.8773367404937744,0.48779988288879395,0.4550609588623047,0.5472321510314941,0.33853912353515625,0.46257710456848145,0.724959135055542,0.6830887794494629,0.3580479621887207,0.5214512348175049,0.6364700794219971,0.35572099685668945,0.38361382484436035,0.6360440254211426,0.4874429702758789,0.3265538215637207,0.708392858505249,0.5884048938751221,0.8226549625396729,0.5604820251464844,0.42171692848205566,1.0352580547332764,0.32688283920288086,0.376802921295166,0.3340141773223877,0.571660041809082,0.37671494483947754,0.42934679985046387,0.312380313873291,0.519866943359375,0.34713125228881836,0.40233802795410156,0.5445199012756348,0.3448479175567627,0.321152925491333,0.3250260353088379,0.3382108211517334,0.4220998287200928,0.4475560188293457,0.4959278106689453,0.3294789791107178,0.48531675338745117,0.7979781627655029,0.5339038372039795,0.3238189220428467,0.36081624031066895,0.31911420822143555,0.3116879463195801,0.4380819797515869,0.7160799503326416,0.4587419033050537,0.4550290107727051,0.6386468410491943,0.7779030799865723,0.31510090827941895,0.4397890567779541,0.6884489059448242,0.3266160488128662,0.34818005561828613,0.3149409294128418,0.4033341407775879,0.39255213737487793,0.39856696128845215,0.5529329776763916,0.4107980728149414,0.7146859169006348,0.81561279296875,0.3134288787841797,0.3214142322540283,0.48759007453918457,0.35817909240722656,0.35006117820739746,0.5018608570098877,0.4011068344116211,0.3475382328033447,0.6115419864654541,0.5067639350891113,0.6414179801940918,0.6580250263214111,0.8173849582672119,0.5499200820922852,0.4689297676086426,0.390347957611084,0.49904894828796387,0.3825960159301758,0.3214099407196045,0.3453230857849121,0.7454640865325928,0.3368861675262451,0.3853180408477783,0.9262967109680176,0.7434961795806885,0.3063957691192627,0.49717235565185547,0.4591238498687744,0.5867478847503662,0.3765900135040283,0.9412579536437988,0.39852428436279297,0.4219932556152344,0.5295968055725098
0.3	GG2	0.2947399616241455,0.3459968566894531,0.3077559471130371,0.3217132091522217,0.776216983795166,0.3529326915740967,0.35702013969421387,0.5093340873718262,0.3413989543914795,0.5529689788818359,0.7941269874572754,0.5920770168304443,0.34722399711608887,0.6117720603942871,0.4441399574279785,0.35497021675109863,0.5401029586791992,0.4685521125793457,0.7279109954833984,0.35947299003601074,0.656001091003418,0.8228168487548828,0.44001102447509766,0.5996220111846924,0.5506701469421387,0.3486521244049072,0.9037129878997803,0.5083961486816406,0.7093567848205566,0.8937969207763672,0.31293582916259766,0.43415021896362305,0.6792278289794922,0.6043472290039062,0.31556081771850586,1.0172898769378662,0.8603537082672119,0.5169570446014404,0.4929220676422119,0.4863412380218506,0.7803919315338135,0.8127007484436035,0.580571174621582,0.3036789894104004,0.4319140911102295,0.4421041011810303,0.5282309055328369,0.35052490234375,0.517247200012207,0.3094210624694824,0.4350416660308838,0.556236982345581,0.4867587089538574,0.4870131015777588,0.6200671195983887,0.3483390808105469,0.38294291496276855,0.3377420902252197,0.7096478939056396,0.31178712844848633,0.7370419502258301,0.8711700439453125,0.47547292709350586,0.5456750392913818,0.575019121170044,0.693518877029419,0.3037121295928955,0.4746077060699463,0.322368860244751,0.7377719879150391,0.37696003913879395,0.35252904891967773,0.3504300117492676,0.32129883766174316,0.4243321418762207,0.6625559329986572,0.35254812240600586,0.3269379138946533,0.5472028255462646,0.4592428207397461,0.9337027072906494,0.5501632690429688,0.6113002300262451,1.011842966079712,0.5550448894500732,0.7065658569335938,0.4108097553253174,0.32502007484436035,0.8047168254852295,0.3569002151489258,0.3551323413848877,0.46990394592285156,0.4459967613220215,0.49651503562927246,0.3393747806549072,0.7350969314575195,0.38781213760375977,0.6565980911254883,0.4810030460357666,0.8773367404937744,0.48779988288879395,0.4550609588623047,0.5472321510314941,0.33853912353515625,0.46257710456848145,0.724959135055542,0.6830887794494629,0.3580479621887207,0.5214512348175049,0.6364700794219971,0.35572099685668945,0.38361382484436035,0.6360440254211426,0.4874429702758789,0.3265538215637207,0.708392858505249,0.5884048938751221,0.8226549625396729,0.5604820251464844,0.42171692848205566,1.0352580547332764,0.32688283920288086,0.376802921295166,0.3340141773223877,0.571660041809082,0.37671494483947754,0.42934679985046387,0.312380313873291,0.519866943359375,0.34713125228881836,0.40233802795410156,0.5445199012756348,0.3448479175567627,0.321152925491333,0.3250260353088379,0.3382108211517334,0.4220998287200928,0.4475560188293457,0.4959278106689453,0.3294789791107178,0.48531675338745117,0.7979781627655029,0.5339038372039795,0.3238189220428467,0.36081624031066895,0.31911420822143555,0.3116879463195801,0.4380819797515869,0.7160799503326416,0.4587419033050537,0.4550290107727051,0.6386468410491943,0.7779030799865723,0.31510090827941895,0.4397890567779541,0.6884489059448242,0.3266160488128662,0.34818005561828613,0.3149409294128418,0.4033341407775879,0.39255213737487793,0.39856696128845215,0.5529329776763916,0.4107980728149414,0.7146859169006348,0.81561279296875,0.3134288787841797,0.3214142322540283,0.48759007453918457,0.35817909240722656,0.35006117820739746,0.5018608570098877,0.4011068344116211,0.3475382328033447,0.6115419864654541,0.5067639350891113,0.6414179801940918,0.6580250263214111,0.8173849582672119,0.5499200820922852,0.4689297676086426,0.390347957611084,0.49904894828796387,0.3825960159301758,0.3214099407196045,0.3453230857849121,0.7454640865325928,0.3368861675262451,0.3853180408477783,0.9262967109680176,0.7434961795806885,0.3063957691192627,0.49717235565185547,0.4591238498687744,0.5867478847503662,0.3765900135040283,0.9412579536437988,0.39852428436279297,0.4219932556152344,0.5295968055725098
