0.0	GEE	0.008273124694824219,0.00780797004699707,0.008248090744018555,0.00789499282836914,0.007987260818481445,0.007858753204345703,0.008029937744140625,0.007764339447021484,0.007897138595581055,0.00816488265991211,0.008006095886230469,0.007962942123413086,0.007824897766113281,0.007812023162841797,0.007955074310302734,0.008165121078491211,0.007959127426147461,0.00807499885559082,0.007842063903808594,0.008097171783447266,0.008151054382324219,0.008254051208496094,0.007795810699462891,0.008194923400878906,0.008317947387695312,0.008244991302490234,0.008151054382324219,0.007801055908203125,0.008002042770385742,0.00790715217590332,0.008202075958251953,0.0078887939453125,0.007881879806518555,0.007907867431640625,0.00838613510131836,0.00785207748413086,0.007824182510375977,0.007912158966064453,0.008018970489501953,0.00795292854309082,0.007888078689575195,0.007819175720214844,0.007886648178100586,0.007946014404296875,0.007995128631591797,0.007931232452392578,0.007960081100463867,0.007814884185791016,0.007831096649169922,0.008008956909179688,0.008038759231567383,0.007931947708129883,0.007913351058959961,0.008081912994384766,0.008357763290405273,0.007956981658935547,0.007871866226196289,0.007812738418579102,0.007833719253540039,0.008291006088256836,0.00817418098449707,0.008118867874145508,0.007821083068847656,0.008067131042480469,0.008014202117919922,0.007988929748535156,0.007977008819580078,0.008328914642333984,0.007850170135498047,0.007792234420776367,0.0077779293060302734,0.007782697677612305,0.007817983627319336,0.007943153381347656,0.007973909378051758,0.007821798324584961,0.007951974868774414,0.008035659790039062,0.0077648162841796875,0.00805807113647461,0.007893085479736328,0.008023977279663086,0.007862567901611328,0.008134126663208008,0.00806283950805664,0.00780797004699707,0.00804901123046875,0.00830698013305664,0.008250713348388672,0.007901906967163086,0.007901906967163086,0.008013248443603516,0.0077953338623046875,0.007813215255737305,0.008015155792236328,0.007923364639282227,0.008134126663208008,0.007842779159545898,0.007915973663330078,0.008032083511352539,0.00792074203491211,0.008091926574707031,0.007990121841430664,0.008096933364868164,0.008045196533203125,0.008102178573608398,0.00820302963256836,0.008484125137329102,0.008466720581054688,0.008282899856567383,0.008178949356079102,0.00829315185546875,0.008520126342773438,0.008202075958251953,0.008221864700317383,0.007902860641479492,0.00790095329284668,0.007867097854614258,0.007966995239257812,0.007893085479736328,0.007927894592285156,0.007992982864379883,0.008823871612548828,0.007952690124511719,0.008026123046875,0.00780797004699707,0.007970094680786133,0.00804591178894043,0.008183002471923828,0.012132883071899414,0.00805211067199707,0.010746955871582031,0.008037805557250977,0.008095026016235352,0.008023977279663086,0.008085012435913086,0.00834202766418457,0.00812387466430664,0.00783991813659668,0.008249759674072266,0.008057832717895508,0.007854938507080078,0.007949113845825195,0.00792694091796875,0.007862091064453125,0.008066177368164062,0.008378028869628906,0.007919073104858398,0.007824897766113281,0.007863044738769531,0.007976055145263672,0.00789499282836914,0.007921934127807617,0.008156776428222656,0.00793910026550293,0.008054971694946289,0.007992029190063477,0.007910013198852539,0.008042335510253906,0.007850885391235352,0.008002758026123047,0.007917165756225586,0.007772207260131836,0.007923126220703125,0.007812976837158203,0.007848024368286133,0.007905006408691406,0.008401155471801758,0.007931947708129883,0.007860898971557617,0.007914066314697266,0.00785207748413086,0.008339881896972656,0.007974863052368164,0.007892131805419922,0.007875919342041016,0.007848978042602539,0.007842063903808594,0.007814168930053711,0.008011102676391602,0.007857799530029297,0.007914066314697266,0.007973194122314453,0.007919073104858398,0.008009910583496094,0.00794076919555664,0.007822036743164062,0.007800102233886719,0.007824182510375977,0.007987260818481445,0.008103370666503906,0.007794857025146484,0.007933855056762695,0.007890939712524414,0.007972240447998047,0.007822275161743164,0.007889747619628906,0.007867813110351562,0.0077970027923583984,0.008185863494873047
0.0	GNN	0.54665207862854,0.5856518745422363,0.2728869915008545,0.3309612274169922,0.29094409942626953,0.30042195320129395,0.4448881149291992,0.4888591766357422,0.3700690269470215,0.2321150302886963,0.38499879837036133,0.36737608909606934,0.3382887840270996,0.30280113220214844,0.42357897758483887,0.2421398162841797,0.2513389587402344,0.3684699535369873,0.3166360855102539,0.28004908561706543,1.042133092880249,0.3021368980407715,0.3891279697418213,0.3186979293823242,0.33754420280456543,0.5878159999847412,0.2786550521850586,0.36275291442871094,0.356640100479126,0.2961549758911133,0.2759411334991455,0.32380223274230957,0.42304515838623047,0.4034087657928467,0.411466121673584,0.37032008171081543,0.4079728126525879,0.2980480194091797,0.3669569492340088,0.32713985443115234,0.44217419624328613,0.2748138904571533,0.4292881488800049,0.3506600856781006,0.2881200313568115,0.4359149932861328,0.25870490074157715,0.2689170837402344,0.24421191215515137,0.42456507682800293,0.35457801818847656,0.31261587142944336,0.32445478439331055,0.3090181350708008,0.29131007194519043,0.2748408317565918,0.3148949146270752,0.3717081546783447,0.2596259117126465,0.35024380683898926,0.536113977432251,0.2498459815979004,0.2633640766143799,0.3466179370880127,0.3474161624908447,0.3852109909057617,0.262315034866333,0.5109069347381592,0.30028796195983887,0.33637285232543945,0.2761969566345215,0.253939151763916,0.2961561679840088,0.27756714820861816,0.43993711471557617,0.24364900588989258,0.2521650791168213,0.33887696266174316,0.3309590816497803,0.3043503761291504,0.6562786102294922,0.31650590896606445,0.47866177558898926,0.40669989585876465,0.33036208152770996,0.3014857769012451,0.24358916282653809,0.42350077629089355,0.4108750820159912,0.31308889389038086,0.609868049621582,0.32744789123535156,0.3618180751800537,0.4223048686981201,0.35770392417907715,0.2556591033935547,0.6015160083770752,0.32015395164489746,0.3380448818206787,0.46502017974853516,0.5133240222930908,0.25736498832702637,0.43192172050476074,0.3361790180206299,0.47511887550354004,0.4311819076538086,0.5391228199005127,0.5742819309234619,0.4684429168701172,0.40000486373901367,0.32407116889953613,0.42710304260253906,0.34608983993530273,0.29637718200683594,0.31257200241088867,0.3379862308502197,0.4481997489929199,0.3238229751586914,0.5845539569854736,0.3807539939880371,0.3079261779785156,0.3913230895996094,0.2549610137939453,0.2858297824859619,0.686345100402832,0.3141341209411621,0.24247193336486816,0.33989715576171875,0.35378408432006836,0.5102791786193848,0.6158888339996338,0.5510096549987793,0.5329499244689941,0.4790351390838623,0.4200589656829834,0.32254505157470703,0.3846149444580078,0.4734210968017578,0.2826859951019287,0.44875216484069824,0.3647019863128662,0.4490032196044922,0.41826295852661133,0.2839381694793701,0.2920420169830322,0.4244983196258545,0.2599527835845947,0.3379039764404297,0.5620810985565186,0.36155104637145996,0.3796820640563965,0.29701709747314453,0.3283679485321045,0.23391509056091309,0.26987290382385254,0.2775847911834717,0.3901791572570801,0.2700040340423584,0.5783870220184326,0.5289120674133301,0.43390822410583496,0.5894780158996582,0.3285970687866211,0.45403504371643066,0.2887599468231201,0.6051068305969238,0.29281091690063477,0.5668671131134033,0.2705221176147461,0.7481470108032227,0.3214709758758545,0.36386728286743164,0.28471899032592773,0.32753705978393555,0.3999660015106201,0.25429797172546387,0.4961380958557129,0.25778985023498535,0.23317599296569824,0.35511207580566406,0.4952352046966553,0.31806397438049316,0.3160250186920166,0.3730800151824951,0.4042849540710449,0.35061073303222656,0.3439476490020752,0.3962521553039551,0.29251623153686523,0.30589795112609863,0.5744369029998779,0.2891111373901367,0.2868459224700928,0.3410370349884033,0.32370495796203613,0.4504361152648926,0.3834853172302246,0.2938828468322754,0.3688352108001709,0.6562380790710449
0.0	GG	0.36328721046447754,0.413970947265625,0.1792280673980713,0.3358950614929199,0.24553489685058594,0.34186387062072754,0.18741774559020996,0.35004091262817383,0.3883068561553955,0.33270978927612305,0.4472310543060303,0.3467531204223633,0.48696112632751465,0.18059587478637695,0.7776839733123779,0.3153989315032959,0.42142200469970703,0.30997514724731445,0.2842099666595459,0.5130980014801025,0.32457709312438965,0.17937493324279785,0.3496518135070801,0.3050680160522461,0.4070746898651123,0.4830901622772217,0.6381182670593262,0.24871516227722168,0.5052850246429443,0.29515814781188965,0.36811280250549316,0.2249600887298584,0.26947784423828125,0.36372804641723633,0.2400369644165039,0.37729787826538086,0.4172210693359375,0.17977690696716309,0.30657100677490234,0.31565117835998535,0.33034777641296387,0.3854868412017822,0.3782198429107666,0.3967428207397461,0.3905601501464844,0.4069221019744873,0.28890013694763184,0.19318675994873047,0.3292961120605469,0.4492068290710449,0.4602527618408203,0.27779197692871094,0.19147324562072754,0.2727959156036377,0.2935049533843994,0.2888679504394531,0.21904611587524414,0.4175276756286621,0.35101318359375,0.49932312965393066,0.4135570526123047,0.34105396270751953,0.35797786712646484,0.328399658203125,0.4487490653991699,0.48131299018859863,0.44699811935424805,0.4066600799560547,0.4055452346801758,0.3817000389099121,0.365339994430542,0.3211348056793213,0.18295502662658691,0.3005521297454834,0.220534086227417,0.28777503967285156,0.5200059413909912,0.4537069797515869,0.25186705589294434,0.3527867794036865,0.2791433334350586,0.34493398666381836,0.5265510082244873,0.6240942478179932,0.25699615478515625,0.6935122013092041,0.23554372787475586,0.23800301551818848,0.4390130043029785,0.5427341461181641,0.25341272354125977,0.41313910484313965,0.29599785804748535,0.5841012001037598,0.3386709690093994,0.20601916313171387,0.7465541362762451,0.3911149501800537,0.5103390216827393,0.4451007843017578,0.2147388458251953,0.3903789520263672,0.17754912376403809,0.35393500328063965,0.5780611038208008,0.46029090881347656,0.44162893295288086,0.39771127700805664,0.41348814964294434,0.21248626708984375,0.20699715614318848,0.7436087131500244,0.20397400856018066,0.6151270866394043,0.5064921379089355,0.20814776420593262,0.2650272846221924,0.5694890022277832,0.24001789093017578,0.4175679683685303,0.5642259120941162,0.39136409759521484,0.38427209854125977,0.27461814880371094,0.6094779968261719,0.29654884338378906,0.19988512992858887,0.7214467525482178,0.2791478633880615,0.46570372581481934,0.4911932945251465,0.25499892234802246,0.20835399627685547,0.26310110092163086,0.31136584281921387,0.5744631290435791,0.20277976989746094,0.31498003005981445,0.3332369327545166,0.18019485473632812,0.33202099800109863,0.4602930545806885,0.2413330078125,0.4590468406677246,0.23903703689575195,0.19649696350097656,0.3796839714050293,0.18054413795471191,0.22628188133239746,0.21531915664672852,0.335097074508667,0.1905679702758789,0.4221041202545166,0.2420179843902588,0.32914304733276367,0.46791815757751465,0.4486730098724365,0.4558291435241699,0.42868924140930176,0.5202450752258301,0.3232300281524658,0.22342300415039062,0.4203188419342041,0.39112210273742676,0.3436160087585449,0.5051829814910889,0.3002920150756836,0.4473440647125244,0.1987776756286621,0.42906808853149414,0.42173004150390625,0.4288778305053711,0.43920111656188965,0.4637429714202881,0.2834649085998535,0.18199610710144043,0.30339789390563965,0.33406782150268555,0.367063045501709,0.5724341869354248,0.26630568504333496,0.17879605293273926,0.2707178592681885,0.18474817276000977,0.31669020652770996,0.6306560039520264,0.42900705337524414,0.6444878578186035,0.5013840198516846,0.3726358413696289,0.37992024421691895,0.20126104354858398,0.500669002532959,0.5566473007202148,0.24637079238891602,0.3255288600921631,0.6877288818359375,0.35677003860473633,0.4288020133972168,0.34282803535461426
0.0	GG2	0.36328721046447754,0.413970947265625,0.1792280673980713,0.3358950614929199,0.24553489685058594,0.34186387062072754,0.18741774559020996,0.35004091262817383,0.3883068561553955,0.33270978927612305,0.4472310543060303,0.3467531204223633,0.48696112632751465,0.18059587478637695,0.7776839733123779,0.3153989315032959,0.42142200469970703,0.30997514724731445,0.2842099666595459,0.5130980014801025,0.32457709312438965,0.17937493324279785,0.3496518135070801,0.3050680160522461,0.4070746898651123,0.4830901622772217,0.6381182670593262,0.24871516227722168,0.5052850246429443,0.29515814781188965,0.36811280250549316,0.2249600887298584,0.26947784423828125,0.36372804641723633,0.2400369644165039,0.37729787826538086,0.4172210693359375,0.17977690696716309,0.30657100677490234,0.31565117835998535,0.33034777641296387,0.3854868412017822,0.3782198429107666,0.3967428207397461,0.3905601501464844,0.4069221019744873,0.28890013694763184,0.19318675994873047,0.3292961120605469,0.4492068290710449,0.4602527618408203,0.27779197692871094,0.19147324562072754,0.2727959156036377,0.2935049533843994,0.2888679504394531,0.21904611587524414,0.4175276756286621,0.35101318359375,0.49932312965393066,0.4135570526123047,0.34105396270751953,0.35797786712646484,0.328399658203125,0.4487490653991699,0.48131299018859863,0.44699811935424805,0.4066600799560547,0.4055452346801758,0.3817000389099121,0.365339994430542,0.3211348056793213,0.18295502662658691,0.3005521297454834,0.220534086227417,0.28777503967285156,0.5200059413909912,0.4537069797515869,0.25186705589294434,0.3527867794036865,0.2791433334350586,0.34493398666381836,0.5265510082244873,0.6240942478179932,0.25699615478515625,0.6935122013092041,0.23554372787475586,0.23800301551818848,0.4390130043029785,0.5427341461181641,0.25341272354125977,0.41313910484313965,0.29599785804748535,0.5841012001037598,0.3386709690093994,0.20601916313171387,0.7465541362762451,0.3911149501800537,0.5103390216827393,0.4451007843017578,0.2147388458251953,0.3903789520263672,0.17754912376403809,0.35393500328063965,0.5780611038208008,0.46029090881347656,0.44162893295288086,0.39771127700805664,0.41348814964294434,0.21248626708984375,0.20699715614318848,0.7436087131500244,0.20397400856018066,0.6151270866394043,0.5064921379089355,0.20814776420593262,0.2650272846221924,0.5694890022277832,0.24001789093017578,0.4175679683685303,0.5642259120941162,0.39136409759521484,0.38427209854125977,0.27461814880371094,0.6094779968261719,0.29654884338378906,0.19988512992858887,0.7214467525482178,0.2791478633880615,0.46570372581481934,0.4911932945251465,0.25499892234802246,0.20835399627685547,0.26310110092163086,0.31136584281921387,0.5744631290435791,0.20277976989746094,0.31498003005981445,0.3332369327545166,0.18019485473632812,0.33202099800109863,0.4602930545806885,0.2413330078125,0.4590468406677246,0.23903703689575195,0.19649696350097656,0.3796839714050293,0.18054413795471191,0.22628188133239746,0.21531915664672852,0.335097074508667,0.1905679702758789,0.4221041202545166,0.2420179843902588,0.32914304733276367,0.46791815757751465,0.4486730098724365,0.4558291435241699,0.42868924140930176,0.5202450752258301,0.3232300281524658,0.22342300415039062,0.4203188419342041,0.39112210273742676,0.3436160087585449,0.5051829814910889,0.3002920150756836,0.4473440647125244,0.1987776756286621,0.42906808853149414,0.42173004150390625,0.4288778305053711,0.43920111656188965,0.4637429714202881,0.2834649085998535,0.18199610710144043,0.30339789390563965,0.33406782150268555,0.367063045501709,0.5724341869354248,0.26630568504333496,0.17879605293273926,0.2707178592681885,0.18474817276000977,0.31669020652770996,0.6306560039520264,0.42900705337524414,0.6444878578186035,0.5013840198516846,0.3726358413696289,0.37992024421691895,0.20126104354858398,0.500669002532959,0.5566473007202148,0.24637079238891602,0.3255288600921631,0.6877288818359375,0.35677003860473633,0.4288020133972168,0.34282803535461426
0.01	GEE	0.009516000747680664,0.009528160095214844,0.009824991226196289,0.009638786315917969,0.009821176528930664,0.009927988052368164,0.009727239608764648,0.009613990783691406,0.009827136993408203,0.009470939636230469,0.00959014892578125,0.009460926055908203,0.00980997085571289,0.009594917297363281,0.009632110595703125,0.009556055068969727,0.009685039520263672,0.009462833404541016,0.00960397720336914,0.009407997131347656,0.009562253952026367,0.009590864181518555,0.009505987167358398,0.00942683219909668,0.009547233581542969,0.009716987609863281,0.00953984260559082,0.009902000427246094,0.009589910507202148,0.009480953216552734,0.01011204719543457,0.009479761123657227,0.009593725204467773,0.00953817367553711,0.009506940841674805,0.009698152542114258,0.009563922882080078,0.009553194046020508,0.009610891342163086,0.009689092636108398,0.009518146514892578,0.009833097457885742,0.009723901748657227,0.009676933288574219,0.010098934173583984,0.009724140167236328,0.009536981582641602,0.009458065032958984,0.009408950805664062,0.009560823440551758,0.009552240371704102,0.009596824645996094,0.009573221206665039,0.00957179069519043,0.009575843811035156,0.009634971618652344,0.009502887725830078,0.00957489013671875,0.00955510139465332,0.009538650512695312,0.009818792343139648,0.009479761123657227,0.009658098220825195,0.009536027908325195,0.009935855865478516,0.009666919708251953,0.009488821029663086,0.009445905685424805,0.009608983993530273,0.009540796279907227,0.009560823440551758,0.009498834609985352,0.009660959243774414,0.009614944458007812,0.009521245956420898,0.009811878204345703,0.01006317138671875,0.009459972381591797,0.009567975997924805,0.009444952011108398,0.009554862976074219,0.009485960006713867,0.009533882141113281,0.009598970413208008,0.009443044662475586,0.009765148162841797,0.009432077407836914,0.009875059127807617,0.009994268417358398,0.00952911376953125,0.010016918182373047,0.010070085525512695,0.009630918502807617,0.009518861770629883,0.00947117805480957,0.009654045104980469,0.009666204452514648,0.009519100189208984,0.009480953216552734,0.009962081909179688,0.009543180465698242,0.009433746337890625,0.00998687744140625,0.00959014892578125,0.009682893753051758,0.010141134262084961,0.009886026382446289,0.00952005386352539,0.009470939636230469,0.00973200798034668,0.009498119354248047,0.009667158126831055,0.009681940078735352,0.009528160095214844,0.009598970413208008,0.00952601432800293,0.009651899337768555,0.009915828704833984,0.009747028350830078,0.009471893310546875,0.00941920280456543,0.009514808654785156,0.00997018814086914,0.009592056274414062,0.009511232376098633,0.009433984756469727,0.009648323059082031,0.009504079818725586,0.00960683822631836,0.009608983993530273,0.009572029113769531,0.009798765182495117,0.01020503044128418,0.01001119613647461,0.009819269180297852,0.009808778762817383,0.00976705551147461,0.009545087814331055,0.009475946426391602,0.009570121765136719,0.009492874145507812,0.009536981582641602,0.009605884552001953,0.009466171264648438,0.009569883346557617,0.009470939636230469,0.009415864944458008,0.009426116943359375,0.009669065475463867,0.009679079055786133,0.009493112564086914,0.00950479507446289,0.0094757080078125,0.00997781753540039,0.009583234786987305,0.00957489013671875,0.009652853012084961,0.009560108184814453,0.009846925735473633,0.010059118270874023,0.011308670043945312,0.009598970413208008,0.009552955627441406,0.00952911376953125,0.009474754333496094,0.009486913681030273,0.009459972381591797,0.009492874145507812,0.009456157684326172,0.010213851928710938,0.010002851486206055,0.009599924087524414,0.009436845779418945,0.009921073913574219,0.010255813598632812,0.009418964385986328,0.009410619735717773,0.010519742965698242,0.009582996368408203,0.00984501838684082,0.010319948196411133,0.00992584228515625,0.009816884994506836,0.009580850601196289,0.009738922119140625,0.009582042694091797,0.009509801864624023,0.009993314743041992,0.00954580307006836,0.009572744369506836,0.009593963623046875,0.009917259216308594,0.009457111358642578,0.009687185287475586,0.009459733963012695,0.009517908096313477,0.009489774703979492,0.009618759155273438,0.009585857391357422,0.009546995162963867
0.01	GNN	0.2982828617095947,0.4089469909667969,0.2907698154449463,0.5993683338165283,0.6283419132232666,0.4062631130218506,0.28859615325927734,0.2632629871368408,0.2313981056213379,0.30043792724609375,0.6712031364440918,0.5266780853271484,0.3086867332458496,0.36623096466064453,0.3042888641357422,0.26964592933654785,0.2908949851989746,0.33849596977233887,0.2992420196533203,0.28769898414611816,0.3591728210449219,0.29680705070495605,0.5663650035858154,0.3899571895599365,0.4461970329284668,0.48747682571411133,0.2738981246948242,0.2739717960357666,0.44359898567199707,0.27889108657836914,0.3100869655609131,0.3918898105621338,0.30536890029907227,0.4156789779663086,0.5016860961914062,0.34305906295776367,0.3420259952545166,0.34246206283569336,0.3233809471130371,0.3048110008239746,0.37169671058654785,0.2839670181274414,0.2881009578704834,0.3182840347290039,0.2957038879394531,0.34517693519592285,0.27381396293640137,0.362929105758667,0.30496788024902344,0.28544187545776367,0.2448263168334961,0.3592822551727295,0.4131810665130615,0.3090968132019043,0.23583579063415527,0.33241701126098633,0.32266783714294434,0.2904016971588135,0.28674793243408203,0.7540948390960693,0.27602100372314453,0.3488917350769043,0.33381175994873047,0.24917197227478027,0.37680602073669434,0.41235828399658203,0.3778350353240967,0.44521594047546387,0.2668471336364746,0.2936849594116211,0.5269229412078857,0.31027722358703613,0.3419320583343506,0.3956749439239502,0.3513960838317871,0.34159302711486816,0.38581037521362305,0.43009305000305176,0.32912111282348633,0.2970449924468994,0.40405917167663574,0.34984588623046875,0.47624897956848145,0.4542670249938965,0.25776100158691406,0.6343288421630859,0.24153614044189453,0.45842790603637695,0.3414647579193115,0.37605810165405273,0.21108722686767578,0.46482205390930176,0.6312048435211182,0.26779913902282715,0.290600061416626,0.3471977710723877,0.25714921951293945,0.38904500007629395,0.3731532096862793,0.3212249279022217,0.6947450637817383,0.2803342342376709,0.44830894470214844,0.30231213569641113,0.3844420909881592,0.35907602310180664,0.34073710441589355,0.3655080795288086,0.38459014892578125,0.3158719539642334,0.32439184188842773,0.2993650436401367,0.3222770690917969,0.4561429023742676,0.29079508781433105,0.26097702980041504,0.32904887199401855,0.3309192657470703,0.4633181095123291,0.34723806381225586,0.2967958450317383,0.3079259395599365,0.28595495223999023,0.3777039051055908,0.3350510597229004,0.39466404914855957,0.2938201427459717,0.8204441070556641,0.2589890956878662,0.6284260749816895,0.27904391288757324,0.38925790786743164,0.38543009757995605,0.3548460006713867,0.3734431266784668,0.30428004264831543,0.2362668514251709,0.43671703338623047,0.23564696311950684,0.3783228397369385,0.42492175102233887,0.3580758571624756,0.2682631015777588,0.6125590801239014,0.2786600589752197,0.5507829189300537,0.27608513832092285,0.5486741065979004,0.40367579460144043,0.480205774307251,0.4227120876312256,0.30205798149108887,0.3379557132720947,0.4966700077056885,0.3523550033569336,0.2874019145965576,0.28081703186035156,0.8753249645233154,0.35944080352783203,0.40173912048339844,0.5128960609436035,0.3710789680480957,0.36056089401245117,0.32464170455932617,0.3422977924346924,0.3350851535797119,0.25913476943969727,0.2369399070739746,0.29660701751708984,0.46927380561828613,0.2738330364227295,0.9978601932525635,0.32034730911254883,0.25118207931518555,0.35976505279541016,0.3553202152252197,0.3708159923553467,0.6070680618286133,0.42050671577453613,0.34988903999328613,0.28792881965637207,0.36504292488098145,0.36832499504089355,0.47690796852111816,0.44596409797668457,0.3806190490722656,0.4289517402648926,0.44715309143066406,0.2890138626098633,0.333035945892334,0.35309910774230957,0.3539280891418457,0.28838491439819336,0.32584667205810547,0.2926211357116699,0.5424208641052246,0.37274789810180664,0.2629702091217041,0.23995280265808105,0.3662736415863037
0.01	GG	0.3713102340698242,0.5974669456481934,0.19383597373962402,0.2987649440765381,0.8378922939300537,0.2956819534301758,0.5151157379150391,0.3849668502807617,0.36817097663879395,0.3098571300506592,0.42795610427856445,0.5168750286102295,0.48125314712524414,0.1912219524383545,0.4431281089782715,0.4548511505126953,0.3098008632659912,0.22914814949035645,0.2680549621582031,0.37561893463134766,0.3611881732940674,0.2578001022338867,0.39567995071411133,0.44075894355773926,0.4890251159667969,0.5184917449951172,0.8059940338134766,0.28751516342163086,0.7531120777130127,0.21105527877807617,0.6533069610595703,0.4712851047515869,0.22690391540527344,0.33463191986083984,0.24013090133666992,0.43157076835632324,0.45465707778930664,0.19053983688354492,0.6550800800323486,0.3354356288909912,0.569486141204834,0.4486417770385742,0.3067498207092285,0.44177985191345215,0.5266542434692383,0.37723493576049805,0.3433220386505127,0.19353675842285156,0.6086390018463135,0.387725830078125,0.524681806564331,0.3250157833099365,0.19344186782836914,0.2617459297180176,0.4629049301147461,0.3432431221008301,0.26279211044311523,0.4658491611480713,0.24271202087402344,0.49730825424194336,0.49698495864868164,0.4298529624938965,0.36058497428894043,0.3776729106903076,0.5068259239196777,0.6201510429382324,0.4788627624511719,0.46216487884521484,0.4490492343902588,0.40106797218322754,0.4654068946838379,0.37379884719848633,0.21491312980651855,0.479327917098999,0.560676097869873,0.26630210876464844,0.4895939826965332,0.36238598823547363,0.5828108787536621,0.3003380298614502,0.27275800704956055,0.3715689182281494,0.4740331172943115,0.47045207023620605,0.2824110984802246,0.4181690216064453,0.18807196617126465,0.30202198028564453,0.553821325302124,0.6177158355712891,0.44283270835876465,0.3825860023498535,0.23131489753723145,0.6032590866088867,0.4711630344390869,0.24407315254211426,0.7129578590393066,0.3462560176849365,0.571077823638916,0.41832900047302246,0.2559850215911865,0.46895885467529297,0.1893019676208496,0.3559260368347168,0.7725896835327148,0.46921801567077637,0.5023350715637207,0.3431828022003174,0.34059906005859375,0.22849297523498535,0.20932602882385254,0.5666768550872803,0.19148802757263184,0.629065990447998,0.5333447456359863,0.48723888397216797,0.4588611125946045,0.3178098201751709,0.2501211166381836,0.4237699508666992,0.5507810115814209,0.4558229446411133,0.3889751434326172,0.27431511878967285,0.745851993560791,0.36392974853515625,0.22386693954467773,0.6449229717254639,0.19342803955078125,0.5090491771697998,0.47187113761901855,0.34219813346862793,0.460399866104126,0.19169306755065918,0.6962308883666992,0.5438559055328369,0.19481396675109863,0.44300293922424316,0.46373486518859863,0.20270514488220215,0.44470930099487305,0.22342514991760254,0.35480284690856934,0.389434814453125,0.20640897750854492,0.22797608375549316,0.38980603218078613,0.1902620792388916,0.263808012008667,0.2941751480102539,0.27804017066955566,0.1908121109008789,0.4494941234588623,0.28299593925476074,0.3162989616394043,0.5788159370422363,0.5731298923492432,0.4817006587982178,0.5065732002258301,0.40621209144592285,0.4053781032562256,0.2533130645751953,0.42068910598754883,0.47373533248901367,0.5018742084503174,0.5281479358673096,0.36115312576293945,0.35555005073547363,0.22403717041015625,0.5277831554412842,0.6701030731201172,0.4952659606933594,0.41321396827697754,0.531743049621582,0.31111598014831543,0.28020501136779785,0.3450191020965576,0.3390469551086426,0.45017218589782715,0.5195081233978271,0.5530891418457031,0.1918489933013916,0.21846795082092285,0.3135690689086914,0.4491569995880127,0.445842981338501,0.4229462146759033,0.5549769401550293,0.7270121574401855,0.46393489837646484,0.41359519958496094,0.3585948944091797,0.47321009635925293,0.5400092601776123,0.4451568126678467,0.4747440814971924,0.521946907043457,0.5741686820983887,0.41010284423828125,0.25676727294921875
0.01	GG2	0.3713102340698242,0.5974669456481934,0.19383597373962402,0.2987649440765381,0.8378922939300537,0.2956819534301758,0.5151157379150391,0.3849668502807617,0.36817097663879395,0.3098571300506592,0.42795610427856445,0.5168750286102295,0.48125314712524414,0.1912219524383545,0.4431281089782715,0.4548511505126953,0.3098008632659912,0.22914814949035645,0.2680549621582031,0.37561893463134766,0.3611881732940674,0.2578001022338867,0.39567995071411133,0.44075894355773926,0.4890251159667969,0.5184917449951172,0.8059940338134766,0.28751516342163086,0.7531120777130127,0.21105527877807617,0.6533069610595703,0.4712851047515869,0.22690391540527344,0.33463191986083984,0.24013090133666992,0.43157076835632324,0.45465707778930664,0.19053983688354492,0.6550800800323486,0.3354356288909912,0.569486141204834,0.4486417770385742,0.3067498207092285,0.44177985191345215,0.5266542434692383,0.37723493576049805,0.3433220386505127,0.19353675842285156,0.6086390018463135,0.387725830078125,0.524681806564331,0.3250157833099365,0.19344186782836914,0.2617459297180176,0.4629049301147461,0.3432431221008301,0.26279211044311523,0.4658491611480713,0.24271202087402344,0.49730825424194336,0.49698495864868164,0.4298529624938965,0.36058497428894043,0.3776729106903076,0.5068259239196777,0.6201510429382324,0.4788627624511719,0.46216487884521484,0.4490492343902588,0.40106797218322754,0.4654068946838379,0.37379884719848633,0.21491312980651855,0.479327917098999,0.560676097869873,0.26630210876464844,0.4895939826965332,0.36238598823547363,0.5828108787536621,0.3003380298614502,0.27275800704956055,0.3715689182281494,0.4740331172943115,0.47045207023620605,0.2824110984802246,0.4181690216064453,0.18807196617126465,0.30202198028564453,0.553821325302124,0.6177158355712891,0.44283270835876465,0.3825860023498535,0.23131489753723145,0.6032590866088867,0.4711630344390869,0.24407315254211426,0.7129578590393066,0.3462560176849365,0.571077823638916,0.41832900047302246,0.2559850215911865,0.46895885467529297,0.1893019676208496,0.3559260368347168,0.7725896835327148,0.46921801567077637,0.5023350715637207,0.3431828022003174,0.34059906005859375,0.22849297523498535,0.20932602882385254,0.5666768550872803,0.19148802757263184,0.629065990447998,0.5333447456359863,0.48723888397216797,0.4588611125946045,0.3178098201751709,0.2501211166381836,0.4237699508666992,0.5507810115814209,0.4558229446411133,0.3889751434326172,0.27431511878967285,0.745851993560791,0.36392974853515625,0.22386693954467773,0.6449229717254639,0.19342803955078125,0.5090491771697998,0.47187113761901855,0.34219813346862793,0.460399866104126,0.19169306755065918,0.6962308883666992,0.5438559055328369,0.19481396675109863,0.44300293922424316,0.46373486518859863,0.20270514488220215,0.44470930099487305,0.22342514991760254,0.35480284690856934,0.389434814453125,0.20640897750854492,0.22797608375549316,0.38980603218078613,0.1902620792388916,0.263808012008667,0.2941751480102539,0.27804017066955566,0.1908121109008789,0.4494941234588623,0.28299593925476074,0.3162989616394043,0.5788159370422363,0.5731298923492432,0.4817006587982178,0.5065732002258301,0.40621209144592285,0.4053781032562256,0.2533130645751953,0.42068910598754883,0.47373533248901367,0.5018742084503174,0.5281479358673096,0.36115312576293945,0.35555005073547363,0.22403717041015625,0.5277831554412842,0.6701030731201172,0.4952659606933594,0.41321396827697754,0.531743049621582,0.31111598014831543,0.28020501136779785,0.3450191020965576,0.3390469551086426,0.45017218589782715,0.5195081233978271,0.5530891418457031,0.1918489933013916,0.21846795082092285,0.3135690689086914,0.4491569995880127,0.445842981338501,0.4229462146759033,0.5549769401550293,0.7270121574401855,0.46393489837646484,0.41359519958496094,0.3585948944091797,0.47321009635925293,0.5400092601776123,0.4451568126678467,0.4747440814971924,0.521946907043457,0.5741686820983887,0.41010284423828125,0.25676727294921875
0.02	GEE	0.012144088745117188,0.012015104293823242,0.011150836944580078,0.011343002319335938,0.01096796989440918,0.011140108108520508,0.011523723602294922,0.010957002639770508,0.01099395751953125,0.011434078216552734,0.011777162551879883,0.011564970016479492,0.011240005493164062,0.011340141296386719,0.011843681335449219,0.011261224746704102,0.01168203353881836,0.012218236923217773,0.011668205261230469,0.011709928512573242,0.011812925338745117,0.01261591911315918,0.01213836669921875,0.011635065078735352,0.011388063430786133,0.011864185333251953,0.011327981948852539,0.011339187622070312,0.011202812194824219,0.011420011520385742,0.011229991912841797,0.011098861694335938,0.011053085327148438,0.010976076126098633,0.010998010635375977,0.011964797973632812,0.011359930038452148,0.010939836502075195,0.011037111282348633,0.011197090148925781,0.01111912727355957,0.011168956756591797,0.011140108108520508,0.011028051376342773,0.011870145797729492,0.010992765426635742,0.0110931396484375,0.011115789413452148,0.01094818115234375,0.011115074157714844,0.011128902435302734,0.011279106140136719,0.011099815368652344,0.011792182922363281,0.011239767074584961,0.01137399673461914,0.011178970336914062,0.011046886444091797,0.01114201545715332,0.010998010635375977,0.011196136474609375,0.01143789291381836,0.011031866073608398,0.011155128479003906,0.01110696792602539,0.010977983474731445,0.010950088500976562,0.011225223541259766,0.011619806289672852,0.011056184768676758,0.010951995849609375,0.011214017868041992,0.011209964752197266,0.011533975601196289,0.011165857315063477,0.011279821395874023,0.011358976364135742,0.011586904525756836,0.011449098587036133,0.011084794998168945,0.010991811752319336,0.01114964485168457,0.010939836502075195,0.011096715927124023,0.01091313362121582,0.011983871459960938,0.01094818115234375,0.01149892807006836,0.01100611686706543,0.011009931564331055,0.011004924774169922,0.01102900505065918,0.01096796989440918,0.01104879379272461,0.011209964752197266,0.010954141616821289,0.011027336120605469,0.011200189590454102,0.010982990264892578,0.011049985885620117,0.010967016220092773,0.01109766960144043,0.01108694076538086,0.01093912124633789,0.010895013809204102,0.011131763458251953,0.010977745056152344,0.010988950729370117,0.01117396354675293,0.010972023010253906,0.011472702026367188,0.011249780654907227,0.010892152786254883,0.011137962341308594,0.011240005493164062,0.011396169662475586,0.011037111282348633,0.011152982711791992,0.011246204376220703,0.012374162673950195,0.01114511489868164,0.011334896087646484,0.011409997940063477,0.011141061782836914,0.011209964752197266,0.011018991470336914,0.010998010635375977,0.011111974716186523,0.011007070541381836,0.010968923568725586,0.011120080947875977,0.011111974716186523,0.0109710693359375,0.011055946350097656,0.011091947555541992,0.01139521598815918,0.01094198226928711,0.010934114456176758,0.010821819305419922,0.011135101318359375,0.010980844497680664,0.010998010635375977,0.010968923568725586,0.011067867279052734,0.010965108871459961,0.011170148849487305,0.011075019836425781,0.010958194732666016,0.011044025421142578,0.011806964874267578,0.011039972305297852,0.011039257049560547,0.011207818984985352,0.010924100875854492,0.010982751846313477,0.010963916778564453,0.011049032211303711,0.011044979095458984,0.011008024215698242,0.011120080947875977,0.011147022247314453,0.011281251907348633,0.011219978332519531,0.011036157608032227,0.011028051376342773,0.011292219161987305,0.0115509033203125,0.011487960815429688,0.011339902877807617,0.011127948760986328,0.011320114135742188,0.011157035827636719,0.01125192642211914,0.02439093589782715,0.011069774627685547,0.011018037796020508,0.01096034049987793,0.011117935180664062,0.011039972305297852,0.010956048965454102,0.011474132537841797,0.011046171188354492,0.011012077331542969,0.010926961898803711,0.010986804962158203,0.010992050170898438,0.011085271835327148,0.011039018630981445,0.011242866516113281,0.011673927307128906,0.01106715202331543,0.011119842529296875,0.011166810989379883,0.011233091354370117,0.011788129806518555,0.010859012603759766,0.010995149612426758,0.011012077331542969,0.011147737503051758,0.011081933975219727
0.02	GNN	0.43866801261901855,0.5266602039337158,0.3082289695739746,0.37274694442749023,0.8365180492401123,0.4043698310852051,0.3323519229888916,0.2689218521118164,0.27096104621887207,0.3903021812438965,0.3015780448913574,0.475722074508667,0.3502171039581299,0.45731306076049805,0.36789584159851074,0.37526392936706543,0.4841458797454834,0.4717891216278076,0.4550306797027588,0.9132683277130127,0.4060533046722412,0.4011039733886719,0.5690479278564453,0.5209767818450928,0.21620702743530273,0.45484495162963867,0.26729297637939453,0.6428890228271484,0.36449480056762695,0.3244180679321289,0.42823028564453125,0.3399372100830078,0.27674388885498047,0.5865151882171631,0.3954918384552002,0.30416107177734375,0.4213590621948242,0.4192769527435303,0.46120715141296387,0.270906925201416,0.5019969940185547,0.2931699752807617,0.2715771198272705,0.31642794609069824,0.2847909927368164,0.8364663124084473,0.36037302017211914,0.4158482551574707,0.2629539966583252,0.3312849998474121,0.3216252326965332,0.3245370388031006,0.3682100772857666,0.34412288665771484,0.3349919319152832,0.35581421852111816,0.38039493560791016,0.3155021667480469,0.5505352020263672,0.4265098571777344,0.3612098693847656,0.26201486587524414,0.5339200496673584,0.31283092498779297,0.35086798667907715,0.5715591907501221,0.3048219680786133,0.3012528419494629,0.2944040298461914,0.3192331790924072,0.3941929340362549,0.3678441047668457,0.272216796875,0.543644905090332,0.6565091609954834,0.6107058525085449,0.36355113983154297,0.27649521827697754,0.34300994873046875,0.35408616065979004,0.3270430564880371,0.2959878444671631,0.45691704750061035,0.3190603256225586,0.5049657821655273,0.4388771057128906,0.2699391841888428,0.3397181034088135,0.3505580425262451,0.33603906631469727,0.3009178638458252,0.3799631595611572,0.28057193756103516,0.3444852828979492,0.4768221378326416,0.4153299331665039,0.2871429920196533,0.28037190437316895,0.46942615509033203,0.3168630599975586,0.42443180084228516,0.2610781192779541,0.3971090316772461,0.31433606147766113,0.29200100898742676,0.45896196365356445,0.4667940139770508,0.625093936920166,0.46219968795776367,0.4057581424713135,0.37644481658935547,0.3588879108428955,0.42911195755004883,0.34482693672180176,0.4272317886352539,0.48889613151550293,0.4136390686035156,0.5222139358520508,0.37235093116760254,0.47110819816589355,0.2799379825592041,0.34792613983154297,0.3686368465423584,0.34380102157592773,0.37191081047058105,0.5937719345092773,0.2943899631500244,0.33785223960876465,0.3768579959869385,0.49646520614624023,0.3234670162200928,0.45668506622314453,0.3168330192565918,0.43628406524658203,0.3867619037628174,0.31656885147094727,0.29718828201293945,0.46692609786987305,0.4627690315246582,0.23653101921081543,0.2870509624481201,0.38215088844299316,0.5317859649658203,0.4193127155303955,0.3930222988128662,0.37055492401123047,0.30690503120422363,0.3819737434387207,0.35660815238952637,0.32344508171081543,0.5149450302124023,0.44020771980285645,0.32855701446533203,0.2743260860443115,0.7134959697723389,0.4110841751098633,0.4246549606323242,0.3655130863189697,0.3349030017852783,0.28913283348083496,0.4965848922729492,0.48279809951782227,0.39246392250061035,0.44096994400024414,0.30596923828125,0.21352386474609375,0.2998158931732178,0.3197290897369385,0.33830928802490234,0.6585640907287598,0.24461698532104492,0.3831489086151123,0.3537769317626953,0.30163097381591797,0.6537721157073975,0.3146650791168213,0.3795933723449707,0.42620301246643066,0.44434404373168945,0.4143669605255127,0.2920660972595215,0.2999708652496338,0.48928308486938477,1.1060070991516113,0.32150793075561523,0.5074231624603271,0.3626129627227783,0.8022499084472656,0.413287878036499,0.31009793281555176,0.28287506103515625,0.37460803985595703,0.4829268455505371,0.35578298568725586,0.6837859153747559,0.2910757064819336,0.4079277515411377,0.3168609142303467,0.20207881927490234,0.571037769317627
0.02	GG	0.39597010612487793,0.567713737487793,0.5635201930999756,0.3127579689025879,0.7968358993530273,0.32389092445373535,0.596001148223877,0.5490729808807373,0.39647793769836426,0.4297621250152588,0.5173718929290771,0.4451117515563965,0.4689979553222656,0.260469913482666,0.5622532367706299,0.5689830780029297,0.3351008892059326,0.3857259750366211,0.3686363697052002,0.5110819339752197,0.5976557731628418,0.3360750675201416,0.5370321273803711,0.5019772052764893,0.5231838226318359,0.5826051235198975,0.40908002853393555,0.38904881477355957,0.5289111137390137,0.23186898231506348,0.4023129940032959,0.5534439086914062,0.2120068073272705,0.337249755859375,0.26305723190307617,0.49600696563720703,0.5389678478240967,0.2035350799560547,0.516495943069458,0.3956129550933838,0.6616079807281494,0.7380337715148926,0.4134981632232666,0.47204113006591797,0.5807392597198486,0.3438997268676758,0.6001510620117188,0.20073270797729492,0.3781578540802002,0.37221598625183105,0.4660789966583252,0.41022586822509766,0.21050810813903809,0.24291300773620605,0.48926424980163574,0.3013629913330078,0.322721004486084,0.5804898738861084,0.37618279457092285,0.5090100765228271,0.724729061126709,0.5724952220916748,0.3942573070526123,0.5729470252990723,0.690809965133667,0.5986912250518799,0.49247288703918457,0.5638871192932129,0.45580005645751953,0.4775519371032715,0.463245153427124,0.4443359375,0.21110200881958008,0.4734358787536621,0.6206259727478027,0.2351679801940918,0.5689809322357178,0.27639198303222656,0.5380899906158447,0.2915499210357666,0.30774569511413574,0.4089648723602295,0.4500100612640381,0.6158008575439453,0.31391096115112305,0.4421830177307129,0.26096606254577637,0.4540989398956299,0.4617478847503662,0.4810459613800049,0.3084580898284912,0.4559197425842285,0.252532958984375,0.5658838748931885,0.5174379348754883,0.40390610694885254,0.9294610023498535,0.6103420257568359,0.6546578407287598,0.4721648693084717,0.33754801750183105,0.6372721195220947,0.2292170524597168,0.4185619354248047,0.6503653526306152,0.49975013732910156,0.5092389583587646,0.5383763313293457,0.40581727027893066,0.33941078186035156,0.2800421714782715,0.41414403915405273,0.20066094398498535,0.5740230083465576,0.3873929977416992,0.7021090984344482,0.3101789951324463,0.8390982151031494,0.26283907890319824,0.5401327610015869,0.5403237342834473,0.5119318962097168,0.4364171028137207,0.33252787590026855,0.6301732063293457,0.45881009101867676,0.5169310569763184,0.36928582191467285,0.20712804794311523,0.5499887466430664,0.5629713535308838,0.4772770404815674,0.6618471145629883,0.20625090599060059,0.5897133350372314,0.5930988788604736,0.2166738510131836,0.32282590866088867,0.4607408046722412,0.21558594703674316,0.5263888835906982,0.5993659496307373,0.4372570514678955,0.549943208694458,0.5218660831451416,0.22551918029785156,0.39669084548950195,0.2563199996948242,0.3338968753814697,0.3241257667541504,0.26703310012817383,0.2740011215209961,0.5260400772094727,0.35050177574157715,0.32185983657836914,0.4719579219818115,0.7122008800506592,0.4865531921386719,0.5262570381164551,0.47164416313171387,0.3720738887786865,0.3463108539581299,0.35561299324035645,0.8194701671600342,0.5081601142883301,0.5538918972015381,0.685208797454834,0.32532286643981934,0.22396492958068848,0.454801082611084,0.36455607414245605,0.6201498508453369,0.47171998023986816,0.563758134841919,0.4072089195251465,0.2690708637237549,0.2612137794494629,0.44005298614501953,0.4259769916534424,0.5093088150024414,0.5063211917877197,0.27608418464660645,0.20202374458312988,0.4709928035736084,0.5411598682403564,0.4856278896331787,0.39495277404785156,0.7135229110717773,0.47512388229370117,0.5719790458679199,0.384566068649292,0.31749892234802246,0.43157029151916504,0.6199908256530762,0.3171529769897461,0.49129390716552734,0.6894540786743164,0.4703211784362793,0.42332005500793457,0.24259209632873535
0.02	GG2	0.39597010612487793,0.567713737487793,0.5635201930999756,0.3127579689025879,0.7968358993530273,0.32389092445373535,0.596001148223877,0.5490729808807373,0.39647793769836426,0.4297621250152588,0.5173718929290771,0.4451117515563965,0.4689979553222656,0.260469913482666,0.5622532367706299,0.5689830780029297,0.3351008892059326,0.3857259750366211,0.3686363697052002,0.5110819339752197,0.5976557731628418,0.3360750675201416,0.5370321273803711,0.5019772052764893,0.5231838226318359,0.5826051235198975,0.40908002853393555,0.38904881477355957,0.5289111137390137,0.23186898231506348,0.4023129940032959,0.5534439086914062,0.2120068073272705,0.337249755859375,0.26305723190307617,0.49600696563720703,0.5389678478240967,0.2035350799560547,0.516495943069458,0.3956129550933838,0.6616079807281494,0.7380337715148926,0.4134981632232666,0.47204113006591797,0.5807392597198486,0.3438997268676758,0.6001510620117188,0.20073270797729492,0.3781578540802002,0.37221598625183105,0.4660789966583252,0.41022586822509766,0.21050810813903809,0.24291300773620605,0.48926424980163574,0.3013629913330078,0.322721004486084,0.5804898738861084,0.37618279457092285,0.5090100765228271,0.724729061126709,0.5724952220916748,0.3942573070526123,0.5729470252990723,0.690809965133667,0.5986912250518799,0.49247288703918457,0.5638871192932129,0.45580005645751953,0.4775519371032715,0.463245153427124,0.4443359375,0.21110200881958008,0.4734358787536621,0.6206259727478027,0.2351679801940918,0.5689809322357178,0.27639198303222656,0.5380899906158447,0.2915499210357666,0.30774569511413574,0.4089648723602295,0.4500100612640381,0.6158008575439453,0.31391096115112305,0.4421830177307129,0.26096606254577637,0.4540989398956299,0.4617478847503662,0.4810459613800049,0.3084580898284912,0.4559197425842285,0.252532958984375,0.5658838748931885,0.5174379348754883,0.40390610694885254,0.9294610023498535,0.6103420257568359,0.6546578407287598,0.4721648693084717,0.33754801750183105,0.6372721195220947,0.2292170524597168,0.4185619354248047,0.6503653526306152,0.49975013732910156,0.5092389583587646,0.5383763313293457,0.40581727027893066,0.33941078186035156,0.2800421714782715,0.41414403915405273,0.20066094398498535,0.5740230083465576,0.3873929977416992,0.7021090984344482,0.3101789951324463,0.8390982151031494,0.26283907890319824,0.5401327610015869,0.5403237342834473,0.5119318962097168,0.4364171028137207,0.33252787590026855,0.6301732063293457,0.45881009101867676,0.5169310569763184,0.36928582191467285,0.20712804794311523,0.5499887466430664,0.5629713535308838,0.4772770404815674,0.6618471145629883,0.20625090599060059,0.5897133350372314,0.5930988788604736,0.2166738510131836,0.32282590866088867,0.4607408046722412,0.21558594703674316,0.5263888835906982,0.5993659496307373,0.4372570514678955,0.549943208694458,0.5218660831451416,0.22551918029785156,0.39669084548950195,0.2563199996948242,0.3338968753814697,0.3241257667541504,0.26703310012817383,0.2740011215209961,0.5260400772094727,0.35050177574157715,0.32185983657836914,0.4719579219818115,0.7122008800506592,0.4865531921386719,0.5262570381164551,0.47164416313171387,0.3720738887786865,0.3463108539581299,0.35561299324035645,0.8194701671600342,0.5081601142883301,0.5538918972015381,0.685208797454834,0.32532286643981934,0.22396492958068848,0.454801082611084,0.36455607414245605,0.6201498508453369,0.47171998023986816,0.563758134841919,0.4072089195251465,0.2690708637237549,0.2612137794494629,0.44005298614501953,0.4259769916534424,0.5093088150024414,0.5063211917877197,0.27608418464660645,0.20202374458312988,0.4709928035736084,0.5411598682403564,0.4856278896331787,0.39495277404785156,0.7135229110717773,0.47512388229370117,0.5719790458679199,0.384566068649292,0.31749892234802246,0.43157029151916504,0.6199908256530762,0.3171529769897461,0.49129390716552734,0.6894540786743164,0.4703211784362793,0.42332005500793457,0.24259209632873535
0.03	GEE	0.012516975402832031,0.012623071670532227,0.012449979782104492,0.012531042098999023,0.012472152709960938,0.012695074081420898,0.013529062271118164,0.012284994125366211,0.012717962265014648,0.01247096061706543,0.012423038482666016,0.012588977813720703,0.012611150741577148,0.012478113174438477,0.012437105178833008,0.012629985809326172,0.012462854385375977,0.012372016906738281,0.012343168258666992,0.01246500015258789,0.012449026107788086,0.013405084609985352,0.012230157852172852,0.012271881103515625,0.012465953826904297,0.012308120727539062,0.01250004768371582,0.012357234954833984,0.01239013671875,0.012412786483764648,0.012480020523071289,0.012393951416015625,0.012459754943847656,0.013228893280029297,0.012529850006103516,0.01232004165649414,0.012477874755859375,0.012391328811645508,0.012551307678222656,0.012486934661865234,0.01247096061706543,0.013683080673217773,0.012785911560058594,0.012589216232299805,0.012686967849731445,0.012404918670654297,0.012646913528442383,0.012301921844482422,0.012470722198486328,0.012480974197387695,0.01351785659790039,0.012324094772338867,0.012621164321899414,0.01253199577331543,0.012418031692504883,0.012382030487060547,0.012858867645263672,0.01286005973815918,0.012912273406982422,0.012476921081542969,0.012318134307861328,0.012496232986450195,0.012365102767944336,0.012467145919799805,0.012536048889160156,0.012539148330688477,0.012387990951538086,0.012420177459716797,0.012481927871704102,0.012406110763549805,0.012438058853149414,0.012452125549316406,0.012401342391967773,0.012595891952514648,0.012418031692504883,0.013032913208007812,0.012892007827758789,0.012315988540649414,0.012317895889282227,0.012427091598510742,0.012332916259765625,0.012471914291381836,0.012438058853149414,0.012413978576660156,0.012326955795288086,0.013310909271240234,0.01241922378540039,0.012792110443115234,0.013231992721557617,0.012959003448486328,0.01267695426940918,0.012321949005126953,0.012831926345825195,0.012495756149291992,0.012969970703125,0.012423038482666016,0.012540102005004883,0.012317895889282227,0.012313127517700195,0.012331962585449219,0.012287139892578125,0.012463092803955078,0.012263774871826172,0.01247096061706543,0.012606143951416016,0.01231527328491211,0.012768983840942383,0.012430906295776367,0.012419939041137695,0.012295007705688477,0.01232004165649414,0.01323080062866211,0.012330055236816406,0.012277841567993164,0.012593984603881836,0.012348175048828125,0.01243901252746582,0.012421131134033203,0.012510061264038086,0.012344837188720703,0.012381792068481445,0.012449979782104492,0.012491703033447266,0.012530326843261719,0.012346982955932617,0.012544870376586914,0.01246023178100586,0.012431859970092773,0.012408018112182617,0.012473821640014648,0.012409210205078125,0.01371908187866211,0.012624979019165039,0.012664079666137695,0.012476205825805664,0.01265406608581543,0.012609004974365234,0.012928009033203125,0.013581991195678711,0.012440919876098633,0.012813806533813477,0.012344837188720703,0.012253999710083008,0.012610673904418945,0.01235818862915039,0.012464046478271484,0.012392997741699219,0.012420892715454102,0.012406110763549805,0.012431144714355469,0.012858152389526367,0.012462139129638672,0.01324009895324707,0.012402057647705078,0.012583017349243164,0.012563943862915039,0.012449026107788086,0.01236414909362793,0.013570785522460938,0.012375831604003906,0.013443946838378906,0.01243901252746582,0.012412786483764648,0.01240086555480957,0.012387752532958984,0.012428045272827148,0.01253819465637207,0.01250004768371582,0.01335597038269043,0.012430906295776367,0.01267099380493164,0.013386011123657227,0.012387990951538086,0.012424945831298828,0.012370824813842773,0.012441873550415039,0.01251220703125,0.013560056686401367,0.01248788833618164,0.012526750564575195,0.01258707046508789,0.01301884651184082,0.012551069259643555,0.013577938079833984,0.012823104858398438,0.012313127517700195,0.012742757797241211,0.012418746948242188,0.013097047805786133,0.012452125549316406,0.012353181838989258,0.012493133544921875,0.012774944305419922,0.01246786117553711,0.012300968170166016,0.012547731399536133,0.012613296508789062,0.012401103973388672,0.012337923049926758,0.012386083602905273
0.03	GNN	0.5402138233184814,0.39162182807922363,0.33058691024780273,0.5540711879730225,0.47984790802001953,0.29821205139160156,0.3320479393005371,0.2238616943359375,0.4980509281158447,0.26758575439453125,0.46051502227783203,0.3672041893005371,0.49144983291625977,0.41530537605285645,0.3162572383880615,0.4933629035949707,0.4385991096496582,0.4424419403076172,0.2672841548919678,0.2929880619049072,0.2877230644226074,0.2931690216064453,0.8556020259857178,0.39938902854919434,0.3098719120025635,0.36472010612487793,0.3002049922943115,0.28776001930236816,0.3571949005126953,0.46108388900756836,0.3929312229156494,0.3493218421936035,0.45569682121276855,0.5038070678710938,0.42827510833740234,0.3344299793243408,0.32149720191955566,0.41204404830932617,0.5139410495758057,0.3365159034729004,0.5824840068817139,0.379986047744751,0.28003978729248047,0.3164680004119873,0.36109495162963867,0.4286620616912842,0.2935018539428711,0.5428459644317627,0.2970871925354004,0.5996029376983643,0.40743017196655273,0.3924598693847656,0.321120023727417,0.39565277099609375,0.3929297924041748,0.2213459014892578,0.40660881996154785,0.3268928527832031,0.4799528121948242,0.5757379531860352,0.4315459728240967,0.29110002517700195,0.2693367004394531,0.43430280685424805,0.47919416427612305,0.45815014839172363,0.33651208877563477,0.29681897163391113,0.4003722667694092,0.4603118896484375,0.3473646640777588,0.5096361637115479,0.3077387809753418,0.749086856842041,0.4066197872161865,0.3586561679840088,0.3709571361541748,0.32273316383361816,0.45684123039245605,0.36626291275024414,0.2375650405883789,0.41359806060791016,0.42151308059692383,0.34967517852783203,0.3083922863006592,0.4128258228302002,0.3214719295501709,0.3793528079986572,0.506201982498169,0.6048898696899414,0.514664888381958,0.3837919235229492,0.23877882957458496,0.3335850238800049,0.45458507537841797,0.37662529945373535,0.2662811279296875,0.3928549289703369,0.41886115074157715,0.2810087203979492,0.31926608085632324,0.2515547275543213,0.41022586822509766,0.30690479278564453,0.3936738967895508,0.40471386909484863,0.47721004486083984,0.30772924423217773,0.5571579933166504,0.5402159690856934,0.8153080940246582,0.37297630310058594,0.3930530548095703,0.4100229740142822,0.2568199634552002,0.34883713722229004,0.4197838306427002,0.5524051189422607,0.42529797554016113,0.5611929893493652,0.21622705459594727,0.3505361080169678,0.31469011306762695,0.4000251293182373,0.38489198684692383,0.4306910037994385,0.3012549877166748,0.3415977954864502,0.3365468978881836,0.44871973991394043,0.5593850612640381,0.5864009857177734,0.3715949058532715,0.5006968975067139,0.37593579292297363,0.32613706588745117,0.4098811149597168,0.48247313499450684,0.2620081901550293,0.3055229187011719,0.2818160057067871,0.32436418533325195,0.30748629570007324,0.47677016258239746,0.2889139652252197,0.266124963760376,0.3630080223083496,0.37349987030029297,0.6208651065826416,0.33118581771850586,0.38009095191955566,0.3353128433227539,0.34383296966552734,0.30744481086730957,0.27651119232177734,0.213134765625,0.3135948181152344,0.3425271511077881,0.35259509086608887,0.27619481086730957,0.6635880470275879,0.5973091125488281,0.32998085021972656,0.2786870002746582,0.3596818447113037,0.27815723419189453,0.2826240062713623,0.21552586555480957,0.5550358295440674,0.4803311824798584,0.2583589553833008,0.42267489433288574,0.30883097648620605,0.21201205253601074,0.6493871212005615,0.27684617042541504,0.4242520332336426,0.26425695419311523,0.34450387954711914,0.8963940143585205,0.3483090400695801,0.4953458309173584,0.2917909622192383,0.3471522331237793,0.4170241355895996,0.42497992515563965,0.496906042098999,0.5497190952301025,0.4678950309753418,0.31928277015686035,0.29323792457580566,0.6302289962768555,0.31318020820617676,0.3276479244232178,0.33512425422668457,0.2327561378479004,0.4884631633758545,0.2666449546813965,0.21359801292419434,0.8654720783233643
0.03	GG	0.6244559288024902,0.48114824295043945,0.6640260219573975,0.2724297046661377,0.5190529823303223,0.27411794662475586,0.5277502536773682,0.47598838806152344,0.311420202255249,0.3895111083984375,0.38875603675842285,0.4784660339355469,0.5133638381958008,0.2642350196838379,0.46179795265197754,0.32078099250793457,0.3181440830230713,0.3242671489715576,0.32099294662475586,0.40929198265075684,0.6379027366638184,0.5909221172332764,0.5315020084381104,0.3919501304626465,0.5712180137634277,0.4927191734313965,0.44509124755859375,0.4986250400543213,0.5684590339660645,0.32005810737609863,0.4556291103363037,0.47126197814941406,0.2550821304321289,0.3919839859008789,0.25525379180908203,0.5339961051940918,0.5459928512573242,0.23221516609191895,0.7060668468475342,0.3908498287200928,0.6468770503997803,0.614642858505249,0.4463770389556885,0.6495311260223389,0.39881205558776855,0.32732295989990234,0.388714075088501,0.2089700698852539,0.654181957244873,0.49353790283203125,0.5191807746887207,0.48568201065063477,0.31134700775146484,0.5402481555938721,0.6673641204833984,0.32105517387390137,0.4300858974456787,0.7019970417022705,0.45810508728027344,0.48278093338012695,0.574394941329956,0.5973849296569824,0.5094010829925537,0.6050238609313965,0.8093750476837158,0.671238899230957,0.5554230213165283,0.5603330135345459,0.4448709487915039,0.546180009841919,0.448106050491333,0.5350170135498047,0.2184140682220459,0.5629711151123047,0.5666899681091309,0.26817774772644043,0.5357029438018799,0.29460883140563965,0.5468149185180664,0.32823801040649414,0.3135950565338135,0.46253514289855957,0.38246798515319824,0.5212318897247314,0.4197230339050293,0.4929060935974121,0.3597118854522705,0.5741522312164307,0.6090860366821289,0.3897860050201416,0.5765242576599121,0.607733964920044,0.3070089817047119,0.633598804473877,0.6959099769592285,0.48625826835632324,0.6450870037078857,0.5429809093475342,0.7846357822418213,0.42244911193847656,0.5816819667816162,0.7235000133514404,0.2749209403991699,0.5481572151184082,0.539323091506958,0.4622073173522949,0.6885690689086914,0.4716989994049072,0.3538050651550293,0.48552513122558594,0.3104121685028076,0.4613938331604004,0.2426900863647461,0.49675893783569336,0.41269874572753906,0.6762199401855469,0.3819119930267334,0.851417064666748,0.2193281650543213,0.6165478229522705,0.45384907722473145,0.8010389804840088,0.4286179542541504,0.3777961730957031,0.5698950290679932,0.6058728694915771,0.545518159866333,0.3674912452697754,0.2396998405456543,0.6184439659118652,0.6169490814208984,0.42148423194885254,0.4270012378692627,0.24801874160766602,0.6674468517303467,0.879011869430542,0.3365969657897949,0.3514740467071533,0.4860987663269043,0.2836270332336426,0.6335649490356445,0.577113151550293,0.8150405883789062,0.3018667697906494,0.49349498748779297,0.21391701698303223,0.44328761100769043,0.25713515281677246,0.36260294914245605,0.411405086517334,0.4254779815673828,0.3153362274169922,0.679893970489502,0.37881922721862793,0.3031938076019287,0.5492990016937256,0.6631002426147461,0.42003607749938965,0.5424010753631592,0.5074162483215332,0.3231160640716553,0.35524988174438477,0.5119450092315674,0.8275327682495117,0.41025805473327637,0.6454949378967285,0.6279020309448242,0.5621109008789062,0.29201817512512207,0.49572181701660156,0.6041719913482666,0.6467099189758301,0.6350278854370117,0.5756607055664062,0.33057165145874023,0.25670599937438965,0.2640829086303711,0.48209714889526367,0.4586601257324219,0.5053830146789551,0.48575806617736816,0.3518693447113037,0.25601696968078613,0.43409204483032227,0.6805169582366943,0.4747889041900635,0.38103389739990234,0.7473669052124023,0.5086560249328613,0.6264872550964355,0.3148491382598877,0.3738398551940918,0.39345288276672363,0.5002329349517822,0.34055662155151367,0.645766019821167,0.4990382194519043,0.5806469917297363,0.41350293159484863,0.30043792724609375
0.03	GG2	0.6244559288024902,0.48114824295043945,0.6640260219573975,0.2724297046661377,0.5190529823303223,0.27411794662475586,0.5277502536773682,0.47598838806152344,0.311420202255249,0.3895111083984375,0.38875603675842285,0.4784660339355469,0.5133638381958008,0.2642350196838379,0.46179795265197754,0.32078099250793457,0.3181440830230713,0.3242671489715576,0.32099294662475586,0.40929198265075684,0.6379027366638184,0.5909221172332764,0.5315020084381104,0.3919501304626465,0.5712180137634277,0.4927191734313965,0.44509124755859375,0.4986250400543213,0.5684590339660645,0.32005810737609863,0.4556291103363037,0.47126197814941406,0.2550821304321289,0.3919839859008789,0.25525379180908203,0.5339961051940918,0.5459928512573242,0.23221516609191895,0.7060668468475342,0.3908498287200928,0.6468770503997803,0.614642858505249,0.4463770389556885,0.6495311260223389,0.39881205558776855,0.32732295989990234,0.388714075088501,0.2089700698852539,0.654181957244873,0.49353790283203125,0.5191807746887207,0.48568201065063477,0.31134700775146484,0.5402481555938721,0.6673641204833984,0.32105517387390137,0.4300858974456787,0.7019970417022705,0.45810508728027344,0.48278093338012695,0.574394941329956,0.5973849296569824,0.5094010829925537,0.6050238609313965,0.8093750476837158,0.671238899230957,0.5554230213165283,0.5603330135345459,0.4448709487915039,0.546180009841919,0.448106050491333,0.5350170135498047,0.2184140682220459,0.5629711151123047,0.5666899681091309,0.26817774772644043,0.5357029438018799,0.29460883140563965,0.5468149185180664,0.32823801040649414,0.3135950565338135,0.46253514289855957,0.38246798515319824,0.5212318897247314,0.4197230339050293,0.4929060935974121,0.3597118854522705,0.5741522312164307,0.6090860366821289,0.3897860050201416,0.5765242576599121,0.607733964920044,0.3070089817047119,0.633598804473877,0.6959099769592285,0.48625826835632324,0.6450870037078857,0.5429809093475342,0.7846357822418213,0.42244911193847656,0.5816819667816162,0.7235000133514404,0.2749209403991699,0.5481572151184082,0.539323091506958,0.4622073173522949,0.6885690689086914,0.4716989994049072,0.3538050651550293,0.48552513122558594,0.3104121685028076,0.4613938331604004,0.2426900863647461,0.49675893783569336,0.41269874572753906,0.6762199401855469,0.3819119930267334,0.851417064666748,0.2193281650543213,0.6165478229522705,0.45384907722473145,0.8010389804840088,0.4286179542541504,0.3777961730957031,0.5698950290679932,0.6058728694915771,0.545518159866333,0.3674912452697754,0.2396998405456543,0.6184439659118652,0.6169490814208984,0.42148423194885254,0.4270012378692627,0.24801874160766602,0.6674468517303467,0.879011869430542,0.3365969657897949,0.3514740467071533,0.4860987663269043,0.2836270332336426,0.6335649490356445,0.577113151550293,0.8150405883789062,0.3018667697906494,0.49349498748779297,0.21391701698303223,0.44328761100769043,0.25713515281677246,0.36260294914245605,0.411405086517334,0.4254779815673828,0.3153362274169922,0.679893970489502,0.37881922721862793,0.3031938076019287,0.5492990016937256,0.6631002426147461,0.42003607749938965,0.5424010753631592,0.5074162483215332,0.3231160640716553,0.35524988174438477,0.5119450092315674,0.8275327682495117,0.41025805473327637,0.6454949378967285,0.6279020309448242,0.5621109008789062,0.29201817512512207,0.49572181701660156,0.6041719913482666,0.6467099189758301,0.6350278854370117,0.5756607055664062,0.33057165145874023,0.25670599937438965,0.2640829086303711,0.48209714889526367,0.4586601257324219,0.5053830146789551,0.48575806617736816,0.3518693447113037,0.25601696968078613,0.43409204483032227,0.6805169582366943,0.4747889041900635,0.38103389739990234,0.7473669052124023,0.5086560249328613,0.6264872550964355,0.3148491382598877,0.3738398551940918,0.39345288276672363,0.5002329349517822,0.34055662155151367,0.645766019821167,0.4990382194519043,0.5806469917297363,0.41350293159484863,0.30043792724609375
0.04	GEE	0.013914108276367188,0.014021873474121094,0.013931035995483398,0.014124155044555664,0.013880014419555664,0.014005899429321289,0.014009952545166016,0.015223979949951172,0.014655113220214844,0.013932943344116211,0.014630794525146484,0.01374197006225586,0.013918876647949219,0.013813018798828125,0.01463007926940918,0.013843059539794922,0.013960838317871094,0.014011859893798828,0.014764070510864258,0.014156103134155273,0.013839960098266602,0.01371312141418457,0.014998674392700195,0.013735771179199219,0.013833761215209961,0.014002084732055664,0.013947248458862305,0.01382589340209961,0.01386404037475586,0.013738155364990234,0.014104127883911133,0.014188051223754883,0.014091014862060547,0.014160871505737305,0.013761043548583984,0.014343023300170898,0.014004945755004883,0.01410365104675293,0.013843059539794922,0.014315128326416016,0.014272928237915039,0.01378488540649414,0.0145111083984375,0.013746976852416992,0.014236211776733398,0.013792991638183594,0.013855934143066406,0.014560937881469727,0.013725996017456055,0.013893842697143555,0.013807058334350586,0.013969898223876953,0.014008760452270508,0.014451980590820312,0.014224052429199219,0.013905763626098633,0.016865015029907227,0.013844966888427734,0.013880014419555664,0.01381993293762207,0.013746976852416992,0.013833761215209961,0.01410984992980957,0.013935089111328125,0.013901233673095703,0.01378321647644043,0.02254509925842285,0.013906002044677734,0.01390385627746582,0.013933181762695312,0.014008760452270508,0.014037847518920898,0.013934135437011719,0.014057159423828125,0.013859987258911133,0.013759851455688477,0.013886213302612305,0.01380300521850586,0.0138702392578125,0.013852834701538086,0.013955116271972656,0.01389622688293457,0.014657020568847656,0.014261960983276367,0.013701915740966797,0.014244794845581055,0.014472246170043945,0.014758825302124023,0.014312982559204102,0.013874053955078125,0.013945817947387695,0.014174938201904297,0.013815879821777344,0.013840913772583008,0.013972997665405273,0.013855934143066406,0.014229059219360352,0.013794183731079102,0.014960050582885742,0.013893842697143555,0.013852119445800781,0.01491403579711914,0.013931989669799805,0.013885974884033203,0.013931035995483398,0.01418304443359375,0.014868974685668945,0.013831853866577148,0.013853073120117188,0.013999700546264648,0.013780832290649414,0.013757944107055664,0.01399993896484375,0.013833999633789062,0.013679981231689453,0.013926982879638672,0.013809919357299805,0.013841867446899414,0.01378011703491211,0.013818979263305664,0.013622045516967773,0.014028072357177734,0.013837099075317383,0.013631105422973633,0.013930082321166992,0.013769865036010742,0.01371908187866211,0.025745153427124023,0.013849735260009766,0.014208078384399414,0.014747142791748047,0.01423788070678711,0.014428138732910156,0.01734304428100586,0.014159202575683594,0.013844966888427734,0.013725757598876953,0.01504373550415039,0.013871908187866211,0.013738155364990234,0.01407623291015625,0.013833999633789062,0.013669729232788086,0.013902902603149414,0.013736963272094727,0.01435232162475586,0.013847827911376953,0.01381826400756836,0.013745784759521484,0.013778924942016602,0.014007091522216797,0.013942956924438477,0.014753103256225586,0.01454782485961914,0.014959096908569336,0.014035940170288086,0.01378321647644043,0.01425027847290039,0.013852119445800781,0.013913869857788086,0.013868093490600586,0.01378011703491211,0.013895988464355469,0.014051675796508789,0.013909101486206055,0.014011859893798828,0.013895988464355469,0.01397085189819336,0.013925790786743164,0.013955831527709961,0.014116764068603516,0.013785839080810547,0.013698816299438477,0.03200411796569824,0.013946771621704102,0.015710830688476562,0.013887166976928711,0.014306068420410156,0.014360189437866211,0.029051780700683594,0.015536069869995117,0.013949871063232422,0.01429295539855957,0.014079093933105469,0.013794898986816406,0.013738870620727539,0.014052152633666992,0.014117717742919922,0.014168024063110352,0.014088869094848633,0.013864755630493164,0.014199018478393555,0.013799905776977539,0.013844966888427734,0.013924837112426758,0.01385807991027832,0.013968944549560547,0.014909982681274414,0.013874053955078125,0.013969898223876953
0.04	GNN	0.5890779495239258,0.3439652919769287,0.41748595237731934,0.3681488037109375,0.34009599685668945,0.38144493103027344,0.34128284454345703,0.33151888847351074,0.3103489875793457,0.31566905975341797,0.36978888511657715,0.39517688751220703,0.4583299160003662,0.48236799240112305,0.2858619689941406,0.5488510131835938,0.30992603302001953,0.24074792861938477,0.36432409286499023,0.549346923828125,0.40990304946899414,0.4654548168182373,0.5189499855041504,0.3505442142486572,0.22084927558898926,0.27446508407592773,0.36690306663513184,0.36472511291503906,0.3527700901031494,0.5082149505615234,0.35161900520324707,0.3389620780944824,0.32334327697753906,0.5465190410614014,0.3384439945220947,0.436737060546875,0.35550522804260254,0.5352327823638916,0.6947717666625977,0.2542412281036377,0.40703892707824707,0.32046985626220703,0.34917497634887695,0.26564621925354004,0.33481788635253906,0.39350104331970215,0.37685728073120117,0.3152351379394531,0.33789801597595215,0.6487889289855957,0.33930397033691406,0.3947451114654541,0.5488681793212891,1.155587911605835,0.2683379650115967,0.22081899642944336,0.2889258861541748,0.6148169040679932,0.3104991912841797,0.42206311225891113,0.452207088470459,0.34067773818969727,0.36029696464538574,0.4917750358581543,0.3877410888671875,0.6299810409545898,0.6255941390991211,0.3015251159667969,0.3720269203186035,0.4710230827331543,0.6117897033691406,0.4591960906982422,0.36444807052612305,0.48338794708251953,0.6960439682006836,0.8416876792907715,1.1464838981628418,0.3657867908477783,0.3963592052459717,0.3901057243347168,0.46799516677856445,0.42961597442626953,0.818566083908081,0.46773195266723633,0.43865108489990234,0.8078658580780029,0.3723890781402588,0.488635778427124,0.45229005813598633,0.4675450325012207,0.48197412490844727,0.27786898612976074,0.33100414276123047,0.3457179069519043,0.42906999588012695,0.3290131092071533,0.36470484733581543,0.4356520175933838,0.5070579051971436,0.33649110794067383,0.41114091873168945,0.32732176780700684,0.38073182106018066,0.36518120765686035,0.4113337993621826,0.4091520309448242,0.40102314949035645,0.468555212020874,0.4942939281463623,0.4113931655883789,0.41294097900390625,0.47530221939086914,0.3909909725189209,0.5031459331512451,0.4092142581939697,0.2955918312072754,0.47406506538391113,0.42336106300354004,0.4474611282348633,0.4704451560974121,0.30109190940856934,0.37163305282592773,0.4968841075897217,0.3594207763671875,0.43860483169555664,0.7799460887908936,0.4840679168701172,0.472581148147583,0.491013765335083,0.47249269485473633,0.34283924102783203,0.3689539432525635,0.42609310150146484,0.605722188949585,0.41734814643859863,0.3333010673522949,0.42969489097595215,0.40108513832092285,0.24509906768798828,0.3535170555114746,0.22335004806518555,0.5094001293182373,0.32875514030456543,0.534160852432251,0.32453083992004395,0.3679049015045166,0.37894511222839355,0.34981393814086914,0.44508790969848633,0.430340051651001,0.3721582889556885,0.3184497356414795,0.6028029918670654,0.26873302459716797,0.3305978775024414,0.40468597412109375,0.379730224609375,0.44864821434020996,0.6217958927154541,0.22538089752197266,0.4516441822052002,0.44924163818359375,0.42172908782958984,0.3345160484313965,0.41806578636169434,0.4271731376647949,0.3940091133117676,0.4141848087310791,0.5149710178375244,0.6063330173492432,0.3381462097167969,0.3574635982513428,0.356874942779541,0.24115204811096191,0.46834373474121094,0.3321669101715088,0.39876890182495117,0.35743284225463867,0.43823790550231934,0.3842742443084717,0.45238614082336426,0.38982176780700684,0.4495418071746826,0.35713791847229004,0.3487832546234131,0.4949989318847656,0.34063076972961426,0.5297987461090088,0.37775301933288574,0.5152711868286133,0.30510902404785156,0.3182966709136963,0.42948102951049805,0.44951891899108887,0.3573570251464844,0.5927150249481201,0.4213690757751465,0.4070909023284912,0.22522878646850586,0.45972204208374023
0.04	GG	0.8661630153656006,0.6134316921234131,0.8729770183563232,0.26029300689697266,0.9684860706329346,0.5967450141906738,0.48700809478759766,0.5145421028137207,0.4432539939880371,0.42309093475341797,0.575023889541626,0.5720539093017578,0.5860731601715088,0.5253660678863525,0.5171420574188232,0.626209020614624,0.41848111152648926,0.43860793113708496,0.4161989688873291,0.6527752876281738,0.6926748752593994,0.6542918682098389,0.6622068881988525,0.4519989490509033,0.7971737384796143,0.47571587562561035,0.40729498863220215,0.48090600967407227,0.4550929069519043,0.47161102294921875,0.4718139171600342,0.4108591079711914,0.380847692489624,0.35640788078308105,0.26964306831359863,0.5287947654724121,0.5082848072052002,0.3335840702056885,0.6702022552490234,0.5768368244171143,0.701848030090332,0.6216809749603271,0.5758669376373291,0.4865458011627197,0.4157881736755371,0.325549840927124,0.46352577209472656,0.32027387619018555,0.4655642509460449,0.3893561363220215,0.44783997535705566,0.5633840560913086,0.33333396911621094,0.3136880397796631,0.6351969242095947,0.37314510345458984,0.44803786277770996,0.6710851192474365,0.5044810771942139,0.6453840732574463,0.5725038051605225,0.8264541625976562,0.5234930515289307,0.5837931632995605,0.4547560214996338,0.8424160480499268,0.6143560409545898,0.6587057113647461,0.5464088916778564,0.6346807479858398,0.6417810916900635,0.6541440486907959,0.2880980968475342,0.6298098564147949,0.48020005226135254,0.35609006881713867,0.5334739685058594,0.28048014640808105,0.6498458385467529,0.451282262802124,0.3953578472137451,0.7849380970001221,0.36571383476257324,0.5281260013580322,0.3860609531402588,0.4380221366882324,0.441241979598999,0.7545900344848633,0.7213459014892578,0.47611498832702637,0.5711259841918945,0.6908948421478271,0.5883579254150391,0.48038315773010254,0.7559928894042969,0.4382457733154297,0.661898136138916,0.486224889755249,0.6771042346954346,0.7305600643157959,0.7221381664276123,0.47285914421081543,0.4447000026702881,0.6360857486724854,0.49912190437316895,0.43578314781188965,0.6051459312438965,0.4910249710083008,0.40746092796325684,0.5514700412750244,0.4798729419708252,0.6092967987060547,0.3429410457611084,0.6539442539215088,0.5623769760131836,0.7926421165466309,0.5478060245513916,0.6919810771942139,0.32254886627197266,0.8597798347473145,0.7252941131591797,0.6543028354644775,0.5462746620178223,0.4481651782989502,0.8404700756072998,0.5313398838043213,0.46149611473083496,0.6308679580688477,0.4070110321044922,0.8812031745910645,0.7043898105621338,0.5252299308776855,0.5433850288391113,0.7405660152435303,0.5490860939025879,0.8058538436889648,0.49702000617980957,0.6038730144500732,0.5799381732940674,0.29018306732177734,0.5354459285736084,0.681006908416748,0.681117057800293,0.4707942008972168,0.8807229995727539,0.33271026611328125,0.45133399963378906,0.3270690441131592,0.3395199775695801,0.4975881576538086,0.4242727756500244,0.6154561042785645,0.6747620105743408,0.3655531406402588,0.34071898460388184,0.5356600284576416,0.5824849605560303,0.46369194984436035,0.5052192211151123,0.5938410758972168,0.4066188335418701,0.6023509502410889,0.6543760299682617,0.47324395179748535,0.47925806045532227,0.5992648601531982,0.6319239139556885,0.6155569553375244,0.33276796340942383,0.5326800346374512,0.4896860122680664,0.8068101406097412,0.697319746017456,0.8144199848175049,0.5403831005096436,0.33153223991394043,0.34020400047302246,0.4937930107116699,0.5131421089172363,0.5995557308197021,0.5485050678253174,0.8688662052154541,0.47533321380615234,0.4374668598175049,0.627971887588501,0.5333120822906494,0.4240121841430664,0.7246110439300537,0.6984279155731201,0.9097590446472168,0.5720889568328857,0.6013641357421875,0.4678809642791748,0.6074659824371338,0.42522692680358887,0.6921041011810303,0.8139541149139404,0.5494887828826904,0.528374195098877,0.4322359561920166
0.04	GG2	0.8661630153656006,0.6134316921234131,0.8729770183563232,0.26029300689697266,0.9684860706329346,0.5967450141906738,0.48700809478759766,0.5145421028137207,0.4432539939880371,0.42309093475341797,0.575023889541626,0.5720539093017578,0.5860731601715088,0.5253660678863525,0.5171420574188232,0.626209020614624,0.41848111152648926,0.43860793113708496,0.4161989688873291,0.6527752876281738,0.6926748752593994,0.6542918682098389,0.6622068881988525,0.4519989490509033,0.7971737384796143,0.47571587562561035,0.40729498863220215,0.48090600967407227,0.4550929069519043,0.47161102294921875,0.4718139171600342,0.4108591079711914,0.380847692489624,0.35640788078308105,0.26964306831359863,0.5287947654724121,0.5082848072052002,0.3335840702056885,0.6702022552490234,0.5768368244171143,0.701848030090332,0.6216809749603271,0.5758669376373291,0.4865458011627197,0.4157881736755371,0.325549840927124,0.46352577209472656,0.32027387619018555,0.4655642509460449,0.3893561363220215,0.44783997535705566,0.5633840560913086,0.33333396911621094,0.3136880397796631,0.6351969242095947,0.37314510345458984,0.44803786277770996,0.6710851192474365,0.5044810771942139,0.6453840732574463,0.5725038051605225,0.8264541625976562,0.5234930515289307,0.5837931632995605,0.4547560214996338,0.8424160480499268,0.6143560409545898,0.6587057113647461,0.5464088916778564,0.6346807479858398,0.6417810916900635,0.6541440486907959,0.2880980968475342,0.6298098564147949,0.48020005226135254,0.35609006881713867,0.5334739685058594,0.28048014640808105,0.6498458385467529,0.451282262802124,0.3953578472137451,0.7849380970001221,0.36571383476257324,0.5281260013580322,0.3860609531402588,0.4380221366882324,0.441241979598999,0.7545900344848633,0.7213459014892578,0.47611498832702637,0.5711259841918945,0.6908948421478271,0.5883579254150391,0.48038315773010254,0.7559928894042969,0.4382457733154297,0.661898136138916,0.486224889755249,0.6771042346954346,0.7305600643157959,0.7221381664276123,0.47285914421081543,0.4447000026702881,0.6360857486724854,0.49912190437316895,0.43578314781188965,0.6051459312438965,0.4910249710083008,0.40746092796325684,0.5514700412750244,0.4798729419708252,0.6092967987060547,0.3429410457611084,0.6539442539215088,0.5623769760131836,0.7926421165466309,0.5478060245513916,0.6919810771942139,0.32254886627197266,0.8597798347473145,0.7252941131591797,0.6543028354644775,0.5462746620178223,0.4481651782989502,0.8404700756072998,0.5313398838043213,0.46149611473083496,0.6308679580688477,0.4070110321044922,0.8812031745910645,0.7043898105621338,0.5252299308776855,0.5433850288391113,0.7405660152435303,0.5490860939025879,0.8058538436889648,0.49702000617980957,0.6038730144500732,0.5799381732940674,0.29018306732177734,0.5354459285736084,0.681006908416748,0.681117057800293,0.4707942008972168,0.8807229995727539,0.33271026611328125,0.45133399963378906,0.3270690441131592,0.3395199775695801,0.4975881576538086,0.4242727756500244,0.6154561042785645,0.6747620105743408,0.3655531406402588,0.34071898460388184,0.5356600284576416,0.5824849605560303,0.46369194984436035,0.5052192211151123,0.5938410758972168,0.4066188335418701,0.6023509502410889,0.6543760299682617,0.47324395179748535,0.47925806045532227,0.5992648601531982,0.6319239139556885,0.6155569553375244,0.33276796340942383,0.5326800346374512,0.4896860122680664,0.8068101406097412,0.697319746017456,0.8144199848175049,0.5403831005096436,0.33153223991394043,0.34020400047302246,0.4937930107116699,0.5131421089172363,0.5995557308197021,0.5485050678253174,0.8688662052154541,0.47533321380615234,0.4374668598175049,0.627971887588501,0.5333120822906494,0.4240121841430664,0.7246110439300537,0.6984279155731201,0.9097590446472168,0.5720889568328857,0.6013641357421875,0.4678809642791748,0.6074659824371338,0.42522692680358887,0.6921041011810303,0.8139541149139404,0.5494887828826904,0.528374195098877,0.4322359561920166
0.05	GEE	0.015309810638427734,0.015720844268798828,0.015469074249267578,0.01542973518371582,0.01613020896911621,0.015890836715698242,0.015607118606567383,0.015561103820800781,0.016630172729492188,0.015605926513671875,0.016106128692626953,0.015677928924560547,0.015700101852416992,0.01582789421081543,0.015670061111450195,0.01578807830810547,0.01587986946105957,0.015642166137695312,0.017522811889648438,0.015539884567260742,0.016412019729614258,0.01556396484375,0.030133962631225586,0.015655994415283203,0.015554666519165039,0.015401840209960938,0.01556396484375,0.019961833953857422,0.015521049499511719,0.015414953231811523,0.015496015548706055,0.015477895736694336,0.015596151351928711,0.015393972396850586,0.016616106033325195,0.015456914901733398,0.015794992446899414,0.015556812286376953,0.015513896942138672,0.01542520523071289,0.015470027923583984,0.015455007553100586,0.015509843826293945,0.015339851379394531,0.01724696159362793,0.01542210578918457,0.015516996383666992,0.01540827751159668,0.015508890151977539,0.016082048416137695,0.015386104583740234,0.015864133834838867,0.01615118980407715,0.016763925552368164,0.016448974609375,0.01584911346435547,0.015542030334472656,0.015501022338867188,0.01550602912902832,0.01689887046813965,0.015486955642700195,0.015548944473266602,0.015700101852416992,0.015312910079956055,0.01547384262084961,0.015381813049316406,0.015399932861328125,0.015365123748779297,0.015755891799926758,0.017177820205688477,0.01593184471130371,0.0157320499420166,0.015512228012084961,0.016155242919921875,0.015437841415405273,0.015484809875488281,0.015681982040405273,0.015377998352050781,0.01654791831970215,0.016450166702270508,0.01551198959350586,0.015458106994628906,0.016567707061767578,0.016872167587280273,0.015538930892944336,0.015636920928955078,0.015430927276611328,0.015477895736694336,0.015625,0.01555013656616211,0.015702009201049805,0.015555858612060547,0.015621185302734375,0.016567707061767578,0.015478849411010742,0.016077041625976562,0.01553487777709961,0.017483949661254883,0.01611185073852539,0.015398740768432617,0.015854835510253906,0.01550602912902832,0.01602315902709961,0.01912403106689453,0.01581597328186035,0.015635013580322266,0.015454292297363281,0.015787124633789062,0.015491724014282227,0.015549182891845703,0.01566910743713379,0.015681028366088867,0.015469789505004883,0.015323162078857422,0.015527963638305664,0.017620086669921875,0.015484809875488281,0.015326976776123047,0.015439033508300781,0.015462875366210938,0.015504837036132812,0.01539301872253418,0.01577305793762207,0.015780925750732422,0.015378236770629883,0.015453100204467773,0.015557289123535156,0.015536785125732422,0.01854109764099121,0.015430212020874023,0.015480995178222656,0.015510082244873047,0.01676011085510254,0.015635967254638672,0.01557016372680664,0.015434026718139648,0.01567983627319336,0.015340089797973633,0.015543937683105469,0.01546788215637207,0.015526056289672852,0.016350984573364258,0.015458106994628906,0.015932083129882812,0.01623702049255371,0.015942096710205078,0.015799999237060547,0.015625953674316406,0.017277956008911133,0.015584230422973633,0.015598058700561523,0.017241239547729492,0.015781879425048828,0.015608072280883789,0.015405893325805664,0.030526161193847656,0.015492916107177734,0.015521049499511719,0.016702890396118164,0.015826940536499023,0.015547990798950195,0.01536417007446289,0.016705989837646484,0.01577305793762207,0.015543937683105469,0.015397787094116211,0.015606164932250977,0.015341043472290039,0.01535797119140625,0.01584172248840332,0.015725135803222656,0.015462875366210938,0.01967310905456543,0.015448808670043945,0.01544809341430664,0.01561594009399414,0.015513181686401367,0.015447616577148438,0.015473365783691406,0.015549182891845703,0.01556396484375,0.015437841415405273,0.015579938888549805,0.015413999557495117,0.015543222427368164,0.01540684700012207,0.015413045883178711,0.015627145767211914,0.015511035919189453,0.016037940979003906,0.015815019607543945,0.015783071517944336,0.01595592498779297,0.01703500747680664,0.018632888793945312,0.015537023544311523,0.01552891731262207,0.015534162521362305,0.01537013053894043,0.015506982803344727
0.05	GNN	0.34369897842407227,0.4010491371154785,0.3227858543395996,0.39085888862609863,0.5657732486724854,0.23902201652526855,0.49196863174438477,0.2407360076904297,0.5002501010894775,0.26668691635131836,0.477154016494751,0.33423590660095215,0.4605870246887207,0.6890659332275391,0.45289015769958496,0.37795519828796387,0.624791145324707,0.28340911865234375,0.5085239410400391,0.29373621940612793,0.46457409858703613,0.4054529666900635,0.461702823638916,0.4686899185180664,0.3849480152130127,0.5103707313537598,0.32972002029418945,0.2840578556060791,0.5181057453155518,0.7351281642913818,0.544205904006958,0.44179201126098633,0.4306190013885498,0.5618619918823242,0.5473799705505371,0.38338303565979004,0.615839958190918,0.4120469093322754,1.327996015548706,0.46192169189453125,0.5394370555877686,0.5169789791107178,0.353118896484375,0.5400571823120117,0.4929840564727783,0.4739820957183838,0.49558401107788086,0.4046359062194824,0.42067813873291016,0.8050529956817627,0.46514892578125,0.4014089107513428,0.5639760494232178,0.6226921081542969,0.3615739345550537,0.24772310256958008,0.5010201930999756,0.46292924880981445,0.4426231384277344,0.344451904296875,0.4577140808105469,0.36083388328552246,0.4203357696533203,0.5774800777435303,0.5823209285736084,0.7732448577880859,0.35547876358032227,0.6300411224365234,0.5311317443847656,0.29799818992614746,0.37500524520874023,0.5444338321685791,0.4285900592803955,0.4712510108947754,0.4909849166870117,0.47712182998657227,0.5938868522644043,0.3911740779876709,0.4346506595611572,0.4752068519592285,0.4550929069519043,0.3649890422821045,0.46813201904296875,0.5358271598815918,0.5159659385681152,0.46762585639953613,0.3741769790649414,0.42832326889038086,0.513775110244751,0.4684290885925293,0.32358384132385254,0.3203582763671875,0.2696528434753418,0.47136378288269043,0.4533979892730713,0.39443469047546387,0.34394121170043945,0.5287330150604248,0.5067799091339111,0.3294050693511963,0.2881298065185547,0.2380681037902832,0.5562810897827148,0.34434008598327637,0.44017696380615234,0.38681983947753906,0.6255910396575928,0.4169120788574219,0.5700550079345703,0.4295008182525635,0.4711282253265381,0.424868106842041,0.47425222396850586,1.0655317306518555,0.5919380187988281,0.5384368896484375,0.4146921634674072,0.8797900676727295,0.36420512199401855,0.46337103843688965,0.3558337688446045,0.37460899353027344,0.3018453121185303,0.45789217948913574,0.3334081172943115,0.5063788890838623,0.3967139720916748,0.38849830627441406,0.431286096572876,0.5398938655853271,0.7579748630523682,0.3286316394805908,0.5313079357147217,0.3713650703430176,0.47578907012939453,0.327164888381958,0.49314093589782715,0.6347489356994629,0.33937621116638184,0.5894253253936768,0.25318121910095215,0.31902003288269043,0.5780718326568604,1.1505029201507568,0.5009670257568359,0.5242621898651123,0.5326831340789795,0.7865417003631592,0.4091200828552246,0.30876994132995605,0.47594308853149414,0.37467002868652344,0.40908002853393555,0.3932957649230957,0.9747400283813477,0.40048694610595703,0.6461710929870605,0.3687431812286377,0.39452505111694336,0.45262694358825684,0.690831184387207,0.3639359474182129,0.4210391044616699,0.48064208030700684,0.3376898765563965,0.33828306198120117,0.6160471439361572,0.34902000427246094,0.37818217277526855,0.316864013671875,0.3458540439605713,0.4781780242919922,0.32093214988708496,0.3435788154602051,0.4129507541656494,0.39479780197143555,0.5651628971099854,0.35772275924682617,0.5539150238037109,0.5721893310546875,0.4121840000152588,0.38712334632873535,0.32293200492858887,0.3773822784423828,0.5778169631958008,0.43568992614746094,0.6309497356414795,0.44242191314697266,0.42199110984802246,0.9577522277832031,0.628371000289917,0.5512609481811523,0.5615291595458984,0.3263537883758545,0.40682005882263184,0.3966488838195801,0.8281981945037842,0.3591420650482178,0.3056671619415283,0.44703102111816406
0.05	GG	0.6918239593505859,0.7199578285217285,0.7838780879974365,0.3328828811645508,0.7235367298126221,0.321929931640625,0.6105852127075195,0.7778470516204834,0.47054004669189453,0.6181280612945557,0.717836856842041,0.654900074005127,0.8476407527923584,0.3252830505371094,0.35944294929504395,0.6082136631011963,0.41300201416015625,0.36946702003479004,0.5775251388549805,0.4571809768676758,0.6987788677215576,0.8236119747161865,0.8635740280151367,0.5000209808349609,0.9471511840820312,0.7496111392974854,1.0515069961547852,1.0317199230194092,0.48639798164367676,0.5496199131011963,0.68265700340271,0.7142348289489746,0.40795397758483887,0.5474779605865479,0.5829339027404785,0.5494868755340576,0.936164140701294,0.5319972038269043,0.3382689952850342,0.6214702129364014,0.9041728973388672,0.7654621601104736,0.7854828834533691,0.5567829608917236,0.47844982147216797,0.4551050662994385,0.6567139625549316,0.43149375915527344,0.5481710433959961,0.745988130569458,0.586345911026001,0.7116820812225342,0.5551881790161133,0.3990910053253174,0.7686371803283691,0.31416916847229004,0.49019885063171387,0.9904129505157471,0.4259178638458252,0.5965168476104736,0.6511259078979492,0.8313298225402832,0.5204873085021973,0.764448881149292,0.6692600250244141,0.9461202621459961,0.7579402923583984,0.7164897918701172,0.6914041042327881,0.929373025894165,0.8975551128387451,0.6649212837219238,0.30010294914245605,0.5985829830169678,0.7666478157043457,0.3094351291656494,0.557610034942627,0.29355812072753906,0.91031813621521,0.5683362483978271,0.4605550765991211,0.6318089962005615,0.6785678863525391,0.820530891418457,0.5181050300598145,0.3778388500213623,0.3981308937072754,0.7039310932159424,1.1357882022857666,0.4861118793487549,0.6155340671539307,0.6787738800048828,0.4542689323425293,0.5689630508422852,0.8303012847900391,0.5745851993560791,0.818950891494751,0.46875500679016113,0.8551790714263916,1.099146842956543,0.6593620777130127,0.8320882320404053,0.6945569515228271,0.9065248966217041,0.5882241725921631,0.5415117740631104,0.5994110107421875,0.8992977142333984,0.9095480442047119,0.560570240020752,0.7572429180145264,0.9380040168762207,0.4220619201660156,0.8441569805145264,0.6842780113220215,0.6949758529663086,0.4546370506286621,0.7358143329620361,0.30167388916015625,0.7786788940429688,0.5809059143066406,0.6505448818206787,0.5673799514770508,0.654268741607666,1.1970880031585693,0.6329689025878906,0.39012980461120605,0.41864776611328125,0.6899566650390625,0.8565871715545654,0.6036868095397949,0.5834972858428955,0.4838080406188965,0.3663170337677002,0.781517744064331,0.8860301971435547,0.6302587985992432,0.42284703254699707,0.6798417568206787,0.377734899520874,0.7398898601531982,0.6558740139007568,0.6969289779663086,0.3997781276702881,0.5085411071777344,0.6798717975616455,0.582054853439331,0.36792707443237305,0.45029497146606445,0.6194188594818115,0.6423470973968506,0.6380338668823242,0.8780517578125,0.552131175994873,0.4497549533843994,0.8971691131591797,0.6962378025054932,0.8502368927001953,0.5653359889984131,0.5741262435913086,0.5131630897521973,0.6064767837524414,0.7405588626861572,0.5000600814819336,0.543532133102417,0.7092649936676025,0.6613078117370605,0.4085240364074707,0.32941198348999023,0.45352602005004883,0.3153038024902344,0.28699398040771484,0.7845230102539062,0.9330449104309082,0.5063192844390869,0.2984580993652344,0.3569648265838623,0.7912089824676514,0.7367432117462158,0.7962439060211182,0.6624691486358643,0.4597609043121338,0.6358211040496826,0.5387058258056641,0.6459779739379883,0.6580431461334229,0.37087321281433105,0.6816592216491699,0.681506872177124,0.8201498985290527,0.8787970542907715,0.6202621459960938,0.4668738842010498,0.9491980075836182,0.523292064666748,0.595832109451294,0.7161636352539062,0.678001880645752,0.5437910556793213,0.4849860668182373
0.05	GG2	0.6918239593505859,0.7199578285217285,0.7838780879974365,0.3328828811645508,0.7235367298126221,0.321929931640625,0.6105852127075195,0.7778470516204834,0.47054004669189453,0.6181280612945557,0.717836856842041,0.654900074005127,0.8476407527923584,0.3252830505371094,0.35944294929504395,0.6082136631011963,0.41300201416015625,0.36946702003479004,0.5775251388549805,0.4571809768676758,0.6987788677215576,0.8236119747161865,0.8635740280151367,0.5000209808349609,0.9471511840820312,0.7496111392974854,1.0515069961547852,1.0317199230194092,0.48639798164367676,0.5496199131011963,0.68265700340271,0.7142348289489746,0.40795397758483887,0.5474779605865479,0.5829339027404785,0.5494868755340576,0.936164140701294,0.5319972038269043,0.3382689952850342,0.6214702129364014,0.9041728973388672,0.7654621601104736,0.7854828834533691,0.5567829608917236,0.47844982147216797,0.4551050662994385,0.6567139625549316,0.43149375915527344,0.5481710433959961,0.745988130569458,0.586345911026001,0.7116820812225342,0.5551881790161133,0.3990910053253174,0.7686371803283691,0.31416916847229004,0.49019885063171387,0.9904129505157471,0.4259178638458252,0.5965168476104736,0.6511259078979492,0.8313298225402832,0.5204873085021973,0.764448881149292,0.6692600250244141,0.9461202621459961,0.7579402923583984,0.7164897918701172,0.6914041042327881,0.929373025894165,0.8975551128387451,0.6649212837219238,0.30010294914245605,0.5985829830169678,0.7666478157043457,0.3094351291656494,0.557610034942627,0.29355812072753906,0.91031813621521,0.5683362483978271,0.4605550765991211,0.6318089962005615,0.6785678863525391,0.820530891418457,0.5181050300598145,0.3778388500213623,0.3981308937072754,0.7039310932159424,1.1357882022857666,0.4861118793487549,0.6155340671539307,0.6787738800048828,0.4542689323425293,0.5689630508422852,0.8303012847900391,0.5745851993560791,0.818950891494751,0.46875500679016113,0.8551790714263916,1.099146842956543,0.6593620777130127,0.8320882320404053,0.6945569515228271,0.9065248966217041,0.5882241725921631,0.5415117740631104,0.5994110107421875,0.8992977142333984,0.9095480442047119,0.560570240020752,0.7572429180145264,0.9380040168762207,0.4220619201660156,0.8441569805145264,0.6842780113220215,0.6949758529663086,0.4546370506286621,0.7358143329620361,0.30167388916015625,0.7786788940429688,0.5809059143066406,0.6505448818206787,0.5673799514770508,0.654268741607666,1.1970880031585693,0.6329689025878906,0.39012980461120605,0.41864776611328125,0.6899566650390625,0.8565871715545654,0.6036868095397949,0.5834972858428955,0.4838080406188965,0.3663170337677002,0.781517744064331,0.8860301971435547,0.6302587985992432,0.42284703254699707,0.6798417568206787,0.377734899520874,0.7398898601531982,0.6558740139007568,0.6969289779663086,0.3997781276702881,0.5085411071777344,0.6798717975616455,0.582054853439331,0.36792707443237305,0.45029497146606445,0.6194188594818115,0.6423470973968506,0.6380338668823242,0.8780517578125,0.552131175994873,0.4497549533843994,0.8971691131591797,0.6962378025054932,0.8502368927001953,0.5653359889984131,0.5741262435913086,0.5131630897521973,0.6064767837524414,0.7405588626861572,0.5000600814819336,0.543532133102417,0.7092649936676025,0.6613078117370605,0.4085240364074707,0.32941198348999023,0.45352602005004883,0.3153038024902344,0.28699398040771484,0.7845230102539062,0.9330449104309082,0.5063192844390869,0.2984580993652344,0.3569648265838623,0.7912089824676514,0.7367432117462158,0.7962439060211182,0.6624691486358643,0.4597609043121338,0.6358211040496826,0.5387058258056641,0.6459779739379883,0.6580431461334229,0.37087321281433105,0.6816592216491699,0.681506872177124,0.8201498985290527,0.8787970542907715,0.6202621459960938,0.4668738842010498,0.9491980075836182,0.523292064666748,0.595832109451294,0.7161636352539062,0.678001880645752,0.5437910556793213,0.4849860668182373
0.06	GEE	0.016953229904174805,0.016894817352294922,0.01710796356201172,0.01715087890625,0.01711106300354004,0.017538070678710938,0.017647981643676758,0.017061948776245117,0.017683029174804688,0.01945805549621582,0.03035593032836914,0.016915082931518555,0.01703500747680664,0.016912221908569336,0.01699686050415039,0.01685309410095215,0.01694178581237793,0.016890764236450195,0.01728200912475586,0.017011165618896484,0.017368078231811523,0.016902923583984375,0.017140865325927734,0.018290042877197266,0.016880273818969727,0.01685786247253418,0.016997814178466797,0.01836705207824707,0.01793694496154785,0.016934871673583984,0.018507003784179688,0.016829967498779297,0.016872167587280273,0.01730799674987793,0.017158985137939453,0.017131805419921875,0.018157958984375,0.016678810119628906,0.016998767852783203,0.017033100128173828,0.016988277435302734,0.01861882209777832,0.018609046936035156,0.01760101318359375,0.020775794982910156,0.017826080322265625,0.017448902130126953,0.0190579891204834,0.01816415786743164,0.01711106300354004,0.017134666442871094,0.01708197593688965,0.017036914825439453,0.017266273498535156,0.01678299903869629,0.01687479019165039,0.016897201538085938,0.01685309410095215,0.016888141632080078,0.01726365089416504,0.01689910888671875,0.017014026641845703,0.01697397232055664,0.01726508140563965,0.017071962356567383,0.01853799819946289,0.01721501350402832,0.017091989517211914,0.017343997955322266,0.016944169998168945,0.018124103546142578,0.016861915588378906,0.017785072326660156,0.017323970794677734,0.016727209091186523,0.017074108123779297,0.01703023910522461,0.017012834548950195,0.01708221435546875,0.017027854919433594,0.016919851303100586,0.016962051391601562,0.017045974731445312,0.016870975494384766,0.01697707176208496,0.016819000244140625,0.017247915267944336,0.01774883270263672,0.0168912410736084,0.0174257755279541,0.01736283302307129,0.01737499237060547,0.017404794692993164,0.017424821853637695,0.01739192008972168,0.017999887466430664,0.016908884048461914,0.016891002655029297,0.017315149307250977,0.017532825469970703,0.016929149627685547,0.017049789428710938,0.01669597625732422,0.016910076141357422,0.017304182052612305,0.016969919204711914,0.01695418357849121,0.016936063766479492,0.01801919937133789,0.016946792602539062,0.01706719398498535,0.01817178726196289,0.016946077346801758,0.016974687576293945,0.016815900802612305,0.017071247100830078,0.016800880432128906,0.016925811767578125,0.016869783401489258,0.016978025436401367,0.016930103302001953,0.01854991912841797,0.017152070999145508,0.025031328201293945,0.016968965530395508,0.018445968627929688,0.016923904418945312,0.017110109329223633,0.018101930618286133,0.01702880859375,0.0169069766998291,0.016859769821166992,0.0175168514251709,0.017201900482177734,0.016921043395996094,0.01899123191833496,0.018280029296875,0.01746082305908203,0.017575740814208984,0.018638134002685547,0.017900943756103516,0.017450332641601562,0.017190933227539062,0.017045974731445312,0.01708507537841797,0.017851829528808594,0.017008066177368164,0.017302989959716797,0.017004013061523438,0.017265796661376953,0.016862869262695312,0.017192840576171875,0.01839303970336914,0.01680612564086914,0.01697373390197754,0.020306825637817383,0.01697707176208496,0.01687788963317871,0.01791691780090332,0.018074989318847656,0.01698613166809082,0.017004013061523438,0.01697683334350586,0.016916990280151367,0.016996145248413086,0.018285036087036133,0.01682305335998535,0.01685786247253418,0.01710200309753418,0.016715049743652344,0.016985177993774414,0.01728367805480957,0.01856064796447754,0.016927003860473633,0.018052101135253906,0.01695704460144043,0.016970157623291016,0.016911983489990234,0.01711416244506836,0.017277240753173828,0.018799304962158203,0.01743292808532715,0.018239259719848633,0.017548084259033203,0.017403125762939453,0.017221927642822266,0.017406225204467773,0.01702713966369629,0.01699090003967285,0.016957998275756836,0.017009973526000977,0.016955852508544922,0.016937971115112305,0.029401779174804688,0.018656015396118164,0.017420053482055664,0.021151304244995117,0.017298221588134766,0.017153024673461914,0.01853203773498535
0.06	GNN	0.5993051528930664,0.7408390045166016,0.27146291732788086,0.4357571601867676,0.44840502738952637,0.5921587944030762,0.4256000518798828,0.3005800247192383,0.4027132987976074,0.3379237651824951,0.3607010841369629,0.5832281112670898,0.4608428478240967,0.5723378658294678,0.6798219680786133,0.5111651420593262,0.4778451919555664,0.3905041217803955,0.41222620010375977,0.3823690414428711,0.5222201347351074,0.48674583435058594,0.552314281463623,1.4009919166564941,0.24323296546936035,0.8886959552764893,0.5041320323944092,0.2976701259613037,0.5466570854187012,0.6762528419494629,0.6514527797698975,0.5022811889648438,0.4486968517303467,0.39104270935058594,0.42984914779663086,0.3996140956878662,0.4431290626525879,0.9597339630126953,0.6179399490356445,0.40337610244750977,0.8716659545898438,0.38747191429138184,0.3280489444732666,0.31302714347839355,0.38707518577575684,0.40897035598754883,0.7587437629699707,0.38815832138061523,0.4906120300292969,0.6426699161529541,0.7554678916931152,0.5500240325927734,0.4202151298522949,0.5516531467437744,0.39961910247802734,0.4398789405822754,0.45567798614501953,0.6776208877563477,0.3449099063873291,0.48774194717407227,0.35863399505615234,0.5088038444519043,0.33379411697387695,0.49323511123657227,0.4954397678375244,1.6455342769622803,0.8902690410614014,0.5036227703094482,0.4416959285736084,0.3594789505004883,0.34877610206604004,0.5305101871490479,0.48427915573120117,0.45127201080322266,0.5724890232086182,0.43030881881713867,0.8922522068023682,0.38466310501098633,0.5181081295013428,0.7328858375549316,0.5355041027069092,0.5467441082000732,0.6478209495544434,0.43802595138549805,0.428631067276001,0.5782299041748047,0.3303108215332031,0.5061161518096924,0.5220432281494141,0.6150929927825928,0.2466719150543213,0.9073572158813477,0.3043241500854492,0.3016982078552246,0.6431119441986084,0.5313830375671387,0.4114551544189453,0.4686088562011719,0.6371889114379883,0.40467095375061035,0.426483154296875,0.4938700199127197,1.0414972305297852,0.2677760124206543,0.6513469219207764,0.48671793937683105,0.4784860610961914,0.6125030517578125,0.8620960712432861,0.49404287338256836,0.5072739124298096,0.8116521835327148,0.409574031829834,0.3794097900390625,0.6734509468078613,0.47780919075012207,0.601815938949585,0.6413309574127197,0.6529049873352051,0.8888950347900391,0.4226198196411133,0.7475512027740479,0.6859760284423828,0.373004674911499,0.5011529922485352,0.5352168083190918,0.49004697799682617,0.4131510257720947,0.4921560287475586,0.5906271934509277,0.48465609550476074,0.5711419582366943,0.4308300018310547,0.49346184730529785,0.5311019420623779,0.3174748420715332,0.5657010078430176,1.1809730529785156,0.5825150012969971,0.6625387668609619,0.6074850559234619,0.7110121250152588,0.3963630199432373,0.5283567905426025,0.5941739082336426,0.29956984519958496,0.5405769348144531,0.6661503314971924,0.43520402908325195,0.6974620819091797,0.4609529972076416,0.3983190059661865,0.54734206199646,0.36412596702575684,0.9851961135864258,0.2492659091949463,0.6976361274719238,0.522773027420044,0.7854111194610596,0.5650827884674072,0.7368552684783936,0.41278791427612305,0.2593569755554199,0.2693760395050049,0.45896005630493164,0.30721497535705566,0.5150279998779297,0.3160209655761719,0.4338381290435791,0.6187930107116699,0.30977511405944824,0.5731081962585449,0.4030137062072754,0.3039891719818115,0.4918022155761719,0.40866994857788086,0.6331369876861572,0.3692948818206787,0.47160911560058594,0.4327220916748047,0.3052353858947754,0.2589888572692871,0.5386819839477539,0.46813297271728516,0.5024020671844482,0.3212580680847168,0.9909420013427734,0.5117602348327637,0.6206750869750977,0.4249138832092285,0.46061205863952637,0.5149309635162354,0.5383009910583496,0.3089768886566162,0.5742619037628174,0.38924574851989746,0.26677489280700684,0.376845121383667,0.39560484886169434,0.5459690093994141
0.06	GG	0.8379340171813965,0.7090229988098145,1.0265800952911377,0.5858569145202637,0.7329070568084717,0.3858509063720703,0.7739357948303223,0.8602938652038574,0.6774919033050537,0.5871202945709229,0.6889188289642334,0.7302119731903076,1.0554029941558838,0.4542243480682373,0.4077589511871338,0.48609399795532227,0.6461989879608154,0.5061657428741455,0.5393640995025635,0.8122048377990723,0.9108479022979736,1.0863971710205078,1.2106809616088867,0.6277499198913574,0.8278179168701172,0.7371411323547363,1.4051027297973633,0.9815278053283691,0.5379238128662109,0.5026471614837646,0.7552456855773926,0.9661159515380859,0.42267584800720215,0.7008841037750244,0.8430700302124023,0.7204470634460449,0.9195761680603027,0.5659420490264893,0.7190959453582764,0.6005880832672119,1.0001568794250488,0.8482370376586914,0.4870150089263916,0.6536448001861572,0.595268964767456,0.7303786277770996,0.8750581741333008,0.6816997528076172,0.7480549812316895,0.8424661159515381,0.5478389263153076,0.566612958908081,0.3968539237976074,0.4462399482727051,0.8619849681854248,0.6262631416320801,0.5308170318603516,0.8919649124145508,0.7377240657806396,0.808521032333374,0.506533145904541,0.9444012641906738,0.39755892753601074,0.7788698673248291,0.7906641960144043,0.9670636653900146,0.7447381019592285,0.7912280559539795,0.5891351699829102,0.8023638725280762,0.9770619869232178,0.7186048030853271,0.3791029453277588,0.5402488708496094,0.7016291618347168,0.39264392852783203,0.48389410972595215,0.3462252616882324,0.7506289482116699,0.48392295837402344,0.6322000026702881,0.8522100448608398,0.5290019512176514,0.8358550071716309,0.6210179328918457,0.4927332401275635,0.515876054763794,0.9906318187713623,0.9667878150939941,0.7042498588562012,0.8262310028076172,0.7571549415588379,0.8474149703979492,0.5579578876495361,0.8568098545074463,0.6140110492706299,0.8777189254760742,0.8322699069976807,0.8790130615234375,0.7629649639129639,0.6066021919250488,0.4254169464111328,0.6629259586334229,0.8452451229095459,0.7961521148681641,0.542957067489624,0.8285369873046875,0.5438380241394043,0.63181471824646,0.7578790187835693,0.4147799015045166,0.5773398876190186,0.6312680244445801,0.8247890472412109,0.6914260387420654,0.5129990577697754,0.7657830715179443,0.7951161861419678,0.27065396308898926,0.7603490352630615,0.7679831981658936,0.7047150135040283,0.6972880363464355,0.6640491485595703,1.167405128479004,0.841526985168457,0.6843938827514648,0.777256965637207,0.5568146705627441,1.14595365524292,0.6667273044586182,0.6524760723114014,0.4702160358428955,0.5631420612335205,0.8536739349365234,0.942014217376709,0.7952899932861328,0.8363478183746338,0.8014500141143799,0.3676750659942627,0.7666909694671631,0.7827327251434326,0.8587169647216797,0.41034412384033203,0.5587189197540283,0.4372999668121338,0.571336030960083,0.45552778244018555,0.564316987991333,0.6001510620117188,0.8678672313690186,0.6912641525268555,0.8233389854431152,0.9756810665130615,0.47271203994750977,0.7988369464874268,0.634706974029541,0.6348330974578857,0.7505950927734375,0.6304290294647217,0.48602795600891113,0.682124137878418,0.5601799488067627,0.7761023044586182,0.7076759338378906,0.6608059406280518,0.7453160285949707,0.6269819736480713,0.4423677921295166,0.4621880054473877,0.3486759662628174,0.7487521171569824,1.1261920928955078,0.7252397537231445,0.6300528049468994,0.7144455909729004,0.40102696418762207,0.8435850143432617,0.9899468421936035,0.8634428977966309,0.7360057830810547,0.655987024307251,0.8490009307861328,0.8348832130432129,0.47557997703552246,0.6828207969665527,0.4228391647338867,0.5220389366149902,0.601470947265625,0.8764092922210693,0.49344682693481445,0.7144520282745361,0.5341999530792236,1.3320331573486328,0.6419780254364014,0.6706461906433105,0.6629581451416016,0.6831459999084473,0.6958026885986328,0.4297919273376465
0.06	GG2	0.8379340171813965,0.7090229988098145,1.0265800952911377,0.5858569145202637,0.7329070568084717,0.3858509063720703,0.7739357948303223,0.8602938652038574,0.6774919033050537,0.5871202945709229,0.6889188289642334,0.7302119731903076,1.0554029941558838,0.4542243480682373,0.4077589511871338,0.48609399795532227,0.6461989879608154,0.5061657428741455,0.5393640995025635,0.8122048377990723,0.9108479022979736,1.0863971710205078,1.2106809616088867,0.6277499198913574,0.8278179168701172,0.7371411323547363,1.4051027297973633,0.9815278053283691,0.5379238128662109,0.5026471614837646,0.7552456855773926,0.9661159515380859,0.42267584800720215,0.7008841037750244,0.8430700302124023,0.7204470634460449,0.9195761680603027,0.5659420490264893,0.7190959453582764,0.6005880832672119,1.0001568794250488,0.8482370376586914,0.4870150089263916,0.6536448001861572,0.595268964767456,0.7303786277770996,0.8750581741333008,0.6816997528076172,0.7480549812316895,0.8424661159515381,0.5478389263153076,0.566612958908081,0.3968539237976074,0.4462399482727051,0.8619849681854248,0.6262631416320801,0.5308170318603516,0.8919649124145508,0.7377240657806396,0.808521032333374,0.506533145904541,0.9444012641906738,0.39755892753601074,0.7788698673248291,0.7906641960144043,0.9670636653900146,0.7447381019592285,0.7912280559539795,0.5891351699829102,0.8023638725280762,0.9770619869232178,0.7186048030853271,0.3791029453277588,0.5402488708496094,0.7016291618347168,0.39264392852783203,0.48389410972595215,0.3462252616882324,0.7506289482116699,0.48392295837402344,0.6322000026702881,0.8522100448608398,0.5290019512176514,0.8358550071716309,0.6210179328918457,0.4927332401275635,0.515876054763794,0.9906318187713623,0.9667878150939941,0.7042498588562012,0.8262310028076172,0.7571549415588379,0.8474149703979492,0.5579578876495361,0.8568098545074463,0.6140110492706299,0.8777189254760742,0.8322699069976807,0.8790130615234375,0.7629649639129639,0.6066021919250488,0.4254169464111328,0.6629259586334229,0.8452451229095459,0.7961521148681641,0.542957067489624,0.8285369873046875,0.5438380241394043,0.63181471824646,0.7578790187835693,0.4147799015045166,0.5773398876190186,0.6312680244445801,0.8247890472412109,0.6914260387420654,0.5129990577697754,0.7657830715179443,0.7951161861419678,0.27065396308898926,0.7603490352630615,0.7679831981658936,0.7047150135040283,0.6972880363464355,0.6640491485595703,1.167405128479004,0.841526985168457,0.6843938827514648,0.777256965637207,0.5568146705627441,1.14595365524292,0.6667273044586182,0.6524760723114014,0.4702160358428955,0.5631420612335205,0.8536739349365234,0.942014217376709,0.7952899932861328,0.8363478183746338,0.8014500141143799,0.3676750659942627,0.7666909694671631,0.7827327251434326,0.8587169647216797,0.41034412384033203,0.5587189197540283,0.4372999668121338,0.571336030960083,0.45552778244018555,0.564316987991333,0.6001510620117188,0.8678672313690186,0.6912641525268555,0.8233389854431152,0.9756810665130615,0.47271203994750977,0.7988369464874268,0.634706974029541,0.6348330974578857,0.7505950927734375,0.6304290294647217,0.48602795600891113,0.682124137878418,0.5601799488067627,0.7761023044586182,0.7076759338378906,0.6608059406280518,0.7453160285949707,0.6269819736480713,0.4423677921295166,0.4621880054473877,0.3486759662628174,0.7487521171569824,1.1261920928955078,0.7252397537231445,0.6300528049468994,0.7144455909729004,0.40102696418762207,0.8435850143432617,0.9899468421936035,0.8634428977966309,0.7360057830810547,0.655987024307251,0.8490009307861328,0.8348832130432129,0.47557997703552246,0.6828207969665527,0.4228391647338867,0.5220389366149902,0.601470947265625,0.8764092922210693,0.49344682693481445,0.7144520282745361,0.5341999530792236,1.3320331573486328,0.6419780254364014,0.6706461906433105,0.6629581451416016,0.6831459999084473,0.6958026885986328,0.4297919273376465
0.07	GEE	0.018236875534057617,0.018374919891357422,0.01857900619506836,0.018372058868408203,0.01941680908203125,0.018294095993041992,0.019901037216186523,0.018542051315307617,0.018167972564697266,0.018182039260864258,0.01840519905090332,0.01964402198791504,0.0184938907623291,0.020148038864135742,0.0185699462890625,0.01854991912841797,0.01843094825744629,0.018105030059814453,0.018607139587402344,0.02137613296508789,0.018291950225830078,0.019562959671020508,0.01981210708618164,0.020155906677246094,0.01847982406616211,0.01840686798095703,0.01877307891845703,0.0194091796875,0.018725872039794922,0.018140077590942383,0.0186617374420166,0.019482851028442383,0.01811981201171875,0.01942896842956543,0.01857590675354004,0.018281936645507812,0.018494129180908203,0.018358945846557617,0.018166065216064453,0.01857304573059082,0.018245220184326172,0.019890785217285156,0.019649028778076172,0.01822066307067871,0.01964116096496582,0.019493818283081055,0.018251895904541016,0.018166065216064453,0.018172740936279297,0.018223285675048828,0.022571802139282227,0.019621849060058594,0.020943641662597656,0.01832294464111328,0.018214941024780273,0.019277095794677734,0.01842474937438965,0.01945805549621582,0.019224882125854492,0.018362045288085938,0.018182754516601562,0.018346786499023438,0.01937580108642578,0.018387317657470703,0.018294095993041992,0.018171072006225586,0.01840066909790039,0.018440961837768555,0.018501996994018555,0.018191099166870117,0.019240856170654297,0.019208908081054688,0.01844191551208496,0.018542766571044922,0.018803119659423828,0.01921677589416504,0.018939971923828125,0.018807172775268555,0.018671274185180664,0.01904606819152832,0.018418312072753906,0.02501392364501953,0.01807999610900879,0.018331050872802734,0.018361806869506836,0.019928932189941406,0.01976609230041504,0.0198519229888916,0.01807999610900879,0.01903676986694336,0.01835799217224121,0.018285036087036133,0.018604040145874023,0.01824212074279785,0.01808309555053711,0.019814014434814453,0.01833200454711914,0.019894123077392578,0.02025604248046875,0.01989912986755371,0.018898963928222656,0.0182797908782959,0.019582033157348633,0.01832890510559082,0.01925206184387207,0.018333911895751953,0.01813983917236328,0.018297195434570312,0.018308639526367188,0.01872086524963379,0.018170833587646484,0.018171072006225586,0.018607139587402344,0.01842498779296875,0.019114971160888672,0.01966714859008789,0.018296003341674805,0.019052743911743164,0.01845097541809082,0.01952362060546875,0.020184040069580078,0.019537925720214844,0.018622398376464844,0.02213907241821289,0.018878936767578125,0.018132925033569336,0.018268823623657227,0.020002126693725586,0.018420934677124023,0.018392086029052734,0.018830060958862305,0.018253087997436523,0.01842212677001953,0.020462751388549805,0.018284082412719727,0.01856517791748047,0.018199682235717773,0.018565893173217773,0.019331932067871094,0.01821112632751465,0.018388032913208008,0.018588781356811523,0.020699739456176758,0.01978015899658203,0.019172191619873047,0.01854705810546875,0.018453121185302734,0.02183818817138672,0.01858997344970703,0.018305063247680664,0.018363237380981445,0.018328189849853516,0.021511077880859375,0.018301963806152344,0.018494844436645508,0.022516965866088867,0.01885700225830078,0.01929497718811035,0.018285751342773438,0.01830005645751953,0.01833510398864746,0.01836705207824707,0.018372058868408203,0.01954793930053711,0.018359899520874023,0.018831729888916016,0.018597126007080078,0.018983840942382812,0.018630027770996094,0.018871784210205078,0.02036595344543457,0.018323183059692383,0.018396854400634766,0.019736051559448242,0.018198728561401367,0.018381118774414062,0.01830601692199707,0.018208026885986328,0.018270015716552734,0.018271923065185547,0.018231868743896484,0.019659042358398438,0.019501924514770508,0.018080711364746094,0.01848316192626953,0.01936197280883789,0.019311189651489258,0.0181272029876709,0.018762826919555664,0.018275022506713867,0.01894092559814453,0.018440961837768555,0.018537044525146484,0.01835012435913086,0.018518924713134766,0.018565893173217773,0.01856827735900879,0.01834583282470703,0.018500089645385742,0.019368886947631836
0.07	GNN	0.6234641075134277,0.7144901752471924,0.315504789352417,0.5296909809112549,0.4852941036224365,0.504274845123291,0.422868013381958,0.37221717834472656,0.38465189933776855,0.3447537422180176,0.4367060661315918,0.5739450454711914,0.6523959636688232,0.5669918060302734,0.8258152008056641,0.5002000331878662,0.4754302501678467,0.37733888626098633,0.38152122497558594,0.31881093978881836,0.5366828441619873,0.36071181297302246,0.48078298568725586,0.470872163772583,0.3549997806549072,0.7106997966766357,0.7202050685882568,0.44950103759765625,0.44133925437927246,0.34119296073913574,0.5185890197753906,0.8476059436798096,0.35549116134643555,0.6698570251464844,0.340317964553833,0.4503591060638428,0.6364161968231201,0.6160149574279785,0.7705638408660889,0.5406770706176758,0.5571019649505615,0.5409140586853027,0.39678311347961426,0.31218385696411133,0.7365200519561768,0.5600788593292236,0.5292501449584961,0.42685699462890625,0.5173749923706055,0.6302132606506348,0.8183531761169434,0.42150187492370605,1.0811071395874023,0.56656813621521,0.507209062576294,0.33409810066223145,0.326585054397583,0.6291811466217041,0.2649250030517578,0.30480098724365234,0.6589500904083252,0.35271716117858887,0.5268650054931641,0.6217930316925049,0.7771000862121582,0.7722039222717285,0.7563891410827637,0.45915699005126953,0.565680980682373,0.5274660587310791,0.4552168846130371,0.5863847732543945,0.6109139919281006,0.2883436679840088,0.36186790466308594,0.4982740879058838,0.5090198516845703,0.4665961265563965,0.5162580013275146,0.4716010093688965,0.3434407711029053,0.5082530975341797,0.4530339241027832,0.6333508491516113,0.37554407119750977,0.41575098037719727,0.30534911155700684,0.5539870262145996,0.3504948616027832,0.7010807991027832,0.39378905296325684,0.8857908248901367,0.33414506912231445,0.376708984375,0.6695728302001953,0.36637306213378906,0.29331183433532715,0.4541749954223633,0.632692813873291,0.3742029666900635,0.6919958591461182,0.3404669761657715,0.457136869430542,0.5014059543609619,0.5396978855133057,0.5436370372772217,0.5532312393188477,0.5022039413452148,0.4548759460449219,0.32706212997436523,0.5792560577392578,0.6301498413085938,0.5237228870391846,0.8349649906158447,0.4227261543273926,0.48766589164733887,0.5684430599212646,0.5937330722808838,0.714404821395874,0.5066359043121338,0.3527827262878418,0.31967902183532715,0.51845383644104,0.8073530197143555,0.3124809265136719,0.890221118927002,0.3509659767150879,1.2520110607147217,0.46544408798217773,0.36635279655456543,0.5313100814819336,0.42695188522338867,0.5211930274963379,0.6055498123168945,0.3860642910003662,0.2968728542327881,0.712677001953125,0.40813279151916504,0.35323476791381836,0.2552928924560547,0.2716240882873535,0.5639429092407227,0.33257389068603516,0.4724729061126709,0.6654448509216309,0.3093428611755371,0.6478610038757324,0.38292789459228516,0.5060751438140869,0.3545191287994385,0.4387497901916504,0.28023505210876465,0.6666831970214844,0.42426228523254395,0.43364405632019043,0.2886159420013428,0.41196393966674805,0.3663661479949951,0.43968796730041504,0.3581409454345703,0.4436299800872803,0.5172309875488281,0.5712900161743164,0.33706212043762207,0.5979001522064209,0.462860107421875,0.4660451412200928,0.3828260898590088,0.5132699012756348,0.3375849723815918,0.3169381618499756,0.5574038028717041,0.6235010623931885,0.3251030445098877,0.36870503425598145,0.39937829971313477,0.39808201789855957,0.3626430034637451,0.6846179962158203,0.42661499977111816,0.480989933013916,0.2830510139465332,0.4883749485015869,0.5098178386688232,0.49942803382873535,0.3691689968109131,0.3322432041168213,0.5394620895385742,0.5793793201446533,0.3737621307373047,0.7267909049987793,0.6911139488220215,0.5786139965057373,0.48411107063293457,0.5318210124969482,0.3998141288757324,0.30344295501708984,0.4170567989349365,0.25461506843566895,0.3403208255767822
0.07	GG	0.9405951499938965,0.6151328086853027,1.337129831314087,0.4952981472015381,0.685142993927002,0.4389331340789795,0.821113109588623,0.6656708717346191,1.0599970817565918,0.6885042190551758,0.6494948863983154,0.6889309883117676,0.7129499912261963,0.4630270004272461,0.7453920841217041,0.5783891677856445,0.5350799560546875,0.470461368560791,0.5979719161987305,0.5393650531768799,1.148008108139038,1.0174298286437988,0.30402493476867676,0.6509461402893066,0.8046901226043701,0.2522623538970947,0.693554162979126,1.0417068004608154,0.8649568557739258,0.7258331775665283,0.6604149341583252,1.1944599151611328,0.5685429573059082,0.5804059505462646,0.3980600833892822,0.7138588428497314,0.8679120540618896,0.5703930854797363,0.7140388488769531,0.5701611042022705,0.7864258289337158,0.927750825881958,0.5092182159423828,0.626258134841919,0.5794627666473389,0.5303289890289307,0.7999668121337891,0.6670370101928711,0.5741479396820068,0.40826988220214844,0.28911900520324707,0.8548669815063477,0.854050874710083,0.7733988761901855,0.8436732292175293,0.8097939491271973,0.6433150768280029,0.2977869510650635,0.6207818984985352,1.5747220516204834,0.59853196144104,1.0521721839904785,0.796097993850708,0.9188590049743652,1.13179612159729,0.8233160972595215,0.8093550205230713,1.0968499183654785,0.6587879657745361,0.8648691177368164,0.7504181861877441,0.6018011569976807,0.3468592166900635,0.6457352638244629,0.6287212371826172,0.3877859115600586,0.5960121154785156,0.2856466770172119,0.5844264030456543,0.5802319049835205,0.630925178527832,0.7536730766296387,0.6111881732940674,0.8476810455322266,0.6296191215515137,0.5874919891357422,0.5277860164642334,0.8400170803070068,1.0412108898162842,0.6761431694030762,0.6841840744018555,0.8924429416656494,0.8074707984924316,0.6780550479888916,1.1701200008392334,0.6379430294036865,0.633338212966919,0.6463451385498047,0.841310977935791,0.7152631282806396,0.64192795753479,0.4443848133087158,0.5628859996795654,0.8521380424499512,0.9077849388122559,0.8050270080566406,0.7157318592071533,0.5138039588928223,0.679145097732544,0.9473347663879395,0.6110348701477051,0.8036129474639893,0.47025108337402344,0.6959459781646729,0.864492654800415,0.7268059253692627,0.5743579864501953,0.7252898216247559,0.3037729263305664,1.0272881984710693,0.6881279945373535,1.370466947555542,1.017683982849121,0.6348209381103516,0.7418832778930664,0.7117559909820557,0.6877110004425049,0.6380789279937744,0.6935999393463135,1.1492631435394287,0.4661519527435303,0.887641191482544,0.7878239154815674,0.41269493103027344,0.8948409557342529,1.159938097000122,0.849675178527832,0.4617171287536621,0.8176298141479492,0.4670989513397217,0.7570950984954834,0.7523000240325928,0.7352240085601807,0.7877469062805176,0.6523599624633789,0.3835330009460449,0.8513889312744141,0.5155320167541504,0.5280697345733643,1.1538150310516357,0.7770812511444092,0.5509729385375977,0.7465360164642334,0.6214179992675781,0.5598559379577637,0.7581167221069336,0.6460630893707275,0.5455648899078369,0.6598529815673828,0.5880348682403564,0.5859229564666748,0.7157618999481201,0.6444048881530762,0.5819950103759766,0.6426408290863037,0.6319410800933838,0.747351884841919,0.4290008544921875,0.40163397789001465,0.5708808898925781,0.4067697525024414,0.7910740375518799,0.7978940010070801,1.1311602592468262,0.5971798896789551,0.4231905937194824,0.42685985565185547,0.8779551982879639,0.6449940204620361,0.8609127998352051,1.1950609683990479,0.726707935333252,0.7170100212097168,0.5291283130645752,0.6825659275054932,0.6663987636566162,0.3506898880004883,0.6437830924987793,0.7064208984375,0.7317619323730469,0.9085769653320312,1.022170066833496,0.5708339214324951,0.5095789432525635,0.5256719589233398,0.6641170978546143,0.6738948822021484,0.6173641681671143,0.7287158966064453,0.6304662227630615
0.07	GG2	0.9405951499938965,0.6151328086853027,1.337129831314087,0.4952981472015381,0.685142993927002,0.4389331340789795,0.821113109588623,0.6656708717346191,1.0599970817565918,0.6885042190551758,0.6494948863983154,0.6889309883117676,0.7129499912261963,0.4630270004272461,0.7453920841217041,0.5783891677856445,0.5350799560546875,0.470461368560791,0.5979719161987305,0.5393650531768799,1.148008108139038,1.0174298286437988,0.30402493476867676,0.6509461402893066,0.8046901226043701,0.2522623538970947,0.693554162979126,1.0417068004608154,0.8649568557739258,0.7258331775665283,0.6604149341583252,1.1944599151611328,0.5685429573059082,0.5804059505462646,0.3980600833892822,0.7138588428497314,0.8679120540618896,0.5703930854797363,0.7140388488769531,0.5701611042022705,0.7864258289337158,0.927750825881958,0.5092182159423828,0.626258134841919,0.5794627666473389,0.5303289890289307,0.7999668121337891,0.6670370101928711,0.5741479396820068,0.40826988220214844,0.28911900520324707,0.8548669815063477,0.854050874710083,0.7733988761901855,0.8436732292175293,0.8097939491271973,0.6433150768280029,0.2977869510650635,0.6207818984985352,1.5747220516204834,0.59853196144104,1.0521721839904785,0.796097993850708,0.9188590049743652,1.13179612159729,0.8233160972595215,0.8093550205230713,1.0968499183654785,0.6587879657745361,0.8648691177368164,0.7504181861877441,0.6018011569976807,0.3468592166900635,0.6457352638244629,0.6287212371826172,0.3877859115600586,0.5960121154785156,0.2856466770172119,0.5844264030456543,0.5802319049835205,0.630925178527832,0.7536730766296387,0.6111881732940674,0.8476810455322266,0.6296191215515137,0.5874919891357422,0.5277860164642334,0.8400170803070068,1.0412108898162842,0.6761431694030762,0.6841840744018555,0.8924429416656494,0.8074707984924316,0.6780550479888916,1.1701200008392334,0.6379430294036865,0.633338212966919,0.6463451385498047,0.841310977935791,0.7152631282806396,0.64192795753479,0.4443848133087158,0.5628859996795654,0.8521380424499512,0.9077849388122559,0.8050270080566406,0.7157318592071533,0.5138039588928223,0.679145097732544,0.9473347663879395,0.6110348701477051,0.8036129474639893,0.47025108337402344,0.6959459781646729,0.864492654800415,0.7268059253692627,0.5743579864501953,0.7252898216247559,0.3037729263305664,1.0272881984710693,0.6881279945373535,1.370466947555542,1.017683982849121,0.6348209381103516,0.7418832778930664,0.7117559909820557,0.6877110004425049,0.6380789279937744,0.6935999393463135,1.1492631435394287,0.4661519527435303,0.887641191482544,0.7878239154815674,0.41269493103027344,0.8948409557342529,1.159938097000122,0.849675178527832,0.4617171287536621,0.8176298141479492,0.4670989513397217,0.7570950984954834,0.7523000240325928,0.7352240085601807,0.7877469062805176,0.6523599624633789,0.3835330009460449,0.8513889312744141,0.5155320167541504,0.5280697345733643,1.1538150310516357,0.7770812511444092,0.5509729385375977,0.7465360164642334,0.6214179992675781,0.5598559379577637,0.7581167221069336,0.6460630893707275,0.5455648899078369,0.6598529815673828,0.5880348682403564,0.5859229564666748,0.7157618999481201,0.6444048881530762,0.5819950103759766,0.6426408290863037,0.6319410800933838,0.747351884841919,0.4290008544921875,0.40163397789001465,0.5708808898925781,0.4067697525024414,0.7910740375518799,0.7978940010070801,1.1311602592468262,0.5971798896789551,0.4231905937194824,0.42685985565185547,0.8779551982879639,0.6449940204620361,0.8609127998352051,1.1950609683990479,0.726707935333252,0.7170100212097168,0.5291283130645752,0.6825659275054932,0.6663987636566162,0.3506898880004883,0.6437830924987793,0.7064208984375,0.7317619323730469,0.9085769653320312,1.022170066833496,0.5708339214324951,0.5095789432525635,0.5256719589233398,0.6641170978546143,0.6738948822021484,0.6173641681671143,0.7287158966064453,0.6304662227630615
0.08	GEE	0.020030975341796875,0.020036935806274414,0.019879817962646484,0.019925832748413086,0.02019500732421875,0.019715070724487305,0.021562814712524414,0.021116971969604492,0.01979207992553711,0.020146846771240234,0.019810199737548828,0.02012014389038086,0.02121710777282715,0.01977086067199707,0.019761323928833008,0.020058870315551758,0.01975393295288086,0.020695924758911133,0.01991415023803711,0.01972675323486328,0.020325899124145508,0.020621061325073242,0.020062923431396484,0.01990485191345215,0.0204160213470459,0.02150893211364746,0.02015995979309082,0.020435333251953125,0.020367860794067383,0.019884109497070312,0.02172112464904785,0.020160198211669922,0.020292043685913086,0.02023911476135254,0.020267963409423828,0.01976799964904785,0.02106308937072754,0.019906044006347656,0.019993066787719727,0.01993703842163086,0.02044224739074707,0.019871950149536133,0.019959688186645508,0.020032882690429688,0.02039813995361328,0.020190954208374023,0.021160364151000977,0.020006895065307617,0.021718978881835938,0.02081012725830078,0.020037174224853516,0.01999807357788086,0.02108478546142578,0.019855022430419922,0.02223515510559082,0.02137589454650879,0.02164316177368164,0.021417856216430664,0.021952152252197266,0.021019935607910156,0.021302223205566406,0.02101302146911621,0.021593093872070312,0.021223783493041992,0.021921157836914062,0.022514820098876953,0.02150893211364746,0.022422075271606445,0.022205114364624023,0.021509170532226562,0.022310256958007812,0.021507978439331055,0.021597862243652344,0.021673917770385742,0.021767854690551758,0.02228999137878418,0.02151012420654297,0.021867036819458008,0.021617889404296875,0.021620988845825195,0.021758079528808594,0.021850109100341797,0.021427154541015625,0.022162914276123047,0.025545358657836914,0.021563053131103516,0.02150893211364746,0.021853208541870117,0.023765087127685547,0.023530006408691406,0.021628141403198242,0.021558046340942383,0.021960973739624023,0.02153611183166504,0.022634029388427734,0.02192401885986328,0.021444082260131836,0.02167487144470215,0.02149200439453125,0.022329092025756836,0.021678686141967773,0.021576881408691406,0.021347761154174805,0.021719932556152344,0.02196025848388672,0.022307157516479492,0.02237391471862793,0.02292776107788086,0.024664878845214844,0.022259235382080078,0.02177286148071289,0.023041963577270508,0.021915197372436523,0.023218154907226562,0.022524118423461914,0.021579980850219727,0.022497892379760742,0.030269861221313477,0.021734952926635742,0.02158212661743164,0.02259683609008789,0.0226590633392334,0.023473024368286133,0.026479721069335938,0.02185988426208496,0.022304773330688477,0.022439956665039062,0.02236795425415039,0.021743059158325195,0.02249288558959961,0.02165389060974121,0.021623849868774414,0.02180933952331543,0.02273416519165039,0.022717952728271484,0.02233600616455078,0.024115800857543945,0.022416114807128906,0.022151947021484375,0.022151947021484375,0.02221989631652832,0.022031068801879883,0.0223391056060791,0.022566795349121094,0.022655963897705078,0.021925926208496094,0.022210121154785156,0.021661996841430664,0.022052764892578125,0.02157902717590332,0.022027969360351562,0.022288799285888672,0.022244691848754883,0.02871990203857422,0.02228569984436035,0.025130033493041992,0.02263617515563965,0.02318406105041504,0.021843910217285156,0.022840023040771484,0.02295994758605957,0.022390127182006836,0.023111343383789062,0.022375106811523438,0.021669864654541016,0.029016971588134766,0.022363901138305664,0.02252793312072754,0.022682666778564453,0.021816015243530273,0.02254009246826172,0.023211002349853516,0.02278876304626465,0.022819042205810547,0.024610042572021484,0.02409982681274414,0.023277997970581055,0.02303314208984375,0.02258586883544922,0.02310800552368164,0.022761821746826172,0.023530960083007812,0.045332908630371094,0.023572921752929688,0.023279905319213867,0.023409128189086914,0.023190021514892578,0.032679080963134766,0.023516178131103516,0.02527594566345215,0.023458003997802734,0.027251005172729492,0.023240327835083008,0.024363040924072266,0.025149822235107422,0.023509979248046875,0.023421049118041992,0.02357006072998047,0.023921966552734375,0.0259549617767334
0.08	GNN	0.46462273597717285,0.45096397399902344,0.26360297203063965,0.47380614280700684,0.49376583099365234,0.7084641456604004,0.565147876739502,0.31563472747802734,0.36778903007507324,0.28343820571899414,0.5382461547851562,0.36665797233581543,0.43840599060058594,0.39560389518737793,0.43097591400146484,0.36362600326538086,0.4470980167388916,0.3676161766052246,0.41200995445251465,0.5869140625,0.49679112434387207,0.4567420482635498,0.3333170413970947,0.4437980651855469,0.36743712425231934,0.5732412338256836,0.6728758811950684,0.29659581184387207,0.4346649646759033,0.49497485160827637,0.38007688522338867,0.3002808094024658,0.4803769588470459,0.4972972869873047,0.3855569362640381,0.48584604263305664,0.6178529262542725,0.6964638233184814,1.1596248149871826,0.3617219924926758,1.5622849464416504,0.48399996757507324,0.3057398796081543,0.2999398708343506,0.48740506172180176,0.4797701835632324,0.7077081203460693,0.6057991981506348,0.6681406497955322,0.5657310485839844,0.4839749336242676,0.5940251350402832,0.44402599334716797,0.6164112091064453,0.5796201229095459,0.4709899425506592,0.5025367736816406,0.5716407299041748,0.6517999172210693,0.3646121025085449,0.856395959854126,0.35643577575683594,0.3729729652404785,0.8909521102905273,0.4655640125274658,0.6684079170227051,0.43078088760375977,0.47408580780029297,0.5806851387023926,0.3337068557739258,0.49612975120544434,0.593580961227417,0.7871501445770264,0.582617998123169,0.8671560287475586,0.5795109272003174,0.8623549938201904,0.42560362815856934,0.41208600997924805,0.7467751502990723,0.34511780738830566,0.547468900680542,0.5647890567779541,0.3346879482269287,0.4246642589569092,0.7014710903167725,0.908210039138794,0.3976261615753174,0.32495999336242676,0.5717213153839111,0.6094143390655518,0.5152177810668945,0.4541010856628418,0.3465390205383301,0.3479759693145752,0.41890811920166016,0.5984010696411133,0.5624210834503174,0.8441939353942871,0.38715291023254395,0.5418989658355713,0.3484048843383789,0.768024206161499,0.7512040138244629,0.40384936332702637,0.49609804153442383,0.7831230163574219,0.515423059463501,0.6792571544647217,0.259310245513916,0.7368209362030029,0.8331172466278076,0.661635160446167,0.34326601028442383,0.39809393882751465,0.6334741115570068,0.7447748184204102,0.5015358924865723,0.7258200645446777,0.5444810390472412,0.33994603157043457,0.6303160190582275,0.5764710903167725,0.5550110340118408,0.3504772186279297,0.7199013233184814,0.8900012969970703,0.5097301006317139,0.7951018810272217,0.7125639915466309,0.6445209980010986,0.4160912036895752,0.5687942504882812,0.45755791664123535,0.5879249572753906,0.27388691902160645,0.6162378787994385,0.5085790157318115,0.3087880611419678,0.34835314750671387,0.35572195053100586,0.390657901763916,0.32718920707702637,0.35291290283203125,0.3300039768218994,0.6658108234405518,0.5048048496246338,0.6774029731750488,0.4029669761657715,0.4605371952056885,0.6374430656433105,0.3305659294128418,0.5560958385467529,0.6195330619812012,0.6349079608917236,0.3656272888183594,0.351290225982666,0.5101377964019775,0.7134108543395996,0.7398200035095215,0.5706732273101807,0.5053651332855225,0.38937973976135254,0.333585262298584,0.4018697738647461,0.31902289390563965,0.4274911880493164,0.3701632022857666,0.45006394386291504,0.4428439140319824,0.33119678497314453,0.696850061416626,0.5347797870635986,0.34247303009033203,1.2023530006408691,0.5148720741271973,0.983435869216919,0.5321452617645264,0.7864468097686768,0.7915940284729004,1.0028901100158691,0.698458194732666,1.1141328811645508,1.205251932144165,0.8377559185028076,0.4819610118865967,0.4480478763580322,0.7043750286102295,0.44473981857299805,0.5792677402496338,0.49833011627197266,0.7151389122009277,0.4734609127044678,0.5546228885650635,0.7941389083862305,0.4747190475463867,0.4913818836212158,0.6811950206756592,0.4344351291656494,0.9279952049255371
0.08	GG	0.8937671184539795,1.2923691272735596,0.9899797439575195,0.7527730464935303,0.9218399524688721,0.603693962097168,0.8949029445648193,0.6380822658538818,0.628446102142334,0.645953893661499,0.7655739784240723,0.6781558990478516,1.2753138542175293,0.43490099906921387,0.41288185119628906,0.5313282012939453,0.511279821395874,0.5098869800567627,0.5412049293518066,0.7009568214416504,0.6509270668029785,0.8455040454864502,1.3566868305206299,0.6349608898162842,0.7042338848114014,0.7703790664672852,0.757286787033081,1.0805511474609375,0.5925102233886719,0.8625450134277344,0.7341101169586182,0.8757381439208984,0.5835568904876709,0.8849070072174072,0.8593838214874268,0.6947309970855713,0.8889298439025879,0.6945478916168213,0.7128031253814697,0.6252789497375488,0.9561598300933838,1.1883490085601807,0.7090213298797607,0.8829412460327148,0.6623988151550293,0.4811408519744873,1.2643537521362305,0.47223877906799316,0.6829371452331543,0.5671970844268799,0.730571985244751,1.2623889446258545,0.4618380069732666,0.7329998016357422,1.0184006690979004,0.7083981037139893,0.636390209197998,0.35185933113098145,0.7248849868774414,0.8809480667114258,0.9710588455200195,0.8796858787536621,0.7111530303955078,0.8401737213134766,1.1995398998260498,0.9137270450592041,0.3086390495300293,0.804481029510498,0.8835678100585938,0.9117419719696045,0.8557002544403076,0.7401680946350098,0.7569599151611328,0.6492140293121338,0.7888340950012207,0.3579280376434326,0.523796796798706,0.4213402271270752,0.7802670001983643,0.6029398441314697,0.5352199077606201,0.6865208148956299,0.513761043548584,0.8962099552154541,0.6578757762908936,0.4981400966644287,0.5516409873962402,0.9454920291900635,0.9219000339508057,1.038236141204834,0.6599695682525635,1.0786449909210205,0.8624811172485352,0.8582532405853271,1.0489122867584229,0.3829667568206787,0.7116742134094238,0.8996820449829102,0.8494250774383545,1.0344150066375732,0.7047989368438721,0.9106049537658691,0.6008560657501221,0.8547320365905762,0.7342269420623779,0.8532619476318359,1.1323051452636719,0.7867450714111328,0.5929291248321533,0.8519737720489502,0.6675529479980469,0.7212018966674805,0.7427637577056885,0.7852098941802979,0.7782139778137207,0.7318189144134521,0.5568392276763916,0.6794800758361816,0.5162887573242188,1.0123188495635986,0.879645824432373,0.998046875,1.035470724105835,0.9140491485595703,0.8599998950958252,1.049069881439209,0.684391975402832,0.5951969623565674,0.8166570663452148,0.9445581436157227,0.579827070236206,0.7493488788604736,0.5711138248443604,0.6168382167816162,1.0489861965179443,0.8402082920074463,0.731644868850708,0.8216931819915771,1.2063789367675781,0.4597291946411133,1.2226860523223877,0.7699141502380371,0.9391160011291504,0.7530591487884521,0.5157456398010254,0.4784870147705078,1.260645866394043,0.43549108505249023,0.6040890216827393,0.7742719650268555,0.8280889987945557,0.6411871910095215,0.9437072277069092,0.5908470153808594,0.8359079360961914,0.9173140525817871,0.8932795524597168,0.5321769714355469,0.7890119552612305,0.6520509719848633,0.6715319156646729,0.8065059185028076,0.7851381301879883,0.5929679870605469,0.9593038558959961,0.9909420013427734,1.209305763244629,0.6867709159851074,0.4665501117706299,0.6650960445404053,0.9162259101867676,0.30423593521118164,1.0650591850280762,0.9634461402893066,0.8798489570617676,1.1846961975097656,0.7148659229278564,1.3445119857788086,0.9840881824493408,1.3560099601745605,1.147613286972046,0.8439397811889648,0.524057149887085,0.9806089401245117,1.4859740734100342,0.9697399139404297,0.5931363105773926,1.027327060699463,1.0989692211151123,1.008526086807251,0.793644905090332,1.0131280422210693,0.6714661121368408,1.8788948059082031,0.8268580436706543,1.462979793548584,0.7624819278717041,0.9838671684265137,0.8653440475463867,1.0407516956329346
0.08	GG2	0.8937671184539795,1.2923691272735596,0.9899797439575195,0.7527730464935303,0.9218399524688721,0.603693962097168,0.8949029445648193,0.6380822658538818,0.628446102142334,0.645953893661499,0.7655739784240723,0.6781558990478516,1.2753138542175293,0.43490099906921387,0.41288185119628906,0.5313282012939453,0.511279821395874,0.5098869800567627,0.5412049293518066,0.7009568214416504,0.6509270668029785,0.8455040454864502,1.3566868305206299,0.6349608898162842,0.7042338848114014,0.7703790664672852,0.757286787033081,1.0805511474609375,0.5925102233886719,0.8625450134277344,0.7341101169586182,0.8757381439208984,0.5835568904876709,0.8849070072174072,0.8593838214874268,0.6947309970855713,0.8889298439025879,0.6945478916168213,0.7128031253814697,0.6252789497375488,0.9561598300933838,1.1883490085601807,0.7090213298797607,0.8829412460327148,0.6623988151550293,0.4811408519744873,1.2643537521362305,0.47223877906799316,0.6829371452331543,0.5671970844268799,0.730571985244751,1.2623889446258545,0.4618380069732666,0.7329998016357422,1.0184006690979004,0.7083981037139893,0.636390209197998,0.35185933113098145,0.7248849868774414,0.8809480667114258,0.9710588455200195,0.8796858787536621,0.7111530303955078,0.8401737213134766,1.1995398998260498,0.9137270450592041,0.3086390495300293,0.804481029510498,0.8835678100585938,0.9117419719696045,0.8557002544403076,0.7401680946350098,0.7569599151611328,0.6492140293121338,0.7888340950012207,0.3579280376434326,0.523796796798706,0.4213402271270752,0.7802670001983643,0.6029398441314697,0.5352199077606201,0.6865208148956299,0.513761043548584,0.8962099552154541,0.6578757762908936,0.4981400966644287,0.5516409873962402,0.9454920291900635,0.9219000339508057,1.038236141204834,0.6599695682525635,1.0786449909210205,0.8624811172485352,0.8582532405853271,1.0489122867584229,0.3829667568206787,0.7116742134094238,0.8996820449829102,0.8494250774383545,1.0344150066375732,0.7047989368438721,0.9106049537658691,0.6008560657501221,0.8547320365905762,0.7342269420623779,0.8532619476318359,1.1323051452636719,0.7867450714111328,0.5929291248321533,0.8519737720489502,0.6675529479980469,0.7212018966674805,0.7427637577056885,0.7852098941802979,0.7782139778137207,0.7318189144134521,0.5568392276763916,0.6794800758361816,0.5162887573242188,1.0123188495635986,0.879645824432373,0.998046875,1.035470724105835,0.9140491485595703,0.8599998950958252,1.049069881439209,0.684391975402832,0.5951969623565674,0.8166570663452148,0.9445581436157227,0.579827070236206,0.7493488788604736,0.5711138248443604,0.6168382167816162,1.0489861965179443,0.8402082920074463,0.731644868850708,0.8216931819915771,1.2063789367675781,0.4597291946411133,1.2226860523223877,0.7699141502380371,0.9391160011291504,0.7530591487884521,0.5157456398010254,0.4784870147705078,1.260645866394043,0.43549108505249023,0.6040890216827393,0.7742719650268555,0.8280889987945557,0.6411871910095215,0.9437072277069092,0.5908470153808594,0.8359079360961914,0.9173140525817871,0.8932795524597168,0.5321769714355469,0.7890119552612305,0.6520509719848633,0.6715319156646729,0.8065059185028076,0.7851381301879883,0.5929679870605469,0.9593038558959961,0.9909420013427734,1.209305763244629,0.6867709159851074,0.4665501117706299,0.6650960445404053,0.9162259101867676,0.30423593521118164,1.0650591850280762,0.9634461402893066,0.8798489570617676,1.1846961975097656,0.7148659229278564,1.3445119857788086,0.9840881824493408,1.3560099601745605,1.147613286972046,0.8439397811889648,0.524057149887085,0.9806089401245117,1.4859740734100342,0.9697399139404297,0.5931363105773926,1.027327060699463,1.0989692211151123,1.008526086807251,0.793644905090332,1.0131280422210693,0.6714661121368408,1.8788948059082031,0.8268580436706543,1.462979793548584,0.7624819278717041,0.9838671684265137,0.8653440475463867,1.0407516956329346
0.09	GEE	0.023375749588012695,0.025360822677612305,0.025923967361450195,0.02591395378112793,0.025329113006591797,0.025391817092895508,0.025310993194580078,0.025200843811035156,0.02525782585144043,0.02523207664489746,0.02580404281616211,0.0327610969543457,0.02532672882080078,0.02682209014892578,0.025198936462402344,0.02570509910583496,0.02515101432800293,0.027054786682128906,0.025108814239501953,0.025175094604492188,0.02553701400756836,0.025282621383666992,0.025297164916992188,0.02567291259765625,0.026252031326293945,0.028194904327392578,0.03231406211853027,0.02511000633239746,0.027991056442260742,0.025202035903930664,0.027172088623046875,0.02542710304260254,0.03023219108581543,0.026836156845092773,0.0254671573638916,0.027119159698486328,0.02530217170715332,0.02502608299255371,0.02530980110168457,0.025254249572753906,0.025255203247070312,0.025346994400024414,0.025274991989135742,0.027095794677734375,0.025741100311279297,0.025238037109375,0.02527904510498047,0.03276515007019043,0.02497410774230957,0.025445222854614258,0.024919986724853516,0.026938915252685547,0.02499699592590332,0.025215864181518555,0.03552603721618652,0.025333166122436523,0.02813720703125,0.025255203247070312,0.08907198905944824,0.02532815933227539,0.026867151260375977,0.026476144790649414,0.02538895606994629,0.02651381492614746,0.025411128997802734,0.02986431121826172,0.026705026626586914,0.0261688232421875,0.025316238403320312,0.025155067443847656,0.0260159969329834,0.025837182998657227,0.025921106338500977,0.025230884552001953,0.02606201171875,0.02546405792236328,0.03341078758239746,0.025413036346435547,0.0251162052154541,0.026364803314208984,0.025084972381591797,0.04954886436462402,0.025264739990234375,0.027032852172851562,0.02571702003479004,0.025259971618652344,0.026156902313232422,0.025779008865356445,0.027374744415283203,0.026443004608154297,0.02493596076965332,0.02563190460205078,0.02689981460571289,0.028281211853027344,0.026818037033081055,0.025109052658081055,0.025998830795288086,0.025231122970581055,0.026384830474853516,0.0265810489654541,0.025440216064453125,0.025343894958496094,0.027006149291992188,0.026610374450683594,0.025231122970581055,0.02556324005126953,0.02513408660888672,0.025165081024169922,0.0337529182434082,0.02521491050720215,0.05006003379821777,0.025259017944335938,0.027039051055908203,0.025964021682739258,0.025371789932250977,0.025672197341918945,0.026110172271728516,0.025467872619628906,0.027859926223754883,0.026181936264038086,0.027160167694091797,0.025001049041748047,0.02653217315673828,0.027760982513427734,0.02611708641052246,0.025261878967285156,0.025728702545166016,0.02663397789001465,0.02980804443359375,0.025274991989135742,0.05928301811218262,0.02582716941833496,0.026870012283325195,0.026366233825683594,0.0264589786529541,0.04983711242675781,0.025188207626342773,0.02520132064819336,0.025451183319091797,0.02651071548461914,0.02979898452758789,0.026567935943603516,0.026463985443115234,0.026498079299926758,0.02740001678466797,0.028192996978759766,0.025055885314941406,0.02697610855102539,0.027463912963867188,0.02647089958190918,0.026035070419311523,0.02527904510498047,0.025603055953979492,0.02617788314819336,0.02674698829650879,0.03167009353637695,0.02661919593811035,0.028380870819091797,0.026726961135864258,0.025808095932006836,0.025519132614135742,0.025921106338500977,0.025831937789916992,0.02649712562561035,0.03055882453918457,0.02669525146484375,0.025609970092773438,0.03704428672790527,0.025961875915527344,0.026566028594970703,0.026543140411376953,0.026774883270263672,0.026865243911743164,0.026894092559814453,0.025995969772338867,0.030326128005981445,0.026144981384277344,0.02589583396911621,0.02522587776184082,0.03336286544799805,0.027387142181396484,0.029091835021972656,0.02635812759399414,0.02668285369873047,0.02603316307067871,0.025435924530029297,0.026394128799438477,0.02597975730895996,0.02637004852294922,0.0317230224609375,0.027553081512451172,0.026465892791748047,0.02683711051940918,0.02639484405517578,0.02554607391357422,0.02851080894470215,0.02661609649658203,0.029356956481933594,0.02660202980041504,0.02520918846130371
0.09	GNN	1.353590965270996,0.7785990238189697,0.6270601749420166,0.6152398586273193,0.8354802131652832,0.5695829391479492,1.1927640438079834,0.6064579486846924,0.5297360420227051,0.4748711585998535,0.8633310794830322,0.6200158596038818,0.6822609901428223,0.48865795135498047,0.48998117446899414,0.7040858268737793,0.7804751396179199,0.46473073959350586,0.8225438594818115,1.2208759784698486,0.8260419368743896,0.8175311088562012,0.602614164352417,0.48481202125549316,0.5159392356872559,0.7194218635559082,0.5165309906005859,0.5154030323028564,1.1447069644927979,0.7137589454650879,1.8926420211791992,0.6684701442718506,0.4801630973815918,0.5038902759552002,0.879906177520752,0.5068187713623047,0.8517091274261475,0.4705479145050049,1.3299901485443115,0.5005099773406982,0.8512163162231445,0.6312627792358398,0.7861950397491455,0.4776487350463867,0.7839138507843018,1.2233788967132568,0.48427796363830566,0.6924898624420166,0.5077440738677979,0.5672838687896729,0.8210732936859131,0.5506558418273926,0.4812791347503662,0.7016787528991699,0.7585599422454834,0.4987199306488037,0.8753042221069336,0.7941789627075195,0.47839999198913574,0.6355750560760498,0.5529501438140869,0.6924459934234619,0.6553390026092529,0.6771762371063232,0.7818231582641602,0.5146989822387695,0.641463041305542,0.5458707809448242,0.804703950881958,0.7077193260192871,0.8394098281860352,1.3852388858795166,0.4642307758331299,1.0706868171691895,0.6200530529022217,1.411134958267212,0.6762161254882812,0.5374090671539307,0.9053218364715576,1.210920810699463,0.845534086227417,0.8200938701629639,0.844292163848877,0.596228837966919,0.878262996673584,0.6104209423065186,0.5750439167022705,0.849348783493042,0.5501539707183838,0.8092391490936279,0.9353241920471191,0.5028889179229736,0.4874091148376465,0.5245740413665771,0.5107057094573975,1.0190620422363281,0.4426589012145996,0.7119739055633545,0.5168180465698242,0.5352041721343994,0.4910719394683838,0.44397521018981934,0.9139790534973145,0.5173909664154053,0.6202540397644043,0.7705259323120117,0.83477783203125,0.6378967761993408,0.6007571220397949,0.5766992568969727,1.7753610610961914,0.4980769157409668,0.6203258037567139,0.7476129531860352,0.608116865158081,0.6735270023345947,1.0499708652496338,0.6882979869842529,0.9442248344421387,1.4625091552734375,0.5648999214172363,0.6994850635528564,1.0067501068115234,0.7643451690673828,0.6077337265014648,1.4629740715026855,0.7558698654174805,0.5243558883666992,0.7265949249267578,0.6628849506378174,0.7598648071289062,0.5768868923187256,0.9211771488189697,0.6101391315460205,0.8476343154907227,0.48206400871276855,0.9118931293487549,1.054718017578125,0.5731711387634277,0.5210020542144775,0.505242109298706,0.53475022315979,0.9485149383544922,0.8353297710418701,0.5392739772796631,0.5145230293273926,0.6229250431060791,0.7723901271820068,1.0223028659820557,0.9667172431945801,0.7985742092132568,0.556225061416626,0.8700487613677979,0.5933129787445068,0.9886679649353027,0.47284579277038574,1.0677173137664795,0.7359559535980225,0.6995031833648682,0.619499921798706,0.6184530258178711,0.8438451290130615,0.8237309455871582,0.5658230781555176,0.5359480381011963,0.5191471576690674,0.7942719459533691,0.490048885345459,0.8975217342376709,0.7519731521606445,0.4754941463470459,0.6775197982788086,0.9142708778381348,0.5379869937896729,0.560333251953125,0.6156949996948242,0.5894527435302734,0.4757859706878662,0.8628668785095215,1.37239408493042,0.5649480819702148,0.5285420417785645,0.6883080005645752,0.6924426555633545,0.8950848579406738,0.7599101066589355,0.557807207107544,0.5647809505462646,1.224327802658081,0.7069261074066162,0.4772350788116455,0.9760549068450928,0.5523891448974609,0.585780143737793,0.6687068939208984,0.5585787296295166,0.6263449192047119,0.4710841178894043,0.501986026763916,0.8725497722625732
0.09	GG	1.0196330547332764,1.0932211875915527,1.9665818214416504,1.1738481521606445,1.0472369194030762,0.8669161796569824,1.1745119094848633,1.0596520900726318,0.7620100975036621,1.2594258785247803,1.1863932609558105,1.724351167678833,1.478835105895996,0.7446351051330566,0.7498898506164551,0.8400540351867676,0.821922779083252,0.6633989810943604,0.7997329235076904,0.7336480617523193,1.2426717281341553,1.6114189624786377,1.4842097759246826,0.906458854675293,1.0502150058746338,0.4793741703033447,1.0759930610656738,1.5322930812835693,0.9056870937347412,1.2467539310455322,1.056183099746704,1.2040507793426514,0.9608099460601807,1.6734237670898438,0.9742558002471924,1.3978822231292725,1.2280771732330322,1.4546430110931396,0.6284549236297607,1.0048649311065674,1.4494049549102783,1.2935791015625,0.8837018013000488,1.2210071086883545,0.9323797225952148,0.7071671485900879,1.369826078414917,0.8177657127380371,0.8114781379699707,0.6236979961395264,0.5006008148193359,1.3164381980895996,1.2658698558807373,1.1273000240325928,1.2821602821350098,1.0879008769989014,1.5647168159484863,0.47680211067199707,1.0510339736938477,1.1856439113616943,0.874690055847168,1.7924127578735352,0.9361090660095215,1.2372829914093018,0.9970028400421143,1.423152208328247,0.4834480285644531,1.4841573238372803,1.0542888641357422,1.421219825744629,1.6094870567321777,1.765151023864746,1.0491788387298584,1.480569839477539,0.8303461074829102,0.9806928634643555,0.9127328395843506,0.7001631259918213,0.8502631187438965,0.8643081188201904,1.568274736404419,1.0090148448944092,0.7725529670715332,1.4751722812652588,1.0566730499267578,1.145400047302246,0.8909449577331543,1.5326411724090576,0.9535372257232666,1.2631621360778809,1.0549259185791016,1.272742748260498,0.8872079849243164,1.132455825805664,1.3105442523956299,0.4875309467315674,1.2585082054138184,0.9737942218780518,0.44071388244628906,1.4219269752502441,0.990074872970581,1.9849231243133545,0.9791779518127441,0.46419596672058105,1.2978999614715576,0.7503948211669922,1.0569961071014404,0.9748020172119141,0.8386099338531494,1.246886968612671,0.9130449295043945,1.113265037536621,1.642181158065796,1.359715223312378,1.1379971504211426,1.0823419094085693,0.8501100540161133,1.0482878684997559,0.86863112449646,1.3468759059906006,1.6695661544799805,1.5841491222381592,1.1393661499023438,1.5825788974761963,1.9647479057312012,1.2871789932250977,1.042206048965454,1.0229039192199707,0.8838779926300049,1.576509952545166,0.7217311859130859,1.7370102405548096,1.0457680225372314,0.6912870407104492,1.0259761810302734,1.7264409065246582,1.2151610851287842,0.66119384765625,1.4028878211975098,0.6520037651062012,1.1165740489959717,1.7842330932617188,1.4567632675170898,0.7148070335388184,0.7794899940490723,0.6847209930419922,1.8236439228057861,1.02821683883667,0.923907995223999,1.1643049716949463,1.197767972946167,1.3649890422821045,1.1548840999603271,1.6544280052185059,0.9950799942016602,1.3561351299285889,1.2030189037322998,0.9241659641265869,1.2580809593200684,1.0801191329956055,0.9137899875640869,1.0831122398376465,1.189579963684082,1.1531291007995605,0.9601140022277832,1.150331735610962,1.6669881343841553,1.144658088684082,0.766139030456543,1.126905918121338,0.8022546768188477,0.46200132369995117,1.0705490112304688,1.3154819011688232,1.1033506393432617,1.0460519790649414,0.6762690544128418,1.232665777206421,1.2401320934295654,1.108832836151123,1.2861928939819336,0.9987928867340088,0.740379810333252,1.5632760524749756,1.1204731464385986,1.1256780624389648,0.7849647998809814,0.9164390563964844,1.1701669692993164,1.1973748207092285,1.607996940612793,1.3754220008850098,0.8208761215209961,1.5356190204620361,0.9486160278320312,1.1981582641601562,1.192018985748291,1.1778831481933594,1.1677608489990234,1.0652611255645752
0.09	GG2	1.0196330547332764,1.0932211875915527,1.9665818214416504,1.1738481521606445,1.0472369194030762,0.8669161796569824,1.1745119094848633,1.0596520900726318,0.7620100975036621,1.2594258785247803,1.1863932609558105,1.724351167678833,1.478835105895996,0.7446351051330566,0.7498898506164551,0.8400540351867676,0.821922779083252,0.6633989810943604,0.7997329235076904,0.7336480617523193,1.2426717281341553,1.6114189624786377,1.4842097759246826,0.906458854675293,1.0502150058746338,0.4793741703033447,1.0759930610656738,1.5322930812835693,0.9056870937347412,1.2467539310455322,1.056183099746704,1.2040507793426514,0.9608099460601807,1.6734237670898438,0.9742558002471924,1.3978822231292725,1.2280771732330322,1.4546430110931396,0.6284549236297607,1.0048649311065674,1.4494049549102783,1.2935791015625,0.8837018013000488,1.2210071086883545,0.9323797225952148,0.7071671485900879,1.369826078414917,0.8177657127380371,0.8114781379699707,0.6236979961395264,0.5006008148193359,1.3164381980895996,1.2658698558807373,1.1273000240325928,1.2821602821350098,1.0879008769989014,1.5647168159484863,0.47680211067199707,1.0510339736938477,1.1856439113616943,0.874690055847168,1.7924127578735352,0.9361090660095215,1.2372829914093018,0.9970028400421143,1.423152208328247,0.4834480285644531,1.4841573238372803,1.0542888641357422,1.421219825744629,1.6094870567321777,1.765151023864746,1.0491788387298584,1.480569839477539,0.8303461074829102,0.9806928634643555,0.9127328395843506,0.7001631259918213,0.8502631187438965,0.8643081188201904,1.568274736404419,1.0090148448944092,0.7725529670715332,1.4751722812652588,1.0566730499267578,1.145400047302246,0.8909449577331543,1.5326411724090576,0.9535372257232666,1.2631621360778809,1.0549259185791016,1.272742748260498,0.8872079849243164,1.132455825805664,1.3105442523956299,0.4875309467315674,1.2585082054138184,0.9737942218780518,0.44071388244628906,1.4219269752502441,0.990074872970581,1.9849231243133545,0.9791779518127441,0.46419596672058105,1.2978999614715576,0.7503948211669922,1.0569961071014404,0.9748020172119141,0.8386099338531494,1.246886968612671,0.9130449295043945,1.113265037536621,1.642181158065796,1.359715223312378,1.1379971504211426,1.0823419094085693,0.8501100540161133,1.0482878684997559,0.86863112449646,1.3468759059906006,1.6695661544799805,1.5841491222381592,1.1393661499023438,1.5825788974761963,1.9647479057312012,1.2871789932250977,1.042206048965454,1.0229039192199707,0.8838779926300049,1.576509952545166,0.7217311859130859,1.7370102405548096,1.0457680225372314,0.6912870407104492,1.0259761810302734,1.7264409065246582,1.2151610851287842,0.66119384765625,1.4028878211975098,0.6520037651062012,1.1165740489959717,1.7842330932617188,1.4567632675170898,0.7148070335388184,0.7794899940490723,0.6847209930419922,1.8236439228057861,1.02821683883667,0.923907995223999,1.1643049716949463,1.197767972946167,1.3649890422821045,1.1548840999603271,1.6544280052185059,0.9950799942016602,1.3561351299285889,1.2030189037322998,0.9241659641265869,1.2580809593200684,1.0801191329956055,0.9137899875640869,1.0831122398376465,1.189579963684082,1.1531291007995605,0.9601140022277832,1.150331735610962,1.6669881343841553,1.144658088684082,0.766139030456543,1.126905918121338,0.8022546768188477,0.46200132369995117,1.0705490112304688,1.3154819011688232,1.1033506393432617,1.0460519790649414,0.6762690544128418,1.232665777206421,1.2401320934295654,1.108832836151123,1.2861928939819336,0.9987928867340088,0.740379810333252,1.5632760524749756,1.1204731464385986,1.1256780624389648,0.7849647998809814,0.9164390563964844,1.1701669692993164,1.1973748207092285,1.607996940612793,1.3754220008850098,0.8208761215209961,1.5356190204620361,0.9486160278320312,1.1981582641601562,1.192018985748291,1.1778831481933594,1.1677608489990234,1.0652611255645752
0.1	GEE	0.025446176528930664,0.0443882942199707,0.026576757431030273,0.030668020248413086,0.026681900024414062,0.028231143951416016,0.02725505828857422,0.027328014373779297,0.038153886795043945,0.026585102081298828,0.02677774429321289,0.026718854904174805,0.026592016220092773,0.027850866317749023,0.03084397315979004,0.02660989761352539,0.027077913284301758,0.02638101577758789,0.02662491798400879,0.03296208381652832,0.02669382095336914,0.03488898277282715,0.02786397933959961,0.03878188133239746,0.0272219181060791,0.028564929962158203,0.07114601135253906,0.027930021286010742,0.02887105941772461,0.04425311088562012,0.02673506736755371,0.02653980255126953,0.027196884155273438,0.026473045349121094,0.026719331741333008,0.028237104415893555,0.028628110885620117,0.027102947235107422,0.02674388885498047,0.028294801712036133,0.02774190902709961,0.026601076126098633,0.027904033660888672,0.03835916519165039,0.02681112289428711,0.02838611602783203,0.02762293815612793,0.027170896530151367,0.027232885360717773,0.02660822868347168,0.026617050170898438,0.028429031372070312,0.027344942092895508,0.02685093879699707,0.04226398468017578,0.026360034942626953,0.028052806854248047,0.028367280960083008,0.026937007904052734,0.026675939559936523,0.026985883712768555,0.027566909790039062,0.028066635131835938,0.027914047241210938,0.02687382698059082,0.028090715408325195,0.027462005615234375,0.03243064880371094,0.026659250259399414,0.02832484245300293,0.026881933212280273,0.0267791748046875,0.027107954025268555,0.028109073638916016,0.029922008514404297,0.02974224090576172,0.02829122543334961,0.028578996658325195,0.027977943420410156,0.028100013732910156,0.026663780212402344,0.027877092361450195,0.031481266021728516,0.03676319122314453,0.026459932327270508,0.028325796127319336,0.027133941650390625,0.028132915496826172,0.027747154235839844,0.029380083084106445,0.028497934341430664,0.02753472328186035,0.028926849365234375,0.02874279022216797,0.029149293899536133,0.028592824935913086,0.03801298141479492,0.028047800064086914,0.027776002883911133,0.02796006202697754,0.027614355087280273,0.028085947036743164,0.02805924415588379,0.028227806091308594,0.028041839599609375,0.028110027313232422,0.028300046920776367,0.02807331085205078,0.02664923667907715,0.027997970581054688,0.028750181198120117,0.027029037475585938,0.028149127960205078,0.027829885482788086,0.028118133544921875,0.027720212936401367,0.027974843978881836,0.028517961502075195,0.028076648712158203,0.029718637466430664,0.02924799919128418,0.028173208236694336,0.028617143630981445,0.028486967086791992,0.028481006622314453,0.02876901626586914,0.029321908950805664,0.027925968170166016,0.0292510986328125,0.028192758560180664,0.02727675437927246,0.02738809585571289,0.027745962142944336,0.02806997299194336,0.02802109718322754,0.0323789119720459,0.03003692626953125,0.0290529727935791,0.02788996696472168,0.02907705307006836,0.026877880096435547,0.027868986129760742,0.029498815536499023,0.028315305709838867,0.02651500701904297,0.028823137283325195,0.03119373321533203,0.030514001846313477,0.02806997299194336,0.028107643127441406,0.027707815170288086,0.027213096618652344,0.026803016662597656,0.02735114097595215,0.028093814849853516,0.026851892471313477,0.02887558937072754,0.027721166610717773,0.028379201889038086,0.027894973754882812,0.02896595001220703,0.029078006744384766,0.02792978286743164,0.028076171875,0.0265047550201416,0.03236508369445801,0.02810215950012207,0.028058767318725586,0.027915000915527344,0.028142929077148438,0.028306245803833008,0.028974056243896484,0.02796792984008789,0.028268098831176758,0.028249263763427734,0.027570724487304688,0.028465986251831055,0.03139305114746094,0.028223037719726562,0.07144498825073242,0.028212785720825195,0.03713202476501465,0.02849102020263672,0.02880692481994629,0.0276029109954834,0.02799201011657715,0.029736995697021484,0.03069281578063965,0.02872610092163086,0.028818130493164062,0.02806711196899414,0.026700973510742188,0.026760101318359375,0.026541948318481445,0.026678085327148438,0.02650594711303711,0.026699066162109375,0.029904842376708984,0.027901887893676758,0.028230905532836914
0.1	GNN	0.6054320335388184,0.6500799655914307,0.553199052810669,0.5063321590423584,0.7747988700866699,0.5154209136962891,0.6758301258087158,0.5547049045562744,0.5220820903778076,0.5666508674621582,1.5583679676055908,0.9095730781555176,0.9002039432525635,0.9023611545562744,0.6772727966308594,0.808051347732544,0.7028422355651855,0.5331602096557617,0.8778402805328369,1.100088119506836,0.6992940902709961,0.5181159973144531,0.5989439487457275,0.5120136737823486,0.4853689670562744,0.8496730327606201,0.7637939453125,0.48430800437927246,0.7766788005828857,1.1704308986663818,0.9041790962219238,0.5451998710632324,0.470257043838501,0.8524360656738281,0.7578308582305908,0.9114668369293213,0.9590823650360107,0.7496740818023682,0.8602769374847412,0.5057673454284668,0.9641001224517822,1.101869821548462,1.011497974395752,0.524320125579834,0.8790378570556641,0.49968504905700684,0.9662814140319824,0.621182918548584,0.873140811920166,0.7585220336914062,0.790928840637207,0.5849270820617676,0.8481729030609131,0.9578859806060791,0.5438961982727051,0.48717188835144043,0.52313232421875,0.9609198570251465,0.5230553150177002,0.9155430793762207,0.7339341640472412,0.5590240955352783,0.6292200088500977,1.4395530223846436,0.7157008647918701,0.9765927791595459,0.9423019886016846,0.6784749031066895,1.4990179538726807,0.5080866813659668,0.48806285858154297,0.7806270122528076,0.8939399719238281,0.9494888782501221,0.5196120738983154,0.7294273376464844,0.653331995010376,0.5511131286621094,0.9694199562072754,0.7501192092895508,0.5846219062805176,0.5323309898376465,0.49901270866394043,0.7171201705932617,0.6145069599151611,0.8172500133514404,0.6977217197418213,0.5131587982177734,0.854193925857544,0.8324241638183594,0.5342850685119629,0.5690712928771973,0.7766189575195312,0.5628938674926758,0.515800952911377,0.6799981594085693,0.7967219352722168,0.740018367767334,0.6407120227813721,0.5721440315246582,0.5151629447937012,0.48839807510375977,0.6894683837890625,0.6464078426361084,0.7946219444274902,0.9867157936096191,0.8324630260467529,0.9220988750457764,0.6019439697265625,0.5512940883636475,0.6994190216064453,0.6408212184906006,0.8382201194763184,0.5159561634063721,0.5673117637634277,0.6103522777557373,0.5885100364685059,1.2955670356750488,1.4337639808654785,1.5023517608642578,0.5483407974243164,0.5542721748352051,0.5287289619445801,0.6656031608581543,0.6959419250488281,1.0176448822021484,0.6153600215911865,1.0062980651855469,0.7320139408111572,0.6864068508148193,0.6642940044403076,0.6400189399719238,0.7565879821777344,0.8814878463745117,0.7499358654022217,0.590749979019165,0.7243950366973877,1.4994118213653564,0.5518162250518799,0.5935611724853516,0.8087937831878662,0.5619277954101562,0.6759490966796875,0.5713720321655273,0.5743987560272217,0.6571140289306641,0.6417548656463623,0.5934998989105225,1.0378658771514893,1.0614430904388428,0.7461509704589844,0.7703168392181396,1.2215311527252197,0.8426790237426758,1.2293198108673096,0.5077979564666748,1.1504278182983398,0.6877729892730713,0.5792379379272461,0.49690794944763184,0.5493459701538086,0.8025329113006592,0.7158341407775879,0.6993169784545898,0.6271538734436035,0.6954598426818848,0.594947099685669,0.8630900382995605,1.08980393409729,0.9476399421691895,0.5078709125518799,1.0218710899353027,1.0108537673950195,0.4875321388244629,0.5082311630249023,0.5293319225311279,0.962871789932251,0.5356190204620361,0.6229519844055176,0.7052569389343262,0.811669111251831,0.4723849296569824,0.5445699691772461,1.1581730842590332,0.8551669120788574,0.4470548629760742,0.4048731327056885,0.6160440444946289,0.982424259185791,0.586726188659668,0.3810548782348633,0.5372352600097656,0.8686439990997314,0.5690879821777344,0.5005688667297363,0.42814087867736816,0.6070499420166016,0.6694278717041016,0.43172788619995117,0.3700442314147949
0.1	GG	1.0822432041168213,0.9631881713867188,1.6958279609680176,0.6565849781036377,0.8007447719573975,0.5819070339202881,1.327341079711914,1.0251519680023193,0.9165949821472168,0.9361011981964111,1.0937001705169678,1.7537791728973389,1.4932568073272705,0.7901420593261719,0.7282931804656982,0.9296987056732178,0.8160398006439209,0.7578818798065186,0.8308899402618408,1.2016808986663818,1.3914837837219238,1.747196912765503,2.01712703704834,1.0370380878448486,0.7057201862335205,0.48284196853637695,1.1062347888946533,1.4130210876464844,1.0130412578582764,0.7656469345092773,1.1033079624176025,1.212764024734497,1.0521700382232666,1.0997698307037354,0.6686301231384277,1.0997729301452637,1.3970637321472168,1.0713751316070557,1.696911096572876,1.5332260131835938,1.4611577987670898,1.1685600280761719,0.9790899753570557,1.8455970287322998,0.8732209205627441,0.7817959785461426,1.2821197509765625,0.9257311820983887,1.3244261741638184,0.5657541751861572,0.5285999774932861,1.2567408084869385,1.1674041748046875,0.9085178375244141,2.1989729404449463,1.1621670722961426,0.9881517887115479,0.49132204055786133,0.9813587665557861,1.0625979900360107,1.0227727890014648,1.4225380420684814,0.547274112701416,1.3961498737335205,0.9958481788635254,1.2626979351043701,0.5283811092376709,1.1535580158233643,1.330923080444336,1.497800350189209,1.2498209476470947,2.2785420417785645,0.7122278213500977,1.26904296875,0.7628259658813477,0.6824309825897217,0.9381890296936035,0.6239399909973145,1.1850409507751465,0.9822921752929688,1.1307780742645264,0.9314680099487305,0.8441572189331055,1.3467891216278076,0.9686598777770996,0.6855471134185791,1.0995912551879883,1.9214062690734863,1.211341142654419,1.3981308937072754,0.9814939498901367,1.4207639694213867,0.9708290100097656,1.2396502494812012,1.6827280521392822,1.36260986328125,1.120995044708252,1.2378718852996826,0.48136305809020996,1.5327649116516113,1.6408641338348389,0.5200779438018799,0.9471468925476074,0.4800288677215576,1.244683027267456,0.7231922149658203,1.2200648784637451,1.091465950012207,1.4080572128295898,1.3046650886535645,1.340688943862915,1.5536530017852783,1.1387441158294678,1.9874191284179688,1.0980610847473145,1.1373019218444824,1.6120219230651855,1.1688232421875,1.029630184173584,1.4109771251678467,1.30381178855896,1.6036159992218018,0.7222390174865723,1.4064218997955322,2.0510332584381104,1.2130179405212402,1.0625731945037842,0.9807097911834717,1.351416826248169,1.5261240005493164,1.0787792205810547,1.1752598285675049,1.4206888675689697,1.1720209121704102,1.2347140312194824,1.2205619812011719,1.314337968826294,0.6853351593017578,1.5257389545440674,0.7080597877502441,1.940566062927246,1.2986860275268555,1.4256980419158936,0.7240550518035889,0.7976980209350586,1.232041835784912,1.1498770713806152,0.8831989765167236,1.010293960571289,1.2899389266967773,0.810265064239502,1.0314669609069824,0.4939119815826416,1.091425895690918,1.1174499988555908,1.6084699630737305,1.1054129600524902,0.720451831817627,1.267646074295044,1.2869441509246826,1.1323440074920654,1.2341628074645996,1.1596019268035889,1.0766987800598145,1.20316481590271,1.1209690570831299,0.5016379356384277,0.8688068389892578,0.8156249523162842,0.817457914352417,1.1412479877471924,1.3891899585723877,1.362549066543579,1.2429540157318115,1.2365539073944092,1.239527940750122,0.793910026550293,1.2730178833007812,1.2587189674377441,1.5219001770019531,1.3107759952545166,1.3154301643371582,0.7703838348388672,1.335371971130371,0.7851841449737549,0.8648831844329834,0.6943359375,0.9913427829742432,1.2526679039001465,1.1413068771362305,0.587151288986206,0.8709917068481445,0.6036028861999512,0.9294149875640869,0.7964022159576416,0.9085979461669922,1.132025957107544,1.4506309032440186,0.8809092044830322,0.7282669544219971
0.1	GG2	1.0822432041168213,0.9631881713867188,1.6958279609680176,0.6565849781036377,0.8007447719573975,0.5819070339202881,1.327341079711914,1.0251519680023193,0.9165949821472168,0.9361011981964111,1.0937001705169678,1.7537791728973389,1.4932568073272705,0.7901420593261719,0.7282931804656982,0.9296987056732178,0.8160398006439209,0.7578818798065186,0.8308899402618408,1.2016808986663818,1.3914837837219238,1.747196912765503,2.01712703704834,1.0370380878448486,0.7057201862335205,0.48284196853637695,1.1062347888946533,1.4130210876464844,1.0130412578582764,0.7656469345092773,1.1033079624176025,1.212764024734497,1.0521700382232666,1.0997698307037354,0.6686301231384277,1.0997729301452637,1.3970637321472168,1.0713751316070557,1.696911096572876,1.5332260131835938,1.4611577987670898,1.1685600280761719,0.9790899753570557,1.8455970287322998,0.8732209205627441,0.7817959785461426,1.2821197509765625,0.9257311820983887,1.3244261741638184,0.5657541751861572,0.5285999774932861,1.2567408084869385,1.1674041748046875,0.9085178375244141,2.1989729404449463,1.1621670722961426,0.9881517887115479,0.49132204055786133,0.9813587665557861,1.0625979900360107,1.0227727890014648,1.4225380420684814,0.547274112701416,1.3961498737335205,0.9958481788635254,1.2626979351043701,0.5283811092376709,1.1535580158233643,1.330923080444336,1.497800350189209,1.2498209476470947,2.2785420417785645,0.7122278213500977,1.26904296875,0.7628259658813477,0.6824309825897217,0.9381890296936035,0.6239399909973145,1.1850409507751465,0.9822921752929688,1.1307780742645264,0.9314680099487305,0.8441572189331055,1.3467891216278076,0.9686598777770996,0.6855471134185791,1.0995912551879883,1.9214062690734863,1.211341142654419,1.3981308937072754,0.9814939498901367,1.4207639694213867,0.9708290100097656,1.2396502494812012,1.6827280521392822,1.36260986328125,1.120995044708252,1.2378718852996826,0.48136305809020996,1.5327649116516113,1.6408641338348389,0.5200779438018799,0.9471468925476074,0.4800288677215576,1.244683027267456,0.7231922149658203,1.2200648784637451,1.091465950012207,1.4080572128295898,1.3046650886535645,1.340688943862915,1.5536530017852783,1.1387441158294678,1.9874191284179688,1.0980610847473145,1.1373019218444824,1.6120219230651855,1.1688232421875,1.029630184173584,1.4109771251678467,1.30381178855896,1.6036159992218018,0.7222390174865723,1.4064218997955322,2.0510332584381104,1.2130179405212402,1.0625731945037842,0.9807097911834717,1.351416826248169,1.5261240005493164,1.0787792205810547,1.1752598285675049,1.4206888675689697,1.1720209121704102,1.2347140312194824,1.2205619812011719,1.314337968826294,0.6853351593017578,1.5257389545440674,0.7080597877502441,1.940566062927246,1.2986860275268555,1.4256980419158936,0.7240550518035889,0.7976980209350586,1.232041835784912,1.1498770713806152,0.8831989765167236,1.010293960571289,1.2899389266967773,0.810265064239502,1.0314669609069824,0.4939119815826416,1.091425895690918,1.1174499988555908,1.6084699630737305,1.1054129600524902,0.720451831817627,1.267646074295044,1.2869441509246826,1.1323440074920654,1.2341628074645996,1.1596019268035889,1.0766987800598145,1.20316481590271,1.1209690570831299,0.5016379356384277,0.8688068389892578,0.8156249523162842,0.817457914352417,1.1412479877471924,1.3891899585723877,1.362549066543579,1.2429540157318115,1.2365539073944092,1.239527940750122,0.793910026550293,1.2730178833007812,1.2587189674377441,1.5219001770019531,1.3107759952545166,1.3154301643371582,0.7703838348388672,1.335371971130371,0.7851841449737549,0.8648831844329834,0.6943359375,0.9913427829742432,1.2526679039001465,1.1413068771362305,0.587151288986206,0.8709917068481445,0.6036028861999512,0.9294149875640869,0.7964022159576416,0.9085979461669922,1.132025957107544,1.4506309032440186,0.8809092044830322,0.7282669544219971
0.11	GEE	0.02635502815246582,0.029175758361816406,0.02852773666381836,0.02917027473449707,0.029983997344970703,0.02944469451904297,0.03081679344177246,0.029342174530029297,0.029660940170288086,0.027933835983276367,0.030869007110595703,0.04989910125732422,0.02852010726928711,0.029630184173583984,0.029783010482788086,0.02874279022216797,0.028486967086791992,0.0296478271484375,0.029092073440551758,0.028269052505493164,0.028093338012695312,0.028753042221069336,0.02924799919128418,0.028441905975341797,0.03052806854248047,0.029102802276611328,0.039016008377075195,0.029747962951660156,0.03037571907043457,0.030436992645263672,0.029045820236206055,0.028573036193847656,0.029275178909301758,0.028653860092163086,0.028424978256225586,0.028341054916381836,0.028262853622436523,0.028545141220092773,0.03556084632873535,0.02846980094909668,0.029435157775878906,0.028918743133544922,0.03368711471557617,0.02828693389892578,0.030070066452026367,0.0282747745513916,0.029505014419555664,0.029956817626953125,0.028136253356933594,0.028763294219970703,0.031032800674438477,0.029939889907836914,0.02919912338256836,0.02812504768371582,0.030303955078125,0.029163837432861328,0.029748916625976562,0.029778242111206055,0.028205156326293945,0.02825188636779785,0.0293121337890625,0.030168771743774414,0.030154943466186523,0.028619050979614258,0.030402183532714844,0.029955148696899414,0.028993844985961914,0.028959035873413086,0.02898383140563965,0.02840900421142578,0.02988409996032715,0.02860426902770996,0.02998828887939453,0.029685020446777344,0.029321908950805664,0.030957937240600586,0.030524015426635742,0.036000967025756836,0.030125141143798828,0.02998185157775879,0.030198097229003906,0.02973794937133789,0.029850244522094727,0.02981877326965332,0.029679059982299805,0.0284421443939209,0.029412031173706055,0.030225038528442383,0.03184103965759277,0.035192012786865234,0.029469013214111328,0.03201627731323242,0.029508113861083984,0.029782772064208984,0.032614946365356445,0.030227184295654297,0.03460097312927246,0.030557870864868164,0.029904842376708984,0.030276775360107422,0.030030012130737305,0.03045201301574707,0.031031131744384766,0.02963995933532715,0.03132987022399902,0.029932737350463867,0.03363609313964844,0.030085325241088867,0.035597801208496094,0.030560970306396484,0.034429073333740234,0.03203582763671875,0.030317068099975586,0.03273296356201172,0.02955007553100586,0.029993057250976562,0.029587984085083008,0.031685829162597656,0.03022003173828125,0.03654289245605469,0.0316619873046875,0.03214406967163086,0.03148293495178223,0.0343320369720459,0.033396005630493164,0.02996683120727539,0.03595542907714844,0.029788970947265625,0.034581899642944336,0.03191328048706055,0.029883861541748047,0.031967878341674805,0.03265094757080078,0.034336090087890625,0.02999091148376465,0.03592967987060547,0.03167390823364258,0.031880855560302734,0.0304262638092041,0.03139901161193848,0.07312321662902832,0.0327911376953125,0.03307199478149414,0.029834985733032227,0.03317904472351074,0.032438039779663086,0.03171110153198242,0.03193807601928711,0.03150200843811035,0.03311324119567871,0.03182411193847656,0.031373023986816406,0.030321836471557617,0.029989957809448242,0.0332798957824707,0.029478073120117188,0.03107285499572754,0.029821395874023438,0.03138113021850586,0.030543088912963867,0.0309450626373291,0.03178119659423828,0.03241276741027832,0.03352236747741699,0.03223681449890137,0.031655073165893555,0.03077387809753418,0.032366275787353516,0.03398919105529785,0.0324249267578125,0.03788399696350098,0.038134098052978516,0.0304110050201416,0.031494140625,0.04239702224731445,0.03031611442565918,0.03365802764892578,0.03314375877380371,0.02992415428161621,0.030475139617919922,0.030563831329345703,0.033049821853637695,0.03056192398071289,0.03259611129760742,0.03154110908508301,0.033039093017578125,0.0317380428314209,0.029938220977783203,0.029938936233520508,0.030012130737304688,0.031440019607543945,0.03368997573852539,0.032572269439697266,0.029835939407348633,0.030148029327392578,0.029735803604125977,0.03191089630126953,0.029764175415039062,0.030963897705078125,0.03224992752075195
0.11	GNN	0.4411931037902832,0.49107789993286133,0.43752384185791016,0.7072570323944092,0.6829900741577148,0.4916810989379883,0.4975712299346924,0.4238090515136719,0.5282621383666992,0.45314478874206543,0.4692659378051758,0.9436309337615967,0.8279111385345459,0.6827590465545654,0.6540369987487793,0.6303050518035889,0.660876989364624,0.5627250671386719,0.9048209190368652,0.6239070892333984,1.0317931175231934,0.5463888645172119,0.9218399524688721,0.5355398654937744,0.4266819953918457,1.1431679725646973,0.6437461376190186,0.5751128196716309,1.3878989219665527,0.8809821605682373,1.0173370838165283,0.49291276931762695,0.9511580467224121,0.4364280700683594,0.5789599418640137,0.5154449939727783,0.680527925491333,0.7766761779785156,1.132086992263794,0.439453125,0.6913337707519531,0.9405028820037842,0.6313591003417969,0.4406728744506836,0.5126640796661377,0.5370068550109863,0.8507590293884277,0.8466670513153076,0.47275304794311523,0.6880199909210205,0.776702880859375,0.4748821258544922,0.9660911560058594,0.838447093963623,0.5940449237823486,0.5192630290985107,1.0985352993011475,1.4042460918426514,0.5610249042510986,0.9561488628387451,0.5767149925231934,0.7710480690002441,0.5737671852111816,0.7113490104675293,0.88360595703125,1.2158668041229248,0.9551827907562256,0.5976340770721436,0.5941300392150879,0.6524701118469238,0.470531702041626,0.8854289054870605,1.41062593460083,0.8090698719024658,0.7805750370025635,0.8095622062683105,1.1628038883209229,0.9007589817047119,0.9516940116882324,0.6560420989990234,0.64652419090271,0.7691373825073242,0.855355978012085,0.6309618949890137,0.8632400035858154,0.7468781471252441,0.5286500453948975,0.9860231876373291,0.862307071685791,0.6320738792419434,0.534480094909668,1.1734042167663574,0.5364632606506348,0.5977699756622314,0.5967066287994385,2.0780210494995117,0.9472591876983643,0.45772314071655273,0.5823690891265869,0.630687952041626,0.5212030410766602,0.622241735458374,0.5817842483520508,0.5590169429779053,0.7715301513671875,0.47391724586486816,0.4476490020751953,0.6622152328491211,0.6376550197601318,0.7324779033660889,0.5719499588012695,1.085510015487671,0.9189229011535645,0.9702620506286621,0.578620195388794,0.6381058692932129,0.5929720401763916,1.1635658740997314,0.49552488327026367,0.8424839973449707,0.6353271007537842,0.7458810806274414,0.6278250217437744,0.5818068981170654,1.1981799602508545,0.9169700145721436,0.6267461776733398,1.052950143814087,1.0357248783111572,0.6208877563476562,0.6256542205810547,0.5433139801025391,0.8958461284637451,1.3558318614959717,0.979485034942627,0.5257840156555176,0.5817530155181885,0.610914945602417,0.6218898296356201,0.6152000427246094,0.5620408058166504,0.6325650215148926,0.6457691192626953,0.5589911937713623,0.7925279140472412,0.6013278961181641,0.9356529712677002,1.3247592449188232,1.0569219589233398,0.4682440757751465,0.6886279582977295,0.594412088394165,0.6375761032104492,0.7962889671325684,1.0999481678009033,0.5229418277740479,0.5136370658874512,0.908118724822998,0.8491439819335938,0.9563288688659668,0.8792381286621094,0.8236269950866699,0.5636317729949951,0.6024630069732666,1.01774001121521,0.6540422439575195,0.5022761821746826,1.1087069511413574,1.0012788772583008,0.6492397785186768,0.6275930404663086,0.791679859161377,0.9803972244262695,0.5958712100982666,0.7231001853942871,0.6103301048278809,1.6589560508728027,1.1205220222473145,0.6626899242401123,2.2145111560821533,0.5026612281799316,0.5479059219360352,1.1257438659667969,1.3763160705566406,1.7319788932800293,0.5532791614532471,0.6270670890808105,0.6274449825286865,1.1479911804199219,1.2673869132995605,0.6289238929748535,0.8966116905212402,1.6399681568145752,0.6654648780822754,0.8522560596466064,0.594357967376709,1.5168390274047852,0.6567378044128418,0.5819897651672363,0.714608907699585
0.11	GG	1.0870888233184814,0.802513837814331,1.1657729148864746,0.7549920082092285,0.8669109344482422,0.7330038547515869,1.193443775177002,0.9877748489379883,0.8231046199798584,1.2953262329101562,1.1726207733154297,1.03106689453125,1.332643985748291,0.5821030139923096,0.5602891445159912,0.7731990814208984,1.28792405128479,1.0786519050598145,0.7051830291748047,0.5872170925140381,1.025984764099121,1.5011179447174072,1.8243958950042725,1.0589561462402344,1.0483980178833008,0.48444414138793945,1.2186269760131836,1.5102322101593018,0.9189839363098145,0.8639779090881348,1.0235960483551025,1.085744857788086,0.9143078327178955,1.1171479225158691,0.9631040096282959,1.1160669326782227,1.2721259593963623,1.280259132385254,0.5626480579376221,0.9789831638336182,0.5550851821899414,1.731760025024414,1.0322637557983398,1.1954848766326904,0.9348948001861572,0.8366351127624512,1.1854419708251953,1.0034959316253662,0.8175170421600342,0.8700883388519287,0.48975205421447754,1.1536476612091064,0.9503211975097656,1.0809400081634521,1.3329150676727295,0.9777531623840332,0.8977429866790771,0.4458889961242676,0.7338051795959473,1.007978916168213,1.022634744644165,1.5507380962371826,0.5798487663269043,1.3696510791778564,1.3629610538482666,0.6121010780334473,0.4373660087585449,1.435910701751709,1.6157169342041016,2.06899094581604,1.8917031288146973,1.1584279537200928,0.5377681255340576,0.9236500263214111,0.6919522285461426,0.656804084777832,1.1647717952728271,0.7488048076629639,0.980334997177124,0.9238698482513428,1.0470540523529053,1.1228218078613281,0.9746942520141602,0.7546861171722412,0.9921658039093018,0.7474198341369629,0.9184861183166504,1.6828842163085938,1.121490716934204,0.6380102634429932,0.912207841873169,1.525101900100708,0.9377689361572266,1.2958648204803467,1.4604551792144775,0.5169649124145508,1.032952070236206,1.116400957107544,0.5274989604949951,1.547767162322998,1.3131029605865479,1.1864111423492432,1.2481598854064941,0.5820379257202148,1.1782310009002686,1.43930983543396,1.387951135635376,0.8700389862060547,1.05594801902771,1.4582741260528564,1.013261079788208,1.325517177581787,1.1927061080932617,1.38909912109375,1.0221588611602783,1.9462451934814453,1.381793737411499,0.5434339046478271,1.0661439895629883,1.9019451141357422,1.2466769218444824,1.4369449615478516,0.5752370357513428,1.9235260486602783,1.3147361278533936,1.5900039672851562,1.135941743850708,1.0708329677581787,1.0273027420043945,1.956510305404663,0.7382588386535645,1.3097500801086426,0.8233189582824707,1.03468918800354,1.2393848896026611,1.3066601753234863,1.2528462409973145,0.7505500316619873,1.36440110206604,1.161529779434204,1.8042302131652832,1.1360909938812256,1.352491855621338,0.9428308010101318,0.977003812789917,0.9034101963043213,1.2786180973052979,0.9242880344390869,0.8763301372528076,1.5819299221038818,1.3137526512145996,1.6567542552947998,0.453092098236084,1.499189853668213,0.887509822845459,1.6607210636138916,1.2915868759155273,1.0821161270141602,1.1676459312438965,1.5349361896514893,1.283160924911499,1.2581307888031006,1.2230501174926758,0.9393720626831055,0.743394136428833,1.4933009147644043,0.6164469718933105,0.812748908996582,0.8623781204223633,0.7537581920623779,1.6023900508880615,0.4799790382385254,1.3670499324798584,1.543848991394043,1.314070701599121,0.6694331169128418,0.6957991123199463,1.144301176071167,1.3829870223999023,0.7718667984008789,1.5835278034210205,0.5854411125183105,0.9008879661560059,1.1791398525238037,1.162796974182129,1.2944889068603516,0.9224088191986084,0.6946790218353271,1.471174955368042,1.491731882095337,1.8104407787322998,1.3950130939483643,1.0440599918365479,1.5282161235809326,1.1044859886169434,1.3258798122406006,1.1292698383331299,1.389192819595337,1.1893901824951172,0.9177510738372803
0.11	GG2	1.0870888233184814,0.802513837814331,1.1657729148864746,0.7549920082092285,0.8669109344482422,0.7330038547515869,1.193443775177002,0.9877748489379883,0.8231046199798584,1.2953262329101562,1.1726207733154297,1.03106689453125,1.332643985748291,0.5821030139923096,0.5602891445159912,0.7731990814208984,1.28792405128479,1.0786519050598145,0.7051830291748047,0.5872170925140381,1.025984764099121,1.5011179447174072,1.8243958950042725,1.0589561462402344,1.0483980178833008,0.48444414138793945,1.2186269760131836,1.5102322101593018,0.9189839363098145,0.8639779090881348,1.0235960483551025,1.085744857788086,0.9143078327178955,1.1171479225158691,0.9631040096282959,1.1160669326782227,1.2721259593963623,1.280259132385254,0.5626480579376221,0.9789831638336182,0.5550851821899414,1.731760025024414,1.0322637557983398,1.1954848766326904,0.9348948001861572,0.8366351127624512,1.1854419708251953,1.0034959316253662,0.8175170421600342,0.8700883388519287,0.48975205421447754,1.1536476612091064,0.9503211975097656,1.0809400081634521,1.3329150676727295,0.9777531623840332,0.8977429866790771,0.4458889961242676,0.7338051795959473,1.007978916168213,1.022634744644165,1.5507380962371826,0.5798487663269043,1.3696510791778564,1.3629610538482666,0.6121010780334473,0.4373660087585449,1.435910701751709,1.6157169342041016,2.06899094581604,1.8917031288146973,1.1584279537200928,0.5377681255340576,0.9236500263214111,0.6919522285461426,0.656804084777832,1.1647717952728271,0.7488048076629639,0.980334997177124,0.9238698482513428,1.0470540523529053,1.1228218078613281,0.9746942520141602,0.7546861171722412,0.9921658039093018,0.7474198341369629,0.9184861183166504,1.6828842163085938,1.121490716934204,0.6380102634429932,0.912207841873169,1.525101900100708,0.9377689361572266,1.2958648204803467,1.4604551792144775,0.5169649124145508,1.032952070236206,1.116400957107544,0.5274989604949951,1.547767162322998,1.3131029605865479,1.1864111423492432,1.2481598854064941,0.5820379257202148,1.1782310009002686,1.43930983543396,1.387951135635376,0.8700389862060547,1.05594801902771,1.4582741260528564,1.013261079788208,1.325517177581787,1.1927061080932617,1.38909912109375,1.0221588611602783,1.9462451934814453,1.381793737411499,0.5434339046478271,1.0661439895629883,1.9019451141357422,1.2466769218444824,1.4369449615478516,0.5752370357513428,1.9235260486602783,1.3147361278533936,1.5900039672851562,1.135941743850708,1.0708329677581787,1.0273027420043945,1.956510305404663,0.7382588386535645,1.3097500801086426,0.8233189582824707,1.03468918800354,1.2393848896026611,1.3066601753234863,1.2528462409973145,0.7505500316619873,1.36440110206604,1.161529779434204,1.8042302131652832,1.1360909938812256,1.352491855621338,0.9428308010101318,0.977003812789917,0.9034101963043213,1.2786180973052979,0.9242880344390869,0.8763301372528076,1.5819299221038818,1.3137526512145996,1.6567542552947998,0.453092098236084,1.499189853668213,0.887509822845459,1.6607210636138916,1.2915868759155273,1.0821161270141602,1.1676459312438965,1.5349361896514893,1.283160924911499,1.2581307888031006,1.2230501174926758,0.9393720626831055,0.743394136428833,1.4933009147644043,0.6164469718933105,0.812748908996582,0.8623781204223633,0.7537581920623779,1.6023900508880615,0.4799790382385254,1.3670499324798584,1.543848991394043,1.314070701599121,0.6694331169128418,0.6957991123199463,1.144301176071167,1.3829870223999023,0.7718667984008789,1.5835278034210205,0.5854411125183105,0.9008879661560059,1.1791398525238037,1.162796974182129,1.2944889068603516,0.9224088191986084,0.6946790218353271,1.471174955368042,1.491731882095337,1.8104407787322998,1.3950130939483643,1.0440599918365479,1.5282161235809326,1.1044859886169434,1.3258798122406006,1.1292698383331299,1.389192819595337,1.1893901824951172,0.9177510738372803
0.12	GEE	0.032472848892211914,0.03218793869018555,0.034338951110839844,0.033840179443359375,0.03437685966491699,0.03227496147155762,0.03295183181762695,0.03439617156982422,0.03412914276123047,0.03309893608093262,0.03670787811279297,0.03310513496398926,0.0325322151184082,0.03493690490722656,0.03473305702209473,0.03231692314147949,0.033145904541015625,0.03397083282470703,0.034638166427612305,0.036421775817871094,0.03360414505004883,0.03992819786071777,0.038339853286743164,0.03300023078918457,0.03539609909057617,0.03229713439941406,0.03407692909240723,0.03996086120605469,0.032370805740356445,0.032112836837768555,0.032160043716430664,0.03192710876464844,0.03310394287109375,0.034379005432128906,0.03240513801574707,0.03287506103515625,0.03228282928466797,0.045974016189575195,0.03479909896850586,0.035445213317871094,0.03430819511413574,0.031771183013916016,0.03232288360595703,0.03432202339172363,0.03208613395690918,0.03339982032775879,0.04607892036437988,0.03307390213012695,0.03251981735229492,0.03711199760437012,0.03232622146606445,0.03233003616333008,0.03417372703552246,0.03205132484436035,0.032060861587524414,0.03200268745422363,0.033109188079833984,0.03188800811767578,0.034204959869384766,0.037915706634521484,0.03953385353088379,0.03245997428894043,0.03215909004211426,0.03220677375793457,0.03343677520751953,0.03376626968383789,0.03434586524963379,0.033857107162475586,0.03661394119262695,0.031883955001831055,0.0352330207824707,0.03233504295349121,0.0319828987121582,0.032022714614868164,0.032572031021118164,0.03233599662780762,0.0320279598236084,0.03582429885864258,0.033310890197753906,0.03226423263549805,0.06170487403869629,0.03248119354248047,0.03306889533996582,0.03236889839172363,0.031951904296875,0.036749839782714844,0.03250908851623535,0.03200793266296387,0.032835960388183594,0.0340578556060791,0.03214526176452637,0.036434173583984375,0.03257608413696289,0.03381466865539551,0.032945871353149414,0.042452096939086914,0.03306698799133301,0.03590893745422363,0.03302288055419922,0.0322871208190918,0.032270193099975586,0.04708099365234375,0.03551220893859863,0.0327601432800293,0.03305315971374512,0.034570932388305664,0.03476381301879883,0.04386711120605469,0.03228187561035156,0.0336918830871582,0.03324079513549805,0.03220081329345703,0.03193998336791992,0.03207206726074219,0.03208017349243164,0.033745765686035156,0.03195309638977051,0.057251691818237305,0.03398776054382324,0.04020380973815918,0.04001307487487793,0.03459978103637695,0.0318598747253418,0.0346522331237793,0.03203582763671875,0.038706064224243164,0.03219008445739746,0.03193807601928711,0.04908609390258789,0.03241276741027832,0.034065961837768555,0.031939029693603516,0.04481101036071777,0.03265571594238281,0.03202986717224121,0.03567385673522949,0.03196406364440918,0.03335213661193848,0.04409503936767578,0.03599905967712402,0.03973817825317383,0.03415083885192871,0.03353309631347656,0.03422808647155762,0.03538799285888672,0.03293418884277344,0.0353388786315918,0.032691001892089844,0.03266716003417969,0.03249192237854004,0.0484621524810791,0.033998966217041016,0.03565716743469238,0.03449606895446777,0.0331728458404541,0.033979177474975586,0.03251004219055176,0.04503488540649414,0.03396034240722656,0.03424191474914551,0.04422402381896973,0.03396797180175781,0.034316062927246094,0.050076961517333984,0.03413820266723633,0.032360076904296875,0.033296823501586914,0.0319821834564209,0.03445601463317871,0.03266596794128418,0.04372096061706543,0.0345609188079834,0.032900094985961914,0.03273606300354004,0.034178972244262695,0.03257608413696289,0.03356003761291504,0.034123897552490234,0.032234907150268555,0.034005165100097656,0.03208589553833008,0.03397989273071289,0.03244805335998535,0.03434610366821289,0.03223299980163574,0.03297996520996094,0.035692691802978516,0.033315181732177734,0.03916215896606445,0.034542083740234375,0.04066205024719238,0.032476186752319336,0.0325777530670166,0.032231807708740234,0.03975176811218262,0.03293919563293457,0.03220510482788086,0.03200984001159668,0.06138896942138672,0.03224825859069824
0.12	GNN	1.2735822200775146,0.9309239387512207,0.601632833480835,1.2546031475067139,1.4736859798431396,0.6108231544494629,0.8843660354614258,0.5472760200500488,0.8246979713439941,0.8423359394073486,1.43851637840271,1.3643479347229004,0.6549439430236816,0.9265007972717285,0.8240909576416016,0.6726508140563965,0.8611459732055664,0.554415225982666,1.4300053119659424,1.6881649494171143,0.7163410186767578,0.7347371578216553,0.7335727214813232,1.029883861541748,0.6527810096740723,0.7327940464019775,0.570026159286499,0.6335499286651611,0.8649518489837646,0.8877921104431152,0.8119091987609863,0.9419689178466797,0.8389298915863037,0.6551227569580078,0.8424530029296875,0.6893079280853271,1.7008130550384521,0.9644248485565186,1.0792601108551025,0.9028069972991943,0.6728579998016357,0.7128469944000244,0.7751319408416748,0.736929178237915,0.6075999736785889,0.9318499565124512,0.6952219009399414,1.0268001556396484,0.6701991558074951,0.7744169235229492,0.6759071350097656,0.7225730419158936,0.6059060096740723,1.2785179615020752,0.6535990238189697,0.62811279296875,0.5386812686920166,0.9120099544525146,1.07027006149292,0.6507651805877686,0.5509719848632812,0.8986721038818359,0.6563291549682617,0.789604902267456,0.8318719863891602,1.0325069427490234,0.6144101619720459,0.7741777896881104,1.0500118732452393,0.6577811241149902,0.9417290687561035,1.6690659523010254,1.137782096862793,0.8287930488586426,0.6280999183654785,1.631974220275879,0.7800717353820801,0.6392560005187988,1.2328991889953613,0.9302158355712891,0.6956090927124023,0.80507493019104,1.1358439922332764,0.6255481243133545,0.8316037654876709,0.8376979827880859,0.5876309871673584,0.7568457126617432,0.5389657020568848,0.6852889060974121,0.8728241920471191,0.8781630992889404,0.7017679214477539,0.7802560329437256,0.7458517551422119,0.9458141326904297,1.1237859725952148,1.0675652027130127,0.6513321399688721,0.8016030788421631,1.2279019355773926,0.6157031059265137,0.6273930072784424,0.7610387802124023,1.0165228843688965,0.8003139495849609,1.2588961124420166,0.637965202331543,0.7672710418701172,0.7676589488983154,1.009326696395874,0.7798800468444824,1.0780580043792725,0.7132611274719238,1.4199268817901611,1.5946331024169922,1.0355839729309082,1.259213924407959,1.1600840091705322,1.3743720054626465,0.5805079936981201,1.065351963043213,1.0547680854797363,1.0081369876861572,1.0763041973114014,1.3498499393463135,0.6692318916320801,1.0153229236602783,1.5297551155090332,1.4714739322662354,0.8006980419158936,0.6157307624816895,0.5557100772857666,1.576780080795288,1.1519031524658203,1.053506851196289,0.6941738128662109,0.6509571075439453,0.6931438446044922,0.6496410369873047,1.4074549674987793,0.6716248989105225,0.9906809329986572,1.0680828094482422,1.1687791347503662,0.7357301712036133,1.0752019882202148,1.092500925064087,0.8065898418426514,0.6066780090332031,1.8082759380340576,1.0045969486236572,1.3991940021514893,0.6894180774688721,1.0152413845062256,0.6825480461120605,0.7764883041381836,1.4500958919525146,1.4198131561279297,1.505540132522583,0.5751051902770996,0.7592902183532715,0.652961015701294,0.6640830039978027,0.6216850280761719,1.1349551677703857,0.7835147380828857,1.085899829864502,0.6452772617340088,0.6725070476531982,0.6862959861755371,0.6668269634246826,0.8004930019378662,0.7876827716827393,0.6519041061401367,0.8051259517669678,0.6585526466369629,0.6548688411712646,0.6479160785675049,1.78859281539917,0.8379042148590088,0.9832460880279541,0.6736390590667725,0.6866321563720703,0.6871738433837891,0.7900969982147217,0.6451609134674072,0.9671690464019775,0.6522471904754639,0.8078839778900146,0.8849058151245117,0.9911880493164062,0.6761751174926758,0.8984780311584473,1.0204129219055176,1.0867540836334229,0.6386802196502686,0.6118509769439697,0.5853691101074219,1.250690221786499
0.12	GG	1.36049485206604,1.1344499588012695,1.0215528011322021,0.8324790000915527,1.3816471099853516,0.6200158596038818,1.4295930862426758,1.3185832500457764,1.0655741691589355,1.3759610652923584,1.3069250583648682,1.498913049697876,1.5991921424865723,0.817345142364502,1.0390470027923584,1.1221628189086914,0.9653761386871338,1.5218238830566406,0.9944169521331787,1.0266499519348145,1.5939528942108154,1.7206437587738037,0.6447591781616211,1.1702921390533447,0.9686362743377686,0.6285281181335449,1.2448809146881104,0.5649831295013428,1.2528891563415527,1.0864017009735107,1.364189863204956,0.8418161869049072,1.2300779819488525,1.3409092426300049,1.3195362091064453,1.2985529899597168,1.8392958641052246,1.435459852218628,0.8474926948547363,0.641761064529419,0.6273579597473145,0.7367029190063477,1.1639411449432373,1.5662848949432373,1.5185949802398682,0.9184999465942383,1.6726405620574951,0.8821597099304199,0.9534730911254883,1.2213990688323975,0.7134718894958496,0.9131419658660889,1.2995519638061523,1.064734935760498,1.973672866821289,0.5881650447845459,1.2784147262573242,0.6297910213470459,1.34639310836792,1.374222993850708,1.250504970550537,1.8574190139770508,0.6415200233459473,1.4427618980407715,0.9024748802185059,1.3242480754852295,0.6432209014892578,1.2795460224151611,1.4093329906463623,2.1581969261169434,1.3113548755645752,1.4839873313903809,0.6393828392028809,1.266463041305542,0.7145490646362305,0.9525887966156006,1.0664520263671875,0.7653400897979736,2.171354055404663,1.4844789505004883,1.2470588684082031,1.1526310443878174,1.5907669067382812,1.4046969413757324,0.99143385887146,1.2225379943847656,1.1221129894256592,1.7751679420471191,1.6431992053985596,1.6879611015319824,1.6870081424713135,0.5364370346069336,1.025848150253296,1.1555039882659912,0.6023533344268799,0.6248016357421875,1.493265151977539,1.2352519035339355,0.6125671863555908,1.5897119045257568,1.3431780338287354,1.008423089981079,1.1209049224853516,0.6097421646118164,1.3814630508422852,1.322227954864502,1.4829380512237549,0.9316308498382568,0.9493789672851562,1.470846176147461,0.9038581848144531,1.3659679889678955,1.0071661472320557,1.2967019081115723,1.1877431869506836,1.3261809349060059,1.162980079650879,1.6368000507354736,1.1821019649505615,1.8455889225006104,1.133573055267334,2.4786019325256348,1.7517869472503662,1.0491788387298584,1.281625747680664,1.2854931354522705,1.0566890239715576,1.043576955795288,1.0307679176330566,2.4282050132751465,0.9382522106170654,1.4476680755615234,1.0063331127166748,0.835690975189209,1.456641674041748,1.6001710891723633,1.7024619579315186,0.8589918613433838,1.5888590812683105,0.8543689250946045,1.9295737743377686,1.5236921310424805,1.2720718383789062,0.8839151859283447,1.4518280029296875,0.818079948425293,1.4771299362182617,0.8792657852172852,1.0088679790496826,2.247339963912964,0.7697041034698486,1.3302431106567383,0.613706111907959,0.8727858066558838,1.3762147426605225,1.5913360118865967,1.2257909774780273,0.915661096572876,1.775264024734497,1.2085309028625488,1.4025981426239014,1.450021743774414,1.027967929840088,0.9779949188232422,1.2843728065490723,1.4770407676696777,0.5946159362792969,1.0486581325531006,0.8495388031005859,1.4332070350646973,0.9256308078765869,0.6090831756591797,1.5893168449401855,2.032883405685425,1.4293618202209473,1.7094941139221191,0.8655810356140137,1.3417689800262451,1.5780720710754395,0.836029052734375,1.6099138259887695,1.3371527194976807,0.9424500465393066,1.8044989109039307,1.242375135421753,1.6267869472503662,1.0000250339508057,1.589906930923462,0.7877612113952637,2.054882764816284,1.1912713050842285,1.3695390224456787,1.5008740425109863,0.8755769729614258,1.1301050186157227,1.3080658912658691,2.0346410274505615,1.9900038242340088,1.331407070159912,1.1483399868011475
0.12	GG2	1.36049485206604,1.1344499588012695,1.0215528011322021,0.8324790000915527,1.3816471099853516,0.6200158596038818,1.4295930862426758,1.3185832500457764,1.0655741691589355,1.3759610652923584,1.3069250583648682,1.498913049697876,1.5991921424865723,0.817345142364502,1.0390470027923584,1.1221628189086914,0.9653761386871338,1.5218238830566406,0.9944169521331787,1.0266499519348145,1.5939528942108154,1.7206437587738037,0.6447591781616211,1.1702921390533447,0.9686362743377686,0.6285281181335449,1.2448809146881104,0.5649831295013428,1.2528891563415527,1.0864017009735107,1.364189863204956,0.8418161869049072,1.2300779819488525,1.3409092426300049,1.3195362091064453,1.2985529899597168,1.8392958641052246,1.435459852218628,0.8474926948547363,0.641761064529419,0.6273579597473145,0.7367029190063477,1.1639411449432373,1.5662848949432373,1.5185949802398682,0.9184999465942383,1.6726405620574951,0.8821597099304199,0.9534730911254883,1.2213990688323975,0.7134718894958496,0.9131419658660889,1.2995519638061523,1.064734935760498,1.973672866821289,0.5881650447845459,1.2784147262573242,0.6297910213470459,1.34639310836792,1.374222993850708,1.250504970550537,1.8574190139770508,0.6415200233459473,1.4427618980407715,0.9024748802185059,1.3242480754852295,0.6432209014892578,1.2795460224151611,1.4093329906463623,2.1581969261169434,1.3113548755645752,1.4839873313903809,0.6393828392028809,1.266463041305542,0.7145490646362305,0.9525887966156006,1.0664520263671875,0.7653400897979736,2.171354055404663,1.4844789505004883,1.2470588684082031,1.1526310443878174,1.5907669067382812,1.4046969413757324,0.99143385887146,1.2225379943847656,1.1221129894256592,1.7751679420471191,1.6431992053985596,1.6879611015319824,1.6870081424713135,0.5364370346069336,1.025848150253296,1.1555039882659912,0.6023533344268799,0.6248016357421875,1.493265151977539,1.2352519035339355,0.6125671863555908,1.5897119045257568,1.3431780338287354,1.008423089981079,1.1209049224853516,0.6097421646118164,1.3814630508422852,1.322227954864502,1.4829380512237549,0.9316308498382568,0.9493789672851562,1.470846176147461,0.9038581848144531,1.3659679889678955,1.0071661472320557,1.2967019081115723,1.1877431869506836,1.3261809349060059,1.162980079650879,1.6368000507354736,1.1821019649505615,1.8455889225006104,1.133573055267334,2.4786019325256348,1.7517869472503662,1.0491788387298584,1.281625747680664,1.2854931354522705,1.0566890239715576,1.043576955795288,1.0307679176330566,2.4282050132751465,0.9382522106170654,1.4476680755615234,1.0063331127166748,0.835690975189209,1.456641674041748,1.6001710891723633,1.7024619579315186,0.8589918613433838,1.5888590812683105,0.8543689250946045,1.9295737743377686,1.5236921310424805,1.2720718383789062,0.8839151859283447,1.4518280029296875,0.818079948425293,1.4771299362182617,0.8792657852172852,1.0088679790496826,2.247339963912964,0.7697041034698486,1.3302431106567383,0.613706111907959,0.8727858066558838,1.3762147426605225,1.5913360118865967,1.2257909774780273,0.915661096572876,1.775264024734497,1.2085309028625488,1.4025981426239014,1.450021743774414,1.027967929840088,0.9779949188232422,1.2843728065490723,1.4770407676696777,0.5946159362792969,1.0486581325531006,0.8495388031005859,1.4332070350646973,0.9256308078765869,0.6090831756591797,1.5893168449401855,2.032883405685425,1.4293618202209473,1.7094941139221191,0.8655810356140137,1.3417689800262451,1.5780720710754395,0.836029052734375,1.6099138259887695,1.3371527194976807,0.9424500465393066,1.8044989109039307,1.242375135421753,1.6267869472503662,1.0000250339508057,1.589906930923462,0.7877612113952637,2.054882764816284,1.1912713050842285,1.3695390224456787,1.5008740425109863,0.8755769729614258,1.1301050186157227,1.3080658912658691,2.0346410274505615,1.9900038242340088,1.331407070159912,1.1483399868011475
0.13	GEE	0.030498027801513672,0.034950971603393555,0.03777003288269043,0.04293394088745117,0.03359198570251465,0.03597307205200195,0.0350191593170166,0.03493809700012207,0.03682684898376465,0.03977394104003906,0.0352330207824707,0.03523516654968262,0.035866737365722656,0.03572487831115723,0.05173015594482422,0.040943145751953125,0.03746604919433594,0.03585195541381836,0.0360407829284668,0.03560185432434082,0.035420894622802734,0.03574824333190918,0.03701615333557129,0.03523898124694824,0.03553915023803711,0.03586697578430176,0.03700995445251465,0.0373990535736084,0.03577589988708496,0.03666996955871582,0.04463005065917969,0.036563873291015625,0.04522895812988281,0.036065101623535156,0.03765702247619629,0.03555417060852051,0.0477299690246582,0.03583788871765137,0.035902976989746094,0.04454612731933594,0.037319183349609375,0.03668999671936035,0.03559112548828125,0.03760886192321777,0.036676883697509766,0.037093162536621094,0.041854143142700195,0.03620624542236328,0.03553605079650879,0.03632497787475586,0.035475969314575195,0.03588676452636719,0.04136490821838379,0.03709006309509277,0.03936290740966797,0.035711050033569336,0.035711050033569336,0.035607099533081055,0.03548908233642578,0.037902116775512695,0.036157846450805664,0.03559088706970215,0.0371091365814209,0.035822153091430664,0.03706002235412598,0.046998023986816406,0.03860878944396973,0.03622102737426758,0.0359339714050293,0.035722970962524414,0.03785300254821777,0.035594940185546875,0.03889775276184082,0.03725695610046387,0.035749197006225586,0.05343508720397949,0.03606295585632324,0.037899017333984375,0.03994417190551758,0.03620505332946777,0.03582191467285156,0.03563189506530762,0.03562331199645996,0.0369110107421875,0.036701202392578125,0.03519892692565918,0.05411481857299805,0.035665273666381836,0.03443288803100586,0.03367495536804199,0.04000568389892578,0.03332090377807617,0.03928709030151367,0.03496694564819336,0.033966779708862305,0.03382396697998047,0.03980398178100586,0.03620195388793945,0.048487186431884766,0.040007829666137695,0.03388214111328125,0.033978939056396484,0.05665087699890137,0.04509592056274414,0.05006814002990723,0.05093789100646973,0.0358428955078125,0.03536701202392578,0.034690141677856445,0.03522920608520508,0.05676412582397461,0.03455495834350586,0.03336024284362793,0.03400087356567383,0.03430581092834473,0.03401589393615723,0.03601980209350586,0.03813004493713379,0.034310102462768555,0.03385591506958008,0.03891110420227051,0.03639721870422363,0.04052305221557617,0.0466771125793457,0.04360508918762207,0.038114070892333984,0.03400278091430664,0.03510308265686035,0.035646915435791016,0.03368687629699707,0.0337221622467041,0.04679298400878906,0.034284114837646484,0.033599138259887695,0.03473615646362305,0.0368499755859375,0.036743879318237305,0.03339505195617676,0.03679203987121582,0.034227848052978516,0.034723758697509766,0.03383207321166992,0.03373885154724121,0.033933162689208984,0.03432321548461914,0.03456592559814453,0.034622907638549805,0.03540611267089844,0.03398013114929199,0.03372001647949219,0.03554701805114746,0.033891916275024414,0.03359389305114746,0.034384965896606445,0.03357195854187012,0.03711390495300293,0.034364938735961914,0.0337371826171875,0.0367281436920166,0.03516387939453125,0.034071922302246094,0.044187307357788086,0.0375521183013916,0.03384113311767578,0.03381204605102539,0.035918235778808594,0.03388214111328125,0.03496599197387695,0.0345308780670166,0.0350489616394043,0.03410005569458008,0.03473782539367676,0.03589892387390137,0.0346369743347168,0.036100149154663086,0.034243106842041016,0.03573203086853027,0.03624606132507324,0.03365182876586914,0.034240007400512695,0.06308293342590332,0.03391695022583008,0.03478407859802246,0.034545183181762695,0.03434109687805176,0.03626704216003418,0.03554368019104004,0.042558908462524414,0.034208059310913086,0.034554243087768555,0.03426694869995117,0.034027099609375,0.037954092025756836,0.036657094955444336,0.05610179901123047,0.03675699234008789,0.042694091796875,0.04067707061767578,0.03353595733642578,0.03815007209777832
0.13	GNN	0.44518303871154785,0.9193968772888184,0.601405143737793,0.6409599781036377,0.9592728614807129,0.9806210994720459,0.934567928314209,1.1731891632080078,0.9615387916564941,0.9581220149993896,0.8996989727020264,1.796983003616333,0.7126350402832031,1.2091710567474365,0.7232730388641357,0.6565749645233154,0.6527721881866455,1.1303377151489258,0.71163010597229,1.5025091171264648,0.6887719631195068,1.4003167152404785,0.808258056640625,0.7093551158905029,0.7454438209533691,1.1582469940185547,1.3715362548828125,1.3353302478790283,0.9769079685211182,1.4688971042633057,0.6433660984039307,0.9352588653564453,0.7963759899139404,0.6049909591674805,0.6201071739196777,0.661679744720459,2.056993007659912,0.6445660591125488,0.7921061515808105,0.7070741653442383,1.6728579998016357,0.8452029228210449,0.7795858383178711,0.7071411609649658,1.0191528797149658,0.6751670837402344,1.0824699401855469,0.9607949256896973,0.856795072555542,1.2629759311676025,1.778883934020996,0.7705907821655273,1.2095212936401367,0.952873945236206,1.1833720207214355,0.8286418914794922,0.6666848659515381,1.2563331127166748,1.1204440593719482,1.2283389568328857,1.0643310546875,1.089905023574829,1.073632001876831,1.0477709770202637,1.0187358856201172,1.106593132019043,0.9676969051361084,0.9802918434143066,1.422666072845459,1.6134932041168213,1.2045447826385498,1.0475001335144043,0.8000147342681885,0.7462069988250732,0.6585688591003418,0.7102148532867432,1.1280419826507568,1.393496036529541,1.9765169620513916,0.9879150390625,0.7237849235534668,0.6838829517364502,0.656806230545044,1.1845769882202148,1.4630229473114014,1.5578103065490723,0.6226739883422852,1.1477100849151611,1.7504498958587646,1.0735039710998535,0.6357340812683105,1.1785590648651123,0.7106051445007324,0.7829039096832275,1.0945038795471191,1.3241791725158691,0.7239258289337158,1.2062389850616455,0.7083141803741455,0.6383397579193115,0.8131961822509766,0.7231349945068359,1.0339150428771973,0.9869451522827148,0.70707106590271,0.7022838592529297,1.3265347480773926,0.8427608013153076,0.9036929607391357,0.8877630233764648,0.5982398986816406,0.8237168788909912,0.8153338432312012,1.0735948085784912,1.3312339782714844,0.6568167209625244,0.729856014251709,1.1891450881958008,0.640437126159668,1.5035619735717773,0.9325771331787109,1.2150092124938965,0.9190230369567871,0.8698432445526123,0.6941862106323242,1.1040561199188232,1.261836051940918,1.3324131965637207,1.7118618488311768,1.1027982234954834,1.0912461280822754,0.7728118896484375,1.1173388957977295,0.60707688331604,0.6034963130950928,0.9319710731506348,1.0483639240264893,0.6529660224914551,0.5967411994934082,0.6878509521484375,0.9810349941253662,0.6719698905944824,1.3226571083068848,0.6385190486907959,0.9363498687744141,0.6603841781616211,0.8685779571533203,0.8648650646209717,1.3204107284545898,1.5841090679168701,0.7289178371429443,1.034902811050415,1.2673749923706055,0.8444998264312744,1.336277961730957,0.8771271705627441,0.6316659450531006,0.6938810348510742,1.091181993484497,0.6992368698120117,1.5000896453857422,1.0298078060150146,0.936143159866333,0.8932960033416748,1.2528560161590576,0.7390289306640625,0.6234750747680664,0.8433699607849121,0.6419200897216797,0.6805682182312012,0.6716060638427734,1.779646873474121,1.4995980262756348,0.6369457244873047,0.6495139598846436,0.6898019313812256,1.1630280017852783,0.7605092525482178,0.7157077789306641,0.9453859329223633,0.6841130256652832,0.7208766937255859,1.158700942993164,1.403883934020996,0.6367559432983398,1.347498893737793,0.761638879776001,0.7546947002410889,0.8740270137786865,0.9950640201568604,0.7355949878692627,0.6182241439819336,0.7336320877075195,0.7753589153289795,0.9472541809082031,0.7936220169067383,0.7352609634399414,1.9116530418395996,0.6246228218078613,1.0636012554168701
0.13	GG	0.9995708465576172,1.289905309677124,2.260607957839966,1.3410592079162598,1.771733045578003,1.14754319190979,0.8439669609069824,1.3701679706573486,1.3283612728118896,1.508530855178833,1.242701768875122,1.749480962753296,1.9593737125396729,1.1095349788665771,1.533358097076416,1.1657788753509521,1.4193370342254639,1.2077312469482422,1.0656049251556396,1.2722148895263672,1.4320991039276123,1.9290351867675781,0.6881961822509766,1.2968928813934326,1.42448091506958,0.6882240772247314,1.492400884628296,0.6635618209838867,1.410707950592041,1.153860092163086,0.9146099090576172,1.5790140628814697,0.9751970767974854,0.7241218090057373,1.090425968170166,1.530949354171753,0.9177989959716797,0.9116380214691162,1.564805030822754,0.6859159469604492,0.9808378219604492,0.6476500034332275,1.0882551670074463,1.85664701461792,1.3490948677062988,1.016671895980835,1.695802927017212,0.9270761013031006,1.2619879245758057,1.1098589897155762,0.9034781455993652,0.8438799381256104,0.8435478210449219,1.1273038387298584,1.3374121189117432,0.6948642730712891,1.5744051933288574,0.6599586009979248,0.652515172958374,1.4851820468902588,1.108220100402832,2.0737969875335693,1.8244819641113281,0.6795859336853027,1.190629005432129,0.6148228645324707,0.684553861618042,1.5396583080291748,1.5212531089782715,2.1564741134643555,0.7518630027770996,1.4672839641571045,1.309117078781128,1.2923879623413086,1.2223191261291504,1.585625171661377,1.140056848526001,0.6480441093444824,1.0629682540893555,1.4304132461547852,1.2452940940856934,1.3347160816192627,1.3231327533721924,1.2734119892120361,1.343695878982544,1.2083740234375,1.0939760208129883,1.8593297004699707,1.7940740585327148,1.333287000656128,1.829930067062378,0.6083290576934814,1.1508328914642334,1.1823720932006836,0.6281189918518066,1.2634310722351074,1.2042367458343506,1.3735580444335938,0.6388888359069824,2.0614662170410156,1.1728878021240234,1.134840726852417,1.2428309917449951,0.6243271827697754,1.5290648937225342,1.5620219707489014,0.6556088924407959,1.0652618408203125,0.6723771095275879,1.8642799854278564,1.306851863861084,1.746291160583496,0.9030091762542725,1.5512702465057373,0.8699841499328613,0.8147048950195312,1.021092176437378,1.3030619621276855,1.141946792602539,0.6001698970794678,0.9710910320281982,1.2112109661102295,0.941554069519043,1.1169569492340088,0.590263843536377,1.6865029335021973,1.4210422039031982,1.4664959907531738,0.973264217376709,1.0648751258850098,1.1293609142303467,0.6276211738586426,1.5332441329956055,1.0471642017364502,0.6341931819915771,1.5628478527069092,1.3179709911346436,1.00736403465271,0.8066470623016357,0.914607048034668,2.2570550441741943,1.962242841720581,1.723827838897705,1.5134239196777344,1.5532810688018799,1.200157880783081,1.4509918689727783,1.0685832500457764,1.0318751335144043,1.5626709461212158,0.7425050735473633,1.2851383686065674,0.6013209819793701,1.2433440685272217,1.4451868534088135,1.4483070373535156,1.5661630630493164,0.9888179302215576,1.7258639335632324,1.0499250888824463,1.4633100032806396,1.5996332168579102,1.8323040008544922,0.800933837890625,1.2214930057525635,1.4283902645111084,0.6646678447723389,0.9084610939025879,1.046226978302002,1.2713971138000488,1.0851328372955322,0.6458392143249512,1.5392849445343018,1.5581400394439697,1.773918867111206,1.5445680618286133,0.8237650394439697,1.0705511569976807,1.7398929595947266,0.8157382011413574,2.0928850173950195,0.9772069454193115,1.0105233192443848,1.5704326629638672,1.1500442028045654,1.0456781387329102,0.7219140529632568,1.122087001800537,1.574233055114746,1.0559020042419434,1.3174200057983398,1.2660279273986816,1.0742840766906738,1.8749608993530273,1.3107008934020996,0.6125221252441406,1.341191053390503,1.58443021774292,1.4662220478057861,1.1537721157073975
0.13	GG2	0.9995708465576172,1.289905309677124,2.260607957839966,1.3410592079162598,1.771733045578003,1.14754319190979,0.8439669609069824,1.3701679706573486,1.3283612728118896,1.508530855178833,1.242701768875122,1.749480962753296,1.9593737125396729,1.1095349788665771,1.533358097076416,1.1657788753509521,1.4193370342254639,1.2077312469482422,1.0656049251556396,1.2722148895263672,1.4320991039276123,1.9290351867675781,0.6881961822509766,1.2968928813934326,1.42448091506958,0.6882240772247314,1.492400884628296,0.6635618209838867,1.410707950592041,1.153860092163086,0.9146099090576172,1.5790140628814697,0.9751970767974854,0.7241218090057373,1.090425968170166,1.530949354171753,0.9177989959716797,0.9116380214691162,1.564805030822754,0.6859159469604492,0.9808378219604492,0.6476500034332275,1.0882551670074463,1.85664701461792,1.3490948677062988,1.016671895980835,1.695802927017212,0.9270761013031006,1.2619879245758057,1.1098589897155762,0.9034781455993652,0.8438799381256104,0.8435478210449219,1.1273038387298584,1.3374121189117432,0.6948642730712891,1.5744051933288574,0.6599586009979248,0.652515172958374,1.4851820468902588,1.108220100402832,2.0737969875335693,1.8244819641113281,0.6795859336853027,1.190629005432129,0.6148228645324707,0.684553861618042,1.5396583080291748,1.5212531089782715,2.1564741134643555,0.7518630027770996,1.4672839641571045,1.309117078781128,1.2923879623413086,1.2223191261291504,1.585625171661377,1.140056848526001,0.6480441093444824,1.0629682540893555,1.4304132461547852,1.2452940940856934,1.3347160816192627,1.3231327533721924,1.2734119892120361,1.343695878982544,1.2083740234375,1.0939760208129883,1.8593297004699707,1.7940740585327148,1.333287000656128,1.829930067062378,0.6083290576934814,1.1508328914642334,1.1823720932006836,0.6281189918518066,1.2634310722351074,1.2042367458343506,1.3735580444335938,0.6388888359069824,2.0614662170410156,1.1728878021240234,1.134840726852417,1.2428309917449951,0.6243271827697754,1.5290648937225342,1.5620219707489014,0.6556088924407959,1.0652618408203125,0.6723771095275879,1.8642799854278564,1.306851863861084,1.746291160583496,0.9030091762542725,1.5512702465057373,0.8699841499328613,0.8147048950195312,1.021092176437378,1.3030619621276855,1.141946792602539,0.6001698970794678,0.9710910320281982,1.2112109661102295,0.941554069519043,1.1169569492340088,0.590263843536377,1.6865029335021973,1.4210422039031982,1.4664959907531738,0.973264217376709,1.0648751258850098,1.1293609142303467,0.6276211738586426,1.5332441329956055,1.0471642017364502,0.6341931819915771,1.5628478527069092,1.3179709911346436,1.00736403465271,0.8066470623016357,0.914607048034668,2.2570550441741943,1.962242841720581,1.723827838897705,1.5134239196777344,1.5532810688018799,1.200157880783081,1.4509918689727783,1.0685832500457764,1.0318751335144043,1.5626709461212158,0.7425050735473633,1.2851383686065674,0.6013209819793701,1.2433440685272217,1.4451868534088135,1.4483070373535156,1.5661630630493164,0.9888179302215576,1.7258639335632324,1.0499250888824463,1.4633100032806396,1.5996332168579102,1.8323040008544922,0.800933837890625,1.2214930057525635,1.4283902645111084,0.6646678447723389,0.9084610939025879,1.046226978302002,1.2713971138000488,1.0851328372955322,0.6458392143249512,1.5392849445343018,1.5581400394439697,1.773918867111206,1.5445680618286133,0.8237650394439697,1.0705511569976807,1.7398929595947266,0.8157382011413574,2.0928850173950195,0.9772069454193115,1.0105233192443848,1.5704326629638672,1.1500442028045654,1.0456781387329102,0.7219140529632568,1.122087001800537,1.574233055114746,1.0559020042419434,1.3174200057983398,1.2660279273986816,1.0742840766906738,1.8749608993530273,1.3107008934020996,0.6125221252441406,1.341191053390503,1.58443021774292,1.4662220478057861,1.1537721157073975
0.14	GEE	0.031098127365112305,0.03630781173706055,0.04836297035217285,0.03599119186401367,0.03601574897766113,0.038919925689697266,0.036004066467285156,0.038073062896728516,0.036002159118652344,0.0385432243347168,0.041192054748535156,0.03618359565734863,0.046414852142333984,0.03783392906188965,0.04012489318847656,0.03877139091491699,0.035653114318847656,0.03708481788635254,0.03656888008117676,0.03651833534240723,0.04882931709289551,0.035624027252197266,0.03567099571228027,0.03621387481689453,0.050599098205566406,0.03789997100830078,0.039266109466552734,0.03686094284057617,0.03599691390991211,0.03698086738586426,0.036234140396118164,0.03543281555175781,0.03905010223388672,0.0377659797668457,0.03587913513183594,0.047518014907836914,0.03615570068359375,0.03821420669555664,0.07191610336303711,0.03564190864562988,0.03619575500488281,0.035569190979003906,0.035925865173339844,0.03572511672973633,0.04504990577697754,0.035774946212768555,0.0356900691986084,0.03576493263244629,0.0357060432434082,0.0646212100982666,0.0359339714050293,0.0357820987701416,0.03756999969482422,0.03859281539916992,0.036499977111816406,0.03577017784118652,0.037019968032836914,0.0376129150390625,0.041101932525634766,0.03558993339538574,0.04877018928527832,0.03587079048156738,0.035845041275024414,0.03867959976196289,0.03642868995666504,0.03804898262023926,0.03622293472290039,0.05100226402282715,0.03741788864135742,0.03708696365356445,0.04102587699890137,0.036962032318115234,0.036321163177490234,0.03571486473083496,0.03706479072570801,0.03898286819458008,0.05343890190124512,0.038651227951049805,0.05765509605407715,0.047428131103515625,0.03640294075012207,0.036313772201538086,0.035635948181152344,0.03710007667541504,0.03720498085021973,0.03992199897766113,0.03682422637939453,0.04540896415710449,0.037635087966918945,0.03636884689331055,0.038777828216552734,0.0364069938659668,0.03865981101989746,0.03696417808532715,0.03571510314941406,0.040693044662475586,0.03787493705749512,0.03770613670349121,0.03821992874145508,0.039972782135009766,0.03697991371154785,0.03775811195373535,0.03895401954650879,0.03664207458496094,0.039823293685913086,0.035923004150390625,0.040513038635253906,0.03628110885620117,0.035839080810546875,0.055683135986328125,0.03600907325744629,0.04001307487487793,0.042388916015625,0.06330204010009766,0.037988901138305664,0.03573489189147949,0.03565502166748047,0.03670191764831543,0.03815007209777832,0.036520957946777344,0.036461830139160156,0.03765702247619629,0.03652811050415039,0.03636789321899414,0.042452096939086914,0.03547406196594238,0.03562498092651367,0.03998732566833496,0.03734397888183594,0.041819095611572266,0.035594940185546875,0.04140591621398926,0.037858009338378906,0.0355069637298584,0.035275936126708984,0.035878896713256836,0.03545498847961426,0.1021571159362793,0.03701496124267578,0.035611867904663086,0.03564596176147461,0.03558707237243652,0.03777027130126953,0.03655886650085449,0.03553318977355957,0.03921318054199219,0.03930401802062988,0.04025912284851074,0.03652191162109375,0.0361328125,0.04725813865661621,0.036583900451660156,0.05042409896850586,0.037084102630615234,0.04162406921386719,0.03727316856384277,0.035490989685058594,0.037754058837890625,0.03687095642089844,0.03869891166687012,0.03587698936462402,0.03883624076843262,0.0372006893157959,0.03803086280822754,0.03572726249694824,0.03600716590881348,0.03766322135925293,0.03795194625854492,0.03538990020751953,0.03847789764404297,0.04015707969665527,0.0360410213470459,0.037992000579833984,0.03568410873413086,0.05146384239196777,0.0379939079284668,0.03560185432434082,0.03650617599487305,0.036538124084472656,0.03594088554382324,0.038413047790527344,0.039975881576538086,0.05313730239868164,0.03780388832092285,0.043203115463256836,0.0432429313659668,0.04523491859436035,0.036147356033325195,0.03538084030151367,0.03611898422241211,0.04433298110961914,0.05298614501953125,0.04933595657348633,0.041387081146240234,0.03655600547790527,0.03677511215209961,0.036900997161865234,0.035488128662109375,0.038161277770996094,0.03551292419433594
0.14	GNN	0.8731689453125,1.078650951385498,0.6335222721099854,1.0993139743804932,1.0992908477783203,1.9569780826568604,1.1576740741729736,0.7572600841522217,1.5301249027252197,0.9695558547973633,1.153839111328125,0.7947592735290527,1.1374030113220215,0.7877957820892334,0.6626529693603516,0.7540988922119141,1.0627641677856445,0.7113101482391357,1.3440141677856445,1.4939162731170654,1.3555541038513184,0.7471251487731934,0.7620859146118164,1.0551328659057617,0.6884548664093018,1.278151035308838,1.2999260425567627,0.6986513137817383,1.3969600200653076,1.7742581367492676,0.8984651565551758,0.7463231086730957,1.1611509323120117,0.6622858047485352,0.7022421360015869,0.6327798366546631,1.293525218963623,1.1764838695526123,0.7188141345977783,0.7325868606567383,1.5787849426269531,1.474743127822876,0.7042860984802246,0.6522817611694336,0.6307101249694824,0.6793138980865479,1.5693840980529785,1.2368090152740479,0.6337442398071289,0.6895382404327393,1.0107672214508057,0.6778922080993652,0.635890007019043,1.3334293365478516,1.007000207901001,0.6315369606018066,0.855586051940918,1.0210380554199219,0.6638569831848145,1.6962251663208008,1.3367929458618164,0.6000158786773682,1.2219550609588623,1.2020740509033203,1.0714051723480225,1.6516480445861816,0.972844123840332,0.8235840797424316,1.1789309978485107,1.1366393566131592,0.6678791046142578,0.8357148170471191,0.6889729499816895,0.9165961742401123,1.2003352642059326,1.2659449577331543,0.7241337299346924,1.078449010848999,1.124809980392456,0.8332140445709229,0.9585731029510498,0.6430070400238037,1.1573059558868408,0.772465705871582,0.6318860054016113,0.787498950958252,0.6458530426025391,0.788111686706543,1.2938878536224365,0.9684767723083496,1.0442721843719482,1.2997157573699951,0.7196979522705078,0.6735749244689941,0.5729601383209229,0.8457558155059814,0.8247382640838623,0.6853551864624023,1.3262887001037598,0.7661252021789551,1.2305049896240234,0.6688289642333984,0.7921609878540039,0.7609641551971436,0.7750670909881592,0.7063548564910889,0.6764023303985596,0.9265739917755127,0.9226460456848145,0.9579498767852783,0.6767289638519287,0.7521588802337646,0.7086977958679199,0.7022871971130371,0.8379838466644287,0.7922098636627197,0.763413667678833,0.852046012878418,0.6205449104309082,0.9082949161529541,0.71187424659729,1.1281859874725342,0.8347349166870117,1.063283920288086,0.6651837825775146,0.6066100597381592,0.9264769554138184,0.9347918033599854,0.8050258159637451,0.6580162048339844,1.0777640342712402,0.6743128299713135,0.6388099193572998,0.8613071441650391,0.9982559680938721,0.6963381767272949,1.169931173324585,0.5972228050231934,0.82448410987854,1.1312289237976074,1.0806498527526855,0.6941120624542236,0.6343917846679688,0.9494409561157227,0.8016691207885742,0.8849160671234131,0.7596518993377686,1.3069019317626953,0.7892589569091797,0.8233709335327148,0.9268169403076172,0.8394360542297363,0.7438750267028809,0.6873788833618164,1.72694993019104,0.9063599109649658,0.9013020992279053,1.121208906173706,1.4393641948699951,1.4527900218963623,0.6455917358398438,1.885988712310791,0.6266219615936279,0.8926718235015869,1.324293851852417,0.6931030750274658,0.7727117538452148,0.6646499633789062,0.6777951717376709,0.9479751586914062,0.7922639846801758,1.4555859565734863,2.2775087356567383,0.7643880844116211,0.6365518569946289,0.7603211402893066,0.7071709632873535,0.6731538772583008,0.8816440105438232,0.8016700744628906,0.8239879608154297,0.7923691272735596,0.7498419284820557,1.0486230850219727,1.0356109142303467,1.190812110900879,0.8291802406311035,0.9973859786987305,1.1046760082244873,0.8331298828125,1.0682790279388428,0.7232060432434082,0.6951999664306641,0.704200029373169,0.8567719459533691,0.7009642124176025,0.9649481773376465,0.708794116973877,0.6963441371917725,0.6529066562652588
0.14	GG	0.8516669273376465,0.8912050724029541,1.7736766338348389,1.0923049449920654,1.460075855255127,0.8551568984985352,1.2997949123382568,1.3707168102264404,0.9965090751647949,0.6280777454376221,1.8370771408081055,1.14396071434021,1.9315979480743408,1.0543150901794434,1.02793288230896,1.589860200881958,0.9459118843078613,1.0272021293640137,1.8173789978027344,1.0625920295715332,1.8497247695922852,1.2701849937438965,2.3116021156311035,1.5442168712615967,1.5852348804473877,0.6446712017059326,1.539297103881836,1.066328763961792,1.9884419441223145,1.5367591381072998,0.9046447277069092,0.6194407939910889,1.0267419815063477,1.07796311378479,0.8211641311645508,2.9029130935668945,1.6750152111053467,1.4377779960632324,0.8619518280029297,1.323373794555664,1.0499310493469238,0.9172558784484863,1.3393030166625977,0.7113473415374756,1.491316795349121,1.1255548000335693,1.225924015045166,0.9522178173065186,0.9672138690948486,0.7759108543395996,0.8096611499786377,0.8119349479675293,1.4680907726287842,1.1521251201629639,1.1450097560882568,0.6779670715332031,1.507375717163086,0.6380507946014404,0.8348870277404785,0.6668989658355713,0.6861588954925537,1.9194281101226807,1.0091159343719482,0.657351016998291,1.2183218002319336,0.6825809478759766,0.6392819881439209,1.8006670475006104,0.6134767532348633,1.611548900604248,1.3022527694702148,1.4304723739624023,1.0120909214019775,1.4226298332214355,1.003321886062622,0.7300820350646973,1.2234771251678467,1.224806785583496,1.690600872039795,1.3155720233917236,1.313270092010498,0.6668331623077393,1.3432879447937012,0.9839470386505127,1.1512279510498047,1.0809252262115479,0.7229869365692139,1.861039161682129,1.467487096786499,0.8995037078857422,1.0818147659301758,1.8959989547729492,1.2090117931365967,1.2512459754943848,0.6522901058197021,0.6395919322967529,1.6137909889221191,1.2661430835723877,0.6636440753936768,2.1003191471099854,1.388686180114746,1.614305019378662,1.336841106414795,0.6081669330596924,1.5791449546813965,1.663351058959961,0.6701138019561768,0.8018040657043457,0.704442024230957,1.562838077545166,0.9963421821594238,1.4688587188720703,1.0361380577087402,1.52113676071167,1.1638500690460205,1.6635351181030273,1.6063132286071777,0.7510688304901123,0.931776762008667,1.458484172821045,1.0690648555755615,1.2812299728393555,1.1154632568359375,1.5666611194610596,0.6796138286590576,1.5956411361694336,1.680685043334961,0.7278661727905273,1.036890983581543,1.3237807750701904,0.820565938949585,0.6975789070129395,1.1452982425689697,1.02217698097229,0.6866559982299805,1.7949919700622559,0.6422369480133057,1.3435912132263184,0.8402588367462158,1.0636439323425293,0.6679122447967529,1.3949592113494873,1.2927610874176025,0.8855412006378174,0.9610729217529297,1.3811089992523193,1.7901833057403564,1.3203051090240479,1.6266460418701172,1.5136728286743164,0.8282182216644287,2.6773030757904053,0.6717779636383057,1.6369028091430664,1.4021060466766357,1.3614161014556885,1.5066909790039062,1.1460230350494385,1.5868558883666992,1.4608840942382812,0.82352614402771,1.448065996170044,1.483982801437378,0.983126163482666,0.8121850490570068,1.852466106414795,0.6708149909973145,0.8978910446166992,1.5761280059814453,1.2914869785308838,1.1630487442016602,0.6170518398284912,1.2076013088226318,1.7447443008422852,0.6606001853942871,0.6751761436462402,1.3188810348510742,1.3153200149536133,1.8618202209472656,0.6255040168762207,0.6729140281677246,1.1828749179840088,1.9335148334503174,1.1763439178466797,0.8339271545410156,1.3830339908599854,0.7829360961914062,1.492462158203125,1.1409969329833984,1.7359440326690674,1.1457350254058838,1.6693270206451416,1.0419809818267822,1.5706958770751953,1.1647088527679443,0.7734038829803467,1.2676069736480713,1.635491132736206,1.462172031402588,1.050752878189087
0.14	GG2	0.8516669273376465,0.8912050724029541,1.7736766338348389,1.0923049449920654,1.460075855255127,0.8551568984985352,1.2997949123382568,1.3707168102264404,0.9965090751647949,0.6280777454376221,1.8370771408081055,1.14396071434021,1.9315979480743408,1.0543150901794434,1.02793288230896,1.589860200881958,0.9459118843078613,1.0272021293640137,1.8173789978027344,1.0625920295715332,1.8497247695922852,1.2701849937438965,2.3116021156311035,1.5442168712615967,1.5852348804473877,0.6446712017059326,1.539297103881836,1.066328763961792,1.9884419441223145,1.5367591381072998,0.9046447277069092,0.6194407939910889,1.0267419815063477,1.07796311378479,0.8211641311645508,2.9029130935668945,1.6750152111053467,1.4377779960632324,0.8619518280029297,1.323373794555664,1.0499310493469238,0.9172558784484863,1.3393030166625977,0.7113473415374756,1.491316795349121,1.1255548000335693,1.225924015045166,0.9522178173065186,0.9672138690948486,0.7759108543395996,0.8096611499786377,0.8119349479675293,1.4680907726287842,1.1521251201629639,1.1450097560882568,0.6779670715332031,1.507375717163086,0.6380507946014404,0.8348870277404785,0.6668989658355713,0.6861588954925537,1.9194281101226807,1.0091159343719482,0.657351016998291,1.2183218002319336,0.6825809478759766,0.6392819881439209,1.8006670475006104,0.6134767532348633,1.611548900604248,1.3022527694702148,1.4304723739624023,1.0120909214019775,1.4226298332214355,1.003321886062622,0.7300820350646973,1.2234771251678467,1.224806785583496,1.690600872039795,1.3155720233917236,1.313270092010498,0.6668331623077393,1.3432879447937012,0.9839470386505127,1.1512279510498047,1.0809252262115479,0.7229869365692139,1.861039161682129,1.467487096786499,0.8995037078857422,1.0818147659301758,1.8959989547729492,1.2090117931365967,1.2512459754943848,0.6522901058197021,0.6395919322967529,1.6137909889221191,1.2661430835723877,0.6636440753936768,2.1003191471099854,1.388686180114746,1.614305019378662,1.336841106414795,0.6081669330596924,1.5791449546813965,1.663351058959961,0.6701138019561768,0.8018040657043457,0.704442024230957,1.562838077545166,0.9963421821594238,1.4688587188720703,1.0361380577087402,1.52113676071167,1.1638500690460205,1.6635351181030273,1.6063132286071777,0.7510688304901123,0.931776762008667,1.458484172821045,1.0690648555755615,1.2812299728393555,1.1154632568359375,1.5666611194610596,0.6796138286590576,1.5956411361694336,1.680685043334961,0.7278661727905273,1.036890983581543,1.3237807750701904,0.820565938949585,0.6975789070129395,1.1452982425689697,1.02217698097229,0.6866559982299805,1.7949919700622559,0.6422369480133057,1.3435912132263184,0.8402588367462158,1.0636439323425293,0.6679122447967529,1.3949592113494873,1.2927610874176025,0.8855412006378174,0.9610729217529297,1.3811089992523193,1.7901833057403564,1.3203051090240479,1.6266460418701172,1.5136728286743164,0.8282182216644287,2.6773030757904053,0.6717779636383057,1.6369028091430664,1.4021060466766357,1.3614161014556885,1.5066909790039062,1.1460230350494385,1.5868558883666992,1.4608840942382812,0.82352614402771,1.448065996170044,1.483982801437378,0.983126163482666,0.8121850490570068,1.852466106414795,0.6708149909973145,0.8978910446166992,1.5761280059814453,1.2914869785308838,1.1630487442016602,0.6170518398284912,1.2076013088226318,1.7447443008422852,0.6606001853942871,0.6751761436462402,1.3188810348510742,1.3153200149536133,1.8618202209472656,0.6255040168762207,0.6729140281677246,1.1828749179840088,1.9335148334503174,1.1763439178466797,0.8339271545410156,1.3830339908599854,0.7829360961914062,1.492462158203125,1.1409969329833984,1.7359440326690674,1.1457350254058838,1.6693270206451416,1.0419809818267822,1.5706958770751953,1.1647088527679443,0.7734038829803467,1.2676069736480713,1.635491132736206,1.462172031402588,1.050752878189087
0.15	GEE	0.0351099967956543,0.04559493064880371,0.05120992660522461,0.04005718231201172,0.03790688514709473,0.03795909881591797,0.037863969802856445,0.03931689262390137,0.037802934646606445,0.03976607322692871,0.037240028381347656,0.03840494155883789,0.03696417808532715,0.04307889938354492,0.03712010383605957,0.04153275489807129,0.03808307647705078,0.03704094886779785,0.03937172889709473,0.03766918182373047,0.037513017654418945,0.03699779510498047,0.03759598731994629,0.03995704650878906,0.03814411163330078,0.037677764892578125,0.0419621467590332,0.03794717788696289,0.037901878356933594,0.03936314582824707,0.03837299346923828,0.042906999588012695,0.044922828674316406,0.037158966064453125,0.053021907806396484,0.04811906814575195,0.03853178024291992,0.03660106658935547,0.0370481014251709,0.037750959396362305,0.03866386413574219,0.03731894493103027,0.03769183158874512,0.03802227973937988,0.03896689414978027,0.03728795051574707,0.03738689422607422,0.036876678466796875,0.05199408531188965,0.037049293518066406,0.03874039649963379,0.04009604454040527,0.03718400001525879,0.03786802291870117,0.038015127182006836,0.040769100189208984,0.04445171356201172,0.037619829177856445,0.036734819412231445,0.08854889869689941,0.0396420955657959,0.03807425498962402,0.054206132888793945,0.03892207145690918,0.03715205192565918,0.040625810623168945,0.03828096389770508,0.04857778549194336,0.04072880744934082,0.03826475143432617,0.037499189376831055,0.03823518753051758,0.03856706619262695,0.0381472110748291,0.041114091873168945,0.06279802322387695,0.03832101821899414,0.03812384605407715,0.03706502914428711,0.038041114807128906,0.039704084396362305,0.0408778190612793,0.04473686218261719,0.03923177719116211,0.03692126274108887,0.0392000675201416,0.03815603256225586,0.0376276969909668,0.037136077880859375,0.04193520545959473,0.046484947204589844,0.03684592247009277,0.04930424690246582,0.0382542610168457,0.039322853088378906,0.03935527801513672,0.038130998611450195,0.03731489181518555,0.04377126693725586,0.03693413734436035,0.07903575897216797,0.037314653396606445,0.03882312774658203,0.04028201103210449,0.03692793846130371,0.03695797920227051,0.03827404975891113,0.03846597671508789,0.038375139236450195,0.04381299018859863,0.039372920989990234,0.03809404373168945,0.03802180290222168,0.037200212478637695,0.039977073669433594,0.04099392890930176,0.03698611259460449,0.03731417655944824,0.03788304328918457,0.03673911094665527,0.040669918060302734,0.0960540771484375,0.037140846252441406,0.03772401809692383,0.03776979446411133,0.03709912300109863,0.03714871406555176,0.037954092025756836,0.037702083587646484,0.037596940994262695,0.036958932876586914,0.03990006446838379,0.05723214149475098,0.050502777099609375,0.06181001663208008,0.06496906280517578,0.03934788703918457,0.03812098503112793,0.05712604522705078,0.05527377128601074,0.06592369079589844,0.03815102577209473,0.04115486145019531,0.04016709327697754,0.04117703437805176,0.03804802894592285,0.03729987144470215,0.03972578048706055,0.03797721862792969,0.04144906997680664,0.03703022003173828,0.037217140197753906,0.03918600082397461,0.03927779197692871,0.049637794494628906,0.040791988372802734,0.042556047439575195,0.050006866455078125,0.05756807327270508,0.03724312782287598,0.03811216354370117,0.03828597068786621,0.04835200309753418,0.055529117584228516,0.04025888442993164,0.03739118576049805,0.044782161712646484,0.044426918029785156,0.03684186935424805,0.045575857162475586,0.03759002685546875,0.03778886795043945,0.05599474906921387,0.03784775733947754,0.04091906547546387,0.04185032844543457,0.038403987884521484,0.03916287422180176,0.03700971603393555,0.04018211364746094,0.09470319747924805,0.037225961685180664,0.03882002830505371,0.04282426834106445,0.03929400444030762,0.043502092361450195,0.06327605247497559,0.04207801818847656,0.0372309684753418,0.037600040435791016,0.03979897499084473,0.03888082504272461,0.03705596923828125,0.03744626045227051,0.03820395469665527,0.03701496124267578,0.0398249626159668,0.04071998596191406,0.041892051696777344,0.03674507141113281
0.15	GNN	0.6322040557861328,0.9703266620635986,0.7083699703216553,1.4049279689788818,2.220362901687622,0.7192237377166748,0.9892439842224121,1.0915930271148682,0.8487789630889893,0.7099010944366455,1.041093111038208,1.4201841354370117,1.0369279384613037,1.1238000392913818,1.2823100090026855,0.7891330718994141,1.0927557945251465,0.7057428359985352,1.316767930984497,0.6991167068481445,1.0734188556671143,1.0384209156036377,1.2893731594085693,0.6481468677520752,1.5721848011016846,1.2070810794830322,0.8677911758422852,1.3227672576904297,1.114638090133667,1.0868017673492432,1.1554038524627686,0.69716477394104,0.9185659885406494,0.698444128036499,0.753607988357544,0.9463891983032227,1.2766637802124023,0.8140511512756348,0.6809930801391602,0.7152059078216553,1.387714147567749,1.1718268394470215,1.0181829929351807,0.6614279747009277,0.6713500022888184,0.6632528305053711,0.7860000133514404,0.7945952415466309,0.7324769496917725,0.7046761512756348,0.6829838752746582,0.9883792400360107,1.1322660446166992,1.6302258968353271,0.7965610027313232,0.714210033416748,0.6578202247619629,2.164290189743042,1.3801751136779785,0.8192722797393799,0.7275040149688721,0.7088758945465088,0.7133398056030273,0.6664528846740723,1.0856101512908936,1.3396847248077393,1.4721062183380127,0.7747509479522705,1.2518370151519775,0.7546041011810303,0.7668318748474121,1.2240209579467773,0.7141928672790527,0.9408538341522217,0.7314150333404541,1.0523810386657715,1.0324649810791016,1.3839969635009766,0.7997293472290039,0.8126718997955322,0.7530040740966797,1.0151598453521729,1.082002878189087,1.0723941326141357,1.2237980365753174,1.0887537002563477,0.8839349746704102,1.1417560577392578,0.7142560482025146,1.02516508102417,1.4008471965789795,1.190215826034546,0.6667029857635498,1.4283320903778076,0.9369840621948242,0.8769278526306152,0.7765278816223145,1.0470001697540283,0.6916520595550537,1.685488224029541,1.6517572402954102,0.9208199977874756,0.6800909042358398,0.8114829063415527,0.9822661876678467,0.677191972732544,0.8671679496765137,1.048861026763916,0.7801368236541748,0.662909984588623,0.6388680934906006,0.6655440330505371,0.8986232280731201,1.2279057502746582,1.5214219093322754,2.0775139331817627,1.1162011623382568,0.7061362266540527,0.9033281803131104,0.6664299964904785,1.0435099601745605,0.7588908672332764,0.6812129020690918,1.086132287979126,0.7202670574188232,1.0503442287445068,0.8241250514984131,0.9656498432159424,0.8933219909667969,0.8061819076538086,0.775799036026001,0.6405811309814453,0.9030828475952148,0.8197779655456543,1.6674470901489258,0.7997567653656006,0.6418440341949463,1.0447440147399902,0.7251992225646973,0.7987289428710938,1.120976209640503,0.9384400844573975,1.854194164276123,0.774010181427002,0.7839522361755371,0.6983661651611328,1.2050068378448486,1.3017990589141846,0.9422898292541504,0.9200282096862793,1.3611671924591064,1.1771881580352783,0.8765010833740234,0.767341136932373,1.391402006149292,0.7769548892974854,0.8587470054626465,0.8383491039276123,1.6484289169311523,1.3463709354400635,1.3718798160552979,0.8178739547729492,1.5742311477661133,0.7544891834259033,1.0615007877349854,0.9107489585876465,0.8758420944213867,0.8435473442077637,0.6618530750274658,0.7132530212402344,0.651486873626709,1.3887221813201904,0.7358579635620117,0.6909170150756836,1.370133876800537,0.9989039897918701,0.8730909824371338,0.6927669048309326,0.7776267528533936,1.3255579471588135,0.8863952159881592,0.8011889457702637,1.8886752128601074,2.2175869941711426,0.6449401378631592,0.721851110458374,0.7669219970703125,0.7128682136535645,0.6601700782775879,0.7596769332885742,0.8312680721282959,0.7138791084289551,0.7399799823760986,1.0687050819396973,0.6801860332489014,0.6752991676330566,0.6564140319824219,0.8604819774627686,0.7005119323730469,0.6682460308074951
0.15	GG	0.9608261585235596,1.2896552085876465,1.752661943435669,0.9231560230255127,1.0823230743408203,0.6758131980895996,0.9260432720184326,1.2569561004638672,1.3657989501953125,1.3759169578552246,1.7218279838562012,1.2015721797943115,1.386965036392212,0.862274169921875,1.2989170551300049,1.32924485206604,1.373666763305664,1.1343050003051758,1.1251769065856934,0.8982501029968262,1.1571931838989258,0.6830511093139648,0.7350890636444092,0.7361931800842285,1.167186975479126,0.658348798751831,1.2354700565338135,0.7111937999725342,1.2952930927276611,0.7146530151367188,0.6450378894805908,0.8383560180664062,1.2262561321258545,0.6613438129425049,1.0112640857696533,1.0387041568756104,1.6404130458831787,0.6874439716339111,0.739393949508667,0.6350529193878174,0.8110740184783936,1.8123610019683838,1.3622288703918457,0.665045976638794,1.4138269424438477,0.9451029300689697,1.676300048828125,0.9304440021514893,1.3345820903778076,0.8465509414672852,0.7101230621337891,0.962028980255127,0.656256914138794,1.059142827987671,1.1184792518615723,0.6963481903076172,1.1236867904663086,0.6860229969024658,0.995168924331665,1.0459692478179932,1.4457898139953613,0.668942928314209,1.3118810653686523,0.7913577556610107,1.4093050956726074,0.6460223197937012,0.6603381633758545,1.2635271549224854,1.5832958221435547,0.6841309070587158,0.9432590007781982,1.2657389640808105,0.6610591411590576,1.0715792179107666,0.7898790836334229,1.7360141277313232,1.1777069568634033,1.2886378765106201,1.2037887573242188,1.3221840858459473,1.2690579891204834,1.6599860191345215,0.7889149188995361,1.1011738777160645,1.1568570137023926,0.8958661556243896,1.1137919425964355,1.3104231357574463,1.282681941986084,0.7043020725250244,1.3667168617248535,0.6626491546630859,1.0327720642089844,0.6949782371520996,1.1969969272613525,0.6609361171722412,0.7123301029205322,0.6694059371948242,0.66469407081604,0.6970360279083252,1.32334303855896,0.6823649406433105,0.6950650215148926,0.7145040035247803,1.2144079208374023,0.7076253890991211,0.6564972400665283,1.1047389507293701,1.1600360870361328,1.3293519020080566,0.6710691452026367,0.8134241104125977,1.000594139099121,0.6101021766662598,0.8358001708984375,0.8603470325469971,1.3278229236602783,0.678743839263916,0.8535060882568359,0.6846439838409424,0.6071810722351074,0.8310849666595459,0.6399500370025635,0.8531467914581299,0.6887712478637695,0.6869368553161621,1.0661070346832275,0.7189860343933105,0.9993650913238525,1.1088738441467285,1.2587921619415283,0.7861959934234619,1.8456699848175049,1.5709209442138672,1.304244041442871,0.7116873264312744,1.5834999084472656,0.813755989074707,1.2040209770202637,1.4162418842315674,0.6093869209289551,0.8273940086364746,1.176994800567627,0.7611598968505859,0.8279309272766113,0.6940419673919678,1.576211929321289,1.1097910404205322,0.9827430248260498,1.7961249351501465,0.8805198669433594,1.32896089553833,0.6885240077972412,0.7130098342895508,0.7284488677978516,1.3541209697723389,1.5859270095825195,1.3291049003601074,1.561089038848877,1.3519659042358398,1.3119969367980957,1.4681899547576904,1.4409289360046387,0.6610980033874512,0.835737943649292,1.3579189777374268,0.6120328903198242,1.0745940208435059,0.969740629196167,0.9535179138183594,0.935344934463501,0.6895689964294434,0.7891950607299805,0.670651912689209,1.1801080703735352,0.8493697643280029,0.9508490562438965,1.1399731636047363,1.8870320320129395,0.8025321960449219,0.6352529525756836,0.6604166030883789,1.5203640460968018,1.815716028213501,0.8070158958435059,1.2493069171905518,0.9986569881439209,1.0890297889709473,1.279055118560791,1.1886420249938965,1.1903839111328125,1.265552043914795,0.8241920471191406,0.7116119861602783,0.6845870018005371,0.7549200057983398,0.7330818176269531,0.8403530120849609,1.3985848426818848,1.3079309463500977
0.15	GG2	0.9608261585235596,1.2896552085876465,1.752661943435669,0.9231560230255127,1.0823230743408203,0.6758131980895996,0.9260432720184326,1.2569561004638672,1.3657989501953125,1.3759169578552246,1.7218279838562012,1.2015721797943115,1.386965036392212,0.862274169921875,1.2989170551300049,1.32924485206604,1.373666763305664,1.1343050003051758,1.1251769065856934,0.8982501029968262,1.1571931838989258,0.6830511093139648,0.7350890636444092,0.7361931800842285,1.167186975479126,0.658348798751831,1.2354700565338135,0.7111937999725342,1.2952930927276611,0.7146530151367188,0.6450378894805908,0.8383560180664062,1.2262561321258545,0.6613438129425049,1.0112640857696533,1.0387041568756104,1.6404130458831787,0.6874439716339111,0.739393949508667,0.6350529193878174,0.8110740184783936,1.8123610019683838,1.3622288703918457,0.665045976638794,1.4138269424438477,0.9451029300689697,1.676300048828125,0.9304440021514893,1.3345820903778076,0.8465509414672852,0.7101230621337891,0.962028980255127,0.656256914138794,1.059142827987671,1.1184792518615723,0.6963481903076172,1.1236867904663086,0.6860229969024658,0.995168924331665,1.0459692478179932,1.4457898139953613,0.668942928314209,1.3118810653686523,0.7913577556610107,1.4093050956726074,0.6460223197937012,0.6603381633758545,1.2635271549224854,1.5832958221435547,0.6841309070587158,0.9432590007781982,1.2657389640808105,0.6610591411590576,1.0715792179107666,0.7898790836334229,1.7360141277313232,1.1777069568634033,1.2886378765106201,1.2037887573242188,1.3221840858459473,1.2690579891204834,1.6599860191345215,0.7889149188995361,1.1011738777160645,1.1568570137023926,0.8958661556243896,1.1137919425964355,1.3104231357574463,1.282681941986084,0.7043020725250244,1.3667168617248535,0.6626491546630859,1.0327720642089844,0.6949782371520996,1.1969969272613525,0.6609361171722412,0.7123301029205322,0.6694059371948242,0.66469407081604,0.6970360279083252,1.32334303855896,0.6823649406433105,0.6950650215148926,0.7145040035247803,1.2144079208374023,0.7076253890991211,0.6564972400665283,1.1047389507293701,1.1600360870361328,1.3293519020080566,0.6710691452026367,0.8134241104125977,1.000594139099121,0.6101021766662598,0.8358001708984375,0.8603470325469971,1.3278229236602783,0.678743839263916,0.8535060882568359,0.6846439838409424,0.6071810722351074,0.8310849666595459,0.6399500370025635,0.8531467914581299,0.6887712478637695,0.6869368553161621,1.0661070346832275,0.7189860343933105,0.9993650913238525,1.1088738441467285,1.2587921619415283,0.7861959934234619,1.8456699848175049,1.5709209442138672,1.304244041442871,0.7116873264312744,1.5834999084472656,0.813755989074707,1.2040209770202637,1.4162418842315674,0.6093869209289551,0.8273940086364746,1.176994800567627,0.7611598968505859,0.8279309272766113,0.6940419673919678,1.576211929321289,1.1097910404205322,0.9827430248260498,1.7961249351501465,0.8805198669433594,1.32896089553833,0.6885240077972412,0.7130098342895508,0.7284488677978516,1.3541209697723389,1.5859270095825195,1.3291049003601074,1.561089038848877,1.3519659042358398,1.3119969367980957,1.4681899547576904,1.4409289360046387,0.6610980033874512,0.835737943649292,1.3579189777374268,0.6120328903198242,1.0745940208435059,0.969740629196167,0.9535179138183594,0.935344934463501,0.6895689964294434,0.7891950607299805,0.670651912689209,1.1801080703735352,0.8493697643280029,0.9508490562438965,1.1399731636047363,1.8870320320129395,0.8025321960449219,0.6352529525756836,0.6604166030883789,1.5203640460968018,1.815716028213501,0.8070158958435059,1.2493069171905518,0.9986569881439209,1.0890297889709473,1.279055118560791,1.1886420249938965,1.1903839111328125,1.265552043914795,0.8241920471191406,0.7116119861602783,0.6845870018005371,0.7549200057983398,0.7330818176269531,0.8403530120849609,1.3985848426818848,1.3079309463500977
