0.0	GEE	0.009448051452636719,0.009860992431640625,0.009382963180541992,0.009294986724853516,0.009425878524780273,0.009313106536865234,0.009484052658081055,0.009352922439575195,0.00923013687133789,0.009209156036376953,0.009324789047241211,0.00916910171508789,0.009304046630859375,0.009196996688842773,0.00928187370300293,0.00919485092163086,0.009376764297485352,0.009129762649536133,0.009150981903076172,0.009404897689819336,0.009234189987182617,0.009255170822143555,0.009228944778442383,0.009256124496459961,0.009145975112915039,0.009254932403564453,0.009145021438598633,0.0094451904296875,0.00925898551940918,0.009517192840576172,0.00936126708984375,0.009485960006713867,0.009910106658935547,0.00935673713684082,0.009420156478881836,0.009217023849487305,0.009116888046264648,0.009326696395874023,0.009183883666992188,0.009315252304077148,0.009217977523803711,0.009315013885498047,0.009093999862670898,0.009232282638549805,0.009098052978515625,0.009282112121582031,0.009139060974121094,0.009310245513916016,0.009239912033081055,0.009165763854980469,0.009592056274414062,0.009453058242797852,0.009466886520385742,0.009285926818847656,0.00918889045715332,0.009243965148925781,0.009106874465942383,0.009292125701904297,0.009233951568603516,0.009242057800292969,0.009283781051635742,0.009226322174072266,0.009282112121582031,0.009198904037475586,0.009273052215576172,0.009224176406860352,0.00924992561340332,0.009351015090942383,0.009160995483398438,0.009114742279052734,0.009289979934692383,0.00926065444946289,0.009363889694213867,0.009286880493164062,0.009413957595825195,0.00952601432800293,0.009344100952148438,0.009579181671142578,0.009463071823120117,0.009650945663452148,0.009409904479980469,0.009191274642944336,0.00947880744934082,0.009218215942382812,0.009122610092163086,0.009202003479003906,0.009129047393798828,0.009350061416625977,0.00927877426147461,0.009494781494140625,0.009322881698608398,0.009199142456054688,0.009159088134765625,0.009505987167358398,0.009488821029663086,0.009157896041870117,0.009238004684448242,0.009372949600219727,0.009315729141235352,0.009385108947753906,0.00921487808227539,0.009266138076782227,0.009382009506225586,0.009655237197875977,0.009247064590454102,0.009353160858154297,0.009345054626464844,0.009191036224365234,0.009749174118041992,0.009261131286621094,0.009093999862670898,0.009708166122436523,0.009177207946777344,0.009281158447265625,0.009164810180664062,0.009128808975219727,0.009227991104125977,0.009303092956542969,0.00919795036315918,0.009421825408935547,0.009334087371826172,0.00930476188659668,0.009345054626464844,0.009418964385986328,0.009506940841674805,0.009116172790527344,0.00962519645690918,0.00969076156616211,0.009267807006835938,0.009134054183959961,0.009138107299804688,0.009844064712524414,0.009311914443969727,0.00931096076965332,0.009264945983886719,0.009318113327026367,0.009359121322631836,0.009254932403564453,0.009383916854858398,0.009377002716064453,0.009285926818847656,0.009129047393798828,0.009186983108520508,0.009510278701782227,0.009334802627563477,0.009023904800415039,0.009536027908325195,0.009198665618896484,0.009297847747802734,0.009359121322631836,0.009222030639648438,0.00924539566040039,0.00917506217956543,0.009233236312866211,0.009218931198120117,0.009205102920532227,0.009302854537963867,0.009218931198120117,0.009173870086669922,0.009401798248291016,0.009198188781738281,0.009256839752197266,0.009530782699584961,0.009403705596923828,0.009151935577392578,0.009181976318359375,0.009228944778442383,0.00983119010925293,0.009150981903076172,0.009434223175048828,0.00955510139465332,0.009306907653808594,0.009507179260253906,0.009299993515014648,0.009141921997070312,0.009278059005737305,0.009333133697509766,0.009103059768676758,0.009182929992675781,0.009230852127075195,0.00926518440246582,0.00917673110961914,0.009767770767211914,0.00933694839477539,0.009190797805786133,0.009338140487670898,0.009352922439575195,0.009420156478881836,0.00928187370300293,0.009276866912841797,0.009322166442871094,0.009532928466796875,0.00917363166809082,0.009253978729248047,0.009176015853881836,0.009376049041748047,0.009363889694213867,0.009249210357666016,0.009373903274536133,0.009441137313842773
0.0	GNN	0.34072113037109375,0.32142210006713867,0.3332479000091553,0.3828010559082031,0.3239600658416748,0.2771329879760742,0.37055087089538574,0.4596140384674072,0.47141504287719727,0.604320764541626,0.8082680702209473,0.39536309242248535,0.391279935836792,0.3761429786682129,0.3461179733276367,0.3249692916870117,0.2839329242706299,0.35928916931152344,0.27055811882019043,0.26046299934387207,0.24852395057678223,0.4019780158996582,0.5112781524658203,0.34771180152893066,0.30887675285339355,0.4295961856842041,0.3819010257720947,0.2738919258117676,0.3070333003997803,0.762136697769165,0.3259592056274414,0.299619197845459,0.5174663066864014,0.4901299476623535,0.3763570785522461,0.455855131149292,0.43391895294189453,0.2987978458404541,0.333237886428833,0.31559300422668457,0.6870310306549072,0.2504158020019531,0.29470396041870117,0.4817678928375244,0.28131914138793945,0.2751457691192627,0.25067806243896484,0.39267396926879883,0.45049405097961426,0.5591819286346436,0.3055410385131836,0.3735787868499756,0.3226320743560791,0.2767159938812256,0.37555694580078125,0.33965516090393066,0.5781400203704834,0.34887194633483887,0.2419900894165039,0.41088104248046875,0.3397669792175293,0.36285901069641113,0.2721891403198242,0.40752601623535156,0.2965710163116455,0.29026198387145996,0.48929524421691895,0.30708909034729004,0.294788122177124,0.39481282234191895,0.2848701477050781,0.4467630386352539,0.2204909324645996,0.31221723556518555,0.5101370811462402,0.30527305603027344,0.4816577434539795,0.4550662040710449,0.7335648536682129,0.2865409851074219,0.8365077972412109,0.38000011444091797,0.4662768840789795,0.322296142578125,0.2580559253692627,0.31694698333740234,0.2516951560974121,0.33980679512023926,0.3742079734802246,0.28522706031799316,0.6088521480560303,0.37090587615966797,0.5136468410491943,0.30976200103759766,0.5770542621612549,0.37470579147338867,0.38228797912597656,0.36080408096313477,0.608253002166748,0.2730553150177002,0.2642838954925537,0.27396202087402344,0.32168078422546387,0.2609710693359375,0.39462924003601074,0.3630681037902832,0.4166851043701172,0.26701807975769043,0.49973297119140625,0.2865939140319824,0.25379419326782227,0.554480791091919,0.5324928760528564,0.41107988357543945,0.23783612251281738,0.3067800998687744,0.3255009651184082,0.3898947238922119,0.2652111053466797,0.34551000595092773,0.2829158306121826,0.2821228504180908,0.26334404945373535,0.22996091842651367,0.28203701972961426,0.29907917976379395,0.36377811431884766,0.3587610721588135,0.27939391136169434,0.4629189968109131,0.27074408531188965,0.37993860244750977,0.27606797218322754,0.36612796783447266,0.3247678279876709,0.34087395668029785,0.3545348644256592,0.3534972667694092,0.3147709369659424,0.49994325637817383,0.4406111240386963,0.32118678092956543,0.3389906883239746,0.6940670013427734,0.3870968818664551,0.38065314292907715,0.3281278610229492,0.35997724533081055,0.3488907814025879,0.3674478530883789,0.362138032913208,0.2668290138244629,0.3587198257446289,0.2381429672241211,0.3378260135650635,0.2976109981536865,0.3575401306152344,0.34493494033813477,0.2998967170715332,0.654383659362793,0.2710380554199219,0.5173108577728271,0.44779396057128906,0.2657201290130615,0.2761669158935547,0.38567399978637695,0.37961506843566895,0.23824834823608398,0.30465006828308105,0.4447028636932373,0.2920529842376709,0.4003429412841797,0.22931599617004395,0.8726339340209961,0.25982189178466797,0.3080160617828369,0.3541676998138428,0.23214197158813477,0.3208498954772949,0.40363001823425293,0.5690081119537354,0.32938313484191895,0.2882239818572998,0.2692229747772217,0.2634849548339844,0.47299909591674805,0.38544487953186035,0.5756220817565918,0.3074009418487549,0.3193473815917969,0.27167701721191406,0.3559582233428955,0.25640201568603516,0.3298497200012207,0.302264928817749,0.2741522789001465,0.47785115242004395,0.34047794342041016,0.24577999114990234,0.3435821533203125
0.0	GG	0.4184410572052002,0.5271501541137695,0.1889641284942627,0.37517380714416504,0.23672986030578613,0.2948317527770996,0.18962883949279785,0.3921060562133789,0.42081713676452637,0.34033799171447754,0.48600029945373535,0.3543128967285156,0.3163299560546875,0.18940186500549316,0.628201961517334,0.33644795417785645,0.46543312072753906,0.3040909767150879,0.32912707328796387,0.6928040981292725,0.29926395416259766,0.1903209686279297,0.35238122940063477,0.5802581310272217,0.42995500564575195,0.4895811080932617,0.31286001205444336,0.27205705642700195,0.7505769729614258,0.30052900314331055,0.4632539749145508,0.18936586380004883,0.34388089179992676,0.3864569664001465,0.23285889625549316,0.39737606048583984,0.44580936431884766,0.18994808197021484,0.3234748840332031,0.3351612091064453,0.33617615699768066,0.4597032070159912,0.36586523056030273,0.20523691177368164,0.3926210403442383,0.4061918258666992,0.2989041805267334,0.1998748779296875,0.3355259895324707,0.39380526542663574,0.4905729293823242,0.25234508514404297,0.20043706893920898,0.2716219425201416,0.27826499938964844,0.2869679927825928,0.20233798027038574,0.4254341125488281,0.33747220039367676,0.5132420063018799,0.4172701835632324,0.3587210178375244,0.4255850315093994,0.3562648296356201,0.46799206733703613,0.4477198123931885,0.5159287452697754,0.45992374420166016,0.44783997535705566,0.45136523246765137,0.3450448513031006,0.3161957263946533,0.18975090980529785,0.3038289546966553,0.20251083374023438,0.25639867782592773,0.5567960739135742,0.6319558620452881,0.2235732078552246,0.3618128299713135,0.2829279899597168,0.3791630268096924,0.5581891536712646,0.7148489952087402,0.2614619731903076,0.588447093963623,0.20878815650939941,0.25135302543640137,0.47089600563049316,0.5117042064666748,0.2930271625518799,0.4877901077270508,0.30759215354919434,0.6224980354309082,0.4370138645172119,0.2280409336090088,0.6258549690246582,0.42641520500183105,0.4917740821838379,0.460205078125,0.25751805305480957,0.3845341205596924,0.18909907341003418,0.3227968215942383,0.6647248268127441,0.4058239459991455,0.4087979793548584,0.4470939636230469,0.4967772960662842,0.19057083129882812,0.33354997634887695,0.5676462650299072,0.191910982131958,0.4778778553009033,0.4002060890197754,0.18792510032653809,0.261688232421875,0.614692211151123,0.19008898735046387,0.47167205810546875,0.6704928874969482,0.580233097076416,0.385587215423584,0.3411078453063965,0.5347318649291992,0.28296589851379395,0.18993878364562988,0.4952082633972168,0.25557398796081543,0.4909381866455078,0.517632007598877,0.23972797393798828,0.18941402435302734,0.27073001861572266,0.24606800079345703,0.4222550392150879,0.19035816192626953,0.321519136428833,0.3606877326965332,0.19017791748046875,0.3834240436553955,0.18885111808776855,0.24416708946228027,0.4902520179748535,0.2395620346069336,0.2008838653564453,0.5453848838806152,0.1896381378173828,0.2254493236541748,0.21070098876953125,0.38870978355407715,0.19393491744995117,0.5041017532348633,0.27956295013427734,0.33126187324523926,0.4811677932739258,0.4791748523712158,0.43763184547424316,0.3813951015472412,0.5091800689697266,0.3610970973968506,0.20124077796936035,0.45517992973327637,0.4356050491333008,0.43782496452331543,0.5552058219909668,0.3222527503967285,0.592339277267456,0.23167204856872559,0.49182701110839844,0.5397446155548096,0.46062374114990234,0.466965913772583,0.5743029117584229,0.356503963470459,0.26476383209228516,0.33675098419189453,0.37468385696411133,0.266369104385376,0.43488311767578125,0.20641708374023438,0.1895749568939209,0.2977631092071533,0.1907048225402832,0.28292417526245117,0.7506871223449707,0.4959409236907959,0.4228479862213135,0.4929468631744385,0.4154093265533447,0.32784485816955566,0.21789789199829102,0.4726288318634033,0.5117321014404297,0.2539939880371094,0.34349894523620605,0.8784451484680176,0.6320209503173828,0.4475409984588623,0.3695070743560791
0.0	GG2	0.4184410572052002,0.5271501541137695,0.1889641284942627,0.37517380714416504,0.23672986030578613,0.2948317527770996,0.18962883949279785,0.3921060562133789,0.42081713676452637,0.34033799171447754,0.48600029945373535,0.3543128967285156,0.3163299560546875,0.18940186500549316,0.628201961517334,0.33644795417785645,0.46543312072753906,0.3040909767150879,0.32912707328796387,0.6928040981292725,0.29926395416259766,0.1903209686279297,0.35238122940063477,0.5802581310272217,0.42995500564575195,0.4895811080932617,0.31286001205444336,0.27205705642700195,0.7505769729614258,0.30052900314331055,0.4632539749145508,0.18936586380004883,0.34388089179992676,0.3864569664001465,0.23285889625549316,0.39737606048583984,0.44580936431884766,0.18994808197021484,0.3234748840332031,0.3351612091064453,0.33617615699768066,0.4597032070159912,0.36586523056030273,0.20523691177368164,0.3926210403442383,0.4061918258666992,0.2989041805267334,0.1998748779296875,0.3355259895324707,0.39380526542663574,0.4905729293823242,0.25234508514404297,0.20043706893920898,0.2716219425201416,0.27826499938964844,0.2869679927825928,0.20233798027038574,0.4254341125488281,0.33747220039367676,0.5132420063018799,0.4172701835632324,0.3587210178375244,0.4255850315093994,0.3562648296356201,0.46799206733703613,0.4477198123931885,0.5159287452697754,0.45992374420166016,0.44783997535705566,0.45136523246765137,0.3450448513031006,0.3161957263946533,0.18975090980529785,0.3038289546966553,0.20251083374023438,0.25639867782592773,0.5567960739135742,0.6319558620452881,0.2235732078552246,0.3618128299713135,0.2829279899597168,0.3791630268096924,0.5581891536712646,0.7148489952087402,0.2614619731903076,0.588447093963623,0.20878815650939941,0.25135302543640137,0.47089600563049316,0.5117042064666748,0.2930271625518799,0.4877901077270508,0.30759215354919434,0.6224980354309082,0.4370138645172119,0.2280409336090088,0.6258549690246582,0.42641520500183105,0.4917740821838379,0.460205078125,0.25751805305480957,0.3845341205596924,0.18909907341003418,0.3227968215942383,0.6647248268127441,0.4058239459991455,0.4087979793548584,0.4470939636230469,0.4967772960662842,0.19057083129882812,0.33354997634887695,0.5676462650299072,0.191910982131958,0.4778778553009033,0.4002060890197754,0.18792510032653809,0.261688232421875,0.614692211151123,0.19008898735046387,0.47167205810546875,0.6704928874969482,0.580233097076416,0.385587215423584,0.3411078453063965,0.5347318649291992,0.28296589851379395,0.18993878364562988,0.4952082633972168,0.25557398796081543,0.4909381866455078,0.517632007598877,0.23972797393798828,0.18941402435302734,0.27073001861572266,0.24606800079345703,0.4222550392150879,0.19035816192626953,0.321519136428833,0.3606877326965332,0.19017791748046875,0.3834240436553955,0.18885111808776855,0.24416708946228027,0.4902520179748535,0.2395620346069336,0.2008838653564453,0.5453848838806152,0.1896381378173828,0.2254493236541748,0.21070098876953125,0.38870978355407715,0.19393491744995117,0.5041017532348633,0.27956295013427734,0.33126187324523926,0.4811677932739258,0.4791748523712158,0.43763184547424316,0.3813951015472412,0.5091800689697266,0.3610970973968506,0.20124077796936035,0.45517992973327637,0.4356050491333008,0.43782496452331543,0.5552058219909668,0.3222527503967285,0.592339277267456,0.23167204856872559,0.49182701110839844,0.5397446155548096,0.46062374114990234,0.466965913772583,0.5743029117584229,0.356503963470459,0.26476383209228516,0.33675098419189453,0.37468385696411133,0.266369104385376,0.43488311767578125,0.20641708374023438,0.1895749568939209,0.2977631092071533,0.1907048225402832,0.28292417526245117,0.7506871223449707,0.4959409236907959,0.4228479862213135,0.4929468631744385,0.4154093265533447,0.32784485816955566,0.21789789199829102,0.4726288318634033,0.5117321014404297,0.2539939880371094,0.34349894523620605,0.8784451484680176,0.6320209503173828,0.4475409984588623,0.3695070743560791
0.01	GEE	0.011291980743408203,0.010922908782958984,0.011108160018920898,0.011195898056030273,0.011123895645141602,0.01101994514465332,0.01142120361328125,0.011573076248168945,0.011120080947875977,0.011007070541381836,0.010995864868164062,0.011204004287719727,0.011143922805786133,0.010891914367675781,0.011010885238647461,0.011356115341186523,0.01125478744506836,0.010935068130493164,0.012685775756835938,0.011252880096435547,0.011189937591552734,0.011253118515014648,0.011204004287719727,0.011094093322753906,0.010824918746948242,0.011364221572875977,0.011624813079833984,0.010830163955688477,0.010975360870361328,0.011044025421142578,0.010981082916259766,0.011123180389404297,0.011334896087646484,0.011259794235229492,0.011269807815551758,0.010824918746948242,0.011101007461547852,0.010829925537109375,0.0108642578125,0.010937213897705078,0.01099705696105957,0.010859012603759766,0.011020183563232422,0.010949134826660156,0.011450052261352539,0.010981082916259766,0.010628223419189453,0.011364936828613281,0.01097416877746582,0.011287927627563477,0.010890007019042969,0.010955095291137695,0.011017799377441406,0.011109113693237305,0.010823965072631836,0.01081395149230957,0.010639190673828125,0.01101374626159668,0.011007070541381836,0.010779857635498047,0.010812997817993164,0.010796070098876953,0.010829925537109375,0.011029958724975586,0.012298107147216797,0.010912895202636719,0.010928153991699219,0.010766983032226562,0.010968208312988281,0.010828733444213867,0.010979175567626953,0.011154890060424805,0.010790348052978516,0.010824203491210938,0.010937213897705078,0.011175155639648438,0.01069784164428711,0.011261940002441406,0.011139631271362305,0.010928869247436523,0.01143503189086914,0.011012077331542969,0.011201858520507812,0.010757207870483398,0.011070966720581055,0.011035919189453125,0.010981082916259766,0.010768890380859375,0.010979890823364258,0.010955095291137695,0.01089787483215332,0.010937929153442383,0.010982036590576172,0.011699914932250977,0.010952949523925781,0.010799169540405273,0.01251363754272461,0.01073908805847168,0.011123895645141602,0.011008024215698242,0.012305021286010742,0.010769844055175781,0.011738777160644531,0.010843038558959961,0.010811090469360352,0.011024951934814453,0.011074066162109375,0.011410951614379883,0.011015892028808594,0.011010885238647461,0.010786056518554688,0.011114120483398438,0.010949134826660156,0.010978937149047852,0.01086115837097168,0.010957002639770508,0.010866880416870117,0.011148929595947266,0.010864973068237305,0.012041091918945312,0.010888099670410156,0.010924100875854492,0.011321783065795898,0.011223793029785156,0.011021852493286133,0.010952949523925781,0.01123189926147461,0.011150121688842773,0.010911941528320312,0.010828018188476562,0.011281967163085938,0.010944128036499023,0.010830879211425781,0.01099085807800293,0.011301040649414062,0.010893106460571289,0.010896921157836914,0.01092386245727539,0.010799884796142578,0.010744094848632812,0.01081538200378418,0.0107879638671875,0.011057138442993164,0.010902881622314453,0.01084589958190918,0.010704994201660156,0.010833024978637695,0.01071786880493164,0.010812997817993164,0.01073598861694336,0.010998725891113281,0.010820150375366211,0.010891199111938477,0.011613130569458008,0.010891914367675781,0.010668039321899414,0.010982990264892578,0.011341094970703125,0.010879039764404297,0.01081395149230957,0.011251211166381836,0.010803937911987305,0.010993003845214844,0.010772943496704102,0.011646032333374023,0.01169586181640625,0.010811805725097656,0.01094198226928711,0.010974884033203125,0.011168956756591797,0.011489629745483398,0.011122941970825195,0.011692047119140625,0.011143207550048828,0.011174201965332031,0.010855913162231445,0.010890007019042969,0.010801076889038086,0.010806083679199219,0.010895729064941406,0.01090097427368164,0.010825872421264648,0.01069498062133789,0.010972738265991211,0.010996818542480469,0.011281013488769531,0.010921955108642578,0.010815858840942383,0.010890960693359375,0.010811805725097656,0.010905027389526367,0.01092982292175293,0.01082921028137207,0.010869979858398438,0.010746240615844727,0.010964155197143555,0.010820865631103516,0.010866880416870117,0.01102900505065918,0.010968923568725586
0.01	GNN	0.36266183853149414,0.42110109329223633,0.36684489250183105,0.3976888656616211,0.4905989170074463,0.44013118743896484,0.4771599769592285,0.6012778282165527,0.39524102210998535,1.0761609077453613,0.31482720375061035,0.707639217376709,0.5415630340576172,0.5913560390472412,0.8096168041229248,0.3706018924713135,0.2791478633880615,0.5732681751251221,0.2963418960571289,0.33693480491638184,0.3363959789276123,0.332883358001709,0.37661099433898926,0.3804588317871094,0.4731781482696533,0.40593886375427246,0.3451876640319824,0.29842209815979004,0.3678579330444336,0.3404269218444824,0.4741706848144531,0.30738210678100586,0.5506711006164551,0.3056468963623047,0.426347017288208,0.2547740936279297,0.34452033042907715,0.30091285705566406,0.4012439250946045,0.26752710342407227,0.4566688537597656,0.23971104621887207,0.3903920650482178,0.28437113761901855,0.3627021312713623,0.32205700874328613,0.27554893493652344,0.3565678596496582,0.30701494216918945,0.36385202407836914,0.41298818588256836,0.33345890045166016,0.2698497772216797,0.33159494400024414,0.37708425521850586,0.32060813903808594,0.30918097496032715,0.3386080265045166,0.4735121726989746,0.5299060344696045,0.4695141315460205,0.26294612884521484,0.31423211097717285,0.4324822425842285,0.3771970272064209,0.8144450187683105,0.3269481658935547,0.3066408634185791,0.351438045501709,0.5343260765075684,0.3864247798919678,0.27546215057373047,0.3095531463623047,0.3791491985321045,0.41286587715148926,0.32037806510925293,0.3096628189086914,0.7067070007324219,0.40480685234069824,0.344696044921875,0.32317519187927246,0.4541151523590088,0.3900620937347412,0.4344441890716553,0.28002095222473145,0.6913390159606934,0.4189183712005615,0.3838231563568115,0.38687682151794434,0.2854938507080078,0.37857794761657715,0.32025694847106934,0.2737431526184082,0.38224101066589355,0.40711498260498047,0.41954684257507324,0.2700691223144531,0.414135217666626,0.7060213088989258,0.3421590328216553,0.4315199851989746,0.3153269290924072,0.3910679817199707,0.3124091625213623,0.39436912536621094,0.5096371173858643,0.3976919651031494,0.2675650119781494,0.5129818916320801,0.2723569869995117,0.43040895462036133,0.38855600357055664,0.6009178161621094,0.374575138092041,0.3392980098724365,0.28612184524536133,0.5224699974060059,0.45749497413635254,0.28127384185791016,0.36595606803894043,0.33506178855895996,0.32291603088378906,0.3015098571777344,0.3219611644744873,0.32424116134643555,0.4048440456390381,0.3313291072845459,0.3412327766418457,0.38558006286621094,0.47234106063842773,0.3435840606689453,0.37207603454589844,0.3250730037689209,0.3992030620574951,0.3973698616027832,0.3181929588317871,0.31126904487609863,0.5728456974029541,0.2939279079437256,0.26978492736816406,0.29410696029663086,0.37328195571899414,0.3425180912017822,0.36293578147888184,0.3721778392791748,0.41770005226135254,0.3035428524017334,0.4269387722015381,0.3864438533782959,0.3338968753814697,0.35581016540527344,0.3350410461425781,0.30067992210388184,0.34787607192993164,0.3459320068359375,0.21248507499694824,0.31810522079467773,0.5288350582122803,0.3300659656524658,0.38216400146484375,0.3947029113769531,0.5716710090637207,0.4019050598144531,0.3404841423034668,0.3624541759490967,0.3343007564544678,0.43976402282714844,0.26247191429138184,0.31258320808410645,0.2744412422180176,0.3654351234436035,0.399014949798584,0.3751990795135498,0.2420189380645752,0.33373403549194336,0.3117940425872803,0.42161989212036133,0.2947378158569336,0.571359395980835,0.49054837226867676,0.32077527046203613,0.2566511631011963,0.3361682891845703,0.27554774284362793,0.49016904830932617,0.38935399055480957,0.313429594039917,0.5801057815551758,0.35962986946105957,0.4054851531982422,0.3682060241699219,0.3142869472503662,0.2815980911254883,0.6919140815734863,0.4151949882507324,0.3502967357635498,0.36203980445861816,0.3013601303100586,0.2921931743621826,0.760526180267334
0.01	GG	0.3693277835845947,0.4317760467529297,0.5662877559661865,0.34160304069519043,0.6620440483093262,0.5345849990844727,0.2066059112548828,0.518543004989624,0.3066370487213135,0.41936588287353516,0.5304503440856934,0.4409029483795166,0.6439359188079834,0.2368776798248291,0.5715732574462891,0.4277970790863037,0.3664250373840332,0.31540989875793457,0.5085198879241943,0.4799811840057373,0.401076078414917,0.2392721176147461,0.5171761512756348,0.5641579627990723,0.7124631404876709,0.5742757320404053,0.4186732769012451,0.29221010208129883,0.4940478801727295,0.2361290454864502,0.46241211891174316,0.5198471546173096,0.43843984603881836,0.46280789375305176,0.2624659538269043,0.44847583770751953,0.5103991031646729,0.20076870918273926,0.4766867160797119,0.38133788108825684,0.6133899688720703,0.4375910758972168,0.3524630069732666,0.5138790607452393,0.40412282943725586,0.45507097244262695,0.4158360958099365,0.2029409408569336,0.38083314895629883,0.5482871532440186,0.397693395614624,0.41731882095336914,0.20181012153625488,0.24849915504455566,0.5878288745880127,0.3536391258239746,0.2574329376220703,0.557183027267456,0.4067392349243164,0.5537092685699463,0.6221599578857422,0.6213853359222412,0.4160487651824951,0.6808011531829834,0.20170807838439941,0.48923516273498535,0.5637860298156738,0.5339746475219727,0.47803688049316406,0.4786388874053955,0.3981130123138428,0.47473597526550293,0.19980287551879883,0.36322903633117676,0.3003218173980713,0.29415011405944824,0.5318748950958252,0.4264366626739502,0.5241119861602783,0.30103588104248047,0.3138110637664795,0.3919029235839844,0.5119991302490234,0.5241372585296631,0.27663612365722656,0.5680789947509766,0.23863816261291504,0.34180784225463867,0.5824851989746094,0.5962109565734863,0.5166919231414795,0.7034239768981934,0.278796911239624,0.6053910255432129,0.4642670154571533,0.252824068069458,0.693906307220459,0.5355520248413086,0.5856478214263916,0.5186691284179688,0.3162069320678711,0.6222319602966309,0.19879603385925293,0.36927318572998047,0.8555886745452881,0.522273063659668,0.5239601135253906,0.2197258472442627,0.3895289897918701,0.2685279846191406,0.24921798706054688,0.46514201164245605,0.2021622657775879,0.6516318321228027,0.5370800495147705,0.7354710102081299,0.33423471450805664,0.8954708576202393,0.23377680778503418,0.6180448532104492,0.6057398319244385,0.6627030372619629,0.3891019821166992,0.3846311569213867,0.6788268089294434,0.37632107734680176,0.36213088035583496,0.6683893203735352,0.20049190521240234,0.6367928981781006,0.29737401008605957,0.38454103469848633,0.43311190605163574,0.19742298126220703,0.5857899188995361,0.5106191635131836,0.2279798984527588,0.3902158737182617,0.42965030670166016,0.2118830680847168,0.4733102321624756,0.5333840847015381,0.3892862796783447,0.5148279666900635,0.2535512447357178,0.2424161434173584,0.4702479839324951,0.2003328800201416,0.29233217239379883,0.29883790016174316,0.3346130847930908,0.2273719310760498,0.5192010402679443,0.2913689613342285,0.2960801124572754,0.6033358573913574,0.5286388397216797,0.4330761432647705,0.4701700210571289,0.4254791736602783,0.39615583419799805,0.2763803005218506,0.41542792320251465,0.6404330730438232,0.6610491275787354,0.6469380855560303,0.42880797386169434,0.39980411529541016,0.24326395988464355,0.48505091667175293,0.4158449172973633,0.5078771114349365,0.47551584243774414,0.5339157581329346,0.33902478218078613,0.20001792907714844,0.27016687393188477,0.420490026473999,0.3809671401977539,0.6723651885986328,0.5347061157226562,0.25199389457702637,0.24339985847473145,0.2762007713317871,0.35138821601867676,0.486591100692749,0.4529387950897217,0.8159680366516113,0.5645060539245605,0.5295979976654053,0.35384678840637207,0.27574610710144043,0.579801082611084,0.5814981460571289,0.46842288970947266,0.5579819679260254,0.6559669971466064,0.5108647346496582,0.5054841041564941,0.3714900016784668
0.01	GG2	0.3693277835845947,0.4317760467529297,0.5662877559661865,0.34160304069519043,0.6620440483093262,0.5345849990844727,0.2066059112548828,0.518543004989624,0.3066370487213135,0.41936588287353516,0.5304503440856934,0.4409029483795166,0.6439359188079834,0.2368776798248291,0.5715732574462891,0.4277970790863037,0.3664250373840332,0.31540989875793457,0.5085198879241943,0.4799811840057373,0.401076078414917,0.2392721176147461,0.5171761512756348,0.5641579627990723,0.7124631404876709,0.5742757320404053,0.4186732769012451,0.29221010208129883,0.4940478801727295,0.2361290454864502,0.46241211891174316,0.5198471546173096,0.43843984603881836,0.46280789375305176,0.2624659538269043,0.44847583770751953,0.5103991031646729,0.20076870918273926,0.4766867160797119,0.38133788108825684,0.6133899688720703,0.4375910758972168,0.3524630069732666,0.5138790607452393,0.40412282943725586,0.45507097244262695,0.4158360958099365,0.2029409408569336,0.38083314895629883,0.5482871532440186,0.397693395614624,0.41731882095336914,0.20181012153625488,0.24849915504455566,0.5878288745880127,0.3536391258239746,0.2574329376220703,0.557183027267456,0.4067392349243164,0.5537092685699463,0.6221599578857422,0.6213853359222412,0.4160487651824951,0.6808011531829834,0.20170807838439941,0.48923516273498535,0.5637860298156738,0.5339746475219727,0.47803688049316406,0.4786388874053955,0.3981130123138428,0.47473597526550293,0.19980287551879883,0.36322903633117676,0.3003218173980713,0.29415011405944824,0.5318748950958252,0.4264366626739502,0.5241119861602783,0.30103588104248047,0.3138110637664795,0.3919029235839844,0.5119991302490234,0.5241372585296631,0.27663612365722656,0.5680789947509766,0.23863816261291504,0.34180784225463867,0.5824851989746094,0.5962109565734863,0.5166919231414795,0.7034239768981934,0.278796911239624,0.6053910255432129,0.4642670154571533,0.252824068069458,0.693906307220459,0.5355520248413086,0.5856478214263916,0.5186691284179688,0.3162069320678711,0.6222319602966309,0.19879603385925293,0.36927318572998047,0.8555886745452881,0.522273063659668,0.5239601135253906,0.2197258472442627,0.3895289897918701,0.2685279846191406,0.24921798706054688,0.46514201164245605,0.2021622657775879,0.6516318321228027,0.5370800495147705,0.7354710102081299,0.33423471450805664,0.8954708576202393,0.23377680778503418,0.6180448532104492,0.6057398319244385,0.6627030372619629,0.3891019821166992,0.3846311569213867,0.6788268089294434,0.37632107734680176,0.36213088035583496,0.6683893203735352,0.20049190521240234,0.6367928981781006,0.29737401008605957,0.38454103469848633,0.43311190605163574,0.19742298126220703,0.5857899188995361,0.5106191635131836,0.2279798984527588,0.3902158737182617,0.42965030670166016,0.2118830680847168,0.4733102321624756,0.5333840847015381,0.3892862796783447,0.5148279666900635,0.2535512447357178,0.2424161434173584,0.4702479839324951,0.2003328800201416,0.29233217239379883,0.29883790016174316,0.3346130847930908,0.2273719310760498,0.5192010402679443,0.2913689613342285,0.2960801124572754,0.6033358573913574,0.5286388397216797,0.4330761432647705,0.4701700210571289,0.4254791736602783,0.39615583419799805,0.2763803005218506,0.41542792320251465,0.6404330730438232,0.6610491275787354,0.6469380855560303,0.42880797386169434,0.39980411529541016,0.24326395988464355,0.48505091667175293,0.4158449172973633,0.5078771114349365,0.47551584243774414,0.5339157581329346,0.33902478218078613,0.20001792907714844,0.27016687393188477,0.420490026473999,0.3809671401977539,0.6723651885986328,0.5347061157226562,0.25199389457702637,0.24339985847473145,0.2762007713317871,0.35138821601867676,0.486591100692749,0.4529387950897217,0.8159680366516113,0.5645060539245605,0.5295979976654053,0.35384678840637207,0.27574610710144043,0.579801082611084,0.5814981460571289,0.46842288970947266,0.5579819679260254,0.6559669971466064,0.5108647346496582,0.5054841041564941,0.3714900016784668
0.02	GEE	0.01218104362487793,0.012596368789672852,0.012314081192016602,0.012387990951538086,0.013139963150024414,0.012546062469482422,0.012387275695800781,0.02427959442138672,0.012916088104248047,0.012840747833251953,0.013025999069213867,0.013342857360839844,0.012627124786376953,0.012556076049804688,0.013164043426513672,0.013339042663574219,0.012776851654052734,0.012788772583007812,0.012623786926269531,0.012591838836669922,0.012493133544921875,0.01320791244506836,0.018203020095825195,0.013178110122680664,0.015056848526000977,0.012625932693481445,0.013318061828613281,0.013442039489746094,0.01232004165649414,0.012387990951538086,0.01235198974609375,0.012282848358154297,0.012969255447387695,0.01230478286743164,0.012393951416015625,0.0123291015625,0.012098073959350586,0.012476205825805664,0.012260198593139648,0.014187097549438477,0.012465953826904297,0.012343883514404297,0.012167215347290039,0.012098073959350586,0.013375997543334961,0.01234889030456543,0.012275934219360352,0.013031005859375,0.01232004165649414,0.01223301887512207,0.012293815612792969,0.01235818862915039,0.012387990951538086,0.012350082397460938,0.012846946716308594,0.012294769287109375,0.012324094772338867,0.012871026992797852,0.012241840362548828,0.01230001449584961,0.012829780578613281,0.012639999389648438,0.01217198371887207,0.012839794158935547,0.012551069259643555,0.01240229606628418,0.012760162353515625,0.012349843978881836,0.012412786483764648,0.012290000915527344,0.012542247772216797,0.012325048446655273,0.012308835983276367,0.012274026870727539,0.01252889633178711,0.013239145278930664,0.012233972549438477,0.012326240539550781,0.012315034866333008,0.012280941009521484,0.012212991714477539,0.012362003326416016,0.012393951416015625,0.013194084167480469,0.012265920639038086,0.012434959411621094,0.012396097183227539,0.012141704559326172,0.012335777282714844,0.012284040451049805,0.01232290267944336,0.012146949768066406,0.01231694221496582,0.012395858764648438,0.012413978576660156,0.012247085571289062,0.012298822402954102,0.012410879135131836,0.013302087783813477,0.012356996536254883,0.012338876724243164,0.012314796447753906,0.012645959854125977,0.012180089950561523,0.013009786605834961,0.012348175048828125,0.012387752532958984,0.012580156326293945,0.012391328811645508,0.012694835662841797,0.012532234191894531,0.012372970581054688,0.013237953186035156,0.013106822967529297,0.012323856353759766,0.012536048889160156,0.012128591537475586,0.013281106948852539,0.01223897933959961,0.012363910675048828,0.012369871139526367,0.012141704559326172,0.012408256530761719,0.012239217758178711,0.012477874755859375,0.012253999710083008,0.012751102447509766,0.012449026107788086,0.012455940246582031,0.01233983039855957,0.01310110092163086,0.012223958969116211,0.012294292449951172,0.012608051300048828,0.012740135192871094,0.012324094772338867,0.012371063232421875,0.012385129928588867,0.012306928634643555,0.013191938400268555,0.013132095336914062,0.012502908706665039,0.012594938278198242,0.019519805908203125,0.012696027755737305,0.012532949447631836,0.01238703727722168,0.01292109489440918,0.012243986129760742,0.01223897933959961,0.012366771697998047,0.012415170669555664,0.012264013290405273,0.012693166732788086,0.01232600212097168,0.013844966888427734,0.01274418830871582,0.012420892715454102,0.012898921966552734,0.012381792068481445,0.012422323226928711,0.012352943420410156,0.012801885604858398,0.012390851974487305,0.012497186660766602,0.012359857559204102,0.012422800064086914,0.012347936630249023,0.012290000915527344,0.012484073638916016,0.012359857559204102,0.013082265853881836,0.012357950210571289,0.01239323616027832,0.012309074401855469,0.032948970794677734,0.012423992156982422,0.014096975326538086,0.01398611068725586,0.012423992156982422,0.013142108917236328,0.012295246124267578,0.012353897094726562,0.012355804443359375,0.013093233108520508,0.012315034866333008,0.012351036071777344,0.012375116348266602,0.01250910758972168,0.012436866760253906,0.012371063232421875,0.01240396499633789,0.012695074081420898,0.01244211196899414,0.012736082077026367,0.012443304061889648,0.012385129928588867,0.012939929962158203,0.012387275695800781,0.012687206268310547
0.02	GNN	0.41298508644104004,0.29319000244140625,0.4492008686065674,0.2932920455932617,0.3878898620605469,0.3472709655761719,0.8346250057220459,0.7170648574829102,0.5086672306060791,0.5312330722808838,0.3737027645111084,0.7681810855865479,0.6160011291503906,0.4097628593444824,0.5343601703643799,0.5093097686767578,0.372298002243042,0.25606298446655273,0.4361591339111328,0.29286718368530273,0.31323695182800293,0.37071895599365234,0.509972095489502,0.6560120582580566,0.4715440273284912,0.3965146541595459,0.9797160625457764,0.38382577896118164,0.31468701362609863,0.28040003776550293,0.2504546642303467,0.45908689498901367,0.336240291595459,0.4054250717163086,0.44767117500305176,0.24686002731323242,0.5161678791046143,0.290208101272583,0.4273872375488281,0.3519251346588135,0.5066988468170166,0.23501229286193848,0.34547877311706543,0.38543105125427246,0.25821375846862793,0.3345208168029785,0.30820202827453613,0.3740732669830322,0.3297739028930664,0.37168169021606445,0.42679905891418457,0.4166591167449951,0.41524195671081543,0.47713184356689453,0.3741769790649414,0.3969271183013916,0.4978969097137451,0.49738192558288574,0.37602806091308594,0.39008116722106934,0.36580395698547363,0.26811981201171875,0.31722521781921387,0.41831493377685547,0.43107008934020996,0.550656795501709,0.34972095489501953,0.4784739017486572,0.35506486892700195,0.47539401054382324,0.4196281433105469,0.5285623073577881,0.3315579891204834,0.33368992805480957,0.4866938591003418,0.5997970104217529,0.4014441967010498,0.6680450439453125,0.3658030033111572,0.3432180881500244,0.36696696281433105,0.39248013496398926,0.31407999992370605,0.9625451564788818,0.29609107971191406,0.4373362064361572,0.3649718761444092,0.32059407234191895,0.3477928638458252,0.36309003829956055,0.4453701972961426,0.36104321479797363,0.38416385650634766,0.32294225692749023,0.37287282943725586,0.39953088760375977,0.2709991931915283,0.4745361804962158,0.2891108989715576,0.3757822513580322,0.2646961212158203,0.3482658863067627,0.5594840049743652,0.4911489486694336,0.4261288642883301,0.28672099113464355,0.4298210144042969,0.3353233337402344,0.2931499481201172,0.2674539089202881,0.3827488422393799,0.33407092094421387,0.39803218841552734,0.32744407653808594,0.31554579734802246,0.32652902603149414,0.33889102935791016,0.3703949451446533,0.3709392547607422,0.42736005783081055,0.23847198486328125,0.3009617328643799,0.3331122398376465,0.38274407386779785,0.30800795555114746,0.36501097679138184,0.3969910144805908,0.2413020133972168,0.4516420364379883,0.42897772789001465,0.36636900901794434,0.5052638053894043,0.33628392219543457,0.417788028717041,0.7448768615722656,0.4910600185394287,0.42702198028564453,0.47494029998779297,0.2886950969696045,0.3473701477050781,0.3157200813293457,0.45574522018432617,0.5329611301422119,0.32142090797424316,0.3383748531341553,0.370466947555542,0.3719942569732666,0.440676212310791,0.3533341884613037,0.27591800689697266,0.3614499568939209,0.4807569980621338,0.3817920684814453,0.2857673168182373,0.49185705184936523,0.2497708797454834,0.35311317443847656,0.6191158294677734,0.28359484672546387,0.3242001533508301,0.39014506340026855,0.625640869140625,0.5266711711883545,0.23677682876586914,0.381497859954834,0.32811474800109863,0.3732771873474121,0.24751806259155273,0.44316792488098145,0.7090389728546143,0.284771203994751,0.3741171360015869,0.3369448184967041,0.24948883056640625,0.4313662052154541,0.6419410705566406,0.554718017578125,0.355191707611084,0.3346257209777832,0.7185430526733398,0.2707819938659668,0.37531113624572754,0.3406829833984375,0.49703192710876465,0.30501818656921387,0.2602558135986328,0.2848021984100342,0.7047419548034668,0.2976551055908203,0.42916107177734375,0.3855299949645996,0.8592348098754883,0.321688175201416,0.4851877689361572,0.3628389835357666,0.2868030071258545,0.36140012741088867,0.2796149253845215,0.3329780101776123,0.37828564643859863
0.02	GG	0.5669150352478027,0.49801087379455566,0.6190330982208252,0.363994836807251,0.7400257587432861,0.2805459499359131,0.6869230270385742,0.8863418102264404,0.3509821891784668,0.41596388816833496,1.1924629211425781,0.5398521423339844,0.5715646743774414,0.38129401206970215,0.6966979503631592,0.30841898918151855,0.5188298225402832,0.31221985816955566,0.30142784118652344,0.5414779186248779,0.4902467727661133,0.32370901107788086,0.9487380981445312,0.5309970378875732,0.4990410804748535,0.5183160305023193,1.032773733139038,0.45586681365966797,0.588360071182251,0.3083336353302002,0.45398807525634766,0.4623420238494873,0.22578930854797363,0.3433048725128174,0.262131929397583,0.4564170837402344,0.48144984245300293,0.2023632526397705,0.20661211013793945,0.42258405685424805,0.7455921173095703,0.5408158302307129,0.34673476219177246,0.5621557235717773,0.4908630847930908,0.35144495964050293,0.3905801773071289,0.22677898406982422,0.43655920028686523,0.466461181640625,0.5344562530517578,0.5643980503082275,0.23697304725646973,0.441082239151001,0.5750787258148193,0.35597801208496094,0.3800051212310791,0.5203979015350342,0.5417840480804443,0.6589441299438477,0.595710039138794,0.5505330562591553,0.5786702632904053,0.6784429550170898,0.5611040592193604,0.5064210891723633,0.6007030010223389,0.603571891784668,0.46885204315185547,0.3886678218841553,0.4707679748535156,0.606917142868042,0.23761582374572754,0.37059497833251953,0.6185300350189209,0.29846620559692383,0.5576047897338867,0.4008660316467285,0.5816121101379395,0.3524658679962158,0.2693040370941162,0.4426870346069336,0.5757081508636475,0.5008528232574463,0.32599306106567383,0.5290341377258301,0.21720385551452637,0.5436279773712158,0.86708664894104,0.5638647079467773,0.5844719409942627,0.5598690509796143,0.4066953659057617,0.6025362014770508,0.5054299831390381,0.33309388160705566,0.7715189456939697,0.40018320083618164,0.5554990768432617,0.49320006370544434,0.39699292182922363,0.370419979095459,0.2300429344177246,0.4952850341796875,0.653533935546875,0.5424540042877197,0.4542410373687744,0.29050707817077637,0.44190406799316406,0.3891572952270508,0.28157997131347656,0.8225622177124023,0.2580869197845459,0.7737150192260742,0.48505496978759766,0.7733790874481201,0.44653797149658203,0.8064689636230469,0.20711612701416016,0.5248110294342041,0.6642539501190186,0.45141100883483887,0.5893423557281494,0.5427908897399902,0.6675760746002197,0.4297771453857422,0.31118202209472656,0.5891070365905762,0.238861083984375,0.6126987934112549,0.2992892265319824,0.46738219261169434,0.6592800617218018,0.22315406799316406,0.5982699394226074,0.5520110130310059,0.296478271484375,0.5300509929656982,0.5035281181335449,0.20274591445922852,0.5554118156433105,0.7935991287231445,0.5386080741882324,0.5211849212646484,0.27099609375,0.2268819808959961,0.7386786937713623,0.22932696342468262,0.37493109703063965,0.3363993167877197,0.37466907501220703,0.20612788200378418,0.544506311416626,0.3800849914550781,0.44367504119873047,0.5433900356292725,0.4421248435974121,0.4596371650695801,0.5011348724365234,0.5441510677337646,0.36733102798461914,0.37006592750549316,0.40932202339172363,0.4773068428039551,0.578747034072876,0.5396509170532227,0.5132360458374023,0.7993671894073486,0.2088310718536377,0.5557122230529785,0.424299955368042,0.5393717288970947,0.5430500507354736,0.616398811340332,0.3719441890716553,0.20928001403808594,0.3850691318511963,0.4841790199279785,0.45203423500061035,0.6179900169372559,0.49269604682922363,0.27530694007873535,0.25047874450683594,0.45268893241882324,0.38187193870544434,0.5314738750457764,0.37088513374328613,0.4457821846008301,0.5711312294006348,0.5830721855163574,0.4108562469482422,0.29146695137023926,0.6819958686828613,0.5926809310913086,0.356428861618042,0.38115406036376953,0.7143721580505371,0.5160057544708252,0.6503243446350098,0.26108789443969727
0.02	GG2	0.5669150352478027,0.49801087379455566,0.6190330982208252,0.363994836807251,0.7400257587432861,0.2805459499359131,0.6869230270385742,0.8863418102264404,0.3509821891784668,0.41596388816833496,1.1924629211425781,0.5398521423339844,0.5715646743774414,0.38129401206970215,0.6966979503631592,0.30841898918151855,0.5188298225402832,0.31221985816955566,0.30142784118652344,0.5414779186248779,0.4902467727661133,0.32370901107788086,0.9487380981445312,0.5309970378875732,0.4990410804748535,0.5183160305023193,1.032773733139038,0.45586681365966797,0.588360071182251,0.3083336353302002,0.45398807525634766,0.4623420238494873,0.22578930854797363,0.3433048725128174,0.262131929397583,0.4564170837402344,0.48144984245300293,0.2023632526397705,0.20661211013793945,0.42258405685424805,0.7455921173095703,0.5408158302307129,0.34673476219177246,0.5621557235717773,0.4908630847930908,0.35144495964050293,0.3905801773071289,0.22677898406982422,0.43655920028686523,0.466461181640625,0.5344562530517578,0.5643980503082275,0.23697304725646973,0.441082239151001,0.5750787258148193,0.35597801208496094,0.3800051212310791,0.5203979015350342,0.5417840480804443,0.6589441299438477,0.595710039138794,0.5505330562591553,0.5786702632904053,0.6784429550170898,0.5611040592193604,0.5064210891723633,0.6007030010223389,0.603571891784668,0.46885204315185547,0.3886678218841553,0.4707679748535156,0.606917142868042,0.23761582374572754,0.37059497833251953,0.6185300350189209,0.29846620559692383,0.5576047897338867,0.4008660316467285,0.5816121101379395,0.3524658679962158,0.2693040370941162,0.4426870346069336,0.5757081508636475,0.5008528232574463,0.32599306106567383,0.5290341377258301,0.21720385551452637,0.5436279773712158,0.86708664894104,0.5638647079467773,0.5844719409942627,0.5598690509796143,0.4066953659057617,0.6025362014770508,0.5054299831390381,0.33309388160705566,0.7715189456939697,0.40018320083618164,0.5554990768432617,0.49320006370544434,0.39699292182922363,0.370419979095459,0.2300429344177246,0.4952850341796875,0.653533935546875,0.5424540042877197,0.4542410373687744,0.29050707817077637,0.44190406799316406,0.3891572952270508,0.28157997131347656,0.8225622177124023,0.2580869197845459,0.7737150192260742,0.48505496978759766,0.7733790874481201,0.44653797149658203,0.8064689636230469,0.20711612701416016,0.5248110294342041,0.6642539501190186,0.45141100883483887,0.5893423557281494,0.5427908897399902,0.6675760746002197,0.4297771453857422,0.31118202209472656,0.5891070365905762,0.238861083984375,0.6126987934112549,0.2992892265319824,0.46738219261169434,0.6592800617218018,0.22315406799316406,0.5982699394226074,0.5520110130310059,0.296478271484375,0.5300509929656982,0.5035281181335449,0.20274591445922852,0.5554118156433105,0.7935991287231445,0.5386080741882324,0.5211849212646484,0.27099609375,0.2268819808959961,0.7386786937713623,0.22932696342468262,0.37493109703063965,0.3363993167877197,0.37466907501220703,0.20612788200378418,0.544506311416626,0.3800849914550781,0.44367504119873047,0.5433900356292725,0.4421248435974121,0.4596371650695801,0.5011348724365234,0.5441510677337646,0.36733102798461914,0.37006592750549316,0.40932202339172363,0.4773068428039551,0.578747034072876,0.5396509170532227,0.5132360458374023,0.7993671894073486,0.2088310718536377,0.5557122230529785,0.424299955368042,0.5393717288970947,0.5430500507354736,0.616398811340332,0.3719441890716553,0.20928001403808594,0.3850691318511963,0.4841790199279785,0.45203423500061035,0.6179900169372559,0.49269604682922363,0.27530694007873535,0.25047874450683594,0.45268893241882324,0.38187193870544434,0.5314738750457764,0.37088513374328613,0.4457821846008301,0.5711312294006348,0.5830721855163574,0.4108562469482422,0.29146695137023926,0.6819958686828613,0.5926809310913086,0.356428861618042,0.38115406036376953,0.7143721580505371,0.5160057544708252,0.6503243446350098,0.26108789443969727
0.03	GEE	0.013621807098388672,0.013735771179199219,0.013895034790039062,0.013783931732177734,0.013753175735473633,0.013658285140991211,0.01394200325012207,0.013808727264404297,0.01492929458618164,0.013644933700561523,0.013878107070922852,0.013810873031616211,0.01403188705444336,0.013553857803344727,0.014395952224731445,0.013839960098266602,0.013782739639282227,0.014305591583251953,0.014767169952392578,0.01411581039428711,0.01375269889831543,0.013689994812011719,0.013480186462402344,0.014155864715576172,0.013659000396728516,0.014065980911254883,0.013634204864501953,0.015094995498657227,0.014061927795410156,0.013590097427368164,0.014153242111206055,0.014564037322998047,0.013678789138793945,0.013660907745361328,0.015141010284423828,0.013536930084228516,0.013515949249267578,0.020852088928222656,0.01362299919128418,0.013683080673217773,0.030189037322998047,0.01347208023071289,0.013624906539916992,0.013779878616333008,0.013669967651367188,0.013570070266723633,0.01347208023071289,0.013719797134399414,0.013606071472167969,0.013657093048095703,0.014574050903320312,0.013896942138671875,0.013540029525756836,0.013841867446899414,0.01358795166015625,0.013615131378173828,0.013448953628540039,0.013635873794555664,0.013638973236083984,0.013375997543334961,0.013640880584716797,0.013857126235961914,0.0135040283203125,0.013697147369384766,0.013915061950683594,0.01357126235961914,0.013647317886352539,0.013470172882080078,0.01370096206665039,0.013799190521240234,0.013544321060180664,0.014078140258789062,0.013676643371582031,0.01406407356262207,0.014267206192016602,0.013590097427368164,0.014101028442382812,0.013782024383544922,0.013595104217529297,0.013636112213134766,0.013627052307128906,0.013679027557373047,0.013627290725708008,0.013473033905029297,0.013628959655761719,0.013605117797851562,0.01370096206665039,0.013576269149780273,0.013446331024169922,0.013641834259033203,0.013504981994628906,0.013650894165039062,0.01363992691040039,0.013485908508300781,0.014863967895507812,0.013309001922607422,0.01362299919128418,0.013627290725708008,0.013617992401123047,0.014008760452270508,0.013657093048095703,0.013662099838256836,0.013684988021850586,0.013532161712646484,0.013707160949707031,0.013460874557495117,0.013644933700561523,0.013695001602172852,0.014281988143920898,0.013582944869995117,0.014439105987548828,0.013821125030517578,0.013653993606567383,0.013790130615234375,0.013640165328979492,0.013561010360717773,0.013527870178222656,0.014053821563720703,0.013637065887451172,0.015278100967407227,0.014141082763671875,0.013612031936645508,0.014041662216186523,0.013630390167236328,0.013612747192382812,0.013530731201171875,0.01579904556274414,0.013647079467773438,0.013534069061279297,0.013677835464477539,0.013552188873291016,0.013693094253540039,0.013640880584716797,0.013618946075439453,0.013637781143188477,0.013606071472167969,0.013664007186889648,0.013742685317993164,0.013957977294921875,0.013590097427368164,0.013466119766235352,0.013614654541015625,0.013621091842651367,0.013690948486328125,0.013892173767089844,0.01395416259765625,0.013487100601196289,0.013617992401123047,0.014480829238891602,0.013625144958496094,0.013592004776000977,0.013618946075439453,0.013541936874389648,0.013668060302734375,0.014394283294677734,0.014393806457519531,0.01361989974975586,0.01360630989074707,0.013871908187866211,0.013742923736572266,0.01373291015625,0.014541149139404297,0.013549089431762695,0.014369010925292969,0.013808012008666992,0.01429295539855957,0.015931129455566406,0.013948917388916016,0.014481067657470703,0.014635086059570312,0.014111995697021484,0.014470815658569336,0.013759136199951172,0.01433706283569336,0.014350175857543945,0.013999223709106445,0.01377105712890625,0.014529943466186523,0.013673067092895508,0.013618230819702148,0.013796091079711914,0.013923168182373047,0.013474702835083008,0.014503955841064453,0.014306068420410156,0.013702154159545898,0.013725757598876953,0.013656854629516602,0.014512777328491211,0.01377105712890625,0.013875961303710938,0.013674020767211914,0.013536930084228516,0.013608217239379883,0.013640880584716797,0.013599157333374023,0.01377105712890625,0.014493942260742188,0.013796806335449219,0.014694929122924805
0.03	GNN	0.4390571117401123,0.3140707015991211,0.3019070625305176,0.27315187454223633,0.7637240886688232,0.34279775619506836,0.4199209213256836,0.32961511611938477,0.2890138626098633,0.33771634101867676,0.27837634086608887,0.39063000679016113,0.44028592109680176,0.3783261775970459,0.3388791084289551,0.4063582420349121,0.34125709533691406,0.308880090713501,0.3070840835571289,0.3385307788848877,0.27603721618652344,0.39559197425842285,0.381350040435791,0.7983667850494385,0.34354209899902344,1.0775108337402344,0.8831641674041748,0.35321784019470215,0.3987600803375244,0.31246519088745117,0.3372478485107422,0.5049450397491455,0.2640340328216553,0.3692281246185303,0.4386789798736572,0.29624009132385254,0.5520291328430176,0.5405051708221436,0.6499948501586914,0.29303598403930664,0.38427019119262695,0.27326512336730957,0.28814101219177246,0.40087413787841797,0.3159959316253662,0.3787968158721924,0.42944884300231934,0.4061450958251953,0.5466527938842773,0.3621678352355957,0.7762191295623779,0.41318178176879883,0.4312412738800049,0.5168290138244629,0.32365918159484863,0.3116190433502197,0.44045114517211914,0.4421072006225586,0.238084077835083,0.28194618225097656,0.279343843460083,0.2929699420928955,0.2850358486175537,0.30738401412963867,0.4715697765350342,0.44465017318725586,0.44557905197143555,0.28944897651672363,0.28723597526550293,0.3298971652984619,0.6009581089019775,0.4652249813079834,0.3463759422302246,0.317579984664917,0.4544970989227295,0.5567018985748291,0.4405481815338135,0.30672717094421387,0.9294600486755371,0.4681270122528076,0.3722078800201416,0.4338397979736328,0.42848825454711914,0.3354921340942383,0.3383760452270508,0.4897148609161377,0.37526392936706543,0.48656201362609863,0.3257589340209961,0.5536057949066162,0.28978490829467773,0.3409140110015869,0.26464104652404785,0.38074302673339844,0.4269390106201172,0.4181511402130127,0.36446285247802734,0.3933999538421631,0.47557568550109863,0.48711109161376953,0.2987947463989258,0.29469990730285645,0.8460299968719482,0.45592331886291504,0.37701892852783203,0.6440281867980957,0.4612901210784912,0.37363505363464355,0.40009188652038574,0.301027774810791,0.35335612297058105,0.44875097274780273,0.39158201217651367,0.3473029136657715,0.324146032333374,0.2948000431060791,0.4116969108581543,0.3685019016265869,0.48727917671203613,0.3965930938720703,0.3028910160064697,0.41343212127685547,0.32404303550720215,0.4846620559692383,0.24856185913085938,0.3953390121459961,0.32392191886901855,0.24833273887634277,0.4952352046966553,0.4153139591217041,0.41104888916015625,0.6028790473937988,0.4228627681732178,0.40370893478393555,0.37737488746643066,0.2619447708129883,0.47787904739379883,0.5588030815124512,0.2885401248931885,0.3602180480957031,0.32706212997436523,0.5135209560394287,0.33105993270874023,1.3325119018554688,0.3816211223602295,0.37622499465942383,0.3465249538421631,0.46646690368652344,0.5887479782104492,0.3006460666656494,0.4487161636352539,0.3083341121673584,0.3656032085418701,0.2949998378753662,0.2686429023742676,0.23569893836975098,0.4581298828125,0.46593570709228516,0.2586202621459961,0.35946106910705566,0.3828270435333252,0.336169958114624,0.4203920364379883,0.27484798431396484,0.43495821952819824,0.348416805267334,0.3688850402832031,0.45217418670654297,0.43594813346862793,0.4828672409057617,0.2944018840789795,0.42755889892578125,0.32886385917663574,0.28397703170776367,0.4540586471557617,0.3795483112335205,0.4769258499145508,0.31845688819885254,0.3426821231842041,0.46357297897338867,0.2792091369628906,0.3255898952484131,0.41960811614990234,0.3168339729309082,0.2904689311981201,0.503140926361084,0.2892181873321533,1.1288628578186035,0.30591893196105957,0.29891204833984375,0.4008297920227051,0.38903284072875977,0.31969261169433594,0.3558971881866455,0.4308319091796875,0.3516511917114258,0.4820990562438965,0.32628607749938965,0.28725290298461914,0.352139949798584
0.03	GG	0.5779800415039062,0.6757490634918213,0.719994068145752,0.33272290229797363,0.9343280792236328,0.4167017936706543,0.7852959632873535,0.6024270057678223,0.3007681369781494,0.3988180160522461,0.4963803291320801,0.490786075592041,0.6626801490783691,0.23146891593933105,0.6513516902923584,0.6230359077453613,0.31362318992614746,0.3223891258239746,0.27486705780029297,0.409710168838501,0.4994392395019531,0.6738669872283936,0.6106612682342529,0.45951008796691895,0.492279052734375,0.6138401031494141,0.9050931930541992,0.40014004707336426,0.4783611297607422,0.30925798416137695,0.5499711036682129,0.4617459774017334,0.3980839252471924,0.35320496559143066,0.30603528022766113,0.5187082290649414,0.5829930305480957,0.2769439220428467,0.5374138355255127,0.42654895782470703,0.8559391498565674,1.0609700679779053,0.4453151226043701,0.6170759201049805,0.5852518081665039,0.5728292465209961,0.49340176582336426,0.4457728862762451,0.5194180011749268,0.6216728687286377,0.5051138401031494,0.5394959449768066,0.3264448642730713,0.4579477310180664,0.6647210121154785,0.3867149353027344,0.3717949390411377,0.6190428733825684,0.40709400177001953,0.60282301902771,0.7522718906402588,0.6458649635314941,0.48232197761535645,0.4419121742248535,0.7639908790588379,0.4783191680908203,0.6359050273895264,0.7721211910247803,0.599250316619873,0.5131802558898926,0.4105501174926758,0.6048548221588135,0.22106313705444336,0.44437623023986816,0.7132408618927002,0.28406190872192383,0.5486710071563721,0.30217623710632324,0.6050601005554199,0.4729781150817871,0.37819695472717285,0.4165339469909668,0.46813321113586426,0.7197268009185791,0.40966081619262695,0.4254000186920166,0.34067869186401367,0.551520824432373,0.610496997833252,0.463029146194458,0.5689539909362793,0.44178104400634766,0.5421919822692871,0.6385269165039062,0.5261187553405762,0.38665199279785156,0.9136791229248047,0.4126930236816406,0.5884850025177002,0.5647642612457275,0.3418910503387451,0.47548913955688477,0.32299280166625977,0.5539088249206543,0.5957298278808594,0.5518150329589844,0.5552678108215332,0.39604997634887695,0.4037039279937744,0.40960693359375,0.6000378131866455,0.46686697006225586,0.3616671562194824,0.591904878616333,0.7816457748413086,0.5799920558929443,0.5499939918518066,0.5167520046234131,0.2177259922027588,0.557579755783081,0.6138138771057129,0.7191569805145264,0.4304182529449463,0.4767470359802246,0.6501321792602539,0.4669649600982666,0.3683140277862549,0.6241269111633301,0.30078911781311035,0.9272477626800537,0.5774290561676025,0.4562108516693115,0.45006632804870605,0.251507043838501,0.6623032093048096,0.8221828937530518,0.40142202377319336,0.34473299980163574,0.5424461364746094,0.31278491020202637,0.75528883934021,0.6993498802185059,0.5264918804168701,0.35413026809692383,0.47092366218566895,0.23806190490722656,0.647209882736206,0.2906219959259033,0.3287231922149658,0.5133199691772461,0.5328080654144287,0.33546972274780273,0.5470058917999268,0.3504180908203125,0.3094751834869385,0.5600192546844482,0.692824125289917,0.5960819721221924,0.530329704284668,0.4679551124572754,0.49179792404174805,0.3850560188293457,0.3860001564025879,0.6607770919799805,0.6250510215759277,0.8024590015411377,0.6573328971862793,0.6042270660400391,0.29140710830688477,0.5984780788421631,0.3639800548553467,0.6247329711914062,0.6728048324584961,0.7440798282623291,0.4208512306213379,0.2244091033935547,0.34409618377685547,0.4302549362182617,0.6732177734375,0.6351728439331055,0.653419017791748,0.3772730827331543,0.38190603256225586,0.5401222705841064,0.4139869213104248,0.5447609424591064,0.37580299377441406,0.6954910755157471,0.6074004173278809,0.6238071918487549,0.5532076358795166,0.3893260955810547,0.43161702156066895,0.6130130290985107,0.33266305923461914,0.47087574005126953,0.5943799018859863,0.7888689041137695,0.52488112449646,0.34467482566833496
0.03	GG2	0.5779800415039062,0.6757490634918213,0.719994068145752,0.33272290229797363,0.9343280792236328,0.4167017936706543,0.7852959632873535,0.6024270057678223,0.3007681369781494,0.3988180160522461,0.4963803291320801,0.490786075592041,0.6626801490783691,0.23146891593933105,0.6513516902923584,0.6230359077453613,0.31362318992614746,0.3223891258239746,0.27486705780029297,0.409710168838501,0.4994392395019531,0.6738669872283936,0.6106612682342529,0.45951008796691895,0.492279052734375,0.6138401031494141,0.9050931930541992,0.40014004707336426,0.4783611297607422,0.30925798416137695,0.5499711036682129,0.4617459774017334,0.3980839252471924,0.35320496559143066,0.30603528022766113,0.5187082290649414,0.5829930305480957,0.2769439220428467,0.5374138355255127,0.42654895782470703,0.8559391498565674,1.0609700679779053,0.4453151226043701,0.6170759201049805,0.5852518081665039,0.5728292465209961,0.49340176582336426,0.4457728862762451,0.5194180011749268,0.6216728687286377,0.5051138401031494,0.5394959449768066,0.3264448642730713,0.4579477310180664,0.6647210121154785,0.3867149353027344,0.3717949390411377,0.6190428733825684,0.40709400177001953,0.60282301902771,0.7522718906402588,0.6458649635314941,0.48232197761535645,0.4419121742248535,0.7639908790588379,0.4783191680908203,0.6359050273895264,0.7721211910247803,0.599250316619873,0.5131802558898926,0.4105501174926758,0.6048548221588135,0.22106313705444336,0.44437623023986816,0.7132408618927002,0.28406190872192383,0.5486710071563721,0.30217623710632324,0.6050601005554199,0.4729781150817871,0.37819695472717285,0.4165339469909668,0.46813321113586426,0.7197268009185791,0.40966081619262695,0.4254000186920166,0.34067869186401367,0.551520824432373,0.610496997833252,0.463029146194458,0.5689539909362793,0.44178104400634766,0.5421919822692871,0.6385269165039062,0.5261187553405762,0.38665199279785156,0.9136791229248047,0.4126930236816406,0.5884850025177002,0.5647642612457275,0.3418910503387451,0.47548913955688477,0.32299280166625977,0.5539088249206543,0.5957298278808594,0.5518150329589844,0.5552678108215332,0.39604997634887695,0.4037039279937744,0.40960693359375,0.6000378131866455,0.46686697006225586,0.3616671562194824,0.591904878616333,0.7816457748413086,0.5799920558929443,0.5499939918518066,0.5167520046234131,0.2177259922027588,0.557579755783081,0.6138138771057129,0.7191569805145264,0.4304182529449463,0.4767470359802246,0.6501321792602539,0.4669649600982666,0.3683140277862549,0.6241269111633301,0.30078911781311035,0.9272477626800537,0.5774290561676025,0.4562108516693115,0.45006632804870605,0.251507043838501,0.6623032093048096,0.8221828937530518,0.40142202377319336,0.34473299980163574,0.5424461364746094,0.31278491020202637,0.75528883934021,0.6993498802185059,0.5264918804168701,0.35413026809692383,0.47092366218566895,0.23806190490722656,0.647209882736206,0.2906219959259033,0.3287231922149658,0.5133199691772461,0.5328080654144287,0.33546972274780273,0.5470058917999268,0.3504180908203125,0.3094751834869385,0.5600192546844482,0.692824125289917,0.5960819721221924,0.530329704284668,0.4679551124572754,0.49179792404174805,0.3850560188293457,0.3860001564025879,0.6607770919799805,0.6250510215759277,0.8024590015411377,0.6573328971862793,0.6042270660400391,0.29140710830688477,0.5984780788421631,0.3639800548553467,0.6247329711914062,0.6728048324584961,0.7440798282623291,0.4208512306213379,0.2244091033935547,0.34409618377685547,0.4302549362182617,0.6732177734375,0.6351728439331055,0.653419017791748,0.3772730827331543,0.38190603256225586,0.5401222705841064,0.4139869213104248,0.5447609424591064,0.37580299377441406,0.6954910755157471,0.6074004173278809,0.6238071918487549,0.5532076358795166,0.3893260955810547,0.43161702156066895,0.6130130290985107,0.33266305923461914,0.47087574005126953,0.5943799018859863,0.7888689041137695,0.52488112449646,0.34467482566833496
0.04	GEE	0.014950990676879883,0.016119003295898438,0.014848947525024414,0.01537322998046875,0.01487421989440918,0.01514124870300293,0.015237092971801758,0.015248775482177734,0.015237092971801758,0.014906167984008789,0.01790308952331543,0.015387296676635742,0.015167236328125,0.015728235244750977,0.014991044998168945,0.014889955520629883,0.01506185531616211,0.015195846557617188,0.014961719512939453,0.014979124069213867,0.014964818954467773,0.015067100524902344,0.015159130096435547,0.016102313995361328,0.014837980270385742,0.015075922012329102,0.016000986099243164,0.015012025833129883,0.015118837356567383,0.016087055206298828,0.015141963958740234,0.015128135681152344,0.014907121658325195,0.01536417007446289,0.01504373550415039,0.015627145767211914,0.016141176223754883,0.015001296997070312,0.01554727554321289,0.015045166015625,0.014915227890014648,0.014864921569824219,0.014984846115112305,0.014986991882324219,0.014859199523925781,0.014974355697631836,0.015022993087768555,0.015922069549560547,0.014922857284545898,0.015083074569702148,0.014920949935913086,0.01535487174987793,0.016218900680541992,0.01588726043701172,0.01668405532836914,0.014862060546875,0.01480865478515625,0.015290021896362305,0.016014814376831055,0.015839099884033203,0.014935016632080078,0.01509404182434082,0.015001058578491211,0.014998197555541992,0.015007972717285156,0.016148090362548828,0.015073060989379883,0.01510930061340332,0.015283823013305664,0.015906095504760742,0.014872074127197266,0.016536951065063477,0.015052080154418945,0.01631617546081543,0.01515817642211914,0.015009164810180664,0.014889955520629883,0.014912128448486328,0.014966011047363281,0.015424966812133789,0.014936208724975586,0.015430927276611328,0.015571355819702148,0.015295982360839844,0.015479087829589844,0.01503300666809082,0.015418052673339844,0.014950037002563477,0.015093803405761719,0.015280723571777344,0.01527094841003418,0.01506185531616211,0.014992713928222656,0.01629185676574707,0.015128850936889648,0.014723062515258789,0.015129804611206055,0.0160980224609375,0.015138864517211914,0.015160083770751953,0.015713930130004883,0.01508188247680664,0.015128850936889648,0.014792919158935547,0.016037940979003906,0.015028953552246094,0.015094757080078125,0.014822006225585938,0.015451908111572266,0.014886140823364258,0.01671910285949707,0.015181779861450195,0.015151739120483398,0.01587986946105957,0.015046834945678711,0.015098810195922852,0.01503610610961914,0.015014886856079102,0.01488804817199707,0.015185117721557617,0.015269756317138672,0.015110015869140625,0.018275022506713867,0.015289068222045898,0.014968156814575195,0.015675067901611328,0.0212709903717041,0.016424894332885742,0.015203714370727539,0.015351057052612305,0.015358924865722656,0.014934778213500977,0.015518903732299805,0.014919042587280273,0.014918088912963867,0.015002250671386719,0.01474308967590332,0.01483607292175293,0.014970779418945312,0.014894247055053711,0.01503896713256836,0.015214204788208008,0.014777660369873047,0.016231060028076172,0.016022920608520508,0.014793872833251953,0.019426822662353516,0.014957904815673828,0.015051126480102539,0.014888763427734375,0.014906167984008789,0.014895915985107422,0.014878988265991211,0.016650915145874023,0.014877796173095703,0.014874935150146484,0.014859199523925781,0.01524496078491211,0.015250205993652344,0.01491093635559082,0.014854907989501953,0.014933109283447266,0.014796972274780273,0.014881134033203125,0.014925956726074219,0.015769243240356445,0.015067100524902344,0.014742851257324219,0.015201091766357422,0.015204191207885742,0.014791250228881836,0.016611099243164062,0.015951871871948242,0.015397787094116211,0.015215873718261719,0.015383720397949219,0.0155029296875,0.017138957977294922,0.015578985214233398,0.014974832534790039,0.014970779418945312,0.014935016632080078,0.014884710311889648,0.015173912048339844,0.014909982681274414,0.01499795913696289,0.015059947967529297,0.014919281005859375,0.014940023422241211,0.014874935150146484,0.015086889266967773,0.014913082122802734,0.014837026596069336,0.01574873924255371,0.01675701141357422,0.014941930770874023,0.014856100082397461,0.014918327331542969,0.014935016632080078,0.014878988265991211
0.04	GNN	0.531639814376831,0.4227619171142578,0.304887056350708,0.35635972023010254,0.366182804107666,0.4930737018585205,0.7600131034851074,0.31302309036254883,0.34166598320007324,0.3147900104522705,0.29462099075317383,0.49749207496643066,0.5001628398895264,0.3798789978027344,0.29258084297180176,0.4099438190460205,0.33039116859436035,0.29304075241088867,0.3796532154083252,0.26587796211242676,0.48809385299682617,0.5839962959289551,0.3415851593017578,0.40950894355773926,0.2901339530944824,0.7752933502197266,1.0171051025390625,0.3449409008026123,0.4441509246826172,0.4554250240325928,0.3516209125518799,0.4445469379425049,0.47814297676086426,0.6481490135192871,0.497952938079834,0.3113670349121094,0.5218570232391357,0.41406893730163574,0.5965681076049805,0.5132441520690918,0.443803071975708,0.34975695610046387,0.5887429714202881,0.30690789222717285,0.32319211959838867,0.4186239242553711,0.4500868320465088,0.329132080078125,0.38719987869262695,0.3894789218902588,0.45216822624206543,0.3825998306274414,0.41396522521972656,0.33658385276794434,0.5233638286590576,0.30438709259033203,0.49573779106140137,0.5966928005218506,0.33829498291015625,0.560877799987793,0.36344194412231445,0.3574392795562744,0.3106231689453125,0.4642469882965088,0.6174650192260742,0.5016720294952393,0.5430629253387451,0.34473395347595215,0.34932708740234375,0.43153810501098633,0.4906330108642578,0.5371348857879639,0.3557548522949219,0.3759951591491699,0.7116589546203613,0.8011569976806641,0.6584310531616211,0.3191947937011719,0.8604328632354736,0.3947420120239258,0.6220200061798096,0.41300511360168457,0.5977468490600586,0.3357579708099365,0.3512599468231201,0.44164514541625977,0.4488258361816406,0.3825209140777588,0.5770270824432373,0.6055130958557129,0.3246140480041504,0.897270917892456,0.45687389373779297,0.30733227729797363,0.4232780933380127,0.3406500816345215,0.4369339942932129,0.38266801834106445,0.32979488372802734,0.362105131149292,0.3927268981933594,0.41786909103393555,0.5359549522399902,0.41648411750793457,0.5405528545379639,0.4453396797180176,0.5458848476409912,0.5773770809173584,0.3800969123840332,0.3542327880859375,0.624108076095581,0.40236687660217285,0.5062830448150635,0.3561389446258545,0.35539889335632324,0.4235091209411621,1.050360918045044,0.6205120086669922,0.7633228302001953,0.6366453170776367,0.5012097358703613,0.2994699478149414,0.4333467483520508,0.5317809581756592,0.39124512672424316,0.554577112197876,0.5330021381378174,0.7140800952911377,0.457871675491333,0.7124228477478027,0.4349851608276367,0.390531063079834,0.4121999740600586,0.7167618274688721,0.5587141513824463,0.26075172424316406,0.3129699230194092,0.4252448081970215,0.4058570861816406,0.40180206298828125,0.3641541004180908,0.5784401893615723,0.5591590404510498,0.37314605712890625,0.5439012050628662,0.35285019874572754,0.35160231590270996,0.367462158203125,0.2852010726928711,0.2879970073699951,0.3349790573120117,0.29324793815612793,0.4706859588623047,0.34247398376464844,0.31737685203552246,0.2585330009460449,0.42467713356018066,0.554326057434082,0.30424022674560547,0.39797091484069824,0.46610403060913086,0.32972288131713867,0.3816032409667969,0.33211326599121094,0.559917688369751,0.29706382751464844,0.23750615119934082,0.2966310977935791,0.4921119213104248,0.31728315353393555,0.23572397232055664,0.4236290454864502,0.3018479347229004,0.3275117874145508,0.5969381332397461,0.39444994926452637,0.3774540424346924,0.3816688060760498,0.3685119152069092,0.4208061695098877,0.24093890190124512,0.38460803031921387,0.3695409297943115,0.4318099021911621,0.5402026176452637,0.3758249282836914,0.28878116607666016,0.9059579372406006,0.35051512718200684,0.386444091796875,0.29886507987976074,0.336240291595459,0.34848475456237793,0.27121996879577637,0.5156958103179932,0.6393852233886719,0.566227912902832,0.27596211433410645,0.30057597160339355,0.6785669326782227
0.04	GG	0.5177879333496094,0.4983711242675781,0.6257097721099854,0.2925839424133301,0.850229024887085,0.4296531677246094,0.7145168781280518,0.5049548149108887,0.3005831241607666,0.855236291885376,0.5550341606140137,0.5136759281158447,0.6161222457885742,0.2801389694213867,0.38112926483154297,0.6480259895324707,0.333204984664917,0.41378211975097656,0.45365405082702637,0.529400110244751,0.6257181167602539,0.599790096282959,0.659883975982666,0.4926879405975342,0.7722501754760742,0.6686887741088867,0.9887368679046631,0.6143763065338135,0.6842858791351318,0.5285301208496094,0.655515193939209,0.5473120212554932,0.45644116401672363,0.5295770168304443,0.3686661720275879,0.6408712863922119,0.6245119571685791,0.3889589309692383,0.9445638656616211,0.5480160713195801,0.8586149215698242,0.9121448993682861,0.4853649139404297,0.7001461982727051,0.6104259490966797,0.5452139377593994,0.544846773147583,0.4013700485229492,0.5122270584106445,0.5954041481018066,0.6560592651367188,0.7039408683776855,0.4499242305755615,0.48719286918640137,0.7908129692077637,0.4245281219482422,0.5311541557312012,0.7226359844207764,0.47658324241638184,0.6640820503234863,0.6830949783325195,0.831413984298706,0.37976694107055664,0.8387777805328369,0.7392449378967285,0.6351149082183838,0.7256588935852051,0.7437069416046143,0.6509740352630615,0.6750931739807129,0.5089240074157715,0.6944980621337891,0.30831313133239746,0.5478332042694092,0.6089258193969727,0.31219005584716797,0.5629839897155762,0.35419774055480957,0.7888810634613037,0.44882798194885254,0.43080592155456543,0.5979440212249756,0.8388869762420654,0.9152147769927979,0.5267612934112549,0.40881800651550293,0.46166110038757324,0.7488861083984375,0.7540569305419922,0.5359318256378174,0.7010829448699951,0.691248893737793,0.4876368045806885,0.7613301277160645,0.8427507877349854,0.554171085357666,1.2953391075134277,0.528069019317627,0.29360008239746094,0.6924660205841064,0.4903600215911865,0.5227570533752441,0.48145103454589844,0.7031850814819336,0.5899808406829834,0.47339487075805664,0.6478819847106934,0.9793291091918945,0.42531728744506836,0.5528347492218018,0.537132978439331,0.6571156978607178,0.3504047393798828,1.0025479793548584,0.5348737239837646,1.0554239749908447,0.4493429660797119,0.7984797954559326,0.34606409072875977,0.6501059532165527,0.6239542961120605,1.0540590286254883,0.678347110748291,0.5023880004882812,0.850532054901123,0.7942080497741699,0.4762101173400879,0.7324159145355225,0.48630619049072266,0.9322171211242676,0.6347048282623291,0.5495259761810303,0.5712099075317383,0.3468139171600342,0.7355051040649414,0.7894611358642578,0.5691630840301514,0.6209659576416016,0.2565290927886963,0.6661808490753174,0.7509200572967529,0.6782491207122803,0.7909641265869141,0.5299947261810303,0.3631591796875,0.5743408203125,0.7999927997589111,0.3433079719543457,0.3577549457550049,0.5593271255493164,0.44394803047180176,0.37851715087890625,0.6468360424041748,0.3682680130004883,0.5430316925048828,0.7890622615814209,0.8880150318145752,0.7130303382873535,0.6599650382995605,0.38820934295654297,0.5385050773620605,0.5519819259643555,0.5234932899475098,0.573300838470459,0.5134248733520508,0.7232351303100586,0.6321678161621094,0.4333760738372803,0.29367876052856445,0.6263408660888672,0.3350369930267334,0.6338620185852051,0.47701525688171387,0.9817929267883301,0.4506711959838867,0.23233294486999512,0.524928092956543,0.6705760955810547,0.560244083404541,0.7145709991455078,0.4687032699584961,0.650702953338623,0.3044474124908447,0.5403430461883545,0.6052370071411133,0.2492208480834961,0.4031510353088379,0.6226849555969238,0.5386772155761719,0.7246320247650146,0.483612060546875,0.4455227851867676,0.6630871295928955,0.5767531394958496,0.45244526863098145,0.6079869270324707,0.8668758869171143,0.611558198928833,0.532383918762207,0.3744778633117676
0.04	GG2	0.5177879333496094,0.4983711242675781,0.6257097721099854,0.2925839424133301,0.850229024887085,0.4296531677246094,0.7145168781280518,0.5049548149108887,0.3005831241607666,0.855236291885376,0.5550341606140137,0.5136759281158447,0.6161222457885742,0.2801389694213867,0.38112926483154297,0.6480259895324707,0.333204984664917,0.41378211975097656,0.45365405082702637,0.529400110244751,0.6257181167602539,0.599790096282959,0.659883975982666,0.4926879405975342,0.7722501754760742,0.6686887741088867,0.9887368679046631,0.6143763065338135,0.6842858791351318,0.5285301208496094,0.655515193939209,0.5473120212554932,0.45644116401672363,0.5295770168304443,0.3686661720275879,0.6408712863922119,0.6245119571685791,0.3889589309692383,0.9445638656616211,0.5480160713195801,0.8586149215698242,0.9121448993682861,0.4853649139404297,0.7001461982727051,0.6104259490966797,0.5452139377593994,0.544846773147583,0.4013700485229492,0.5122270584106445,0.5954041481018066,0.6560592651367188,0.7039408683776855,0.4499242305755615,0.48719286918640137,0.7908129692077637,0.4245281219482422,0.5311541557312012,0.7226359844207764,0.47658324241638184,0.6640820503234863,0.6830949783325195,0.831413984298706,0.37976694107055664,0.8387777805328369,0.7392449378967285,0.6351149082183838,0.7256588935852051,0.7437069416046143,0.6509740352630615,0.6750931739807129,0.5089240074157715,0.6944980621337891,0.30831313133239746,0.5478332042694092,0.6089258193969727,0.31219005584716797,0.5629839897155762,0.35419774055480957,0.7888810634613037,0.44882798194885254,0.43080592155456543,0.5979440212249756,0.8388869762420654,0.9152147769927979,0.5267612934112549,0.40881800651550293,0.46166110038757324,0.7488861083984375,0.7540569305419922,0.5359318256378174,0.7010829448699951,0.691248893737793,0.4876368045806885,0.7613301277160645,0.8427507877349854,0.554171085357666,1.2953391075134277,0.528069019317627,0.29360008239746094,0.6924660205841064,0.4903600215911865,0.5227570533752441,0.48145103454589844,0.7031850814819336,0.5899808406829834,0.47339487075805664,0.6478819847106934,0.9793291091918945,0.42531728744506836,0.5528347492218018,0.537132978439331,0.6571156978607178,0.3504047393798828,1.0025479793548584,0.5348737239837646,1.0554239749908447,0.4493429660797119,0.7984797954559326,0.34606409072875977,0.6501059532165527,0.6239542961120605,1.0540590286254883,0.678347110748291,0.5023880004882812,0.850532054901123,0.7942080497741699,0.4762101173400879,0.7324159145355225,0.48630619049072266,0.9322171211242676,0.6347048282623291,0.5495259761810303,0.5712099075317383,0.3468139171600342,0.7355051040649414,0.7894611358642578,0.5691630840301514,0.6209659576416016,0.2565290927886963,0.6661808490753174,0.7509200572967529,0.6782491207122803,0.7909641265869141,0.5299947261810303,0.3631591796875,0.5743408203125,0.7999927997589111,0.3433079719543457,0.3577549457550049,0.5593271255493164,0.44394803047180176,0.37851715087890625,0.6468360424041748,0.3682680130004883,0.5430316925048828,0.7890622615814209,0.8880150318145752,0.7130303382873535,0.6599650382995605,0.38820934295654297,0.5385050773620605,0.5519819259643555,0.5234932899475098,0.573300838470459,0.5134248733520508,0.7232351303100586,0.6321678161621094,0.4333760738372803,0.29367876052856445,0.6263408660888672,0.3350369930267334,0.6338620185852051,0.47701525688171387,0.9817929267883301,0.4506711959838867,0.23233294486999512,0.524928092956543,0.6705760955810547,0.560244083404541,0.7145709991455078,0.4687032699584961,0.650702953338623,0.3044474124908447,0.5403430461883545,0.6052370071411133,0.2492208480834961,0.4031510353088379,0.6226849555969238,0.5386772155761719,0.7246320247650146,0.483612060546875,0.4455227851867676,0.6630871295928955,0.5767531394958496,0.45244526863098145,0.6079869270324707,0.8668758869171143,0.611558198928833,0.532383918762207,0.3744778633117676
0.05	GEE	0.016254901885986328,0.01764988899230957,0.0181729793548584,0.016485214233398438,0.016318082809448242,0.017683982849121094,0.01810288429260254,0.01779317855834961,0.01660895347595215,0.017750024795532227,0.01665806770324707,0.016237974166870117,0.016963720321655273,0.016221284866333008,0.01605987548828125,0.016268014907836914,0.016262054443359375,0.016273021697998047,0.01662421226501465,0.01839900016784668,0.016212940216064453,0.01636981964111328,0.016165971755981445,0.017940998077392578,0.017401933670043945,0.018084049224853516,0.0165708065032959,0.016621112823486328,0.016084909439086914,0.0166628360748291,0.01935887336730957,0.016238927841186523,0.01680588722229004,0.017704248428344727,0.020589113235473633,0.016128063201904297,0.016737699508666992,0.016813039779663086,0.017060279846191406,0.016632080078125,0.01652812957763672,0.018366098403930664,0.016720056533813477,0.01615595817565918,0.017133235931396484,0.01628279685974121,0.01619720458984375,0.0166168212890625,0.016319990158081055,0.02038884162902832,0.016902923583984375,0.01893782615661621,0.01749396324157715,0.01662278175354004,0.01627802848815918,0.01655101776123047,0.016192913055419922,0.019233226776123047,0.016145944595336914,0.01627492904663086,0.017943859100341797,0.016211271286010742,0.01624584197998047,0.016632080078125,0.016607046127319336,0.01630711555480957,0.01778101921081543,0.01621723175048828,0.016386985778808594,0.016164064407348633,0.016223907470703125,0.016503095626831055,0.016170978546142578,0.01628589630126953,0.016403913497924805,0.01756429672241211,0.0166928768157959,0.01614999771118164,0.01749396324157715,0.016411781311035156,0.016231060028076172,0.01669788360595703,0.01630401611328125,0.018039941787719727,0.016499996185302734,0.016788959503173828,0.016584157943725586,0.016556978225708008,0.01643204689025879,0.01779484748840332,0.01658487319946289,0.01815009117126465,0.016241788864135742,0.016360998153686523,0.016377687454223633,0.01614689826965332,0.01622915267944336,0.016695022583007812,0.016315937042236328,0.016389131546020508,0.016299009323120117,0.016256093978881836,0.016237974166870117,0.016132831573486328,0.016106843948364258,0.016139984130859375,0.016260147094726562,0.016238689422607422,0.01639080047607422,0.016998767852783203,0.0161588191986084,0.016249895095825195,0.01631307601928711,0.01756000518798828,0.016270160675048828,0.0163419246673584,0.016695022583007812,0.01877593994140625,0.01646590232849121,0.016379117965698242,0.01614999771118164,0.016376018524169922,0.016064882278442383,0.016475200653076172,0.016204118728637695,0.01647496223449707,0.016260147094726562,0.01788496971130371,0.016691923141479492,0.017246007919311523,0.01630997657775879,0.0167238712310791,0.017678022384643555,0.017406940460205078,0.016810894012451172,0.0167238712310791,0.019560813903808594,0.016254901885986328,0.01738286018371582,0.017796993255615234,0.01627802848815918,0.0162961483001709,0.01640033721923828,0.016265869140625,0.016278982162475586,0.016885042190551758,0.01634502410888672,0.018298864364624023,0.01654505729675293,0.016302108764648438,0.01645803451538086,0.016273021697998047,0.016646862030029297,0.01968693733215332,0.016292095184326172,0.017417192459106445,0.01666402816772461,0.017665863037109375,0.01716303825378418,0.016900062561035156,0.018170833587646484,0.0162050724029541,0.017787933349609375,0.016305208206176758,0.016295909881591797,0.01626276969909668,0.016218185424804688,0.016316890716552734,0.016191959381103516,0.016292095184326172,0.016337156295776367,0.01622605323791504,0.01631307601928711,0.016716718673706055,0.017566919326782227,0.01638484001159668,0.01704716682434082,0.017142057418823242,0.01617884635925293,0.016367673873901367,0.016945838928222656,0.018871068954467773,0.016186952590942383,0.018906116485595703,0.016334056854248047,0.016314983367919922,0.01639580726623535,0.01620793342590332,0.016464948654174805,0.016469717025756836,0.01659107208251953,0.017339229583740234,0.016188859939575195,0.016377925872802734,0.016798973083496094,0.01628589630126953,0.0163881778717041,0.01623988151550293,0.01661539077758789,0.01627326011657715
0.05	GNN	0.3560471534729004,0.3521311283111572,0.3277902603149414,0.337352991104126,0.5462071895599365,0.3433091640472412,0.4083211421966553,0.2599489688873291,0.3863260746002197,0.2625999450683594,0.33321070671081543,0.3604700565338135,0.4929232597351074,0.6460039615631104,0.410175085067749,1.0822069644927979,0.3065972328186035,0.31610989570617676,0.4309258460998535,0.3075549602508545,0.3400599956512451,0.35268688201904297,0.5709812641143799,0.33829784393310547,0.2748730182647705,0.417665958404541,0.35976505279541016,0.45543599128723145,0.5393950939178467,0.39318299293518066,0.4862940311431885,0.6152651309967041,0.36269402503967285,0.4136641025543213,0.4149765968322754,0.33098292350769043,0.431412935256958,0.4053370952606201,0.39858365058898926,0.38034820556640625,0.6233360767364502,0.32470178604125977,0.3019540309906006,0.5032403469085693,0.4241480827331543,0.3450131416320801,0.5900640487670898,0.3763260841369629,0.48512816429138184,0.5636999607086182,0.5650730133056641,0.31842708587646484,0.4058418273925781,0.3705441951751709,0.2649500370025635,0.43239498138427734,0.48850083351135254,0.37862086296081543,0.27577805519104004,0.3019230365753174,0.3400759696960449,0.29712390899658203,0.3368971347808838,0.3942580223083496,0.45094799995422363,0.5621271133422852,0.2926321029663086,0.37894606590270996,0.4338569641113281,0.2972989082336426,0.32720112800598145,0.4554870128631592,0.39444994926452637,0.31483888626098633,0.27480220794677734,0.5095429420471191,0.4832420349121094,0.4052391052246094,0.7802391052246094,0.3656120300292969,0.45211172103881836,0.4068598747253418,0.7351610660552979,0.3232910633087158,0.34159278869628906,0.8890550136566162,0.3331949710845947,0.37056469917297363,0.42985010147094727,0.5768380165100098,0.3637731075286865,0.3197610378265381,0.31832289695739746,0.3687150478363037,0.2767031192779541,0.44338011741638184,0.5212128162384033,0.6432912349700928,0.38576364517211914,0.4461548328399658,0.37999606132507324,0.37172508239746094,0.41816282272338867,0.3454771041870117,0.4700050354003906,0.4269523620605469,0.4599800109863281,0.3692920207977295,0.30277013778686523,0.47442007064819336,0.37007784843444824,0.4469292163848877,0.266359806060791,0.29886913299560547,0.36349010467529297,0.3696298599243164,0.38947510719299316,0.3897840976715088,0.60036301612854,0.6017022132873535,0.32939791679382324,0.4144730567932129,0.5769381523132324,0.5023849010467529,0.3529798984527588,0.9797048568725586,0.4185647964477539,0.29643893241882324,0.45272397994995117,0.4174692630767822,0.4889180660247803,0.430405855178833,0.4078328609466553,0.5549139976501465,0.5123410224914551,0.39566802978515625,0.31020283699035645,0.6727039813995361,0.3019678592681885,0.2820441722869873,0.320296049118042,0.4909381866455078,0.7791647911071777,0.41988682746887207,0.4832499027252197,0.3362112045288086,0.3429267406463623,0.3322720527648926,0.3398592472076416,0.40644383430480957,0.5941622257232666,0.28736090660095215,0.3639388084411621,0.3031430244445801,0.39963412284851074,0.2779819965362549,0.4602670669555664,0.40580010414123535,0.3611259460449219,0.5412290096282959,0.3496391773223877,0.8425219058990479,0.6664321422576904,0.26280927658081055,0.5527679920196533,0.25693607330322266,0.35681986808776855,0.3167757987976074,1.0527353286743164,0.49695801734924316,0.31276607513427734,0.9890320301055908,0.3632502555847168,0.30641889572143555,0.6620278358459473,0.38173890113830566,0.42043209075927734,0.34075307846069336,0.3258538246154785,0.6670820713043213,0.2931787967681885,0.32857203483581543,0.38312506675720215,0.48811912536621094,0.3046693801879883,0.4100050926208496,0.30316996574401855,1.0495891571044922,0.30203700065612793,0.3330068588256836,0.43215179443359375,0.45229506492614746,0.2779240608215332,0.3087742328643799,0.44936704635620117,0.32018518447875977,0.25764012336730957,0.2823050022125244,0.4072229862213135,0.5083889961242676
0.05	GG	0.5048067569732666,0.6812338829040527,0.6874899864196777,0.701591968536377,0.7244837284088135,0.2962369918823242,0.638200044631958,0.5528519153594971,0.3337879180908203,0.7997589111328125,0.7463080883026123,0.6561319828033447,0.6330840587615967,0.25763797760009766,0.3712649345397949,0.9549109935760498,0.39304614067077637,0.5913410186767578,0.439633846282959,0.6216440200805664,0.7712440490722656,0.8376359939575195,0.8289511203765869,0.5475771427154541,0.48498106002807617,0.8145842552185059,0.5315790176391602,0.6788229942321777,0.5692398548126221,0.4896249771118164,0.4864311218261719,0.5667860507965088,0.5986700057983398,0.50888991355896,0.3060438632965088,0.5660672187805176,0.5946328639984131,0.5001728534698486,0.5726871490478516,0.7839548587799072,0.7120110988616943,0.7710938453674316,0.5825390815734863,0.8280911445617676,0.5921878814697266,0.370175838470459,0.6010010242462158,0.5521080493927002,0.5464498996734619,0.4156301021575928,0.9060657024383545,0.7706902027130127,0.39298486709594727,0.7813150882720947,0.9709949493408203,0.6269509792327881,0.5273211002349854,0.7425389289855957,0.388934850692749,0.6269631385803223,0.5906438827514648,0.9487321376800537,0.362699031829834,0.6701641082763672,0.47931909561157227,0.6221799850463867,0.9028680324554443,0.9194579124450684,0.5980360507965088,0.7511591911315918,0.5107791423797607,0.6896121501922607,0.266279935836792,0.6731069087982178,0.4977860450744629,0.2966949939727783,0.4425649642944336,0.7642269134521484,0.5804691314697266,0.4866647720336914,0.4650249481201172,0.5720179080963135,0.5876650810241699,0.70625901222229,0.39404916763305664,0.46435117721557617,0.5008671283721924,0.6762299537658691,0.6975719928741455,0.5632479190826416,0.6190578937530518,0.5418732166290283,0.6248650550842285,0.8034558296203613,0.7974069118499756,0.5887007713317871,0.6343200206756592,0.5451352596282959,0.23195791244506836,0.6060106754302979,0.6981189250946045,0.3962440490722656,0.5000569820404053,0.6585381031036377,0.9975531101226807,0.5984249114990234,0.632896900177002,0.6743769645690918,0.35019779205322266,0.5765392780303955,0.4616389274597168,0.7332339286804199,0.5216970443725586,0.9880011081695557,0.5459558963775635,0.7602219581604004,0.6620290279388428,0.7969207763671875,0.23364996910095215,0.609281063079834,0.5901970863342285,0.5220370292663574,0.5722010135650635,0.6820468902587891,0.7589068412780762,0.6853089332580566,0.4407229423522949,0.4862792491912842,0.8468668460845947,0.7204470634460449,0.47869181632995605,0.5407660007476807,0.45032382011413574,0.43520307540893555,0.5286211967468262,0.6831088066101074,0.5944070816040039,0.3800811767578125,0.3151681423187256,0.35199403762817383,0.818688154220581,0.6087570190429688,0.7992141246795654,0.4936959743499756,0.39962005615234375,0.3707618713378906,0.6252679824829102,0.47198009490966797,0.3724820613861084,0.669205904006958,0.4228651523590088,0.5066850185394287,0.7075297832489014,0.4095621109008789,0.34076499938964844,0.7216801643371582,0.6050577163696289,0.6871800422668457,0.6746790409088135,0.4304780960083008,0.6519927978515625,0.7030940055847168,0.6859228610992432,0.6513490676879883,0.6781880855560303,0.269010066986084,0.726064920425415,0.5555446147918701,0.3791217803955078,0.5877187252044678,0.5977139472961426,0.7981538772583008,0.5717110633850098,0.5545883178710938,0.5327978134155273,0.2685980796813965,0.4201500415802002,0.5708727836608887,0.5893511772155762,0.6605391502380371,0.9381780624389648,0.6954860687255859,0.7108800411224365,0.6035149097442627,0.36077284812927246,0.28827595710754395,0.5107429027557373,0.7123241424560547,0.5557842254638672,0.26079392433166504,0.6664247512817383,0.46356892585754395,0.4009122848510742,0.7875721454620361,0.5588259696960449,0.6643087863922119,0.8915152549743652,0.6428370475769043,0.6515052318572998,0.42279911041259766
0.05	GG2	0.5048067569732666,0.6812338829040527,0.6874899864196777,0.701591968536377,0.7244837284088135,0.2962369918823242,0.638200044631958,0.5528519153594971,0.3337879180908203,0.7997589111328125,0.7463080883026123,0.6561319828033447,0.6330840587615967,0.25763797760009766,0.3712649345397949,0.9549109935760498,0.39304614067077637,0.5913410186767578,0.439633846282959,0.6216440200805664,0.7712440490722656,0.8376359939575195,0.8289511203765869,0.5475771427154541,0.48498106002807617,0.8145842552185059,0.5315790176391602,0.6788229942321777,0.5692398548126221,0.4896249771118164,0.4864311218261719,0.5667860507965088,0.5986700057983398,0.50888991355896,0.3060438632965088,0.5660672187805176,0.5946328639984131,0.5001728534698486,0.5726871490478516,0.7839548587799072,0.7120110988616943,0.7710938453674316,0.5825390815734863,0.8280911445617676,0.5921878814697266,0.370175838470459,0.6010010242462158,0.5521080493927002,0.5464498996734619,0.4156301021575928,0.9060657024383545,0.7706902027130127,0.39298486709594727,0.7813150882720947,0.9709949493408203,0.6269509792327881,0.5273211002349854,0.7425389289855957,0.388934850692749,0.6269631385803223,0.5906438827514648,0.9487321376800537,0.362699031829834,0.6701641082763672,0.47931909561157227,0.6221799850463867,0.9028680324554443,0.9194579124450684,0.5980360507965088,0.7511591911315918,0.5107791423797607,0.6896121501922607,0.266279935836792,0.6731069087982178,0.4977860450744629,0.2966949939727783,0.4425649642944336,0.7642269134521484,0.5804691314697266,0.4866647720336914,0.4650249481201172,0.5720179080963135,0.5876650810241699,0.70625901222229,0.39404916763305664,0.46435117721557617,0.5008671283721924,0.6762299537658691,0.6975719928741455,0.5632479190826416,0.6190578937530518,0.5418732166290283,0.6248650550842285,0.8034558296203613,0.7974069118499756,0.5887007713317871,0.6343200206756592,0.5451352596282959,0.23195791244506836,0.6060106754302979,0.6981189250946045,0.3962440490722656,0.5000569820404053,0.6585381031036377,0.9975531101226807,0.5984249114990234,0.632896900177002,0.6743769645690918,0.35019779205322266,0.5765392780303955,0.4616389274597168,0.7332339286804199,0.5216970443725586,0.9880011081695557,0.5459558963775635,0.7602219581604004,0.6620290279388428,0.7969207763671875,0.23364996910095215,0.609281063079834,0.5901970863342285,0.5220370292663574,0.5722010135650635,0.6820468902587891,0.7589068412780762,0.6853089332580566,0.4407229423522949,0.4862792491912842,0.8468668460845947,0.7204470634460449,0.47869181632995605,0.5407660007476807,0.45032382011413574,0.43520307540893555,0.5286211967468262,0.6831088066101074,0.5944070816040039,0.3800811767578125,0.3151681423187256,0.35199403762817383,0.818688154220581,0.6087570190429688,0.7992141246795654,0.4936959743499756,0.39962005615234375,0.3707618713378906,0.6252679824829102,0.47198009490966797,0.3724820613861084,0.669205904006958,0.4228651523590088,0.5066850185394287,0.7075297832489014,0.4095621109008789,0.34076499938964844,0.7216801643371582,0.6050577163696289,0.6871800422668457,0.6746790409088135,0.4304780960083008,0.6519927978515625,0.7030940055847168,0.6859228610992432,0.6513490676879883,0.6781880855560303,0.269010066986084,0.726064920425415,0.5555446147918701,0.3791217803955078,0.5877187252044678,0.5977139472961426,0.7981538772583008,0.5717110633850098,0.5545883178710938,0.5327978134155273,0.2685980796813965,0.4201500415802002,0.5708727836608887,0.5893511772155762,0.6605391502380371,0.9381780624389648,0.6954860687255859,0.7108800411224365,0.6035149097442627,0.36077284812927246,0.28827595710754395,0.5107429027557373,0.7123241424560547,0.5557842254638672,0.26079392433166504,0.6664247512817383,0.46356892585754395,0.4009122848510742,0.7875721454620361,0.5588259696960449,0.6643087863922119,0.8915152549743652,0.6428370475769043,0.6515052318572998,0.42279911041259766
0.06	GEE	0.01772785186767578,0.01987004280090332,0.017538070678710938,0.01744389533996582,0.017549991607666016,0.017827987670898438,0.017515897750854492,0.019567012786865234,0.017587900161743164,0.01782822608947754,0.0174558162689209,0.01782703399658203,0.017615079879760742,0.019130945205688477,0.017831802368164062,0.018339872360229492,0.019989967346191406,0.017366886138916016,0.018013954162597656,0.017615795135498047,0.018874168395996094,0.018259048461914062,0.01762080192565918,0.017578840255737305,0.017503023147583008,0.017653942108154297,0.01904773712158203,0.017670154571533203,0.017767906188964844,0.0175778865814209,0.017407894134521484,0.017673015594482422,0.01753973960876465,0.017524242401123047,0.017986059188842773,0.017900943756103516,0.019399166107177734,0.018446922302246094,0.01785898208618164,0.017601966857910156,0.017969846725463867,0.017431974411010742,0.017479896545410156,0.01786184310913086,0.017581939697265625,0.017924070358276367,0.01753711700439453,0.01952672004699707,0.018924713134765625,0.018392086029052734,0.01749110221862793,0.0181276798248291,0.019773006439208984,0.017757892608642578,0.018136024475097656,0.017473936080932617,0.017396926879882812,0.017573118209838867,0.01758408546447754,0.017602205276489258,0.0176541805267334,0.017631053924560547,0.019170761108398438,0.017621994018554688,0.019138097763061523,0.017540931701660156,0.017694950103759766,0.01791095733642578,0.017857074737548828,0.01752305030822754,0.017506837844848633,0.01754903793334961,0.01764512062072754,0.017674922943115234,0.017378807067871094,0.018990039825439453,0.017577171325683594,0.01765608787536621,0.01929926872253418,0.020129680633544922,0.018946170806884766,0.019611835479736328,0.0176241397857666,0.01746201515197754,0.018691062927246094,0.01761007308959961,0.018191099166870117,0.018410921096801758,0.017687082290649414,0.0178072452545166,0.01782393455505371,0.017720937728881836,0.01757073402404785,0.01767110824584961,0.01951289176940918,0.017686128616333008,0.017557859420776367,0.018030166625976562,0.017974138259887695,0.018218994140625,0.018387794494628906,0.018697023391723633,0.019101858139038086,0.01749396324157715,0.01738715171813965,0.018258094787597656,0.018296241760253906,0.018260955810546875,0.0174558162689209,0.017361879348754883,0.01773691177368164,0.017458200454711914,0.01777791976928711,0.017561912536621094,0.01778411865234375,0.01794719696044922,0.017919063568115234,0.018821001052856445,0.017379045486450195,0.017646074295043945,0.019446134567260742,0.017629146575927734,0.01758098602294922,0.017309188842773438,0.017496109008789062,0.01760578155517578,0.01773810386657715,0.01918625831604004,0.017561912536621094,0.01762104034423828,0.019899845123291016,0.019663095474243164,0.020350933074951172,0.018800020217895508,0.02075481414794922,0.020643234252929688,0.020783185958862305,0.019214868545532227,0.0176849365234375,0.01786971092224121,0.017618179321289062,0.017752885818481445,0.01742100715637207,0.01854729652404785,0.017642974853515625,0.018013715744018555,0.018114089965820312,0.019381999969482422,0.018327951431274414,0.01764678955078125,0.017789125442504883,0.01767873764038086,0.017513036727905273,0.019207239151000977,0.01773810386657715,0.01745319366455078,0.017461061477661133,0.018934011459350586,0.01754593849182129,0.01764202117919922,0.01848602294921875,0.017387866973876953,0.018368005752563477,0.01751399040222168,0.017345905303955078,0.017489910125732422,0.018467187881469727,0.01746392250061035,0.017343997955322266,0.01754283905029297,0.01877617835998535,0.018466949462890625,0.017523765563964844,0.018940210342407227,0.017444133758544922,0.017566919326782227,0.01750922203063965,0.017880916595458984,0.017496109008789062,0.017702817916870117,0.017501115798950195,0.017483949661254883,0.017731189727783203,0.017644166946411133,0.01754307746887207,0.017592668533325195,0.01758575439453125,0.01760101318359375,0.017513036727905273,0.019482135772705078,0.017670869827270508,0.01876997947692871,0.01817607879638672,0.017462968826293945,0.02681708335876465,0.01906895637512207,0.020123004913330078,0.019475936889648438,0.020447969436645508,0.01769113540649414
0.06	GNN	0.6145107746124268,0.37440991401672363,0.2626669406890869,0.34924912452697754,0.3993818759918213,0.31212496757507324,0.6663460731506348,0.3018839359283447,0.36985111236572266,0.34171319007873535,0.3109419345855713,0.3802647590637207,0.3754267692565918,0.48493099212646484,0.3875279426574707,0.4061610698699951,0.3318161964416504,0.3561561107635498,0.827070951461792,0.3009519577026367,0.2834608554840088,0.3939962387084961,0.682823896408081,0.42006707191467285,0.7852931022644043,0.4300568103790283,0.49750709533691406,0.3628969192504883,0.3567512035369873,0.3456723690032959,0.4951601028442383,0.44353389739990234,0.3186349868774414,0.6239662170410156,0.2628202438354492,0.6762187480926514,0.5126090049743652,0.36098575592041016,0.36872291564941406,0.3723640441894531,0.5156397819519043,0.3524057865142822,0.334758996963501,0.39797496795654297,0.36721205711364746,0.325329065322876,0.4531857967376709,0.3530409336090088,0.29406285285949707,0.34894895553588867,0.9456291198730469,0.2694070339202881,0.4420931339263916,0.48727917671203613,0.3400850296020508,0.3495900630950928,0.33478283882141113,0.35112714767456055,0.252532958984375,0.2508211135864258,0.25560808181762695,0.3873269557952881,0.3438749313354492,0.6795060634613037,0.30818724632263184,0.850909948348999,0.2696950435638428,0.7334461212158203,0.3838539123535156,0.29451417922973633,0.2638990879058838,0.49139976501464844,0.307689905166626,0.2898101806640625,0.4950230121612549,0.6256020069122314,0.5166072845458984,0.4403817653656006,0.8567080497741699,0.5173888206481934,0.673602819442749,0.5346357822418213,0.5429751873016357,0.47248220443725586,0.30399203300476074,0.37540102005004883,0.3162870407104492,0.4506070613861084,0.34368109703063965,0.7603931427001953,0.3078591823577881,0.3838629722595215,0.35544300079345703,0.24874520301818848,0.2608070373535156,0.3495979309082031,0.2816200256347656,0.3322880268096924,0.40393805503845215,0.31089091300964355,0.407515287399292,0.2774803638458252,0.6534910202026367,0.44384312629699707,0.4948999881744385,0.5633108615875244,0.4138040542602539,0.33869004249572754,0.3642308712005615,0.325145959854126,0.3172338008880615,0.44724297523498535,0.6030781269073486,0.5197060108184814,0.3978300094604492,0.6368300914764404,0.38779711723327637,0.4128150939941406,0.32235002517700195,0.45713305473327637,0.3452417850494385,0.5952122211456299,0.36139678955078125,0.4528079032897949,0.34076595306396484,1.0551953315734863,0.498607873916626,0.28910303115844727,0.7487809658050537,0.5064818859100342,0.3360128402709961,0.4850151538848877,0.3632500171661377,0.7210917472839355,0.5155270099639893,0.4104588031768799,0.3557450771331787,0.35979199409484863,0.35936999320983887,0.386646032333374,0.293612003326416,0.3624129295349121,0.6016838550567627,0.3674750328063965,0.4627079963684082,0.27906203269958496,0.3215939998626709,0.38231897354125977,0.29677581787109375,0.339169979095459,0.43781304359436035,0.354661226272583,0.415647029876709,0.30106186866760254,0.45540523529052734,0.24429798126220703,0.3942241668701172,0.42044591903686523,0.633742094039917,0.3223862648010254,0.5079801082611084,0.28320980072021484,0.3219790458679199,0.31845903396606445,0.6062188148498535,0.2631511688232422,0.28079986572265625,0.3529531955718994,0.3049919605255127,0.31575512886047363,0.282031774520874,0.2740199565887451,0.3124532699584961,0.290132999420166,0.37073683738708496,0.42875218391418457,0.4774322509765625,0.28545594215393066,0.3621368408203125,1.3229901790618896,0.33162498474121094,0.3296079635620117,0.38480281829833984,0.4650449752807617,0.3327181339263916,0.37626123428344727,0.3027219772338867,0.3211808204650879,0.4541358947753906,0.42160511016845703,0.41466712951660156,0.34155702590942383,0.2606799602508545,0.3059697151184082,0.5607120990753174,0.3652942180633545,0.4122011661529541,0.291003942489624,0.2852489948272705,0.3680603504180908
0.06	GG	0.4399731159210205,0.8306670188903809,0.7373828887939453,0.367387056350708,0.8002321720123291,0.5528888702392578,0.6787300109863281,0.626600980758667,0.34622788429260254,0.6006259918212891,0.621474027633667,0.8905630111694336,0.7691881656646729,0.5401749610900879,0.683952808380127,0.44112324714660645,0.4326188564300537,0.8270189762115479,0.4027719497680664,0.5063788890838623,0.9826529026031494,0.7192881107330322,1.0360844135284424,0.49677109718322754,0.6219279766082764,0.7553300857543945,0.9843490123748779,0.9708149433135986,0.5997433662414551,0.48609256744384766,0.5584070682525635,0.6068637371063232,0.6066281795501709,0.533961296081543,0.3924069404602051,0.5462660789489746,0.7885160446166992,0.6089808940887451,0.7975330352783203,0.6406269073486328,0.8497929573059082,0.784282922744751,0.5391919612884521,0.8118100166320801,0.560478925704956,0.4320700168609619,0.7109189033508301,0.5261828899383545,0.5214040279388428,0.5610082149505615,0.7151570320129395,0.35695719718933105,0.3761000633239746,0.9475231170654297,0.9337618350982666,0.6791200637817383,0.5201921463012695,0.2899892330169678,0.5589780807495117,0.3058769702911377,0.4688267707824707,0.761711835861206,0.3287191390991211,0.611299991607666,0.810988187789917,0.6782288551330566,0.7296569347381592,1.1854510307312012,0.6334466934204102,0.9855532646179199,0.622657060623169,0.5193650722503662,0.5587677955627441,0.7308809757232666,0.532567024230957,0.335068941116333,0.5657920837402344,0.46670007705688477,0.7991843223571777,0.6551268100738525,0.6043579578399658,0.4955480098724365,0.6958389282226562,0.6868901252746582,0.5063560009002686,0.5837230682373047,0.4444139003753662,0.7778229713439941,0.7536380290985107,0.5263831615447998,0.5383391380310059,0.8110671043395996,0.7263109683990479,0.287996768951416,1.3207049369812012,0.6886420249938965,0.6572511196136475,0.7655019760131836,0.2509739398956299,0.7137353420257568,0.5068788528442383,0.5155930519104004,0.6800220012664795,0.685546875,0.791064977645874,0.7225940227508545,0.6814188957214355,0.44324302673339844,0.4254889488220215,0.8576099872589111,0.4665210247039795,0.7400999069213867,0.517845869064331,1.0078301429748535,0.4644298553466797,0.6364669799804688,0.4804532527923584,0.2915201187133789,0.5788462162017822,0.6576669216156006,0.492462158203125,0.5902159214019775,0.6919820308685303,0.6533880233764648,0.8668429851531982,0.6936380863189697,0.49566102027893066,0.4678308963775635,0.5093240737915039,0.8311691284179688,0.3177971839904785,0.7643020153045654,0.5962929725646973,0.7190699577331543,0.790632963180542,0.6662890911102295,0.5826900005340576,0.40553975105285645,0.29883432388305664,0.3812847137451172,0.2834048271179199,0.5866267681121826,0.9362297058105469,0.42906999588012695,0.5521547794342041,0.3745608329772949,0.7798190116882324,0.7069292068481445,0.3332638740539551,0.6652929782867432,0.5567879676818848,0.5233118534088135,0.6373529434204102,0.46124887466430664,0.5623962879180908,0.6014518737792969,0.5580127239227295,0.5825128555297852,0.6017007827758789,0.5535786151885986,0.5826971530914307,0.542517900466919,0.623816967010498,0.5490188598632812,0.6120178699493408,0.2715780735015869,0.9374010562896729,0.4233849048614502,0.3393118381500244,0.4750630855560303,0.40769505500793457,0.7812778949737549,0.48296093940734863,0.7087881565093994,0.8010389804840088,0.28043222427368164,0.47174715995788574,0.6454739570617676,0.9110450744628906,0.7817642688751221,0.8206348419189453,0.5641839504241943,0.4026639461517334,0.7962641716003418,0.5768070220947266,0.23886680603027344,0.46588802337646484,0.6026239395141602,0.6355302333831787,0.7033290863037109,0.801508903503418,0.6012980937957764,1.00537109375,1.6176059246063232,0.6970000267028809,0.9776451587677002,1.0900719165802002,0.7199468612670898,0.6360211372375488,0.33624720573425293
0.06	GG2	0.4399731159210205,0.8306670188903809,0.7373828887939453,0.367387056350708,0.8002321720123291,0.5528888702392578,0.6787300109863281,0.626600980758667,0.34622788429260254,0.6006259918212891,0.621474027633667,0.8905630111694336,0.7691881656646729,0.5401749610900879,0.683952808380127,0.44112324714660645,0.4326188564300537,0.8270189762115479,0.4027719497680664,0.5063788890838623,0.9826529026031494,0.7192881107330322,1.0360844135284424,0.49677109718322754,0.6219279766082764,0.7553300857543945,0.9843490123748779,0.9708149433135986,0.5997433662414551,0.48609256744384766,0.5584070682525635,0.6068637371063232,0.6066281795501709,0.533961296081543,0.3924069404602051,0.5462660789489746,0.7885160446166992,0.6089808940887451,0.7975330352783203,0.6406269073486328,0.8497929573059082,0.784282922744751,0.5391919612884521,0.8118100166320801,0.560478925704956,0.4320700168609619,0.7109189033508301,0.5261828899383545,0.5214040279388428,0.5610082149505615,0.7151570320129395,0.35695719718933105,0.3761000633239746,0.9475231170654297,0.9337618350982666,0.6791200637817383,0.5201921463012695,0.2899892330169678,0.5589780807495117,0.3058769702911377,0.4688267707824707,0.761711835861206,0.3287191390991211,0.611299991607666,0.810988187789917,0.6782288551330566,0.7296569347381592,1.1854510307312012,0.6334466934204102,0.9855532646179199,0.622657060623169,0.5193650722503662,0.5587677955627441,0.7308809757232666,0.532567024230957,0.335068941116333,0.5657920837402344,0.46670007705688477,0.7991843223571777,0.6551268100738525,0.6043579578399658,0.4955480098724365,0.6958389282226562,0.6868901252746582,0.5063560009002686,0.5837230682373047,0.4444139003753662,0.7778229713439941,0.7536380290985107,0.5263831615447998,0.5383391380310059,0.8110671043395996,0.7263109683990479,0.287996768951416,1.3207049369812012,0.6886420249938965,0.6572511196136475,0.7655019760131836,0.2509739398956299,0.7137353420257568,0.5068788528442383,0.5155930519104004,0.6800220012664795,0.685546875,0.791064977645874,0.7225940227508545,0.6814188957214355,0.44324302673339844,0.4254889488220215,0.8576099872589111,0.4665210247039795,0.7400999069213867,0.517845869064331,1.0078301429748535,0.4644298553466797,0.6364669799804688,0.4804532527923584,0.2915201187133789,0.5788462162017822,0.6576669216156006,0.492462158203125,0.5902159214019775,0.6919820308685303,0.6533880233764648,0.8668429851531982,0.6936380863189697,0.49566102027893066,0.4678308963775635,0.5093240737915039,0.8311691284179688,0.3177971839904785,0.7643020153045654,0.5962929725646973,0.7190699577331543,0.790632963180542,0.6662890911102295,0.5826900005340576,0.40553975105285645,0.29883432388305664,0.3812847137451172,0.2834048271179199,0.5866267681121826,0.9362297058105469,0.42906999588012695,0.5521547794342041,0.3745608329772949,0.7798190116882324,0.7069292068481445,0.3332638740539551,0.6652929782867432,0.5567879676818848,0.5233118534088135,0.6373529434204102,0.46124887466430664,0.5623962879180908,0.6014518737792969,0.5580127239227295,0.5825128555297852,0.6017007827758789,0.5535786151885986,0.5826971530914307,0.542517900466919,0.623816967010498,0.5490188598632812,0.6120178699493408,0.2715780735015869,0.9374010562896729,0.4233849048614502,0.3393118381500244,0.4750630855560303,0.40769505500793457,0.7812778949737549,0.48296093940734863,0.7087881565093994,0.8010389804840088,0.28043222427368164,0.47174715995788574,0.6454739570617676,0.9110450744628906,0.7817642688751221,0.8206348419189453,0.5641839504241943,0.4026639461517334,0.7962641716003418,0.5768070220947266,0.23886680603027344,0.46588802337646484,0.6026239395141602,0.6355302333831787,0.7033290863037109,0.801508903503418,0.6012980937957764,1.00537109375,1.6176059246063232,0.6970000267028809,0.9776451587677002,1.0900719165802002,0.7199468612670898,0.6360211372375488,0.33624720573425293
0.07	GEE	0.019114971160888672,0.01902294158935547,0.01923990249633789,0.02257394790649414,0.02162003517150879,0.018885135650634766,0.019272327423095703,0.02314591407775879,0.020066022872924805,0.020416975021362305,0.019826889038085938,0.019787073135375977,0.019032001495361328,0.01981973648071289,0.019574880599975586,0.02001667022705078,0.021872997283935547,0.019131898880004883,0.022922992706298828,0.020712852478027344,0.018984079360961914,0.02033519744873047,0.02002716064453125,0.019259929656982422,0.020097970962524414,0.01934504508972168,0.01976799964904785,0.022092819213867188,0.021741151809692383,0.019182920455932617,0.019824981689453125,0.019266128540039062,0.019298076629638672,0.019689083099365234,0.021158933639526367,0.01952219009399414,0.01990818977355957,0.019901037216186523,0.020115137100219727,0.019932031631469727,0.020736217498779297,0.019133806228637695,0.021005868911743164,0.021367788314819336,0.02162003517150879,0.023161888122558594,0.02167201042175293,0.021942853927612305,0.02222609519958496,0.025482892990112305,0.021840810775756836,0.02155303955078125,0.02301502227783203,0.022294998168945312,0.02145218849182129,0.025508880615234375,0.02369403839111328,0.024931907653808594,0.022468090057373047,0.026775121688842773,0.023122072219848633,0.023630142211914062,0.02272796630859375,0.02240920066833496,0.02255105972290039,0.026668071746826172,0.023732900619506836,0.022840261459350586,0.02259087562561035,0.02234482765197754,0.022259950637817383,0.022443056106567383,0.022382020950317383,0.022306203842163086,0.02199387550354004,0.022373199462890625,0.021394968032836914,0.022616147994995117,0.0236968994140625,0.022362709045410156,0.02164316177368164,0.02250218391418457,0.023991107940673828,0.02215719223022461,0.022686004638671875,0.02225208282470703,0.022315025329589844,0.022443771362304688,0.022293806076049805,0.02193593978881836,0.022074222564697266,0.021964073181152344,0.0220792293548584,0.022082805633544922,0.02231907844543457,0.021300792694091797,0.022166967391967773,0.02501201629638672,0.022599220275878906,0.022277116775512695,0.023720979690551758,0.022563695907592773,0.022548913955688477,0.02333807945251465,0.022574186325073242,0.023412227630615234,0.023272991180419922,0.023307085037231445,0.02526688575744629,0.02297210693359375,0.023326396942138672,0.022806882858276367,0.022421836853027344,0.021486997604370117,0.022933006286621094,0.021454811096191406,0.022406339645385742,0.021461009979248047,0.02152705192565918,0.0232999324798584,0.0216062068939209,0.021526813507080078,0.02298903465270996,0.021343708038330078,0.022494077682495117,0.02156376838684082,0.02205491065979004,0.022266864776611328,0.022196054458618164,0.02141404151916504,0.02191781997680664,0.02520585060119629,0.021784067153930664,0.02254486083984375,0.02265000343322754,0.021664857864379883,0.02243781089782715,0.021765947341918945,0.02146005630493164,0.021664857864379883,0.021561145782470703,0.021561145782470703,0.021679162979125977,0.021370887756347656,0.021713733673095703,0.021955013275146484,0.024930953979492188,0.022049903869628906,0.02158212661743164,0.02184295654296875,0.020760059356689453,0.022490262985229492,0.021730661392211914,0.024562835693359375,0.021264076232910156,0.021682024002075195,0.022256851196289062,0.02077007293701172,0.021236896514892578,0.021371841430664062,0.021426916122436523,0.021333932876586914,0.021378040313720703,0.02107524871826172,0.021034955978393555,0.02161693572998047,0.021875381469726562,0.021418094635009766,0.021776914596557617,0.022076845169067383,0.02150893211364746,0.021293163299560547,0.020781993865966797,0.022515058517456055,0.021445751190185547,0.020943880081176758,0.021847009658813477,0.021281003952026367,0.021437883377075195,0.021697998046875,0.0206451416015625,0.02159285545349121,0.021146297454833984,0.021502971649169922,0.02261495590209961,0.020780086517333984,0.02227306365966797,0.021828889846801758,0.021067142486572266,0.021039962768554688,0.020861148834228516,0.02294611930847168,0.021682024002075195,0.023517131805419922,0.02183985710144043,0.0220029354095459,0.021294116973876953,0.022270917892456055,0.021737098693847656,0.022084951400756836
0.07	GNN	0.37611889839172363,0.450023889541626,0.28981709480285645,0.39090895652770996,0.34619712829589844,0.3921988010406494,0.4678959846496582,0.3931279182434082,0.39439892768859863,0.3268899917602539,0.3903820514678955,0.4345550537109375,0.37271809577941895,0.4801361560821533,0.5150430202484131,0.6002757549285889,0.3367650508880615,0.4302489757537842,0.36877012252807617,0.4717288017272949,0.37970995903015137,0.35233426094055176,0.5068240165710449,0.41661906242370605,0.3628518581390381,0.44873499870300293,0.64249587059021,0.5534489154815674,0.4062819480895996,0.4208219051361084,0.30930399894714355,0.7233531475067139,0.37847399711608887,0.4751169681549072,0.376784086227417,0.4467642307281494,0.6807310581207275,0.5116636753082275,0.3087608814239502,0.5451099872589111,0.4342811107635498,0.42462682723999023,0.38994812965393066,0.37087535858154297,0.5001530647277832,0.3629169464111328,0.4389660358428955,0.467498779296875,0.4359920024871826,0.7073371410369873,0.7257559299468994,0.4723668098449707,0.4924020767211914,0.5875062942504883,0.4460108280181885,0.402055025100708,0.8983230590820312,1.2815790176391602,0.3767509460449219,0.45357584953308105,0.8727600574493408,0.45763087272644043,0.39960503578186035,0.49901509284973145,1.174468994140625,0.39608025550842285,0.6932177543640137,0.43849802017211914,0.5288779735565186,0.41433215141296387,0.40102696418762207,0.5809319019317627,0.44194793701171875,0.36989593505859375,0.7058477401733398,0.5564138889312744,0.5038738250732422,0.39331507682800293,0.5581059455871582,0.5179212093353271,0.567147970199585,0.43993091583251953,0.48395705223083496,0.42796897888183594,0.433809757232666,0.41730594635009766,0.7399907112121582,0.5226070880889893,0.3795781135559082,0.715177059173584,0.32062578201293945,0.33913207054138184,0.3273122310638428,0.37257814407348633,0.37523913383483887,0.5680661201477051,0.42755603790283203,0.799534797668457,0.47436022758483887,0.33717775344848633,0.4866652488708496,0.36159420013427734,1.0619537830352783,0.4141991138458252,0.47119903564453125,0.6268470287322998,0.5423600673675537,0.4578127861022949,0.34302401542663574,0.36824989318847656,0.8132920265197754,0.8060579299926758,0.6046798229217529,0.41075706481933594,0.5565488338470459,0.39185595512390137,0.6146349906921387,0.4519343376159668,0.3317990303039551,0.4871697425842285,0.36982297897338867,0.4978039264678955,0.334057092666626,0.4860720634460449,0.613379716873169,0.7468488216400146,0.46286582946777344,0.439190149307251,0.7229149341583252,0.5838119983673096,0.39426493644714355,0.5001912117004395,0.6142683029174805,0.5938906669616699,0.9562602043151855,0.34377503395080566,0.3406331539154053,0.5894572734832764,0.3781287670135498,0.3511037826538086,0.44623708724975586,0.5650210380554199,0.4252340793609619,0.4213082790374756,0.5300688743591309,0.3233516216278076,0.3581230640411377,0.8700120449066162,0.3834850788116455,0.34811973571777344,0.38033413887023926,0.3817269802093506,0.37963080406188965,0.582240104675293,0.39174771308898926,0.32950901985168457,0.46234893798828125,0.5625598430633545,0.38318300247192383,0.35471177101135254,0.7237040996551514,0.3381927013397217,0.5355918407440186,0.3859140872955322,0.37534117698669434,0.3381659984588623,0.31991100311279297,0.34139084815979004,0.45899295806884766,0.5766608715057373,0.38514089584350586,0.3427119255065918,0.4409489631652832,0.394075870513916,0.44739198684692383,0.40273380279541016,0.3344879150390625,0.34923815727233887,0.5034928321838379,0.5651702880859375,0.3430030345916748,0.3328890800476074,0.4546229839324951,0.43544697761535645,0.3818809986114502,0.7892680168151855,0.3711869716644287,0.6528029441833496,0.3895578384399414,0.3474757671356201,0.3592381477355957,0.5170741081237793,0.3883168697357178,0.3362908363342285,0.46911072731018066,0.32388782501220703,0.3583717346191406,0.310122013092041,0.3063328266143799,0.36858391761779785
0.07	GG	0.5416262149810791,1.0389418601989746,1.307154893875122,0.852435827255249,0.8875198364257812,0.484328031539917,0.7262840270996094,0.598046064376831,0.4239819049835205,0.6724779605865479,0.6815319061279297,0.8962223529815674,0.42259979248046875,0.43578100204467773,0.568631649017334,0.7079000473022461,0.6255338191986084,0.7041752338409424,0.4389791488647461,0.6843199729919434,1.3245270252227783,0.8117129802703857,0.5869231224060059,0.6200618743896484,0.6285150051116943,0.8531057834625244,1.061474084854126,0.874459981918335,1.1878516674041748,0.6208927631378174,1.0311968326568604,1.4623849391937256,0.9525911808013916,0.8820319175720215,0.8741841316223145,0.8936619758605957,0.7683029174804688,0.47028613090515137,0.8801651000976562,1.057568073272705,1.0136480331420898,0.8596048355102539,0.8740212917327881,1.2402899265289307,0.6079461574554443,0.5949420928955078,0.9581990242004395,0.7577610015869141,0.9473249912261963,0.930621862411499,0.45916199684143066,0.45878124237060547,0.7246112823486328,1.070462942123413,1.3843560218811035,0.8870348930358887,0.8717639446258545,0.35010719299316406,0.7388739585876465,0.3393721580505371,0.8002290725708008,0.998023271560669,0.8268182277679443,0.7683961391448975,0.6932969093322754,1.2112631797790527,0.9127109050750732,0.4597601890563965,0.7673070430755615,0.8851521015167236,1.046367883682251,0.6334431171417236,0.3085782527923584,0.6926710605621338,0.6978271007537842,0.34947896003723145,0.7877497673034668,0.42284226417541504,0.7526130676269531,0.6507589817047119,0.6661472320556641,0.7943539619445801,0.6040630340576172,0.8729307651519775,0.5513279438018799,0.9280848503112793,0.6344282627105713,1.142564058303833,1.1119251251220703,0.7257399559020996,0.6502001285552979,0.9325470924377441,0.8684298992156982,0.29018187522888184,0.986975908279419,0.6646461486816406,0.5606317520141602,1.0460529327392578,0.33745622634887695,0.6326980590820312,0.8949189186096191,0.5831501483917236,0.6941680908203125,0.7788987159729004,0.7876522541046143,0.7637619972229004,0.8118338584899902,0.6184811592102051,0.4915599822998047,0.8636910915374756,1.0699210166931152,0.8385579586029053,0.6002101898193359,1.6482770442962646,0.5607800483703613,0.8159139156341553,0.5891909599304199,0.3317248821258545,0.6328067779541016,0.7329568862915039,0.779865026473999,0.7079620361328125,0.7834300994873047,0.9360179901123047,0.8878488540649414,0.9011509418487549,0.6254560947418213,0.5977659225463867,0.5578501224517822,1.1984050273895264,0.4722280502319336,1.1044878959655762,0.5059239864349365,0.5933001041412354,0.8144540786743164,0.9103720188140869,0.6589369773864746,0.4283602237701416,0.42843103408813477,0.47686195373535156,0.322310209274292,0.7664151191711426,0.6217930316925049,0.7466549873352051,0.5139589309692383,0.4163241386413574,0.6896250247955322,0.6811861991882324,0.4785921573638916,0.452517032623291,0.7012078762054443,0.4408566951751709,0.7403378486633301,0.39296507835388184,0.6632959842681885,0.9015188217163086,0.616379976272583,0.4692411422729492,1.0153319835662842,0.564476728439331,0.8483593463897705,0.7290611267089844,0.6756479740142822,0.5253920555114746,0.7041599750518799,0.6487839221954346,0.8825118541717529,0.5068826675415039,0.7159700393676758,0.5276079177856445,0.42507410049438477,0.918842077255249,0.6809470653533936,1.2411549091339111,0.6472201347351074,0.39169788360595703,0.4239790439605713,0.7024099826812744,0.6859850883483887,0.8097667694091797,0.7925009727478027,0.6230180263519287,0.523195743560791,0.7628240585327148,0.38618993759155273,0.3280680179595947,0.4835529327392578,0.795996904373169,0.6644258499145508,0.3140699863433838,0.9475891590118408,0.6777341365814209,0.5226340293884277,1.1243300437927246,0.6199626922607422,0.7569789886474609,0.8383870124816895,0.6757769584655762,0.6219782829284668,0.5439867973327637
0.07	GG2	0.5416262149810791,1.0389418601989746,1.307154893875122,0.852435827255249,0.8875198364257812,0.484328031539917,0.7262840270996094,0.598046064376831,0.4239819049835205,0.6724779605865479,0.6815319061279297,0.8962223529815674,0.42259979248046875,0.43578100204467773,0.568631649017334,0.7079000473022461,0.6255338191986084,0.7041752338409424,0.4389791488647461,0.6843199729919434,1.3245270252227783,0.8117129802703857,0.5869231224060059,0.6200618743896484,0.6285150051116943,0.8531057834625244,1.061474084854126,0.874459981918335,1.1878516674041748,0.6208927631378174,1.0311968326568604,1.4623849391937256,0.9525911808013916,0.8820319175720215,0.8741841316223145,0.8936619758605957,0.7683029174804688,0.47028613090515137,0.8801651000976562,1.057568073272705,1.0136480331420898,0.8596048355102539,0.8740212917327881,1.2402899265289307,0.6079461574554443,0.5949420928955078,0.9581990242004395,0.7577610015869141,0.9473249912261963,0.930621862411499,0.45916199684143066,0.45878124237060547,0.7246112823486328,1.070462942123413,1.3843560218811035,0.8870348930358887,0.8717639446258545,0.35010719299316406,0.7388739585876465,0.3393721580505371,0.8002290725708008,0.998023271560669,0.8268182277679443,0.7683961391448975,0.6932969093322754,1.2112631797790527,0.9127109050750732,0.4597601890563965,0.7673070430755615,0.8851521015167236,1.046367883682251,0.6334431171417236,0.3085782527923584,0.6926710605621338,0.6978271007537842,0.34947896003723145,0.7877497673034668,0.42284226417541504,0.7526130676269531,0.6507589817047119,0.6661472320556641,0.7943539619445801,0.6040630340576172,0.8729307651519775,0.5513279438018799,0.9280848503112793,0.6344282627105713,1.142564058303833,1.1119251251220703,0.7257399559020996,0.6502001285552979,0.9325470924377441,0.8684298992156982,0.29018187522888184,0.986975908279419,0.6646461486816406,0.5606317520141602,1.0460529327392578,0.33745622634887695,0.6326980590820312,0.8949189186096191,0.5831501483917236,0.6941680908203125,0.7788987159729004,0.7876522541046143,0.7637619972229004,0.8118338584899902,0.6184811592102051,0.4915599822998047,0.8636910915374756,1.0699210166931152,0.8385579586029053,0.6002101898193359,1.6482770442962646,0.5607800483703613,0.8159139156341553,0.5891909599304199,0.3317248821258545,0.6328067779541016,0.7329568862915039,0.779865026473999,0.7079620361328125,0.7834300994873047,0.9360179901123047,0.8878488540649414,0.9011509418487549,0.6254560947418213,0.5977659225463867,0.5578501224517822,1.1984050273895264,0.4722280502319336,1.1044878959655762,0.5059239864349365,0.5933001041412354,0.8144540786743164,0.9103720188140869,0.6589369773864746,0.4283602237701416,0.42843103408813477,0.47686195373535156,0.322310209274292,0.7664151191711426,0.6217930316925049,0.7466549873352051,0.5139589309692383,0.4163241386413574,0.6896250247955322,0.6811861991882324,0.4785921573638916,0.452517032623291,0.7012078762054443,0.4408566951751709,0.7403378486633301,0.39296507835388184,0.6632959842681885,0.9015188217163086,0.616379976272583,0.4692411422729492,1.0153319835662842,0.564476728439331,0.8483593463897705,0.7290611267089844,0.6756479740142822,0.5253920555114746,0.7041599750518799,0.6487839221954346,0.8825118541717529,0.5068826675415039,0.7159700393676758,0.5276079177856445,0.42507410049438477,0.918842077255249,0.6809470653533936,1.2411549091339111,0.6472201347351074,0.39169788360595703,0.4239790439605713,0.7024099826812744,0.6859850883483887,0.8097667694091797,0.7925009727478027,0.6230180263519287,0.523195743560791,0.7628240585327148,0.38618993759155273,0.3280680179595947,0.4835529327392578,0.795996904373169,0.6644258499145508,0.3140699863433838,0.9475891590118408,0.6777341365814209,0.5226340293884277,1.1243300437927246,0.6199626922607422,0.7569789886474609,0.8383870124816895,0.6757769584655762,0.6219782829284668,0.5439867973327637
0.08	GEE	0.02251124382019043,0.023122787475585938,0.023151159286499023,0.023055076599121094,0.023197174072265625,0.023174762725830078,0.024191856384277344,0.02298712730407715,0.02301788330078125,0.025130271911621094,0.023372888565063477,0.0242459774017334,0.02359604835510254,0.023707866668701172,0.023329973220825195,0.02352285385131836,0.02342391014099121,0.02227497100830078,0.023845672607421875,0.022381067276000977,0.023169994354248047,0.0222470760345459,0.024402141571044922,0.022885799407958984,0.02248096466064453,0.0232391357421875,0.022978782653808594,0.02287006378173828,0.023084163665771484,0.023114919662475586,0.023164987564086914,0.022336959838867188,0.022045135498046875,0.02297687530517578,0.022958993911743164,0.023726701736450195,0.022707223892211914,0.022566795349121094,0.023068904876708984,0.023168087005615234,0.023228883743286133,0.023218154907226562,0.02330493927001953,0.02297496795654297,0.04625296592712402,0.02282404899597168,0.023154020309448242,0.023131132125854492,0.02364802360534668,0.023804187774658203,0.02321314811706543,0.02357196807861328,0.023905038833618164,0.022901058197021484,0.02371978759765625,0.02365589141845703,0.023327112197875977,0.02295088768005371,0.02314901351928711,0.022852182388305664,0.022481918334960938,0.022846221923828125,0.02312183380126953,0.022465944290161133,0.022366046905517578,0.02295708656311035,0.023017168045043945,0.023171663284301758,0.02291703224182129,0.023005962371826172,0.023517131805419922,0.022556304931640625,0.023408889770507812,0.023377180099487305,0.023526906967163086,0.022411108016967773,0.023334980010986328,0.023160934448242188,0.02414727210998535,0.023294925689697266,0.023176908493041992,0.02301788330078125,0.02302384376525879,0.023617029190063477,0.02300119400024414,0.023472070693969727,0.023334741592407227,0.02480792999267578,0.024131059646606445,0.02397918701171875,0.023615121841430664,0.028103113174438477,0.024679899215698242,0.024311065673828125,0.03203010559082031,0.024798870086669922,0.023478031158447266,0.02509784698486328,0.03455376625061035,0.02324509620666504,0.024806976318359375,0.024591922760009766,0.02422308921813965,0.02318572998046875,0.02466893196105957,0.023908138275146484,0.02315807342529297,0.02325606346130371,0.023515939712524414,0.023411989212036133,0.023318052291870117,0.024069786071777344,0.023269176483154297,0.023016929626464844,0.022822856903076172,0.02333688735961914,0.04070711135864258,0.02312183380126953,0.02297496795654297,0.024137020111083984,0.023836135864257812,0.02437901496887207,0.023301124572753906,0.023255109786987305,0.023381948471069336,0.0260317325592041,0.024152040481567383,0.024071216583251953,0.024260282516479492,0.024302959442138672,0.024224042892456055,0.024353981018066406,0.023952007293701172,0.02423691749572754,0.024873971939086914,0.026573896408081055,0.025690793991088867,0.02454400062561035,0.024142026901245117,0.02406597137451172,0.023415803909301758,0.024360179901123047,0.023463964462280273,0.02484416961669922,0.024327993392944336,0.023357868194580078,0.023908138275146484,0.023654937744140625,0.023895978927612305,0.024122953414916992,0.023604869842529297,0.024415016174316406,0.023509979248046875,0.024070024490356445,0.023588180541992188,0.023301124572753906,0.023437023162841797,0.02482771873474121,0.02439594268798828,0.024659156799316406,0.024350881576538086,0.02380537986755371,0.0240020751953125,0.023638010025024414,0.02324819564819336,0.024102210998535156,0.02388787269592285,0.023832082748413086,0.02369999885559082,0.025947093963623047,0.023886680603027344,0.02406024932861328,0.024335861206054688,0.024565935134887695,0.023959636688232422,0.023540019989013672,0.02318286895751953,0.023823976516723633,0.023905038833618164,0.023021936416625977,0.024106979370117188,0.023992061614990234,0.02336716651916504,0.024025917053222656,0.024061203002929688,0.023460865020751953,0.023051738739013672,0.024744033813476562,0.023164749145507812,0.024764060974121094,0.024096012115478516,0.02350902557373047,0.024324893951416016,0.023454904556274414,0.02440810203552246,0.02312302589416504,0.023493289947509766,0.02372598648071289,0.023856163024902344,0.02314019203186035
0.08	GNN	0.5054090023040771,0.42979884147644043,0.41418886184692383,0.34612083435058594,0.35898709297180176,0.377748966217041,0.5793280601501465,0.33193087577819824,0.47544407844543457,0.31860804557800293,0.3922760486602783,0.4909069538116455,0.435319185256958,0.47426700592041016,0.861363410949707,0.4430232048034668,0.4567389488220215,0.3850891590118408,0.39814114570617676,0.3904283046722412,0.37057995796203613,0.36533403396606445,0.6059420108795166,0.39023399353027344,0.3356919288635254,0.4813811779022217,0.6344170570373535,0.4530801773071289,0.6801128387451172,0.7350399494171143,0.3712427616119385,0.4084177017211914,0.35219597816467285,0.4359748363494873,0.4371962547302246,0.35174107551574707,0.5427989959716797,0.5054619312286377,0.3740830421447754,0.41483283042907715,0.4217550754547119,0.4843418598175049,0.3550679683685303,0.37549304962158203,0.3788590431213379,0.47484683990478516,0.4645199775695801,0.5831031799316406,1.09871506690979,0.5825510025024414,0.7863821983337402,1.08390212059021,0.4511401653289795,0.6008222103118896,0.3909609317779541,0.512408971786499,0.5693271160125732,0.591541051864624,0.3954291343688965,0.3402581214904785,0.3843550682067871,0.35651087760925293,0.3176701068878174,0.501591682434082,0.5284099578857422,0.3510451316833496,0.34740471839904785,0.430819034576416,0.3043539524078369,0.33668971061706543,0.5019960403442383,0.6352019309997559,0.3967900276184082,0.38793492317199707,0.7486450672149658,0.48742103576660156,0.5051648616790771,0.3876221179962158,0.5376889705657959,0.5034222602844238,0.6366572380065918,0.3905668258666992,0.4002699851989746,0.5952119827270508,0.46106719970703125,0.5357379913330078,0.5020182132720947,0.6212129592895508,0.4640481472015381,0.607903242111206,0.4626009464263916,0.53013014793396,0.4995231628417969,0.4462459087371826,0.648341178894043,0.7560169696807861,0.6895642280578613,0.6627168655395508,0.7509119510650635,0.4406583309173584,0.649022102355957,0.5957150459289551,0.6944708824157715,0.4425337314605713,0.440230131149292,0.42239809036254883,0.4336230754852295,0.37310004234313965,0.411013126373291,0.3556640148162842,0.396777868270874,0.6792271137237549,0.6290848255157471,0.4737710952758789,0.40540313720703125,0.5446979999542236,0.38971614837646484,0.4807932376861572,0.44036197662353516,0.8355491161346436,0.43860602378845215,0.433819055557251,0.4024369716644287,0.6572248935699463,0.3881089687347412,0.7375879287719727,0.8431508541107178,0.46377110481262207,1.1241281032562256,0.3859686851501465,0.4434049129486084,0.6018681526184082,0.8434288501739502,0.7218077182769775,0.5494780540466309,0.5701751708984375,0.3748300075531006,0.7907569408416748,0.4304192066192627,0.3594679832458496,0.3697478771209717,0.3627142906188965,0.36333608627319336,0.43280982971191406,0.6447827816009521,0.3779919147491455,0.5460350513458252,0.6458361148834229,0.3490610122680664,0.40196919441223145,0.683527946472168,0.4096989631652832,0.43161892890930176,0.3803529739379883,0.4583089351654053,0.3878440856933594,0.4750967025756836,0.5318448543548584,0.4214632511138916,0.4541449546813965,0.42601609230041504,0.3046283721923828,0.3541603088378906,0.4098012447357178,0.4121220111846924,0.37192392349243164,0.3353440761566162,0.3878810405731201,0.40774106979370117,0.4605991840362549,0.52095627784729,0.42041707038879395,0.3935377597808838,0.3852550983428955,0.8776400089263916,0.5253171920776367,0.5463800430297852,0.3222219944000244,0.41513872146606445,0.706348180770874,0.3374619483947754,0.3993690013885498,0.5632550716400146,0.4933297634124756,1.120697021484375,0.4410281181335449,0.39107775688171387,0.3937211036682129,0.4103879928588867,0.5000989437103271,0.3458230495452881,0.5989742279052734,0.3569979667663574,0.3982672691345215,0.47069215774536133,0.40223193168640137,0.4713599681854248,0.3640320301055908,0.35497593879699707,0.6512541770935059
0.08	GG	0.6916563510894775,0.8304011821746826,1.0364718437194824,0.7352371215820312,0.6556460857391357,0.5969159603118896,0.8251488208770752,0.6722569465637207,0.5012359619140625,0.6882641315460205,0.7088651657104492,0.9366600513458252,0.5415029525756836,0.4487178325653076,0.5413389205932617,0.5588021278381348,0.689896821975708,0.6016361713409424,0.5341181755065918,0.5551962852478027,0.8319768905639648,1.2031276226043701,1.2139668464660645,0.7505028247833252,0.5175502300262451,0.9114208221435547,0.7697818279266357,1.3169970512390137,0.7363941669464111,0.5629017353057861,0.5426108837127686,1.4902589321136475,0.6186420917510986,0.7415761947631836,0.46794795989990234,0.6837630271911621,0.7484710216522217,0.6470961570739746,0.7674660682678223,0.37500810623168945,1.3534677028656006,1.2218279838562012,0.6666388511657715,0.7442409992218018,0.7954380512237549,0.5181431770324707,0.8510942459106445,0.5880582332611084,0.6088249683380127,0.5199661254882812,0.44910383224487305,0.47851991653442383,1.0267620086669922,1.0912470817565918,0.9539530277252197,0.9571452140808105,0.6881856918334961,0.3693959712982178,0.6797609329223633,0.3367891311645508,0.9614548683166504,1.078848123550415,0.32910895347595215,0.7341787815093994,0.8532509803771973,0.9430079460144043,0.8828370571136475,0.8899528980255127,0.9958457946777344,0.8039512634277344,0.5769631862640381,0.6676669120788574,0.3985762596130371,0.6716992855072021,0.5422327518463135,0.44756412506103516,0.6145980358123779,0.5434632301330566,0.7224597930908203,0.8853812217712402,0.6018917560577393,0.7354569435119629,0.7518260478973389,1.0395421981811523,0.7367489337921143,0.6551089286804199,0.7665400505065918,1.0366220474243164,0.8996250629425049,0.6861369609832764,1.286545991897583,1.2441108226776123,0.9401352405548096,0.5808570384979248,1.194227933883667,0.8104021549224854,0.8298549652099609,0.981071949005127,0.371063232421875,1.521104097366333,0.9369847774505615,0.7007429599761963,0.5560717582702637,1.338951826095581,0.9682369232177734,0.7175002098083496,0.8916990756988525,0.5265090465545654,0.44141507148742676,0.92362380027771,0.7925870418548584,0.9433379173278809,0.6412332057952881,1.0466079711914062,0.786146879196167,0.9408180713653564,0.5329320430755615,0.35884976387023926,0.7740859985351562,0.8685460090637207,1.032470941543579,1.1329190731048584,0.8699381351470947,0.607882022857666,1.1847310066223145,1.3749728202819824,0.6553249359130859,1.2122831344604492,0.6659619808197021,1.4293508529663086,0.4869391918182373,1.049767017364502,0.6335387229919434,0.6467199325561523,1.0130586624145508,1.151954174041748,0.8981878757476807,0.552727222442627,0.42043495178222656,0.6123571395874023,0.31655097007751465,0.8862283229827881,1.2873432636260986,0.5378491878509521,0.6162800788879395,0.49829912185668945,0.8804750442504883,0.6148810386657715,0.5225217342376709,0.8498110771179199,0.5001778602600098,0.6281249523162842,1.134751796722412,0.4511239528656006,0.6152999401092529,0.8672878742218018,1.3952698707580566,0.6039049625396729,0.8428530693054199,0.6318261623382568,0.8573801517486572,0.7548341751098633,0.5369729995727539,1.1725950241088867,0.8644862174987793,0.3686237335205078,0.35309600830078125,0.6681919097900391,0.7166938781738281,0.679328203201294,0.5076489448547363,1.0859439373016357,1.3426120281219482,0.6798782348632812,0.677203893661499,0.40986108779907227,0.44141626358032227,1.1899211406707764,0.6559817790985107,0.9662060737609863,1.2905240058898926,1.3464360237121582,0.4473080635070801,0.8042550086975098,0.47560691833496094,0.3608851432800293,0.5984258651733398,0.7096171379089355,0.5832240581512451,0.3072471618652344,0.8792281150817871,0.7378981113433838,0.6041419506072998,0.9063539505004883,0.855018138885498,0.820127010345459,0.9855749607086182,1.2588286399841309,0.6795599460601807,0.513761043548584
0.08	GG2	0.6916563510894775,0.8304011821746826,1.0364718437194824,0.7352371215820312,0.6556460857391357,0.5969159603118896,0.8251488208770752,0.6722569465637207,0.5012359619140625,0.6882641315460205,0.7088651657104492,0.9366600513458252,0.5415029525756836,0.4487178325653076,0.5413389205932617,0.5588021278381348,0.689896821975708,0.6016361713409424,0.5341181755065918,0.5551962852478027,0.8319768905639648,1.2031276226043701,1.2139668464660645,0.7505028247833252,0.5175502300262451,0.9114208221435547,0.7697818279266357,1.3169970512390137,0.7363941669464111,0.5629017353057861,0.5426108837127686,1.4902589321136475,0.6186420917510986,0.7415761947631836,0.46794795989990234,0.6837630271911621,0.7484710216522217,0.6470961570739746,0.7674660682678223,0.37500810623168945,1.3534677028656006,1.2218279838562012,0.6666388511657715,0.7442409992218018,0.7954380512237549,0.5181431770324707,0.8510942459106445,0.5880582332611084,0.6088249683380127,0.5199661254882812,0.44910383224487305,0.47851991653442383,1.0267620086669922,1.0912470817565918,0.9539530277252197,0.9571452140808105,0.6881856918334961,0.3693959712982178,0.6797609329223633,0.3367891311645508,0.9614548683166504,1.078848123550415,0.32910895347595215,0.7341787815093994,0.8532509803771973,0.9430079460144043,0.8828370571136475,0.8899528980255127,0.9958457946777344,0.8039512634277344,0.5769631862640381,0.6676669120788574,0.3985762596130371,0.6716992855072021,0.5422327518463135,0.44756412506103516,0.6145980358123779,0.5434632301330566,0.7224597930908203,0.8853812217712402,0.6018917560577393,0.7354569435119629,0.7518260478973389,1.0395421981811523,0.7367489337921143,0.6551089286804199,0.7665400505065918,1.0366220474243164,0.8996250629425049,0.6861369609832764,1.286545991897583,1.2441108226776123,0.9401352405548096,0.5808570384979248,1.194227933883667,0.8104021549224854,0.8298549652099609,0.981071949005127,0.371063232421875,1.521104097366333,0.9369847774505615,0.7007429599761963,0.5560717582702637,1.338951826095581,0.9682369232177734,0.7175002098083496,0.8916990756988525,0.5265090465545654,0.44141507148742676,0.92362380027771,0.7925870418548584,0.9433379173278809,0.6412332057952881,1.0466079711914062,0.786146879196167,0.9408180713653564,0.5329320430755615,0.35884976387023926,0.7740859985351562,0.8685460090637207,1.032470941543579,1.1329190731048584,0.8699381351470947,0.607882022857666,1.1847310066223145,1.3749728202819824,0.6553249359130859,1.2122831344604492,0.6659619808197021,1.4293508529663086,0.4869391918182373,1.049767017364502,0.6335387229919434,0.6467199325561523,1.0130586624145508,1.151954174041748,0.8981878757476807,0.552727222442627,0.42043495178222656,0.6123571395874023,0.31655097007751465,0.8862283229827881,1.2873432636260986,0.5378491878509521,0.6162800788879395,0.49829912185668945,0.8804750442504883,0.6148810386657715,0.5225217342376709,0.8498110771179199,0.5001778602600098,0.6281249523162842,1.134751796722412,0.4511239528656006,0.6152999401092529,0.8672878742218018,1.3952698707580566,0.6039049625396729,0.8428530693054199,0.6318261623382568,0.8573801517486572,0.7548341751098633,0.5369729995727539,1.1725950241088867,0.8644862174987793,0.3686237335205078,0.35309600830078125,0.6681919097900391,0.7166938781738281,0.679328203201294,0.5076489448547363,1.0859439373016357,1.3426120281219482,0.6798782348632812,0.677203893661499,0.40986108779907227,0.44141626358032227,1.1899211406707764,0.6559817790985107,0.9662060737609863,1.2905240058898926,1.3464360237121582,0.4473080635070801,0.8042550086975098,0.47560691833496094,0.3608851432800293,0.5984258651733398,0.7096171379089355,0.5832240581512451,0.3072471618652344,0.8792281150817871,0.7378981113433838,0.6041419506072998,0.9063539505004883,0.855018138885498,0.820127010345459,0.9855749607086182,1.2588286399841309,0.6795599460601807,0.513761043548584
0.09	GEE	0.025443077087402344,0.024719953536987305,0.026266098022460938,0.026423931121826172,0.028584003448486328,0.0249481201171875,0.026246070861816406,0.02686905860900879,0.024533987045288086,0.025234222412109375,0.026385784149169922,0.025418996810913086,0.024883031845092773,0.02559828758239746,0.026538848876953125,0.025846004486083984,0.025614023208618164,0.034702301025390625,0.02616715431213379,0.025465726852416992,0.02485489845275879,0.024934768676757812,0.026430845260620117,0.025526762008666992,0.025127172470092773,0.024976730346679688,0.02585291862487793,0.026813983917236328,0.025310993194580078,0.024804115295410156,0.025978803634643555,0.024873018264770508,0.024899005889892578,0.0257110595703125,0.02488994598388672,0.024379968643188477,0.024330854415893555,0.024631023406982422,0.02493906021118164,0.024839162826538086,0.043843984603881836,0.02489924430847168,0.024590253829956055,0.025246858596801758,0.02553868293762207,0.02486133575439453,0.024565935134887695,0.024670839309692383,0.02561187744140625,0.024900197982788086,0.024352073669433594,0.024878978729248047,0.02472400665283203,0.024790048599243164,0.035537004470825195,0.025613069534301758,0.024372100830078125,0.026330232620239258,0.025583267211914062,0.026032209396362305,0.024714946746826172,0.028845787048339844,0.024954795837402344,0.024608850479125977,0.026482343673706055,0.02541208267211914,0.024703025817871094,0.02514505386352539,0.026109933853149414,0.02609109878540039,0.025747060775756836,0.025583744049072266,0.025739192962646484,0.0263979434967041,0.02599501609802246,0.026686906814575195,0.025218963623046875,0.02537393569946289,0.026527881622314453,0.02551889419555664,0.025735855102539062,0.026070117950439453,0.025735139846801758,0.02555084228515625,0.026174068450927734,0.025489091873168945,0.025040864944458008,0.025622129440307617,0.026357173919677734,0.025563955307006836,0.025609970092773438,0.025568008422851562,0.026181697845458984,0.03495311737060547,0.025890827178955078,0.02637004852294922,0.02730417251586914,0.027471065521240234,0.02591705322265625,0.0262601375579834,0.025996923446655273,0.02699589729309082,0.02558302879333496,0.025403738021850586,0.025610923767089844,0.025500059127807617,0.02569580078125,0.02559804916381836,0.025727033615112305,0.024647951126098633,0.027112960815429688,0.04425406455993652,0.026629209518432617,0.025439023971557617,0.028543949127197266,0.02570319175720215,0.02637791633605957,0.025513172149658203,0.024924039840698242,0.02672886848449707,0.02779388427734375,0.029157161712646484,0.028316259384155273,0.02677178382873535,0.026040077209472656,0.027330636978149414,0.026185035705566406,0.03822517395019531,0.026765823364257812,0.02812480926513672,0.02613210678100586,0.025934934616088867,0.14263606071472168,0.03368186950683594,0.027296066284179688,0.026414155960083008,0.02603888511657715,0.026421070098876953,0.026306867599487305,0.028749942779541016,0.025987863540649414,0.027782201766967773,0.025835037231445312,0.027273893356323242,0.0268709659576416,0.027943849563598633,0.028085947036743164,0.027126073837280273,0.026183128356933594,0.02593374252319336,0.027400970458984375,0.02925896644592285,0.027298927307128906,0.03365921974182129,0.027379989624023438,0.025844097137451172,0.027220964431762695,0.026446104049682617,0.026870012283325195,0.02708292007446289,0.07120800018310547,0.028914213180541992,0.026404142379760742,0.026618242263793945,0.030033111572265625,0.026740074157714844,0.027442216873168945,0.026658058166503906,0.029179811477661133,0.028563976287841797,0.027688980102539062,0.029199838638305664,0.027373075485229492,0.15792012214660645,0.029401779174804688,0.03241276741027832,0.0309450626373291,0.03066706657409668,0.04266095161437988,0.031581878662109375,0.031707763671875,0.02865314483642578,0.029613256454467773,0.03130006790161133,0.031202077865600586,0.029221057891845703,0.027709007263183594,0.028254985809326172,0.02972102165222168,0.028751134872436523,0.028476953506469727,0.028748035430908203,0.03195595741271973,0.028384685516357422,0.027613162994384766,0.02690601348876953,0.027089834213256836,0.026881933212280273,0.0284731388092041,0.026762008666992188
0.09	GNN	0.6260898113250732,0.45037388801574707,0.3906080722808838,0.44525814056396484,0.39025211334228516,0.4415452480316162,0.3734469413757324,0.42069077491760254,0.41286706924438477,0.44061923027038574,0.4116189479827881,0.5465290546417236,0.584449052810669,0.7220468521118164,0.8471498489379883,0.6617662906646729,0.43681931495666504,0.5343308448791504,0.5358009338378906,0.42115211486816406,0.4012019634246826,0.3903067111968994,0.6015770435333252,0.3935070037841797,0.35095810890197754,0.5766010284423828,0.7331509590148926,0.6738817691802979,0.532379150390625,0.4421849250793457,0.3410067558288574,0.5320236682891846,0.36913204193115234,0.6402931213378906,0.5129461288452148,0.5272212028503418,0.8869690895080566,0.6168651580810547,0.35312771797180176,0.6217451095581055,0.6214711666107178,0.41666698455810547,0.39231395721435547,0.5083096027374268,0.4375019073486328,0.5834829807281494,0.3779721260070801,0.4595451354980469,0.4688410758972168,0.4308900833129883,0.42373013496398926,0.5856037139892578,0.5080981254577637,0.5267248153686523,0.4302830696105957,0.48422908782958984,0.7407569885253906,0.517693042755127,0.43408799171447754,0.4239811897277832,0.4095478057861328,0.47312116622924805,0.4335150718688965,1.0315768718719482,1.3183133602142334,0.4463958740234375,0.49341797828674316,0.5228891372680664,0.47541308403015137,0.43070483207702637,0.4298360347747803,0.5273878574371338,0.4530372619628906,0.48357200622558594,0.4129650592803955,0.5424089431762695,0.6334590911865234,0.3673110008239746,0.873162031173706,0.7898931503295898,0.4306309223175049,0.5857200622558594,0.6342439651489258,0.4378340244293213,0.5862867832183838,0.507159948348999,0.5983870029449463,0.6304671764373779,0.45400333404541016,0.6609399318695068,0.40784287452697754,0.4783310890197754,0.4154210090637207,0.4927999973297119,0.8209080696105957,1.2084307670593262,0.9152450561523438,0.5997529029846191,0.6683928966522217,0.5273458957672119,0.3658421039581299,0.37998485565185547,0.46936798095703125,0.35703587532043457,0.4438211917877197,0.6097919940948486,0.41212010383605957,0.6064858436584473,0.4000058174133301,0.5000698566436768,0.5156130790710449,0.5436708927154541,0.4300858974456787,0.384174108505249,0.3373897075653076,0.444735050201416,0.4228942394256592,0.4916398525238037,0.4403369426727295,0.622873067855835,0.5200319290161133,0.567965030670166,0.6320292949676514,0.7370109558105469,0.4758288860321045,2.590200185775757,0.7059619426727295,0.5939362049102783,0.6910898685455322,0.7379951477050781,0.6059563159942627,0.478302001953125,0.5252242088317871,0.49949121475219727,0.7888329029083252,0.39960432052612305,0.3760488033294678,0.43544507026672363,0.4182567596435547,0.6296520233154297,0.5877411365509033,0.4488239288330078,1.0864923000335693,0.47824907302856445,1.3239669799804688,0.4943046569824219,0.5464231967926025,0.7654578685760498,0.5121479034423828,0.591681957244873,0.6218159198760986,0.8871381282806396,0.8508400917053223,0.49927306175231934,0.718674898147583,0.42670416831970215,0.7814290523529053,1.5615441799163818,0.531329870223999,0.5594968795776367,0.41631603240966797,0.42843174934387207,0.6070141792297363,0.44614219665527344,0.5512487888336182,0.5598442554473877,0.5997178554534912,0.5954430103302002,0.5646448135375977,0.6617090702056885,0.556298017501831,0.7898459434509277,0.9778318405151367,0.8050367832183838,0.7881791591644287,0.8030047416687012,0.8443460464477539,0.560128927230835,0.6810569763183594,0.7563138008117676,0.5007989406585693,0.6366891860961914,1.2186179161071777,0.7669360637664795,1.2571508884429932,0.6072990894317627,0.5500137805938721,0.45441579818725586,0.5305302143096924,0.7989788055419922,0.45882511138916016,0.5443770885467529,0.377086877822876,0.5006179809570312,0.7733519077301025,0.5407328605651855,0.4374699592590332,0.40786314010620117,0.4000968933105469,0.4642372131347656
0.09	GG	0.8003888130187988,0.8130500316619873,0.9433140754699707,0.44396424293518066,0.7495119571685791,0.660423994064331,0.7862570285797119,0.7578339576721191,0.6111040115356445,1.3585541248321533,0.8550498485565186,0.9423291683197021,0.6111328601837158,0.6872336864471436,0.6749610900878906,0.8750729560852051,0.6704001426696777,0.7873139381408691,0.618588924407959,0.5722031593322754,0.9344587326049805,1.1616170406341553,1.063251256942749,0.8158121109008789,0.7404720783233643,0.9991559982299805,1.0019168853759766,0.3306896686553955,0.7023289203643799,0.8134171962738037,0.8205780982971191,1.1593670845031738,0.5667240619659424,0.8621089458465576,0.8053398132324219,0.6507241725921631,0.9191122055053711,0.5108010768890381,0.8169889450073242,0.3303391933441162,1.1108648777008057,0.7752690315246582,1.0978968143463135,0.6963591575622559,0.6791319847106934,0.8944530487060547,1.087165117263794,0.7452888488769531,0.6879251003265381,0.7719740867614746,0.4962880611419678,0.4860968589782715,0.7663331031799316,1.6148579120635986,1.2857279777526855,1.066460132598877,0.5586957931518555,0.5028431415557861,0.7247779369354248,0.4108459949493408,0.7677388191223145,0.4718039035797119,0.5370800495147705,1.1195042133331299,0.8054311275482178,0.7723369598388672,1.2580959796905518,0.5029571056365967,0.4026968479156494,1.3329601287841797,0.8630640506744385,0.6971549987792969,1.1784420013427734,0.8680720329284668,0.6266541481018066,0.4584529399871826,0.5697181224822998,0.6103658676147461,0.8326578140258789,0.7956399917602539,0.817241907119751,0.9190959930419922,0.8343420028686523,1.1709680557250977,0.6403892040252686,0.5983281135559082,0.6694519519805908,1.1913337707519531,1.1821019649505615,0.833172082901001,0.8624651432037354,0.4095649719238281,0.8912591934204102,0.4424459934234619,1.2962470054626465,0.4738912582397461,0.8429901599884033,0.29430389404296875,0.4573981761932373,1.284930944442749,0.6811439990997314,0.8935260772705078,0.8068838119506836,0.9183609485626221,0.8991048336029053,0.9176540374755859,0.5704882144927979,0.5474722385406494,0.5047757625579834,0.8188250064849854,0.7478821277618408,1.070159912109375,0.7215690612792969,0.6999731063842773,0.7810947895050049,0.924246072769165,0.7391469478607178,0.3760828971862793,0.5869953632354736,1.053663969039917,0.8653411865234375,1.3797729015350342,0.882009744644165,0.9755799770355225,1.5035591125488281,2.036365032196045,0.7832159996032715,0.8724691867828369,0.7156698703765869,1.7172610759735107,0.6547491550445557,1.2738592624664307,1.0524487495422363,0.4705832004547119,0.38089609146118164,0.8884210586547852,0.9188079833984375,0.6484489440917969,0.3929450511932373,0.8211789131164551,0.42075586318969727,0.44515299797058105,1.3541979789733887,0.7710590362548828,0.6966187953948975,0.5483701229095459,1.299645185470581,0.7330770492553711,0.7346010208129883,1.5594971179962158,1.2703158855438232,0.8684501647949219,0.930811882019043,0.8380260467529297,1.317082166671753,1.145678997039795,0.833064079284668,0.8289988040924072,1.105865240097046,0.7798647880554199,1.1978120803833008,1.037834882736206,1.0656251907348633,1.31007981300354,1.0358939170837402,0.468458890914917,0.3877120018005371,0.8270440101623535,0.6178250312805176,0.6084942817687988,0.6886539459228516,1.3843739032745361,1.3146047592163086,1.6437151432037354,1.0861170291900635,0.7162837982177734,0.7350809574127197,1.5399868488311768,1.371380090713501,1.4155991077423096,1.6999280452728271,1.3791286945343018,0.9600517749786377,1.6171221733093262,1.1160142421722412,0.416168212890625,0.7126359939575195,1.128589153289795,1.0812699794769287,0.49357175827026367,0.564842939376831,0.8499410152435303,0.7272930145263672,1.984081745147705,0.7464091777801514,0.4705221652984619,0.850538969039917,1.1457200050354004,0.7496070861816406,0.6077239513397217
0.09	GG2	0.8003888130187988,0.8130500316619873,0.9433140754699707,0.44396424293518066,0.7495119571685791,0.660423994064331,0.7862570285797119,0.7578339576721191,0.6111040115356445,1.3585541248321533,0.8550498485565186,0.9423291683197021,0.6111328601837158,0.6872336864471436,0.6749610900878906,0.8750729560852051,0.6704001426696777,0.7873139381408691,0.618588924407959,0.5722031593322754,0.9344587326049805,1.1616170406341553,1.063251256942749,0.8158121109008789,0.7404720783233643,0.9991559982299805,1.0019168853759766,0.3306896686553955,0.7023289203643799,0.8134171962738037,0.8205780982971191,1.1593670845031738,0.5667240619659424,0.8621089458465576,0.8053398132324219,0.6507241725921631,0.9191122055053711,0.5108010768890381,0.8169889450073242,0.3303391933441162,1.1108648777008057,0.7752690315246582,1.0978968143463135,0.6963591575622559,0.6791319847106934,0.8944530487060547,1.087165117263794,0.7452888488769531,0.6879251003265381,0.7719740867614746,0.4962880611419678,0.4860968589782715,0.7663331031799316,1.6148579120635986,1.2857279777526855,1.066460132598877,0.5586957931518555,0.5028431415557861,0.7247779369354248,0.4108459949493408,0.7677388191223145,0.4718039035797119,0.5370800495147705,1.1195042133331299,0.8054311275482178,0.7723369598388672,1.2580959796905518,0.5029571056365967,0.4026968479156494,1.3329601287841797,0.8630640506744385,0.6971549987792969,1.1784420013427734,0.8680720329284668,0.6266541481018066,0.4584529399871826,0.5697181224822998,0.6103658676147461,0.8326578140258789,0.7956399917602539,0.817241907119751,0.9190959930419922,0.8343420028686523,1.1709680557250977,0.6403892040252686,0.5983281135559082,0.6694519519805908,1.1913337707519531,1.1821019649505615,0.833172082901001,0.8624651432037354,0.4095649719238281,0.8912591934204102,0.4424459934234619,1.2962470054626465,0.4738912582397461,0.8429901599884033,0.29430389404296875,0.4573981761932373,1.284930944442749,0.6811439990997314,0.8935260772705078,0.8068838119506836,0.9183609485626221,0.8991048336029053,0.9176540374755859,0.5704882144927979,0.5474722385406494,0.5047757625579834,0.8188250064849854,0.7478821277618408,1.070159912109375,0.7215690612792969,0.6999731063842773,0.7810947895050049,0.924246072769165,0.7391469478607178,0.3760828971862793,0.5869953632354736,1.053663969039917,0.8653411865234375,1.3797729015350342,0.882009744644165,0.9755799770355225,1.5035591125488281,2.036365032196045,0.7832159996032715,0.8724691867828369,0.7156698703765869,1.7172610759735107,0.6547491550445557,1.2738592624664307,1.0524487495422363,0.4705832004547119,0.38089609146118164,0.8884210586547852,0.9188079833984375,0.6484489440917969,0.3929450511932373,0.8211789131164551,0.42075586318969727,0.44515299797058105,1.3541979789733887,0.7710590362548828,0.6966187953948975,0.5483701229095459,1.299645185470581,0.7330770492553711,0.7346010208129883,1.5594971179962158,1.2703158855438232,0.8684501647949219,0.930811882019043,0.8380260467529297,1.317082166671753,1.145678997039795,0.833064079284668,0.8289988040924072,1.105865240097046,0.7798647880554199,1.1978120803833008,1.037834882736206,1.0656251907348633,1.31007981300354,1.0358939170837402,0.468458890914917,0.3877120018005371,0.8270440101623535,0.6178250312805176,0.6084942817687988,0.6886539459228516,1.3843739032745361,1.3146047592163086,1.6437151432037354,1.0861170291900635,0.7162837982177734,0.7350809574127197,1.5399868488311768,1.371380090713501,1.4155991077423096,1.6999280452728271,1.3791286945343018,0.9600517749786377,1.6171221733093262,1.1160142421722412,0.416168212890625,0.7126359939575195,1.128589153289795,1.0812699794769287,0.49357175827026367,0.564842939376831,0.8499410152435303,0.7272930145263672,1.984081745147705,0.7464091777801514,0.4705221652984619,0.850538969039917,1.1457200050354004,0.7496070861816406,0.6077239513397217
0.1	GEE	0.02720808982849121,0.02759695053100586,0.028169870376586914,0.0293118953704834,0.027394771575927734,0.030012845993041992,0.02733588218688965,0.029626846313476562,0.0313410758972168,0.028011083602905273,0.026996850967407227,0.028512954711914062,0.02843022346496582,0.0275418758392334,0.02731800079345703,0.02730393409729004,0.027584075927734375,0.035598039627075195,0.028490066528320312,0.02703118324279785,0.02714085578918457,0.027007102966308594,0.02785205841064453,0.027205228805541992,0.027758121490478516,0.027183055877685547,0.027061939239501953,0.028204917907714844,0.027405977249145508,0.027104854583740234,0.027164936065673828,0.026855945587158203,0.027055025100708008,0.027043819427490234,0.02744770050048828,0.02701282501220703,0.027249813079833984,0.02945685386657715,0.027069807052612305,0.027454137802124023,0.027103900909423828,0.027582883834838867,0.02694988250732422,0.0277860164642334,0.027051925659179688,0.02779078483581543,0.027595043182373047,0.029479026794433594,0.02806997299194336,0.027118921279907227,0.027994871139526367,0.027057170867919922,0.02732706069946289,0.02704787254333496,0.02688002586364746,0.027065753936767578,0.02730703353881836,0.027125120162963867,0.02750396728515625,0.027194976806640625,0.028622150421142578,0.02717280387878418,0.026930809020996094,0.027838945388793945,0.02705693244934082,0.02794504165649414,0.0269010066986084,0.02697920799255371,0.026899099349975586,0.028181791305541992,0.02762889862060547,0.028361082077026367,0.027036190032958984,0.02631402015686035,0.026807069778442383,0.026942968368530273,0.02761387825012207,0.02690911293029785,0.027300119400024414,0.028162240982055664,0.027026891708374023,0.029501914978027344,0.027194738388061523,0.026863813400268555,0.02695298194885254,0.031343936920166016,0.027801036834716797,0.026855945587158203,0.0269927978515625,0.027009010314941406,0.027142763137817383,0.02998518943786621,0.027067899703979492,0.027858257293701172,0.028213024139404297,0.02731919288635254,0.02779388427734375,0.026959896087646484,0.02732110023498535,0.02718806266784668,0.03776693344116211,0.027541160583496094,0.02730584144592285,0.02698802947998047,0.028167009353637695,0.02701592445373535,0.027298688888549805,0.027089834213256836,0.027756929397583008,0.02729511260986328,0.026914119720458984,0.02714705467224121,0.02715778350830078,0.027908802032470703,0.029655933380126953,0.02712225914001465,0.02850818634033203,0.026154041290283203,0.027451038360595703,0.02716684341430664,0.02719902992248535,0.030532121658325195,0.03800702095031738,0.027035951614379883,0.02617502212524414,0.026857852935791016,0.026359081268310547,0.027135848999023438,0.027451753616333008,0.02742624282836914,0.027261972427368164,0.026794910430908203,0.02708721160888672,0.026112079620361328,0.02711796760559082,0.027451276779174805,0.027684926986694336,0.02801203727722168,0.027090787887573242,0.02784109115600586,0.02812790870666504,0.026056289672851562,0.027810096740722656,0.026946067810058594,0.0272829532623291,0.07616591453552246,0.048686981201171875,0.027141094207763672,0.02704477310180664,0.02684783935546875,0.02690291404724121,0.02773118019104004,0.028454065322875977,0.02784419059753418,0.027390003204345703,0.02737283706665039,0.027372121810913086,0.027784109115600586,0.03316903114318848,0.030588865280151367,0.030992746353149414,0.03943514823913574,0.030707359313964844,0.029081106185913086,0.028651714324951172,0.027904987335205078,0.027252912521362305,0.02886676788330078,0.033455848693847656,0.027194738388061523,0.02788090705871582,0.02691197395324707,0.02708911895751953,0.026959896087646484,0.026985883712768555,0.02854013442993164,0.02800726890563965,0.029118061065673828,0.02687692642211914,0.0281829833984375,0.026888132095336914,0.028500795364379883,0.027445077896118164,0.028371334075927734,0.02709197998046875,0.027212858200073242,0.02832484245300293,0.02751779556274414,0.02836012840270996,0.028300046920776367,0.028408050537109375,0.028145790100097656,0.027544736862182617,0.028033018112182617,0.02801680564880371,0.027693986892700195,0.02680206298828125,0.027424097061157227,0.02711200714111328,0.02762007713317871
0.1	GNN	0.5985469818115234,0.5344359874725342,0.3294100761413574,0.481673002243042,0.39444899559020996,0.42197704315185547,0.598170280456543,0.44216108322143555,0.4487318992614746,0.6129179000854492,0.4019191265106201,0.4371340274810791,0.39049220085144043,0.6148059368133545,0.49133801460266113,0.4155709743499756,0.47422313690185547,0.5019822120666504,0.42551183700561523,0.43279576301574707,0.4043118953704834,0.4212930202484131,0.4892401695251465,0.39104795455932617,0.41767120361328125,0.41592907905578613,0.6677770614624023,0.5098249912261963,1.15346097946167,0.4282710552215576,0.5476200580596924,0.45784974098205566,0.5107078552246094,0.7146577835083008,0.38181519508361816,0.43882179260253906,0.5254771709442139,0.5119507312774658,0.41530919075012207,0.580413818359375,0.6235272884368896,0.5317580699920654,0.4614558219909668,0.38390684127807617,0.45648193359375,0.7000429630279541,0.5103721618652344,0.5190830230712891,0.5586559772491455,0.471132755279541,0.949354887008667,0.43607306480407715,0.6402537822723389,0.4430351257324219,0.40665292739868164,0.43582892417907715,0.36135387420654297,0.41623973846435547,0.37520313262939453,0.4287230968475342,0.4390237331390381,0.41318607330322266,0.3985919952392578,0.45184898376464844,0.3814058303833008,0.5560879707336426,0.3903827667236328,0.4301779270172119,0.39061927795410156,0.4218788146972656,0.425994873046875,0.7415249347686768,0.5068402290344238,0.44352078437805176,0.4053077697753906,0.5729670524597168,0.5529158115386963,0.44247984886169434,0.6457688808441162,0.5641379356384277,0.3819761276245117,0.5174007415771484,0.7916243076324463,1.140902042388916,0.4560890197753906,0.40125298500061035,0.7382471561431885,0.45468688011169434,0.40601515769958496,0.6166329383850098,0.414780855178833,0.36170077323913574,0.6116631031036377,0.40563488006591797,0.44436192512512207,0.7193090915679932,0.5550558567047119,0.5062398910522461,0.5085480213165283,0.5004651546478271,0.38437390327453613,0.6125359535217285,0.39078569412231445,0.4245748519897461,0.4136471748352051,0.6070301532745361,0.4438598155975342,0.40772080421447754,0.45091676712036133,0.4864308834075928,0.872053861618042,0.4470691680908203,0.8206779956817627,0.4137701988220215,0.33626484870910645,0.4351339340209961,0.45090270042419434,0.5521678924560547,0.3845360279083252,0.5780699253082275,0.4273097515106201,0.7768728733062744,0.6276898384094238,0.428757905960083,0.3920881748199463,0.5462191104888916,0.43082594871520996,0.38858914375305176,0.44838714599609375,0.6197929382324219,0.419999361038208,0.4685981273651123,0.4584667682647705,0.5044400691986084,0.46212100982666016,0.36385488510131836,0.3949728012084961,0.3986849784851074,0.3461282253265381,0.38588380813598633,0.46309399604797363,0.5292291641235352,0.3731882572174072,0.7935819625854492,0.4275660514831543,0.7608239650726318,0.5749619007110596,0.5974578857421875,0.49924707412719727,0.446469783782959,0.6740818023681641,0.5354840755462646,0.5511071681976318,0.41530895233154297,0.554732084274292,0.37076497077941895,0.766679048538208,0.7294683456420898,0.6360878944396973,0.7878589630126953,0.5758848190307617,0.5120449066162109,1.1368200778961182,0.4703068733215332,0.4685828685760498,0.4035491943359375,0.4125988483428955,0.6560399532318115,0.5592010021209717,0.5243537425994873,0.42455005645751953,0.42801403999328613,0.4021010398864746,0.40897202491760254,0.9748649597167969,0.4701039791107178,0.5931398868560791,0.4442758560180664,0.5607490539550781,0.3838019371032715,0.40102124214172363,0.4387776851654053,0.8510167598724365,0.41199684143066406,0.5320179462432861,0.4536159038543701,0.4569530487060547,0.7985401153564453,0.5214979648590088,0.8239688873291016,0.33031797409057617,0.36850714683532715,0.4000411033630371,0.5993261337280273,0.9582598209381104,0.4111340045928955,0.4683809280395508,0.49706602096557617,0.40241217613220215,0.4793379306793213
0.1	GG	0.9011080265045166,0.8497810363769531,0.7483727931976318,0.5098421573638916,0.8839161396026611,0.5935406684875488,1.088210105895996,0.9041321277618408,0.5370941162109375,0.8574161529541016,1.0557739734649658,1.2167818546295166,0.628699779510498,0.47551417350769043,0.737799882888794,0.6674151420593262,0.6486411094665527,0.7897639274597168,0.6572971343994141,0.6388471126556396,1.265289068222046,1.2368810176849365,1.31504487991333,0.3825528621673584,0.6648728847503662,0.4481639862060547,0.8994879722595215,0.3820490837097168,0.9135701656341553,0.9941248893737793,0.928318977355957,0.8677170276641846,0.6484568119049072,0.7994239330291748,1.0690898895263672,0.9246711730957031,1.000377893447876,0.5106830596923828,1.0542640686035156,0.4645969867706299,0.9621541500091553,0.9345159530639648,1.0623738765716553,1.071225881576538,0.7206728458404541,0.4776878356933594,0.9844648838043213,0.8203842639923096,0.9913980960845947,0.5214197635650635,0.7887589931488037,0.4956350326538086,0.9684839248657227,0.6328668594360352,0.5953700542449951,0.813795804977417,0.9282293319702148,0.35277295112609863,0.6254122257232666,0.39655280113220215,0.6643898487091064,1.1178739070892334,0.3974940776824951,1.0025231838226318,0.5812981128692627,0.8275117874145508,0.37131190299987793,0.4182109832763672,0.3983170986175537,1.37235689163208,1.0054638385772705,0.6806838512420654,0.7054719924926758,0.7646019458770752,0.6424322128295898,0.4503748416900635,0.7797167301177979,0.4647490978240967,0.891528844833374,0.8502540588378906,0.7874748706817627,0.9390649795532227,0.8054118156433105,1.5122458934783936,0.6947860717773438,0.690385103225708,0.792212963104248,1.311532735824585,0.8388981819152832,1.1688008308410645,0.6706008911132812,1.2243998050689697,0.8348217010498047,1.259246826171875,0.9121971130371094,0.9294250011444092,0.7960278987884521,0.39490294456481934,0.3569481372833252,0.9667580127716064,0.8310320377349854,1.1959600448608398,0.822598934173584,1.1829371452331543,0.8802392482757568,0.5235741138458252,1.0464441776275635,1.236419916152954,0.42589902877807617,0.9066281318664551,0.837482213973999,0.37577390670776367,0.9217021465301514,1.411837100982666,0.7912561893463135,0.8553452491760254,0.6475353240966797,0.3675529956817627,0.6637470722198486,0.8514869213104248,0.9545698165893555,0.9473590850830078,0.43595170974731445,1.0932369232177734,1.319153070449829,1.0084779262542725,0.5983960628509521,0.8419759273529053,1.0248827934265137,1.526474952697754,0.6302189826965332,0.8228790760040283,0.6463203430175781,0.6240150928497314,0.30670714378356934,1.4568870067596436,0.7837429046630859,0.628122091293335,0.561547040939331,0.9061751365661621,0.33949828147888184,0.8955509662628174,0.7236948013305664,0.7805681228637695,1.0313599109649658,0.6921098232269287,1.108713150024414,0.7951240539550781,0.729252815246582,0.8514068126678467,0.7132768630981445,0.8140490055084229,1.4004788398742676,0.8102471828460693,0.7748339176177979,0.6929078102111816,0.8768880367279053,1.0765058994293213,1.0783989429473877,1.1876630783081055,1.3911418914794922,0.938042163848877,1.0353889465332031,0.5799357891082764,0.6440649032592773,0.3811678886413574,1.17087984085083,0.7108640670776367,0.5162019729614258,0.6397459506988525,0.6091783046722412,0.9216530323028564,1.0840201377868652,0.9456610679626465,1.0700509548187256,1.414093017578125,0.5652141571044922,0.9539122581481934,0.8026907444000244,1.0961310863494873,1.1028368473052979,0.9395778179168701,0.6198520660400391,0.8960840702056885,0.5392167568206787,0.4791560173034668,0.7996528148651123,1.0282928943634033,0.9644999504089355,0.3637690544128418,0.5276761054992676,0.9653418064117432,0.6651430130004883,1.0741219520568848,0.9522359371185303,0.4585847854614258,0.8218450546264648,1.2602458000183105,0.8766529560089111,1.5440289974212646
0.1	GG2	0.9011080265045166,0.8497810363769531,0.7483727931976318,0.5098421573638916,0.8839161396026611,0.5935406684875488,1.088210105895996,0.9041321277618408,0.5370941162109375,0.8574161529541016,1.0557739734649658,1.2167818546295166,0.628699779510498,0.47551417350769043,0.737799882888794,0.6674151420593262,0.6486411094665527,0.7897639274597168,0.6572971343994141,0.6388471126556396,1.265289068222046,1.2368810176849365,1.31504487991333,0.3825528621673584,0.6648728847503662,0.4481639862060547,0.8994879722595215,0.3820490837097168,0.9135701656341553,0.9941248893737793,0.928318977355957,0.8677170276641846,0.6484568119049072,0.7994239330291748,1.0690898895263672,0.9246711730957031,1.000377893447876,0.5106830596923828,1.0542640686035156,0.4645969867706299,0.9621541500091553,0.9345159530639648,1.0623738765716553,1.071225881576538,0.7206728458404541,0.4776878356933594,0.9844648838043213,0.8203842639923096,0.9913980960845947,0.5214197635650635,0.7887589931488037,0.4956350326538086,0.9684839248657227,0.6328668594360352,0.5953700542449951,0.813795804977417,0.9282293319702148,0.35277295112609863,0.6254122257232666,0.39655280113220215,0.6643898487091064,1.1178739070892334,0.3974940776824951,1.0025231838226318,0.5812981128692627,0.8275117874145508,0.37131190299987793,0.4182109832763672,0.3983170986175537,1.37235689163208,1.0054638385772705,0.6806838512420654,0.7054719924926758,0.7646019458770752,0.6424322128295898,0.4503748416900635,0.7797167301177979,0.4647490978240967,0.891528844833374,0.8502540588378906,0.7874748706817627,0.9390649795532227,0.8054118156433105,1.5122458934783936,0.6947860717773438,0.690385103225708,0.792212963104248,1.311532735824585,0.8388981819152832,1.1688008308410645,0.6706008911132812,1.2243998050689697,0.8348217010498047,1.259246826171875,0.9121971130371094,0.9294250011444092,0.7960278987884521,0.39490294456481934,0.3569481372833252,0.9667580127716064,0.8310320377349854,1.1959600448608398,0.822598934173584,1.1829371452331543,0.8802392482757568,0.5235741138458252,1.0464441776275635,1.236419916152954,0.42589902877807617,0.9066281318664551,0.837482213973999,0.37577390670776367,0.9217021465301514,1.411837100982666,0.7912561893463135,0.8553452491760254,0.6475353240966797,0.3675529956817627,0.6637470722198486,0.8514869213104248,0.9545698165893555,0.9473590850830078,0.43595170974731445,1.0932369232177734,1.319153070449829,1.0084779262542725,0.5983960628509521,0.8419759273529053,1.0248827934265137,1.526474952697754,0.6302189826965332,0.8228790760040283,0.6463203430175781,0.6240150928497314,0.30670714378356934,1.4568870067596436,0.7837429046630859,0.628122091293335,0.561547040939331,0.9061751365661621,0.33949828147888184,0.8955509662628174,0.7236948013305664,0.7805681228637695,1.0313599109649658,0.6921098232269287,1.108713150024414,0.7951240539550781,0.729252815246582,0.8514068126678467,0.7132768630981445,0.8140490055084229,1.4004788398742676,0.8102471828460693,0.7748339176177979,0.6929078102111816,0.8768880367279053,1.0765058994293213,1.0783989429473877,1.1876630783081055,1.3911418914794922,0.938042163848877,1.0353889465332031,0.5799357891082764,0.6440649032592773,0.3811678886413574,1.17087984085083,0.7108640670776367,0.5162019729614258,0.6397459506988525,0.6091783046722412,0.9216530323028564,1.0840201377868652,0.9456610679626465,1.0700509548187256,1.414093017578125,0.5652141571044922,0.9539122581481934,0.8026907444000244,1.0961310863494873,1.1028368473052979,0.9395778179168701,0.6198520660400391,0.8960840702056885,0.5392167568206787,0.4791560173034668,0.7996528148651123,1.0282928943634033,0.9644999504089355,0.3637690544128418,0.5276761054992676,0.9653418064117432,0.6651430130004883,1.0741219520568848,0.9522359371185303,0.4585847854614258,0.8218450546264648,1.2602458000183105,0.8766529560089111,1.5440289974212646
0.11	GEE	0.03099799156188965,0.03119683265686035,0.030869007110595703,0.03134489059448242,0.03063201904296875,0.029565811157226562,0.0294339656829834,0.029712915420532227,0.0291440486907959,0.02883315086364746,0.02968597412109375,0.030995845794677734,0.033113956451416016,0.029161930084228516,0.028775930404663086,0.029293060302734375,0.02924966812133789,0.02903604507446289,0.028892993927001953,0.028892993927001953,0.029898881912231445,0.029176950454711914,0.02906489372253418,0.03096604347229004,0.029001951217651367,0.028780698776245117,0.048477888107299805,0.028700828552246094,0.02893996238708496,0.02875804901123047,0.03015613555908203,0.031760215759277344,0.033010005950927734,0.028905868530273438,0.028779029846191406,0.029180288314819336,0.0288393497467041,0.03621792793273926,0.02850508689880371,0.02976703643798828,0.029475927352905273,0.029905080795288086,0.040487051010131836,0.03244423866271973,0.03181886672973633,0.03304696083068848,0.03653693199157715,0.030629873275756836,0.028786182403564453,0.029014110565185547,0.029895782470703125,0.029040098190307617,0.03093886375427246,0.029954195022583008,0.029259204864501953,0.029544830322265625,0.029211997985839844,0.028990983963012695,0.028978824615478516,0.029204845428466797,0.03026103973388672,0.03056621551513672,0.028692960739135742,0.03035902976989746,0.02874612808227539,0.028606891632080078,0.028900146484375,0.02845287322998047,0.028846025466918945,0.02974724769592285,0.028548240661621094,0.028620004653930664,0.028764963150024414,0.029150009155273438,0.029852867126464844,0.028515100479125977,0.028784990310668945,0.028604984283447266,0.028737783432006836,0.02898573875427246,0.030362844467163086,0.0290219783782959,0.028699159622192383,0.02887725830078125,0.028691768646240234,0.029680967330932617,0.028776168823242188,0.02980184555053711,0.030761003494262695,0.03285098075866699,0.03193378448486328,0.03050994873046875,0.03185582160949707,0.030632972717285156,0.031230926513671875,0.029288768768310547,0.028684139251708984,0.028732776641845703,0.029779911041259766,0.02900218963623047,0.029657840728759766,0.028532981872558594,0.04192996025085449,0.02863311767578125,0.02871394157409668,0.029675006866455078,0.028722047805786133,0.028972148895263672,0.029917001724243164,0.028944015502929688,0.02915215492248535,0.028882980346679688,0.0300140380859375,0.02888774871826172,0.028699874877929688,0.02760601043701172,0.02861499786376953,0.038123130798339844,0.02884197235107422,0.028433799743652344,0.033075809478759766,0.028888702392578125,0.028836727142333984,0.028759002685546875,0.0492250919342041,0.028680801391601562,0.02929091453552246,0.028757095336914062,0.030241012573242188,0.028898954391479492,0.029034852981567383,0.029487133026123047,0.03349900245666504,0.031813859939575195,0.030980825424194336,0.032876014709472656,0.03292703628540039,0.031674861907958984,0.033212900161743164,0.03243207931518555,0.03062915802001953,0.029796123504638672,0.02911376953125,0.028811931610107422,0.02879476547241211,0.028861045837402344,0.031008005142211914,0.030138015747070312,0.030099153518676758,0.029469966888427734,0.029632091522216797,0.028706073760986328,0.028788089752197266,0.029059171676635742,0.02953314781188965,0.029066085815429688,0.029120206832885742,0.031778812408447266,0.030622005462646484,0.030350208282470703,0.030104875564575195,0.029918909072875977,0.029345035552978516,0.02864813804626465,0.02902698516845703,0.02905893325805664,0.030498027801513672,0.02843308448791504,0.02916407585144043,0.031948089599609375,0.02899622917175293,0.0307309627532959,0.029538869857788086,0.029028892517089844,0.0287930965423584,0.029799938201904297,0.028929948806762695,0.028863191604614258,0.0302278995513916,0.029675960540771484,0.029072999954223633,0.02978372573852539,0.03191494941711426,0.03141498565673828,0.030863046646118164,0.02927398681640625,0.03817582130432129,0.030659198760986328,0.029571056365966797,0.030279874801635742,0.029659748077392578,0.028451204299926758,0.02988886833190918,0.030503034591674805,0.030139923095703125,0.03219485282897949,0.052678823471069336,0.03035283088684082,0.06945466995239258,0.0317838191986084
0.11	GNN	0.5929887294769287,0.5152628421783447,0.6774032115936279,0.5934889316558838,0.5367288589477539,0.3777501583099365,0.5807011127471924,0.40743517875671387,0.3985459804534912,0.41185808181762695,0.4114389419555664,0.7357769012451172,0.8046450614929199,0.6718199253082275,0.48206210136413574,0.4660332202911377,0.44144296646118164,0.39287710189819336,0.5167360305786133,0.4761679172515869,0.4667849540710449,0.3766179084777832,0.5143740177154541,0.5409820079803467,0.6384298801422119,0.4816701412200928,0.489351749420166,0.44571971893310547,0.9835028648376465,0.6411998271942139,0.4728538990020752,0.8304100036621094,0.45119595527648926,0.8644659519195557,0.6736311912536621,0.4156200885772705,0.5515568256378174,0.5676453113555908,0.5034980773925781,0.4020841121673584,0.6300559043884277,0.669989824295044,0.7825448513031006,0.6181681156158447,0.6296491622924805,0.542604923248291,0.9678618907928467,0.5235409736633301,0.5303430557250977,0.4982781410217285,0.6773419380187988,0.42828893661499023,0.4296691417694092,0.3817479610443115,0.43956875801086426,0.5134792327880859,0.4075500965118408,0.4512350559234619,0.4432651996612549,0.39786791801452637,0.4960479736328125,0.5648202896118164,0.41607117652893066,0.5443682670593262,0.4004502296447754,0.4972960948944092,0.3720247745513916,0.4067680835723877,0.5067038536071777,0.44969892501831055,0.3766181468963623,0.4213719367980957,0.6136989593505859,0.5106313228607178,0.3698160648345947,0.39147496223449707,0.7076799869537354,0.41109704971313477,0.4223208427429199,0.5055899620056152,0.6028749942779541,0.48969125747680664,0.44938015937805176,0.413316011428833,0.4527270793914795,0.444288969039917,0.6353609561920166,0.7755491733551025,0.7203521728515625,1.567255973815918,0.46445798873901367,0.547208309173584,0.7235240936279297,0.6044459342956543,0.6842379570007324,0.3979001045227051,0.8644249439239502,0.43531203269958496,0.41281700134277344,0.5492990016937256,0.4434809684753418,0.4170839786529541,0.42720818519592285,0.514164924621582,0.5224931240081787,0.49646997451782227,0.4023878574371338,0.44542717933654785,0.5304989814758301,0.3730621337890625,0.427720308303833,0.4377410411834717,0.4320070743560791,0.4186890125274658,0.4373188018798828,0.568687915802002,0.6015408039093018,0.9352807998657227,0.5100140571594238,0.7188313007354736,0.46004605293273926,0.5748271942138672,0.49405694007873535,0.4405338764190674,0.4487478733062744,0.9826369285583496,0.7602932453155518,0.43586111068725586,0.40990185737609863,0.6631138324737549,0.6269559860229492,0.5834650993347168,1.1848509311676025,0.8640329837799072,1.1372742652893066,0.5625312328338623,0.47617411613464355,0.6727139949798584,0.6259732246398926,0.5444338321685791,0.9446709156036377,0.5590600967407227,0.40549325942993164,0.4331319332122803,1.0252759456634521,0.5274949073791504,0.48660707473754883,0.6172049045562744,0.41582298278808594,0.4977540969848633,0.47992587089538574,0.43186259269714355,0.5021622180938721,0.6486120223999023,0.42403697967529297,0.8467421531677246,0.5595450401306152,0.6391551494598389,0.746269941329956,0.9181931018829346,0.5445609092712402,0.3702530860900879,0.7057840824127197,0.446652889251709,0.43499088287353516,0.4030919075012207,0.3566770553588867,0.4620969295501709,0.4230382442474365,0.45855712890625,0.47397661209106445,0.48648905754089355,0.4645538330078125,0.41258692741394043,0.5731980800628662,0.4506669044494629,0.44359302520751953,0.5460212230682373,0.5070021152496338,0.4357120990753174,0.5039310455322266,0.5474250316619873,0.6157000064849854,0.5902070999145508,0.47085094451904297,0.5195109844207764,0.5773839950561523,0.7041208744049072,0.6981561183929443,0.671638011932373,0.42702317237854004,0.4485311508178711,0.5022509098052979,0.4901702404022217,0.7514529228210449,0.6075441837310791,0.6163170337677002,0.5494329929351807,0.4544069766998291,1.0989460945129395
0.11	GG	1.1331262588500977,1.1879889965057373,1.2440581321716309,0.6853909492492676,0.8162539005279541,0.38449692726135254,0.915142297744751,0.7410011291503906,1.1205558776855469,1.0846281051635742,1.009699821472168,0.7886121273040771,0.7655696868896484,0.41818976402282715,0.6976521015167236,0.7736639976501465,0.6591920852661133,0.4610707759857178,0.5482430458068848,0.6299600601196289,0.7615959644317627,1.0639963150024414,0.8038861751556396,0.9135971069335938,1.3311569690704346,0.4330129623413086,1.1585009098052979,0.42054080963134766,0.7988479137420654,0.8440797328948975,0.9732282161712646,0.645625114440918,0.8295180797576904,0.6141788959503174,0.5235121250152588,0.8307502269744873,0.3992118835449219,0.5802669525146484,1.0536470413208008,0.3908050060272217,1.1596429347991943,1.2731029987335205,1.0943450927734375,1.213115930557251,0.866217851638794,0.9485650062561035,1.5975983142852783,0.7496318817138672,0.7491400241851807,0.5943200588226318,0.540848970413208,0.6334419250488281,0.9079117774963379,0.7213540077209473,1.3324060440063477,0.8446061611175537,0.8164169788360596,0.3801760673522949,0.7598719596862793,0.34130215644836426,0.7647078037261963,0.5730130672454834,1.0846960544586182,0.8613619804382324,0.509376049041748,0.8159458637237549,0.36699700355529785,0.5025382041931152,0.3841819763183594,1.0429372787475586,0.40621089935302734,0.7944788932800293,0.4687337875366211,0.7868049144744873,0.9240601062774658,0.4834470748901367,0.8379201889038086,0.4813108444213867,0.827923059463501,0.7440218925476074,0.7157177925109863,1.2614209651947021,0.913402795791626,1.1666369438171387,0.7071130275726318,0.5521941184997559,0.6544468402862549,0.5962779521942139,1.2461140155792236,0.8859262466430664,0.8447139263153076,0.4778130054473877,0.964818000793457,0.47107410430908203,1.0792617797851562,0.8067061901092529,0.8100128173828125,0.96138596534729,0.3535499572753906,0.3688356876373291,0.8663499355316162,0.8355720043182373,0.7292571067810059,0.3852882385253906,1.055351972579956,0.5746359825134277,0.49390697479248047,0.6540679931640625,0.5118288993835449,0.9534120559692383,0.9601778984069824,0.980828046798706,0.8148839473724365,0.6777758598327637,0.6841089725494385,0.9197139739990234,0.5677640438079834,0.39176392555236816,0.5876901149749756,1.4662158489227295,0.5928938388824463,0.9174089431762695,0.39075613021850586,1.1424329280853271,0.995269775390625,0.44982123374938965,0.703528881072998,0.790186882019043,0.8159160614013672,1.2679920196533203,0.5765671730041504,1.8098111152648926,1.0207738876342773,0.7044870853424072,0.6231770515441895,1.5045177936553955,0.9476208686828613,0.7293407917022705,0.5509910583496094,0.7008981704711914,0.42494797706604004,0.9682362079620361,0.9928371906280518,0.6907761096954346,0.8923709392547607,1.0519280433654785,0.8479139804840088,0.8527100086212158,0.5435118675231934,1.1319611072540283,0.6090490818023682,0.8237390518188477,1.3279039859771729,0.7791690826416016,1.1595008373260498,0.849128246307373,0.7638189792633057,0.9011552333831787,1.1679422855377197,0.850499153137207,1.142759084701538,0.7783288955688477,0.7621829509735107,0.45396924018859863,0.7895159721374512,0.3930630683898926,0.38483309745788574,0.621272087097168,0.5451457500457764,0.6574671268463135,0.5812108516693115,1.8262567520141602,1.048666000366211,0.9337301254272461,0.7887699604034424,0.45429372787475586,0.5897760391235352,0.8101072311401367,0.8622288703918457,0.3910818099975586,1.099334716796875,1.2197990417480469,0.6717209815979004,1.0056769847869873,0.5962240695953369,0.4798150062561035,0.939802885055542,0.675246000289917,1.0033791065216064,0.36229491233825684,0.49993133544921875,0.7578396797180176,0.9043269157409668,1.1456210613250732,1.5139257907867432,0.43446898460388184,0.953815221786499,1.0838449001312256,1.077962875366211,0.8812987804412842
0.11	GG2	1.1331262588500977,1.1879889965057373,1.2440581321716309,0.6853909492492676,0.8162539005279541,0.38449692726135254,0.915142297744751,0.7410011291503906,1.1205558776855469,1.0846281051635742,1.009699821472168,0.7886121273040771,0.7655696868896484,0.41818976402282715,0.6976521015167236,0.7736639976501465,0.6591920852661133,0.4610707759857178,0.5482430458068848,0.6299600601196289,0.7615959644317627,1.0639963150024414,0.8038861751556396,0.9135971069335938,1.3311569690704346,0.4330129623413086,1.1585009098052979,0.42054080963134766,0.7988479137420654,0.8440797328948975,0.9732282161712646,0.645625114440918,0.8295180797576904,0.6141788959503174,0.5235121250152588,0.8307502269744873,0.3992118835449219,0.5802669525146484,1.0536470413208008,0.3908050060272217,1.1596429347991943,1.2731029987335205,1.0943450927734375,1.213115930557251,0.866217851638794,0.9485650062561035,1.5975983142852783,0.7496318817138672,0.7491400241851807,0.5943200588226318,0.540848970413208,0.6334419250488281,0.9079117774963379,0.7213540077209473,1.3324060440063477,0.8446061611175537,0.8164169788360596,0.3801760673522949,0.7598719596862793,0.34130215644836426,0.7647078037261963,0.5730130672454834,1.0846960544586182,0.8613619804382324,0.509376049041748,0.8159458637237549,0.36699700355529785,0.5025382041931152,0.3841819763183594,1.0429372787475586,0.40621089935302734,0.7944788932800293,0.4687337875366211,0.7868049144744873,0.9240601062774658,0.4834470748901367,0.8379201889038086,0.4813108444213867,0.827923059463501,0.7440218925476074,0.7157177925109863,1.2614209651947021,0.913402795791626,1.1666369438171387,0.7071130275726318,0.5521941184997559,0.6544468402862549,0.5962779521942139,1.2461140155792236,0.8859262466430664,0.8447139263153076,0.4778130054473877,0.964818000793457,0.47107410430908203,1.0792617797851562,0.8067061901092529,0.8100128173828125,0.96138596534729,0.3535499572753906,0.3688356876373291,0.8663499355316162,0.8355720043182373,0.7292571067810059,0.3852882385253906,1.055351972579956,0.5746359825134277,0.49390697479248047,0.6540679931640625,0.5118288993835449,0.9534120559692383,0.9601778984069824,0.980828046798706,0.8148839473724365,0.6777758598327637,0.6841089725494385,0.9197139739990234,0.5677640438079834,0.39176392555236816,0.5876901149749756,1.4662158489227295,0.5928938388824463,0.9174089431762695,0.39075613021850586,1.1424329280853271,0.995269775390625,0.44982123374938965,0.703528881072998,0.790186882019043,0.8159160614013672,1.2679920196533203,0.5765671730041504,1.8098111152648926,1.0207738876342773,0.7044870853424072,0.6231770515441895,1.5045177936553955,0.9476208686828613,0.7293407917022705,0.5509910583496094,0.7008981704711914,0.42494797706604004,0.9682362079620361,0.9928371906280518,0.6907761096954346,0.8923709392547607,1.0519280433654785,0.8479139804840088,0.8527100086212158,0.5435118675231934,1.1319611072540283,0.6090490818023682,0.8237390518188477,1.3279039859771729,0.7791690826416016,1.1595008373260498,0.849128246307373,0.7638189792633057,0.9011552333831787,1.1679422855377197,0.850499153137207,1.142759084701538,0.7783288955688477,0.7621829509735107,0.45396924018859863,0.7895159721374512,0.3930630683898926,0.38483309745788574,0.621272087097168,0.5451457500457764,0.6574671268463135,0.5812108516693115,1.8262567520141602,1.048666000366211,0.9337301254272461,0.7887699604034424,0.45429372787475586,0.5897760391235352,0.8101072311401367,0.8622288703918457,0.3910818099975586,1.099334716796875,1.2197990417480469,0.6717209815979004,1.0056769847869873,0.5962240695953369,0.4798150062561035,0.939802885055542,0.675246000289917,1.0033791065216064,0.36229491233825684,0.49993133544921875,0.7578396797180176,0.9043269157409668,1.1456210613250732,1.5139257907867432,0.43446898460388184,0.953815221786499,1.0838449001312256,1.077962875366211,0.8812987804412842
0.12	GEE	0.03236508369445801,0.0743868350982666,0.039047956466674805,0.03524613380432129,0.034945011138916016,0.03801703453063965,0.03558516502380371,0.03436589241027832,0.040637969970703125,0.03573322296142578,0.03950619697570801,0.03985095024108887,0.0376582145690918,0.038398027420043945,0.03742098808288574,0.034494876861572266,0.03461575508117676,0.03345203399658203,0.0326848030090332,0.03396916389465332,0.03357291221618652,0.03276705741882324,0.03249216079711914,0.03286910057067871,0.03393101692199707,0.03296399116516113,0.034812211990356445,0.032640933990478516,0.03208208084106445,0.032270193099975586,0.032523155212402344,0.03425478935241699,0.03253912925720215,0.03309297561645508,0.032013893127441406,0.033960819244384766,0.032753944396972656,0.03497028350830078,0.032033681869506836,0.032299041748046875,0.03219199180603027,0.03309202194213867,0.032296180725097656,0.031388044357299805,0.03162121772766113,0.03153085708618164,0.03265786170959473,0.03296613693237305,0.030971765518188477,0.03155088424682617,0.03229975700378418,0.03220200538635254,0.06470990180969238,0.03140401840209961,0.03042888641357422,0.030910968780517578,0.030759811401367188,0.03241610527038574,0.031239032745361328,0.0307767391204834,0.03084111213684082,0.03240823745727539,0.030546188354492188,0.030623197555541992,0.03091287612915039,0.03290390968322754,0.030838966369628906,0.030537843704223633,0.03093123435974121,0.03093695640563965,0.03184080123901367,0.03105902671813965,0.031090736389160156,0.030529022216796875,0.030695199966430664,0.031332969665527344,0.032640933990478516,0.032608985900878906,0.030871868133544922,0.03228402137756348,0.030369043350219727,0.03121781349182129,0.04473590850830078,0.03381705284118652,0.031932830810546875,0.03375983238220215,0.031232118606567383,0.03301215171813965,0.03256106376647949,0.03139209747314453,0.04065203666687012,0.03994274139404297,0.049278974533081055,0.03605198860168457,0.03748893737792969,0.03662896156311035,0.03518414497375488,0.0384061336517334,0.03575897216796875,0.034526824951171875,0.0353238582611084,0.03535008430480957,0.040984153747558594,0.03973031044006348,0.034937143325805664,0.0326848030090332,0.03218889236450195,0.0357208251953125,0.033499956130981445,0.03397822380065918,0.034011125564575195,0.03825712203979492,0.03364896774291992,0.03359365463256836,0.03574514389038086,0.03662991523742676,0.03701186180114746,0.03220081329345703,0.034162044525146484,0.03472781181335449,0.034886837005615234,0.03486990928649902,0.03488779067993164,0.032881975173950195,0.03703498840332031,0.035156965255737305,0.034889936447143555,0.046991825103759766,0.032694101333618164,0.03508400917053223,0.04767012596130371,0.037954092025756836,0.03291201591491699,0.042970895767211914,0.032431840896606445,0.03265094757080078,0.03450894355773926,0.03657793998718262,0.0378870964050293,0.03519105911254883,0.04087400436401367,0.03993082046508789,0.034440040588378906,0.03996729850769043,0.046964168548583984,0.03502011299133301,0.037999868392944336,0.034863948822021484,0.03571796417236328,0.037687063217163086,0.0364530086517334,0.03971219062805176,0.0367279052734375,0.03793692588806152,0.03444409370422363,0.037207603454589844,0.03370404243469238,0.033091068267822266,0.034635066986083984,0.04397892951965332,0.03750491142272949,0.04042768478393555,0.04000210762023926,0.03545999526977539,0.03740692138671875,0.03276705741882324,0.032936811447143555,0.03449606895446777,0.031968116760253906,0.03308892250061035,0.033506155014038086,0.03232097625732422,0.03246617317199707,0.03222203254699707,0.03293895721435547,0.0322880744934082,0.03201103210449219,0.032746076583862305,0.03267312049865723,0.032171010971069336,0.032450199127197266,0.03765988349914551,0.03251290321350098,0.03238201141357422,0.03213214874267578,0.03376507759094238,0.0324549674987793,0.03327202796936035,0.032495975494384766,0.03359627723693848,0.033576011657714844,0.03256583213806152,0.03324174880981445,0.032444000244140625,0.038564205169677734,0.03035712242126465,0.03179192543029785,0.031723976135253906,0.0326080322265625,0.032243967056274414
0.12	GNN	0.6972529888153076,0.7272441387176514,1.0919950008392334,0.9042108058929443,0.6538290977478027,0.9242031574249268,1.0950219631195068,0.6785948276519775,0.7597208023071289,1.1484928131103516,0.876518964767456,1.0504751205444336,0.5970606803894043,0.8521378040313721,0.8746840953826904,0.46649599075317383,0.7466428279876709,0.46631908416748047,0.5787608623504639,0.5958859920501709,0.4116990566253662,0.5466630458831787,0.5537240505218506,0.5349130630493164,0.5773930549621582,0.6585128307342529,1.3304812908172607,0.48180508613586426,0.5587360858917236,0.5760691165924072,0.4286158084869385,0.5659759044647217,0.44893884658813477,0.7407810688018799,0.6352534294128418,0.5778021812438965,0.4374809265136719,0.7625417709350586,0.478985071182251,0.5151107311248779,0.49914097785949707,0.6160590648651123,0.45629119873046875,0.6640610694885254,0.5488388538360596,0.7798910140991211,0.5046372413635254,0.5375807285308838,0.5172858238220215,0.6090409755706787,0.4160301685333252,0.6913461685180664,0.4182300567626953,0.4426229000091553,0.393338680267334,0.48381495475769043,0.41319704055786133,0.6851828098297119,0.40148496627807617,0.5488631725311279,0.45922088623046875,0.4029979705810547,0.41452693939208984,0.5114502906799316,0.4542500972747803,0.4201700687408447,0.6807539463043213,0.4689042568206787,0.46550416946411133,0.5354728698730469,0.6193811893463135,0.4452030658721924,0.4909377098083496,0.4705018997192383,0.4638540744781494,0.5065982341766357,0.7847940921783447,0.45786118507385254,0.46042799949645996,0.5587680339813232,0.7721059322357178,0.7501602172851562,0.7400839328765869,0.42737817764282227,0.5220730304718018,0.563694953918457,0.5418980121612549,1.2434508800506592,0.737907886505127,0.5870089530944824,0.5888156890869141,1.1657860279083252,0.5448079109191895,0.5490820407867432,0.6971428394317627,0.6458559036254883,0.6313958168029785,0.6790621280670166,0.5726079940795898,0.5671389102935791,0.7690131664276123,1.0153400897979736,0.6817331314086914,0.8283348083496094,0.8655548095703125,0.8071351051330566,0.8129839897155762,0.7860043048858643,0.5951759815216064,0.47782206535339355,0.7442867755889893,1.10561203956604,0.571793794631958,0.6416242122650146,0.5048398971557617,1.27378511428833,0.6884229183197021,0.7193269729614258,0.635385274887085,1.015636920928955,0.566842794418335,0.9496781826019287,0.6919338703155518,0.6733999252319336,0.5277371406555176,0.7454738616943359,0.6762621402740479,0.6438629627227783,0.6982021331787109,0.6588883399963379,0.6276161670684814,0.8250818252563477,0.6173112392425537,0.5820667743682861,0.8264141082763672,0.88336181640625,0.5343468189239502,1.5244760513305664,0.6668679714202881,0.7493901252746582,0.6169250011444092,0.7564077377319336,0.7486672401428223,1.0351157188415527,1.2918100357055664,1.0895421504974365,0.7191927433013916,1.326669692993164,0.7249882221221924,0.769683837890625,0.7047238349914551,0.7273092269897461,1.0038809776306152,0.7868399620056152,0.5564529895782471,0.389556884765625,0.4338529109954834,0.705988883972168,0.5963828563690186,1.2998671531677246,0.6488051414489746,0.8348751068115234,1.2231409549713135,0.6513640880584717,1.163196086883545,0.6018519401550293,0.48323702812194824,0.590101957321167,0.5278370380401611,0.5583388805389404,0.4587109088897705,0.43073201179504395,0.5488879680633545,0.47639894485473633,0.500532865524292,0.5907347202301025,0.4626631736755371,0.4522740840911865,0.44237709045410156,0.4496490955352783,0.46743011474609375,0.6034097671508789,0.7509291172027588,0.4402120113372803,0.4862349033355713,0.560075044631958,0.448624849319458,0.4424929618835449,0.5272819995880127,0.5141830444335938,0.4354379177093506,0.37653684616088867,0.673922061920166,0.5225441455841064,0.46187782287597656,0.44870781898498535,0.6547048091888428,0.45016002655029297,0.5320718288421631,0.7758429050445557
0.12	GG	1.240015983581543,1.5089271068572998,1.0016729831695557,0.863502025604248,1.3621981143951416,0.6431789398193359,1.4863359928131104,1.5106251239776611,0.9696979522705078,2.433577060699463,1.7374918460845947,2.3361010551452637,0.820267915725708,0.7179441452026367,0.9710478782653809,0.9962759017944336,0.8312547206878662,0.7027230262756348,0.7055850028991699,0.9243252277374268,1.0904672145843506,0.9335412979125977,1.0339851379394531,0.5254461765289307,1.007929801940918,0.4947950839996338,1.0887949466705322,0.41205883026123047,0.933398962020874,0.9081830978393555,0.9339871406555176,1.018578290939331,1.089338779449463,1.2039110660552979,0.9567539691925049,0.43230581283569336,0.38697218894958496,0.6013619899749756,1.4668829441070557,0.5403568744659424,1.5372791290283203,1.0656828880310059,0.9656219482421875,0.9312129020690918,0.741950273513794,0.5801599025726318,1.6802222728729248,0.3693361282348633,0.8968560695648193,0.500298023223877,0.6194078922271729,0.5740368366241455,0.940742015838623,0.9525103569030762,1.2360153198242188,0.6628081798553467,0.6870489120483398,0.37030601501464844,0.6525840759277344,0.3127448558807373,0.47522878646850586,0.6155788898468018,0.612335205078125,1.09041428565979,0.7519099712371826,0.3498241901397705,0.3827810287475586,0.4803767204284668,0.35805702209472656,1.1102869510650635,1.0283410549163818,1.1273791790008545,0.46532297134399414,0.4294421672821045,0.775338888168335,0.7317807674407959,0.7679460048675537,0.5274519920349121,0.8831369876861572,0.7248151302337646,0.6438720226287842,1.770266056060791,0.9704840183258057,0.5217888355255127,0.8259778022766113,0.7304708957672119,0.9477579593658447,1.1403720378875732,0.9674420356750488,0.8405518531799316,1.3666131496429443,0.5247161388397217,1.3423840999603271,0.5453689098358154,1.6791932582855225,0.5556528568267822,0.5444672107696533,0.5534842014312744,0.4919590950012207,0.646385908126831,1.7125778198242188,1.1244328022003174,1.6725249290466309,0.6213791370391846,1.1532139778137207,1.3824248313903809,0.7642371654510498,0.7340669631958008,0.7787947654724121,1.2789108753204346,1.0768940448760986,0.4766421318054199,0.698538064956665,1.9884228706359863,1.1668269634246826,1.3613760471343994,0.7204070091247559,0.511688232421875,0.8861041069030762,1.5715253353118896,1.0403330326080322,1.0583829879760742,0.5620520114898682,0.5330970287322998,0.5503098964691162,0.8945920467376709,0.7670900821685791,0.8723108768463135,0.870488166809082,0.48832201957702637,1.2335591316223145,1.287264108657837,0.9242489337921143,1.1292169094085693,0.5018820762634277,1.4027271270751953,1.1148998737335205,0.8525969982147217,0.9157891273498535,1.0179119110107422,0.6710278987884521,0.6932060718536377,1.1760036945343018,1.3729658126831055,1.140604019165039,0.9016702175140381,1.0586578845977783,1.111069917678833,0.9253182411193848,1.7633659839630127,0.9273731708526611,1.168215036392212,0.7804789543151855,0.43645572662353516,1.0284249782562256,1.0292778015136719,1.010962963104248,0.635814905166626,0.7735300064086914,0.8617100715637207,1.628129005432129,1.3638966083526611,1.1016221046447754,1.0094029903411865,0.7936422824859619,0.4999251365661621,0.5425350666046143,0.8158540725708008,0.7119569778442383,0.6589431762695312,0.7258291244506836,1.088076114654541,0.923076868057251,0.9602670669555664,0.6023111343383789,0.531486988067627,0.5851290225982666,1.1124851703643799,0.9578869342803955,0.39101386070251465,1.2252333164215088,1.1521227359771729,0.6779892444610596,1.0638089179992676,0.6645607948303223,0.39667606353759766,0.8924269676208496,0.7291402816772461,0.7199492454528809,0.3521699905395508,0.524277925491333,1.0175988674163818,0.7372560501098633,1.0602302551269531,0.6488158702850342,1.0312211513519287,1.5993778705596924,0.39283299446105957,0.9686641693115234,0.9168462753295898
0.12	GG2	1.240015983581543,1.5089271068572998,1.0016729831695557,0.863502025604248,1.3621981143951416,0.6431789398193359,1.4863359928131104,1.5106251239776611,0.9696979522705078,2.433577060699463,1.7374918460845947,2.3361010551452637,0.820267915725708,0.7179441452026367,0.9710478782653809,0.9962759017944336,0.8312547206878662,0.7027230262756348,0.7055850028991699,0.9243252277374268,1.0904672145843506,0.9335412979125977,1.0339851379394531,0.5254461765289307,1.007929801940918,0.4947950839996338,1.0887949466705322,0.41205883026123047,0.933398962020874,0.9081830978393555,0.9339871406555176,1.018578290939331,1.089338779449463,1.2039110660552979,0.9567539691925049,0.43230581283569336,0.38697218894958496,0.6013619899749756,1.4668829441070557,0.5403568744659424,1.5372791290283203,1.0656828880310059,0.9656219482421875,0.9312129020690918,0.741950273513794,0.5801599025726318,1.6802222728729248,0.3693361282348633,0.8968560695648193,0.500298023223877,0.6194078922271729,0.5740368366241455,0.940742015838623,0.9525103569030762,1.2360153198242188,0.6628081798553467,0.6870489120483398,0.37030601501464844,0.6525840759277344,0.3127448558807373,0.47522878646850586,0.6155788898468018,0.612335205078125,1.09041428565979,0.7519099712371826,0.3498241901397705,0.3827810287475586,0.4803767204284668,0.35805702209472656,1.1102869510650635,1.0283410549163818,1.1273791790008545,0.46532297134399414,0.4294421672821045,0.775338888168335,0.7317807674407959,0.7679460048675537,0.5274519920349121,0.8831369876861572,0.7248151302337646,0.6438720226287842,1.770266056060791,0.9704840183258057,0.5217888355255127,0.8259778022766113,0.7304708957672119,0.9477579593658447,1.1403720378875732,0.9674420356750488,0.8405518531799316,1.3666131496429443,0.5247161388397217,1.3423840999603271,0.5453689098358154,1.6791932582855225,0.5556528568267822,0.5444672107696533,0.5534842014312744,0.4919590950012207,0.646385908126831,1.7125778198242188,1.1244328022003174,1.6725249290466309,0.6213791370391846,1.1532139778137207,1.3824248313903809,0.7642371654510498,0.7340669631958008,0.7787947654724121,1.2789108753204346,1.0768940448760986,0.4766421318054199,0.698538064956665,1.9884228706359863,1.1668269634246826,1.3613760471343994,0.7204070091247559,0.511688232421875,0.8861041069030762,1.5715253353118896,1.0403330326080322,1.0583829879760742,0.5620520114898682,0.5330970287322998,0.5503098964691162,0.8945920467376709,0.7670900821685791,0.8723108768463135,0.870488166809082,0.48832201957702637,1.2335591316223145,1.287264108657837,0.9242489337921143,1.1292169094085693,0.5018820762634277,1.4027271270751953,1.1148998737335205,0.8525969982147217,0.9157891273498535,1.0179119110107422,0.6710278987884521,0.6932060718536377,1.1760036945343018,1.3729658126831055,1.140604019165039,0.9016702175140381,1.0586578845977783,1.111069917678833,0.9253182411193848,1.7633659839630127,0.9273731708526611,1.168215036392212,0.7804789543151855,0.43645572662353516,1.0284249782562256,1.0292778015136719,1.010962963104248,0.635814905166626,0.7735300064086914,0.8617100715637207,1.628129005432129,1.3638966083526611,1.1016221046447754,1.0094029903411865,0.7936422824859619,0.4999251365661621,0.5425350666046143,0.8158540725708008,0.7119569778442383,0.6589431762695312,0.7258291244506836,1.088076114654541,0.923076868057251,0.9602670669555664,0.6023111343383789,0.531486988067627,0.5851290225982666,1.1124851703643799,0.9578869342803955,0.39101386070251465,1.2252333164215088,1.1521227359771729,0.6779892444610596,1.0638089179992676,0.6645607948303223,0.39667606353759766,0.8924269676208496,0.7291402816772461,0.7199492454528809,0.3521699905395508,0.524277925491333,1.0175988674163818,0.7372560501098633,1.0602302551269531,0.6488158702850342,1.0312211513519287,1.5993778705596924,0.39283299446105957,0.9686641693115234,0.9168462753295898
0.13	GEE	0.050187110900878906,0.03596806526184082,0.036154985427856445,0.03794598579406738,0.036604881286621094,0.04180598258972168,0.047402143478393555,0.0360870361328125,0.037428855895996094,0.033686161041259766,0.03348207473754883,0.03366208076477051,0.03364109992980957,0.03387308120727539,0.03324699401855469,0.03413081169128418,0.033265113830566406,0.034136056900024414,0.03383779525756836,0.03357195854187012,0.03220415115356445,0.033921003341674805,0.03409981727600098,0.033670902252197266,0.03313398361206055,0.032250165939331055,0.05168724060058594,0.03387284278869629,0.03302407264709473,0.03257298469543457,0.032922983169555664,0.0523989200592041,0.03443622589111328,0.03575611114501953,0.0338592529296875,0.03496694564819336,0.033683061599731445,0.03304290771484375,0.03388810157775879,0.03428196907043457,0.03345513343811035,0.03236675262451172,0.032150983810424805,0.034406185150146484,0.0320439338684082,0.03341412544250488,0.03458905220031738,0.034647226333618164,0.03383898735046387,0.03336811065673828,0.03326606750488281,0.03276324272155762,0.03294634819030762,0.032488346099853516,0.03192615509033203,0.03200101852416992,0.03204488754272461,0.03241896629333496,0.032466888427734375,0.03175020217895508,0.03371906280517578,0.03422999382019043,0.03194093704223633,0.031720876693725586,0.03277325630187988,0.03216290473937988,0.032054901123046875,0.03231167793273926,0.03194403648376465,0.03178596496582031,0.03193807601928711,0.03243112564086914,0.031992197036743164,0.031925201416015625,0.03185391426086426,0.03234410285949707,0.032399892807006836,0.0321347713470459,0.03208804130554199,0.03294205665588379,0.03418588638305664,0.037190914154052734,0.033020973205566406,0.0331270694732666,0.03374505043029785,0.03517627716064453,0.0762939453125,0.03602409362792969,0.03496408462524414,0.043238162994384766,0.03728485107421875,0.03753304481506348,0.03423285484313965,0.035295963287353516,0.03796982765197754,0.03342700004577637,0.03390312194824219,0.03394293785095215,0.03223586082458496,0.032937049865722656,0.0321500301361084,0.034101009368896484,0.03393101692199707,0.032099008560180664,0.03351283073425293,0.0505678653717041,0.033592939376831055,0.03591108322143555,0.034052133560180664,0.03391218185424805,0.03540778160095215,0.033885955810546875,0.03569316864013672,0.033837080001831055,0.034304141998291016,0.033590078353881836,0.034764766693115234,0.0334320068359375,0.03607177734375,0.03573918342590332,0.03334999084472656,0.03379201889038086,0.0335850715637207,0.03442096710205078,0.033544063568115234,0.034234046936035156,0.03447413444519043,0.03492999076843262,0.0344240665435791,0.03557014465332031,0.03439497947692871,0.03397035598754883,0.03534102439880371,0.036126136779785156,0.03394603729248047,0.033493995666503906,0.033804893493652344,0.03295469284057617,0.03238511085510254,0.032756805419921875,0.03294491767883301,0.03351879119873047,0.03430294990539551,0.032243967056274414,0.03225398063659668,0.033857107162475586,0.03209185600280762,0.03229212760925293,0.03369712829589844,0.03365302085876465,0.033762216567993164,0.03288602828979492,0.032074928283691406,0.03332710266113281,0.0340728759765625,0.0358889102935791,0.03603100776672363,0.03312087059020996,0.0343317985534668,0.03387594223022461,0.03348112106323242,0.03442096710205078,0.03673505783081055,0.033827781677246094,0.03476095199584961,0.03411293029785156,0.033946990966796875,0.034471988677978516,0.03249621391296387,0.03428196907043457,0.0342710018157959,0.03467702865600586,0.031951904296875,0.033492326736450195,0.03491616249084473,0.0338139533996582,0.03332972526550293,0.033759117126464844,0.03607583045959473,0.035841941833496094,0.037899017333984375,0.03305792808532715,0.033679962158203125,0.037403106689453125,0.03540301322937012,0.033761024475097656,0.03381085395812988,0.03375101089477539,0.03183603286743164,0.0401148796081543,0.03568911552429199,0.03646707534790039,0.034027099609375,0.03417396545410156,0.03297591209411621,0.03397703170776367,0.03404879570007324,0.036355018615722656,0.03596901893615723,0.0339350700378418
0.13	GNN	0.8450899124145508,0.5956392288208008,0.6888811588287354,0.7068448066711426,0.6351511478424072,0.583392858505249,0.9506402015686035,0.648651123046875,0.6854677200317383,1.0634880065917969,0.455899715423584,0.7033071517944336,0.6536328792572021,0.4856100082397461,0.5722260475158691,0.4713571071624756,0.5754439830780029,0.5239138603210449,0.5897142887115479,0.5033609867095947,0.4981718063354492,0.5657398700714111,0.5237832069396973,0.4616379737854004,0.55743408203125,0.4924488067626953,0.7012960910797119,0.46092915534973145,0.4671030044555664,0.47846198081970215,0.4419410228729248,0.5843181610107422,0.5432567596435547,0.5620312690734863,0.7707231044769287,0.4614410400390625,0.4397578239440918,0.5886778831481934,0.488112211227417,0.9569888114929199,0.5361700057983398,0.6390109062194824,0.5053069591522217,0.40448999404907227,0.4262080192565918,0.5766479969024658,0.7791547775268555,0.6589062213897705,0.64906907081604,0.6400308609008789,0.5562272071838379,0.6161348819732666,0.6694669723510742,0.4252350330352783,0.45844006538391113,0.47901487350463867,0.43934011459350586,0.46640801429748535,0.41409921646118164,0.42319416999816895,0.44611501693725586,0.5829529762268066,0.42464375495910645,0.45519328117370605,0.5397238731384277,0.4470539093017578,0.9581372737884521,0.8373508453369141,0.4263920783996582,0.43329691886901855,1.0474929809570312,0.4401731491088867,0.46233439445495605,0.4944639205932617,0.419935941696167,0.4854562282562256,0.7139892578125,0.7595031261444092,0.9767210483551025,0.5409801006317139,0.546210765838623,0.6404280662536621,0.4666011333465576,0.572213888168335,0.5765111446380615,0.5155117511749268,0.902432918548584,0.8717501163482666,0.647381067276001,0.5679717063903809,0.6167991161346436,0.6119349002838135,0.6241066455841064,0.5324769020080566,0.6550521850585938,0.48584485054016113,0.8103759288787842,0.5768308639526367,0.6382791996002197,0.6668591499328613,0.42383503913879395,0.5288159847259521,0.4801671504974365,0.4382960796356201,0.5726237297058105,0.737011194229126,0.5005147457122803,1.1432099342346191,0.5963690280914307,0.816586971282959,0.4979069232940674,0.5923168659210205,0.6272120475769043,0.5164148807525635,0.4705851078033447,0.6613149642944336,0.5098862648010254,0.506920337677002,0.6003026962280273,0.6145470142364502,0.5050711631774902,0.6017889976501465,0.5971546173095703,0.6376979351043701,0.515679121017456,0.7168707847595215,0.6273701190948486,0.5671699047088623,0.62664794921875,0.6107430458068848,0.9428181648254395,0.5412206649780273,0.5188629627227783,0.8781487941741943,0.5693161487579346,0.8915560245513916,0.47348475456237793,0.47673892974853516,0.47165608406066895,0.434323787689209,0.4474070072174072,0.49978184700012207,0.4480628967285156,0.47167015075683594,0.5628011226654053,0.40290093421936035,0.5151138305664062,0.5991899967193604,0.48377275466918945,0.5929598808288574,0.4975564479827881,0.8153102397918701,0.8396849632263184,0.6446690559387207,0.7020800113677979,0.8195970058441162,0.6093108654022217,0.5264492034912109,0.4656379222869873,0.5141088962554932,0.5635669231414795,0.7368347644805908,0.5421469211578369,0.5813970565795898,0.4885261058807373,0.6738808155059814,0.48244524002075195,0.7490448951721191,0.5525882244110107,0.5409832000732422,0.4758899211883545,0.49274492263793945,0.7490959167480469,0.42179107666015625,0.500511884689331,0.48259687423706055,0.8215539455413818,0.6355011463165283,0.5491902828216553,0.6069459915161133,0.7231230735778809,0.4840519428253174,0.5915999412536621,0.46124696731567383,0.591522216796875,0.5095689296722412,0.4986097812652588,0.48163723945617676,0.6920099258422852,0.8139097690582275,0.710853099822998,0.551581859588623,0.5121638774871826,0.5320897102355957,0.5834958553314209,0.46507811546325684,0.4736173152923584,0.7518167495727539,0.6286659240722656,0.6230940818786621
0.13	GG	0.6042060852050781,1.3148469924926758,0.9283289909362793,0.9073631763458252,1.3317670822143555,0.6521680355072021,0.7440268993377686,1.1430959701538086,1.039499044418335,1.0426559448242188,1.0829861164093018,1.4800200462341309,0.7595257759094238,0.6605119705200195,0.890225887298584,0.44906020164489746,0.8098690509796143,0.660754919052124,0.747952938079834,0.8720197677612305,1.1568851470947266,1.0083568096160889,0.9334683418273926,0.5130398273468018,0.7403879165649414,0.3846735954284668,1.193911075592041,0.47376203536987305,0.8388988971710205,0.5716540813446045,0.701096773147583,1.1082730293273926,0.9792261123657227,0.4318430423736572,0.8320181369781494,0.42156219482421875,0.4294278621673584,0.6462938785552979,0.7239940166473389,0.5517609119415283,0.5694420337677002,0.7043282985687256,0.8102529048919678,1.2703871726989746,0.8157830238342285,0.5202410221099854,1.0737993717193604,0.4830620288848877,0.9951109886169434,0.5616099834442139,0.6647598743438721,0.6255631446838379,0.8123452663421631,0.8345441818237305,0.7812469005584717,0.4533560276031494,1.121891975402832,0.3945960998535156,0.4113631248474121,0.41411399841308594,0.7391738891601562,0.5867519378662109,0.5243949890136719,0.4711029529571533,0.78578782081604,0.40591907501220703,0.36825013160705566,0.45802903175354004,0.4038982391357422,1.299889087677002,1.0527479648590088,0.857349157333374,0.4895133972167969,0.824713945388794,0.9834768772125244,0.703376054763794,0.8113658428192139,0.5979061126708984,0.7444357872009277,1.1507997512817383,0.9792149066925049,0.8560810089111328,1.032250165939331,0.3766319751739502,0.9379889965057373,1.094892978668213,1.0886740684509277,0.5491151809692383,1.48337984085083,1.0352232456207275,1.1011970043182373,0.505479097366333,1.1858501434326172,0.5155510902404785,0.8282091617584229,0.4598829746246338,0.4228861331939697,0.4403407573699951,0.42341184616088867,0.41293787956237793,1.0009241104125977,1.1350159645080566,0.6874129772186279,0.43604302406311035,1.2828350067138672,1.0124711990356445,1.5048587322235107,0.8348970413208008,0.5171852111816406,1.2437570095062256,0.9385740756988525,0.5455176830291748,0.6699090003967285,1.156595230102539,1.0798311233520508,0.8860340118408203,0.6800761222839355,0.8418469429016113,0.5432579517364502,0.47861814498901367,1.0683209896087646,0.5566420555114746,0.46514201164245605,1.5279622077941895,0.452894926071167,0.4922633171081543,0.7389562129974365,0.857609748840332,0.8741581439971924,0.4785189628601074,0.5800371170043945,1.3056130409240723,0.8751540184020996,0.6851089000701904,0.4431321620941162,1.25571608543396,0.8479442596435547,0.7689347267150879,0.5613188743591309,0.6445598602294922,0.43851709365844727,0.4085259437561035,0.7091901302337646,0.8296749591827393,0.8294188976287842,0.6427712440490723,0.7683379650115967,0.7311031818389893,0.5539951324462891,0.9432330131530762,0.7503108978271484,0.4936561584472656,0.5500690937042236,0.8077971935272217,1.2315950393676758,1.1777851581573486,1.0352392196655273,0.662926197052002,0.8409810066223145,0.8252263069152832,1.512721300125122,1.418133020401001,1.0624010562896729,0.8405060768127441,0.8898129463195801,0.47936415672302246,0.4032909870147705,0.967897891998291,0.6653690338134766,0.9755122661590576,0.6008620262145996,0.46076488494873047,1.0172548294067383,1.0278618335723877,0.6194851398468018,0.5676617622375488,0.7236740589141846,1.2815601825714111,0.4566991329193115,1.218231201171875,1.2907707691192627,1.0706501007080078,0.681541919708252,0.768406867980957,1.5614142417907715,0.5450439453125,0.8751950263977051,0.9697718620300293,1.4077160358428955,0.450545072555542,0.8827440738677979,0.9870007038116455,0.8510668277740479,0.9627621173858643,0.43543004989624023,0.49150991439819336,1.3483531475067139,0.4879312515258789,0.9381539821624756,1.0633740425109863
0.13	GG2	0.6042060852050781,1.3148469924926758,0.9283289909362793,0.9073631763458252,1.3317670822143555,0.6521680355072021,0.7440268993377686,1.1430959701538086,1.039499044418335,1.0426559448242188,1.0829861164093018,1.4800200462341309,0.7595257759094238,0.6605119705200195,0.890225887298584,0.44906020164489746,0.8098690509796143,0.660754919052124,0.747952938079834,0.8720197677612305,1.1568851470947266,1.0083568096160889,0.9334683418273926,0.5130398273468018,0.7403879165649414,0.3846735954284668,1.193911075592041,0.47376203536987305,0.8388988971710205,0.5716540813446045,0.701096773147583,1.1082730293273926,0.9792261123657227,0.4318430423736572,0.8320181369781494,0.42156219482421875,0.4294278621673584,0.6462938785552979,0.7239940166473389,0.5517609119415283,0.5694420337677002,0.7043282985687256,0.8102529048919678,1.2703871726989746,0.8157830238342285,0.5202410221099854,1.0737993717193604,0.4830620288848877,0.9951109886169434,0.5616099834442139,0.6647598743438721,0.6255631446838379,0.8123452663421631,0.8345441818237305,0.7812469005584717,0.4533560276031494,1.121891975402832,0.3945960998535156,0.4113631248474121,0.41411399841308594,0.7391738891601562,0.5867519378662109,0.5243949890136719,0.4711029529571533,0.78578782081604,0.40591907501220703,0.36825013160705566,0.45802903175354004,0.4038982391357422,1.299889087677002,1.0527479648590088,0.857349157333374,0.4895133972167969,0.824713945388794,0.9834768772125244,0.703376054763794,0.8113658428192139,0.5979061126708984,0.7444357872009277,1.1507997512817383,0.9792149066925049,0.8560810089111328,1.032250165939331,0.3766319751739502,0.9379889965057373,1.094892978668213,1.0886740684509277,0.5491151809692383,1.48337984085083,1.0352232456207275,1.1011970043182373,0.505479097366333,1.1858501434326172,0.5155510902404785,0.8282091617584229,0.4598829746246338,0.4228861331939697,0.4403407573699951,0.42341184616088867,0.41293787956237793,1.0009241104125977,1.1350159645080566,0.6874129772186279,0.43604302406311035,1.2828350067138672,1.0124711990356445,1.5048587322235107,0.8348970413208008,0.5171852111816406,1.2437570095062256,0.9385740756988525,0.5455176830291748,0.6699090003967285,1.156595230102539,1.0798311233520508,0.8860340118408203,0.6800761222839355,0.8418469429016113,0.5432579517364502,0.47861814498901367,1.0683209896087646,0.5566420555114746,0.46514201164245605,1.5279622077941895,0.452894926071167,0.4922633171081543,0.7389562129974365,0.857609748840332,0.8741581439971924,0.4785189628601074,0.5800371170043945,1.3056130409240723,0.8751540184020996,0.6851089000701904,0.4431321620941162,1.25571608543396,0.8479442596435547,0.7689347267150879,0.5613188743591309,0.6445598602294922,0.43851709365844727,0.4085259437561035,0.7091901302337646,0.8296749591827393,0.8294188976287842,0.6427712440490723,0.7683379650115967,0.7311031818389893,0.5539951324462891,0.9432330131530762,0.7503108978271484,0.4936561584472656,0.5500690937042236,0.8077971935272217,1.2315950393676758,1.1777851581573486,1.0352392196655273,0.662926197052002,0.8409810066223145,0.8252263069152832,1.512721300125122,1.418133020401001,1.0624010562896729,0.8405060768127441,0.8898129463195801,0.47936415672302246,0.4032909870147705,0.967897891998291,0.6653690338134766,0.9755122661590576,0.6008620262145996,0.46076488494873047,1.0172548294067383,1.0278618335723877,0.6194851398468018,0.5676617622375488,0.7236740589141846,1.2815601825714111,0.4566991329193115,1.218231201171875,1.2907707691192627,1.0706501007080078,0.681541919708252,0.768406867980957,1.5614142417907715,0.5450439453125,0.8751950263977051,0.9697718620300293,1.4077160358428955,0.450545072555542,0.8827440738677979,0.9870007038116455,0.8510668277740479,0.9627621173858643,0.43543004989624023,0.49150991439819336,1.3483531475067139,0.4879312515258789,0.9381539821624756,1.0633740425109863
0.14	GEE	0.03515505790710449,0.03659701347351074,0.03602886199951172,0.06232595443725586,0.03741908073425293,0.03625297546386719,0.043322086334228516,0.03558683395385742,0.037735939025878906,0.05103898048400879,0.06793713569641113,0.04230809211730957,0.039160966873168945,0.03969717025756836,0.04303908348083496,0.038947105407714844,0.03954601287841797,0.04158616065979004,0.03867506980895996,0.03873491287231445,0.03750014305114746,0.037954092025756836,0.03614687919616699,0.038333892822265625,0.03714895248413086,0.03799700736999512,0.037696123123168945,0.03771710395812988,0.0425570011138916,0.03857898712158203,0.03857016563415527,0.039913177490234375,0.03879809379577637,0.03813505172729492,0.03648114204406738,0.03681683540344238,0.03893399238586426,0.035794973373413086,0.03554105758666992,0.03545498847961426,0.035382986068725586,0.03524422645568848,0.03559398651123047,0.03519415855407715,0.035711050033569336,0.03569984436035156,0.03549695014953613,0.0358278751373291,0.035295963287353516,0.03561520576477051,0.035610198974609375,0.03609490394592285,0.035223960876464844,0.035230159759521484,0.035722970962524414,0.03555798530578613,0.036004066467285156,0.036524057388305664,0.03653693199157715,0.03628206253051758,0.0351412296295166,0.051969051361083984,0.03494763374328613,0.03494691848754883,0.03511810302734375,0.03630495071411133,0.03512692451477051,0.03962278366088867,0.035332679748535156,0.03570270538330078,0.03494596481323242,0.06872797012329102,0.03622078895568848,0.03912711143493652,0.03813505172729492,0.03935098648071289,0.04414987564086914,0.04086923599243164,0.038865089416503906,0.0366520881652832,0.036046743392944336,0.03589916229248047,0.03623008728027344,0.04812479019165039,0.06985592842102051,0.05627274513244629,0.04476594924926758,0.037828922271728516,0.0390470027923584,0.038645029067993164,0.038626909255981445,0.03900289535522461,0.04000210762023926,0.040756940841674805,0.03776693344116211,0.03869509696960449,0.04191899299621582,0.03597688674926758,0.03522610664367676,0.03953385353088379,0.04483485221862793,0.03566718101501465,0.035920143127441406,0.04399275779724121,0.03786802291870117,0.03619885444641113,0.04078412055969238,0.042172908782958984,0.06104087829589844,0.03570914268493652,0.0382840633392334,0.04837822914123535,0.038305044174194336,0.12674570083618164,0.0380406379699707,0.041420936584472656,0.037644147872924805,0.038984060287475586,0.03771686553955078,0.03743410110473633,0.0364537239074707,0.03603386878967285,0.04272103309631348,0.035444021224975586,0.0372769832611084,0.03548741340637207,0.037840843200683594,0.038072824478149414,0.03737330436706543,0.04027891159057617,0.037763118743896484,0.03605198860168457,0.041697025299072266,0.03769087791442871,0.03769087791442871,0.03885221481323242,0.037629127502441406,0.04081392288208008,0.03540992736816406,0.035977840423583984,0.038140058517456055,0.03778219223022461,0.038162946701049805,0.05880403518676758,0.03620791435241699,0.0379939079284668,0.036180973052978516,0.03628706932067871,0.03663516044616699,0.10264921188354492,0.03888726234436035,0.0813748836517334,0.04687380790710449,0.041155099868774414,0.045400142669677734,0.03952503204345703,0.038539886474609375,0.04161572456359863,0.04501914978027344,0.043203115463256836,0.0648951530456543,0.044364213943481445,0.041663169860839844,0.04935908317565918,0.043734073638916016,0.04437088966369629,0.04146099090576172,0.041593074798583984,0.03831171989440918,0.04396390914916992,0.04163002967834473,0.03860807418823242,0.043849945068359375,0.040743112564086914,0.040873050689697266,0.04072403907775879,0.041387081146240234,0.06237292289733887,0.04341602325439453,0.04174327850341797,0.04121708869934082,0.039897918701171875,0.038845062255859375,0.0406801700592041,0.03861212730407715,0.0386350154876709,0.03947281837463379,0.03867077827453613,0.04075431823730469,0.04172205924987793,0.04122495651245117,0.04062676429748535,0.03811812400817871,0.04684805870056152,0.06046295166015625,0.051403045654296875,0.05201888084411621,0.04398512840270996,0.0526881217956543,0.04914093017578125
0.14	GNN	0.39997196197509766,0.5423920154571533,0.54544997215271,0.5576648712158203,0.5475928783416748,0.7616639137268066,1.33213472366333,0.5747168064117432,0.77469801902771,1.2301642894744873,1.6702148914337158,0.9296672344207764,0.9187710285186768,0.8720040321350098,1.3270907402038574,0.7201478481292725,0.64847731590271,0.6711738109588623,0.7443552017211914,0.6410408020019531,0.5615010261535645,0.5345773696899414,0.6604437828063965,0.5832059383392334,0.6885478496551514,0.5913069248199463,0.6005597114562988,0.5772900581359863,0.5589439868927002,0.5300989151000977,0.7119050025939941,0.49429774284362793,0.7192239761352539,0.7454309463500977,0.5169899463653564,0.5152769088745117,0.6501796245574951,0.599578857421875,0.6018388271331787,0.47826480865478516,0.46782803535461426,0.43123722076416016,1.1436197757720947,0.9942882061004639,0.4891500473022461,1.1143381595611572,0.5255849361419678,0.5406670570373535,0.732208251953125,0.49160075187683105,0.650184154510498,0.639758825302124,0.9292171001434326,0.8934218883514404,0.8500900268554688,0.48059678077697754,0.96744704246521,0.48303675651550293,0.5641627311706543,0.5013630390167236,0.5793788433074951,0.4896578788757324,0.5796480178833008,0.5651819705963135,0.6153090000152588,0.5894060134887695,0.4481201171875,0.548090934753418,0.48119091987609863,0.5264499187469482,0.9099850654602051,0.6832170486450195,0.6574342250823975,0.7067298889160156,0.7588038444519043,0.7075772285461426,0.8784940242767334,0.5631000995635986,0.8370029926300049,0.5657000541687012,0.5776340961456299,0.45931506156921387,0.8250038623809814,0.5376420021057129,1.0125799179077148,0.9921419620513916,0.7833280563354492,0.6376478672027588,0.7558820247650146,0.5929970741271973,0.6174309253692627,0.5711479187011719,0.5824511051177979,0.542600154876709,0.7432348728179932,1.0156538486480713,0.5634558200836182,0.5470530986785889,0.4598429203033447,0.9132721424102783,0.8473448753356934,0.5666818618774414,0.7738602161407471,0.6106431484222412,0.6132841110229492,0.7860457897186279,0.5502710342407227,0.7793610095977783,0.7293879985809326,0.5587430000305176,0.8314039707183838,0.8595430850982666,0.6577532291412354,0.8537559509277344,1.1123991012573242,0.6879580020904541,0.6036481857299805,0.8738257884979248,0.623466968536377,0.678786039352417,0.6476631164550781,0.5484790802001953,0.5755698680877686,0.5465500354766846,0.5134952068328857,0.8282899856567383,0.7510356903076172,1.0151739120483398,0.6044847965240479,0.6766510009765625,0.5197689533233643,0.44983601570129395,0.6799290180206299,0.4729142189025879,0.7169270515441895,0.8690299987792969,0.4924008846282959,0.6227178573608398,0.6360549926757812,0.444882869720459,0.6129782199859619,0.6698348522186279,0.9694521427154541,0.87996506690979,0.6710631847381592,0.5879909992218018,0.7848911285400391,0.6235980987548828,0.7069101333618164,0.7539799213409424,0.8857550621032715,0.9964640140533447,1.1393988132476807,1.121088981628418,0.9288759231567383,0.6647508144378662,0.709204912185669,0.740664005279541,1.0227851867675781,0.8443372249603271,1.1387441158294678,0.6430361270904541,1.5256092548370361,0.7584331035614014,1.0894289016723633,0.638063907623291,0.767164945602417,0.8287332057952881,0.5922791957855225,0.7018401622772217,1.0074799060821533,0.904170036315918,0.7771451473236084,0.6573078632354736,1.2112791538238525,0.6868159770965576,1.3699090480804443,0.848609209060669,1.003080129623413,0.7544713020324707,0.8597118854522705,0.699120283126831,0.7522878646850586,0.65659499168396,0.8675141334533691,0.6014540195465088,0.7780289649963379,0.904041051864624,0.8501219749450684,0.9861340522766113,0.877082109451294,0.795097827911377,0.7175259590148926,0.8692872524261475,1.12357497215271,3.004464864730835,1.5863282680511475,1.4390370845794678,1.3392341136932373,1.4876742362976074
0.14	GG	0.7167561054229736,1.027298927307129,0.7469661235809326,0.6270930767059326,1.1215200424194336,0.5590808391571045,0.43854808807373047,0.4671781063079834,1.3094699382781982,1.9398548603057861,1.7418432235717773,1.1029863357543945,2.0309269428253174,0.6778302192687988,0.9621119499206543,0.668320894241333,0.9486539363861084,0.7261550426483154,1.0229041576385498,0.8139197826385498,1.2216403484344482,0.8991680145263672,1.0234570503234863,0.5791511535644531,0.96822190284729,0.48879289627075195,1.3338871002197266,1.094649076461792,1.003075122833252,1.101043939590454,1.3534672260284424,0.8726568222045898,0.9199860095977783,0.48675084114074707,0.7625889778137207,0.5267119407653809,0.4752669334411621,0.6856741905212402,1.1776151657104492,0.5988142490386963,0.7355749607086182,1.291719913482666,0.5377681255340576,1.3092327117919922,0.7714569568634033,0.7095329761505127,1.1582398414611816,0.4368557929992676,0.8818230628967285,0.44831013679504395,0.7423791885375977,0.6728110313415527,1.17893385887146,0.42979979515075684,0.8548641204833984,0.9218740463256836,1.1045868396759033,0.438032865524292,0.9813601970672607,0.42848801612854004,0.617114782333374,0.6538381576538086,0.4523200988769531,0.473358154296875,0.7421219348907471,0.4938669204711914,0.661815881729126,0.6990439891815186,0.412431001663208,0.9640610218048096,0.7414813041687012,1.4250609874725342,0.9920089244842529,0.6814441680908203,0.5672078132629395,0.8921630382537842,1.5331361293792725,0.7775671482086182,0.9914209842681885,0.9328529834747314,0.9103329181671143,0.5380899906158447,1.2887508869171143,0.5720338821411133,0.7825520038604736,1.3019249439239502,1.0649919509887695,0.5959041118621826,1.2837200164794922,0.8853061199188232,1.1060659885406494,0.5562329292297363,1.5210003852844238,0.5539760589599609,1.2096970081329346,0.6274759769439697,0.48066210746765137,1.313490867614746,0.4745967388153076,0.8884220123291016,1.195443868637085,0.965205192565918,1.510998249053955,0.5681819915771484,1.1026902198791504,0.9512336254119873,0.9546980857849121,0.6578309535980225,0.4865889549255371,0.5134139060974121,1.4145081043243408,0.7588882446289062,1.9916090965270996,1.665592908859253,1.487349033355713,1.3472411632537842,0.7368912696838379,0.5754730701446533,0.6362900733947754,0.4564838409423828,0.8399128913879395,0.8195850849151611,0.4722287654876709,0.5905017852783203,0.4604980945587158,0.5685818195343018,0.8692018985748291,0.9767348766326904,1.2829608917236328,0.4636092185974121,0.7776427268981934,1.2716410160064697,0.5792009830474854,0.459820032119751,0.5248630046844482,1.2460808753967285,1.3719003200531006,0.5168168544769287,0.6742279529571533,0.8378570079803467,0.48023414611816406,0.5403671264648438,0.8432672023773193,0.9198040962219238,1.0423810482025146,0.9341328144073486,1.2217988967895508,1.0236737728118896,1.5089280605316162,1.9660580158233643,1.7595760822296143,0.8997762203216553,1.0568509101867676,1.1581449508666992,1.1220722198486328,0.647986888885498,1.0517778396606445,1.1701478958129883,1.1461069583892822,1.1861910820007324,1.2609970569610596,1.421994924545288,2.7099268436431885,1.581374168395996,1.2688748836517334,1.4124138355255127,0.5936059951782227,1.0710699558258057,1.1896271705627441,0.9513583183288574,0.915562629699707,0.6006729602813721,1.488929033279419,2.671557903289795,1.1019160747528076,1.475327968597412,0.9303441047668457,1.539513111114502,0.7149040699005127,0.7281091213226318,2.125236988067627,0.8425359725952148,1.0406031608581543,0.5881450176239014,0.6763110160827637,0.6994209289550781,0.9823000431060791,1.0234708786010742,2.121933937072754,0.6580147743225098,0.8828020095825195,1.6061069965362549,1.1172709465026855,1.5552036762237549,1.6822543144226074,2.6008048057556152,2.1131949424743652,1.0299389362335205,2.407299041748047,0.8990371227264404
0.14	GG2	0.7167561054229736,1.027298927307129,0.7469661235809326,0.6270930767059326,1.1215200424194336,0.5590808391571045,0.43854808807373047,0.4671781063079834,1.3094699382781982,1.9398548603057861,1.7418432235717773,1.1029863357543945,2.0309269428253174,0.6778302192687988,0.9621119499206543,0.668320894241333,0.9486539363861084,0.7261550426483154,1.0229041576385498,0.8139197826385498,1.2216403484344482,0.8991680145263672,1.0234570503234863,0.5791511535644531,0.96822190284729,0.48879289627075195,1.3338871002197266,1.094649076461792,1.003075122833252,1.101043939590454,1.3534672260284424,0.8726568222045898,0.9199860095977783,0.48675084114074707,0.7625889778137207,0.5267119407653809,0.4752669334411621,0.6856741905212402,1.1776151657104492,0.5988142490386963,0.7355749607086182,1.291719913482666,0.5377681255340576,1.3092327117919922,0.7714569568634033,0.7095329761505127,1.1582398414611816,0.4368557929992676,0.8818230628967285,0.44831013679504395,0.7423791885375977,0.6728110313415527,1.17893385887146,0.42979979515075684,0.8548641204833984,0.9218740463256836,1.1045868396759033,0.438032865524292,0.9813601970672607,0.42848801612854004,0.617114782333374,0.6538381576538086,0.4523200988769531,0.473358154296875,0.7421219348907471,0.4938669204711914,0.661815881729126,0.6990439891815186,0.412431001663208,0.9640610218048096,0.7414813041687012,1.4250609874725342,0.9920089244842529,0.6814441680908203,0.5672078132629395,0.8921630382537842,1.5331361293792725,0.7775671482086182,0.9914209842681885,0.9328529834747314,0.9103329181671143,0.5380899906158447,1.2887508869171143,0.5720338821411133,0.7825520038604736,1.3019249439239502,1.0649919509887695,0.5959041118621826,1.2837200164794922,0.8853061199188232,1.1060659885406494,0.5562329292297363,1.5210003852844238,0.5539760589599609,1.2096970081329346,0.6274759769439697,0.48066210746765137,1.313490867614746,0.4745967388153076,0.8884220123291016,1.195443868637085,0.965205192565918,1.510998249053955,0.5681819915771484,1.1026902198791504,0.9512336254119873,0.9546980857849121,0.6578309535980225,0.4865889549255371,0.5134139060974121,1.4145081043243408,0.7588882446289062,1.9916090965270996,1.665592908859253,1.487349033355713,1.3472411632537842,0.7368912696838379,0.5754730701446533,0.6362900733947754,0.4564838409423828,0.8399128913879395,0.8195850849151611,0.4722287654876709,0.5905017852783203,0.4604980945587158,0.5685818195343018,0.8692018985748291,0.9767348766326904,1.2829608917236328,0.4636092185974121,0.7776427268981934,1.2716410160064697,0.5792009830474854,0.459820032119751,0.5248630046844482,1.2460808753967285,1.3719003200531006,0.5168168544769287,0.6742279529571533,0.8378570079803467,0.48023414611816406,0.5403671264648438,0.8432672023773193,0.9198040962219238,1.0423810482025146,0.9341328144073486,1.2217988967895508,1.0236737728118896,1.5089280605316162,1.9660580158233643,1.7595760822296143,0.8997762203216553,1.0568509101867676,1.1581449508666992,1.1220722198486328,0.647986888885498,1.0517778396606445,1.1701478958129883,1.1461069583892822,1.1861910820007324,1.2609970569610596,1.421994924545288,2.7099268436431885,1.581374168395996,1.2688748836517334,1.4124138355255127,0.5936059951782227,1.0710699558258057,1.1896271705627441,0.9513583183288574,0.915562629699707,0.6006729602813721,1.488929033279419,2.671557903289795,1.1019160747528076,1.475327968597412,0.9303441047668457,1.539513111114502,0.7149040699005127,0.7281091213226318,2.125236988067627,0.8425359725952148,1.0406031608581543,0.5881450176239014,0.6763110160827637,0.6994209289550781,0.9823000431060791,1.0234708786010742,2.121933937072754,0.6580147743225098,0.8828020095825195,1.6061069965362549,1.1172709465026855,1.5552036762237549,1.6822543144226074,2.6008048057556152,2.1131949424743652,1.0299389362335205,2.407299041748047,0.8990371227264404
0.15	GEE	0.046076059341430664,0.042504072189331055,0.042876243591308594,0.05106091499328613,0.04495811462402344,0.046553850173950195,0.04874014854431152,0.04362201690673828,0.04449796676635742,0.04861116409301758,0.040403127670288086,0.039507150650024414,0.04048943519592285,0.04112076759338379,0.03944587707519531,0.039534807205200195,0.0467379093170166,0.0392611026763916,0.04734373092651367,0.038823843002319336,0.039086103439331055,0.04202866554260254,0.039541006088256836,0.03943300247192383,0.039952993392944336,0.03946089744567871,0.03943920135498047,0.03897666931152344,0.04085969924926758,0.037808895111083984,0.037917137145996094,0.04364895820617676,0.039404869079589844,0.04331183433532715,0.039277076721191406,0.07590198516845703,0.03796100616455078,0.0469660758972168,0.037178993225097656,0.03777503967285156,0.03700137138366699,0.03717803955078125,0.03803396224975586,0.03741908073425293,0.03979325294494629,0.03847932815551758,0.03820371627807617,0.04094219207763672,0.03915905952453613,0.03933906555175781,0.038305044174194336,0.03804588317871094,0.037313222885131836,0.04035592079162598,0.037398576736450195,0.03731799125671387,0.03934001922607422,0.037425994873046875,0.04036092758178711,0.03974103927612305,0.0385279655456543,0.03676199913024902,0.036942243576049805,0.06681394577026367,0.036997079849243164,0.03706789016723633,0.03679490089416504,0.03634190559387207,0.03515911102294922,0.036180973052978516,0.03687000274658203,0.03742527961730957,0.03699994087219238,0.03691911697387695,0.03694415092468262,0.03719806671142578,0.03676915168762207,0.03718709945678711,0.03739809989929199,0.03688502311706543,0.037548065185546875,0.038098812103271484,0.03702807426452637,0.03789377212524414,0.06257176399230957,0.03665494918823242,0.039407968521118164,0.03943920135498047,0.04017996788024902,0.0827629566192627,0.04081010818481445,0.039932966232299805,0.04409193992614746,0.04151797294616699,0.04013180732727051,0.03942108154296875,0.03970003128051758,0.03761911392211914,0.03687691688537598,0.03708314895629883,0.03891420364379883,0.036485910415649414,0.041387081146240234,0.0370481014251709,0.03934979438781738,0.03810477256774902,0.03731369972229004,0.04559612274169922,0.03592205047607422,0.037552833557128906,0.04021096229553223,0.03789210319519043,0.03758382797241211,0.03747105598449707,0.03687596321105957,0.03779101371765137,0.03952479362487793,0.03689408302307129,0.03707289695739746,0.04430794715881348,0.04068613052368164,0.03711390495300293,0.03757786750793457,0.03911280632019043,0.040235042572021484,0.03707432746887207,0.03700709342956543,0.03920626640319824,0.037142038345336914,0.039106130599975586,0.03751397132873535,0.0737462043762207,0.038290977478027344,0.037744760513305664,0.036950111389160156,0.04181694984436035,0.039361000061035156,0.037950992584228516,0.0399479866027832,0.040548086166381836,0.03824877738952637,0.03938794136047363,0.03862404823303223,0.039227962493896484,0.037967681884765625,0.0373990535736084,0.03818321228027344,0.050801992416381836,0.0383298397064209,0.060524940490722656,0.037212371826171875,0.04310107231140137,0.03710007667541504,0.03752279281616211,0.036641836166381836,0.03670501708984375,0.03690600395202637,0.03749895095825195,0.03916597366333008,0.03650784492492676,0.039063215255737305,0.03709006309509277,0.03668093681335449,0.037245988845825195,0.036742210388183594,0.03738808631896973,0.03870797157287598,0.03612089157104492,0.03534078598022461,0.037014007568359375,0.038300275802612305,0.037301063537597656,0.03514504432678223,0.037068843841552734,0.03683876991271973,0.04178023338317871,0.037872314453125,0.0639500617980957,0.0393369197845459,0.03699493408203125,0.03649425506591797,0.0357968807220459,0.03694510459899902,0.03687286376953125,0.0363008975982666,0.03653407096862793,0.03810477256774902,0.036537885665893555,0.03638625144958496,0.03697395324707031,0.03667712211608887,0.03825211524963379,0.036797285079956055,0.03658604621887207,0.036727190017700195,0.03629279136657715,0.03747677803039551,0.036952972412109375,0.0371861457824707,0.03728985786437988
0.15	GNN	0.800745964050293,1.2070019245147705,0.8410308361053467,1.1250050067901611,1.197685956954956,0.992692232131958,0.982553243637085,0.6484103202819824,0.7296352386474609,1.2704391479492188,0.6019270420074463,0.5647988319396973,0.6450638771057129,0.7812211513519287,0.6398940086364746,0.5504660606384277,0.717681884765625,0.533560037612915,0.5519299507141113,0.6171450614929199,1.242387294769287,0.5646133422851562,0.5402419567108154,0.9117400646209717,0.7795200347900391,0.8222298622131348,1.0945022106170654,0.690680742263794,0.6369857788085938,0.6135458946228027,0.5242490768432617,0.9972410202026367,0.6724798679351807,0.7180871963500977,0.6496350765228271,0.588651180267334,0.6712939739227295,0.6911947727203369,0.573807954788208,0.5085728168487549,0.42085695266723633,0.6117119789123535,0.6244299411773682,0.6452360153198242,0.5508239269256592,0.6380879878997803,0.8540937900543213,0.5911831855773926,0.6491341590881348,0.5209968090057373,0.8648099899291992,0.7757251262664795,0.7887659072875977,1.221796989440918,0.6968629360198975,0.5744538307189941,1.1315209865570068,0.6214189529418945,0.6620800495147705,0.5778849124908447,1.0041301250457764,0.6244542598724365,0.627039909362793,0.5107541084289551,0.7090287208557129,0.5854320526123047,0.6063759326934814,0.5355739593505859,0.49004602432250977,0.5354287624359131,0.5169119834899902,0.6346020698547363,0.5974957942962646,0.7953469753265381,0.5429220199584961,0.44857311248779297,0.6078081130981445,0.6036078929901123,0.8462507724761963,1.0438592433929443,0.6972401142120361,0.6517171859741211,0.8649418354034424,0.6049849987030029,1.2070016860961914,0.6084096431732178,0.747333288192749,1.7962679862976074,1.351349115371704,1.0259931087493896,0.8444910049438477,0.951674222946167,0.6213619709014893,0.5624170303344727,0.6170570850372314,0.9831762313842773,0.4883408546447754,0.541452169418335,0.5823001861572266,0.6977798938751221,0.8915472030639648,0.7548291683197021,0.48632073402404785,0.5454812049865723,0.5183517932891846,0.665283203125,0.5058321952819824,0.627155065536499,0.6007671356201172,0.6411819458007812,0.7451417446136475,0.7459468841552734,0.7420458793640137,0.5238850116729736,0.8502819538116455,0.7140591144561768,0.5837929248809814,0.8056960105895996,0.6315679550170898,1.001453161239624,0.6478321552276611,0.6018149852752686,0.6153402328491211,0.702319860458374,0.7020847797393799,0.842134952545166,0.6797502040863037,0.49391698837280273,0.573523998260498,0.7173411846160889,0.5730612277984619,0.6261308193206787,0.6336278915405273,0.6089479923248291,1.0921471118927002,0.7576949596405029,1.0700130462646484,0.7757320404052734,0.582521915435791,0.6281869411468506,0.5939688682556152,0.7234721183776855,0.8042538166046143,0.5387120246887207,0.6241247653961182,1.1142468452453613,0.6004350185394287,0.7433710098266602,0.6360020637512207,0.6672372817993164,0.6984281539916992,1.099250078201294,0.536261796951294,0.7583348751068115,0.8181750774383545,0.5955092906951904,0.6935648918151855,0.5511796474456787,0.5800549983978271,1.6560840606689453,0.8173699378967285,0.8165500164031982,0.82991623878479,0.6779489517211914,0.5541110038757324,0.5500998497009277,0.4829428195953369,0.4707520008087158,0.4730842113494873,0.6312010288238525,0.6507530212402344,0.9278709888458252,0.5586471557617188,0.5577759742736816,1.2154428958892822,0.5789928436279297,0.5019450187683105,0.5365700721740723,0.5646591186523438,1.1864361763000488,0.5749151706695557,0.7117760181427002,0.7846641540527344,0.5842370986938477,0.6131062507629395,0.6287119388580322,0.5299530029296875,0.9356670379638672,0.5173249244689941,0.500464916229248,0.5709409713745117,0.6354489326477051,0.5219709873199463,0.580528974533081,0.5388269424438477,0.6514418125152588,0.599877119064331,0.5922513008117676,0.6347990036010742,0.5914149284362793
0.15	GG	1.0117549896240234,0.73612380027771,1.45058012008667,1.4719390869140625,2.2529919147491455,1.2441930770874023,0.5978929996490479,0.5450019836425781,0.7627408504486084,1.225689172744751,1.2621979713439941,0.9385101795196533,0.9343931674957275,0.7355740070343018,1.118906021118164,0.6476879119873047,0.782357931137085,0.6056833267211914,0.865772008895874,0.7085480690002441,1.2481958866119385,1.499986171722412,1.2492437362670898,0.5381109714508057,1.004159927368164,0.551253080368042,1.5036559104919434,0.7070178985595703,0.5189242362976074,0.7125210762023926,0.6922571659088135,1.072486162185669,1.0889358520507812,0.9386551380157471,1.4815089702606201,0.5238909721374512,0.44434690475463867,0.6757240295410156,0.882044792175293,0.6757988929748535,1.5001211166381836,0.9299421310424805,0.6017086505889893,1.938305139541626,1.1062068939208984,0.738569974899292,1.5962750911712646,0.5216832160949707,1.370633840560913,0.8386869430541992,0.47943615913391113,0.7771978378295898,1.1001501083374023,0.5212228298187256,1.4860310554504395,0.6468462944030762,0.9784719944000244,0.6569311618804932,0.9764881134033203,0.4789769649505615,0.6948440074920654,0.6686279773712158,0.754065990447998,0.6101551055908203,0.8341817855834961,0.47223472595214844,0.45659303665161133,0.6117439270019531,0.4163699150085449,1.3496577739715576,1.0436680316925049,0.4485139846801758,0.7148361206054688,0.5203919410705566,0.45922207832336426,0.7626471519470215,1.0392801761627197,0.7124936580657959,0.9403479099273682,1.3998138904571533,1.1783239841461182,0.5207202434539795,1.3609199523925781,0.5571708679199219,1.0178229808807373,1.2396936416625977,1.4867401123046875,0.7178399562835693,1.769524097442627,0.8954460620880127,1.4271130561828613,0.570929765701294,1.4948699474334717,0.5229740142822266,1.001471996307373,0.6679129600524902,0.5737500190734863,1.2134108543395996,0.47031497955322266,0.552678108215332,0.444227933883667,0.9814579486846924,0.9062731266021729,0.4569511413574219,0.8600549697875977,1.074502944946289,0.7300727367401123,0.5550651550292969,0.46672701835632324,0.6134471893310547,0.9577620029449463,0.6532549858093262,0.8102591037750244,1.0320510864257812,1.3509397506713867,0.523461103439331,0.6464831829071045,0.6202638149261475,0.7961680889129639,0.5498852729797363,1.2460060119628906,1.3006501197814941,0.5164706707000732,1.433021068572998,0.6329851150512695,1.678133249282837,0.9452898502349854,0.8891980648040771,0.9595980644226074,0.6209218502044678,0.761328935623169,1.509355068206787,1.076794147491455,0.8301517963409424,0.5418789386749268,1.488435983657837,0.5474019050598145,0.6372127532958984,0.8487122058868408,0.8511407375335693,0.6950030326843262,0.47151803970336914,0.9038920402526855,1.2314260005950928,0.7900652885437012,1.0025830268859863,1.1066009998321533,1.1666958332061768,1.009486198425293,1.2858610153198242,1.0384957790374756,1.147568941116333,0.749737024307251,0.5568618774414062,0.7583820819854736,1.3617618083953857,1.4692490100860596,0.6081092357635498,0.7732758522033691,1.0696818828582764,0.822573184967041,1.1211719512939453,0.5025191307067871,1.0973420143127441,0.5163590908050537,0.5225787162780762,0.47939395904541016,1.0140137672424316,0.6655890941619873,1.140117883682251,0.951866865158081,0.4561772346496582,1.2659320831298828,0.7185020446777344,1.5364370346069336,0.48148465156555176,0.7722928524017334,0.9625370502471924,0.48921895027160645,0.49203014373779297,0.739152193069458,1.056459903717041,0.7417950630187988,0.45926809310913086,0.4628868103027344,0.49791502952575684,0.530012845993042,0.7465178966522217,0.49227118492126465,0.44106602668762207,0.7830390930175781,1.5576488971710205,0.9975452423095703,0.8392519950866699,1.0474839210510254,0.5094461441040039,0.8456099033355713,0.5439667701721191,1.351257085800171,0.7424850463867188
0.15	GG2	1.0117549896240234,0.73612380027771,1.45058012008667,1.4719390869140625,2.2529919147491455,1.2441930770874023,0.5978929996490479,0.5450019836425781,0.7627408504486084,1.225689172744751,1.2621979713439941,0.9385101795196533,0.9343931674957275,0.7355740070343018,1.118906021118164,0.6476879119873047,0.782357931137085,0.6056833267211914,0.865772008895874,0.7085480690002441,1.2481958866119385,1.499986171722412,1.2492437362670898,0.5381109714508057,1.004159927368164,0.551253080368042,1.5036559104919434,0.7070178985595703,0.5189242362976074,0.7125210762023926,0.6922571659088135,1.072486162185669,1.0889358520507812,0.9386551380157471,1.4815089702606201,0.5238909721374512,0.44434690475463867,0.6757240295410156,0.882044792175293,0.6757988929748535,1.5001211166381836,0.9299421310424805,0.6017086505889893,1.938305139541626,1.1062068939208984,0.738569974899292,1.5962750911712646,0.5216832160949707,1.370633840560913,0.8386869430541992,0.47943615913391113,0.7771978378295898,1.1001501083374023,0.5212228298187256,1.4860310554504395,0.6468462944030762,0.9784719944000244,0.6569311618804932,0.9764881134033203,0.4789769649505615,0.6948440074920654,0.6686279773712158,0.754065990447998,0.6101551055908203,0.8341817855834961,0.47223472595214844,0.45659303665161133,0.6117439270019531,0.4163699150085449,1.3496577739715576,1.0436680316925049,0.4485139846801758,0.7148361206054688,0.5203919410705566,0.45922207832336426,0.7626471519470215,1.0392801761627197,0.7124936580657959,0.9403479099273682,1.3998138904571533,1.1783239841461182,0.5207202434539795,1.3609199523925781,0.5571708679199219,1.0178229808807373,1.2396936416625977,1.4867401123046875,0.7178399562835693,1.769524097442627,0.8954460620880127,1.4271130561828613,0.570929765701294,1.4948699474334717,0.5229740142822266,1.001471996307373,0.6679129600524902,0.5737500190734863,1.2134108543395996,0.47031497955322266,0.552678108215332,0.444227933883667,0.9814579486846924,0.9062731266021729,0.4569511413574219,0.8600549697875977,1.074502944946289,0.7300727367401123,0.5550651550292969,0.46672701835632324,0.6134471893310547,0.9577620029449463,0.6532549858093262,0.8102591037750244,1.0320510864257812,1.3509397506713867,0.523461103439331,0.6464831829071045,0.6202638149261475,0.7961680889129639,0.5498852729797363,1.2460060119628906,1.3006501197814941,0.5164706707000732,1.433021068572998,0.6329851150512695,1.678133249282837,0.9452898502349854,0.8891980648040771,0.9595980644226074,0.6209218502044678,0.761328935623169,1.509355068206787,1.076794147491455,0.8301517963409424,0.5418789386749268,1.488435983657837,0.5474019050598145,0.6372127532958984,0.8487122058868408,0.8511407375335693,0.6950030326843262,0.47151803970336914,0.9038920402526855,1.2314260005950928,0.7900652885437012,1.0025830268859863,1.1066009998321533,1.1666958332061768,1.009486198425293,1.2858610153198242,1.0384957790374756,1.147568941116333,0.749737024307251,0.5568618774414062,0.7583820819854736,1.3617618083953857,1.4692490100860596,0.6081092357635498,0.7732758522033691,1.0696818828582764,0.822573184967041,1.1211719512939453,0.5025191307067871,1.0973420143127441,0.5163590908050537,0.5225787162780762,0.47939395904541016,1.0140137672424316,0.6655890941619873,1.140117883682251,0.951866865158081,0.4561772346496582,1.2659320831298828,0.7185020446777344,1.5364370346069336,0.48148465156555176,0.7722928524017334,0.9625370502471924,0.48921895027160645,0.49203014373779297,0.739152193069458,1.056459903717041,0.7417950630187988,0.45926809310913086,0.4628868103027344,0.49791502952575684,0.530012845993042,0.7465178966522217,0.49227118492126465,0.44106602668762207,0.7830390930175781,1.5576488971710205,0.9975452423095703,0.8392519950866699,1.0474839210510254,0.5094461441040039,0.8456099033355713,0.5439667701721191,1.351257085800171,0.7424850463867188
