0.0	GEE	0.008519887924194336,0.00812077522277832,0.008391857147216797,0.008179903030395508,0.00857400894165039,0.008693933486938477,0.00810694694519043,0.00878596305847168,0.008079051971435547,0.00814962387084961,0.015315055847167969,0.008185863494873047,0.008016109466552734,0.008711099624633789,0.008735895156860352,0.008468866348266602,0.008174896240234375,0.00841975212097168,0.008332967758178711,0.008697032928466797,0.008528947830200195,0.008275985717773438,0.009246110916137695,0.008841276168823242,0.008082866668701172,0.010656118392944336,0.008610248565673828,0.008382081985473633,0.008400917053222656,0.008236885070800781,0.008327007293701172,0.008273124694824219,0.00848388671875,0.008317947387695312,0.008047819137573242,0.008275032043457031,0.007779121398925781,0.007769107818603516,0.007925987243652344,0.008285999298095703,0.008400917053222656,0.008424043655395508,0.007773160934448242,0.008273124694824219,0.008880853652954102,0.008475065231323242,0.008551359176635742,0.00938272476196289,0.009009122848510742,0.008232831954956055,0.008906841278076172,0.00927591323852539,0.009155035018920898,0.008636951446533203,0.009035110473632812,0.0093231201171875,0.00897526741027832,0.008002042770385742,0.007774829864501953,0.008152008056640625,0.008230209350585938,0.008292913436889648,0.007956981658935547,0.010579109191894531,0.008994102478027344,0.008907079696655273,0.008285999298095703,0.008020877838134766,0.011587142944335938,0.014024019241333008,0.008082151412963867,0.008124113082885742,0.008478879928588867,0.00870513916015625,0.008639812469482422,0.008507013320922852,0.008717060089111328,0.008131980895996094,0.008370161056518555,0.007925033569335938,0.009132862091064453,0.008266925811767578,0.008044958114624023,0.007856130599975586,0.007913827896118164,0.008540153503417969,0.007990121841430664,0.008124828338623047,0.008185863494873047,0.00818014144897461,0.008603096008300781,0.012250900268554688,0.008005857467651367,0.008626937866210938,0.008466958999633789,0.007826089859008789,0.008105993270874023,0.008262157440185547,0.008228063583374023,0.008263826370239258,0.008291006088256836,0.008049249649047852,0.008646965026855469,0.008448123931884766,0.008116960525512695,0.00831294059753418,0.008029937744140625,0.008234024047851562,0.00859689712524414,0.00832819938659668,0.008685111999511719,0.008398771286010742,0.00899195671081543,0.008313894271850586,0.00882577896118164,0.00929713249206543,0.00819706916809082,0.008592844009399414,0.008029937744140625,0.010684013366699219,0.008795738220214844,0.008460044860839844,0.008169889450073242,0.008353948593139648,0.00838613510131836,0.008124828338623047,0.008391857147216797,0.011266231536865234,0.008172035217285156,0.008366107940673828,0.00840616226196289,0.008680105209350586,0.00838017463684082,0.00839686393737793,0.008354663848876953,0.008399009704589844,0.008506059646606445,0.008575916290283203,0.008495092391967773,0.008187055587768555,0.008897066116333008,0.008498907089233398,0.007990121841430664,0.008770227432250977,0.008454084396362305,0.008224010467529297,0.008552789688110352,0.009272098541259766,0.007893085479736328,0.008497953414916992,0.007831096649169922,0.007881879806518555,0.007981061935424805,0.008833885192871094,0.008227825164794922,0.007879018783569336,0.008275985717773438,0.007997274398803711,0.00877690315246582,0.007914066314697266,0.008181333541870117,0.007974863052368164,0.007956981658935547,0.007654905319213867,0.00816798210144043,0.007805824279785156,0.008574962615966797,0.008024930953979492,0.007790088653564453,0.008374929428100586,0.009653091430664062,0.009156942367553711,0.008160829544067383,0.009888887405395508,0.008688926696777344,0.008932113647460938,0.007750988006591797,0.008439064025878906,0.008022785186767578,0.00835108757019043,0.008228302001953125,0.007800102233886719,0.00843191146850586,0.009137868881225586,0.008398771286010742,0.00834512710571289,0.007498979568481445,0.008126974105834961,0.007951974868774414,0.007899045944213867,0.008309125900268555,0.007971048355102539,0.007955074310302734,0.008104085922241211,0.007830142974853516,0.008563041687011719,0.007749080657958984,0.008071184158325195,0.00816202163696289,0.00793766975402832
0.0	GNN	0.32459115982055664,0.35073304176330566,0.35968494415283203,0.40299487113952637,0.36405086517333984,0.4113938808441162,0.5893540382385254,0.41199588775634766,0.4780910015106201,0.4256911277770996,0.5301969051361084,0.4690549373626709,0.6218922138214111,0.5547361373901367,0.6145532131195068,0.4276618957519531,0.43217897415161133,0.5370092391967773,0.3085949420928955,0.3631908893585205,0.8256509304046631,0.6590371131896973,0.5179767608642578,0.49009084701538086,0.4910411834716797,0.5521640777587891,0.40827488899230957,0.4637291431427002,0.5782949924468994,0.4975559711456299,0.4270360469818115,0.36006617546081543,0.42165589332580566,0.46639204025268555,0.5401148796081543,0.39267778396606445,0.31854891777038574,0.6170880794525146,0.49149608612060547,0.39601826667785645,0.3610649108886719,0.39805006980895996,0.31751513481140137,0.7087979316711426,0.3936300277709961,0.39511799812316895,0.46692991256713867,0.28475117683410645,0.40719008445739746,0.39357972145080566,0.6271679401397705,0.4352591037750244,0.48998594284057617,0.4406321048736572,0.6572380065917969,0.5109002590179443,0.37332773208618164,0.5024518966674805,0.3008272647857666,0.328416109085083,0.323030948638916,0.385577917098999,0.3372170925140381,0.4040341377258301,0.49723219871520996,0.48230600357055664,0.36197686195373535,0.4134037494659424,0.4121229648590088,0.3341712951660156,0.5866601467132568,0.6136860847473145,0.3047468662261963,0.5549290180206299,0.293353796005249,0.3803229331970215,0.3604710102081299,0.38077425956726074,0.4780721664428711,0.5836460590362549,0.7791609764099121,0.3924431800842285,0.3309628963470459,0.46980714797973633,0.2857527732849121,0.36983799934387207,0.3963429927825928,0.3114938735961914,0.2877531051635742,0.3469271659851074,0.49626994132995605,0.4192681312561035,0.41593408584594727,0.3782820701599121,0.4687778949737549,0.3781929016113281,0.6251730918884277,0.4322378635406494,0.41193294525146484,0.6090688705444336,0.2659299373626709,0.3421361446380615,0.43166685104370117,0.4428062438964844,0.7244672775268555,0.4443247318267822,0.36730384826660156,0.450390100479126,0.7117908000946045,0.4593021869659424,0.5582108497619629,0.475388765335083,0.4084479808807373,0.4096391201019287,0.28381800651550293,0.4486849308013916,0.4295167922973633,0.3363029956817627,0.43942904472351074,0.44752001762390137,0.33788514137268066,0.43347907066345215,0.3633842468261719,0.4084329605102539,0.4216151237487793,0.4226400852203369,0.5231893062591553,0.8131651878356934,0.30461788177490234,0.3568570613861084,0.4452028274536133,0.5011131763458252,0.34586119651794434,0.6212611198425293,0.4995870590209961,0.5823469161987305,0.5474638938903809,0.5362067222595215,0.33849096298217773,0.6009249687194824,0.6028616428375244,0.4012148380279541,0.4104759693145752,0.3811790943145752,0.2862279415130615,0.5165550708770752,0.37969112396240234,0.3753170967102051,0.4393899440765381,0.3501312732696533,0.3496968746185303,0.40508389472961426,0.38626980781555176,0.2990071773529053,0.2521998882293701,0.34957218170166016,0.40661096572875977,0.6477620601654053,0.4512500762939453,0.346477746963501,0.31409215927124023,0.464583158493042,0.43892502784729004,0.320969820022583,0.32010698318481445,0.3820950984954834,0.41350412368774414,0.36947107315063477,0.34797096252441406,0.41437792778015137,0.6328308582305908,0.4253063201904297,0.3862447738647461,0.45671701431274414,0.33840012550354004,0.33030128479003906,0.567612886428833,0.31751585006713867,0.6266360282897949,0.6439099311828613,0.40433311462402344,0.4190080165863037,0.3679778575897217,0.269258975982666,0.36652278900146484,0.4372837543487549,0.4085240364074707,0.7126779556274414,0.3893551826477051,0.5756258964538574,0.3493459224700928,0.3316950798034668,0.4756338596343994,0.39419007301330566,0.25798606872558594,0.43579912185668945,0.46336793899536133,0.3854529857635498,0.4093358516693115,0.38937807083129883
0.0	GG	0.4804537296295166,0.5627760887145996,0.25455689430236816,0.5770509243011475,0.52559494972229,0.4308280944824219,0.2807159423828125,0.6014981269836426,0.5479850769042969,0.7787902355194092,0.7488150596618652,0.5364770889282227,0.4611639976501465,0.2943439483642578,0.5668113231658936,0.5022540092468262,0.6477348804473877,0.4803299903869629,0.4580860137939453,0.35206007957458496,0.4399707317352295,0.24022912979125977,0.559777021408081,0.4092860221862793,0.647089958190918,0.7096569538116455,0.4352588653564453,0.3519778251647949,0.7335352897644043,0.3591461181640625,0.5917220115661621,0.2510409355163574,0.3571310043334961,0.5228738784790039,0.3158912658691406,0.5267271995544434,0.48522186279296875,0.21186089515686035,0.47604870796203613,0.3889322280883789,0.46451687812805176,0.5703840255737305,0.47376585006713867,0.3512871265411377,0.4754362106323242,0.7350006103515625,0.4846818447113037,0.2944619655609131,0.41729307174682617,0.5956380367279053,0.7730278968811035,0.4317328929901123,0.3732109069824219,0.43651676177978516,0.48821187019348145,0.46779489517211914,0.2134840488433838,0.5144588947296143,0.3811349868774414,0.28894686698913574,0.531282901763916,0.4044170379638672,0.24652695655822754,0.406829833984375,0.3290069103240967,0.6221680641174316,0.6858398914337158,0.8840539455413818,0.5094461441040039,0.6061968803405762,0.28389501571655273,0.33217501640319824,0.22667622566223145,0.35885024070739746,0.27797794342041016,0.2820596694946289,0.68985915184021,0.25512123107910156,0.24704885482788086,0.6845109462738037,0.3450620174407959,0.4156160354614258,0.602074146270752,0.34387874603271484,0.3772590160369873,0.4460937976837158,0.34285783767700195,0.3641202449798584,0.5770928859710693,0.6288509368896484,0.4812901020050049,0.5714578628540039,0.6612148284912109,0.8003408908843994,0.5064997673034668,0.30290889739990234,0.7939050197601318,0.48020029067993164,0.7090528011322021,0.5888972282409668,0.32454800605773926,0.46826815605163574,0.32093095779418945,0.46128416061401367,0.8322980403900146,0.5591869354248047,0.5086760520935059,0.2887599468231201,0.4460759162902832,0.35141706466674805,0.2801330089569092,0.7741398811340332,0.23823285102844238,0.3460230827331543,0.8146650791168213,0.40761804580688477,0.46822595596313477,0.44065403938293457,0.2615993022918701,0.6065828800201416,0.5487701892852783,0.4462289810180664,0.438464879989624,0.4516611099243164,0.6913027763366699,0.42841601371765137,0.3861119747161865,0.7634389400482178,0.3017590045928955,0.5896530151367188,0.5627501010894775,0.34018921852111816,0.2191939353942871,0.2668900489807129,0.7046089172363281,0.5742189884185791,0.26991915702819824,0.481489896774292,0.4325218200683594,0.25666284561157227,0.45288515090942383,0.19804835319519043,0.3076648712158203,0.7447328567504883,0.3549001216888428,0.3154458999633789,0.8015449047088623,0.19659686088562012,0.24207472801208496,0.20400619506835938,0.45240187644958496,0.2691309452056885,0.5736398696899414,0.35625481605529785,0.4210081100463867,0.6797060966491699,0.5767319202423096,0.5545580387115479,0.43222713470458984,0.6680548191070557,0.3236837387084961,0.2369551658630371,0.19896602630615234,0.5076172351837158,0.447160005569458,0.6300530433654785,0.3355519771575928,0.6175870895385742,0.3265399932861328,0.35767507553100586,0.7254958152770996,0.5787560939788818,0.24767780303955078,0.6014008522033691,0.504206657409668,0.1974928379058838,0.34210205078125,0.4698338508605957,0.24975109100341797,0.2809741497039795,0.21756386756896973,0.23577594757080078,0.39002203941345215,0.3091928958892822,0.38979411125183105,0.6283361911773682,0.6743848323822021,0.2119297981262207,0.5705709457397461,0.5015690326690674,0.38690710067749023,0.24296903610229492,0.6148290634155273,0.5621929168701172,0.32913684844970703,0.3513181209564209,0.8595590591430664,0.8622050285339355,0.3407862186431885,0.4626162052154541
0.0	GG2	0.4804537296295166,0.5627760887145996,0.25455689430236816,0.5770509243011475,0.52559494972229,0.4308280944824219,0.2807159423828125,0.6014981269836426,0.5479850769042969,0.7787902355194092,0.7488150596618652,0.5364770889282227,0.4611639976501465,0.2943439483642578,0.5668113231658936,0.5022540092468262,0.6477348804473877,0.4803299903869629,0.4580860137939453,0.35206007957458496,0.4399707317352295,0.24022912979125977,0.559777021408081,0.4092860221862793,0.647089958190918,0.7096569538116455,0.4352588653564453,0.3519778251647949,0.7335352897644043,0.3591461181640625,0.5917220115661621,0.2510409355163574,0.3571310043334961,0.5228738784790039,0.3158912658691406,0.5267271995544434,0.48522186279296875,0.21186089515686035,0.47604870796203613,0.3889322280883789,0.46451687812805176,0.5703840255737305,0.47376585006713867,0.3512871265411377,0.4754362106323242,0.7350006103515625,0.4846818447113037,0.2944619655609131,0.41729307174682617,0.5956380367279053,0.7730278968811035,0.4317328929901123,0.3732109069824219,0.43651676177978516,0.48821187019348145,0.46779489517211914,0.2134840488433838,0.5144588947296143,0.3811349868774414,0.28894686698913574,0.531282901763916,0.4044170379638672,0.24652695655822754,0.406829833984375,0.3290069103240967,0.6221680641174316,0.6858398914337158,0.8840539455413818,0.5094461441040039,0.6061968803405762,0.28389501571655273,0.33217501640319824,0.22667622566223145,0.35885024070739746,0.27797794342041016,0.2820596694946289,0.68985915184021,0.25512123107910156,0.24704885482788086,0.6845109462738037,0.3450620174407959,0.4156160354614258,0.602074146270752,0.34387874603271484,0.3772590160369873,0.4460937976837158,0.34285783767700195,0.3641202449798584,0.5770928859710693,0.6288509368896484,0.4812901020050049,0.5714578628540039,0.6612148284912109,0.8003408908843994,0.5064997673034668,0.30290889739990234,0.7939050197601318,0.48020029067993164,0.7090528011322021,0.5888972282409668,0.32454800605773926,0.46826815605163574,0.32093095779418945,0.46128416061401367,0.8322980403900146,0.5591869354248047,0.5086760520935059,0.2887599468231201,0.4460759162902832,0.35141706466674805,0.2801330089569092,0.7741398811340332,0.23823285102844238,0.3460230827331543,0.8146650791168213,0.40761804580688477,0.46822595596313477,0.44065403938293457,0.2615993022918701,0.6065828800201416,0.5487701892852783,0.4462289810180664,0.438464879989624,0.4516611099243164,0.6913027763366699,0.42841601371765137,0.3861119747161865,0.7634389400482178,0.3017590045928955,0.5896530151367188,0.5627501010894775,0.34018921852111816,0.2191939353942871,0.2668900489807129,0.7046089172363281,0.5742189884185791,0.26991915702819824,0.481489896774292,0.4325218200683594,0.25666284561157227,0.45288515090942383,0.19804835319519043,0.3076648712158203,0.7447328567504883,0.3549001216888428,0.3154458999633789,0.8015449047088623,0.19659686088562012,0.24207472801208496,0.20400619506835938,0.45240187644958496,0.2691309452056885,0.5736398696899414,0.35625481605529785,0.4210081100463867,0.6797060966491699,0.5767319202423096,0.5545580387115479,0.43222713470458984,0.6680548191070557,0.3236837387084961,0.2369551658630371,0.19896602630615234,0.5076172351837158,0.447160005569458,0.6300530433654785,0.3355519771575928,0.6175870895385742,0.3265399932861328,0.35767507553100586,0.7254958152770996,0.5787560939788818,0.24767780303955078,0.6014008522033691,0.504206657409668,0.1974928379058838,0.34210205078125,0.4698338508605957,0.24975109100341797,0.2809741497039795,0.21756386756896973,0.23577594757080078,0.39002203941345215,0.3091928958892822,0.38979411125183105,0.6283361911773682,0.6743848323822021,0.2119297981262207,0.5705709457397461,0.5015690326690674,0.38690710067749023,0.24296903610229492,0.6148290634155273,0.5621929168701172,0.32913684844970703,0.3513181209564209,0.8595590591430664,0.8622050285339355,0.3407862186431885,0.4626162052154541
0.01	GEE	0.008922100067138672,0.009227991104125977,0.009419918060302734,0.009584188461303711,0.009315967559814453,0.009340047836303711,0.009289979934692383,0.009393930435180664,0.00939321517944336,0.010565042495727539,0.009594202041625977,0.00931406021118164,0.009452104568481445,0.00915217399597168,0.009423017501831055,0.010002851486206055,0.009610891342163086,0.009326934814453125,0.009479045867919922,0.00946497917175293,0.009222745895385742,0.009637832641601562,0.009358644485473633,0.009580135345458984,0.009790420532226562,0.009416818618774414,0.009279012680053711,0.009289979934692383,0.009500980377197266,0.009397029876708984,0.009604215621948242,0.009432792663574219,0.010879039764404297,0.01006627082824707,0.010215044021606445,0.01001119613647461,0.00940084457397461,0.00940084457397461,0.010049104690551758,0.009422063827514648,0.009443283081054688,0.009490966796875,0.00994110107421875,0.009691953659057617,0.009387016296386719,0.009500265121459961,0.009010791778564453,0.00890803337097168,0.009557008743286133,0.009683370590209961,0.009556055068969727,0.009297847747802734,0.008927106857299805,0.008991003036499023,0.009495019912719727,0.009708881378173828,0.009678125381469727,0.009428024291992188,0.009330034255981445,0.009414196014404297,0.009134769439697266,0.009421110153198242,0.009289026260375977,0.009443044662475586,0.009440183639526367,0.013299226760864258,0.009222984313964844,0.009293079376220703,0.00894021987915039,0.009228944778442383,0.009593009948730469,0.009011983871459961,0.00923013687133789,0.0088958740234375,0.009126901626586914,0.009001016616821289,0.009537935256958008,0.009633064270019531,0.009654998779296875,0.009221792221069336,0.009101152420043945,0.009813070297241211,0.009150028228759766,0.009891033172607422,0.009552955627441406,0.009549140930175781,0.01024484634399414,0.009946346282958984,0.009871959686279297,0.010431051254272461,0.010023832321166992,0.013302087783813477,0.011651039123535156,0.011775970458984375,0.012244939804077148,0.013216018676757812,0.010529041290283203,0.011607170104980469,0.010100841522216797,0.010015010833740234,0.010556221008300781,0.009978771209716797,0.009922981262207031,0.009969949722290039,0.010006189346313477,0.010684967041015625,0.010301828384399414,0.010581016540527344,0.010502099990844727,0.010679006576538086,0.010406732559204102,0.010829925537109375,0.011972188949584961,0.010330915451049805,0.010390996932983398,0.009865045547485352,0.010545730590820312,0.010605096817016602,0.010425090789794922,0.010736942291259766,0.010400056838989258,0.010739803314208984,0.010979175567626953,0.010712146759033203,0.011104106903076172,0.01063084602355957,0.010296106338500977,0.01071310043334961,0.010851144790649414,0.010410070419311523,0.01055908203125,0.010802984237670898,0.010686159133911133,0.010556221008300781,0.010170936584472656,0.010409116744995117,0.010581016540527344,0.01011204719543457,0.01094508171081543,0.010107994079589844,0.01071476936340332,0.010544061660766602,0.009955167770385742,0.021675586700439453,0.01011514663696289,0.010319948196411133,0.00980234146118164,0.010076284408569336,0.009976625442504883,0.010538816452026367,0.010849952697753906,0.0163881778717041,0.01084280014038086,0.010077953338623047,0.010043859481811523,0.010022878646850586,0.010116100311279297,0.0101470947265625,0.010302066802978516,0.010593891143798828,0.009903192520141602,0.010060787200927734,0.010330915451049805,0.01140594482421875,0.010484933853149414,0.010641098022460938,0.010262012481689453,0.010036230087280273,0.010272026062011719,0.010684967041015625,0.010313749313354492,0.009885072708129883,0.010089874267578125,0.011114120483398438,0.0099029541015625,0.01009821891784668,0.010411977767944336,0.010623931884765625,0.010127067565917969,0.009980201721191406,0.010032892227172852,0.009193897247314453,0.009678840637207031,0.009399890899658203,0.009090185165405273,0.009160041809082031,0.009094953536987305,0.008733987808227539,0.00917816162109375,0.00921773910522461,0.008589982986450195,0.00912928581237793,0.008814811706542969,0.009269952774047852,0.009518146514892578,0.009103775024414062,0.008810997009277344,0.009287357330322266,0.009380102157592773,0.008943796157836914
0.01	GNN	0.3804330825805664,0.3758656978607178,0.5122499465942383,0.42479920387268066,0.379253625869751,0.3284478187561035,0.5335428714752197,0.4719071388244629,0.3658740520477295,0.3591728210449219,0.3724219799041748,0.4204127788543701,0.43364882469177246,0.5609300136566162,0.33705878257751465,0.3707740306854248,0.3891909122467041,0.2594718933105469,0.42557382583618164,0.44272518157958984,0.37262511253356934,0.4580669403076172,0.6752688884735107,0.37876415252685547,0.40200114250183105,0.39899396896362305,0.4071180820465088,0.40305280685424805,0.36316990852355957,0.39880800247192383,0.5496799945831299,0.3662741184234619,0.6487481594085693,0.6450068950653076,0.5699210166931152,0.5216100215911865,0.4369516372680664,0.4693171977996826,0.34273815155029297,0.4354231357574463,0.46051692962646484,0.4619729518890381,0.3690621852874756,0.563154935836792,0.27123188972473145,0.397075891494751,0.3613121509552002,0.40413403511047363,0.32863593101501465,0.3464629650115967,0.23605990409851074,0.3941650390625,0.601538896560669,0.3377671241760254,0.4658679962158203,0.39645981788635254,0.4337611198425293,0.3691277503967285,0.36832523345947266,0.3430609703063965,0.8014979362487793,0.4673140048980713,0.4137108325958252,0.4584989547729492,0.35915493965148926,0.4599151611328125,0.27612900733947754,0.4271512031555176,0.4395151138305664,0.6624531745910645,0.5577800273895264,0.3075070381164551,0.5158817768096924,0.34447717666625977,0.4221987724304199,0.5399742126464844,0.4090580940246582,0.41665101051330566,0.509376049041748,0.4404120445251465,0.295788049697876,0.43489503860473633,0.3425910472869873,0.4614851474761963,0.40132880210876465,0.4803750514984131,0.6361360549926758,0.5195918083190918,0.5128471851348877,0.6747550964355469,0.9371960163116455,0.5340070724487305,0.645092248916626,0.6633729934692383,0.5537867546081543,0.4741220474243164,0.6054689884185791,0.5669281482696533,0.4499990940093994,0.6155438423156738,0.5198619365692139,0.5665481090545654,0.5482962131500244,0.4191248416900635,0.5805151462554932,0.8464279174804688,0.5051429271697998,0.5281810760498047,0.48399806022644043,0.5299026966094971,0.45794010162353516,0.568105936050415,0.55240797996521,0.44185495376586914,0.4330728054046631,0.48941588401794434,0.6442508697509766,0.6678578853607178,0.5312891006469727,0.6285572052001953,0.45261621475219727,0.7829849720001221,0.36618995666503906,0.6433441638946533,0.6280789375305176,0.5109360218048096,0.707899808883667,0.6777119636535645,0.5722827911376953,0.5118038654327393,0.4528372287750244,0.4800748825073242,0.44480276107788086,0.556649923324585,0.788444995880127,0.35788798332214355,0.6805129051208496,0.44228672981262207,0.5745820999145508,0.5636129379272461,1.1544170379638672,0.32890772819519043,0.546424150466919,0.433093786239624,0.48529481887817383,0.4748258590698242,0.598006010055542,0.5203421115875244,0.5963382720947266,0.3963661193847656,0.719372034072876,0.7799699306488037,0.48720693588256836,0.7137558460235596,0.6051449775695801,0.3379828929901123,0.5743980407714844,0.566105842590332,0.40087032318115234,0.4529139995574951,0.5038912296295166,0.6132581233978271,0.45713090896606445,0.40752196311950684,0.4017317295074463,0.6081888675689697,0.3938791751861572,0.5365722179412842,0.4234168529510498,0.859954833984375,0.35220813751220703,0.49358487129211426,0.6022529602050781,0.32024717330932617,0.44936084747314453,0.6358540058135986,0.44248509407043457,0.46321892738342285,0.3912630081176758,0.7932202816009521,0.302915096282959,0.32933688163757324,0.3989419937133789,0.39223718643188477,0.33161497116088867,0.2558572292327881,0.3000028133392334,0.48827314376831055,0.32059502601623535,0.2774348258972168,0.26786184310913086,0.24974393844604492,0.44144201278686523,0.3069639205932617,0.3552820682525635,0.2989010810852051,0.3977320194244385,0.3774237632751465,0.27082324028015137,0.21377921104431152
0.01	GG	0.6337571144104004,0.5818469524383545,0.4369468688964844,0.477524995803833,0.8112103939056396,0.2702369689941406,0.9240529537200928,0.6250009536743164,0.33876991271972656,0.41002798080444336,0.688209056854248,0.4746897220611572,0.48209404945373535,0.25420713424682617,0.6049900054931641,0.6640207767486572,0.42509984970092773,0.32953405380249023,0.3804030418395996,0.8350801467895508,0.44125819206237793,0.3160829544067383,0.4794769287109375,0.5483760833740234,0.5620772838592529,0.647608757019043,0.9024913311004639,0.3266429901123047,0.7292718887329102,0.36276936531066895,0.6476209163665771,0.7966899871826172,0.41727471351623535,0.6945300102233887,0.4042637348175049,0.5632631778717041,0.6898870468139648,0.3370170593261719,0.25063395500183105,0.45712995529174805,0.9569540023803711,0.5531389713287354,0.48958683013916016,0.6643009185791016,0.49128103256225586,0.37250304222106934,0.4569699764251709,0.2830798625946045,0.47358107566833496,0.7868020534515381,0.47600889205932617,0.6416788101196289,0.346904993057251,0.29584193229675293,0.6900732517242432,0.5305578708648682,0.2440810203552246,0.8552918434143066,0.4234340190887451,0.6077980995178223,0.5329492092132568,0.6573882102966309,0.5072119235992432,0.5827770233154297,0.22011065483093262,0.6910219192504883,0.6281149387359619,0.505640983581543,0.5928189754486084,0.4649829864501953,0.3822472095489502,0.4183831214904785,0.2930591106414795,0.22933411598205566,0.3746337890625,0.427962064743042,0.5985939502716064,0.502213716506958,0.47061824798583984,0.3633458614349365,0.31511902809143066,0.4259073734283447,0.7177948951721191,0.8044719696044922,0.4920461177825928,0.7321829795837402,0.3815898895263672,0.48168301582336426,1.0418891906738281,0.9001619815826416,0.8960299491882324,1.0975699424743652,0.5910730361938477,1.5647337436676025,0.7539799213409424,0.5550220012664795,1.2734510898590088,0.6250967979431152,0.8145589828491211,0.5972540378570557,0.37081122398376465,0.8039429187774658,0.32918691635131836,0.6073620319366455,0.5057520866394043,1.0198872089385986,0.7993769645690918,0.5716848373413086,0.6093807220458984,0.48224472999572754,0.4061751365661621,0.7291669845581055,0.32919883728027344,0.31049227714538574,0.7335851192474365,0.9505798816680908,0.45865893363952637,0.786445140838623,0.34267187118530273,0.9705359935760498,0.4298830032348633,0.6475808620452881,0.33467698097229004,0.7992062568664551,0.9024591445922852,0.6305599212646484,0.5645511150360107,0.49775004386901855,0.4149346351623535,0.9703271389007568,0.9241089820861816,0.6099631786346436,0.5917220115661621,0.42603397369384766,0.8457438945770264,0.8580548763275146,0.3448808193206787,0.6709508895874023,0.8730287551879883,0.38797497749328613,0.7468581199645996,0.43434762954711914,0.428145170211792,0.6057310104370117,0.39099574089050293,0.3890671730041504,0.5231711864471436,0.2915358543395996,0.35048913955688477,0.6735732555389404,0.7130248546600342,0.3608582019805908,1.0443181991577148,0.533071756362915,0.4421260356903076,0.8279900550842285,0.8125488758087158,0.7231278419494629,0.7304987907409668,0.48940396308898926,0.5891590118408203,0.5832979679107666,0.9137129783630371,0.5913572311401367,0.8158218860626221,0.9309329986572266,0.5587902069091797,0.5524966716766357,0.305372953414917,0.7515897750854492,0.2971611022949219,0.7108709812164307,0.7764430046081543,0.7937657833099365,0.48713231086730957,0.35574889183044434,0.5829839706420898,0.4774668216705322,0.4864959716796875,0.8826806545257568,0.36768484115600586,0.18938302993774414,0.2530670166015625,0.26140379905700684,0.23223519325256348,0.374708890914917,0.42908525466918945,0.34221792221069336,0.43263983726501465,0.5478227138519287,0.2461109161376953,0.221358060836792,0.4285709857940674,0.45014500617980957,0.270488977432251,0.28147101402282715,0.42098212242126465,0.49962615966796875,0.4197378158569336,0.2238779067993164
0.01	GG2	0.6337571144104004,0.5818469524383545,0.4369468688964844,0.477524995803833,0.8112103939056396,0.2702369689941406,0.9240529537200928,0.6250009536743164,0.33876991271972656,0.41002798080444336,0.688209056854248,0.4746897220611572,0.48209404945373535,0.25420713424682617,0.6049900054931641,0.6640207767486572,0.42509984970092773,0.32953405380249023,0.3804030418395996,0.8350801467895508,0.44125819206237793,0.3160829544067383,0.4794769287109375,0.5483760833740234,0.5620772838592529,0.647608757019043,0.9024913311004639,0.3266429901123047,0.7292718887329102,0.36276936531066895,0.6476209163665771,0.7966899871826172,0.41727471351623535,0.6945300102233887,0.4042637348175049,0.5632631778717041,0.6898870468139648,0.3370170593261719,0.25063395500183105,0.45712995529174805,0.9569540023803711,0.5531389713287354,0.48958683013916016,0.6643009185791016,0.49128103256225586,0.37250304222106934,0.4569699764251709,0.2830798625946045,0.47358107566833496,0.7868020534515381,0.47600889205932617,0.6416788101196289,0.346904993057251,0.29584193229675293,0.6900732517242432,0.5305578708648682,0.2440810203552246,0.8552918434143066,0.4234340190887451,0.6077980995178223,0.5329492092132568,0.6573882102966309,0.5072119235992432,0.5827770233154297,0.22011065483093262,0.6910219192504883,0.6281149387359619,0.505640983581543,0.5928189754486084,0.4649829864501953,0.3822472095489502,0.4183831214904785,0.2930591106414795,0.22933411598205566,0.3746337890625,0.427962064743042,0.5985939502716064,0.502213716506958,0.47061824798583984,0.3633458614349365,0.31511902809143066,0.4259073734283447,0.7177948951721191,0.8044719696044922,0.4920461177825928,0.7321829795837402,0.3815898895263672,0.48168301582336426,1.0418891906738281,0.9001619815826416,0.8960299491882324,1.0975699424743652,0.5910730361938477,1.5647337436676025,0.7539799213409424,0.5550220012664795,1.2734510898590088,0.6250967979431152,0.8145589828491211,0.5972540378570557,0.37081122398376465,0.8039429187774658,0.32918691635131836,0.6073620319366455,0.5057520866394043,1.0198872089385986,0.7993769645690918,0.5716848373413086,0.6093807220458984,0.48224472999572754,0.4061751365661621,0.7291669845581055,0.32919883728027344,0.31049227714538574,0.7335851192474365,0.9505798816680908,0.45865893363952637,0.786445140838623,0.34267187118530273,0.9705359935760498,0.4298830032348633,0.6475808620452881,0.33467698097229004,0.7992062568664551,0.9024591445922852,0.6305599212646484,0.5645511150360107,0.49775004386901855,0.4149346351623535,0.9703271389007568,0.9241089820861816,0.6099631786346436,0.5917220115661621,0.42603397369384766,0.8457438945770264,0.8580548763275146,0.3448808193206787,0.6709508895874023,0.8730287551879883,0.38797497749328613,0.7468581199645996,0.43434762954711914,0.428145170211792,0.6057310104370117,0.39099574089050293,0.3890671730041504,0.5231711864471436,0.2915358543395996,0.35048913955688477,0.6735732555389404,0.7130248546600342,0.3608582019805908,1.0443181991577148,0.533071756362915,0.4421260356903076,0.8279900550842285,0.8125488758087158,0.7231278419494629,0.7304987907409668,0.48940396308898926,0.5891590118408203,0.5832979679107666,0.9137129783630371,0.5913572311401367,0.8158218860626221,0.9309329986572266,0.5587902069091797,0.5524966716766357,0.305372953414917,0.7515897750854492,0.2971611022949219,0.7108709812164307,0.7764430046081543,0.7937657833099365,0.48713231086730957,0.35574889183044434,0.5829839706420898,0.4774668216705322,0.4864959716796875,0.8826806545257568,0.36768484115600586,0.18938302993774414,0.2530670166015625,0.26140379905700684,0.23223519325256348,0.374708890914917,0.42908525466918945,0.34221792221069336,0.43263983726501465,0.5478227138519287,0.2461109161376953,0.221358060836792,0.4285709857940674,0.45014500617980957,0.270488977432251,0.28147101402282715,0.42098212242126465,0.49962615966796875,0.4197378158569336,0.2238779067993164
0.02	GEE	0.009402751922607422,0.009450912475585938,0.009976863861083984,0.010179281234741211,0.010036945343017578,0.01035308837890625,0.010299205780029297,0.009882688522338867,0.009753227233886719,0.009652137756347656,0.009742021560668945,0.00956106185913086,0.009515047073364258,0.009416818618774414,0.009536981582641602,0.009511232376098633,0.009735822677612305,0.009760856628417969,0.009315013885498047,0.00976109504699707,0.00942683219909668,0.009933710098266602,0.009516239166259766,0.009493112564086914,0.009711980819702148,0.009666919708251953,0.009555816650390625,0.009388923645019531,0.009579658508300781,0.009406089782714844,0.009107112884521484,0.009192943572998047,0.00891423225402832,0.009200096130371094,0.009001016616821289,0.009011983871459961,0.009213924407958984,0.009027719497680664,0.008892297744750977,0.009165048599243164,0.008974075317382812,0.008954763412475586,0.009157180786132812,0.008986949920654297,0.008997678756713867,0.008791923522949219,0.009198904037475586,0.008905887603759766,0.009303808212280273,0.009213924407958984,0.009120941162109375,0.008980989456176758,0.008766889572143555,0.008915901184082031,0.00902867317199707,0.009284019470214844,0.009416818618774414,0.009039163589477539,0.008923053741455078,0.009181737899780273,0.009109973907470703,0.008954048156738281,0.008891105651855469,0.008807182312011719,0.009097814559936523,0.009152889251708984,0.009010076522827148,0.008949041366577148,0.008870840072631836,0.008980035781860352,0.008986949920654297,0.009032011032104492,0.00929713249206543,0.009061098098754883,0.008996009826660156,0.008910894393920898,0.009174108505249023,0.009153127670288086,0.00900888442993164,0.009029865264892578,0.009362936019897461,0.008984088897705078,0.008871793746948242,0.008894920349121094,0.008942127227783203,0.008957862854003906,0.009198904037475586,0.008872270584106445,0.008870840072631836,0.00913095474243164,0.008937835693359375,0.009126901626586914,0.008922815322875977,0.00889277458190918,0.009057998657226562,0.00904393196105957,0.009344100952148438,0.008985757827758789,0.009024858474731445,0.009150981903076172,0.008914947509765625,0.009150028228759766,0.00890207290649414,0.009011030197143555,0.009185075759887695,0.008980989456176758,0.009112119674682617,0.009118080139160156,0.008975028991699219,0.009069204330444336,0.009479999542236328,0.008976221084594727,0.008833885192871094,0.008913993835449219,0.00950932502746582,0.008862972259521484,0.009113073348999023,0.008968114852905273,0.008951902389526367,0.009041070938110352,0.00906515121459961,0.009298086166381836,0.009077787399291992,0.008962154388427734,0.009124755859375,0.009145259857177734,0.009153127670288086,0.009221076965332031,0.009028196334838867,0.009257078170776367,0.009063959121704102,0.009083271026611328,0.009150981903076172,0.009090900421142578,0.009059906005859375,0.008889198303222656,0.00892019271850586,0.009296894073486328,0.009026050567626953,0.008960962295532227,0.009153127670288086,0.008932828903198242,0.009644031524658203,0.009942054748535156,0.009840726852416992,0.009430885314941406,0.008871793746948242,0.009119987487792969,0.009437084197998047,0.008887767791748047,0.009118080139160156,0.008957147598266602,0.008861303329467773,0.008919000625610352,0.009133100509643555,0.00888204574584961,0.009096384048461914,0.00892496109008789,0.008973836898803711,0.009279012680053711,0.008955001831054688,0.008976221084594727,0.009034156799316406,0.009254217147827148,0.009698867797851562,0.009234905242919922,0.009816169738769531,0.00920414924621582,0.009018182754516602,0.009576797485351562,0.009401082992553711,0.009265899658203125,0.009264945983886719,0.009299039840698242,0.009381771087646484,0.009202241897583008,0.009142875671386719,0.009052038192749023,0.008864879608154297,0.009425163269042969,0.009019851684570312,0.009107828140258789,0.009010076522827148,0.009090900421142578,0.009318828582763672,0.008947134017944336,0.009356021881103516,0.009064912796020508,0.009071111679077148,0.009659051895141602,0.008948087692260742,0.009360074996948242,0.009245157241821289,0.009210824966430664,0.00929713249206543,0.00909423828125,0.00934290885925293,0.009062767028808594,0.008952140808105469,0.009191274642944336
0.02	GNN	0.3123509883880615,0.3236861228942871,0.316486120223999,0.2697737216949463,0.29117798805236816,0.2879180908203125,0.23023295402526855,0.29067492485046387,0.2674093246459961,0.2069079875946045,0.23338866233825684,0.4343223571777344,0.4379260540008545,0.3098411560058594,0.1949601173400879,0.2965431213378906,0.3508460521697998,0.220595121383667,0.389894962310791,0.20908904075622559,0.2408750057220459,0.19312167167663574,0.39851808547973633,0.24943804740905762,0.2812352180480957,0.24779224395751953,0.25326013565063477,0.2541990280151367,0.2625389099121094,0.4195079803466797,0.48871278762817383,0.305804967880249,0.3413820266723633,0.3019990921020508,0.2726097106933594,0.28824400901794434,0.31044888496398926,0.32179808616638184,0.30583786964416504,0.30272793769836426,0.3502490520477295,0.375108003616333,0.31416773796081543,0.30077099800109863,0.27952003479003906,0.553184986114502,0.23359107971191406,0.28729915618896484,0.24892616271972656,0.30121493339538574,0.4165008068084717,0.26474499702453613,0.2472391128540039,0.2364358901977539,0.2564370632171631,0.24943208694458008,0.32406115531921387,0.3164989948272705,0.3046419620513916,0.3801460266113281,0.5449340343475342,0.2499070167541504,0.3238658905029297,0.3024749755859375,0.21124887466430664,0.5132172107696533,0.3998270034790039,0.25635313987731934,0.2849280834197998,0.259843111038208,0.35538220405578613,0.3389129638671875,0.5102322101593018,0.319594144821167,0.3507649898529053,0.36559605598449707,0.26462483406066895,0.3076627254486084,0.2844090461730957,0.3062257766723633,0.34989190101623535,0.25606513023376465,0.31510019302368164,0.2611877918243408,0.29270076751708984,0.35372304916381836,0.2528970241546631,0.3616788387298584,0.2950439453125,0.33609795570373535,0.4042057991027832,0.2492661476135254,0.23241972923278809,0.4452168941497803,0.38932108879089355,0.31860804557800293,0.233018159866333,0.3067951202392578,0.2389669418334961,0.23665618896484375,0.27843499183654785,0.36538004875183105,0.3803389072418213,0.2793238162994385,0.24182701110839844,0.765937089920044,0.25360822677612305,0.3693230152130127,0.2592620849609375,0.27127671241760254,0.4097940921783447,0.27027392387390137,0.29621410369873047,0.3816671371459961,0.24194908142089844,0.3190271854400635,0.29729604721069336,0.2765028476715088,0.32085585594177246,0.3183751106262207,0.29810285568237305,0.25553321838378906,0.2966949939727783,0.28963518142700195,0.42061495780944824,0.30230712890625,0.4066779613494873,0.29259681701660156,0.30245208740234375,0.32793116569519043,0.25958895683288574,0.32307982444763184,0.29389476776123047,0.3879969120025635,0.37891578674316406,0.322141170501709,0.2534651756286621,0.40730786323547363,0.4926609992980957,0.3765401840209961,0.3655250072479248,0.24252700805664062,0.4765751361846924,0.2539041042327881,0.2971823215484619,0.28166723251342773,0.2503550052642822,0.42220401763916016,0.23816704750061035,0.3428993225097656,0.4810059070587158,0.29512906074523926,0.25415587425231934,0.22419404983520508,0.25040388107299805,0.29000306129455566,0.3576638698577881,0.2736639976501465,0.4181511402130127,0.3199169635772705,0.30657100677490234,0.2254478931427002,0.34998488426208496,0.26569414138793945,0.3838357925415039,0.3691420555114746,0.30421876907348633,0.25075602531433105,0.27653980255126953,0.36392903327941895,0.35010313987731934,0.4788370132446289,0.3885939121246338,0.2538719177246094,0.3064429759979248,0.2904338836669922,0.352370023727417,0.2782552242279053,0.2520627975463867,0.44498729705810547,0.4310789108276367,0.3562500476837158,0.34035301208496094,0.3459310531616211,0.28169989585876465,0.24503397941589355,0.2894461154937744,0.3094656467437744,0.3632018566131592,0.34798097610473633,0.3160369396209717,0.42246294021606445,0.21143198013305664,0.3397061824798584,0.2715129852294922,0.33043479919433594,0.5460400581359863,0.25335001945495605,0.21054315567016602,0.2694091796875
0.02	GG	0.26523590087890625,0.2855651378631592,0.28717899322509766,0.2869300842285156,0.4633829593658447,0.29224276542663574,0.5266430377960205,0.3760221004486084,0.1851651668548584,0.34623098373413086,0.33403682708740234,0.420443058013916,0.38425588607788086,0.18357133865356445,0.32764196395874023,0.2377159595489502,0.4743030071258545,0.20196986198425293,0.2569870948791504,0.23656892776489258,0.37367796897888184,0.40529799461364746,0.35776591300964355,0.3483600616455078,0.32490015029907227,0.5099549293518066,0.43903684616088867,0.18129301071166992,0.44495725631713867,0.4164307117462158,0.40595388412475586,0.45854997634887695,0.20008611679077148,0.19985580444335938,0.2818269729614258,0.4338498115539551,0.4075620174407959,0.2007460594177246,0.3981649875640869,0.5230610370635986,0.42200398445129395,0.4507460594177246,0.3549540042877197,0.5365691184997559,0.3811361789703369,0.25582003593444824,0.34069204330444336,0.2016468048095703,0.35053396224975586,0.38396525382995605,0.42774391174316406,0.3170480728149414,0.22046303749084473,0.37631773948669434,0.4543948173522949,0.30260515213012695,0.28093791007995605,0.49898195266723633,0.42427611351013184,0.6494448184967041,0.5147247314453125,0.37696385383605957,0.37145495414733887,0.36069202423095703,0.25696301460266113,0.5029590129852295,0.5225658416748047,0.4853518009185791,0.4535789489746094,0.49478864669799805,0.44759297370910645,0.3041222095489502,0.20850706100463867,0.3407449722290039,0.19835710525512695,0.21951603889465332,0.7239727973937988,0.22369980812072754,0.440936803817749,0.439500093460083,0.3488729000091553,0.36428093910217285,0.4610629081726074,0.4211158752441406,0.4127042293548584,0.34409117698669434,0.1954050064086914,0.36768007278442383,0.6133050918579102,0.41550517082214355,0.45766186714172363,0.5430371761322021,0.39673805236816406,0.6021518707275391,0.47745275497436523,0.3715181350708008,0.5405557155609131,0.3513021469116211,0.4935770034790039,0.3537890911102295,0.3523118495941162,0.6596291065216064,0.19536590576171875,0.48022913932800293,0.4349827766418457,0.37992119789123535,0.42722511291503906,0.21244287490844727,0.32706403732299805,0.3386209011077881,0.36034202575683594,0.44757866859436035,0.20144271850585938,0.5686168670654297,0.5171473026275635,0.6020028591156006,0.33835506439208984,0.527616024017334,0.1975841522216797,0.499265193939209,0.4596230983734131,0.3574049472808838,0.30927491188049316,0.2998652458190918,0.47165393829345703,0.4394521713256836,0.22069025039672852,0.500328779220581,0.19824671745300293,0.6828820705413818,0.22067880630493164,0.5521671772003174,0.2650480270385742,0.3113112449645996,0.5857460498809814,0.4679238796234131,0.23633289337158203,0.27094197273254395,0.4482910633087158,0.21293997764587402,0.46830296516418457,0.40253376960754395,0.3175818920135498,0.25611400604248047,0.24466776847839355,0.19882678985595703,0.35271286964416504,0.19542598724365234,0.19852066040039062,0.3906362056732178,0.33205509185791016,0.19766998291015625,0.4618861675262451,0.31815600395202637,0.40088319778442383,0.4504518508911133,0.40484142303466797,0.2895030975341797,0.42763400077819824,0.2621281147003174,0.33084702491760254,0.2224140167236328,0.3286468982696533,0.4186429977416992,0.30380892753601074,0.4808943271636963,0.4586300849914551,0.5104398727416992,0.20643210411071777,0.43395185470581055,0.3164958953857422,0.48720598220825195,0.5622820854187012,0.39220190048217773,0.3959038257598877,0.19991397857666016,0.3572957515716553,0.34812188148498535,0.4688241481781006,0.7132949829101562,0.6070551872253418,0.35924291610717773,0.22324419021606445,0.34596824645996094,0.3078591823577881,0.5269303321838379,0.35440802574157715,0.5908868312835693,0.4058380126953125,0.5136728286743164,0.35141992568969727,0.27506518363952637,0.34448885917663574,0.5005388259887695,0.34726810455322266,0.46022582054138184,0.32750487327575684,0.5074191093444824,0.4220390319824219,0.2653040885925293
0.02	GG2	0.26523590087890625,0.2855651378631592,0.28717899322509766,0.2869300842285156,0.4633829593658447,0.29224276542663574,0.5266430377960205,0.3760221004486084,0.1851651668548584,0.34623098373413086,0.33403682708740234,0.420443058013916,0.38425588607788086,0.18357133865356445,0.32764196395874023,0.2377159595489502,0.4743030071258545,0.20196986198425293,0.2569870948791504,0.23656892776489258,0.37367796897888184,0.40529799461364746,0.35776591300964355,0.3483600616455078,0.32490015029907227,0.5099549293518066,0.43903684616088867,0.18129301071166992,0.44495725631713867,0.4164307117462158,0.40595388412475586,0.45854997634887695,0.20008611679077148,0.19985580444335938,0.2818269729614258,0.4338498115539551,0.4075620174407959,0.2007460594177246,0.3981649875640869,0.5230610370635986,0.42200398445129395,0.4507460594177246,0.3549540042877197,0.5365691184997559,0.3811361789703369,0.25582003593444824,0.34069204330444336,0.2016468048095703,0.35053396224975586,0.38396525382995605,0.42774391174316406,0.3170480728149414,0.22046303749084473,0.37631773948669434,0.4543948173522949,0.30260515213012695,0.28093791007995605,0.49898195266723633,0.42427611351013184,0.6494448184967041,0.5147247314453125,0.37696385383605957,0.37145495414733887,0.36069202423095703,0.25696301460266113,0.5029590129852295,0.5225658416748047,0.4853518009185791,0.4535789489746094,0.49478864669799805,0.44759297370910645,0.3041222095489502,0.20850706100463867,0.3407449722290039,0.19835710525512695,0.21951603889465332,0.7239727973937988,0.22369980812072754,0.440936803817749,0.439500093460083,0.3488729000091553,0.36428093910217285,0.4610629081726074,0.4211158752441406,0.4127042293548584,0.34409117698669434,0.1954050064086914,0.36768007278442383,0.6133050918579102,0.41550517082214355,0.45766186714172363,0.5430371761322021,0.39673805236816406,0.6021518707275391,0.47745275497436523,0.3715181350708008,0.5405557155609131,0.3513021469116211,0.4935770034790039,0.3537890911102295,0.3523118495941162,0.6596291065216064,0.19536590576171875,0.48022913932800293,0.4349827766418457,0.37992119789123535,0.42722511291503906,0.21244287490844727,0.32706403732299805,0.3386209011077881,0.36034202575683594,0.44757866859436035,0.20144271850585938,0.5686168670654297,0.5171473026275635,0.6020028591156006,0.33835506439208984,0.527616024017334,0.1975841522216797,0.499265193939209,0.4596230983734131,0.3574049472808838,0.30927491188049316,0.2998652458190918,0.47165393829345703,0.4394521713256836,0.22069025039672852,0.500328779220581,0.19824671745300293,0.6828820705413818,0.22067880630493164,0.5521671772003174,0.2650480270385742,0.3113112449645996,0.5857460498809814,0.4679238796234131,0.23633289337158203,0.27094197273254395,0.4482910633087158,0.21293997764587402,0.46830296516418457,0.40253376960754395,0.3175818920135498,0.25611400604248047,0.24466776847839355,0.19882678985595703,0.35271286964416504,0.19542598724365234,0.19852066040039062,0.3906362056732178,0.33205509185791016,0.19766998291015625,0.4618861675262451,0.31815600395202637,0.40088319778442383,0.4504518508911133,0.40484142303466797,0.2895030975341797,0.42763400077819824,0.2621281147003174,0.33084702491760254,0.2224140167236328,0.3286468982696533,0.4186429977416992,0.30380892753601074,0.4808943271636963,0.4586300849914551,0.5104398727416992,0.20643210411071777,0.43395185470581055,0.3164958953857422,0.48720598220825195,0.5622820854187012,0.39220190048217773,0.3959038257598877,0.19991397857666016,0.3572957515716553,0.34812188148498535,0.4688241481781006,0.7132949829101562,0.6070551872253418,0.35924291610717773,0.22324419021606445,0.34596824645996094,0.3078591823577881,0.5269303321838379,0.35440802574157715,0.5908868312835693,0.4058380126953125,0.5136728286743164,0.35141992568969727,0.27506518363952637,0.34448885917663574,0.5005388259887695,0.34726810455322266,0.46022582054138184,0.32750487327575684,0.5074191093444824,0.4220390319824219,0.2653040885925293
0.03	GEE	0.009870052337646484,0.009784936904907227,0.01114511489868164,0.010045289993286133,0.009779930114746094,0.0099029541015625,0.009979963302612305,0.009795188903808594,0.009902238845825195,0.009962081909179688,0.010335922241210938,0.01036691665649414,0.010236024856567383,0.010046958923339844,0.009984016418457031,0.010013103485107422,0.009833812713623047,0.009983062744140625,0.009845972061157227,0.010036945343017578,0.01001286506652832,0.009922981262207031,0.009953022003173828,0.010396957397460938,0.009965896606445312,0.009816169738769531,0.009898185729980469,0.009909868240356445,0.009826898574829102,0.009944915771484375,0.010177135467529297,0.009963035583496094,0.010144948959350586,0.010122060775756836,0.009917974472045898,0.010010242462158203,0.009759187698364258,0.009855031967163086,0.010210275650024414,0.009893178939819336,0.009824991226196289,0.009795904159545898,0.009943962097167969,0.01009821891784668,0.009948253631591797,0.009944677352905273,0.009757757186889648,0.009905099868774414,0.01018214225769043,0.009924173355102539,0.010326862335205078,0.010076761245727539,0.009917020797729492,0.010022878646850586,0.009938955307006836,0.009885787963867188,0.010281801223754883,0.009979009628295898,0.009913206100463867,0.010257959365844727,0.00984501838684082,0.010086297988891602,0.010178089141845703,0.010069131851196289,0.010022163391113281,0.010003805160522461,0.009947061538696289,0.010449886322021484,0.010085821151733398,0.010014772415161133,0.009779930114746094,0.010173320770263672,0.010006904602050781,0.009918928146362305,0.010259389877319336,0.009829044342041016,0.010261058807373047,0.009846925735473633,0.010164976119995117,0.010210990905761719,0.010107994079589844,0.010096073150634766,0.010166168212890625,0.009785175323486328,0.010136127471923828,0.00990915298461914,0.010026931762695312,0.009929895401000977,0.009994029998779297,0.010049819946289062,0.01023721694946289,0.016524791717529297,0.010055303573608398,0.010083675384521484,0.010349035263061523,0.009921789169311523,0.010182857513427734,0.010007858276367188,0.009968042373657227,0.01002812385559082,0.009784221649169922,0.0098419189453125,0.01023101806640625,0.009713172912597656,0.01007223129272461,0.010295867919921875,0.010075807571411133,0.009907960891723633,0.010093927383422852,0.009946107864379883,0.010117053985595703,0.009984016418457031,0.01014089584350586,0.009957075119018555,0.0100860595703125,0.009814977645874023,0.009974002838134766,0.01014399528503418,0.009968042373657227,0.009979009628295898,0.00987696647644043,0.010253667831420898,0.009932994842529297,0.010341882705688477,0.010127067565917969,0.009923696517944336,0.01049494743347168,0.01015925407409668,0.010225772857666016,0.010481834411621094,0.00997304916381836,0.01056671142578125,0.010010719299316406,0.010059118270874023,0.010373830795288086,0.009891033172607422,0.010081768035888672,0.010079145431518555,0.009810924530029297,0.01001286506652832,0.009990930557250977,0.010229110717773438,0.009865999221801758,0.010169029235839844,0.010174989700317383,0.010085821151733398,0.010267972946166992,0.009949207305908203,0.010050058364868164,0.010093212127685547,0.010151863098144531,0.010189056396484375,0.00999307632446289,0.01022791862487793,0.010078907012939453,0.010010242462158203,0.009946823120117188,0.01012420654296875,0.010020971298217773,0.010100126266479492,0.010020971298217773,0.0106658935546875,0.01003718376159668,0.01027679443359375,0.010195016860961914,0.010089874267578125,0.010360240936279297,0.010061025619506836,0.010130882263183594,0.010180234909057617,0.010037899017333984,0.010357856750488281,0.009963035583496094,0.010373115539550781,0.010344743728637695,0.010264873504638672,0.009977102279663086,0.010239839553833008,0.010263204574584961,0.010046243667602539,0.010102033615112305,0.009917259216308594,0.010332822799682617,0.00979304313659668,0.010397195816040039,0.00995492935180664,0.010402917861938477,0.009904861450195312,0.010092020034790039,0.01038980484008789,0.010294914245605469,0.00999307632446289,0.010267019271850586,0.010004997253417969,0.010287761688232422,0.010097265243530273,0.010210037231445312,0.00997781753540039,0.00983119010925293,0.010423898696899414
0.03	GNN	0.45996713638305664,0.3196449279785156,0.2575709819793701,0.3464949131011963,0.3570210933685303,0.4005320072174072,0.27265000343322754,0.21922993659973145,0.2936208248138428,0.2221360206604004,0.30889892578125,0.2903921604156494,0.3456859588623047,0.39963316917419434,0.3229858875274658,0.305739164352417,0.24229979515075684,0.2082529067993164,0.2918269634246826,0.23718929290771484,0.2707250118255615,0.2668321132659912,0.39203786849975586,0.2960989475250244,0.2745218276977539,0.2528951168060303,0.27446699142456055,0.32083892822265625,0.2854430675506592,0.5074260234832764,0.2995028495788574,0.4157750606536865,0.2190849781036377,0.40529584884643555,0.4661860466003418,0.3997979164123535,0.30390310287475586,0.29161906242370605,0.549400806427002,0.39327096939086914,0.49454307556152344,0.31323814392089844,0.27115821838378906,0.2398548126220703,0.2583019733428955,0.33626222610473633,0.2642543315887451,0.2821669578552246,0.36824774742126465,0.34902191162109375,0.3124661445617676,0.3339240550994873,0.4626779556274414,0.2933080196380615,0.26372599601745605,0.33368396759033203,0.37245988845825195,0.25090789794921875,0.2133197784423828,0.2705059051513672,0.2204298973083496,0.336519718170166,0.2923290729522705,0.2997438907623291,0.2436051368713379,0.541611909866333,0.24630188941955566,0.26873087882995605,0.2344651222229004,0.26631712913513184,0.34649181365966797,0.3258533477783203,0.30489492416381836,0.3029451370239258,0.4165189266204834,0.5592000484466553,0.4609200954437256,0.2792329788208008,0.28577423095703125,0.3083200454711914,0.41692066192626953,0.4941596984863281,0.33706188201904297,0.3285820484161377,0.33339786529541016,0.3379819393157959,0.3217809200286865,0.4261777400970459,0.29990506172180176,0.2806577682495117,0.2503468990325928,0.2996349334716797,0.26149511337280273,0.28923583030700684,0.3752303123474121,0.2928733825683594,0.30962395668029785,0.3554549217224121,0.25339698791503906,0.3127632141113281,0.36022210121154785,0.3858969211578369,0.43082594871520996,0.25402021408081055,0.3843257427215576,0.27679014205932617,0.46463704109191895,0.24831295013427734,0.347977876663208,0.32244086265563965,0.3865940570831299,0.30149197578430176,0.3024609088897705,0.2470688819885254,0.26436591148376465,0.29630374908447266,0.36322474479675293,0.3493838310241699,0.3460848331451416,0.28070712089538574,0.2309720516204834,0.27211475372314453,0.23571109771728516,0.28275418281555176,0.39162302017211914,0.41590189933776855,0.3487739562988281,0.2836909294128418,0.3232309818267822,0.40900111198425293,0.2856109142303467,0.4146440029144287,0.3032500743865967,0.5288047790527344,0.2786569595336914,0.2723689079284668,0.30702996253967285,0.2519831657409668,0.2697279453277588,0.4224739074707031,0.2729179859161377,0.24486398696899414,0.24595999717712402,0.35940098762512207,0.3800618648529053,0.40663695335388184,0.2557089328765869,0.3171968460083008,0.3021728992462158,0.27306604385375977,0.25719285011291504,0.2648429870605469,0.265261173248291,0.2987339496612549,0.38167500495910645,0.34400105476379395,0.38637304306030273,0.2926638126373291,0.3735659122467041,0.31130218505859375,0.39799928665161133,0.35472798347473145,0.47731804847717285,0.24103474617004395,0.47492313385009766,0.2541999816894531,0.23123717308044434,0.2693920135498047,0.24815607070922852,0.22610092163085938,0.2668571472167969,0.3491959571838379,0.32273411750793457,0.31937313079833984,0.5004410743713379,0.37557005882263184,0.300137996673584,0.3622598648071289,0.25986623764038086,0.42992305755615234,0.3259282112121582,0.26358723640441895,0.27030515670776367,0.33232688903808594,0.31049084663391113,0.23939776420593262,0.3693580627441406,0.3359951972961426,0.3696160316467285,0.34419679641723633,0.2852919101715088,0.2988150119781494,0.4084911346435547,0.36969494819641113,0.25524401664733887,0.42405200004577637,0.36917877197265625,0.2203352451324463,0.27744007110595703,0.3319249153137207
0.03	GG	0.3854680061340332,0.4460577964782715,0.5374069213867188,0.385936975479126,0.6912291049957275,0.3686408996582031,0.20694494247436523,0.3547840118408203,0.2059471607208252,0.3390967845916748,0.5053670406341553,0.3020951747894287,0.3752429485321045,0.20503711700439453,0.25409507751464844,0.31516098976135254,0.4274601936340332,0.3948698043823242,0.2865889072418213,0.4016749858856201,0.3725130558013916,0.3269922733306885,0.4599781036376953,0.4020853042602539,0.5542447566986084,0.4485969543457031,0.7893550395965576,0.30357885360717773,0.4267418384552002,0.3399040699005127,0.20870089530944824,0.33276963233947754,0.4837191104888916,0.29285097122192383,0.28832411766052246,0.4364898204803467,0.4613919258117676,0.2934689521789551,0.41675305366516113,0.36353516578674316,0.5346348285675049,0.35329198837280273,0.41371798515319824,0.37363696098327637,0.3416280746459961,0.310715913772583,0.37409400939941406,0.3697817325592041,0.44109106063842773,0.22488999366760254,0.34493231773376465,0.5496797561645508,0.28732967376708984,0.31563711166381836,0.5377352237701416,0.2977790832519531,0.2771461009979248,0.529202938079834,0.4581279754638672,0.5149366855621338,0.21219325065612793,0.39034199714660645,0.39568090438842773,0.5398170948028564,0.25000500679016113,0.4257071018218994,0.5438878536224365,0.45308780670166016,0.5943100452423096,0.35540223121643066,0.2252058982849121,0.3674600124359131,0.2826869487762451,0.2918848991394043,0.33313703536987305,0.20612788200378418,0.5258471965789795,0.26923704147338867,0.4734220504760742,0.33084702491760254,0.2734992504119873,0.46364307403564453,0.5462231636047363,0.41440606117248535,0.24539899826049805,0.44948601722717285,0.48658275604248047,0.4371519088745117,0.3926200866699219,0.37979602813720703,0.27965378761291504,0.42799997329711914,0.2773449420928955,0.4699442386627197,0.4690871238708496,0.4793720245361328,0.58479905128479,0.37201499938964844,0.554603099822998,0.5102641582489014,0.3297109603881836,0.31224608421325684,0.24987196922302246,0.47437119483947754,0.5625417232513428,0.5020859241485596,0.46755313873291016,0.40842390060424805,0.23404622077941895,0.31075596809387207,0.2531547546386719,0.3761630058288574,0.22083568572998047,0.4627859592437744,0.5129280090332031,0.5536110401153564,0.3153221607208252,0.37740087509155273,0.20796489715576172,0.5721638202667236,0.42896103858947754,0.20595002174377441,0.3167610168457031,0.4180278778076172,0.5327730178833008,0.4585001468658447,0.2921750545501709,0.5139322280883789,0.31114816665649414,0.6759588718414307,0.27295994758605957,0.5390379428863525,0.4148061275482178,0.2521352767944336,0.4452250003814697,0.5163259506225586,0.4700438976287842,0.32614684104919434,0.5042710304260254,0.24966192245483398,0.6774499416351318,0.46620607376098633,0.4193129539489746,0.5150580406188965,0.3046109676361084,0.28702306747436523,0.5213339328765869,0.42696690559387207,0.20447707176208496,0.47960996627807617,0.418626070022583,0.33646607398986816,0.5109901428222656,0.27709388732910156,0.40382909774780273,0.49997520446777344,0.5041069984436035,0.43733763694763184,0.4017360210418701,0.45006680488586426,0.47260284423828125,0.35457706451416016,0.3216278553009033,0.5502059459686279,0.41713523864746094,0.6048979759216309,0.6261491775512695,0.4164290428161621,0.24377012252807617,0.5213830471038818,0.3489551544189453,0.5233230590820312,0.4770548343658447,0.4691300392150879,0.31038808822631836,0.24576616287231445,0.5166130065917969,0.30240416526794434,0.46994876861572266,0.569206953048706,0.5893070697784424,0.560291051864624,0.33882594108581543,0.33463597297668457,0.4724118709564209,0.21288013458251953,0.2245631217956543,0.4386141300201416,0.44974184036254883,0.22442221641540527,0.38866186141967773,0.31586313247680664,0.606621265411377,0.42207813262939453,0.32050609588623047,0.362468957901001,0.9308459758758545,0.5164480209350586,0.4420320987701416,0.2051379680633545
0.03	GG2	0.3854680061340332,0.4460577964782715,0.5374069213867188,0.385936975479126,0.6912291049957275,0.3686408996582031,0.20694494247436523,0.3547840118408203,0.2059471607208252,0.3390967845916748,0.5053670406341553,0.3020951747894287,0.3752429485321045,0.20503711700439453,0.25409507751464844,0.31516098976135254,0.4274601936340332,0.3948698043823242,0.2865889072418213,0.4016749858856201,0.3725130558013916,0.3269922733306885,0.4599781036376953,0.4020853042602539,0.5542447566986084,0.4485969543457031,0.7893550395965576,0.30357885360717773,0.4267418384552002,0.3399040699005127,0.20870089530944824,0.33276963233947754,0.4837191104888916,0.29285097122192383,0.28832411766052246,0.4364898204803467,0.4613919258117676,0.2934689521789551,0.41675305366516113,0.36353516578674316,0.5346348285675049,0.35329198837280273,0.41371798515319824,0.37363696098327637,0.3416280746459961,0.310715913772583,0.37409400939941406,0.3697817325592041,0.44109106063842773,0.22488999366760254,0.34493231773376465,0.5496797561645508,0.28732967376708984,0.31563711166381836,0.5377352237701416,0.2977790832519531,0.2771461009979248,0.529202938079834,0.4581279754638672,0.5149366855621338,0.21219325065612793,0.39034199714660645,0.39568090438842773,0.5398170948028564,0.25000500679016113,0.4257071018218994,0.5438878536224365,0.45308780670166016,0.5943100452423096,0.35540223121643066,0.2252058982849121,0.3674600124359131,0.2826869487762451,0.2918848991394043,0.33313703536987305,0.20612788200378418,0.5258471965789795,0.26923704147338867,0.4734220504760742,0.33084702491760254,0.2734992504119873,0.46364307403564453,0.5462231636047363,0.41440606117248535,0.24539899826049805,0.44948601722717285,0.48658275604248047,0.4371519088745117,0.3926200866699219,0.37979602813720703,0.27965378761291504,0.42799997329711914,0.2773449420928955,0.4699442386627197,0.4690871238708496,0.4793720245361328,0.58479905128479,0.37201499938964844,0.554603099822998,0.5102641582489014,0.3297109603881836,0.31224608421325684,0.24987196922302246,0.47437119483947754,0.5625417232513428,0.5020859241485596,0.46755313873291016,0.40842390060424805,0.23404622077941895,0.31075596809387207,0.2531547546386719,0.3761630058288574,0.22083568572998047,0.4627859592437744,0.5129280090332031,0.5536110401153564,0.3153221607208252,0.37740087509155273,0.20796489715576172,0.5721638202667236,0.42896103858947754,0.20595002174377441,0.3167610168457031,0.4180278778076172,0.5327730178833008,0.4585001468658447,0.2921750545501709,0.5139322280883789,0.31114816665649414,0.6759588718414307,0.27295994758605957,0.5390379428863525,0.4148061275482178,0.2521352767944336,0.4452250003814697,0.5163259506225586,0.4700438976287842,0.32614684104919434,0.5042710304260254,0.24966192245483398,0.6774499416351318,0.46620607376098633,0.4193129539489746,0.5150580406188965,0.3046109676361084,0.28702306747436523,0.5213339328765869,0.42696690559387207,0.20447707176208496,0.47960996627807617,0.418626070022583,0.33646607398986816,0.5109901428222656,0.27709388732910156,0.40382909774780273,0.49997520446777344,0.5041069984436035,0.43733763694763184,0.4017360210418701,0.45006680488586426,0.47260284423828125,0.35457706451416016,0.3216278553009033,0.5502059459686279,0.41713523864746094,0.6048979759216309,0.6261491775512695,0.4164290428161621,0.24377012252807617,0.5213830471038818,0.3489551544189453,0.5233230590820312,0.4770548343658447,0.4691300392150879,0.31038808822631836,0.24576616287231445,0.5166130065917969,0.30240416526794434,0.46994876861572266,0.569206953048706,0.5893070697784424,0.560291051864624,0.33882594108581543,0.33463597297668457,0.4724118709564209,0.21288013458251953,0.2245631217956543,0.4386141300201416,0.44974184036254883,0.22442221641540527,0.38866186141967773,0.31586313247680664,0.606621265411377,0.42207813262939453,0.32050609588623047,0.362468957901001,0.9308459758758545,0.5164480209350586,0.4420320987701416,0.2051379680633545
0.04	GEE	0.010836124420166016,0.011181831359863281,0.010802984237670898,0.01366281509399414,0.010935783386230469,0.01101994514465332,0.010962963104248047,0.01091313362121582,0.010927915573120117,0.010899782180786133,0.01099395751953125,0.010930776596069336,0.011110067367553711,0.01100015640258789,0.010935783386230469,0.010871171951293945,0.011022090911865234,0.010925054550170898,0.010928869247436523,0.011047840118408203,0.011206865310668945,0.010979652404785156,0.01102900505065918,0.01108407974243164,0.010805130004882812,0.011736154556274414,0.011439800262451172,0.010867834091186523,0.011977910995483398,0.010833978652954102,0.011183977127075195,0.01118016242980957,0.011085033416748047,0.010936975479125977,0.010912895202636719,0.011150836944580078,0.01092982292175293,0.01081395149230957,0.01132512092590332,0.01085209846496582,0.011235237121582031,0.011134147644042969,0.01166391372680664,0.011260032653808594,0.010933876037597656,0.0107879638671875,0.011281013488769531,0.010944128036499023,0.011069059371948242,0.01104116439819336,0.011255025863647461,0.011118173599243164,0.01093292236328125,0.010980844497680664,0.012141942977905273,0.011058330535888672,0.011450052261352539,0.01119375228881836,0.010831117630004883,0.011600255966186523,0.011234045028686523,0.011372804641723633,0.011505842208862305,0.011101007461547852,0.011091947555541992,0.011287927627563477,0.011269092559814453,0.011542081832885742,0.011349201202392578,0.011093854904174805,0.011214017868041992,0.010937929153442383,0.01096200942993164,0.011422872543334961,0.010988235473632812,0.011337995529174805,0.010792970657348633,0.011136054992675781,0.011188983917236328,0.01104116439819336,0.010985851287841797,0.011157035827636719,0.011409997940063477,0.011220932006835938,0.011178016662597656,0.011140108108520508,0.010981082916259766,0.010966062545776367,0.01116490364074707,0.010821819305419922,0.010747194290161133,0.011137962341308594,0.011201858520507812,0.010942935943603516,0.011163949966430664,0.011234760284423828,0.011332273483276367,0.01091313362121582,0.011651039123535156,0.01141810417175293,0.011053085327148438,0.011355161666870117,0.011295795440673828,0.01091623306274414,0.01108407974243164,0.011112213134765625,0.011252403259277344,0.011383056640625,0.011193037033081055,0.011582136154174805,0.010977029800415039,0.011144876480102539,0.010943889617919922,0.01113581657409668,0.011445999145507812,0.011027812957763672,0.011544942855834961,0.01125025749206543,0.010944843292236328,0.011288166046142578,0.01077413558959961,0.011338949203491211,0.011025190353393555,0.010919809341430664,0.01118612289428711,0.011070013046264648,0.011222124099731445,0.010925769805908203,0.011077165603637695,0.011386871337890625,0.011427164077758789,0.011098861694335938,0.011263847351074219,0.01137399673461914,0.011065959930419922,0.011088132858276367,0.011516094207763672,0.011079072952270508,0.011178970336914062,0.011162281036376953,0.010925054550170898,0.01125192642211914,0.010939836502075195,0.011026144027709961,0.010977983474731445,0.01102590560913086,0.010965108871459961,0.010805130004882812,0.010985136032104492,0.011272192001342773,0.010940313339233398,0.010863065719604492,0.010819196701049805,0.01144099235534668,0.01088094711303711,0.011132955551147461,0.011025190353393555,0.010991096496582031,0.011063098907470703,0.011018037796020508,0.011171817779541016,0.010957956314086914,0.011013984680175781,0.011039972305297852,0.01104879379272461,0.011123895645141602,0.011340141296386719,0.011180877685546875,0.011120796203613281,0.01116180419921875,0.010876178741455078,0.011208772659301758,0.011132955551147461,0.011065244674682617,0.011122941970825195,0.01108098030090332,0.011323928833007812,0.010934114456176758,0.011192798614501953,0.01117706298828125,0.011293888092041016,0.01117706298828125,0.011090278625488281,0.010977983474731445,0.011160135269165039,0.01110982894897461,0.011260032653808594,0.011060953140258789,0.011355161666870117,0.011309146881103516,0.011126995086669922,0.011312007904052734,0.011003255844116211,0.011120796203613281,0.01119685173034668,0.011276006698608398,0.011137962341308594,0.011021137237548828,0.011089801788330078,0.011034727096557617
0.04	GNN	0.5143458843231201,0.23702716827392578,0.21639680862426758,0.3444509506225586,0.3770570755004883,0.2760140895843506,0.41277575492858887,0.23143815994262695,0.24330377578735352,0.24055790901184082,0.4670379161834717,0.4547898769378662,0.2330632209777832,0.41663098335266113,0.43308186531066895,0.6567466259002686,0.31572604179382324,0.22973990440368652,0.5182380676269531,0.2983889579772949,0.35640597343444824,0.23932600021362305,0.351682186126709,0.30638599395751953,0.318126916885376,0.29025888442993164,0.3228428363800049,0.33770084381103516,0.35460710525512695,0.32141900062561035,0.30196118354797363,0.31989312171936035,0.3899710178375244,0.26209187507629395,0.3089327812194824,0.376924991607666,0.2627828121185303,0.2980637550354004,0.2584209442138672,0.2724180221557617,0.2619788646697998,0.3031611442565918,0.33568787574768066,0.23055386543273926,0.3199007511138916,0.39040493965148926,0.3965878486633301,0.27039623260498047,0.26514101028442383,0.3449070453643799,0.3456871509552002,0.2733588218688965,0.3603687286376953,0.4069349765777588,0.37402796745300293,0.48468923568725586,0.3271470069885254,0.31044507026672363,0.28287816047668457,0.43234682083129883,0.24140381813049316,0.34519290924072266,0.4265899658203125,0.3589920997619629,0.24109697341918945,0.3808479309082031,0.25775575637817383,0.32288193702697754,0.2529568672180176,0.4769020080566406,0.27848196029663086,0.39736008644104004,0.34000515937805176,0.2179868221282959,0.46581602096557617,0.32729172706604004,0.26514720916748047,0.3035566806793213,0.4547889232635498,0.3218958377838135,0.3131129741668701,0.37822484970092773,0.30151915550231934,0.2902641296386719,0.2841060161590576,0.38570070266723633,0.24228286743164062,0.4626607894897461,0.3455679416656494,0.4883129596710205,0.5192759037017822,0.2642672061920166,0.26406288146972656,0.4116811752319336,0.22349309921264648,0.26567721366882324,0.46616601943969727,0.3300490379333496,0.4161510467529297,0.42359185218811035,0.32271790504455566,0.3163599967956543,0.37330102920532227,0.36267709732055664,0.3258681297302246,0.3899209499359131,0.2429051399230957,0.2551999092102051,0.3795473575592041,0.3547511100769043,0.3663771152496338,0.27979326248168945,0.28974199295043945,0.31653404235839844,0.41384077072143555,0.30675292015075684,0.26957201957702637,0.46781015396118164,0.41846394538879395,0.3799009323120117,0.2845649719238281,0.21984291076660156,0.4626948833465576,0.3804011344909668,0.2919270992279053,0.2846798896789551,0.2773408889770508,0.3776257038116455,0.4946258068084717,0.3914449214935303,0.32132601737976074,0.362332820892334,0.38000988960266113,0.2707970142364502,0.33615589141845703,0.22360491752624512,0.2677760124206543,0.40754199028015137,0.2555661201477051,0.33081722259521484,0.3040177822113037,0.42743706703186035,0.3739051818847656,0.3056042194366455,0.42736005783081055,0.2998392581939697,0.2672262191772461,0.36185598373413086,0.42357563972473145,0.2979872226715088,0.3056061267852783,0.2458019256591797,0.3624250888824463,0.3457648754119873,0.28902626037597656,0.22003602981567383,0.458568811416626,0.33976221084594727,0.25653815269470215,0.246246337890625,0.31615209579467773,0.2531430721282959,0.2540550231933594,0.25879502296447754,0.35132312774658203,0.2358260154724121,0.3091418743133545,0.21053099632263184,0.37379908561706543,0.26303791999816895,0.29689908027648926,0.42903995513916016,0.2560598850250244,0.23207497596740723,0.26443982124328613,0.2920339107513428,0.33652806282043457,0.2859961986541748,0.28847789764404297,0.35395097732543945,0.22220897674560547,0.2818920612335205,0.28996801376342773,0.5559718608856201,0.47153615951538086,0.2686622142791748,0.23531699180603027,0.6186730861663818,0.2566342353820801,0.21471405029296875,0.36617112159729004,0.23778891563415527,0.27654409408569336,0.21924591064453125,0.2592141628265381,0.34195780754089355,0.345782995223999,0.2484269142150879,0.24082517623901367,0.29698872566223145
0.04	GG	0.3555769920349121,0.386868953704834,0.6731488704681396,0.40693211555480957,0.5658719539642334,0.21582293510437012,0.5111050605773926,0.6309788227081299,0.3997471332550049,0.30463695526123047,0.45137810707092285,0.4266541004180908,0.486875057220459,0.3654639720916748,0.487321138381958,0.3305349349975586,0.21807217597961426,0.3835148811340332,0.27415013313293457,0.3916311264038086,0.4709019660949707,0.33385586738586426,0.4609260559082031,0.3507699966430664,0.5155410766601562,0.6087789535522461,0.479550838470459,0.4253678321838379,0.5271296501159668,0.43657708168029785,0.22281289100646973,0.41673994064331055,0.3957090377807617,0.32386088371276855,0.2915170192718506,0.5424940586090088,0.48316383361816406,0.22270798683166504,0.31051015853881836,0.3832540512084961,0.5958659648895264,0.5250968933105469,0.45188403129577637,0.5781919956207275,0.4558372497558594,0.3513319492340088,0.39907097816467285,0.4368910789489746,0.5837008953094482,0.2759969234466553,0.4667840003967285,0.36293697357177734,0.2130110263824463,0.7067570686340332,0.856785774230957,0.42785096168518066,0.3767571449279785,0.5253047943115234,0.5462381839752197,0.5554320812225342,0.2228250503540039,0.46980810165405273,0.2978510856628418,0.38025712966918945,0.33179593086242676,0.38095688819885254,0.5312960147857666,0.4810910224914551,0.48981404304504395,0.5539917945861816,0.4602780342102051,0.4275979995727539,0.21846699714660645,0.2816281318664551,0.3578529357910156,0.24367475509643555,0.49576687812805176,0.3374509811401367,0.4310739040374756,0.35100793838500977,0.36156296730041504,0.45276904106140137,0.4443020820617676,0.576606035232544,0.4082670211791992,0.44087696075439453,0.300325870513916,0.52394700050354,0.6723320484161377,0.5163590908050537,0.5264837741851807,0.4437129497528076,0.42650604248046875,0.47324585914611816,0.44339513778686523,0.37140774726867676,0.45647096633911133,0.4127161502838135,0.5600430965423584,0.40114593505859375,0.5765409469604492,0.29229307174682617,0.3006119728088379,0.4959716796875,0.3541889190673828,0.36580920219421387,0.43376898765563965,0.3222510814666748,0.2460029125213623,0.39566516876220703,0.32151007652282715,0.46056604385375977,0.30157899856567383,0.5036470890045166,0.507742166519165,0.39598989486694336,0.30202388763427734,0.46175503730773926,0.21367096900939941,0.5738348960876465,0.371783971786499,0.21369314193725586,0.40607595443725586,0.33628177642822266,0.4172031879425049,0.5283691883087158,0.2656228542327881,0.44814205169677734,0.2592630386352539,0.64727783203125,0.2798140048980713,0.5087432861328125,0.3607358932495117,0.2899298667907715,0.7779591083526611,0.5102007389068604,0.37207889556884766,0.3394312858581543,0.5056431293487549,0.27140188217163086,0.6821348667144775,0.5860469341278076,0.4788942337036133,0.2862839698791504,0.2988600730895996,0.23775792121887207,0.39447784423828125,0.3253488540649414,0.2615969181060791,0.39696431159973145,0.3773479461669922,0.3037419319152832,0.4927048683166504,0.22842025756835938,0.42145633697509766,0.43127870559692383,0.46223902702331543,0.45657873153686523,0.3939821720123291,0.3390390872955322,0.5055391788482666,0.35226988792419434,0.28420186042785645,0.5869288444519043,0.21236515045166016,0.45261096954345703,0.442065954208374,0.3470311164855957,0.392193078994751,0.40085911750793457,0.2874410152435303,0.6693418025970459,0.22870612144470215,0.6326041221618652,0.2997879981994629,0.21227073669433594,0.3077099323272705,0.4961099624633789,0.44951510429382324,0.2134871482849121,0.596898078918457,0.3346278667449951,0.3866860866546631,0.3875699043273926,0.3936641216278076,0.4683859348297119,0.4106481075286865,0.6199338436126709,0.4429740905761719,0.21247100830078125,0.3920776844024658,0.36861395835876465,0.3572831153869629,0.33710789680480957,0.21024584770202637,0.44278812408447266,0.6052961349487305,0.501802921295166,0.5053408145904541,0.31815075874328613
0.04	GG2	0.3555769920349121,0.386868953704834,0.6731488704681396,0.40693211555480957,0.5658719539642334,0.21582293510437012,0.5111050605773926,0.6309788227081299,0.3997471332550049,0.30463695526123047,0.45137810707092285,0.4266541004180908,0.486875057220459,0.3654639720916748,0.487321138381958,0.3305349349975586,0.21807217597961426,0.3835148811340332,0.27415013313293457,0.3916311264038086,0.4709019660949707,0.33385586738586426,0.4609260559082031,0.3507699966430664,0.5155410766601562,0.6087789535522461,0.479550838470459,0.4253678321838379,0.5271296501159668,0.43657708168029785,0.22281289100646973,0.41673994064331055,0.3957090377807617,0.32386088371276855,0.2915170192718506,0.5424940586090088,0.48316383361816406,0.22270798683166504,0.31051015853881836,0.3832540512084961,0.5958659648895264,0.5250968933105469,0.45188403129577637,0.5781919956207275,0.4558372497558594,0.3513319492340088,0.39907097816467285,0.4368910789489746,0.5837008953094482,0.2759969234466553,0.4667840003967285,0.36293697357177734,0.2130110263824463,0.7067570686340332,0.856785774230957,0.42785096168518066,0.3767571449279785,0.5253047943115234,0.5462381839752197,0.5554320812225342,0.2228250503540039,0.46980810165405273,0.2978510856628418,0.38025712966918945,0.33179593086242676,0.38095688819885254,0.5312960147857666,0.4810910224914551,0.48981404304504395,0.5539917945861816,0.4602780342102051,0.4275979995727539,0.21846699714660645,0.2816281318664551,0.3578529357910156,0.24367475509643555,0.49576687812805176,0.3374509811401367,0.4310739040374756,0.35100793838500977,0.36156296730041504,0.45276904106140137,0.4443020820617676,0.576606035232544,0.4082670211791992,0.44087696075439453,0.300325870513916,0.52394700050354,0.6723320484161377,0.5163590908050537,0.5264837741851807,0.4437129497528076,0.42650604248046875,0.47324585914611816,0.44339513778686523,0.37140774726867676,0.45647096633911133,0.4127161502838135,0.5600430965423584,0.40114593505859375,0.5765409469604492,0.29229307174682617,0.3006119728088379,0.4959716796875,0.3541889190673828,0.36580920219421387,0.43376898765563965,0.3222510814666748,0.2460029125213623,0.39566516876220703,0.32151007652282715,0.46056604385375977,0.30157899856567383,0.5036470890045166,0.507742166519165,0.39598989486694336,0.30202388763427734,0.46175503730773926,0.21367096900939941,0.5738348960876465,0.371783971786499,0.21369314193725586,0.40607595443725586,0.33628177642822266,0.4172031879425049,0.5283691883087158,0.2656228542327881,0.44814205169677734,0.2592630386352539,0.64727783203125,0.2798140048980713,0.5087432861328125,0.3607358932495117,0.2899298667907715,0.7779591083526611,0.5102007389068604,0.37207889556884766,0.3394312858581543,0.5056431293487549,0.27140188217163086,0.6821348667144775,0.5860469341278076,0.4788942337036133,0.2862839698791504,0.2988600730895996,0.23775792121887207,0.39447784423828125,0.3253488540649414,0.2615969181060791,0.39696431159973145,0.3773479461669922,0.3037419319152832,0.4927048683166504,0.22842025756835938,0.42145633697509766,0.43127870559692383,0.46223902702331543,0.45657873153686523,0.3939821720123291,0.3390390872955322,0.5055391788482666,0.35226988792419434,0.28420186042785645,0.5869288444519043,0.21236515045166016,0.45261096954345703,0.442065954208374,0.3470311164855957,0.392193078994751,0.40085911750793457,0.2874410152435303,0.6693418025970459,0.22870612144470215,0.6326041221618652,0.2997879981994629,0.21227073669433594,0.3077099323272705,0.4961099624633789,0.44951510429382324,0.2134871482849121,0.596898078918457,0.3346278667449951,0.3866860866546631,0.3875699043273926,0.3936641216278076,0.4683859348297119,0.4106481075286865,0.6199338436126709,0.4429740905761719,0.21247100830078125,0.3920776844024658,0.36861395835876465,0.3572831153869629,0.33710789680480957,0.21024584770202637,0.44278812408447266,0.6052961349487305,0.501802921295166,0.5053408145904541,0.31815075874328613
0.05	GEE	0.012094259262084961,0.011826038360595703,0.011904001235961914,0.01201176643371582,0.011804819107055664,0.012091875076293945,0.011877059936523438,0.011973142623901367,0.012006998062133789,0.011929035186767578,0.011982202529907227,0.01201009750366211,0.011960268020629883,0.01248931884765625,0.011995077133178711,0.011957883834838867,0.012125968933105469,0.012069225311279297,0.011979103088378906,0.011811017990112305,0.01230478286743164,0.01200103759765625,0.012271881103515625,0.013635873794555664,0.012081146240234375,0.012022018432617188,0.011872053146362305,0.012022018432617188,0.012012243270874023,0.011914730072021484,0.012557029724121094,0.012059211730957031,0.012206077575683594,0.01223611831665039,0.013555049896240234,0.01261591911315918,0.012146949768066406,0.01204228401184082,0.012033224105834961,0.012042999267578125,0.012120246887207031,0.012395858764648438,0.012109041213989258,0.012144088745117188,0.012321949005126953,0.01221776008605957,0.012190103530883789,0.012035846710205078,0.012140989303588867,0.012177705764770508,0.012101173400878906,0.012191057205200195,0.012161016464233398,0.011912107467651367,0.012310028076171875,0.012241125106811523,0.012362003326416016,0.01268625259399414,0.011908292770385742,0.012031078338623047,0.01249384880065918,0.012064933776855469,0.011970996856689453,0.012263059616088867,0.012146949768066406,0.011955022811889648,0.012219905853271484,0.011958122253417969,0.012065887451171875,0.01191401481628418,0.012138128280639648,0.012275934219360352,0.012008905410766602,0.012584209442138672,0.012093305587768555,0.012481689453125,0.011974096298217773,0.012271881103515625,0.011842966079711914,0.012155771255493164,0.012089014053344727,0.012057065963745117,0.012382030487060547,0.012357950210571289,0.011990070343017578,0.012031078338623047,0.01201009750366211,0.01219797134399414,0.011893033981323242,0.012359142303466797,0.012072086334228516,0.012352943420410156,0.01207113265991211,0.011821746826171875,0.012062788009643555,0.012269020080566406,0.012302160263061523,0.011934995651245117,0.012048959732055664,0.0124359130859375,0.012398242950439453,0.012137889862060547,0.012311935424804688,0.012275218963623047,0.012016773223876953,0.012110233306884766,0.01238107681274414,0.012458086013793945,0.012112855911254883,0.012227296829223633,0.012188911437988281,0.01243901252746582,0.012206077575683594,0.012196779251098633,0.012345075607299805,0.0122833251953125,0.012037277221679688,0.012125015258789062,0.012293815612792969,0.012089014053344727,0.01235508918762207,0.012326240539550781,0.012230873107910156,0.012184858322143555,0.012433767318725586,0.012077093124389648,0.01212000846862793,0.012089014053344727,0.012170076370239258,0.012015104293823242,0.01280832290649414,0.012927055358886719,0.012350082397460938,0.013228893280029297,0.012835025787353516,0.012248992919921875,0.012672901153564453,0.01283407211303711,0.011880874633789062,0.012420177459716797,0.012292146682739258,0.0124359130859375,0.012121915817260742,0.012289047241210938,0.011861085891723633,0.012249946594238281,0.01211094856262207,0.011913061141967773,0.012539148330688477,0.012031316757202148,0.012312889099121094,0.012111186981201172,0.012364864349365234,0.01253509521484375,0.016952991485595703,0.012431144714355469,0.013125896453857422,0.011991024017333984,0.012540340423583984,0.01198887825012207,0.012387752532958984,0.011937141418457031,0.011972904205322266,0.012088775634765625,0.012129068374633789,0.012188196182250977,0.012328863143920898,0.012335777282714844,0.012157201766967773,0.012087106704711914,0.01226806640625,0.012272119522094727,0.01203298568725586,0.012092113494873047,0.012671947479248047,0.012178897857666016,0.012341976165771484,0.012264251708984375,0.012285947799682617,0.012310028076171875,0.012326955795288086,0.012259721755981445,0.011980056762695312,0.012146949768066406,0.012423992156982422,0.012409210205078125,0.012183904647827148,0.012105941772460938,0.012393951416015625,0.012129068374633789,0.012108087539672852,0.01234889030456543,0.012018203735351562,0.012155771255493164,0.012473821640014648,0.01212310791015625,0.012413978576660156,0.011877059936523438,0.012367963790893555,0.012267589569091797
0.05	GNN	0.3150479793548584,0.26268601417541504,0.22114992141723633,0.2361431121826172,0.33316516876220703,0.2400069236755371,0.3000059127807617,0.3895838260650635,0.3049650192260742,0.22135615348815918,0.3301680088043213,0.316082239151001,0.2313699722290039,0.3299531936645508,0.35565805435180664,0.3535001277923584,0.21985292434692383,0.24207592010498047,0.2584409713745117,0.25564098358154297,0.2859170436859131,0.25948071479797363,0.4866669178009033,0.3774137496948242,0.27428317070007324,0.36550402641296387,0.28005480766296387,0.35233402252197266,0.3144259452819824,0.35630106925964355,0.3598768711090088,0.30953407287597656,0.4660921096801758,0.35050511360168457,0.36272692680358887,0.8740601539611816,0.2947111129760742,0.26561903953552246,0.26087188720703125,0.2852942943572998,0.2758209705352783,0.2866482734680176,0.24727296829223633,0.2396240234375,0.2651388645172119,0.3293287754058838,0.336090087890625,0.27500009536743164,0.4209930896759033,0.32195520401000977,0.46863627433776855,0.2924661636352539,0.30283212661743164,0.3166220188140869,0.28142619132995605,0.2441692352294922,0.36287903785705566,0.3012552261352539,0.4337310791015625,0.30547618865966797,0.2686598300933838,0.24900293350219727,0.22986412048339844,0.2936389446258545,0.3218541145324707,0.42304491996765137,0.3124349117279053,0.3336942195892334,0.4439859390258789,0.334644079208374,0.21634197235107422,0.3676638603210449,0.24511003494262695,0.3509209156036377,0.23671674728393555,0.2929260730743408,0.24675416946411133,0.332211971282959,0.3037576675415039,0.2652411460876465,0.22705578804016113,0.41258907318115234,0.28973889350891113,0.2811279296875,0.5846390724182129,0.35046982765197754,0.22310709953308105,0.4879951477050781,0.3037140369415283,0.2993049621582031,0.2644479274749756,0.4581429958343506,0.255795955657959,0.4029500484466553,0.2171950340270996,0.25832700729370117,0.25544285774230957,0.2501389980316162,0.6395659446716309,0.41185522079467773,0.2657608985900879,0.3272058963775635,0.39288806915283203,0.29352617263793945,0.2886061668395996,0.32402920722961426,0.28913402557373047,0.3368518352508545,0.3672308921813965,0.5647778511047363,0.21641087532043457,0.30971384048461914,0.2859940528869629,0.28815317153930664,0.2709989547729492,0.2237541675567627,0.4196889400482178,0.35664892196655273,0.2504398822784424,0.3153660297393799,0.3629300594329834,0.24370789527893066,0.39281296730041504,0.2521951198577881,0.21837377548217773,0.4601120948791504,0.5283200740814209,0.23961806297302246,0.38497400283813477,0.36754703521728516,0.29400014877319336,0.33440518379211426,0.3531646728515625,0.41845083236694336,0.39975500106811523,0.2545130252838135,0.3617129325866699,0.3225820064544678,0.33146071434020996,0.24464821815490723,0.3154261112213135,0.24413418769836426,0.38567304611206055,0.5261662006378174,0.30585408210754395,0.3400082588195801,0.26329803466796875,0.3231201171875,0.3483591079711914,0.31072378158569336,0.3064849376678467,0.24846720695495605,0.2626321315765381,0.30884408950805664,0.307081937789917,0.2767159938812256,0.40354418754577637,0.42841601371765137,0.44640207290649414,0.24118614196777344,0.35849523544311523,0.4449441432952881,0.36197996139526367,0.276608943939209,0.36687803268432617,0.23069024085998535,0.2190690040588379,0.2685260772705078,0.44841480255126953,0.2834320068359375,0.24742412567138672,0.25961804389953613,0.29290008544921875,0.3790321350097656,0.4672048091888428,0.2562382221221924,0.2969937324523926,0.276792049407959,0.3021538257598877,0.35454320907592773,0.2759091854095459,0.22869873046875,0.3316192626953125,0.3212578296661377,0.22072505950927734,0.2745048999786377,0.3683359622955322,0.43624091148376465,0.2469501495361328,0.31867384910583496,0.5145549774169922,0.3417789936065674,0.3430938720703125,0.24140501022338867,0.34000301361083984,0.3624837398529053,0.22354698181152344,0.2640261650085449,0.23243379592895508,0.2765951156616211
0.05	GG	0.4752383232116699,0.49917078018188477,0.5439910888671875,0.5599300861358643,0.41959404945373535,0.2193288803100586,0.4340190887451172,0.5019087791442871,0.24576997756958008,0.518653154373169,0.4737060070037842,0.45706701278686523,0.35854578018188477,0.2183830738067627,0.24031496047973633,0.3621540069580078,0.3380401134490967,0.31986021995544434,0.4250178337097168,0.31754112243652344,0.7243862152099609,0.322735071182251,0.50508713722229,0.4097731113433838,0.27884602546691895,0.4921300411224365,0.4563632011413574,0.3816101551055908,0.40105509757995605,0.5425119400024414,0.5113351345062256,0.3785851001739502,0.3562769889831543,0.4983537197113037,0.31252312660217285,0.4924631118774414,0.4745357036590576,0.40297698974609375,0.3440687656402588,0.39371395111083984,0.5019650459289551,0.5105390548706055,0.5083787441253662,0.6081259250640869,0.37461233139038086,0.35251784324645996,0.38027191162109375,0.323714017868042,0.4179270267486572,0.23430800437927246,0.31078004837036133,0.5132527351379395,0.2893650531768799,0.7415647506713867,0.6082007884979248,0.44814586639404297,0.3472938537597656,0.23130488395690918,0.31553196907043457,0.681736946105957,0.4037513732910156,0.43240809440612793,0.2987940311431885,0.5307068824768066,0.3495759963989258,0.3246040344238281,0.5492689609527588,0.5210671424865723,0.620262861251831,0.4960150718688965,0.36751294136047363,0.32015204429626465,0.30579304695129395,0.4420468807220459,0.4228389263153076,0.41478967666625977,0.45658087730407715,0.3718142509460449,0.4342918395996094,0.40728116035461426,0.3841972351074219,0.38825392723083496,0.7001070976257324,0.5348780155181885,0.40670013427734375,0.32406187057495117,0.2788081169128418,0.702307939529419,0.521312952041626,0.5828769207000732,0.2599339485168457,0.41343212127685547,0.5686550140380859,0.21763086318969727,0.563439130783081,0.4493539333343506,0.33959293365478516,0.5772659778594971,0.5557541847229004,0.44893908500671387,0.4676399230957031,0.3476133346557617,0.3151869773864746,0.45233798027038574,0.5560619831085205,0.4938499927520752,0.43962597846984863,0.29405903816223145,0.21628904342651367,0.47198486328125,0.30868029594421387,0.4678339958190918,0.35440993309020996,0.5221550464630127,0.3156096935272217,0.4363439083099365,0.44420814514160156,0.4206409454345703,0.26777219772338867,0.5005130767822266,0.36554479598999023,0.6149380207061768,0.510098934173584,0.4018559455871582,0.5406830310821533,0.21935796737670898,0.3884601593017578,0.41951704025268555,0.2748548984527588,0.6571581363677979,0.4723687171936035,0.5646758079528809,0.33178281784057617,0.31638288497924805,0.5256309509277344,0.532750129699707,0.40643882751464844,0.2688429355621338,0.4925270080566406,0.2645859718322754,0.5875029563903809,0.46172308921813965,0.50679612159729,0.36345481872558594,0.27167797088623047,0.3483710289001465,0.9407758712768555,0.36568784713745117,0.2518501281738281,0.6421809196472168,0.27526307106018066,0.4440321922302246,0.41614294052124023,0.5864441394805908,0.3649427890777588,0.5074050426483154,0.23982906341552734,0.3676290512084961,0.7075378894805908,0.5911059379577637,0.4203188419342041,0.4412221908569336,0.24543070793151855,0.32445693016052246,0.3232457637786865,0.4659740924835205,0.4944610595703125,0.34546518325805664,0.33716893196105957,0.36362695693969727,0.22199392318725586,0.5318799018859863,0.29724693298339844,0.65236496925354,0.4512450695037842,0.22725296020507812,0.35897207260131836,0.3257439136505127,0.5182151794433594,0.6480410099029541,0.5154309272766113,0.5011489391326904,0.30129003524780273,0.41155004501342773,0.35350823402404785,0.5807039737701416,0.5061759948730469,0.4938497543334961,0.5158820152282715,0.5346472263336182,0.41403794288635254,0.36001110076904297,0.3803980350494385,0.6118998527526855,0.46495699882507324,0.6141729354858398,0.41893506050109863,0.40558624267578125,0.46122288703918457,0.26441287994384766
0.05	GG2	0.4752383232116699,0.49917078018188477,0.5439910888671875,0.5599300861358643,0.41959404945373535,0.2193288803100586,0.4340190887451172,0.5019087791442871,0.24576997756958008,0.518653154373169,0.4737060070037842,0.45706701278686523,0.35854578018188477,0.2183830738067627,0.24031496047973633,0.3621540069580078,0.3380401134490967,0.31986021995544434,0.4250178337097168,0.31754112243652344,0.7243862152099609,0.322735071182251,0.50508713722229,0.4097731113433838,0.27884602546691895,0.4921300411224365,0.4563632011413574,0.3816101551055908,0.40105509757995605,0.5425119400024414,0.5113351345062256,0.3785851001739502,0.3562769889831543,0.4983537197113037,0.31252312660217285,0.4924631118774414,0.4745357036590576,0.40297698974609375,0.3440687656402588,0.39371395111083984,0.5019650459289551,0.5105390548706055,0.5083787441253662,0.6081259250640869,0.37461233139038086,0.35251784324645996,0.38027191162109375,0.323714017868042,0.4179270267486572,0.23430800437927246,0.31078004837036133,0.5132527351379395,0.2893650531768799,0.7415647506713867,0.6082007884979248,0.44814586639404297,0.3472938537597656,0.23130488395690918,0.31553196907043457,0.681736946105957,0.4037513732910156,0.43240809440612793,0.2987940311431885,0.5307068824768066,0.3495759963989258,0.3246040344238281,0.5492689609527588,0.5210671424865723,0.620262861251831,0.4960150718688965,0.36751294136047363,0.32015204429626465,0.30579304695129395,0.4420468807220459,0.4228389263153076,0.41478967666625977,0.45658087730407715,0.3718142509460449,0.4342918395996094,0.40728116035461426,0.3841972351074219,0.38825392723083496,0.7001070976257324,0.5348780155181885,0.40670013427734375,0.32406187057495117,0.2788081169128418,0.702307939529419,0.521312952041626,0.5828769207000732,0.2599339485168457,0.41343212127685547,0.5686550140380859,0.21763086318969727,0.563439130783081,0.4493539333343506,0.33959293365478516,0.5772659778594971,0.5557541847229004,0.44893908500671387,0.4676399230957031,0.3476133346557617,0.3151869773864746,0.45233798027038574,0.5560619831085205,0.4938499927520752,0.43962597846984863,0.29405903816223145,0.21628904342651367,0.47198486328125,0.30868029594421387,0.4678339958190918,0.35440993309020996,0.5221550464630127,0.3156096935272217,0.4363439083099365,0.44420814514160156,0.4206409454345703,0.26777219772338867,0.5005130767822266,0.36554479598999023,0.6149380207061768,0.510098934173584,0.4018559455871582,0.5406830310821533,0.21935796737670898,0.3884601593017578,0.41951704025268555,0.2748548984527588,0.6571581363677979,0.4723687171936035,0.5646758079528809,0.33178281784057617,0.31638288497924805,0.5256309509277344,0.532750129699707,0.40643882751464844,0.2688429355621338,0.4925270080566406,0.2645859718322754,0.5875029563903809,0.46172308921813965,0.50679612159729,0.36345481872558594,0.27167797088623047,0.3483710289001465,0.9407758712768555,0.36568784713745117,0.2518501281738281,0.6421809196472168,0.27526307106018066,0.4440321922302246,0.41614294052124023,0.5864441394805908,0.3649427890777588,0.5074050426483154,0.23982906341552734,0.3676290512084961,0.7075378894805908,0.5911059379577637,0.4203188419342041,0.4412221908569336,0.24543070793151855,0.32445693016052246,0.3232457637786865,0.4659740924835205,0.4944610595703125,0.34546518325805664,0.33716893196105957,0.36362695693969727,0.22199392318725586,0.5318799018859863,0.29724693298339844,0.65236496925354,0.4512450695037842,0.22725296020507812,0.35897207260131836,0.3257439136505127,0.5182151794433594,0.6480410099029541,0.5154309272766113,0.5011489391326904,0.30129003524780273,0.41155004501342773,0.35350823402404785,0.5807039737701416,0.5061759948730469,0.4938497543334961,0.5158820152282715,0.5346472263336182,0.41403794288635254,0.36001110076904297,0.3803980350494385,0.6118998527526855,0.46495699882507324,0.6141729354858398,0.41893506050109863,0.40558624267578125,0.46122288703918457,0.26441287994384766
0.06	GEE	0.01264190673828125,0.01279592514038086,0.012866020202636719,0.012724876403808594,0.012936830520629883,0.01292109489440918,0.013278961181640625,0.012798309326171875,0.013058900833129883,0.01317906379699707,0.013200759887695312,0.012735843658447266,0.013168096542358398,0.01281595230102539,0.012918949127197266,0.013332843780517578,0.012829065322875977,0.012903928756713867,0.012737035751342773,0.012688875198364258,0.013257026672363281,0.012817859649658203,0.012885093688964844,0.013367176055908203,0.01289224624633789,0.012870073318481445,0.013294219970703125,0.01317286491394043,0.01276397705078125,0.012960195541381836,0.013093948364257812,0.013266801834106445,0.012722253799438477,0.013170003890991211,0.01314997673034668,0.012865781784057617,0.012869834899902344,0.013212203979492188,0.013032913208007812,0.013029098510742188,0.012744903564453125,0.01279306411743164,0.012945890426635742,0.012968301773071289,0.012816190719604492,0.012989044189453125,0.012812137603759766,0.012794256210327148,0.013070106506347656,0.01291203498840332,0.012743949890136719,0.01326608657836914,0.013195037841796875,0.012771129608154297,0.012907028198242188,0.012884378433227539,0.012914896011352539,0.012920141220092773,0.013130903244018555,0.013097047805786133,0.013271808624267578,0.013113737106323242,0.012817144393920898,0.013153076171875,0.013419866561889648,0.012829065322875977,0.013195037841796875,0.013457775115966797,0.012827873229980469,0.013000011444091797,0.013260126113891602,0.013299942016601562,0.012796163558959961,0.012712955474853516,0.01287388801574707,0.012793779373168945,0.012911081314086914,0.013048887252807617,0.012855052947998047,0.012972116470336914,0.013261795043945312,0.013020038604736328,0.013134956359863281,0.012795209884643555,0.013022184371948242,0.012947320938110352,0.013253927230834961,0.012911796569824219,0.013067960739135742,0.012888193130493164,0.012871980667114258,0.013404130935668945,0.013031244277954102,0.012965917587280273,0.013256072998046875,0.013055086135864258,0.013041973114013672,0.013189077377319336,0.012901782989501953,0.012873172760009766,0.012731790542602539,0.012945890426635742,0.012899160385131836,0.012769937515258789,0.012866020202636719,0.01302194595336914,0.013292074203491211,0.013195037841796875,0.012681007385253906,0.01350092887878418,0.013122797012329102,0.013151884078979492,0.012866020202636719,0.012948989868164062,0.013329744338989258,0.012845754623413086,0.012794971466064453,0.013696908950805664,0.012869119644165039,0.012824058532714844,0.013260126113891602,0.013370037078857422,0.012844085693359375,0.013446807861328125,0.013438940048217773,0.013015031814575195,0.013649940490722656,0.013273954391479492,0.013185977935791016,0.013092041015625,0.013526678085327148,0.013366222381591797,0.012957096099853516,0.013145923614501953,0.013443946838378906,0.013184070587158203,0.012944936752319336,0.01337289810180664,0.013244152069091797,0.0135040283203125,0.012948989868164062,0.013011932373046875,0.013143062591552734,0.013144254684448242,0.013252019882202148,0.013625144958496094,0.012833118438720703,0.012987136840820312,0.013896942138671875,0.012823104858398438,0.012959957122802734,0.013156890869140625,0.013142108917236328,0.012806892395019531,0.013090133666992188,0.01326894760131836,0.013417243957519531,0.013276100158691406,0.013166189193725586,0.013512849807739258,0.01303720474243164,0.013384103775024414,0.013484954833984375,0.013699769973754883,0.013341188430786133,0.012998819351196289,0.013432979583740234,0.013608932495117188,0.013699054718017578,0.013491153717041016,0.01352691650390625,0.013485193252563477,0.013531208038330078,0.012939929962158203,0.013178825378417969,0.013394355773925781,0.013077974319458008,0.01316690444946289,0.013392210006713867,0.013386964797973633,0.013139963150024414,0.012727022171020508,0.012941122055053711,0.01324009895324707,0.013112068176269531,0.01350092887878418,0.012988805770874023,0.012674093246459961,0.013068199157714844,0.012903928756713867,0.013174057006835938,0.012847900390625,0.013310909271240234,0.013502836227416992,0.013118982315063477,0.013529062271118164,0.013298988342285156,0.013242006301879883,0.013112068176269531,0.013238906860351562
0.06	GNN	0.5513930320739746,0.42201685905456543,0.26786208152770996,0.284818172454834,0.2887399196624756,0.2824740409851074,0.25518298149108887,0.24019503593444824,0.267287015914917,0.24373984336853027,0.274212121963501,0.43676304817199707,0.41283202171325684,0.37589192390441895,0.3674638271331787,0.25504517555236816,0.3582899570465088,0.24087905883789062,0.396075963973999,0.2628600597381592,0.30118703842163086,0.24675822257995605,0.446911096572876,0.40140867233276367,0.30383920669555664,0.3741428852081299,0.27114009857177734,0.4858989715576172,0.2698550224304199,0.23346590995788574,0.30726099014282227,0.3484010696411133,0.3086068630218506,0.3432588577270508,0.25330519676208496,0.31693315505981445,0.2983720302581787,0.3705427646636963,0.2860689163208008,0.3173661231994629,0.3577401638031006,0.27816200256347656,0.2982139587402344,0.47297191619873047,0.2835078239440918,0.2926371097564697,0.2824850082397461,0.26691198348999023,0.2571430206298828,0.33565688133239746,0.305128812789917,0.3579421043395996,0.32885289192199707,0.4633803367614746,0.3186180591583252,0.3868999481201172,0.246992826461792,0.3136000633239746,0.40558791160583496,0.23270702362060547,0.2435588836669922,0.6583888530731201,0.38065600395202637,0.4649200439453125,0.2750892639160156,0.24422812461853027,0.3903348445892334,0.31269001960754395,0.24327611923217773,0.35186290740966797,0.24150800704956055,0.3593769073486328,0.259552001953125,0.23858880996704102,0.23235201835632324,0.3838162422180176,0.23914599418640137,0.39946913719177246,0.26983189582824707,0.3354909420013428,0.3216588497161865,0.5625078678131104,0.34700798988342285,0.39739227294921875,0.4121968746185303,0.34326910972595215,0.28040289878845215,0.4560692310333252,0.3397510051727295,0.44251298904418945,0.22666001319885254,0.2694368362426758,0.2742881774902344,0.33204197883605957,0.25236082077026367,0.3115100860595703,0.2785961627960205,0.2733898162841797,0.2947208881378174,0.35173702239990234,0.3058598041534424,0.28122997283935547,0.2507507801055908,0.2540009021759033,0.2915351390838623,0.3336639404296875,0.2699930667877197,0.28744983673095703,0.29248809814453125,0.26982712745666504,0.28174710273742676,0.38219714164733887,0.4852180480957031,0.2922191619873047,0.4145078659057617,0.25042200088500977,0.4478011131286621,0.3255198001861572,0.38010501861572266,0.2869679927825928,0.3017289638519287,0.25647735595703125,0.5197720527648926,0.2498157024383545,0.23142313957214355,0.31245899200439453,0.24689793586730957,0.23854732513427734,0.2828800678253174,0.3689877986907959,0.31434011459350586,0.45545172691345215,0.3357081413269043,0.40088319778442383,0.32369208335876465,0.29938292503356934,0.5551822185516357,0.28125810623168945,0.4022538661956787,0.29578185081481934,0.3479321002960205,0.2585480213165283,0.31656336784362793,0.2672300338745117,0.36684298515319824,0.418612003326416,0.391247034072876,0.2901430130004883,0.2389228343963623,0.2604517936706543,0.2529013156890869,0.2652878761291504,0.3731851577758789,0.3152129650115967,0.28582191467285156,0.23214316368103027,0.26871681213378906,0.4042181968688965,0.26338815689086914,0.43889522552490234,0.45743894577026367,0.2987539768218994,0.2835111618041992,0.2663991451263428,0.28255796432495117,0.26335597038269043,0.2439708709716797,0.5313000679016113,0.27141714096069336,0.24394488334655762,0.2726409435272217,0.33074092864990234,0.338817834854126,0.22835373878479004,0.3671531677246094,0.327502965927124,0.36182403564453125,0.4150259494781494,0.2905309200286865,0.49608421325683594,0.26634907722473145,0.3484320640563965,0.25212907791137695,0.25519824028015137,0.22742104530334473,0.38010382652282715,0.24303388595581055,0.5044388771057129,0.2560770511627197,0.2793457508087158,0.4114949703216553,0.3688480854034424,0.22821617126464844,0.2948009967803955,0.30234289169311523,0.30864524841308594,0.23389506340026855,0.2440509796142578,0.35346460342407227,0.25012969970703125
0.06	GG	0.40064287185668945,0.35454678535461426,0.4108738899230957,0.5157849788665771,0.6482820510864258,0.22945785522460938,0.5240738391876221,0.8536322116851807,0.41211581230163574,0.5851309299468994,0.4499368667602539,0.660222053527832,0.5114622116088867,0.22935700416564941,0.39644885063171387,0.23634886741638184,0.3962669372558594,0.5354039669036865,0.3630189895629883,0.28417181968688965,0.48366689682006836,0.5435419082641602,0.42368578910827637,0.3741309642791748,0.41640806198120117,0.5680618286132812,0.5510671138763428,0.5855319499969482,0.4672698974609375,0.4057769775390625,0.412708044052124,0.49843597412109375,0.4163520336151123,0.4868800640106201,0.33418965339660645,0.6562259197235107,0.48043298721313477,0.4454519748687744,0.4442300796508789,0.48697400093078613,0.41897106170654297,0.5744621753692627,0.22820806503295898,0.5614449977874756,0.45509791374206543,0.2984139919281006,0.3870561122894287,0.46886587142944336,0.44059300422668457,0.2459089756011963,0.47942304611206055,0.5339930057525635,0.2703092098236084,0.3819737434387207,0.5695433616638184,0.40970492362976074,0.36643028259277344,0.22734403610229492,0.3218717575073242,0.532238245010376,0.22444605827331543,0.6786348819732666,0.34087109565734863,0.47861218452453613,0.300534725189209,0.5695726871490479,0.6638588905334473,0.24228787422180176,0.5185689926147461,0.6827459335327148,0.4161510467529297,0.7247202396392822,0.44513916969299316,0.28518080711364746,0.47348570823669434,0.2731609344482422,0.5905189514160156,0.5186030864715576,0.46436214447021484,0.37024402618408203,0.4264812469482422,0.5227513313293457,0.4257190227508545,0.48875975608825684,0.3663320541381836,0.41462182998657227,0.3913888931274414,0.6056959629058838,0.4627361297607422,0.4501311779022217,0.4180412292480469,0.5070550441741943,0.5737619400024414,0.43752193450927734,0.5517199039459229,0.544543981552124,0.3953280448913574,0.4149010181427002,0.22661805152893066,0.5791840553283691,0.6455700397491455,0.4335649013519287,0.3636760711669922,0.5115921497344971,0.6125762462615967,0.4253089427947998,0.44626307487487793,0.6002240180969238,0.22551608085632324,0.4632446765899658,0.4137711524963379,0.42711400985717773,0.33212804794311523,0.5282008647918701,0.40218186378479004,0.4250071048736572,0.36399221420288086,0.4020848274230957,0.2516169548034668,0.47869205474853516,0.5951118469238281,0.23186492919921875,0.6927690505981445,0.5130388736724854,0.502601146697998,0.24321508407592773,0.2852208614349365,0.38200902938842773,0.39940977096557617,0.6788599491119385,0.46201491355895996,0.4702918529510498,0.392470121383667,0.27480220794677734,0.5183970928192139,0.5982160568237305,0.3993408679962158,0.321321964263916,0.27013301849365234,0.32666015625,0.9438259601593018,0.5247271060943604,0.5679140090942383,0.3665921688079834,0.6375868320465088,0.35625123977661133,0.4152252674102783,0.32992100715637207,0.34910082817077637,0.48815202713012695,0.34350013732910156,0.39806485176086426,0.6175558567047119,0.3203389644622803,0.32035303115844727,0.7169127464294434,0.5302813053131104,0.5853118896484375,0.4689040184020996,0.3259317874908447,0.40848398208618164,0.6127300262451172,0.6447329521179199,0.6139659881591797,0.38855624198913574,0.561892032623291,0.7062201499938965,0.5547959804534912,0.396989107131958,0.3533158302307129,0.3393557071685791,0.5980391502380371,0.45015716552734375,0.43005800247192383,0.43387699127197266,0.36095476150512695,0.44120025634765625,0.6677320003509521,0.442310094833374,0.25970888137817383,0.6576352119445801,0.4471559524536133,0.4024388790130615,0.38993096351623535,0.30464696884155273,0.23242616653442383,0.36680102348327637,0.46464109420776367,0.610008955001831,0.2249279022216797,0.4877181053161621,0.3483598232269287,0.43706393241882324,0.5657310485839844,0.5293769836425781,0.47123289108276367,0.485292911529541,0.4801621437072754,0.435258150100708,0.4803047180175781
0.06	GG2	0.40064287185668945,0.35454678535461426,0.4108738899230957,0.5157849788665771,0.6482820510864258,0.22945785522460938,0.5240738391876221,0.8536322116851807,0.41211581230163574,0.5851309299468994,0.4499368667602539,0.660222053527832,0.5114622116088867,0.22935700416564941,0.39644885063171387,0.23634886741638184,0.3962669372558594,0.5354039669036865,0.3630189895629883,0.28417181968688965,0.48366689682006836,0.5435419082641602,0.42368578910827637,0.3741309642791748,0.41640806198120117,0.5680618286132812,0.5510671138763428,0.5855319499969482,0.4672698974609375,0.4057769775390625,0.412708044052124,0.49843597412109375,0.4163520336151123,0.4868800640106201,0.33418965339660645,0.6562259197235107,0.48043298721313477,0.4454519748687744,0.4442300796508789,0.48697400093078613,0.41897106170654297,0.5744621753692627,0.22820806503295898,0.5614449977874756,0.45509791374206543,0.2984139919281006,0.3870561122894287,0.46886587142944336,0.44059300422668457,0.2459089756011963,0.47942304611206055,0.5339930057525635,0.2703092098236084,0.3819737434387207,0.5695433616638184,0.40970492362976074,0.36643028259277344,0.22734403610229492,0.3218717575073242,0.532238245010376,0.22444605827331543,0.6786348819732666,0.34087109565734863,0.47861218452453613,0.300534725189209,0.5695726871490479,0.6638588905334473,0.24228787422180176,0.5185689926147461,0.6827459335327148,0.4161510467529297,0.7247202396392822,0.44513916969299316,0.28518080711364746,0.47348570823669434,0.2731609344482422,0.5905189514160156,0.5186030864715576,0.46436214447021484,0.37024402618408203,0.4264812469482422,0.5227513313293457,0.4257190227508545,0.48875975608825684,0.3663320541381836,0.41462182998657227,0.3913888931274414,0.6056959629058838,0.4627361297607422,0.4501311779022217,0.4180412292480469,0.5070550441741943,0.5737619400024414,0.43752193450927734,0.5517199039459229,0.544543981552124,0.3953280448913574,0.4149010181427002,0.22661805152893066,0.5791840553283691,0.6455700397491455,0.4335649013519287,0.3636760711669922,0.5115921497344971,0.6125762462615967,0.4253089427947998,0.44626307487487793,0.6002240180969238,0.22551608085632324,0.4632446765899658,0.4137711524963379,0.42711400985717773,0.33212804794311523,0.5282008647918701,0.40218186378479004,0.4250071048736572,0.36399221420288086,0.4020848274230957,0.2516169548034668,0.47869205474853516,0.5951118469238281,0.23186492919921875,0.6927690505981445,0.5130388736724854,0.502601146697998,0.24321508407592773,0.2852208614349365,0.38200902938842773,0.39940977096557617,0.6788599491119385,0.46201491355895996,0.4702918529510498,0.392470121383667,0.27480220794677734,0.5183970928192139,0.5982160568237305,0.3993408679962158,0.321321964263916,0.27013301849365234,0.32666015625,0.9438259601593018,0.5247271060943604,0.5679140090942383,0.3665921688079834,0.6375868320465088,0.35625123977661133,0.4152252674102783,0.32992100715637207,0.34910082817077637,0.48815202713012695,0.34350013732910156,0.39806485176086426,0.6175558567047119,0.3203389644622803,0.32035303115844727,0.7169127464294434,0.5302813053131104,0.5853118896484375,0.4689040184020996,0.3259317874908447,0.40848398208618164,0.6127300262451172,0.6447329521179199,0.6139659881591797,0.38855624198913574,0.561892032623291,0.7062201499938965,0.5547959804534912,0.396989107131958,0.3533158302307129,0.3393557071685791,0.5980391502380371,0.45015716552734375,0.43005800247192383,0.43387699127197266,0.36095476150512695,0.44120025634765625,0.6677320003509521,0.442310094833374,0.25970888137817383,0.6576352119445801,0.4471559524536133,0.4024388790130615,0.38993096351623535,0.30464696884155273,0.23242616653442383,0.36680102348327637,0.46464109420776367,0.610008955001831,0.2249279022216797,0.4877181053161621,0.3483598232269287,0.43706393241882324,0.5657310485839844,0.5293769836425781,0.47123289108276367,0.485292911529541,0.4801621437072754,0.435258150100708,0.4803047180175781
0.07	GEE	0.013711214065551758,0.013763189315795898,0.013789892196655273,0.013799905776977539,0.013988018035888672,0.013805866241455078,0.014444112777709961,0.013683795928955078,0.013681173324584961,0.014189720153808594,0.013833999633789062,0.013649940490722656,0.014312982559204102,0.013895988464355469,0.014097213745117188,0.01411581039428711,0.014188051223754883,0.026751995086669922,0.01447296142578125,0.022839069366455078,0.013996124267578125,0.014534950256347656,0.014137744903564453,0.014207124710083008,0.014487028121948242,0.014157772064208984,0.014408349990844727,0.014018774032592773,0.014095067977905273,0.014472007751464844,0.014015913009643555,0.014378070831298828,0.013849735260009766,0.013997077941894531,0.014226913452148438,0.013869047164916992,0.014382123947143555,0.013912200927734375,0.014119386672973633,0.014460086822509766,0.013900995254516602,0.014377832412719727,0.014180660247802734,0.013737201690673828,0.01423788070678711,0.014023065567016602,0.014925003051757812,0.01395106315612793,0.014215230941772461,0.014357805252075195,0.014408111572265625,0.013993024826049805,0.013908147811889648,0.015377044677734375,0.014288187026977539,0.013614177703857422,0.01433110237121582,0.014173269271850586,0.014503955841064453,0.014039993286132812,0.01407003402709961,0.013838052749633789,0.013889074325561523,0.01386713981628418,0.013870000839233398,0.014140844345092773,0.013649940490722656,0.014070987701416016,0.014138936996459961,0.013904094696044922,0.013875007629394531,0.014264822006225586,0.013917922973632812,0.013760089874267578,0.013988733291625977,0.01412510871887207,0.014214277267456055,0.013983011245727539,0.01384282112121582,0.013840913772583008,0.013853788375854492,0.013914108276367188,0.014264822006225586,0.014065027236938477,0.014017820358276367,0.014260053634643555,0.014081001281738281,0.014333009719848633,0.013826131820678711,0.013863086700439453,0.01392817497253418,0.014001846313476562,0.013953924179077148,0.013911962509155273,0.013833999633789062,0.013860940933227539,0.014297008514404297,0.013891935348510742,0.013794898986816406,0.013994932174682617,0.014101982116699219,0.014302253723144531,0.013952970504760742,0.013953208923339844,0.014358758926391602,0.013930082321166992,0.01398777961730957,0.014256954193115234,0.014134883880615234,0.013875007629394531,0.014512062072753906,0.01460886001586914,0.01395106315612793,0.014405250549316406,0.01434016227722168,0.014622211456298828,0.014723777770996094,0.014627218246459961,0.014167070388793945,0.014206171035766602,0.014531850814819336,0.01440739631652832,0.014129877090454102,0.014615058898925781,0.014275789260864258,0.014418840408325195,0.014237165451049805,0.01393270492553711,0.013777732849121094,0.013829708099365234,0.013912200927734375,0.013602256774902344,0.013742208480834961,0.014264106750488281,0.01472616195678711,0.013715982437133789,0.013647079467773438,0.0140380859375,0.014044761657714844,0.014843940734863281,0.018738985061645508,0.01424717903137207,0.014072895050048828,0.014362812042236328,0.01420903205871582,0.013927936553955078,0.01405787467956543,0.013930797576904297,0.013936758041381836,0.014256954193115234,0.013905048370361328,0.014443159103393555,0.014317750930786133,0.035028934478759766,0.013851165771484375,0.013882875442504883,0.014349937438964844,0.014033317565917969,0.014071226119995117,0.014422893524169922,0.014217853546142578,0.013979196548461914,0.014223098754882812,0.013666868209838867,0.01425623893737793,0.014120817184448242,0.014317035675048828,0.014225959777832031,0.014924764633178711,0.013933897018432617,0.013960123062133789,0.014176130294799805,0.013714790344238281,0.013885259628295898,0.014309883117675781,0.01410984992980957,0.014152050018310547,0.014299869537353516,0.014169931411743164,0.014392852783203125,0.014092683792114258,0.014188051223754883,0.014575719833374023,0.014153003692626953,0.01417994499206543,0.014397144317626953,0.014246225357055664,0.01415395736694336,0.013853788375854492,0.014390945434570312,0.013861894607543945,0.014155864715576172,0.01417398452758789,0.014136075973510742,0.014409065246582031,0.01418924331665039,0.01413583755493164,0.014174938201904297,0.014192819595336914,0.014142274856567383
0.07	GNN	0.5194838047027588,0.2688581943511963,0.2704958915710449,0.3282897472381592,0.31188488006591797,0.2675600051879883,0.3587498664855957,0.44655275344848633,0.29715776443481445,0.24757099151611328,0.26204490661621094,0.2993481159210205,0.23769879341125488,0.4845089912414551,0.25142884254455566,0.39977073669433594,0.2990138530731201,0.34350013732910156,0.2703518867492676,0.30971384048461914,0.26558494567871094,0.2595851421356201,0.24758124351501465,0.4038538932800293,0.2720298767089844,0.2704939842224121,0.43447089195251465,0.29264116287231445,0.2847912311553955,0.2616288661956787,0.45365095138549805,0.4856898784637451,0.3455629348754883,0.3964250087738037,0.24440288543701172,0.4473087787628174,0.4066181182861328,0.28328585624694824,0.26337313652038574,0.3699510097503662,0.259716272354126,0.3631558418273926,0.2510068416595459,0.25054097175598145,0.2707221508026123,0.5075829029083252,0.49892592430114746,0.2978367805480957,0.3417999744415283,0.5329148769378662,0.3339269161224365,0.39525818824768066,0.28957390785217285,0.3216269016265869,0.3519778251647949,0.3163421154022217,0.4781491756439209,0.30826330184936523,0.2543942928314209,0.2361459732055664,0.4040079116821289,0.28058600425720215,0.35857200622558594,0.29134583473205566,0.2761547565460205,0.23687291145324707,0.24786806106567383,0.3445770740509033,0.2692420482635498,0.238875150680542,0.2733480930328369,0.31609201431274414,0.3624389171600342,0.3668370246887207,0.29450488090515137,0.3702058792114258,0.35582804679870605,0.29314517974853516,0.3360278606414795,0.27121996879577637,0.31551504135131836,0.37364673614501953,0.48958468437194824,0.38678407669067383,0.34341883659362793,0.38221287727355957,0.2690889835357666,0.38437700271606445,0.2638511657714844,0.31913065910339355,0.34221625328063965,0.24721789360046387,0.2473442554473877,0.31475305557250977,0.2592489719390869,0.42318201065063477,0.37447500228881836,0.3702371120452881,0.24737310409545898,0.4376699924468994,0.47417283058166504,0.23624801635742188,0.40900301933288574,0.3536059856414795,0.36838698387145996,0.2780129909515381,0.2665889263153076,0.31751322746276855,0.34084391593933105,0.2756221294403076,0.341048002243042,0.4501800537109375,0.39830470085144043,0.26325392723083496,0.31671690940856934,0.2680931091308594,0.30897092819213867,0.5062310695648193,0.2688100337982178,0.32707929611206055,0.3828999996185303,0.3400237560272217,0.2684180736541748,0.2913079261779785,0.3076460361480713,0.3765599727630615,0.38222789764404297,0.40287184715270996,0.2498779296875,0.5210041999816895,0.3778040409088135,0.2623178958892822,0.28000307083129883,0.2633981704711914,0.4941098690032959,0.23352909088134766,0.48125529289245605,0.2744712829589844,0.2622709274291992,0.3180830478668213,0.48035407066345215,0.24171185493469238,0.39594411849975586,0.23885107040405273,0.4642820358276367,0.31516075134277344,0.34168291091918945,0.42032814025878906,0.2518179416656494,0.30129194259643555,0.281649112701416,0.25676894187927246,0.33040404319763184,0.2619037628173828,0.24637794494628906,0.23717212677001953,0.306628942489624,0.25539612770080566,0.25003504753112793,0.3330650329589844,0.42479801177978516,0.2677750587463379,0.2831130027770996,0.25696396827697754,0.27133631706237793,0.27471184730529785,0.4632902145385742,0.3884601593017578,0.32652902603149414,0.2355189323425293,0.250748872756958,0.26460886001586914,0.30133771896362305,0.24448513984680176,0.2991151809692383,0.26128530502319336,0.23752379417419434,0.45102596282958984,0.26566505432128906,0.2723720073699951,0.3274521827697754,0.2838010787963867,0.5090508460998535,0.43833208084106445,0.26756787300109863,0.4603099822998047,0.2695159912109375,0.23841094970703125,0.30953288078308105,0.3298201560974121,0.5158050060272217,0.2508866786956787,0.24302196502685547,0.568382978439331,0.3469839096069336,0.28757405281066895,0.23786115646362305,0.24809980392456055,0.2827467918395996,0.2722737789154053
0.07	GG	0.6095950603485107,0.4879138469696045,0.4031507968902588,0.44272828102111816,0.5659558773040771,0.23363208770751953,0.6072859764099121,0.4790992736816406,0.2680518627166748,0.5937409400939941,0.49218297004699707,0.6045019626617432,0.6566088199615479,0.3761720657348633,0.3565859794616699,0.3732771873474121,0.37798619270324707,0.4634890556335449,0.5328309535980225,0.4304981231689453,0.6391720771789551,0.5817327499389648,0.5454592704772949,0.5655069351196289,0.5880520343780518,0.6118059158325195,0.542510986328125,0.3981750011444092,0.4137442111968994,0.5799109935760498,0.3775820732116699,0.2675821781158447,0.47336292266845703,0.3872692584991455,0.37483811378479004,0.5297729969024658,0.7119369506835938,0.431567907333374,0.3958120346069336,0.5863518714904785,0.5388050079345703,0.6306240558624268,0.48682713508605957,0.7219641208648682,0.8006110191345215,0.3358619213104248,0.4573211669921875,0.390430212020874,0.5868020057678223,0.4230961799621582,0.2833716869354248,0.3311269283294678,0.49921226501464844,0.3660280704498291,0.8314118385314941,0.5302917957305908,0.39971303939819336,0.24460411071777344,0.5505540370941162,0.5768899917602539,0.27437472343444824,0.6343910694122314,0.25768017768859863,0.38163113594055176,0.3804008960723877,0.35958099365234375,0.9665298461914062,0.23679876327514648,0.5299880504608154,0.6654419898986816,0.48425984382629395,0.47286081314086914,0.35669708251953125,0.2833981513977051,0.38769006729125977,0.23618483543395996,0.36479902267456055,0.43787312507629395,0.27242612838745117,0.38695192337036133,0.5379610061645508,0.41561198234558105,0.44103074073791504,0.5733230113983154,0.41518378257751465,0.3254740238189697,0.35788631439208984,0.698930025100708,0.5615689754486084,0.38901305198669434,0.3232288360595703,0.4956481456756592,0.5421018600463867,0.624021053314209,0.49321603775024414,0.517237663269043,0.39086389541625977,0.4536399841308594,0.23157191276550293,0.49788999557495117,0.5315048694610596,0.43196892738342285,0.5236291885375977,0.7059981822967529,0.60032057762146,0.5228712558746338,0.4246373176574707,0.46587681770324707,0.2836458683013916,0.5873560905456543,0.5728917121887207,0.5638749599456787,0.35903310775756836,0.7783229351043701,0.6067068576812744,0.6603319644927979,0.47591710090637207,0.2356090545654297,0.299591064453125,0.47221803665161133,0.5314157009124756,0.23776006698608398,0.5625708103179932,0.41135621070861816,0.5153539180755615,0.2327260971069336,0.3682708740234375,0.23038625717163086,0.47681736946105957,0.779850959777832,0.30044126510620117,0.6682078838348389,0.31557679176330566,0.32981014251708984,0.5217111110687256,0.7176980972290039,0.6222257614135742,0.3643052577972412,0.23981022834777832,0.3322277069091797,0.6389219760894775,0.7363300323486328,0.8368992805480957,0.43723583221435547,0.5063419342041016,0.3331289291381836,0.5812230110168457,0.32663488388061523,0.2778170108795166,0.45754003524780273,0.32056403160095215,0.40752482414245605,0.24788570404052734,0.5045170783996582,0.3932678699493408,0.5070779323577881,0.39790821075439453,0.3362150192260742,0.5986037254333496,0.43406200408935547,0.44010496139526367,0.5170140266418457,0.33629584312438965,0.6742651462554932,0.4277310371398926,0.5825378894805908,0.6318240165710449,0.4604218006134033,0.351607084274292,0.48847198486328125,0.24030590057373047,0.6603200435638428,0.2654600143432617,0.5361878871917725,0.5775818824768066,0.2999732494354248,0.5428590774536133,0.6290450096130371,0.5258438587188721,0.24078798294067383,0.7379467487335205,0.41619205474853516,0.30977416038513184,0.4525108337402344,0.529691219329834,0.23677897453308105,0.32071900367736816,0.69781494140625,0.567176103591919,0.2337801456451416,0.400968074798584,0.4106180667877197,0.5323178768157959,0.48873281478881836,0.4314301013946533,0.23266983032226562,0.49828195571899414,0.4715261459350586,0.5010812282562256,0.3548269271850586
0.07	GG2	0.6095950603485107,0.4879138469696045,0.4031507968902588,0.44272828102111816,0.5659558773040771,0.23363208770751953,0.6072859764099121,0.4790992736816406,0.2680518627166748,0.5937409400939941,0.49218297004699707,0.6045019626617432,0.6566088199615479,0.3761720657348633,0.3565859794616699,0.3732771873474121,0.37798619270324707,0.4634890556335449,0.5328309535980225,0.4304981231689453,0.6391720771789551,0.5817327499389648,0.5454592704772949,0.5655069351196289,0.5880520343780518,0.6118059158325195,0.542510986328125,0.3981750011444092,0.4137442111968994,0.5799109935760498,0.3775820732116699,0.2675821781158447,0.47336292266845703,0.3872692584991455,0.37483811378479004,0.5297729969024658,0.7119369506835938,0.431567907333374,0.3958120346069336,0.5863518714904785,0.5388050079345703,0.6306240558624268,0.48682713508605957,0.7219641208648682,0.8006110191345215,0.3358619213104248,0.4573211669921875,0.390430212020874,0.5868020057678223,0.4230961799621582,0.2833716869354248,0.3311269283294678,0.49921226501464844,0.3660280704498291,0.8314118385314941,0.5302917957305908,0.39971303939819336,0.24460411071777344,0.5505540370941162,0.5768899917602539,0.27437472343444824,0.6343910694122314,0.25768017768859863,0.38163113594055176,0.3804008960723877,0.35958099365234375,0.9665298461914062,0.23679876327514648,0.5299880504608154,0.6654419898986816,0.48425984382629395,0.47286081314086914,0.35669708251953125,0.2833981513977051,0.38769006729125977,0.23618483543395996,0.36479902267456055,0.43787312507629395,0.27242612838745117,0.38695192337036133,0.5379610061645508,0.41561198234558105,0.44103074073791504,0.5733230113983154,0.41518378257751465,0.3254740238189697,0.35788631439208984,0.698930025100708,0.5615689754486084,0.38901305198669434,0.3232288360595703,0.4956481456756592,0.5421018600463867,0.624021053314209,0.49321603775024414,0.517237663269043,0.39086389541625977,0.4536399841308594,0.23157191276550293,0.49788999557495117,0.5315048694610596,0.43196892738342285,0.5236291885375977,0.7059981822967529,0.60032057762146,0.5228712558746338,0.4246373176574707,0.46587681770324707,0.2836458683013916,0.5873560905456543,0.5728917121887207,0.5638749599456787,0.35903310775756836,0.7783229351043701,0.6067068576812744,0.6603319644927979,0.47591710090637207,0.2356090545654297,0.299591064453125,0.47221803665161133,0.5314157009124756,0.23776006698608398,0.5625708103179932,0.41135621070861816,0.5153539180755615,0.2327260971069336,0.3682708740234375,0.23038625717163086,0.47681736946105957,0.779850959777832,0.30044126510620117,0.6682078838348389,0.31557679176330566,0.32981014251708984,0.5217111110687256,0.7176980972290039,0.6222257614135742,0.3643052577972412,0.23981022834777832,0.3322277069091797,0.6389219760894775,0.7363300323486328,0.8368992805480957,0.43723583221435547,0.5063419342041016,0.3331289291381836,0.5812230110168457,0.32663488388061523,0.2778170108795166,0.45754003524780273,0.32056403160095215,0.40752482414245605,0.24788570404052734,0.5045170783996582,0.3932678699493408,0.5070779323577881,0.39790821075439453,0.3362150192260742,0.5986037254333496,0.43406200408935547,0.44010496139526367,0.5170140266418457,0.33629584312438965,0.6742651462554932,0.4277310371398926,0.5825378894805908,0.6318240165710449,0.4604218006134033,0.351607084274292,0.48847198486328125,0.24030590057373047,0.6603200435638428,0.2654600143432617,0.5361878871917725,0.5775818824768066,0.2999732494354248,0.5428590774536133,0.6290450096130371,0.5258438587188721,0.24078798294067383,0.7379467487335205,0.41619205474853516,0.30977416038513184,0.4525108337402344,0.529691219329834,0.23677897453308105,0.32071900367736816,0.69781494140625,0.567176103591919,0.2337801456451416,0.400968074798584,0.4106180667877197,0.5323178768157959,0.48873281478881836,0.4314301013946533,0.23266983032226562,0.49828195571899414,0.4715261459350586,0.5010812282562256,0.3548269271850586
0.08	GEE	0.015283346176147461,0.014961957931518555,0.015247106552124023,0.015210151672363281,0.01495504379272461,0.015104055404663086,0.015219926834106445,0.015211820602416992,0.015244007110595703,0.015240192413330078,0.015298843383789062,0.015141725540161133,0.01514887809753418,0.01590585708618164,0.01623678207397461,0.014851808547973633,0.015286922454833984,0.015106201171875,0.015553951263427734,0.015284061431884766,0.01549077033996582,0.015154361724853516,0.015059947967529297,0.015633821487426758,0.015218019485473633,0.015434980392456055,0.015350103378295898,0.015375137329101562,0.031129121780395508,0.015071868896484375,0.0154571533203125,0.015006065368652344,0.015077829360961914,0.01550602912902832,0.015101909637451172,0.015380144119262695,0.015228033065795898,0.01517176628112793,0.015100955963134766,0.015320062637329102,0.015490055084228516,0.015176057815551758,0.015027046203613281,0.015166044235229492,0.015276670455932617,0.015347003936767578,0.015358924865722656,0.015215873718261719,0.01519632339477539,0.01624011993408203,0.015036821365356445,0.015678882598876953,0.015239238739013672,0.015219926834106445,0.0156097412109375,0.015207290649414062,0.015046119689941406,0.015446901321411133,0.015133142471313477,0.015166044235229492,0.015389204025268555,0.015599727630615234,0.01505899429321289,0.015156984329223633,0.015499114990234375,0.01556086540222168,0.015546321868896484,0.015065908432006836,0.0152587890625,0.01570296287536621,0.01558995246887207,0.015288114547729492,0.015159130096435547,0.01533198356628418,0.015639066696166992,0.015151023864746094,0.015465974807739258,0.015301227569580078,0.015007972717285156,0.015223026275634766,0.01516413688659668,0.015105009078979492,0.015118837356567383,0.015025138854980469,0.015173912048339844,0.01524496078491211,0.015259981155395508,0.015781879425048828,0.015379190444946289,0.014882087707519531,0.015197277069091797,0.015512943267822266,0.015352964401245117,0.015080928802490234,0.01531219482421875,0.01503896713256836,0.015540122985839844,0.015154123306274414,0.01583099365234375,0.014860153198242188,0.01514887809753418,0.015187978744506836,0.015342950820922852,0.015201807022094727,0.01649308204650879,0.015558958053588867,0.015305042266845703,0.014971017837524414,0.015101909637451172,0.01525115966796875,0.015255928039550781,0.015564918518066406,0.015604972839355469,0.015167951583862305,0.015675067901611328,0.015278816223144531,0.015486955642700195,0.015110015869140625,0.015267133712768555,0.015624046325683594,0.015299081802368164,0.015869140625,0.014976978302001953,0.015336990356445312,0.0153350830078125,0.015670061111450195,0.014920949935913086,0.015501976013183594,0.015115976333618164,0.01536417007446289,0.015321016311645508,0.015353679656982422,0.015510082244873047,0.015134811401367188,0.0153350830078125,0.015046119689941406,0.01568007469177246,0.015714168548583984,0.015436172485351562,0.015267133712768555,0.015574932098388672,0.015099763870239258,0.015453338623046875,0.015535116195678711,0.015001773834228516,0.015368938446044922,0.015218973159790039,0.01540994644165039,0.015050888061523438,0.015291213989257812,0.015231847763061523,0.015391111373901367,0.015215873718261719,0.015450239181518555,0.015201091766357422,0.014948844909667969,0.01498103141784668,0.015227079391479492,0.015521049499511719,0.015424966812133789,0.01545095443725586,0.015015125274658203,0.015222787857055664,0.015201091766357422,0.015094995498657227,0.015421867370605469,0.015568971633911133,0.01543879508972168,0.015262842178344727,0.015162944793701172,0.015000104904174805,0.015642881393432617,0.015509843826293945,0.015212059020996094,0.015440940856933594,0.015648841857910156,0.015292167663574219,0.015359163284301758,0.015221118927001953,0.015177011489868164,0.015345096588134766,0.015514135360717773,0.01511693000793457,0.015785932540893555,0.015618085861206055,0.015505075454711914,0.015297889709472656,0.015226125717163086,0.015479803085327148,0.015255928039550781,0.015227794647216797,0.015416145324707031,0.015547037124633789,0.015187978744506836,0.015534162521362305,0.0156710147857666,0.015258073806762695,0.015367269515991211,0.01547098159790039,0.015130043029785156
0.08	GNN	0.48510217666625977,0.4433619976043701,0.27955198287963867,0.3383009433746338,0.4672248363494873,0.2845761775970459,0.25205206871032715,0.2761421203613281,0.3099668025970459,0.28239989280700684,0.33445096015930176,0.4184551239013672,0.36078786849975586,0.37493300437927246,0.5156989097595215,0.4625520706176758,0.33074092864990234,0.27550601959228516,0.35991406440734863,0.272078275680542,0.2739078998565674,0.33592700958251953,0.5309040546417236,0.3400230407714844,0.25498318672180176,0.3628520965576172,0.3299379348754883,0.25625181198120117,0.4619121551513672,0.3291890621185303,0.26651430130004883,0.27442193031311035,0.25868678092956543,0.3459279537200928,0.2951960563659668,0.40746092796325684,0.42132091522216797,0.32715511322021484,0.3027057647705078,0.3350107669830322,0.2879321575164795,0.4611499309539795,0.2725958824157715,0.27161216735839844,0.2705209255218506,0.40027308464050293,0.6340129375457764,0.2983670234680176,0.6688730716705322,0.47298312187194824,0.40471506118774414,0.3591270446777344,0.3183269500732422,0.3770449161529541,0.27069807052612305,0.36876606941223145,0.25127196311950684,0.3538060188293457,0.25386691093444824,0.2588019371032715,0.41441798210144043,0.3238539695739746,0.34850406646728516,0.35648226737976074,0.4226558208465576,0.44593286514282227,0.39937496185302734,0.31173110008239746,0.2870469093322754,0.4376246929168701,0.4139409065246582,0.4565398693084717,0.2838001251220703,0.3999898433685303,0.2996218204498291,0.4435877799987793,0.30520081520080566,0.6908133029937744,0.3081550598144531,0.3153390884399414,0.46732592582702637,0.2852799892425537,0.30443382263183594,0.31033802032470703,0.3824131488800049,0.5382087230682373,0.2536740303039551,0.304229736328125,0.43242311477661133,0.47051405906677246,0.2539200782775879,0.353024959564209,0.30609679222106934,0.4952821731567383,0.49106502532958984,0.3618292808532715,0.3069648742675781,0.2702672481536865,0.25800514221191406,0.31404805183410645,0.49336791038513184,0.4835519790649414,0.5175158977508545,0.34006214141845703,0.415604829788208,0.36212897300720215,0.2738378047943115,0.26184606552124023,0.32021403312683105,0.2884242534637451,0.255753755569458,0.2624819278717041,0.28395915031433105,0.42160797119140625,0.32697606086730957,0.2606058120727539,0.2902858257293701,0.4672679901123047,0.6350510120391846,0.31671810150146484,0.27257609367370605,0.25982189178466797,0.3013777732849121,0.2618851661682129,0.4181830883026123,0.7757649421691895,0.4539051055908203,0.2581181526184082,0.3370358943939209,0.36118388175964355,0.3001711368560791,0.26308774948120117,0.37035226821899414,0.3989572525024414,0.27538609504699707,0.3611929416656494,0.29554080963134766,0.30205798149108887,0.3138279914855957,0.25946998596191406,0.2545011043548584,0.27605223655700684,0.2643430233001709,0.2936289310455322,0.5100750923156738,0.4044461250305176,0.46956706047058105,0.48537111282348633,0.3134889602661133,0.4344360828399658,0.29253506660461426,0.2845339775085449,0.3297879695892334,0.4489130973815918,0.3906588554382324,0.2697939872741699,0.29791784286499023,0.2748599052429199,0.369952917098999,0.27991414070129395,0.33451199531555176,0.30027198791503906,0.2695760726928711,0.31344008445739746,0.3197948932647705,0.3417632579803467,0.37411022186279297,0.2506730556488037,0.2624380588531494,0.4719381332397461,0.2579770088195801,0.3219728469848633,0.3696157932281494,0.27019500732421875,0.28758764266967773,0.3586099147796631,0.5817151069641113,0.2499988079071045,0.37315917015075684,0.4913320541381836,0.44808077812194824,0.4849429130554199,0.2548177242279053,0.27736783027648926,0.2633531093597412,0.2946631908416748,0.28136396408081055,0.2519378662109375,0.376162052154541,0.28032612800598145,0.2935359477996826,0.36465001106262207,0.2769620418548584,0.46398305892944336,0.3908531665802002,0.2827577590942383,0.25705790519714355,0.2683088779449463,0.2831122875213623,0.3208940029144287
0.08	GG	0.39923095703125,0.48329901695251465,0.6374099254608154,0.31135988235473633,0.5430009365081787,0.31076979637145996,0.304394006729126,0.5652799606323242,0.5063760280609131,0.5103118419647217,0.5155372619628906,0.6530787944793701,0.37283778190612793,0.35086798667907715,0.35994672775268555,0.423140287399292,0.5083792209625244,0.4272587299346924,0.3825390338897705,0.40517616271972656,0.7056629657745361,0.6247739791870117,0.959784984588623,0.6093382835388184,0.43387484550476074,0.706063985824585,0.5954170227050781,0.4010598659515381,0.412384033203125,0.2503981590270996,0.49678516387939453,0.4646780490875244,0.399493932723999,0.431854248046875,0.37192606925964355,0.4839649200439453,0.25247788429260254,0.371845006942749,0.29851508140563965,0.27927207946777344,0.49318504333496094,0.38755297660827637,0.6334130764007568,0.48476386070251465,0.3723020553588867,0.3462948799133301,0.592069149017334,0.34912109375,0.4549529552459717,0.6845748424530029,0.5796816349029541,0.6248800754547119,0.415114164352417,0.4080770015716553,0.4042789936065674,0.285707950592041,0.39296579360961914,0.2538642883300781,0.367290735244751,0.24972796440124512,0.38191890716552734,0.5892090797424316,0.3101918697357178,0.7839069366455078,0.3470158576965332,0.6908090114593506,0.25336194038391113,0.5770399570465088,0.6397519111633301,0.43843579292297363,0.4089012145996094,0.4577629566192627,0.34973812103271484,0.49045825004577637,0.4361128807067871,0.3064742088317871,0.5177018642425537,0.26297688484191895,0.364501953125,0.42438387870788574,0.43022608757019043,0.48403000831604004,0.5812509059906006,0.5869061946868896,0.44945406913757324,0.3853781223297119,0.5039088726043701,0.2585127353668213,0.6074841022491455,0.4650402069091797,0.5157358646392822,0.26192712783813477,0.47982001304626465,0.7299027442932129,0.583859920501709,0.25801801681518555,0.4942138195037842,0.49611425399780273,0.2519340515136719,0.575404167175293,0.5021390914916992,0.3822917938232422,0.5254919528961182,0.6132779121398926,0.4007279872894287,0.6583418846130371,0.6402769088745117,0.31589388847351074,0.3376200199127197,0.8149340152740479,0.43129873275756836,0.5293161869049072,0.6640219688415527,0.6434531211853027,0.5986328125,0.5937759876251221,0.41655492782592773,0.25206995010375977,0.32494211196899414,0.5671720504760742,0.4844810962677002,0.609565019607544,0.4860842227935791,0.6766800880432129,0.6014547348022461,0.8153009414672852,0.3986339569091797,0.31398773193359375,0.4416019916534424,0.5972113609313965,0.46163129806518555,0.5685708522796631,0.4518930912017822,0.5515098571777344,0.6973848342895508,0.5407371520996094,0.7270979881286621,0.44086503982543945,0.2781498432159424,0.3583250045776367,0.6963620185852051,0.5675101280212402,0.3594512939453125,0.44020986557006836,0.4654562473297119,0.32088494300842285,0.6650381088256836,0.4308922290802002,0.5004229545593262,0.6347880363464355,0.32503199577331543,0.2718501091003418,0.53041672706604,0.4393908977508545,0.433182954788208,0.530714750289917,0.4754459857940674,0.3182053565979004,0.3549659252166748,0.4853041172027588,0.695051908493042,0.4557487964630127,0.5163946151733398,0.5291140079498291,0.25548291206359863,0.2776350975036621,0.8700740337371826,0.4228191375732422,0.297166109085083,0.4112062454223633,0.3345608711242676,0.7742428779602051,0.33469700813293457,0.3586099147796631,0.3378129005432129,0.2761728763580322,0.3673830032348633,0.6731770038604736,0.6436059474945068,0.2545299530029297,0.5978879928588867,0.6210229396820068,0.4178297519683838,0.6978070735931396,0.29006195068359375,0.27396202087402344,0.4374699592590332,0.6451520919799805,0.573782205581665,0.25304388999938965,0.5422790050506592,0.5994391441345215,0.6021449565887451,0.6291520595550537,0.29785990715026855,0.2661147117614746,0.40732574462890625,0.5843930244445801,0.4736039638519287,0.3956289291381836
0.08	GG2	0.39923095703125,0.48329901695251465,0.6374099254608154,0.31135988235473633,0.5430009365081787,0.31076979637145996,0.304394006729126,0.5652799606323242,0.5063760280609131,0.5103118419647217,0.5155372619628906,0.6530787944793701,0.37283778190612793,0.35086798667907715,0.35994672775268555,0.423140287399292,0.5083792209625244,0.4272587299346924,0.3825390338897705,0.40517616271972656,0.7056629657745361,0.6247739791870117,0.959784984588623,0.6093382835388184,0.43387484550476074,0.706063985824585,0.5954170227050781,0.4010598659515381,0.412384033203125,0.2503981590270996,0.49678516387939453,0.4646780490875244,0.399493932723999,0.431854248046875,0.37192606925964355,0.4839649200439453,0.25247788429260254,0.371845006942749,0.29851508140563965,0.27927207946777344,0.49318504333496094,0.38755297660827637,0.6334130764007568,0.48476386070251465,0.3723020553588867,0.3462948799133301,0.592069149017334,0.34912109375,0.4549529552459717,0.6845748424530029,0.5796816349029541,0.6248800754547119,0.415114164352417,0.4080770015716553,0.4042789936065674,0.285707950592041,0.39296579360961914,0.2538642883300781,0.367290735244751,0.24972796440124512,0.38191890716552734,0.5892090797424316,0.3101918697357178,0.7839069366455078,0.3470158576965332,0.6908090114593506,0.25336194038391113,0.5770399570465088,0.6397519111633301,0.43843579292297363,0.4089012145996094,0.4577629566192627,0.34973812103271484,0.49045825004577637,0.4361128807067871,0.3064742088317871,0.5177018642425537,0.26297688484191895,0.364501953125,0.42438387870788574,0.43022608757019043,0.48403000831604004,0.5812509059906006,0.5869061946868896,0.44945406913757324,0.3853781223297119,0.5039088726043701,0.2585127353668213,0.6074841022491455,0.4650402069091797,0.5157358646392822,0.26192712783813477,0.47982001304626465,0.7299027442932129,0.583859920501709,0.25801801681518555,0.4942138195037842,0.49611425399780273,0.2519340515136719,0.575404167175293,0.5021390914916992,0.3822917938232422,0.5254919528961182,0.6132779121398926,0.4007279872894287,0.6583418846130371,0.6402769088745117,0.31589388847351074,0.3376200199127197,0.8149340152740479,0.43129873275756836,0.5293161869049072,0.6640219688415527,0.6434531211853027,0.5986328125,0.5937759876251221,0.41655492782592773,0.25206995010375977,0.32494211196899414,0.5671720504760742,0.4844810962677002,0.609565019607544,0.4860842227935791,0.6766800880432129,0.6014547348022461,0.8153009414672852,0.3986339569091797,0.31398773193359375,0.4416019916534424,0.5972113609313965,0.46163129806518555,0.5685708522796631,0.4518930912017822,0.5515098571777344,0.6973848342895508,0.5407371520996094,0.7270979881286621,0.44086503982543945,0.2781498432159424,0.3583250045776367,0.6963620185852051,0.5675101280212402,0.3594512939453125,0.44020986557006836,0.4654562473297119,0.32088494300842285,0.6650381088256836,0.4308922290802002,0.5004229545593262,0.6347880363464355,0.32503199577331543,0.2718501091003418,0.53041672706604,0.4393908977508545,0.433182954788208,0.530714750289917,0.4754459857940674,0.3182053565979004,0.3549659252166748,0.4853041172027588,0.695051908493042,0.4557487964630127,0.5163946151733398,0.5291140079498291,0.25548291206359863,0.2776350975036621,0.8700740337371826,0.4228191375732422,0.297166109085083,0.4112062454223633,0.3345608711242676,0.7742428779602051,0.33469700813293457,0.3586099147796631,0.3378129005432129,0.2761728763580322,0.3673830032348633,0.6731770038604736,0.6436059474945068,0.2545299530029297,0.5978879928588867,0.6210229396820068,0.4178297519683838,0.6978070735931396,0.29006195068359375,0.27396202087402344,0.4374699592590332,0.6451520919799805,0.573782205581665,0.25304388999938965,0.5422790050506592,0.5994391441345215,0.6021449565887451,0.6291520595550537,0.29785990715026855,0.2661147117614746,0.40732574462890625,0.5843930244445801,0.4736039638519287,0.3956289291381836
0.09	GEE	0.016021013259887695,0.016084909439086914,0.016139984130859375,0.016270875930786133,0.016026020050048828,0.01628899574279785,0.01665806770324707,0.016119003295898438,0.01624894142150879,0.016466140747070312,0.0161130428314209,0.015925884246826172,0.016762256622314453,0.016170978546142578,0.015858173370361328,0.01616692543029785,0.016421079635620117,0.016600847244262695,0.01685309410095215,0.016131162643432617,0.01617574691772461,0.016438007354736328,0.01636481285095215,0.016607999801635742,0.01650094985961914,0.016752958297729492,0.01646709442138672,0.016304969787597656,0.016216039657592773,0.016457080841064453,0.016124725341796875,0.016090869903564453,0.016558170318603516,0.016283035278320312,0.016171693801879883,0.01672673225402832,0.016475915908813477,0.016865968704223633,0.01616191864013672,0.017145872116088867,0.015996932983398438,0.015791893005371094,0.01634812355041504,0.015948772430419922,0.015942096710205078,0.016371965408325195,0.016011953353881836,0.01594066619873047,0.016150712966918945,0.016304969787597656,0.016686201095581055,0.016157865524291992,0.016026020050048828,0.016511917114257812,0.01624011993408203,0.015826940536499023,0.016202926635742188,0.016143083572387695,0.01615118980407715,0.01616978645324707,0.01578497886657715,0.016373157501220703,0.015926122665405273,0.01609015464782715,0.016130924224853516,0.01611614227294922,0.01643991470336914,0.016408681869506836,0.016253948211669922,0.015938758850097656,0.016475915908813477,0.016572952270507812,0.01600193977355957,0.0160219669342041,0.01647496223449707,0.016208171844482422,0.01653289794921875,0.01599407196044922,0.016360998153686523,0.016555070877075195,0.016009092330932617,0.016107797622680664,0.016588211059570312,0.016348838806152344,0.017079830169677734,0.016473054885864258,0.016801834106445312,0.01641988754272461,0.016044139862060547,0.01649308204650879,0.01586627960205078,0.016375064849853516,0.016290903091430664,0.016129016876220703,0.016167879104614258,0.016129016876220703,0.016547203063964844,0.01606297492980957,0.016474008560180664,0.016562938690185547,0.016048908233642578,0.01629805564880371,0.01635575294494629,0.0160830020904541,0.015974044799804688,0.016438007354736328,0.015995264053344727,0.015719890594482422,0.0159909725189209,0.01593494415283203,0.01605677604675293,0.016685009002685547,0.016948223114013672,0.015855789184570312,0.01645517349243164,0.01645517349243164,0.016492128372192383,0.015926122665405273,0.01651906967163086,0.01599717140197754,0.016384124755859375,0.01594710350036621,0.016051054000854492,0.016350984573364258,0.01602029800415039,0.016025781631469727,0.015986919403076172,0.016528844833374023,0.015996932983398438,0.016000032424926758,0.01637101173400879,0.01584792137145996,0.016056060791015625,0.016120195388793945,0.0161740779876709,0.015885114669799805,0.0160219669342041,0.016775131225585938,0.016062021255493164,0.016121864318847656,0.015970945358276367,0.016041994094848633,0.01601386070251465,0.01612401008605957,0.01624011993408203,0.016531944274902344,0.016469955444335938,0.01607489585876465,0.016126394271850586,0.016448020935058594,0.016567230224609375,0.016510009765625,0.016089916229248047,0.015753984451293945,0.015976905822753906,0.016638994216918945,0.016579151153564453,0.01590704917907715,0.016370058059692383,0.01648998260498047,0.016031980514526367,0.01644277572631836,0.016155719757080078,0.01618504524230957,0.016554832458496094,0.01661515235900879,0.01611018180847168,0.016622066497802734,0.016237974166870117,0.016003131866455078,0.016510963439941406,0.016470670700073242,0.016021013259887695,0.01615309715270996,0.0164182186126709,0.01626276969909668,0.016556978225708008,0.016111135482788086,0.015882015228271484,0.016507863998413086,0.016381025314331055,0.016453027725219727,0.016296863555908203,0.01654195785522461,0.016508102416992188,0.016450881958007812,0.01642298698425293,0.01606583595275879,0.01646280288696289,0.016128063201904297,0.016499996185302734,0.01583695411682129,0.015962839126586914,0.016329050064086914,0.01602482795715332,0.016211271286010742,0.015957117080688477,0.01585102081298828,0.016419172286987305,0.016053199768066406
0.09	GNN	0.29566097259521484,0.3463931083679199,0.2692420482635498,0.29457998275756836,0.26128268241882324,0.2863349914550781,0.6686599254608154,0.2714853286743164,0.3284180164337158,0.291978120803833,0.29221081733703613,0.27147817611694336,0.3349277973175049,0.37436413764953613,0.26229095458984375,0.303508996963501,0.30231380462646484,0.2648766040802002,0.3048520088195801,0.3128378391265869,0.2663002014160156,0.2637617588043213,0.30330491065979004,0.2863752841949463,0.3397367000579834,0.3163571357727051,0.3000829219818115,0.44888901710510254,0.4738292694091797,0.3650989532470703,0.283095121383667,0.3751208782196045,0.26166200637817383,0.477384090423584,0.2857820987701416,0.4885740280151367,0.30039119720458984,0.3499319553375244,0.38446593284606934,0.43774914741516113,0.2988429069519043,0.3264288902282715,0.3501148223876953,0.32001185417175293,0.49648499488830566,0.3906412124633789,0.28719115257263184,0.34860682487487793,0.40415191650390625,0.3380742073059082,0.2615017890930176,0.27576684951782227,0.28461480140686035,0.28279995918273926,0.31860804557800293,0.2720010280609131,0.39720797538757324,0.32097506523132324,0.26149916648864746,0.2691667079925537,0.39139699935913086,0.39579319953918457,0.34218716621398926,0.3306119441986084,0.30031800270080566,0.5396480560302734,0.26598501205444336,0.3782939910888672,0.292496919631958,0.26879000663757324,0.503741979598999,0.32442808151245117,0.30795812606811523,0.3579549789428711,0.28994083404541016,0.3780248165130615,0.30056214332580566,0.42943501472473145,0.3084597587585449,0.3055422306060791,0.3054378032684326,0.48326778411865234,0.4643728733062744,0.326096773147583,0.32869982719421387,0.7877299785614014,0.48300909996032715,0.34146881103515625,0.28952598571777344,0.3661038875579834,0.31177306175231934,0.4225118160247803,0.28383302688598633,0.28608202934265137,0.2885928153991699,0.34803080558776855,0.3556497097015381,0.3522181510925293,0.2935969829559326,0.2822749614715576,0.32294178009033203,0.5239729881286621,0.29355406761169434,0.5373361110687256,0.28760600090026855,0.30554890632629395,0.3025946617126465,0.2665259838104248,0.4092559814453125,0.2874178886413574,0.5738129615783691,0.43305301666259766,0.28533029556274414,0.33103108406066895,0.29738807678222656,0.2669260501861572,0.27087926864624023,0.3713552951812744,0.2907860279083252,0.33355188369750977,0.26683497428894043,0.5344581604003906,0.41043782234191895,0.2781031131744385,0.7206568717956543,0.41833019256591797,0.2743830680847168,0.3235619068145752,0.30564188957214355,0.2768127918243408,0.4911339282989502,0.2744638919830322,0.26764893531799316,0.3630950450897217,0.4047408103942871,0.27582526206970215,0.2872738838195801,0.44240784645080566,0.31188297271728516,0.47688794136047363,0.5781140327453613,0.2613348960876465,0.5071368217468262,0.35010313987731934,0.48141908645629883,0.41410207748413086,0.2960529327392578,0.4118678569793701,0.288377046585083,0.3292381763458252,0.3058149814605713,0.29956793785095215,0.4882082939147949,0.2622530460357666,0.34232401847839355,0.25739073753356934,0.28920507431030273,0.3475649356842041,0.33812403678894043,0.28647804260253906,0.28383421897888184,0.3422229290008545,0.3070099353790283,0.2895495891571045,0.2904698848724365,0.2851278781890869,0.3415489196777344,0.2587440013885498,0.3286139965057373,0.26415109634399414,0.27080297470092773,0.2651031017303467,0.32935094833374023,0.2779572010040283,0.33742189407348633,0.3419370651245117,0.3838357925415039,0.2776987552642822,0.26369690895080566,0.30315089225769043,0.3082551956176758,0.31621885299682617,0.2615518569946289,0.3824629783630371,0.29609203338623047,0.3737211227416992,0.315108060836792,0.6113049983978271,0.38518285751342773,0.26552700996398926,0.28155016899108887,0.290499210357666,0.4558851718902588,0.47864294052124023,0.35969114303588867,0.4447469711303711,0.7140898704528809,0.34412193298339844,0.30604982376098633,0.2882838249206543
0.09	GG	0.37860798835754395,0.4691038131713867,0.5160200595855713,0.3751869201660156,0.5210328102111816,0.2659912109375,0.3042759895324707,0.38453102111816406,0.3706471920013428,0.39955806732177734,0.5319321155548096,0.8077120780944824,0.510063886642456,0.2641603946685791,0.3335890769958496,0.30480289459228516,0.4705770015716553,0.34382081031799316,0.5102419853210449,0.5426669120788574,0.5292720794677734,0.72552490234375,0.7411162853240967,0.5559351444244385,0.5150101184844971,0.2684469223022461,0.606041669845581,0.5898008346557617,0.42812299728393555,0.5076818466186523,0.4876532554626465,0.3609292507171631,0.5669379234313965,0.34013986587524414,0.5790891647338867,0.26453685760498047,0.6186561584472656,0.32804393768310547,0.3440871238708496,0.26470208168029785,0.5136940479278564,0.6573472023010254,0.4354097843170166,0.5419740676879883,0.2989370822906494,0.35930895805358887,0.5299909114837646,0.41626524925231934,0.5613129138946533,0.2750740051269531,0.3605010509490967,0.4126431941986084,0.331712007522583,0.38721680641174316,0.45006799697875977,0.712989091873169,0.5211911201477051,0.2641451358795166,0.4305253028869629,0.26450109481811523,0.26278090476989746,0.3749208450317383,0.3277618885040283,0.5374572277069092,0.36469411849975586,0.6468310356140137,0.6572010517120361,0.4837949275970459,0.2646198272705078,0.482039213180542,0.4428110122680664,0.5887510776519775,0.30537891387939453,0.5643939971923828,0.4222700595855713,0.3056190013885498,0.5389389991760254,0.3000788688659668,0.41715288162231445,0.4176928997039795,0.6440730094909668,0.5812180042266846,0.5992650985717773,0.5914778709411621,0.6462092399597168,0.3774991035461426,0.481827974319458,0.256181001663208,0.4757850170135498,0.5131890773773193,0.5136928558349609,0.629793643951416,0.6756992340087891,0.5670671463012695,0.5531167984008789,0.5419778823852539,0.5538151264190674,0.8762321472167969,0.26298975944519043,0.7088229656219482,0.3919498920440674,0.6041879653930664,0.5019309520721436,0.5797832012176514,0.5420451164245605,0.3923346996307373,0.3391261100769043,0.4527127742767334,0.2789168357849121,0.7117838859558105,0.5925910472869873,0.5876069068908691,0.7918200492858887,0.5358619689941406,0.45891904830932617,0.52583909034729,0.44873476028442383,0.5054757595062256,0.5146863460540771,0.5639488697052002,0.40923190116882324,0.49315905570983887,0.26331305503845215,0.4266090393066406,0.2618539333343506,0.2580289840698242,0.38604283332824707,0.35584592819213867,0.3077669143676758,0.261807918548584,0.36887502670288086,0.5924999713897705,0.4024953842163086,0.32951807975769043,0.6660358905792236,0.5427038669586182,0.4468827247619629,0.36141300201416016,0.3500988483428955,0.44020700454711914,0.866204023361206,0.25935792922973633,0.5487840175628662,0.5457639694213867,0.3287937641143799,0.3071298599243164,0.5196120738983154,0.5287840366363525,0.4123668670654297,0.6848628520965576,0.34717893600463867,0.5050179958343506,0.6517002582550049,0.424091100692749,0.407987117767334,0.5463840961456299,0.510977029800415,0.35469508171081543,0.653972864151001,0.49756693840026855,0.33309507369995117,0.5255427360534668,0.33939504623413086,0.7518799304962158,0.34037017822265625,0.2744576930999756,0.26409006118774414,0.44733214378356934,0.3034489154815674,0.43912291526794434,0.32963109016418457,0.6488127708435059,0.6578512191772461,0.5024487972259521,0.43470215797424316,0.26024413108825684,0.3726508617401123,0.5438578128814697,0.5674030780792236,0.5139930248260498,0.8442418575286865,0.4704263210296631,0.3689761161804199,0.46944403648376465,0.42017602920532227,0.28022289276123047,0.5861599445343018,0.5567817687988281,0.6978349685668945,0.26263880729675293,0.55735182762146,0.49864816665649414,0.4048471450805664,0.8027019500732422,0.2959160804748535,0.2576718330383301,0.5701279640197754,0.6631240844726562,0.5313150882720947,0.2871239185333252
0.09	GG2	0.37860798835754395,0.4691038131713867,0.5160200595855713,0.3751869201660156,0.5210328102111816,0.2659912109375,0.3042759895324707,0.38453102111816406,0.3706471920013428,0.39955806732177734,0.5319321155548096,0.8077120780944824,0.510063886642456,0.2641603946685791,0.3335890769958496,0.30480289459228516,0.4705770015716553,0.34382081031799316,0.5102419853210449,0.5426669120788574,0.5292720794677734,0.72552490234375,0.7411162853240967,0.5559351444244385,0.5150101184844971,0.2684469223022461,0.606041669845581,0.5898008346557617,0.42812299728393555,0.5076818466186523,0.4876532554626465,0.3609292507171631,0.5669379234313965,0.34013986587524414,0.5790891647338867,0.26453685760498047,0.6186561584472656,0.32804393768310547,0.3440871238708496,0.26470208168029785,0.5136940479278564,0.6573472023010254,0.4354097843170166,0.5419740676879883,0.2989370822906494,0.35930895805358887,0.5299909114837646,0.41626524925231934,0.5613129138946533,0.2750740051269531,0.3605010509490967,0.4126431941986084,0.331712007522583,0.38721680641174316,0.45006799697875977,0.712989091873169,0.5211911201477051,0.2641451358795166,0.4305253028869629,0.26450109481811523,0.26278090476989746,0.3749208450317383,0.3277618885040283,0.5374572277069092,0.36469411849975586,0.6468310356140137,0.6572010517120361,0.4837949275970459,0.2646198272705078,0.482039213180542,0.4428110122680664,0.5887510776519775,0.30537891387939453,0.5643939971923828,0.4222700595855713,0.3056190013885498,0.5389389991760254,0.3000788688659668,0.41715288162231445,0.4176928997039795,0.6440730094909668,0.5812180042266846,0.5992650985717773,0.5914778709411621,0.6462092399597168,0.3774991035461426,0.481827974319458,0.256181001663208,0.4757850170135498,0.5131890773773193,0.5136928558349609,0.629793643951416,0.6756992340087891,0.5670671463012695,0.5531167984008789,0.5419778823852539,0.5538151264190674,0.8762321472167969,0.26298975944519043,0.7088229656219482,0.3919498920440674,0.6041879653930664,0.5019309520721436,0.5797832012176514,0.5420451164245605,0.3923346996307373,0.3391261100769043,0.4527127742767334,0.2789168357849121,0.7117838859558105,0.5925910472869873,0.5876069068908691,0.7918200492858887,0.5358619689941406,0.45891904830932617,0.52583909034729,0.44873476028442383,0.5054757595062256,0.5146863460540771,0.5639488697052002,0.40923190116882324,0.49315905570983887,0.26331305503845215,0.4266090393066406,0.2618539333343506,0.2580289840698242,0.38604283332824707,0.35584592819213867,0.3077669143676758,0.261807918548584,0.36887502670288086,0.5924999713897705,0.4024953842163086,0.32951807975769043,0.6660358905792236,0.5427038669586182,0.4468827247619629,0.36141300201416016,0.3500988483428955,0.44020700454711914,0.866204023361206,0.25935792922973633,0.5487840175628662,0.5457639694213867,0.3287937641143799,0.3071298599243164,0.5196120738983154,0.5287840366363525,0.4123668670654297,0.6848628520965576,0.34717893600463867,0.5050179958343506,0.6517002582550049,0.424091100692749,0.407987117767334,0.5463840961456299,0.510977029800415,0.35469508171081543,0.653972864151001,0.49756693840026855,0.33309507369995117,0.5255427360534668,0.33939504623413086,0.7518799304962158,0.34037017822265625,0.2744576930999756,0.26409006118774414,0.44733214378356934,0.3034489154815674,0.43912291526794434,0.32963109016418457,0.6488127708435059,0.6578512191772461,0.5024487972259521,0.43470215797424316,0.26024413108825684,0.3726508617401123,0.5438578128814697,0.5674030780792236,0.5139930248260498,0.8442418575286865,0.4704263210296631,0.3689761161804199,0.46944403648376465,0.42017602920532227,0.28022289276123047,0.5861599445343018,0.5567817687988281,0.6978349685668945,0.26263880729675293,0.55735182762146,0.49864816665649414,0.4048471450805664,0.8027019500732422,0.2959160804748535,0.2576718330383301,0.5701279640197754,0.6631240844726562,0.5313150882720947,0.2871239185333252
0.1	GEE	0.016786813735961914,0.016389131546020508,0.016999244689941406,0.01685786247253418,0.016787052154541016,0.016636133193969727,0.017251014709472656,0.01684880256652832,0.016909122467041016,0.016776084899902344,0.016805171966552734,0.01683211326599121,0.016917943954467773,0.017287015914916992,0.01678609848022461,0.016955852508544922,0.0169069766998291,0.016870975494384766,0.016695737838745117,0.016891002655029297,0.01671910285949707,0.01696491241455078,0.01682877540588379,0.016968965530395508,0.017033100128173828,0.01695418357849121,0.0167238712310791,0.016838788986206055,0.016635894775390625,0.016653060913085938,0.017113208770751953,0.01682877540588379,0.016798973083496094,0.017737150192260742,0.0167849063873291,0.016676664352416992,0.016784191131591797,0.016757965087890625,0.016766786575317383,0.0168149471282959,0.016843080520629883,0.016703128814697266,0.016905784606933594,0.01705336570739746,0.01692986488342285,0.01657724380493164,0.016774892807006836,0.016985654830932617,0.01683521270751953,0.016952037811279297,0.017284154891967773,0.01680588722229004,0.017004013061523438,0.016874074935913086,0.016701936721801758,0.01684403419494629,0.016807079315185547,0.01681995391845703,0.016847848892211914,0.01681828498840332,0.017140865325927734,0.016844987869262695,0.0167081356048584,0.01714468002319336,0.017225980758666992,0.016950130462646484,0.016795873641967773,0.016805171966552734,0.01720404624938965,0.016922950744628906,0.01681208610534668,0.01670098304748535,0.017210960388183594,0.01711583137512207,0.016917943954467773,0.017181873321533203,0.016896724700927734,0.016643762588500977,0.01694321632385254,0.017338991165161133,0.016754865646362305,0.016993999481201172,0.017261028289794922,0.017273902893066406,0.01663994789123535,0.016811132431030273,0.016749143600463867,0.017301082611083984,0.01691579818725586,0.01686716079711914,0.016477108001708984,0.016927003860473633,0.016775131225585938,0.016628026962280273,0.016855955123901367,0.0168607234954834,0.016961097717285156,0.01687908172607422,0.017236948013305664,0.016724109649658203,0.017329931259155273,0.017219066619873047,0.016972064971923828,0.016786813735961914,0.016882896423339844,0.01704692840576172,0.016670942306518555,0.016817808151245117,0.017114877700805664,0.016711950302124023,0.01660895347595215,0.0173187255859375,0.01687002182006836,0.016614913940429688,0.017450809478759766,0.017199993133544922,0.017354965209960938,0.01685023307800293,0.017197847366333008,0.019613265991210938,0.017501115798950195,0.017381906509399414,0.01689600944519043,0.016875028610229492,0.017272233963012695,0.016782045364379883,0.017318010330200195,0.017375946044921875,0.016866207122802734,0.0172269344329834,0.016788959503173828,0.017137765884399414,0.016673803329467773,0.016762971878051758,0.01714801788330078,0.01684880256652832,0.016733169555664062,0.01673412322998047,0.016901016235351562,0.016756057739257812,0.016765117645263672,0.01719498634338379,0.016677141189575195,0.01677703857421875,0.01697993278503418,0.017019987106323242,0.01709914207458496,0.01725006103515625,0.0166928768157959,0.016512155532836914,0.017355918884277344,0.016555070877075195,0.0172879695892334,0.016738176345825195,0.01676797866821289,0.016701936721801758,0.016664981842041016,0.017419099807739258,0.017004013061523438,0.017351150512695312,0.01678299903869629,0.017406940460205078,0.016659975051879883,0.016839981079101562,0.01711893081665039,0.017328262329101562,0.01739788055419922,0.016772031784057617,0.01653003692626953,0.017222881317138672,0.016724109649658203,0.01671004295349121,0.017323017120361328,0.017069101333618164,0.017377853393554688,0.017289161682128906,0.017199039459228516,0.01670098304748535,0.01715707778930664,0.016802072525024414,0.017111778259277344,0.017178058624267578,0.016818761825561523,0.016670942306518555,0.017546892166137695,0.016753196716308594,0.016794919967651367,0.017573118209838867,0.016505002975463867,0.017353057861328125,0.016718149185180664,0.01720285415649414,0.0165863037109375,0.016804933547973633,0.017560958862304688,0.016741037368774414,0.01724696159362793,0.01748204231262207,0.016800880432128906,0.0172271728515625
0.1	GNN	0.4368772506713867,0.2724893093109131,0.28995299339294434,0.291187047958374,0.29088306427001953,0.2970900535583496,0.3495209217071533,0.2804300785064697,0.37073731422424316,0.31311893463134766,0.29300975799560547,0.5421807765960693,0.3412342071533203,0.3109707832336426,0.3704559803009033,0.3995211124420166,0.2659780979156494,0.2627251148223877,0.28939223289489746,0.29178404808044434,0.3539566993713379,0.27466607093811035,0.39998507499694824,0.28768110275268555,0.2995431423187256,0.2981119155883789,0.4887580871582031,0.42447590827941895,0.3014230728149414,0.41571712493896484,0.29804277420043945,0.2862081527709961,0.30712175369262695,0.34062790870666504,0.3548600673675537,0.3984088897705078,0.29691600799560547,0.27013301849365234,0.2747621536254883,0.2773880958557129,0.3034932613372803,0.4797701835632324,0.3897409439086914,0.26932811737060547,0.30662012100219727,0.26713085174560547,0.3102419376373291,0.3120849132537842,0.3084433078765869,0.39670705795288086,0.32875490188598633,0.2813420295715332,0.2867097854614258,0.33269596099853516,0.34137606620788574,0.4782142639160156,0.44843220710754395,0.3287079334259033,0.37591099739074707,0.2681598663330078,0.2680509090423584,0.34111618995666504,0.29636502265930176,0.417510986328125,0.2895328998565674,0.490307092666626,0.5622889995574951,0.36516404151916504,0.28626275062561035,0.26796793937683105,0.3304178714752197,0.3463900089263916,0.3172028064727783,0.3157491683959961,0.31406497955322266,0.2648169994354248,0.33455395698547363,0.3070220947265625,0.6539411544799805,0.37628793716430664,0.28240299224853516,0.5211400985717773,0.5924360752105713,0.37790393829345703,0.35786986351013184,0.28005003929138184,0.26657986640930176,0.36089587211608887,0.32564711570739746,0.6909298896789551,0.3083021640777588,0.3265218734741211,0.31017017364501953,0.29233503341674805,0.28630805015563965,0.33284902572631836,0.3107922077178955,0.5738530158996582,0.2800710201263428,0.32663917541503906,0.27823495864868164,0.28636813163757324,0.29796314239501953,0.38661980628967285,0.3493540287017822,0.3071708679199219,0.30469417572021484,0.3500080108642578,0.3365671634674072,0.32390689849853516,0.4684772491455078,0.49066877365112305,0.44826698303222656,0.5200591087341309,0.3386681079864502,0.2826578617095947,0.4970061779022217,0.4370269775390625,0.39676499366760254,0.5099930763244629,0.31102585792541504,0.3553779125213623,0.3430061340332031,0.2971370220184326,0.3539879322052002,0.39160704612731934,0.3869180679321289,0.28460192680358887,0.31717395782470703,0.5017561912536621,0.29613685607910156,0.2776360511779785,0.3277420997619629,0.48034214973449707,0.3053278923034668,0.4225740432739258,0.3259460926055908,0.3809239864349365,0.2829289436340332,0.2677171230316162,0.2668929100036621,0.3025212287902832,0.4203348159790039,0.3689839839935303,0.4193730354309082,0.3403477668762207,0.2637510299682617,0.30504870414733887,0.29209184646606445,0.42525315284729004,0.2974698543548584,0.3162391185760498,0.30532097816467285,0.31255412101745605,0.34705615043640137,0.26956677436828613,0.29709696769714355,0.36089086532592773,0.4386758804321289,0.29621028900146484,0.6804301738739014,0.2944929599761963,0.35469794273376465,0.28876280784606934,0.2904672622680664,0.3350529670715332,0.32364678382873535,0.3074307441711426,0.3155388832092285,0.26392126083374023,0.2825808525085449,0.305391788482666,0.3012669086456299,0.2801389694213867,0.2915070056915283,0.2997159957885742,0.45502400398254395,0.2637059688568115,0.26566123962402344,0.30234313011169434,0.30951595306396484,0.26387691497802734,0.291748046875,0.3923771381378174,0.5274579524993896,0.30244016647338867,0.5992820262908936,0.2913837432861328,0.2814199924468994,0.6008179187774658,0.4505758285522461,0.32854413986206055,0.29140210151672363,0.3570418357849121,0.27825117111206055,0.46579408645629883,0.49502992630004883,0.3699910640716553,0.30521702766418457,0.2841219902038574
0.1	GG	0.3323490619659424,0.609670877456665,0.7132327556610107,0.5813617706298828,0.5608127117156982,0.27543091773986816,0.2621481418609619,0.6255910396575928,0.5467720031738281,0.5676102638244629,0.5226747989654541,0.6015210151672363,0.8166937828063965,0.2999570369720459,0.4315657615661621,0.36296510696411133,0.39478588104248047,0.34685802459716797,0.46917295455932617,0.4362680912017822,0.3725721836090088,0.5068659782409668,0.7853460311889648,0.5764391422271729,0.5141198635101318,0.2623159885406494,0.6092019081115723,0.4618079662322998,0.4782729148864746,0.27146172523498535,0.34252500534057617,0.6105170249938965,0.6163330078125,0.5428221225738525,0.39933300018310547,0.6053202152252197,0.2644059658050537,0.3520638942718506,0.311323881149292,0.29133081436157227,0.5211918354034424,0.7082629203796387,0.26755309104919434,0.46541905403137207,0.47939276695251465,0.48543500900268555,0.5270919799804688,0.32001399993896484,0.4476180076599121,0.2749910354614258,0.4158289432525635,0.39008116722106934,0.5924711227416992,0.40842485427856445,0.790255069732666,0.3879880905151367,0.4338948726654053,0.26146817207336426,0.43819689750671387,0.26631593704223633,0.2641122341156006,0.6137540340423584,0.28745222091674805,0.5882909297943115,0.4240689277648926,0.5337700843811035,0.26477694511413574,0.2859311103820801,0.2655818462371826,0.6814708709716797,0.6053259372711182,0.5639951229095459,0.3269362449645996,0.504309892654419,0.40058398246765137,0.33272290229797363,0.506087064743042,0.4462769031524658,0.545795202255249,0.4671361446380615,0.5161700248718262,0.46669912338256836,0.5679948329925537,0.5827109813690186,0.4447810649871826,0.4736666679382324,0.5082988739013672,0.2658259868621826,0.5178701877593994,0.6322102546691895,0.43650078773498535,0.26154279708862305,0.553696870803833,0.26524972915649414,0.5849101543426514,0.27207279205322266,0.5704100131988525,0.26596498489379883,0.259594202041626,0.5953259468078613,0.5029871463775635,0.30906081199645996,0.42216992378234863,0.5805742740631104,0.6660609245300293,0.4115886688232422,0.3836841583251953,0.32385993003845215,0.2689483165740967,0.26725292205810547,0.5471689701080322,0.6620681285858154,0.7618029117584229,0.49837279319763184,0.6623039245605469,0.5525808334350586,0.4755229949951172,0.5851762294769287,0.298673152923584,0.4114558696746826,0.4348580837249756,0.2653648853302002,0.5919380187988281,0.5938329696655273,0.8210642337799072,0.7348818778991699,0.5158579349517822,0.4349980354309082,0.41060400009155273,0.2646493911743164,0.37741613388061523,0.6900551319122314,0.4841940402984619,0.41977691650390625,0.5896990299224854,0.7655801773071289,0.6275341510772705,0.4341249465942383,0.30767393112182617,0.40805792808532715,0.268218994140625,0.26467275619506836,0.47344470024108887,0.6235833168029785,0.5573928356170654,0.532578706741333,0.5058121681213379,0.5549161434173584,0.38019609451293945,0.6751351356506348,0.37207984924316406,0.5868771076202393,0.68979811668396,0.27925992012023926,0.39270687103271484,0.7579188346862793,0.4539010524749756,0.31623387336730957,0.46909475326538086,0.44289207458496094,0.684689998626709,0.5478651523590088,0.4063911437988281,0.37305188179016113,0.31822705268859863,0.26970481872558594,0.26941895484924316,0.4369690418243408,0.3748319149017334,0.3006892204284668,0.2983591556549072,0.6718230247497559,0.5590419769287109,0.46636009216308594,0.47026586532592773,0.3008689880371094,0.3702859878540039,0.7229161262512207,0.3790781497955322,0.5537140369415283,0.6453440189361572,0.49980592727661133,0.346771240234375,0.5044217109680176,0.3328711986541748,0.27776002883911133,0.46019983291625977,0.3975229263305664,0.5924532413482666,0.26451683044433594,0.5606131553649902,0.48062896728515625,0.4159810543060303,0.5412449836730957,0.3260469436645508,0.267772912979126,0.6016640663146973,0.6519789695739746,0.5354478359222412,0.48263096809387207
0.1	GG2	0.3323490619659424,0.609670877456665,0.7132327556610107,0.5813617706298828,0.5608127117156982,0.27543091773986816,0.2621481418609619,0.6255910396575928,0.5467720031738281,0.5676102638244629,0.5226747989654541,0.6015210151672363,0.8166937828063965,0.2999570369720459,0.4315657615661621,0.36296510696411133,0.39478588104248047,0.34685802459716797,0.46917295455932617,0.4362680912017822,0.3725721836090088,0.5068659782409668,0.7853460311889648,0.5764391422271729,0.5141198635101318,0.2623159885406494,0.6092019081115723,0.4618079662322998,0.4782729148864746,0.27146172523498535,0.34252500534057617,0.6105170249938965,0.6163330078125,0.5428221225738525,0.39933300018310547,0.6053202152252197,0.2644059658050537,0.3520638942718506,0.311323881149292,0.29133081436157227,0.5211918354034424,0.7082629203796387,0.26755309104919434,0.46541905403137207,0.47939276695251465,0.48543500900268555,0.5270919799804688,0.32001399993896484,0.4476180076599121,0.2749910354614258,0.4158289432525635,0.39008116722106934,0.5924711227416992,0.40842485427856445,0.790255069732666,0.3879880905151367,0.4338948726654053,0.26146817207336426,0.43819689750671387,0.26631593704223633,0.2641122341156006,0.6137540340423584,0.28745222091674805,0.5882909297943115,0.4240689277648926,0.5337700843811035,0.26477694511413574,0.2859311103820801,0.2655818462371826,0.6814708709716797,0.6053259372711182,0.5639951229095459,0.3269362449645996,0.504309892654419,0.40058398246765137,0.33272290229797363,0.506087064743042,0.4462769031524658,0.545795202255249,0.4671361446380615,0.5161700248718262,0.46669912338256836,0.5679948329925537,0.5827109813690186,0.4447810649871826,0.4736666679382324,0.5082988739013672,0.2658259868621826,0.5178701877593994,0.6322102546691895,0.43650078773498535,0.26154279708862305,0.553696870803833,0.26524972915649414,0.5849101543426514,0.27207279205322266,0.5704100131988525,0.26596498489379883,0.259594202041626,0.5953259468078613,0.5029871463775635,0.30906081199645996,0.42216992378234863,0.5805742740631104,0.6660609245300293,0.4115886688232422,0.3836841583251953,0.32385993003845215,0.2689483165740967,0.26725292205810547,0.5471689701080322,0.6620681285858154,0.7618029117584229,0.49837279319763184,0.6623039245605469,0.5525808334350586,0.4755229949951172,0.5851762294769287,0.298673152923584,0.4114558696746826,0.4348580837249756,0.2653648853302002,0.5919380187988281,0.5938329696655273,0.8210642337799072,0.7348818778991699,0.5158579349517822,0.4349980354309082,0.41060400009155273,0.2646493911743164,0.37741613388061523,0.6900551319122314,0.4841940402984619,0.41977691650390625,0.5896990299224854,0.7655801773071289,0.6275341510772705,0.4341249465942383,0.30767393112182617,0.40805792808532715,0.268218994140625,0.26467275619506836,0.47344470024108887,0.6235833168029785,0.5573928356170654,0.532578706741333,0.5058121681213379,0.5549161434173584,0.38019609451293945,0.6751351356506348,0.37207984924316406,0.5868771076202393,0.68979811668396,0.27925992012023926,0.39270687103271484,0.7579188346862793,0.4539010524749756,0.31623387336730957,0.46909475326538086,0.44289207458496094,0.684689998626709,0.5478651523590088,0.4063911437988281,0.37305188179016113,0.31822705268859863,0.26970481872558594,0.26941895484924316,0.4369690418243408,0.3748319149017334,0.3006892204284668,0.2983591556549072,0.6718230247497559,0.5590419769287109,0.46636009216308594,0.47026586532592773,0.3008689880371094,0.3702859878540039,0.7229161262512207,0.3790781497955322,0.5537140369415283,0.6453440189361572,0.49980592727661133,0.346771240234375,0.5044217109680176,0.3328711986541748,0.27776002883911133,0.46019983291625977,0.3975229263305664,0.5924532413482666,0.26451683044433594,0.5606131553649902,0.48062896728515625,0.4159810543060303,0.5412449836730957,0.3260469436645508,0.267772912979126,0.6016640663146973,0.6519789695739746,0.5354478359222412,0.48263096809387207
0.11	GEE	0.0178220272064209,0.017904996871948242,0.017817258834838867,0.017843008041381836,0.018066883087158203,0.018033981323242188,0.01831674575805664,0.018013954162597656,0.017856121063232422,0.018362045288085938,0.018058061599731445,0.01775217056274414,0.017958879470825195,0.018342018127441406,0.017930984497070312,0.01776719093322754,0.01843404769897461,0.018522977828979492,0.017698049545288086,0.018836021423339844,0.017970800399780273,0.018389225006103516,0.018265962600708008,0.018308162689208984,0.018744945526123047,0.01829385757446289,0.018125057220458984,0.017955780029296875,0.01766514778137207,0.01803278923034668,0.01777505874633789,0.018368005752563477,0.01780986785888672,0.018049955368041992,0.01802515983581543,0.01795196533203125,0.01805901527404785,0.0181119441986084,0.018278121948242188,0.01801919937133789,0.018368005752563477,0.018072128295898438,0.018037796020507812,0.017976999282836914,0.01885223388671875,0.0199429988861084,0.018114089965820312,0.017722129821777344,0.017957210540771484,0.018045902252197266,0.017852067947387695,0.01857900619506836,0.017870187759399414,0.017937183380126953,0.01808476448059082,0.01844501495361328,0.017924785614013672,0.017802715301513672,0.0184018611907959,0.018018007278442383,0.01813793182373047,0.01786327362060547,0.017802000045776367,0.017882823944091797,0.018055200576782227,0.019804954528808594,0.018339157104492188,0.01802206039428711,0.017660140991210938,0.018078327178955078,0.017813920974731445,0.018437862396240234,0.017994165420532227,0.01836705207824707,0.01835799217224121,0.01779794692993164,0.01853322982788086,0.018272876739501953,0.017930984497070312,0.018012285232543945,0.017966032028198242,0.018324851989746094,0.0180511474609375,0.017814159393310547,0.01834702491760254,0.018420934677124023,0.01833319664001465,0.017802953720092773,0.017834901809692383,0.018390893936157227,0.017997026443481445,0.018358945846557617,0.018707990646362305,0.01800084114074707,0.018191099166870117,0.017978191375732422,0.018205881118774414,0.01843094825744629,0.0177609920501709,0.01791214942932129,0.01774287223815918,0.018459081649780273,0.017826080322265625,0.017857074737548828,0.01840496063232422,0.01761603355407715,0.01815485954284668,0.018460988998413086,0.017866849899291992,0.01797795295715332,0.0181887149810791,0.018071889877319336,0.018023967742919922,0.01821613311767578,0.017965078353881836,0.01766800880432129,0.018491268157958984,0.0178067684173584,0.017953157424926758,0.018281936645507812,0.017895221710205078,0.01838827133178711,0.01825690269470215,0.018025875091552734,0.018243789672851562,0.01841902732849121,0.018146991729736328,0.017807960510253906,0.01778101921081543,0.01792287826538086,0.018238067626953125,0.01850414276123047,0.018113136291503906,0.017875194549560547,0.018205881118774414,0.018009185791015625,0.017778873443603516,0.017866849899291992,0.018444061279296875,0.01794600486755371,0.01776289939880371,0.017978191375732422,0.01793813705444336,0.018419265747070312,0.0178983211517334,0.01796102523803711,0.018246173858642578,0.017843008041381836,0.017714977264404297,0.018557310104370117,0.017766714096069336,0.01836991310119629,0.0188291072845459,0.018037080764770508,0.018028974533081055,0.017787933349609375,0.01838207244873047,0.018344879150390625,0.0179901123046875,0.01847386360168457,0.018338680267333984,0.01877880096435547,0.01784825325012207,0.018414020538330078,0.01822686195373535,0.018033266067504883,0.018475770950317383,0.017873764038085938,0.018065214157104492,0.0184328556060791,0.01801776885986328,0.018450260162353516,0.018624067306518555,0.017971277236938477,0.018522262573242188,0.01828289031982422,0.017861127853393555,0.018023252487182617,0.018182992935180664,0.018001079559326172,0.018058061599731445,0.01843404769897461,0.018713951110839844,0.018224239349365234,0.01830601692199707,0.017917871475219727,0.018078088760375977,0.018298864364624023,0.018515825271606445,0.017839908599853516,0.017676115036010742,0.018019914627075195,0.018121004104614258,0.017719030380249023,0.018244028091430664,0.01777791976928711,0.018280982971191406,0.018015146255493164,0.01800823211669922,0.017974853515625
0.11	GNN	0.33481287956237793,0.2823359966278076,0.31294798851013184,0.2726290225982666,0.3119521141052246,0.2866029739379883,0.26975417137145996,0.3019688129425049,0.32639503479003906,0.30681490898132324,0.30278801918029785,0.37865304946899414,0.2747681140899658,0.33377933502197266,0.27158117294311523,0.3289773464202881,0.35206079483032227,0.2888338565826416,0.2856001853942871,0.31410908699035645,0.3710160255432129,0.2876439094543457,0.3059713840484619,0.2905128002166748,0.3002021312713623,0.2846510410308838,0.3150930404663086,0.5219871997833252,0.38057994842529297,0.3515019416809082,0.2958667278289795,0.28017687797546387,0.2854306697845459,0.3164331912994385,0.4180171489715576,0.5208971500396729,0.49411511421203613,0.27327513694763184,0.28260183334350586,0.47364187240600586,0.3170902729034424,0.38631606101989746,0.28247594833374023,0.4243659973144531,0.2681879997253418,0.5112998485565186,0.33256077766418457,0.3548309803009033,0.3186790943145752,0.3997650146484375,0.2688159942626953,0.3509550094604492,0.31334805488586426,0.32385706901550293,0.32441115379333496,0.38860511779785156,0.29863691329956055,0.37175893783569336,0.2714860439300537,0.2725648880004883,0.47821784019470215,0.401885986328125,0.370678186416626,0.34186601638793945,0.29567599296569824,0.31876397132873535,0.4377858638763428,0.3200829029083252,0.35784912109375,0.27845191955566406,0.2815287113189697,0.4443840980529785,0.4026050567626953,0.27603983879089355,0.34062886238098145,0.34204888343811035,0.2965860366821289,0.284348726272583,0.29480600357055664,0.5008370876312256,0.3548109531402588,0.3077828884124756,0.418536901473999,0.27372312545776367,0.34218692779541016,0.3387796878814697,0.29228997230529785,0.30144309997558594,0.33385491371154785,0.31177186965942383,0.5084836483001709,0.3172180652618408,0.306196928024292,0.28113222122192383,0.3090531826019287,0.3623530864715576,0.31454992294311523,0.28058886528015137,0.45772790908813477,0.2773749828338623,0.27284979820251465,0.376741886138916,0.3195211887359619,0.2825021743774414,0.5657711029052734,0.44420814514160156,0.3892941474914551,0.3039891719818115,0.3164212703704834,0.3622441291809082,0.2773470878601074,0.719066858291626,0.3143749237060547,0.30732011795043945,0.5749969482421875,0.34938597679138184,0.3934199810028076,0.3495349884033203,0.3891878128051758,0.3530428409576416,0.29584598541259766,0.5054748058319092,0.340709924697876,0.5280811786651611,0.3368058204650879,0.40802621841430664,0.29822802543640137,0.4694039821624756,0.34054112434387207,0.2741520404815674,0.30679965019226074,0.27973413467407227,0.6898260116577148,0.2942619323730469,0.4764530658721924,0.27103376388549805,0.3186190128326416,0.35227370262145996,0.3334782123565674,0.3677070140838623,0.26845788955688477,0.2825329303741455,0.34972381591796875,0.35857295989990234,0.27086710929870605,0.34199094772338867,0.3082561492919922,0.4435601234436035,0.38300085067749023,0.2716197967529297,0.31441187858581543,0.2988619804382324,0.32729220390319824,0.33072996139526367,0.40096473693847656,0.2736079692840576,0.4748260974884033,0.39243078231811523,0.30353713035583496,0.3276031017303467,0.38381218910217285,0.30130815505981445,0.3444979190826416,0.2872610092163086,0.4435231685638428,0.28597283363342285,0.2795271873474121,0.3468611240386963,0.3221879005432129,0.44855785369873047,0.48513269424438477,0.4867379665374756,0.49894189834594727,0.28324103355407715,0.3638179302215576,0.2770988941192627,0.4126269817352295,0.3087630271911621,0.2675819396972656,0.3070540428161621,0.32497096061706543,0.43351197242736816,0.43203210830688477,0.296008825302124,0.2725839614868164,0.28782200813293457,0.274014949798584,0.31908321380615234,0.37624692916870117,0.28031420707702637,0.3287999629974365,0.294492244720459,0.331787109375,0.30156898498535156,0.34833574295043945,0.2917149066925049,0.6156549453735352,0.3833889961242676,0.29035019874572754,0.33887505531311035
0.11	GG	0.4733541011810303,0.5073971748352051,0.4934110641479492,0.3434739112854004,0.5435519218444824,0.4534149169921875,0.2694363594055176,0.4567549228668213,0.42703890800476074,0.541064977645874,0.5828433036804199,0.7726619243621826,0.43151283264160156,0.34887099266052246,0.40909504890441895,0.4520688056945801,0.40102505683898926,0.34586334228515625,0.48323488235473633,0.3901057243347168,0.547051191329956,0.5148961544036865,0.2720301151275635,0.6743979454040527,0.5409090518951416,0.2682511806488037,0.6323418617248535,0.28060388565063477,0.48891711235046387,0.3028748035430908,0.40302205085754395,0.3869950771331787,0.4261901378631592,0.3965129852294922,0.43242597579956055,0.5753588676452637,0.6515829563140869,0.41026997566223145,0.29158496856689453,0.2677886486053467,0.384152889251709,0.7724630832672119,0.3854951858520508,0.6109311580657959,0.46070194244384766,0.35822415351867676,0.5640871524810791,0.34318017959594727,0.5313379764556885,0.33785200119018555,0.4046766757965088,0.41596102714538574,0.42928194999694824,0.5398459434509277,0.5161590576171875,0.4754638671875,0.3261559009552002,0.27266597747802734,0.5817410945892334,0.2695140838623047,0.2812228202819824,0.5787289142608643,0.27250003814697266,0.66880202293396,0.3607943058013916,0.5809316635131836,0.2644469738006592,0.3365051746368408,0.2729790210723877,0.6531460285186768,0.5358929634094238,0.48951125144958496,0.3861548900604248,0.2730097770690918,0.4839620590209961,0.36673784255981445,0.5311720371246338,0.3357539176940918,0.6547210216522217,0.4999706745147705,0.7774920463562012,0.5731518268585205,0.43866395950317383,0.2735910415649414,0.407930850982666,0.43830108642578125,0.3679790496826172,0.5090529918670654,0.5530219078063965,0.4860572814941406,0.7187669277191162,0.27187108993530273,0.5866949558258057,0.27098798751831055,0.4401881694793701,0.30535078048706055,0.5927233695983887,0.27396512031555176,0.2711360454559326,0.6076149940490723,0.5941181182861328,0.7322680950164795,0.5188961029052734,0.2691781520843506,0.40274715423583984,0.28543901443481445,0.587623119354248,0.4494309425354004,0.3775010108947754,0.27411627769470215,0.38797903060913086,0.27205705642700195,0.5382990837097168,0.5255038738250732,0.48497891426086426,0.5885210037231445,0.31502485275268555,0.2722940444946289,0.4965949058532715,0.5346119403839111,0.4452333450317383,0.6342258453369141,0.2715446949005127,0.549238920211792,0.27219295501708984,0.2687370777130127,0.41434288024902344,0.26960086822509766,0.40595579147338867,0.26999497413635254,0.31660962104797363,0.5981020927429199,0.44493699073791504,0.4002361297607422,0.6075038909912109,0.5619950294494629,0.6703059673309326,0.4454307556152344,0.31243014335632324,0.37779879570007324,0.2657630443572998,0.5841488838195801,0.6661179065704346,0.5291850566864014,0.477985143661499,0.41243910789489746,0.5371358394622803,0.4398648738861084,0.42731690406799316,0.6889288425445557,0.4590778350830078,0.33164024353027344,0.5568602085113525,0.4692800045013428,0.5294167995452881,0.5295569896697998,0.273195743560791,0.27547693252563477,0.6265649795532227,0.46048831939697266,0.6171629428863525,0.4782216548919678,0.44004297256469727,0.47018003463745117,0.46976685523986816,0.27309298515319824,0.27227282524108887,0.535027027130127,0.33763575553894043,0.5470662117004395,0.5161337852478027,0.6545028686523438,0.5671138763427734,0.4906799793243408,0.3198511600494385,0.3867199420928955,0.3325672149658203,0.5162079334259033,0.27448487281799316,0.27155208587646484,0.6659541130065918,0.2707691192626953,0.45194005966186523,0.41687703132629395,0.27023983001708984,0.2716028690338135,0.27562594413757324,0.4303560256958008,0.44596004486083984,0.2717270851135254,0.4771461486816406,0.5260539054870605,0.4377269744873047,0.6534011363983154,0.4134080410003662,0.27522993087768555,0.485637903213501,0.6545982360839844,0.5257060527801514,0.4039480686187744
0.11	GG2	0.4733541011810303,0.5073971748352051,0.4934110641479492,0.3434739112854004,0.5435519218444824,0.4534149169921875,0.2694363594055176,0.4567549228668213,0.42703890800476074,0.541064977645874,0.5828433036804199,0.7726619243621826,0.43151283264160156,0.34887099266052246,0.40909504890441895,0.4520688056945801,0.40102505683898926,0.34586334228515625,0.48323488235473633,0.3901057243347168,0.547051191329956,0.5148961544036865,0.2720301151275635,0.6743979454040527,0.5409090518951416,0.2682511806488037,0.6323418617248535,0.28060388565063477,0.48891711235046387,0.3028748035430908,0.40302205085754395,0.3869950771331787,0.4261901378631592,0.3965129852294922,0.43242597579956055,0.5753588676452637,0.6515829563140869,0.41026997566223145,0.29158496856689453,0.2677886486053467,0.384152889251709,0.7724630832672119,0.3854951858520508,0.6109311580657959,0.46070194244384766,0.35822415351867676,0.5640871524810791,0.34318017959594727,0.5313379764556885,0.33785200119018555,0.4046766757965088,0.41596102714538574,0.42928194999694824,0.5398459434509277,0.5161590576171875,0.4754638671875,0.3261559009552002,0.27266597747802734,0.5817410945892334,0.2695140838623047,0.2812228202819824,0.5787289142608643,0.27250003814697266,0.66880202293396,0.3607943058013916,0.5809316635131836,0.2644469738006592,0.3365051746368408,0.2729790210723877,0.6531460285186768,0.5358929634094238,0.48951125144958496,0.3861548900604248,0.2730097770690918,0.4839620590209961,0.36673784255981445,0.5311720371246338,0.3357539176940918,0.6547210216522217,0.4999706745147705,0.7774920463562012,0.5731518268585205,0.43866395950317383,0.2735910415649414,0.407930850982666,0.43830108642578125,0.3679790496826172,0.5090529918670654,0.5530219078063965,0.4860572814941406,0.7187669277191162,0.27187108993530273,0.5866949558258057,0.27098798751831055,0.4401881694793701,0.30535078048706055,0.5927233695983887,0.27396512031555176,0.2711360454559326,0.6076149940490723,0.5941181182861328,0.7322680950164795,0.5188961029052734,0.2691781520843506,0.40274715423583984,0.28543901443481445,0.587623119354248,0.4494309425354004,0.3775010108947754,0.27411627769470215,0.38797903060913086,0.27205705642700195,0.5382990837097168,0.5255038738250732,0.48497891426086426,0.5885210037231445,0.31502485275268555,0.2722940444946289,0.4965949058532715,0.5346119403839111,0.4452333450317383,0.6342258453369141,0.2715446949005127,0.549238920211792,0.27219295501708984,0.2687370777130127,0.41434288024902344,0.26960086822509766,0.40595579147338867,0.26999497413635254,0.31660962104797363,0.5981020927429199,0.44493699073791504,0.4002361297607422,0.6075038909912109,0.5619950294494629,0.6703059673309326,0.4454307556152344,0.31243014335632324,0.37779879570007324,0.2657630443572998,0.5841488838195801,0.6661179065704346,0.5291850566864014,0.477985143661499,0.41243910789489746,0.5371358394622803,0.4398648738861084,0.42731690406799316,0.6889288425445557,0.4590778350830078,0.33164024353027344,0.5568602085113525,0.4692800045013428,0.5294167995452881,0.5295569896697998,0.273195743560791,0.27547693252563477,0.6265649795532227,0.46048831939697266,0.6171629428863525,0.4782216548919678,0.44004297256469727,0.47018003463745117,0.46976685523986816,0.27309298515319824,0.27227282524108887,0.535027027130127,0.33763575553894043,0.5470662117004395,0.5161337852478027,0.6545028686523438,0.5671138763427734,0.4906799793243408,0.3198511600494385,0.3867199420928955,0.3325672149658203,0.5162079334259033,0.27448487281799316,0.27155208587646484,0.6659541130065918,0.2707691192626953,0.45194005966186523,0.41687703132629395,0.27023983001708984,0.2716028690338135,0.27562594413757324,0.4303560256958008,0.44596004486083984,0.2717270851135254,0.4771461486816406,0.5260539054870605,0.4377269744873047,0.6534011363983154,0.4134080410003662,0.27522993087768555,0.485637903213501,0.6545982360839844,0.5257060527801514,0.4039480686187744
0.12	GEE	0.018911361694335938,0.01928114891052246,0.01907801628112793,0.018741130828857422,0.019032955169677734,0.01902318000793457,0.01903223991394043,0.01904892921447754,0.01944589614868164,0.01894402503967285,0.019170045852661133,0.019001007080078125,0.019304990768432617,0.019311189651489258,0.019010066986083984,0.019140005111694336,0.019382715225219727,0.018744707107543945,0.018921852111816406,0.019026994705200195,0.019367218017578125,0.019119739532470703,0.019047975540161133,0.01934194564819336,0.019057035446166992,0.01907491683959961,0.018991947174072266,0.01895904541015625,0.019003868103027344,0.019125938415527344,0.019289016723632812,0.018976688385009766,0.01874089241027832,0.01940298080444336,0.018934011459350586,0.019412994384765625,0.018982887268066406,0.018890857696533203,0.018821001052856445,0.018983840942382812,0.019499778747558594,0.018927812576293945,0.018922090530395508,0.018870830535888672,0.019343137741088867,0.018789052963256836,0.019278764724731445,0.019201040267944336,0.019086122512817383,0.01918506622314453,0.018947839736938477,0.019026994705200195,0.019129276275634766,0.01965475082397461,0.019216060638427734,0.01896214485168457,0.019583940505981445,0.019073963165283203,0.018774986267089844,0.019500732421875,0.019649982452392578,0.019068241119384766,0.019075632095336914,0.01884007453918457,0.0191497802734375,0.01880025863647461,0.019789695739746094,0.019040822982788086,0.01898479461669922,0.021129131317138672,0.01910877227783203,0.019724130630493164,0.01913619041442871,0.018995046615600586,0.019477128982543945,0.019214153289794922,0.019536733627319336,0.018935203552246094,0.019468069076538086,0.019480228424072266,0.018835067749023438,0.019716978073120117,0.01908087730407715,0.019099950790405273,0.019752979278564453,0.019024133682250977,0.019276142120361328,0.019114971160888672,0.018932104110717773,0.01906895637512207,0.019273996353149414,0.01936817169189453,0.01902627944946289,0.019089221954345703,0.019134998321533203,0.018819093704223633,0.019553184509277344,0.01918935775756836,0.018843889236450195,0.019009828567504883,0.01868605613708496,0.019105195999145508,0.019404888153076172,0.019048213958740234,0.01911020278930664,0.019399166107177734,0.01887202262878418,0.019657135009765625,0.018857955932617188,0.01909184455871582,0.018912076950073242,0.0190579891204834,0.019435882568359375,0.0187530517578125,0.019243717193603516,0.01912999153137207,0.01948094367980957,0.01918506622314453,0.01897597312927246,0.018983840942382812,0.01885986328125,0.019471168518066406,0.01947808265686035,0.01979207992553711,0.019102096557617188,0.01948690414428711,0.019536256790161133,0.0190427303314209,0.019083023071289062,0.01898193359375,0.019485950469970703,0.018888235092163086,0.019627094268798828,0.01910233497619629,0.019163131713867188,0.019609928131103516,0.019118785858154297,0.019047975540161133,0.019561052322387695,0.019160032272338867,0.019089937210083008,0.019819021224975586,0.01877617835998535,0.019054174423217773,0.019069910049438477,0.019755125045776367,0.019505023956298828,0.019282817840576172,0.018823862075805664,0.01896214485168457,0.019098758697509766,0.01946711540222168,0.01890397071838379,0.018906831741333008,0.019448041915893555,0.019093036651611328,0.019559860229492188,0.019378185272216797,0.01902008056640625,0.019551992416381836,0.0187070369720459,0.019553184509277344,0.01907515525817871,0.019316434860229492,0.0194089412689209,0.018742799758911133,0.01907205581665039,0.019203901290893555,0.01948714256286621,0.019496917724609375,0.019160985946655273,0.01891183853149414,0.019498825073242188,0.01902484893798828,0.018917322158813477,0.019791126251220703,0.018998146057128906,0.018971920013427734,0.018903017044067383,0.018862009048461914,0.01865100860595703,0.01964116096496582,0.019078969955444336,0.018985986709594727,0.01937103271484375,0.019002199172973633,0.019006967544555664,0.019492149353027344,0.01909804344177246,0.01903986930847168,0.019127845764160156,0.019134044647216797,0.01905989646911621,0.0189969539642334,0.019215822219848633,0.019022703170776367,0.019016027450561523,0.019407272338867188,0.019093990325927734,0.01892709732055664
0.12	GNN	0.3188600540161133,0.2989511489868164,0.34326910972595215,0.3766019344329834,0.3542180061340332,0.3321239948272705,0.35785889625549316,0.5271327495574951,0.3115723133087158,0.29653501510620117,0.2978188991546631,0.27857303619384766,0.47396206855773926,0.35991406440734863,0.4652221202850342,0.3191349506378174,0.46541523933410645,0.3656599521636963,0.3043029308319092,0.3242168426513672,0.28530406951904297,0.30398106575012207,0.31322789192199707,0.2843139171600342,0.3190910816192627,0.31059932708740234,0.4480109214782715,0.2805612087249756,0.30786824226379395,0.37408900260925293,0.28754711151123047,0.32552289962768555,0.3173220157623291,0.3147289752960205,0.3358139991760254,0.30983519554138184,0.5183429718017578,0.5171220302581787,0.317094087600708,0.3285059928894043,0.3205413818359375,0.3497049808502197,0.3348550796508789,0.37201905250549316,0.2968318462371826,0.28153181076049805,0.32586121559143066,0.29520106315612793,0.318173885345459,0.28438401222229004,0.3447878360748291,0.35993170738220215,0.31366920471191406,0.3999757766723633,0.30182790756225586,0.3157808780670166,0.3610110282897949,0.46813511848449707,0.287945032119751,0.28229188919067383,0.41624903678894043,0.3250617980957031,0.32205677032470703,0.30083203315734863,0.3075261116027832,0.42865824699401855,0.2946929931640625,0.28202080726623535,0.3170309066772461,0.32724976539611816,0.2827770709991455,0.32034921646118164,0.32442212104797363,0.2830159664154053,0.3454580307006836,0.2827298641204834,0.3170299530029297,0.42873215675354004,0.4444620609283447,0.32003092765808105,0.45580101013183594,0.4515559673309326,0.33060622215270996,0.35383105278015137,0.3714449405670166,0.4666779041290283,0.3629271984100342,0.5529160499572754,0.33919477462768555,0.29869818687438965,0.2896249294281006,0.284959077835083,0.32056689262390137,0.3029329776763916,0.29668188095092773,0.2806680202484131,0.3432581424713135,0.48870396614074707,0.2854461669921875,0.321760892868042,0.3041808605194092,0.304516077041626,0.29920101165771484,0.3308742046356201,0.32524895668029785,0.2819380760192871,0.30437493324279785,0.33632683753967285,0.28078317642211914,0.3248887062072754,0.2880980968475342,0.39880800247192383,0.29285192489624023,0.31451892852783203,0.30437207221984863,0.5031619071960449,0.39267897605895996,0.40422868728637695,0.4796760082244873,0.361644983291626,0.5077638626098633,0.33034491539001465,0.3538029193878174,0.5150299072265625,0.3950679302215576,0.3382117748260498,0.44328784942626953,0.44195103645324707,0.29611992835998535,0.35678625106811523,0.3224911689758301,0.28569698333740234,0.32228589057922363,0.3658328056335449,0.38512301445007324,0.2953472137451172,0.3342568874359131,0.5234429836273193,0.30742597579956055,0.48729920387268066,0.3285999298095703,0.29560232162475586,0.552527904510498,0.30528998374938965,0.365192174911499,0.3546440601348877,0.45339012145996094,0.30364489555358887,0.3581671714782715,0.5519649982452393,0.3219418525695801,0.2822268009185791,0.2965660095214844,0.2845311164855957,0.27844905853271484,0.2852180004119873,0.3691978454589844,0.30609631538391113,0.2833530902862549,0.2835509777069092,0.4047880172729492,0.34268999099731445,0.32486391067504883,0.393629789352417,0.28753185272216797,0.2844359874725342,0.3721606731414795,0.301116943359375,0.3174118995666504,0.28562378883361816,0.3324301242828369,0.3484508991241455,0.33617186546325684,0.3053460121154785,0.5986101627349854,0.450023889541626,0.29340291023254395,0.39145517349243164,0.2803819179534912,0.31628894805908203,0.6019599437713623,0.31758809089660645,0.31250786781311035,0.314007043838501,0.28552794456481934,0.5346570014953613,0.3102748394012451,0.5505950450897217,0.3583810329437256,0.28269004821777344,0.3739161491394043,0.29885077476501465,0.27997279167175293,0.3412058353424072,0.3618278503417969,0.39778900146484375,0.2881338596343994,0.29916906356811523,0.36717891693115234,0.36551785469055176
0.12	GG	0.4243788719177246,0.28788304328918457,0.43399906158447266,0.3204329013824463,0.5943512916564941,0.4058701992034912,0.369858980178833,0.5572280883789062,0.35051894187927246,0.6646230220794678,0.6018259525299072,0.6010489463806152,0.36990833282470703,0.5820307731628418,0.31381678581237793,0.2821791172027588,0.46091294288635254,0.3554351329803467,0.5387539863586426,0.4638228416442871,0.4590170383453369,0.42017173767089844,0.5135691165924072,0.5964460372924805,0.3764190673828125,0.2812020778656006,0.6729409694671631,0.27988195419311523,0.4932558536529541,0.5125460624694824,0.6122081279754639,0.6074907779693604,0.550590991973877,0.5251579284667969,0.4559760093688965,0.2777900695800781,0.5568380355834961,0.3675868511199951,0.4200317859649658,0.7143969535827637,0.6737589836120605,0.2832529544830322,0.6030147075653076,0.6303558349609375,0.5748641490936279,0.38751721382141113,0.6764910221099854,0.44971275329589844,0.5277531147003174,0.3209059238433838,0.423051118850708,0.4865560531616211,0.28270578384399414,0.5087957382202148,0.8686411380767822,0.4133181571960449,0.45978593826293945,0.2806582450866699,0.4827291965484619,0.28037190437316895,0.36315393447875977,0.4878711700439453,0.3138880729675293,0.6905226707458496,0.4835391044616699,0.27734899520874023,0.28823184967041016,0.351132869720459,0.2827489376068115,0.5591139793395996,0.4779648780822754,0.5061800479888916,0.3915719985961914,0.34581875801086426,0.7430636882781982,0.374068021774292,0.5639982223510742,0.43045902252197266,0.47793006896972656,0.6568329334259033,0.27870702743530273,0.6280920505523682,0.8497979640960693,0.5764710903167725,0.5313351154327393,0.4610929489135742,0.2797560691833496,0.5514428615570068,0.5757009983062744,0.5025579929351807,0.49509310722351074,0.2819690704345703,0.56156325340271,0.6401638984680176,0.5182092189788818,0.278181791305542,0.31119608879089355,0.5948209762573242,0.27623605728149414,0.28093695640563965,0.504755973815918,0.44945788383483887,0.5454180240631104,0.7503159046173096,0.41874098777770996,0.4447171688079834,0.42003512382507324,0.3860740661621094,0.2834169864654541,0.636106014251709,0.5760087966918945,0.5807816982269287,0.5413188934326172,0.547788143157959,0.6048719882965088,0.5460357666015625,0.38923168182373047,0.5817608833312988,0.36739110946655273,0.6262598037719727,0.5544967651367188,0.2811908721923828,0.28028178215026855,0.5182209014892578,0.5566132068634033,0.7774100303649902,0.449725866317749,0.5493230819702148,0.503791093826294,0.7199831008911133,0.4612908363342285,0.5777437686920166,0.43398499488830566,0.35166382789611816,0.27976083755493164,0.6125037670135498,0.5426759719848633,0.4653792381286621,0.707024097442627,0.43036699295043945,0.2793750762939453,0.28118181228637695,0.5674591064453125,0.31617283821105957,0.28037095069885254,0.3736586570739746,0.7008650302886963,0.30655694007873535,0.3960566520690918,0.5370340347290039,0.2856447696685791,0.4730360507965088,0.40081286430358887,0.279541015625,0.5026528835296631,0.5664689540863037,0.4677751064300537,0.35676121711730957,0.5887479782104492,0.4230928421020508,0.5957281589508057,0.5244550704956055,0.42857980728149414,0.3792707920074463,0.4578890800476074,0.30434703826904297,0.2763688564300537,0.4759528636932373,0.3637831211090088,0.4757120609283447,0.472214937210083,0.662787914276123,0.3243279457092285,0.5031421184539795,0.43425798416137695,0.34446096420288086,0.36046314239501953,0.7963759899139404,0.6924581527709961,0.2781798839569092,0.7729527950286865,0.2770118713378906,0.539247989654541,0.5061120986938477,0.34265995025634766,0.2871427536010742,0.4679701328277588,0.4267411231994629,0.6992697715759277,0.279752254486084,0.4192161560058594,0.47888994216918945,0.4573359489440918,0.5155558586120605,0.5436670780181885,0.4127061367034912,0.44960522651672363,0.5460388660430908,0.47626185417175293,0.2812228202819824
0.12	GG2	0.4243788719177246,0.28788304328918457,0.43399906158447266,0.3204329013824463,0.5943512916564941,0.4058701992034912,0.369858980178833,0.5572280883789062,0.35051894187927246,0.6646230220794678,0.6018259525299072,0.6010489463806152,0.36990833282470703,0.5820307731628418,0.31381678581237793,0.2821791172027588,0.46091294288635254,0.3554351329803467,0.5387539863586426,0.4638228416442871,0.4590170383453369,0.42017173767089844,0.5135691165924072,0.5964460372924805,0.3764190673828125,0.2812020778656006,0.6729409694671631,0.27988195419311523,0.4932558536529541,0.5125460624694824,0.6122081279754639,0.6074907779693604,0.550590991973877,0.5251579284667969,0.4559760093688965,0.2777900695800781,0.5568380355834961,0.3675868511199951,0.4200317859649658,0.7143969535827637,0.6737589836120605,0.2832529544830322,0.6030147075653076,0.6303558349609375,0.5748641490936279,0.38751721382141113,0.6764910221099854,0.44971275329589844,0.5277531147003174,0.3209059238433838,0.423051118850708,0.4865560531616211,0.28270578384399414,0.5087957382202148,0.8686411380767822,0.4133181571960449,0.45978593826293945,0.2806582450866699,0.4827291965484619,0.28037190437316895,0.36315393447875977,0.4878711700439453,0.3138880729675293,0.6905226707458496,0.4835391044616699,0.27734899520874023,0.28823184967041016,0.351132869720459,0.2827489376068115,0.5591139793395996,0.4779648780822754,0.5061800479888916,0.3915719985961914,0.34581875801086426,0.7430636882781982,0.374068021774292,0.5639982223510742,0.43045902252197266,0.47793006896972656,0.6568329334259033,0.27870702743530273,0.6280920505523682,0.8497979640960693,0.5764710903167725,0.5313351154327393,0.4610929489135742,0.2797560691833496,0.5514428615570068,0.5757009983062744,0.5025579929351807,0.49509310722351074,0.2819690704345703,0.56156325340271,0.6401638984680176,0.5182092189788818,0.278181791305542,0.31119608879089355,0.5948209762573242,0.27623605728149414,0.28093695640563965,0.504755973815918,0.44945788383483887,0.5454180240631104,0.7503159046173096,0.41874098777770996,0.4447171688079834,0.42003512382507324,0.3860740661621094,0.2834169864654541,0.636106014251709,0.5760087966918945,0.5807816982269287,0.5413188934326172,0.547788143157959,0.6048719882965088,0.5460357666015625,0.38923168182373047,0.5817608833312988,0.36739110946655273,0.6262598037719727,0.5544967651367188,0.2811908721923828,0.28028178215026855,0.5182209014892578,0.5566132068634033,0.7774100303649902,0.449725866317749,0.5493230819702148,0.503791093826294,0.7199831008911133,0.4612908363342285,0.5777437686920166,0.43398499488830566,0.35166382789611816,0.27976083755493164,0.6125037670135498,0.5426759719848633,0.4653792381286621,0.707024097442627,0.43036699295043945,0.2793750762939453,0.28118181228637695,0.5674591064453125,0.31617283821105957,0.28037095069885254,0.3736586570739746,0.7008650302886963,0.30655694007873535,0.3960566520690918,0.5370340347290039,0.2856447696685791,0.4730360507965088,0.40081286430358887,0.279541015625,0.5026528835296631,0.5664689540863037,0.4677751064300537,0.35676121711730957,0.5887479782104492,0.4230928421020508,0.5957281589508057,0.5244550704956055,0.42857980728149414,0.3792707920074463,0.4578890800476074,0.30434703826904297,0.2763688564300537,0.4759528636932373,0.3637831211090088,0.4757120609283447,0.472214937210083,0.662787914276123,0.3243279457092285,0.5031421184539795,0.43425798416137695,0.34446096420288086,0.36046314239501953,0.7963759899139404,0.6924581527709961,0.2781798839569092,0.7729527950286865,0.2770118713378906,0.539247989654541,0.5061120986938477,0.34265995025634766,0.2871427536010742,0.4679701328277588,0.4267411231994629,0.6992697715759277,0.279752254486084,0.4192161560058594,0.47888994216918945,0.4573359489440918,0.5155558586120605,0.5436670780181885,0.4127061367034912,0.44960522651672363,0.5460388660430908,0.47626185417175293,0.2812228202819824
0.13	GEE	0.01955580711364746,0.020435810089111328,0.019897937774658203,0.019923925399780273,0.019812822341918945,0.019887924194335938,0.019887924194335938,0.01985788345336914,0.019848108291625977,0.019937992095947266,0.020186901092529297,0.01984405517578125,0.019917726516723633,0.02056288719177246,0.019711017608642578,0.019915103912353516,0.01987600326538086,0.0199129581451416,0.02004098892211914,0.020021915435791016,0.020154237747192383,0.019875049591064453,0.019988298416137695,0.020333051681518555,0.01997208595275879,0.019848346710205078,0.0202789306640625,0.01985001564025879,0.02032613754272461,0.01984381675720215,0.020360946655273438,0.01984882354736328,0.020087003707885742,0.019819974899291992,0.019782066345214844,0.020045757293701172,0.02002406120300293,0.019783973693847656,0.01960897445678711,0.02017998695373535,0.01989603042602539,0.019933223724365234,0.020013809204101562,0.019641876220703125,0.019615888595581055,0.019954919815063477,0.019778013229370117,0.020125865936279297,0.019759178161621094,0.019921302795410156,0.01994800567626953,0.02000594139099121,0.019669055938720703,0.020338773727416992,0.019989967346191406,0.019591808319091797,0.02040410041809082,0.019841909408569336,0.02002692222595215,0.020138025283813477,0.020338058471679688,0.020220041275024414,0.020051002502441406,0.019732952117919922,0.020003080368041992,0.019649028778076172,0.02062201499938965,0.020022153854370117,0.019852876663208008,0.020381927490234375,0.02004098892211914,0.020840883255004883,0.01997685432434082,0.01987314224243164,0.021593809127807617,0.019885778427124023,0.020586013793945312,0.01989912986755371,0.019691944122314453,0.020392894744873047,0.019982099533081055,0.020508766174316406,0.019842147827148438,0.020150184631347656,0.019989967346191406,0.020308971405029297,0.02036309242248535,0.020374059677124023,0.019885778427124023,0.020360946655273438,0.01977705955505371,0.020587921142578125,0.020186185836791992,0.020142793655395508,0.019947052001953125,0.020135164260864258,0.02068495750427246,0.020392179489135742,0.019780874252319336,0.02025604248046875,0.020682096481323242,0.02006220817565918,0.019827842712402344,0.019707918167114258,0.02005791664123535,0.020290136337280273,0.019652843475341797,0.02045273780822754,0.019694805145263672,0.020395994186401367,0.019752979278564453,0.020009994506835938,0.019788026809692383,0.019968032836914062,0.01996898651123047,0.01971602439880371,0.022032976150512695,0.02215409278869629,0.0206148624420166,0.02446293830871582,0.021414756774902344,0.019896984100341797,0.019793033599853516,0.019816160202026367,0.02005314826965332,0.019797086715698242,0.02082085609436035,0.020671844482421875,0.019882917404174805,0.02040386199951172,0.020574092864990234,0.02046799659729004,0.019743919372558594,0.019906997680664062,0.021237850189208984,0.02356410026550293,0.0248110294342041,0.022958040237426758,0.020574092864990234,0.0214080810546875,0.025632858276367188,0.022336959838867188,0.025716066360473633,0.020483016967773438,0.020743131637573242,0.019855022430419922,0.020138978958129883,0.021047592163085938,0.020225048065185547,0.019978046417236328,0.02023482322692871,0.021285295486450195,0.019932270050048828,0.020128965377807617,0.020802021026611328,0.01981210708618164,0.02106499671936035,0.0213623046875,0.019726991653442383,0.020624876022338867,0.020202159881591797,0.020377159118652344,0.019759654998779297,0.019881010055541992,0.023222923278808594,0.02064824104309082,0.02064681053161621,0.021085023880004883,0.02051997184753418,0.02001500129699707,0.02053689956665039,0.020448923110961914,0.020505905151367188,0.019778013229370117,0.021829843521118164,0.02024388313293457,0.019732952117919922,0.020270109176635742,0.01990818977355957,0.020131826400756836,0.020279884338378906,0.019866943359375,0.019918203353881836,0.019808053970336914,0.019829750061035156,0.019865036010742188,0.02054309844970703,0.01966094970703125,0.020017147064208984,0.02044081687927246,0.02014327049255371,0.01986384391784668,0.020193099975585938,0.020219802856445312,0.019965171813964844,0.020488977432250977,0.02042388916015625,0.020601987838745117,0.020183801651000977,0.02021622657775879
0.13	GNN	0.31746506690979004,0.4115567207336426,0.3124730587005615,0.29027891159057617,0.2852458953857422,0.30512404441833496,0.3594071865081787,0.45308995246887207,0.29017186164855957,0.4106028079986572,0.3163440227508545,0.33671998977661133,0.5058698654174805,0.35344600677490234,0.28679585456848145,0.3036689758300781,0.288377046585083,0.28650999069213867,0.2853519916534424,0.3270840644836426,0.3030409812927246,0.28964996337890625,0.37523484230041504,0.29386305809020996,0.28836584091186523,0.295835018157959,0.42836928367614746,0.28795695304870605,0.7183201313018799,0.2872447967529297,0.43235301971435547,0.3812379837036133,0.3030509948730469,0.41049718856811523,0.32375597953796387,0.2925262451171875,0.4562869071960449,0.5835850238800049,0.3111870288848877,0.3223419189453125,0.31267285346984863,0.35816407203674316,0.36311912536621094,0.28632092475891113,0.29534006118774414,0.4062221050262451,0.3609199523925781,0.36408305168151855,0.33359479904174805,0.2916297912597656,0.49167895317077637,0.3027310371398926,0.31415820121765137,0.37998270988464355,0.3156421184539795,0.3305511474609375,0.3034968376159668,0.35903501510620117,0.28969597816467285,0.29257893562316895,0.3154289722442627,0.345181941986084,0.310122013092041,0.3214280605316162,0.32091808319091797,0.3760349750518799,0.38805198669433594,0.436903715133667,0.3678719997406006,0.3151698112487793,0.2866027355194092,0.2918128967285156,0.31041932106018066,0.4115731716156006,0.3823561668395996,0.2844381332397461,0.3586900234222412,0.34827399253845215,0.4649038314819336,0.38931703567504883,0.35501599311828613,0.5295779705047607,0.32420802116394043,0.3412332534790039,0.3123900890350342,0.39193010330200195,0.28314709663391113,0.6139142513275146,0.3538069725036621,0.2975759506225586,0.29909205436706543,0.29210615158081055,0.29175710678100586,0.2876551151275635,0.2991068363189697,0.32721424102783203,0.33515477180480957,0.3641641139984131,0.28515195846557617,0.28954076766967773,0.29898715019226074,0.3098459243774414,0.35540103912353516,0.29385900497436523,0.37197279930114746,0.3142430782318115,0.31420087814331055,0.3187570571899414,0.3249368667602539,0.44847989082336426,0.2849571704864502,0.2850649356842041,0.28884291648864746,0.35022997856140137,0.41949892044067383,0.2890150547027588,0.3299551010131836,0.3779771327972412,0.3273768424987793,0.41454410552978516,0.3295001983642578,0.2932422161102295,0.30600714683532715,0.3164539337158203,0.303225040435791,0.3222019672393799,0.3209378719329834,0.280134916305542,0.4352681636810303,0.39376306533813477,0.2936081886291504,0.2925539016723633,0.34361720085144043,0.39488792419433594,0.42470884323120117,0.405728816986084,0.3899099826812744,0.32662200927734375,0.3056490421295166,0.3082590103149414,0.31815385818481445,0.2864210605621338,0.36452627182006836,0.5391983985900879,0.6192779541015625,0.3418869972229004,0.4081141948699951,0.3727250099182129,0.32779979705810547,0.3103001117706299,0.32302427291870117,0.3398010730743408,0.30841493606567383,0.4888010025024414,0.299501895904541,0.36774706840515137,0.5077760219573975,0.3692350387573242,0.31546497344970703,0.3809070587158203,0.5154550075531006,0.29329586029052734,0.3284158706665039,0.502159833908081,0.3265531063079834,0.3356742858886719,0.3623080253601074,0.36286497116088867,0.30509090423583984,0.2989461421966553,0.3052351474761963,0.33248090744018555,0.3063499927520752,0.2868843078613281,0.5443572998046875,0.2975497245788574,0.5201799869537354,0.4288029670715332,0.5746967792510986,0.31937098503112793,0.30326294898986816,0.37511491775512695,0.32656407356262207,0.3048889636993408,0.28377509117126465,0.32715511322021484,0.28963804244995117,0.33979296684265137,0.35064005851745605,0.2879762649536133,0.37681007385253906,0.3089420795440674,0.32476186752319336,0.347949743270874,0.2885100841522217,0.3949549198150635,0.2853052616119385,0.33890581130981445,0.32715797424316406,0.39904189109802246
0.13	GG	0.45610976219177246,0.31320691108703613,0.6096062660217285,0.4051690101623535,0.6001489162445068,0.44453883171081543,0.2841060161590576,0.4745368957519531,0.47388505935668945,0.27997279167175293,0.2868781089782715,0.5427122116088867,0.4373137950897217,0.30394816398620605,0.36158204078674316,0.2870950698852539,0.44396495819091797,0.43027615547180176,0.4271821975708008,0.37610316276550293,0.6189062595367432,0.46246814727783203,0.5683929920196533,0.3462040424346924,0.40313100814819336,0.28260207176208496,0.290971040725708,0.6548879146575928,0.2875528335571289,0.6613881587982178,0.4816896915435791,0.6466331481933594,0.4673430919647217,0.5684919357299805,0.438751220703125,0.28658103942871094,0.28449416160583496,0.6082141399383545,0.4131639003753662,0.3705410957336426,0.6404328346252441,0.7318289279937744,0.3177042007446289,0.6379649639129639,0.4595649242401123,0.37424492835998535,0.6350481510162354,0.6255240440368652,0.6092500686645508,0.2833678722381592,0.37736082077026367,0.4145479202270508,0.41491103172302246,0.5658891201019287,0.49728894233703613,0.3984098434448242,0.4542427062988281,0.280059814453125,0.5107131004333496,0.2823970317840576,0.28899478912353516,0.4809749126434326,0.2849409580230713,0.6241540908813477,0.4107980728149414,0.3159041404724121,0.2863297462463379,0.291841983795166,0.2850160598754883,0.4438490867614746,0.5915520191192627,0.41604089736938477,0.580456018447876,0.6462571620941162,0.49815893173217773,0.3107438087463379,0.44771480560302734,0.4107849597930908,0.49420690536499023,0.2872309684753418,0.6600620746612549,0.28591418266296387,0.3394508361816406,0.506263017654419,0.3584771156311035,0.5338168144226074,0.3308069705963135,0.2870330810546875,0.6488277912139893,0.5965020656585693,0.5458531379699707,0.2829718589782715,0.7011759281158447,0.6893041133880615,0.6445310115814209,0.6675949096679688,0.6038038730621338,0.5950889587402344,0.28428173065185547,0.28734517097473145,0.2879340648651123,0.5245099067687988,0.5432801246643066,0.28694605827331543,0.5180559158325195,0.7017171382904053,0.6228799819946289,0.4124867916107178,0.3163299560546875,0.5598139762878418,0.5323913097381592,0.27959299087524414,0.45093822479248047,0.4994978904724121,0.8912780284881592,0.6671309471130371,0.3762080669403076,0.3178091049194336,0.3351459503173828,0.5527300834655762,0.2939438819885254,0.29201722145080566,0.2805802822113037,0.6239440441131592,0.2880690097808838,0.2806708812713623,0.32767796516418457,0.46440720558166504,0.6183040142059326,0.2820868492126465,0.28415894508361816,0.659390926361084,0.3034369945526123,0.6770389080047607,0.29958105087280273,0.6855509281158447,0.5346653461456299,0.5859248638153076,0.3535947799682617,0.4101569652557373,0.2915818691253662,0.2919752597808838,0.5042591094970703,0.6330521106719971,0.28375768661499023,0.4996342658996582,0.5417211055755615,0.4803502559661865,0.48148393630981445,0.4900951385498047,0.44867992401123047,0.33945679664611816,0.511361837387085,0.28550124168395996,0.3650968074798584,0.30083513259887695,0.4622468948364258,0.47286009788513184,0.37453579902648926,0.6416277885437012,0.4069528579711914,0.520327091217041,0.6649367809295654,0.6150619983673096,0.5500140190124512,0.30821800231933594,0.5606389045715332,0.5464539527893066,0.30458807945251465,0.6242260932922363,0.28971385955810547,0.6235940456390381,0.3809478282928467,0.5934457778930664,0.3392159938812256,0.37537407875061035,0.4205787181854248,0.7134110927581787,0.28113722801208496,0.2857370376586914,0.8390240669250488,0.30576205253601074,0.36481714248657227,0.4863920211791992,0.2853729724884033,0.331981897354126,0.3317070007324219,0.4815707206726074,0.5132348537445068,0.2856299877166748,0.2998499870300293,0.49853086471557617,0.49042606353759766,0.48892688751220703,0.5087943077087402,0.28737688064575195,0.4638988971710205,0.5961253643035889,0.5796191692352295,0.284404993057251
0.13	GG2	0.45610976219177246,0.31320691108703613,0.6096062660217285,0.4051690101623535,0.6001489162445068,0.44453883171081543,0.2841060161590576,0.4745368957519531,0.47388505935668945,0.27997279167175293,0.2868781089782715,0.5427122116088867,0.4373137950897217,0.30394816398620605,0.36158204078674316,0.2870950698852539,0.44396495819091797,0.43027615547180176,0.4271821975708008,0.37610316276550293,0.6189062595367432,0.46246814727783203,0.5683929920196533,0.3462040424346924,0.40313100814819336,0.28260207176208496,0.290971040725708,0.6548879146575928,0.2875528335571289,0.6613881587982178,0.4816896915435791,0.6466331481933594,0.4673430919647217,0.5684919357299805,0.438751220703125,0.28658103942871094,0.28449416160583496,0.6082141399383545,0.4131639003753662,0.3705410957336426,0.6404328346252441,0.7318289279937744,0.3177042007446289,0.6379649639129639,0.4595649242401123,0.37424492835998535,0.6350481510162354,0.6255240440368652,0.6092500686645508,0.2833678722381592,0.37736082077026367,0.4145479202270508,0.41491103172302246,0.5658891201019287,0.49728894233703613,0.3984098434448242,0.4542427062988281,0.280059814453125,0.5107131004333496,0.2823970317840576,0.28899478912353516,0.4809749126434326,0.2849409580230713,0.6241540908813477,0.4107980728149414,0.3159041404724121,0.2863297462463379,0.291841983795166,0.2850160598754883,0.4438490867614746,0.5915520191192627,0.41604089736938477,0.580456018447876,0.6462571620941162,0.49815893173217773,0.3107438087463379,0.44771480560302734,0.4107849597930908,0.49420690536499023,0.2872309684753418,0.6600620746612549,0.28591418266296387,0.3394508361816406,0.506263017654419,0.3584771156311035,0.5338168144226074,0.3308069705963135,0.2870330810546875,0.6488277912139893,0.5965020656585693,0.5458531379699707,0.2829718589782715,0.7011759281158447,0.6893041133880615,0.6445310115814209,0.6675949096679688,0.6038038730621338,0.5950889587402344,0.28428173065185547,0.28734517097473145,0.2879340648651123,0.5245099067687988,0.5432801246643066,0.28694605827331543,0.5180559158325195,0.7017171382904053,0.6228799819946289,0.4124867916107178,0.3163299560546875,0.5598139762878418,0.5323913097381592,0.27959299087524414,0.45093822479248047,0.4994978904724121,0.8912780284881592,0.6671309471130371,0.3762080669403076,0.3178091049194336,0.3351459503173828,0.5527300834655762,0.2939438819885254,0.29201722145080566,0.2805802822113037,0.6239440441131592,0.2880690097808838,0.2806708812713623,0.32767796516418457,0.46440720558166504,0.6183040142059326,0.2820868492126465,0.28415894508361816,0.659390926361084,0.3034369945526123,0.6770389080047607,0.29958105087280273,0.6855509281158447,0.5346653461456299,0.5859248638153076,0.3535947799682617,0.4101569652557373,0.2915818691253662,0.2919752597808838,0.5042591094970703,0.6330521106719971,0.28375768661499023,0.4996342658996582,0.5417211055755615,0.4803502559661865,0.48148393630981445,0.4900951385498047,0.44867992401123047,0.33945679664611816,0.511361837387085,0.28550124168395996,0.3650968074798584,0.30083513259887695,0.4622468948364258,0.47286009788513184,0.37453579902648926,0.6416277885437012,0.4069528579711914,0.520327091217041,0.6649367809295654,0.6150619983673096,0.5500140190124512,0.30821800231933594,0.5606389045715332,0.5464539527893066,0.30458807945251465,0.6242260932922363,0.28971385955810547,0.6235940456390381,0.3809478282928467,0.5934457778930664,0.3392159938812256,0.37537407875061035,0.4205787181854248,0.7134110927581787,0.28113722801208496,0.2857370376586914,0.8390240669250488,0.30576205253601074,0.36481714248657227,0.4863920211791992,0.2853729724884033,0.331981897354126,0.3317070007324219,0.4815707206726074,0.5132348537445068,0.2856299877166748,0.2998499870300293,0.49853086471557617,0.49042606353759766,0.48892688751220703,0.5087943077087402,0.28737688064575195,0.4638988971710205,0.5961253643035889,0.5796191692352295,0.284404993057251
0.14	GEE	0.021275758743286133,0.020800113677978516,0.020935773849487305,0.021273136138916016,0.020987987518310547,0.021221160888671875,0.021190881729125977,0.02094888687133789,0.020754098892211914,0.020897865295410156,0.021441936492919922,0.02070331573486328,0.021017789840698242,0.021294116973876953,0.021319866180419922,0.021075963973999023,0.020618915557861328,0.02094411849975586,0.02105116844177246,0.020920753479003906,0.020687103271484375,0.020843029022216797,0.020693063735961914,0.02096271514892578,0.02096414566040039,0.021049976348876953,0.020707130432128906,0.020904064178466797,0.021477937698364258,0.020862340927124023,0.021186113357543945,0.02085089683532715,0.020845890045166016,0.020987987518310547,0.021188020706176758,0.02112102508544922,0.020692825317382812,0.020925045013427734,0.02064800262451172,0.020895004272460938,0.020984172821044922,0.02114725112915039,0.020915985107421875,0.020763874053955078,0.021017074584960938,0.02095794677734375,0.021065950393676758,0.021283864974975586,0.02116680145263672,0.021300077438354492,0.020741939544677734,0.021481037139892578,0.020921945571899414,0.021062135696411133,0.021575927734375,0.02072906494140625,0.02146315574645996,0.021281957626342773,0.021380901336669922,0.0212860107421875,0.02085709571838379,0.021461963653564453,0.02119302749633789,0.02105712890625,0.021076202392578125,0.0209810733795166,0.021020174026489258,0.021049976348876953,0.021318912506103516,0.020768165588378906,0.02128005027770996,0.021167993545532227,0.02089214324951172,0.02093505859375,0.020801067352294922,0.021106958389282227,0.02070331573486328,0.020678997039794922,0.020924806594848633,0.020927906036376953,0.020975828170776367,0.021734952926635742,0.020966291427612305,0.021120786666870117,0.02100992202758789,0.020569801330566406,0.020827293395996094,0.020927906036376953,0.02092289924621582,0.021069765090942383,0.02074122428894043,0.020835161209106445,0.0210568904876709,0.021027803421020508,0.021175622940063477,0.021705150604248047,0.021120548248291016,0.021419048309326172,0.021730661392211914,0.021100997924804688,0.020756959915161133,0.020865917205810547,0.020982027053833008,0.021078109741210938,0.021521806716918945,0.021100997924804688,0.02160787582397461,0.02104926109313965,0.021719932556152344,0.0211489200592041,0.020940780639648438,0.02141094207763672,0.020969152450561523,0.02096700668334961,0.021477699279785156,0.02091693878173828,0.021602153778076172,0.020949125289916992,0.020933151245117188,0.021595239639282227,0.020956993103027344,0.021508216857910156,0.02100086212158203,0.020782947540283203,0.02170705795288086,0.020891189575195312,0.021704912185668945,0.020871877670288086,0.02073812484741211,0.02176690101623535,0.020767927169799805,0.020978927612304688,0.021039724349975586,0.020972013473510742,0.02109503746032715,0.020955801010131836,0.021699905395507812,0.020899057388305664,0.02156209945678711,0.02104806900024414,0.021072864532470703,0.02133488655090332,0.020927906036376953,0.021325111389160156,0.020837068557739258,0.020966291427612305,0.021409988403320312,0.020923137664794922,0.020718097686767578,0.020987987518310547,0.02086019515991211,0.020753860473632812,0.02147221565246582,0.021301984786987305,0.020915985107421875,0.02084040641784668,0.02103710174560547,0.020633220672607422,0.020825862884521484,0.021546363830566406,0.020786285400390625,0.02187967300415039,0.022205114364624023,0.02137589454650879,0.021277904510498047,0.021678924560546875,0.02179408073425293,0.020936965942382812,0.021193981170654297,0.021582841873168945,0.02081298828125,0.02109980583190918,0.021804094314575195,0.020951032638549805,0.02120494842529297,0.021049022674560547,0.020707130432128906,0.020778179168701172,0.02114081382751465,0.020910024642944336,0.021586894989013672,0.021569013595581055,0.02193593978881836,0.021335124969482422,0.02143406867980957,0.02074599266052246,0.021586179733276367,0.02097010612487793,0.02054309844970703,0.021416902542114258,0.021060943603515625,0.021878957748413086,0.021275043487548828,0.02114391326904297,0.021741151809692383,0.02183079719543457,0.021429061889648438,0.02089977264404297,0.021403074264526367,0.021406888961791992
0.14	GNN	0.36952686309814453,0.3464818000793457,0.32033300399780273,0.2980201244354248,0.36413121223449707,0.3295760154724121,0.46924400329589844,0.3168609142303467,0.30646419525146484,0.30602216720581055,0.3153960704803467,0.37021899223327637,0.35555315017700195,0.34334301948547363,0.31452298164367676,0.39322590827941895,0.3126840591430664,0.36826014518737793,0.3135218620300293,0.3496739864349365,0.4154679775238037,0.29456496238708496,0.4346640110015869,0.2964320182800293,0.5762288570404053,0.3200829029083252,0.34876513481140137,0.292924165725708,0.39398980140686035,0.44275808334350586,0.33268094062805176,0.3447401523590088,0.5548138618469238,0.3417069911956787,0.36695218086242676,0.3605680465698242,0.3352692127227783,0.4216940402984619,0.31902217864990234,0.3124861717224121,0.330003023147583,0.41246986389160156,0.5401520729064941,0.44420289993286133,0.3249671459197998,0.30071496963500977,0.32564401626586914,0.29413580894470215,0.3549661636352539,0.3059670925140381,0.5101189613342285,0.3024308681488037,0.3350358009338379,0.38184380531311035,0.3156001567840576,0.33197736740112305,0.45389628410339355,0.3373239040374756,0.44467616081237793,0.29586315155029297,0.30882930755615234,0.4231529235839844,0.3720829486846924,0.5421228408813477,0.3294095993041992,0.561439037322998,0.30739307403564453,0.33708786964416504,0.324857234954834,0.4559319019317627,0.4406301975250244,0.3228771686553955,0.3119540214538574,0.37253403663635254,0.30595827102661133,0.3390798568725586,0.3370351791381836,0.534412145614624,0.32492494583129883,0.3144111633300781,0.29343581199645996,0.36304521560668945,0.4624910354614258,0.35660290718078613,0.5669288635253906,0.366375207901001,0.3070211410522461,0.3665471076965332,0.4568667411804199,0.34961414337158203,0.3393280506134033,0.29897332191467285,0.34423398971557617,0.5085339546203613,0.48346710205078125,0.38402485847473145,0.3075127601623535,0.37523889541625977,0.3215749263763428,0.2969341278076172,0.3715529441833496,0.2976241111755371,0.340425968170166,0.3711569309234619,0.3621828556060791,0.3515479564666748,0.32036304473876953,0.35140109062194824,0.31450796127319336,0.30733323097229004,0.46326303482055664,0.5031929016113281,0.29735493659973145,0.43631982803344727,0.412322998046875,0.38451695442199707,0.3043539524078369,0.4913809299468994,0.339874267578125,0.3823051452636719,0.3619191646575928,0.3382740020751953,0.372283935546875,0.3149857521057129,0.30672597885131836,0.3422207832336426,0.46906113624572754,0.31136512756347656,0.5578720569610596,0.45912694931030273,0.4669160842895508,0.30475878715515137,0.3539600372314453,0.3215460777282715,0.3249781131744385,0.3139309883117676,0.5623219013214111,0.641956090927124,0.3466639518737793,0.29043078422546387,0.40852808952331543,0.3147571086883545,0.333219051361084,0.4541020393371582,0.6409010887145996,0.33405327796936035,0.31386590003967285,0.3155021667480469,0.3157958984375,0.35752296447753906,0.33348917961120605,0.3340129852294922,0.3318631649017334,0.4218318462371826,0.3261699676513672,0.41461968421936035,0.3823862075805664,0.32491111755371094,0.3172569274902344,0.3365960121154785,0.3391380310058594,0.3218801021575928,0.3332347869873047,0.5091278553009033,0.3072218894958496,0.29703187942504883,0.32869982719421387,0.3473398685455322,0.3080439567565918,0.2911858558654785,0.4105710983276367,0.3213777542114258,0.33350086212158203,0.30244898796081543,0.3915882110595703,0.46114301681518555,0.6161060333251953,0.3023340702056885,0.3363480567932129,0.33930087089538574,0.39901304244995117,0.5146420001983643,0.332186222076416,0.3202791213989258,0.2920808792114258,0.43144702911376953,0.3180239200592041,0.3687307834625244,0.32189488410949707,0.3035740852355957,0.3292562961578369,0.3284451961517334,0.31480908393859863,0.3370387554168701,0.29408788681030273,0.29442691802978516,0.2902088165283203,0.30830812454223633,0.42728590965270996,0.4329342842102051
0.14	GG	0.43012571334838867,0.7261440753936768,0.49042415618896484,0.42241406440734863,0.6526410579681396,0.5298988819122314,0.3329470157623291,0.6617910861968994,0.478503942489624,0.6955428123474121,0.780998945236206,0.5253920555114746,0.3869781494140625,0.3129398822784424,0.37689805030822754,0.552807092666626,0.5303921699523926,0.41541314125061035,0.2969632148742676,0.34195709228515625,0.6497583389282227,0.3365299701690674,0.29479408264160156,0.3463120460510254,0.45909762382507324,0.29593920707702637,0.6961560249328613,0.295299768447876,0.29909801483154297,0.3100917339324951,0.5544681549072266,0.47061610221862793,0.37186694145202637,0.391528844833374,0.49703097343444824,0.29319214820861816,0.3026130199432373,0.45591092109680176,0.7163619995117188,0.7965829372406006,0.8198862075805664,0.4575529098510742,0.29344701766967773,0.2880668640136719,0.5845587253570557,0.4525759220123291,0.7583801746368408,0.5554070472717285,0.5054311752319336,0.374802827835083,0.3068840503692627,0.5152549743652344,0.48102903366088867,0.4726982116699219,0.5602560043334961,0.754525899887085,0.301807165145874,0.3001410961151123,0.47438812255859375,0.295759916305542,0.4220249652862549,0.6920380592346191,0.321321964263916,0.332705020904541,0.4479529857635498,0.5671100616455078,0.2894258499145508,0.33518195152282715,0.2918243408203125,0.6986041069030762,0.3889200687408447,0.29233503341674805,0.5281698703765869,0.33855676651000977,0.5840740203857422,0.5574488639831543,0.6200120449066162,0.44099903106689453,0.4430248737335205,0.30869507789611816,0.40053677558898926,0.643416166305542,0.6204209327697754,0.2864370346069336,0.552772045135498,0.5329339504241943,0.6130039691925049,0.5804460048675537,0.6310417652130127,0.5804233551025391,0.5842130184173584,0.29727721214294434,0.5395779609680176,0.29446983337402344,0.6050059795379639,0.2894859313964844,0.35416698455810547,0.5922620296478271,0.2923610210418701,0.286118745803833,0.5589160919189453,0.6495118141174316,0.44565796852111816,0.5761013031005859,0.7167768478393555,0.5904982089996338,0.38263607025146484,0.5746650695800781,0.44934606552124023,0.29276394844055176,0.4472818374633789,0.5077848434448242,0.6777360439300537,0.5702478885650635,0.6385116577148438,0.5681741237640381,0.2935032844543457,0.3345680236816406,0.3864610195159912,0.2945291996002197,0.6956522464752197,0.5765712261199951,0.2981739044189453,0.5700170993804932,0.297544002532959,0.8366680145263672,0.6753218173980713,0.48865723609924316,0.4321022033691406,0.29321789741516113,0.34776926040649414,0.29224276542663574,0.30683112144470215,0.3954029083251953,0.2946438789367676,0.5080478191375732,0.382688045501709,0.34307241439819336,0.734935998916626,0.44664978981018066,0.29224586486816406,0.31974077224731445,0.6679039001464844,0.29371118545532227,0.5603420734405518,0.40498900413513184,0.7047920227050781,0.4837911128997803,0.414323091506958,0.49936890602111816,0.49718284606933594,0.5393829345703125,0.39122986793518066,0.4086611270904541,0.6425459384918213,0.5990278720855713,0.47116613388061523,0.29399609565734863,0.6049327850341797,0.4941887855529785,0.8297238349914551,0.6214210987091064,0.7389109134674072,0.4563720226287842,0.4480559825897217,0.3451399803161621,0.6561050415039062,0.5532612800598145,0.37169480323791504,0.3518791198730469,0.49234914779663086,0.296799898147583,0.3396880626678467,0.3942070007324219,0.47978687286376953,0.29665112495422363,0.29526805877685547,0.2879011631011963,0.2889378070831299,0.29382872581481934,0.8632218837738037,0.6078126430511475,0.3514721393585205,0.6241538524627686,0.32527804374694824,0.32919788360595703,0.29033994674682617,0.4946279525756836,0.4808969497680664,0.28859901428222656,0.8070881366729736,0.2922368049621582,0.47365283966064453,0.7504251003265381,0.2964909076690674,0.37758493423461914,0.7318546772003174,0.28749704360961914,0.5340447425842285,0.5242140293121338
0.14	GG2	0.43012571334838867,0.7261440753936768,0.49042415618896484,0.42241406440734863,0.6526410579681396,0.5298988819122314,0.3329470157623291,0.6617910861968994,0.478503942489624,0.6955428123474121,0.780998945236206,0.5253920555114746,0.3869781494140625,0.3129398822784424,0.37689805030822754,0.552807092666626,0.5303921699523926,0.41541314125061035,0.2969632148742676,0.34195709228515625,0.6497583389282227,0.3365299701690674,0.29479408264160156,0.3463120460510254,0.45909762382507324,0.29593920707702637,0.6961560249328613,0.295299768447876,0.29909801483154297,0.3100917339324951,0.5544681549072266,0.47061610221862793,0.37186694145202637,0.391528844833374,0.49703097343444824,0.29319214820861816,0.3026130199432373,0.45591092109680176,0.7163619995117188,0.7965829372406006,0.8198862075805664,0.4575529098510742,0.29344701766967773,0.2880668640136719,0.5845587253570557,0.4525759220123291,0.7583801746368408,0.5554070472717285,0.5054311752319336,0.374802827835083,0.3068840503692627,0.5152549743652344,0.48102903366088867,0.4726982116699219,0.5602560043334961,0.754525899887085,0.301807165145874,0.3001410961151123,0.47438812255859375,0.295759916305542,0.4220249652862549,0.6920380592346191,0.321321964263916,0.332705020904541,0.4479529857635498,0.5671100616455078,0.2894258499145508,0.33518195152282715,0.2918243408203125,0.6986041069030762,0.3889200687408447,0.29233503341674805,0.5281698703765869,0.33855676651000977,0.5840740203857422,0.5574488639831543,0.6200120449066162,0.44099903106689453,0.4430248737335205,0.30869507789611816,0.40053677558898926,0.643416166305542,0.6204209327697754,0.2864370346069336,0.552772045135498,0.5329339504241943,0.6130039691925049,0.5804460048675537,0.6310417652130127,0.5804233551025391,0.5842130184173584,0.29727721214294434,0.5395779609680176,0.29446983337402344,0.6050059795379639,0.2894859313964844,0.35416698455810547,0.5922620296478271,0.2923610210418701,0.286118745803833,0.5589160919189453,0.6495118141174316,0.44565796852111816,0.5761013031005859,0.7167768478393555,0.5904982089996338,0.38263607025146484,0.5746650695800781,0.44934606552124023,0.29276394844055176,0.4472818374633789,0.5077848434448242,0.6777360439300537,0.5702478885650635,0.6385116577148438,0.5681741237640381,0.2935032844543457,0.3345680236816406,0.3864610195159912,0.2945291996002197,0.6956522464752197,0.5765712261199951,0.2981739044189453,0.5700170993804932,0.297544002532959,0.8366680145263672,0.6753218173980713,0.48865723609924316,0.4321022033691406,0.29321789741516113,0.34776926040649414,0.29224276542663574,0.30683112144470215,0.3954029083251953,0.2946438789367676,0.5080478191375732,0.382688045501709,0.34307241439819336,0.734935998916626,0.44664978981018066,0.29224586486816406,0.31974077224731445,0.6679039001464844,0.29371118545532227,0.5603420734405518,0.40498900413513184,0.7047920227050781,0.4837911128997803,0.414323091506958,0.49936890602111816,0.49718284606933594,0.5393829345703125,0.39122986793518066,0.4086611270904541,0.6425459384918213,0.5990278720855713,0.47116613388061523,0.29399609565734863,0.6049327850341797,0.4941887855529785,0.8297238349914551,0.6214210987091064,0.7389109134674072,0.4563720226287842,0.4480559825897217,0.3451399803161621,0.6561050415039062,0.5532612800598145,0.37169480323791504,0.3518791198730469,0.49234914779663086,0.296799898147583,0.3396880626678467,0.3942070007324219,0.47978687286376953,0.29665112495422363,0.29526805877685547,0.2879011631011963,0.2889378070831299,0.29382872581481934,0.8632218837738037,0.6078126430511475,0.3514721393585205,0.6241538524627686,0.32527804374694824,0.32919788360595703,0.29033994674682617,0.4946279525756836,0.4808969497680664,0.28859901428222656,0.8070881366729736,0.2922368049621582,0.47365283966064453,0.7504251003265381,0.2964909076690674,0.37758493423461914,0.7318546772003174,0.28749704360961914,0.5340447425842285,0.5242140293121338
0.15	GEE	0.021714210510253906,0.02159285545349121,0.02203512191772461,0.021478891372680664,0.021713733673095703,0.02189803123474121,0.022409915924072266,0.0225069522857666,0.02237415313720703,0.022130966186523438,0.022469043731689453,0.021872282028198242,0.021873950958251953,0.022292137145996094,0.02188396453857422,0.021859169006347656,0.022415876388549805,0.022402048110961914,0.021633148193359375,0.022507905960083008,0.02231311798095703,0.02272796630859375,0.022302865982055664,0.022501230239868164,0.0225527286529541,0.02167677879333496,0.022538185119628906,0.022001028060913086,0.021672964096069336,0.02278900146484375,0.021738052368164062,0.022101163864135742,0.021970033645629883,0.022537946701049805,0.022094011306762695,0.021804094314575195,0.022460222244262695,0.02206110954284668,0.021863222122192383,0.022867918014526367,0.022304773330688477,0.022736787796020508,0.02251291275024414,0.02219080924987793,0.021886110305786133,0.021767139434814453,0.02215409278869629,0.02331686019897461,0.02161574363708496,0.02171182632446289,0.02192997932434082,0.021964073181152344,0.02184319496154785,0.02143573760986328,0.021912097930908203,0.021856069564819336,0.022452116012573242,0.02227306365966797,0.0220339298248291,0.02186894416809082,0.02177882194519043,0.021687984466552734,0.022397994995117188,0.021975040435791016,0.02250528335571289,0.02222299575805664,0.022613048553466797,0.0217132568359375,0.02196812629699707,0.022378206253051758,0.022040128707885742,0.022514820098876953,0.02174091339111328,0.02212810516357422,0.02401423454284668,0.021686077117919922,0.022343873977661133,0.021863937377929688,0.022614002227783203,0.022416114807128906,0.021783828735351562,0.0228118896484375,0.02231001853942871,0.022624969482421875,0.022529125213623047,0.022220134735107422,0.02175617218017578,0.022412776947021484,0.021825075149536133,0.02261495590209961,0.021739959716796875,0.023066997528076172,0.023060083389282227,0.02169203758239746,0.02238321304321289,0.02243208885192871,0.0227200984954834,0.02187800407409668,0.022356033325195312,0.022580862045288086,0.022044897079467773,0.022454023361206055,0.02258014678955078,0.021931886672973633,0.02258586883544922,0.022383928298950195,0.02260613441467285,0.021902799606323242,0.022258996963500977,0.022021770477294922,0.022143125534057617,0.02194380760192871,0.0223391056060791,0.022383928298950195,0.022549867630004883,0.022459983825683594,0.021613121032714844,0.0220029354095459,0.022135019302368164,0.021857023239135742,0.022053956985473633,0.02177906036376953,0.02223491668701172,0.022591114044189453,0.021951913833618164,0.0219728946685791,0.022123098373413086,0.02166581153869629,0.021677017211914062,0.02185201644897461,0.02166604995727539,0.021635055541992188,0.021889209747314453,0.02191615104675293,0.021738052368164062,0.022385835647583008,0.021834373474121094,0.022037029266357422,0.02232193946838379,0.02212691307067871,0.021770000457763672,0.02222299575805664,0.022211790084838867,0.021944761276245117,0.022097110748291016,0.022265195846557617,0.021990299224853516,0.021893024444580078,0.02192997932434082,0.021989107131958008,0.022508621215820312,0.02245306968688965,0.022429943084716797,0.021759986877441406,0.022624969482421875,0.022401094436645508,0.022634029388427734,0.021818161010742188,0.021990060806274414,0.022482872009277344,0.021853208541870117,0.022496938705444336,0.02218317985534668,0.022478818893432617,0.021936893463134766,0.02196025848388672,0.022523880004882812,0.02210402488708496,0.02188396453857422,0.022680997848510742,0.021841764450073242,0.022822141647338867,0.022229909896850586,0.022424936294555664,0.021905183792114258,0.021886825561523438,0.02267003059387207,0.02243494987487793,0.022385835647583008,0.022794008255004883,0.021962881088256836,0.02215290069580078,0.022871971130371094,0.02182316780090332,0.022213220596313477,0.022390127182006836,0.022794008255004883,0.021776914596557617,0.02190423011779785,0.022450923919677734,0.0217740535736084,0.021863937377929688,0.02503204345703125,0.02189779281616211,0.022079944610595703,0.02263808250427246,0.021944046020507812,0.021932125091552734,0.021889925003051758,0.021763086318969727
0.15	GNN	0.3779730796813965,0.2984139919281006,0.30822300910949707,0.34890174865722656,0.32002878189086914,0.34312009811401367,0.2927250862121582,0.29988813400268555,0.30353212356567383,0.31708383560180664,0.33459901809692383,0.43747901916503906,0.47679781913757324,0.3287851810455322,0.32169294357299805,0.31975793838500977,0.2970578670501709,0.3133702278137207,0.3091089725494385,0.6019802093505859,0.7087910175323486,0.3741729259490967,0.3250417709350586,0.3333933353424072,0.3396642208099365,0.3117330074310303,0.3417830467224121,0.5878777503967285,0.3535149097442627,0.32752013206481934,0.3370029926300049,0.334212064743042,0.4542548656463623,0.31431126594543457,0.5004029273986816,0.5356853008270264,0.38103604316711426,0.344851016998291,0.3634207248687744,0.3595879077911377,0.31702303886413574,0.3255460262298584,0.37515902519226074,0.3244180679321289,0.34309887886047363,0.386538028717041,0.347977876663208,0.30080103874206543,0.3208730220794678,0.32085084915161133,0.5631051063537598,0.3135559558868408,0.33287811279296875,0.39504003524780273,0.3614058494567871,0.5387229919433594,0.3081338405609131,0.3766670227050781,0.2998490333557129,0.34346914291381836,0.3564159870147705,0.38399696350097656,0.2990248203277588,0.32880425453186035,0.42334890365600586,0.5596599578857422,0.3006579875946045,0.31217217445373535,0.3422977924346924,0.31700825691223145,0.30675482749938965,0.3663511276245117,0.33376383781433105,0.3759489059448242,0.33844709396362305,0.44860005378723145,0.3317387104034424,0.4086289405822754,0.3646049499511719,0.3547651767730713,0.4235830307006836,0.45983266830444336,0.35311198234558105,0.39640188217163086,0.35051393508911133,0.38924598693847656,0.4152960777282715,0.5037870407104492,0.6155238151550293,0.2997171878814697,0.37016797065734863,0.31376004219055176,0.32878994941711426,0.6493861675262451,0.3617253303527832,0.303333044052124,0.31241917610168457,0.3534088134765625,0.29851317405700684,0.30089497566223145,0.6040887832641602,0.3218529224395752,0.33863186836242676,0.36717796325683594,0.35109496116638184,0.34293293952941895,0.3598630428314209,0.3152036666870117,0.3371460437774658,0.3180990219116211,0.30298495292663574,0.3159151077270508,0.3425459861755371,0.36300230026245117,0.4472329616546631,0.2928640842437744,0.34731292724609375,0.3568558692932129,0.341249942779541,0.36307311058044434,0.31966590881347656,0.33331990242004395,0.3120560646057129,0.3667759895324707,0.34285497665405273,0.35201287269592285,0.34442901611328125,0.3520228862762451,0.35788416862487793,0.3012049198150635,0.31792402267456055,0.3111443519592285,0.37422990798950195,0.4734959602355957,0.34322118759155273,0.476776123046875,0.523644208908081,0.35250020027160645,0.5967938899993896,0.3544459342956543,0.4054222106933594,0.31566882133483887,0.41559886932373047,0.36653995513916016,0.31067490577697754,0.46346092224121094,0.3546621799468994,0.41603589057922363,0.531973123550415,0.3656582832336426,0.33722758293151855,0.48218488693237305,0.29676198959350586,0.3764059543609619,0.32127881050109863,0.5909171104431152,0.3576047420501709,0.4656710624694824,0.30207014083862305,0.33751773834228516,0.40137410163879395,0.33633899688720703,0.3664848804473877,0.31032800674438477,0.3029298782348633,0.3455681800842285,0.5087707042694092,0.36641693115234375,0.3432748317718506,0.2981398105621338,0.44855499267578125,0.32439613342285156,0.3095688819885254,0.30603599548339844,0.3044888973236084,0.3433539867401123,0.3015720844268799,0.37720394134521484,0.4082047939300537,0.34056806564331055,0.3139519691467285,0.3253309726715088,0.31664490699768066,0.3286592960357666,0.3261549472808838,0.34682273864746094,0.35773181915283203,0.3505558967590332,0.6082248687744141,0.31022095680236816,0.35088491439819336,0.319321870803833,0.33475708961486816,0.3195459842681885,0.312453031539917,0.4246349334716797,0.4622931480407715,0.34683895111083984,0.4335470199584961,0.33376407623291016
0.15	GG	0.44774413108825684,0.5767219066619873,0.5536041259765625,0.5321080684661865,0.6696488857269287,0.47709107398986816,0.43311095237731934,0.7204978466033936,0.42543506622314453,0.6339230537414551,0.6214678287506104,0.5828878879547119,0.5013551712036133,0.34998393058776855,0.496654748916626,0.2992057800292969,0.5279378890991211,0.3475069999694824,0.29919886589050293,0.43173718452453613,0.4517629146575928,0.5697720050811768,0.5781760215759277,0.29717302322387695,0.45187973976135254,0.30240678787231445,0.7287168502807617,0.3946249485015869,0.3377358913421631,0.40440821647644043,0.5070290565490723,0.5697000026702881,0.494246244430542,0.42894506454467773,0.507408857345581,0.2931177616119385,0.3035430908203125,0.38875603675842285,0.5604798793792725,0.8620808124542236,0.4294290542602539,0.7712838649749756,0.3208630084991455,0.29641199111938477,0.43766093254089355,0.498046875,1.000533103942871,0.33794617652893066,0.5894131660461426,0.46625208854675293,0.33490896224975586,0.49637603759765625,0.47948694229125977,0.2941608428955078,0.799717903137207,0.594412088394165,0.4961578845977783,0.297839879989624,0.4177889823913574,0.29591894149780273,0.4915792942047119,0.5133378505706787,0.32479190826416016,0.7076828479766846,0.46508288383483887,0.3007009029388428,0.2955801486968994,0.3000161647796631,0.29945802688598633,0.6540229320526123,0.6286649703979492,0.29843974113464355,0.4060962200164795,0.44366002082824707,0.30025291442871094,0.36405396461486816,0.498197078704834,0.4220871925354004,0.5583789348602295,0.34998106956481934,0.39942407608032227,0.3036773204803467,0.39301300048828125,0.2980799674987793,0.486724853515625,0.6126561164855957,0.5933470726013184,0.29503417015075684,0.6438038349151611,0.40996503829956055,0.6424970626831055,0.3179960250854492,0.5854480266571045,0.29879093170166016,0.8317079544067383,0.760066032409668,0.37595319747924805,0.31064605712890625,0.29337596893310547,0.2973661422729492,0.6229541301727295,0.36362290382385254,0.3955979347229004,0.2947709560394287,0.8437309265136719,0.7328059673309326,0.559190034866333,0.3919491767883301,0.5239777565002441,0.2980618476867676,0.44104814529418945,0.3039071559906006,0.5878138542175293,0.560905933380127,0.36188697814941406,0.5679597854614258,0.33509278297424316,0.30807018280029297,0.44120287895202637,0.3049640655517578,0.5071990489959717,0.5127270221710205,0.3259251117706299,0.36269593238830566,0.2960782051086426,0.30126428604125977,0.36195921897888184,0.5385878086090088,0.49462294578552246,0.301743745803833,0.4127960205078125,0.3328220844268799,0.5744991302490234,0.9839708805084229,0.2956249713897705,0.5928390026092529,0.5787250995635986,0.43489527702331543,0.3195960521697998,0.43805575370788574,0.3007187843322754,0.6410269737243652,0.4053318500518799,0.4583911895751953,0.3004491329193115,0.5193099975585938,0.5806527137756348,0.5266902446746826,0.39968180656433105,0.6371088027954102,0.4188971519470215,0.3479018211364746,0.6287078857421875,0.3079087734222412,0.6510899066925049,0.3015480041503906,0.30309009552001953,0.4205753803253174,0.3001418113708496,0.5109817981719971,0.5446898937225342,0.5922551155090332,0.4950897693634033,0.49786376953125,0.3148651123046875,0.3615751266479492,0.30350589752197266,0.5783071517944336,0.4338350296020508,0.5375909805297852,0.4269068241119385,0.29628801345825195,0.35852813720703125,0.37033891677856445,0.3186953067779541,0.4502558708190918,0.4334681034088135,0.3039209842681885,0.2972128391265869,0.30055904388427734,0.8745040893554688,0.6073989868164062,0.38443589210510254,0.29944801330566406,0.30197811126708984,0.3563101291656494,0.32900190353393555,0.5174329280853271,0.35048913955688477,0.3010568618774414,0.5895302295684814,0.5060591697692871,0.35385799407958984,0.5686609745025635,0.2991816997528076,0.33934593200683594,0.29733777046203613,0.2969319820404053,0.6292591094970703,0.5500648021697998
0.15	GG2	0.44774413108825684,0.5767219066619873,0.5536041259765625,0.5321080684661865,0.6696488857269287,0.47709107398986816,0.43311095237731934,0.7204978466033936,0.42543506622314453,0.6339230537414551,0.6214678287506104,0.5828878879547119,0.5013551712036133,0.34998393058776855,0.496654748916626,0.2992057800292969,0.5279378890991211,0.3475069999694824,0.29919886589050293,0.43173718452453613,0.4517629146575928,0.5697720050811768,0.5781760215759277,0.29717302322387695,0.45187973976135254,0.30240678787231445,0.7287168502807617,0.3946249485015869,0.3377358913421631,0.40440821647644043,0.5070290565490723,0.5697000026702881,0.494246244430542,0.42894506454467773,0.507408857345581,0.2931177616119385,0.3035430908203125,0.38875603675842285,0.5604798793792725,0.8620808124542236,0.4294290542602539,0.7712838649749756,0.3208630084991455,0.29641199111938477,0.43766093254089355,0.498046875,1.000533103942871,0.33794617652893066,0.5894131660461426,0.46625208854675293,0.33490896224975586,0.49637603759765625,0.47948694229125977,0.2941608428955078,0.799717903137207,0.594412088394165,0.4961578845977783,0.297839879989624,0.4177889823913574,0.29591894149780273,0.4915792942047119,0.5133378505706787,0.32479190826416016,0.7076828479766846,0.46508288383483887,0.3007009029388428,0.2955801486968994,0.3000161647796631,0.29945802688598633,0.6540229320526123,0.6286649703979492,0.29843974113464355,0.4060962200164795,0.44366002082824707,0.30025291442871094,0.36405396461486816,0.498197078704834,0.4220871925354004,0.5583789348602295,0.34998106956481934,0.39942407608032227,0.3036773204803467,0.39301300048828125,0.2980799674987793,0.486724853515625,0.6126561164855957,0.5933470726013184,0.29503417015075684,0.6438038349151611,0.40996503829956055,0.6424970626831055,0.3179960250854492,0.5854480266571045,0.29879093170166016,0.8317079544067383,0.760066032409668,0.37595319747924805,0.31064605712890625,0.29337596893310547,0.2973661422729492,0.6229541301727295,0.36362290382385254,0.3955979347229004,0.2947709560394287,0.8437309265136719,0.7328059673309326,0.559190034866333,0.3919491767883301,0.5239777565002441,0.2980618476867676,0.44104814529418945,0.3039071559906006,0.5878138542175293,0.560905933380127,0.36188697814941406,0.5679597854614258,0.33509278297424316,0.30807018280029297,0.44120287895202637,0.3049640655517578,0.5071990489959717,0.5127270221710205,0.3259251117706299,0.36269593238830566,0.2960782051086426,0.30126428604125977,0.36195921897888184,0.5385878086090088,0.49462294578552246,0.301743745803833,0.4127960205078125,0.3328220844268799,0.5744991302490234,0.9839708805084229,0.2956249713897705,0.5928390026092529,0.5787250995635986,0.43489527702331543,0.3195960521697998,0.43805575370788574,0.3007187843322754,0.6410269737243652,0.4053318500518799,0.4583911895751953,0.3004491329193115,0.5193099975585938,0.5806527137756348,0.5266902446746826,0.39968180656433105,0.6371088027954102,0.4188971519470215,0.3479018211364746,0.6287078857421875,0.3079087734222412,0.6510899066925049,0.3015480041503906,0.30309009552001953,0.4205753803253174,0.3001418113708496,0.5109817981719971,0.5446898937225342,0.5922551155090332,0.4950897693634033,0.49786376953125,0.3148651123046875,0.3615751266479492,0.30350589752197266,0.5783071517944336,0.4338350296020508,0.5375909805297852,0.4269068241119385,0.29628801345825195,0.35852813720703125,0.37033891677856445,0.3186953067779541,0.4502558708190918,0.4334681034088135,0.3039209842681885,0.2972128391265869,0.30055904388427734,0.8745040893554688,0.6073989868164062,0.38443589210510254,0.29944801330566406,0.30197811126708984,0.3563101291656494,0.32900190353393555,0.5174329280853271,0.35048913955688477,0.3010568618774414,0.5895302295684814,0.5060591697692871,0.35385799407958984,0.5686609745025635,0.2991816997528076,0.33934593200683594,0.29733777046203613,0.2969319820404053,0.6292591094970703,0.5500648021697998
