ACM	GEE	0.6475206611570248,0.6169421487603306,0.6495867768595042,0.6371900826446281,0.6409090909090909,0.6289256198347107,0.6433884297520661,0.5991735537190083,0.6293388429752066,0.6363636363636364,0.6504132231404959,0.5888429752066116,0.6384297520661157,0.6301652892561983,0.6309917355371901,0.6363636363636364,0.6450413223140495,0.6223140495867768,0.6586776859504132,0.6235537190082645,0.6557851239669421,0.6252066115702479,0.618595041322314,0.6103305785123967,0.6450413223140495,0.609504132231405,0.6260330578512396,0.6252066115702479,0.6570247933884298,0.6297520661157024,0.6334710743801653,0.6285123966942149,0.6442148760330578,0.665702479338843,0.6289256198347107,0.6458677685950414,0.6347107438016529,0.6103305785123967,0.6210743801652893,0.6235537190082645,0.6409090909090909,0.6305785123966943,0.6338842975206611,0.6545454545454545,0.6595041322314049,0.6359504132231405,0.6024793388429752,0.6326446280991735,0.5942148760330579,0.6384297520661157,0.6425619834710744,0.6454545454545455,0.6479338842975206,0.6086776859504133,0.6330578512396694,0.6272727272727273,0.6491735537190083,0.6181818181818182,0.6487603305785123,0.6309917355371901,0.6388429752066116,0.6293388429752066,0.6252066115702479,0.6144628099173554,0.6433884297520661,0.6396694214876033,0.6305785123966943,0.6351239669421488,0.6351239669421488,0.6202479338842976,0.6586776859504132,0.6479338842975206,0.6049586776859505,0.6123966942148761,0.6413223140495867,0.6338842975206611,0.6363636363636364,0.6231404958677685,0.6347107438016529,0.6326446280991735,0.6235537190082645,0.6355371900826446,0.6301652892561983,0.6355371900826446,0.628099173553719,0.6487603305785123,0.6454545454545455,0.6305785123966943,0.6136363636363636,0.6528925619834711,0.6487603305785123,0.6309917355371901,0.6388429752066116,0.6148760330578512,0.6528925619834711,0.6570247933884298,0.6392561983471075,0.6549586776859504,0.6334710743801653,0.6305785123966943
ACM	GNN	0.5582644628099174,0.4987603305785124,0.5099173553719009,0.4987603305785124,0.38099173553719007,0.6008264462809917,0.49173553719008267,0.42024793388429754,0.4714876033057851,0.45289256198347105,0.4665289256198347,0.4909090909090909,0.48760330578512395,0.42355371900826444,0.4409090909090909,0.48016528925619834,0.4880165289256198,0.5239669421487604,0.43016528925619835,0.4524793388429752,0.41198347107438016,0.5570247933884298,0.5954545454545455,0.5144628099173554,0.5347107438016528,0.5834710743801653,0.46115702479338844,0.5615702479338843,0.5557851239669421,0.5822314049586776,0.434297520661157,0.4417355371900826,0.41487603305785126,0.6450413223140495,0.49586776859504134,0.6252066115702479,0.43388429752066116,0.390495867768595,0.5479338842975207,0.46115702479338844,0.4652892561983471,0.4690082644628099,0.40950413223140497,0.5371900826446281,0.49504132231404957,0.46859504132231405,0.5450413223140496,0.4471074380165289,0.5037190082644628,0.6115702479338843,0.390495867768595,0.45,0.606198347107438,0.6144628099173554,0.5975206611570248,0.48016528925619834,0.5177685950413223,0.6181818181818182,0.506198347107438,0.5640495867768595,0.5524793388429752,0.5541322314049587,0.434297520661157,0.46859504132231405,0.44545454545454544,0.36983471074380164,0.6157024793388429,0.5152892561983471,0.4223140495867769,0.5297520661157025,0.5173553719008265,0.41570247933884297,0.5004132231404959,0.5446280991735537,0.37355371900826445,0.4223140495867769,0.5318181818181819,0.5347107438016528,0.49958677685950414,0.4669421487603306,0.5979338842975207,0.4971074380165289,0.5611570247933885,0.5483471074380165,0.4764462809917355,0.5520661157024793,0.44545454545454544,0.5173553719008265,0.4471074380165289,0.6037190082644628,0.4756198347107438,0.5099173553719009,0.43553719008264463,0.5148760330578512,0.4756198347107438,0.4508264462809917,0.4793388429752066,0.574793388429752,0.5057851239669422,0.4714876033057851
ACM	GG	0.6880165289256198,0.693801652892562,0.6942148760330579,0.6975206611570248,0.5400826446280992,0.6508264462809917,0.6814049586776859,0.656198347107438,0.6756198347107438,0.5268595041322314,0.6892561983471074,0.6111570247933884,0.6710743801652893,0.6223140495867768,0.7045454545454546,0.662396694214876,0.6636363636363637,0.6446280991735537,0.6669421487603305,0.4847107438016529,0.5421487603305785,0.6020661157024794,0.6801652892561983,0.6475206611570248,0.6557851239669421,0.4954545454545455,0.6595041322314049,0.6785123966942149,0.6801652892561983,0.7066115702479339,0.6066115702479339,0.6553719008264463,0.5714876033057851,0.6983471074380165,0.6673553719008265,0.6475206611570248,0.6793388429752066,0.6954545454545454,0.6760330578512397,0.6665289256198347,0.662396694214876,0.6706611570247933,0.656198347107438,0.6690082644628099,0.6826446280991736,0.6289256198347107,0.6231404958677685,0.6309917355371901,0.6549586776859504,0.6966942148760331,0.6710743801652893,0.6252066115702479,0.6962809917355371,0.6272727272727273,0.6917355371900826,0.6789256198347108,0.6698347107438016,0.5557851239669421,0.6735537190082644,0.5359504132231405,0.6342975206611571,0.6520661157024793,0.6731404958677686,0.5396694214876033,0.6549586776859504,0.6640495867768595,0.6367768595041322,0.6082644628099173,0.6541322314049587,0.6359504132231405,0.6037190082644628,0.6685950413223141,0.6347107438016529,0.6892561983471074,0.6652892561983471,0.6380165289256199,0.6644628099173554,0.5495867768595041,0.6739669421487603,0.6566115702479339,0.6809917355371901,0.6400826446280992,0.6888429752066115,0.6574380165289256,0.6669421487603305,0.6458677685950414,0.6152892561983471,0.6421487603305785,0.684297520661157,0.509090909090909,0.6516528925619834,0.6450413223140495,0.6640495867768595,0.5454545454545454,0.6367768595041322,0.6454545454545455,0.6483471074380165,0.6685950413223141,0.7012396694214876,0.715702479338843
ACM	GG2	0.6603305785123967,0.6789256198347108,0.6929752066115702,0.6801652892561983,0.6714876033057852,0.6442148760330578,0.6871900826446281,0.6268595041322315,0.6764462809917355,0.6801652892561983,0.6871900826446281,0.6198347107438017,0.6632231404958677,0.6524793388429752,0.693801652892562,0.662396694214876,0.6772727272727272,0.6177685950413223,0.6723140495867769,0.6508264462809917,0.6958677685950413,0.6797520661157025,0.6776859504132231,0.6293388429752066,0.6570247933884298,0.6747933884297521,0.6528925619834711,0.6619834710743802,0.7119834710743802,0.7070247933884297,0.6801652892561983,0.6805785123966942,0.6822314049586777,0.6834710743801653,0.6714876033057852,0.6690082644628099,0.6785123966942149,0.693801652892562,0.6743801652892562,0.6648760330578513,0.6723140495867769,0.6723140495867769,0.6809917355371901,0.6677685950413224,0.6884297520661157,0.6384297520661157,0.6512396694214876,0.653305785123967,0.6690082644628099,0.7086776859504132,0.6801652892561983,0.6508264462809917,0.7144628099173553,0.6483471074380165,0.6888429752066115,0.7049586776859504,0.6789256198347108,0.6851239669421487,0.6793388429752066,0.6743801652892562,0.6272727272727273,0.6822314049586777,0.6702479338842975,0.6739669421487603,0.6760330578512397,0.6983471074380165,0.6380165289256199,0.6227272727272727,0.6297520661157024,0.6512396694214876,0.6210743801652893,0.6743801652892562,0.6202479338842976,0.6859504132231405,0.6983471074380165,0.6933884297520662,0.7033057851239669,0.6553719008264463,0.6995867768595041,0.662396694214876,0.6690082644628099,0.6677685950413224,0.6652892561983471,0.6851239669421487,0.6880165289256198,0.6429752066115703,0.6301652892561983,0.6714876033057852,0.6826446280991736,0.6454545454545455,0.6520661157024793,0.6570247933884298,0.6880165289256198,0.6776859504132231,0.7033057851239669,0.6334710743801653,0.6760330578512397,0.6793388429752066,0.6677685950413224,0.715702479338843
BAT	GEE	0.4854368932038835,0.44660194174757284,0.39805825242718446,0.5242718446601942,0.47572815533980584,0.5242718446601942,0.36893203883495146,0.5145631067961165,0.46601941747572817,0.5048543689320388,0.46601941747572817,0.42718446601941745,0.34951456310679613,0.47572815533980584,0.44660194174757284,0.2912621359223301,0.39805825242718446,0.3786407766990291,0.4563106796116505,0.44660194174757284,0.4368932038834951,0.3106796116504854,0.4854368932038835,0.4854368932038835,0.33980582524271846,0.4563106796116505,0.4077669902912621,0.49514563106796117,0.3786407766990291,0.4368932038834951,0.4077669902912621,0.4368932038834951,0.42718446601941745,0.44660194174757284,0.5533980582524272,0.3106796116504854,0.39805825242718446,0.47572815533980584,0.5339805825242718,0.21359223300970873,0.3883495145631068,0.32038834951456313,0.2524271844660194,0.3106796116504854,0.5631067961165048,0.46601941747572817,0.3300970873786408,0.42718446601941745,0.4854368932038835,0.2621359223300971,0.3786407766990291,0.3300970873786408,0.42718446601941745,0.23300970873786409,0.36893203883495146,0.30097087378640774,0.36893203883495146,0.34951456310679613,0.42718446601941745,0.3883495145631068,0.39805825242718446,0.3300970873786408,0.3883495145631068,0.3300970873786408,0.47572815533980584,0.5145631067961165,0.4368932038834951,0.4368932038834951,0.3786407766990291,0.32038834951456313,0.4174757281553398,0.4174757281553398,0.4077669902912621,0.3300970873786408,0.36893203883495146,0.39805825242718446,0.34951456310679613,0.34951456310679613,0.44660194174757284,0.4077669902912621,0.5728155339805825,0.24271844660194175,0.4368932038834951,0.5436893203883495,0.4174757281553398,0.4854368932038835,0.4368932038834951,0.47572815533980584,0.4077669902912621,0.4563106796116505,0.30097087378640774,0.32038834951456313,0.4174757281553398,0.46601941747572817,0.3786407766990291,0.3883495145631068,0.49514563106796117,0.49514563106796117,0.4368932038834951,0.2912621359223301
BAT	GNN	0.3106796116504854,0.2912621359223301,0.24271844660194175,0.3786407766990291,0.3786407766990291,0.34951456310679613,0.3300970873786408,0.3106796116504854,0.18446601941747573,0.39805825242718446,0.32038834951456313,0.33980582524271846,0.34951456310679613,0.3300970873786408,0.3106796116504854,0.33980582524271846,0.3300970873786408,0.2815533980582524,0.27184466019417475,0.24271844660194175,0.2912621359223301,0.2621359223300971,0.3786407766990291,0.3786407766990291,0.2621359223300971,0.4174757281553398,0.3106796116504854,0.3106796116504854,0.3592233009708738,0.3786407766990291,0.3106796116504854,0.3300970873786408,0.3300970873786408,0.34951456310679613,0.3592233009708738,0.24271844660194175,0.3300970873786408,0.30097087378640774,0.3592233009708738,0.32038834951456313,0.34951456310679613,0.23300970873786409,0.42718446601941745,0.33980582524271846,0.3300970873786408,0.2621359223300971,0.2621359223300971,0.30097087378640774,0.39805825242718446,0.2524271844660194,0.3300970873786408,0.46601941747572817,0.3883495145631068,0.3300970873786408,0.32038834951456313,0.33980582524271846,0.3300970873786408,0.4077669902912621,0.3592233009708738,0.3106796116504854,0.3883495145631068,0.27184466019417475,0.3592233009708738,0.36893203883495146,0.36893203883495146,0.2621359223300971,0.3592233009708738,0.32038834951456313,0.30097087378640774,0.3883495145631068,0.33980582524271846,0.27184466019417475,0.24271844660194175,0.4368932038834951,0.3106796116504854,0.34951456310679613,0.34951456310679613,0.2912621359223301,0.36893203883495146,0.2815533980582524,0.27184466019417475,0.32038834951456313,0.34951456310679613,0.4077669902912621,0.3592233009708738,0.3106796116504854,0.27184466019417475,0.2621359223300971,0.39805825242718446,0.34951456310679613,0.3592233009708738,0.30097087378640774,0.3592233009708738,0.30097087378640774,0.4077669902912621,0.32038834951456313,0.4368932038834951,0.4563106796116505,0.27184466019417475,0.32038834951456313
BAT	GG	0.30097087378640774,0.3592233009708738,0.3786407766990291,0.4854368932038835,0.34951456310679613,0.39805825242718446,0.4368932038834951,0.4174757281553398,0.33980582524271846,0.44660194174757284,0.3592233009708738,0.39805825242718446,0.42718446601941745,0.4368932038834951,0.4077669902912621,0.3300970873786408,0.4174757281553398,0.44660194174757284,0.3592233009708738,0.42718446601941745,0.3592233009708738,0.3592233009708738,0.4077669902912621,0.5048543689320388,0.30097087378640774,0.4368932038834951,0.44660194174757284,0.30097087378640774,0.23300970873786409,0.34951456310679613,0.3106796116504854,0.3300970873786408,0.30097087378640774,0.3592233009708738,0.49514563106796117,0.30097087378640774,0.2621359223300971,0.4854368932038835,0.49514563106796117,0.3786407766990291,0.32038834951456313,0.23300970873786409,0.2524271844660194,0.1941747572815534,0.47572815533980584,0.3300970873786408,0.34951456310679613,0.4563106796116505,0.46601941747572817,0.32038834951456313,0.39805825242718446,0.36893203883495146,0.3883495145631068,0.27184466019417475,0.44660194174757284,0.2815533980582524,0.49514563106796117,0.32038834951456313,0.33980582524271846,0.36893203883495146,0.3106796116504854,0.2815533980582524,0.2912621359223301,0.4174757281553398,0.3300970873786408,0.32038834951456313,0.34951456310679613,0.27184466019417475,0.32038834951456313,0.4174757281553398,0.32038834951456313,0.2815533980582524,0.39805825242718446,0.30097087378640774,0.3883495145631068,0.39805825242718446,0.4077669902912621,0.4077669902912621,0.3300970873786408,0.3592233009708738,0.36893203883495146,0.3106796116504854,0.4368932038834951,0.42718446601941745,0.4174757281553398,0.39805825242718446,0.3786407766990291,0.44660194174757284,0.46601941747572817,0.5048543689320388,0.3883495145631068,0.3883495145631068,0.44660194174757284,0.47572815533980584,0.42718446601941745,0.3883495145631068,0.4174757281553398,0.46601941747572817,0.27184466019417475,0.3883495145631068
BAT	GG2	0.42718446601941745,0.3786407766990291,0.3786407766990291,0.5339805825242718,0.5048543689320388,0.5631067961165048,0.36893203883495146,0.44660194174757284,0.44660194174757284,0.5048543689320388,0.3786407766990291,0.44660194174757284,0.4077669902912621,0.49514563106796117,0.34951456310679613,0.32038834951456313,0.4854368932038835,0.4174757281553398,0.4563106796116505,0.44660194174757284,0.4174757281553398,0.4077669902912621,0.47572815533980584,0.5339805825242718,0.3592233009708738,0.47572815533980584,0.4077669902912621,0.32038834951456313,0.23300970873786409,0.3300970873786408,0.4854368932038835,0.3883495145631068,0.33980582524271846,0.36893203883495146,0.5339805825242718,0.3106796116504854,0.3106796116504854,0.49514563106796117,0.5631067961165048,0.3883495145631068,0.39805825242718446,0.34951456310679613,0.3106796116504854,0.46601941747572817,0.5145631067961165,0.36893203883495146,0.33980582524271846,0.42718446601941745,0.4368932038834951,0.2912621359223301,0.3883495145631068,0.4368932038834951,0.3786407766990291,0.24271844660194175,0.33980582524271846,0.3300970873786408,0.5145631067961165,0.24271844660194175,0.3883495145631068,0.4077669902912621,0.34951456310679613,0.4077669902912621,0.36893203883495146,0.3592233009708738,0.5242718446601942,0.3786407766990291,0.47572815533980584,0.42718446601941745,0.36893203883495146,0.4174757281553398,0.4563106796116505,0.3883495145631068,0.36893203883495146,0.23300970873786409,0.4077669902912621,0.4368932038834951,0.44660194174757284,0.39805825242718446,0.3786407766990291,0.49514563106796117,0.4077669902912621,0.46601941747572817,0.46601941747572817,0.5533980582524272,0.4563106796116505,0.5242718446601942,0.33980582524271846,0.5242718446601942,0.46601941747572817,0.47572815533980584,0.32038834951456313,0.4563106796116505,0.4563106796116505,0.49514563106796117,0.4174757281553398,0.3883495145631068,0.47572815533980584,0.4854368932038835,0.4368932038834951,0.2912621359223301
DBLP	GEE	0.41404805914972276,0.4063462723351818,0.41743684534812076,0.40881084411583485,0.42174984596426374,0.422365988909427,0.4048059149722736,0.40388170055452866,0.4232902033271719,0.42174984596426374,0.41404805914972276,0.4051139864448552,0.4106592729513247,0.4297597042513863,0.4137399876771411,0.41743684534812076,0.414664202094886,0.4226740603820086,0.422365988909427,0.42174984596426374,0.41343191620455944,0.42205791743684534,0.422365988909427,0.4020332717190388,0.41558841651263095,0.42359827479975354,0.4044978434996919,0.4066543438077634,0.4192852741836106,0.4017252002464572,0.4239063462723352,0.4020332717190388,0.4041897720271103,0.4316081330868762,0.41712877387553915,0.3718422674060382,0.4177449168207024,0.39217498459642636,0.4239063462723352,0.3989525569932224,0.4091189155884165,0.40727048675292665,0.403573629081947,0.41343191620455944,0.39217498459642636,0.41497227356746763,0.3986444855206408,0.42760320394331486,0.430067775723968,0.41435613062230436,0.41004313000616144,0.411275415896488,0.4288354898336414,0.4075785582255083,0.41343191620455944,0.4316081330868762,0.4106592729513247,0.39926062846580407,0.42020948860135554,0.42298213185459027,0.43468884781269257,0.4106592729513247,0.4066543438077634,0.40881084411583485,0.41189155884165124,0.41343191620455944,0.41035120147874304,0.418052988293284,0.4121996303142329,0.4048059149722736,0.4091189155884165,0.41558841651263095,0.41004313000616144,0.41250770178681456,0.41312384473197783,0.41096734442390637,0.4211337030191004,0.418052988293284,0.41281577325939617,0.4248305606900801,0.41404805914972276,0.4060382008626001,0.43407270486752925,0.4303758471965496,0.425754775107825,0.42205791743684534,0.39987677141096734,0.42174984596426374,0.403573629081947,0.41589648798521256,0.38724584103512016,0.4211337030191004,0.41281577325939617,0.4026494146642021,0.41558841651263095,0.4017252002464572,0.41866913123844735,0.41343191620455944,0.4137399876771411,0.4026494146642021
DBLP	GNN	0.36229205175600737,0.3299445471349353,0.3542821934688848,0.32778804682686385,0.3364140480591497,0.37399876771410967,0.33518176216882317,0.3376463339494763,0.3379544054220579,0.333641404805915,0.3441158348736907,0.30098582871226126,0.3314849044978435,0.2991373998767714,0.2932840418977203,0.3080714725816389,0.3179297597042514,0.34165126309303756,0.3930991990141713,0.23875539125077017,0.34688847812692547,0.25385089340727046,0.3662969808995687,0.3450400492914356,0.2902033271719039,0.32409118915588414,0.300369685767098,0.34165126309303756,0.24830560690080097,0.32717190388170053,0.3126925446703635,0.3099199014171288,0.2929759704251386,0.3749229821318546,0.33394947627849664,0.2905113986444855,0.26678989525569935,0.3142329020332717,0.359211337030191,0.34134319162045595,0.36537276648182376,0.2812692544670364,0.29235982747997535,0.4032655576093654,0.3099199014171288,0.35150955021565006,0.3317929759704251,0.3434996919285274,0.27264325323475047,0.36968576709796674,0.28527418361059764,0.2991373998767714,0.34750462107208874,0.34688847812692547,0.34319162045594576,0.32224276032039434,0.28373382624768945,0.37276648182378314,0.3302526186075169,0.31361675908810843,0.32501540357362907,0.3031423290203327,0.36383240911891557,0.32809611829944546,0.3555144793592113,0.3582871226124461,0.325939617991374,0.3471965495995071,0.3290203327171904,0.3274799753542822,0.3465804066543438,0.39494762784966114,0.33857054836722117,0.36968576709796674,0.32224276032039434,0.3844731977818854,0.3453481207640173,0.30899568699938385,0.36999383857054835,0.30129390018484287,0.337030191004313,0.34319162045594576,0.3869377695625385,0.36383240911891557,0.34873690696241527,0.36260012322858903,0.296056685150955,0.3672211953173136,0.3419593345656192,0.33240911891558844,0.3197781885397412,0.3425754775107825,0.32563154651879234,0.35489833641404805,0.28773875539125077,0.33240911891558844,0.296056685150955,0.39525569932224275,0.3900184842883549,0.392483056069008
DBLP	GG	0.36845348120764015,0.39987677141096734,0.42914356130622305,0.4282193468884781,0.44023413431916203,0.43253234750462105,0.4331484904497844,0.3894023413431916,0.4417744916820702,0.41035120147874304,0.40881084411583485,0.4423906346272335,0.41343191620455944,0.46395563770794823,0.4420825631546519,0.4673444239063463,0.4195933456561922,0.466728280961183,0.46487985212569316,0.4436229205175601,0.3915588416512631,0.4214417744916821,0.4537892791127542,0.37153419593345655,0.4297597042513863,0.4454713493530499,0.41343191620455944,0.4232902033271719,0.403573629081947,0.3909426987060998,0.3927911275415896,0.3940234134319162,0.4463955637707948,0.43530499075785584,0.43715341959334564,0.4152803450400493,0.4091189155884165,0.4507085643869378,0.41712877387553915,0.42513863216266173,0.4254467036352434,0.38817005545286504,0.43961799137399876,0.46241528034504004,0.39186691312384475,0.45594577942082565,0.41743684534812076,0.4772027110289587,0.4454713493530499,0.40942698706099817,0.3521256931608133,0.466728280961183,0.42606284658040666,0.38570548367221197,0.4476278496611214,0.39032655576093656,0.39648798521256934,0.36999383857054835,0.4470117067159581,0.43869377695625383,0.45040049291435613,0.4463955637707948,0.4195933456561922,0.43253234750462105,0.39032655576093656,0.3915588416512631,0.41004313000616144,0.3345656192236599,0.42298213185459027,0.3724584103512015,0.3844731977818854,0.39063462723351816,0.44824399260628467,0.44269870609981515,0.39186691312384475,0.46796056685150955,0.3869377695625385,0.4168207024029575,0.4460874922982132,0.4565619223659889,0.3986444855206408,0.43068391866913125,0.39032655576093656,0.42760320394331486,0.4571780653111522,0.4343807763401109,0.45009242144177447,0.4303758471965496,0.3930991990141713,0.3659889094269871,0.40080098582871226,0.4272951324707332,0.43807763401109057,0.3961799137399877,0.36414048059149723,0.43376463339494764,0.3672211953173136,0.41189155884165124,0.3961799137399877,0.414664202094886
DBLP	GG2	0.4491682070240296,0.4420825631546519,0.40080098582871226,0.4534812076401725,0.43530499075785584,0.4676524953789279,0.43376463339494764,0.41343191620455944,0.48736906962415283,0.4285274183610598,0.37307455329636474,0.4044978434996919,0.38817005545286504,0.4805914972273567,0.38632162661737524,0.4587184226740604,0.45902649414664204,0.42760320394331486,0.39186691312384475,0.4485520640788663,0.3410351201478743,0.4550215650030807,0.45440542205791745,0.40727048675292665,0.37615526802218113,0.45040049291435613,0.3955637707948244,0.44824399260628467,0.46487985212569316,0.43468884781269257,0.44886013555144794,0.418052988293284,0.4091189155884165,0.47350585335797907,0.4463955637707948,0.38878619839802836,0.4248305606900801,0.452248921749846,0.4183610597658657,0.4285274183610598,0.3829328404189772,0.42760320394331486,0.41312384473197783,0.4614910659272951,0.4063462723351818,0.444547134935305,0.418052988293284,0.4731977818853974,0.46642020948860136,0.4476278496611214,0.4454713493530499,0.4630314232902033,0.46642020948860136,0.4658040665434381,0.4571780653111522,0.4254467036352434,0.4568699938385706,0.39186691312384475,0.4448552064078866,0.4540973505853358,0.42174984596426374,0.43530499075785584,0.3894023413431916,0.4121996303142329,0.32778804682686385,0.4408502772643253,0.41897720271102895,0.4297597042513863,0.452248921749846,0.3302526186075169,0.4470117067159581,0.46056685150955023,0.44577942082563154,0.40573012939001846,0.4451632778804683,0.4405422057917437,0.4060382008626001,0.43776956253850896,0.39926062846580407,0.4627233518176217,0.4183610597658657,0.4343807763401109,0.40696241528034505,0.45440542205791745,0.47258163894023414,0.43468884781269257,0.45163277880468267,0.4614910659272951,0.403573629081947,0.3869377695625385,0.355822550831793,0.4297597042513863,0.4405422057917437,0.40942698706099817,0.40942698706099817,0.43622920517560076,0.3989525569932224,0.43776956253850896,0.4066543438077634,0.4510166358595194
EAT	GEE	0.3573667711598746,0.43260188087774293,0.2507836990595611,0.34169278996865204,0.4702194357366771,0.43573667711598746,0.2445141065830721,0.3510971786833856,0.322884012539185,0.22884012539184953,0.3322884012539185,0.23197492163009403,0.2946708463949843,0.43260188087774293,0.45454545454545453,0.4890282131661442,0.3981191222570533,0.3542319749216301,0.4200626959247649,0.4231974921630094,0.2664576802507837,0.21630094043887146,0.22570532915360503,0.329153605015674,0.4482758620689655,0.23510971786833856,0.2507836990595611,0.335423197492163,0.329153605015674,0.43573667711598746,0.3667711598746082,0.49843260188087773,0.3166144200626959,0.4106583072100313,0.3385579937304075,0.45768025078369906,0.42946708463949845,0.3072100313479624,0.3667711598746082,0.29780564263322884,0.41379310344827586,0.2852664576802508,0.41379310344827586,0.29780564263322884,0.3793103448275862,0.3448275862068966,0.26332288401253917,0.2946708463949843,0.438871473354232,0.2852664576802508,0.43260188087774293,0.41379310344827586,0.30094043887147337,0.39184952978056425,0.3761755485893417,0.4200626959247649,0.25391849529780564,0.3103448275862069,0.47648902821316613,0.45141065830721006,0.4169278996865204,0.28213166144200624,0.34796238244514105,0.3072100313479624,0.45768025078369906,0.438871473354232,0.2601880877742947,0.25705329153605017,0.29780564263322884,0.29780564263322884,0.4043887147335423,0.2601880877742947,0.4169278996865204,0.46394984326018807,0.3166144200626959,0.3667711598746082,0.4012539184952978,0.39184952978056425,0.39184952978056425,0.3542319749216301,0.3385579937304075,0.2664576802507837,0.3510971786833856,0.34169278996865204,0.3322884012539185,0.4482758620689655,0.438871473354232,0.23197492163009403,0.2852664576802508,0.335423197492163,0.40752351097178685,0.2476489028213166,0.4231974921630094,0.44200626959247646,0.2601880877742947,0.43260188087774293,0.3510971786833856,0.3510971786833856,0.20376175548589343,0.3793103448275862
EAT	GNN	0.38557993730407525,0.30407523510971785,0.34169278996865204,0.3981191222570533,0.3166144200626959,0.3981191222570533,0.3448275862068966,0.2884012539184953,0.3322884012539185,0.3542319749216301,0.329153605015674,0.3103448275862069,0.36990595611285265,0.3949843260188088,0.25391849529780564,0.4012539184952978,0.3322884012539185,0.34796238244514105,0.34169278996865204,0.329153605015674,0.22570532915360503,0.31347962382445144,0.3667711598746082,0.43260188087774293,0.3072100313479624,0.3793103448275862,0.2852664576802508,0.3448275862068966,0.2884012539184953,0.3793103448275862,0.3072100313479624,0.38557993730407525,0.335423197492163,0.3667711598746082,0.38557993730407525,0.36363636363636365,0.2884012539184953,0.38557993730407525,0.335423197492163,0.3322884012539185,0.3542319749216301,0.329153605015674,0.32601880877742945,0.3103448275862069,0.38557993730407525,0.3103448275862069,0.3510971786833856,0.329153605015674,0.3322884012539185,0.3385579937304075,0.2507836990595611,0.28213166144200624,0.3573667711598746,0.34796238244514105,0.4012539184952978,0.36990595611285265,0.3605015673981191,0.34796238244514105,0.3949843260188088,0.335423197492163,0.2852664576802508,0.3103448275862069,0.3981191222570533,0.3761755485893417,0.3605015673981191,0.3573667711598746,0.3605015673981191,0.3448275862068966,0.3385579937304075,0.4012539184952978,0.29153605015673983,0.31974921630094044,0.36990595611285265,0.29153605015673983,0.27586206896551724,0.32601880877742945,0.39184952978056425,0.3793103448275862,0.38557993730407525,0.3761755485893417,0.3385579937304075,0.322884012539185,0.25705329153605017,0.34796238244514105,0.3166144200626959,0.3824451410658307,0.31347962382445144,0.329153605015674,0.25391849529780564,0.3730407523510972,0.36363636363636365,0.3887147335423197,0.3887147335423197,0.30407523510971785,0.28213166144200624,0.31974921630094044,0.36363636363636365,0.38557993730407525,0.27899686520376177,0.3542319749216301
EAT	GG	0.27899686520376177,0.3072100313479624,0.3385579937304075,0.335423197492163,0.3166144200626959,0.34169278996865204,0.3322884012539185,0.3103448275862069,0.26332288401253917,0.2601880877742947,0.30407523510971785,0.22570532915360503,0.3510971786833856,0.34169278996865204,0.36363636363636365,0.27586206896551724,0.3448275862068966,0.335423197492163,0.30094043887147337,0.3761755485893417,0.23197492163009403,0.2476489028213166,0.27899686520376177,0.34796238244514105,0.21630094043887146,0.2507836990595611,0.29780564263322884,0.2476489028213166,0.14106583072100312,0.29153605015673983,0.2225705329153605,0.2225705329153605,0.32601880877742945,0.2664576802507837,0.3761755485893417,0.329153605015674,0.29780564263322884,0.2601880877742947,0.3824451410658307,0.2507836990595611,0.23824451410658307,0.3322884012539185,0.29153605015673983,0.18181818181818182,0.3824451410658307,0.29780564263322884,0.3448275862068966,0.3667711598746082,0.29780564263322884,0.30407523510971785,0.25391849529780564,0.3385579937304075,0.3448275862068966,0.21630094043887146,0.22570532915360503,0.34169278996865204,0.2884012539184953,0.30094043887147337,0.2664576802507837,0.22884012539184953,0.329153605015674,0.23824451410658307,0.25705329153605017,0.30094043887147337,0.2664576802507837,0.2413793103448276,0.28213166144200624,0.2507836990595611,0.31974921630094044,0.3166144200626959,0.2946708463949843,0.23197492163009403,0.2601880877742947,0.30094043887147337,0.3667711598746082,0.32601880877742945,0.31974921630094044,0.3667711598746082,0.3605015673981191,0.3448275862068966,0.29153605015673983,0.3448275862068966,0.3385579937304075,0.2601880877742947,0.31347962382445144,0.21003134796238246,0.3166144200626959,0.2664576802507837,0.3730407523510972,0.3667711598746082,0.3510971786833856,0.23824451410658307,0.3510971786833856,0.322884012539185,0.3667711598746082,0.329153605015674,0.322884012539185,0.3510971786833856,0.3166144200626959,0.29153605015673983
EAT	GG2	0.3322884012539185,0.3542319749216301,0.2727272727272727,0.3072100313479624,0.49843260188087773,0.41379310344827586,0.25705329153605017,0.34169278996865204,0.32601880877742945,0.36363636363636365,0.4200626959247649,0.2852664576802508,0.3166144200626959,0.4482758620689655,0.46394984326018807,0.40752351097178685,0.42946708463949845,0.329153605015674,0.42946708463949845,0.42946708463949845,0.2946708463949843,0.28213166144200624,0.329153605015674,0.4106583072100313,0.3981191222570533,0.28213166144200624,0.3573667711598746,0.2445141065830721,0.3667711598746082,0.4169278996865204,0.38557993730407525,0.47335423197492166,0.2884012539184953,0.4231974921630094,0.3730407523510972,0.42946708463949845,0.34169278996865204,0.3322884012539185,0.3793103448275862,0.30407523510971785,0.4263322884012539,0.29153605015673983,0.3166144200626959,0.3605015673981191,0.3730407523510972,0.3072100313479624,0.36990595611285265,0.3510971786833856,0.44200626959247646,0.25705329153605017,0.39184952978056425,0.438871473354232,0.3103448275862069,0.4200626959247649,0.4169278996865204,0.42946708463949845,0.29153605015673983,0.26332288401253917,0.27586206896551724,0.42946708463949845,0.39184952978056425,0.3166144200626959,0.3573667711598746,0.31974921630094044,0.47962382445141066,0.47962382445141066,0.34169278996865204,0.3761755485893417,0.3510971786833856,0.3510971786833856,0.4200626959247649,0.3510971786833856,0.4231974921630094,0.38557993730407525,0.36363636363636365,0.3667711598746082,0.5047021943573667,0.3730407523510972,0.3510971786833856,0.3761755485893417,0.27899686520376177,0.3793103448275862,0.3667711598746082,0.3730407523510972,0.30407523510971785,0.4670846394984326,0.44200626959247646,0.2664576802507837,0.30407523510971785,0.3542319749216301,0.42946708463949845,0.2852664576802508,0.4231974921630094,0.40752351097178685,0.3761755485893417,0.4702194357366771,0.41379310344827586,0.39184952978056425,0.3385579937304075,0.3510971786833856
UAT	GEE	0.5383001049317944,0.5299055613850997,0.47114375655823715,0.48898216159496327,0.5078698845750262,0.5110178384050367,0.4459601259181532,0.5225603357817419,0.5141657922350472,0.5057712486883525,0.5036726128016789,0.48163693599160545,0.5173137460650578,0.49737670514165794,0.5299055613850997,0.5204616998950682,0.5183630640083945,0.47848898216159497,0.47848898216159497,0.4900314795383001,0.5036726128016789,0.5236096537250787,0.43441762854144805,0.4931794333683106,0.5110178384050367,0.5330535152151101,0.5015739769150053,0.49527806925498424,0.4616998950682057,0.5026232948583421,0.47848898216159497,0.5026232948583421,0.5257082896117523,0.49422875131164745,0.5141657922350472,0.5183630640083945,0.49527806925498424,0.47848898216159497,0.4963273871983211,0.5194123819517313,0.5194123819517313,0.5561385099685204,0.5445960125918153,0.47114375655823715,0.5162644281217209,0.5257082896117523,0.540398740818468,0.5183630640083945,0.5309548793284365,0.5005246589716684,0.4805876180482686,0.5005246589716684,0.521511017838405,0.43966421825813223,0.5267576075550892,0.4627492130115425,0.5383001049317944,0.5141657922350472,0.5299055613850997,0.5288562434417629,0.5131164742917104,0.5131164742917104,0.5267576075550892,0.5047219307450157,0.5487932843651626,0.5320041972717734,0.49213011542497376,0.45750262329485836,0.5162644281217209,0.5099685204616999,0.5131164742917104,0.5288562434417629,0.5393494228751312,0.5141657922350472,0.5173137460650578,0.5162644281217209,0.4795383001049318,0.49737670514165794,0.5099685204616999,0.527806925498426,0.5110178384050367,0.4774396642182581,0.5267576075550892,0.49737670514165794,0.5120671563483735,0.5183630640083945,0.48478488982161594,0.5236096537250787,0.5299055613850997,0.5320041972717734,0.4805876180482686,0.5362014690451207,0.49422875131164745,0.5183630640083945,0.5068205666316894,0.5445960125918153,0.47848898216159497,0.5288562434417629,0.47848898216159497,0.4963273871983211
UAT	GNN	0.4228751311647429,0.4123819517313746,0.391395592864638,0.40818467995802726,0.310598111227702,0.3861490031479538,0.37985309548793283,0.3252885624344176,0.391395592864638,0.43126967471143757,0.3567681007345226,0.3242392444910808,0.4648478488982162,0.4249737670514166,0.29275970619097585,0.42917103882476393,0.372507869884575,0.4249737670514166,0.45015739769150054,0.3861490031479538,0.32214060860440713,0.32633788037775446,0.5005246589716684,0.4218258132214061,0.3620146904512067,0.42917103882476393,0.3116474291710388,0.385099685204617,0.323189926547744,0.40818467995802726,0.42077649527806926,0.4438614900314795,0.42917103882476393,0.40818467995802726,0.3704092339979014,0.3683105981112277,0.3273871983210913,0.3955928646379853,0.3756558237145855,0.3588667366211962,0.4092339979013641,0.3945435466946485,0.4018887722980063,0.33473242392444913,0.385099685204617,0.310598111227702,0.37355718782791186,0.39034627492130114,0.41028331584470096,0.36306400839454356,0.3378803777544596,0.35257082896117525,0.47114375655823715,0.4155299055613851,0.46799580272822666,0.36306400839454356,0.3809024134312697,0.49213011542497376,0.3588667366211962,0.3987408184679958,0.4281217208814271,0.3588667366211962,0.40083945435466944,0.45435466946484787,0.4428121720881427,0.36096537250786986,0.4176285414480588,0.3756558237145855,0.39979013641133265,0.3483735571878279,0.3074501573976915,0.4323189926547744,0.4123819517313746,0.3756558237145855,0.3672612801678909,0.4879328436516264,0.291710388247639,0.4092339979013641,0.46065057712486884,0.40398740818467993,0.3011542497376705,0.39244491080797483,0.30325288562434416,0.40818467995802726,0.47639034627492133,0.4386149003147954,0.3273871983210913,0.3567681007345226,0.46589716684155297,0.46589716684155297,0.36935991605456453,0.4050367261280168,0.4281217208814271,0.3011542497376705,0.3357817418677859,0.3441762854144806,0.32214060860440713,0.459601259181532,0.3809024134312697,0.4249737670514166
UAT	GG	0.42917103882476393,0.4144805876180483,0.4354669464847849,0.42077649527806926,0.5036726128016789,0.4249737670514166,0.4218258132214061,0.4176285414480588,0.37670514165792235,0.38929695697796435,0.39244491080797483,0.41343126967471144,0.41133263378803775,0.44491080797481636,0.4123819517313746,0.4910807974816369,0.4669464847848898,0.4281217208814271,0.4900314795383001,0.4050367261280168,0.3578174186778594,0.4795383001049318,0.49422875131164745,0.4260230849947534,0.28541448058761804,0.4900314795383001,0.43126967471143757,0.4858342077649528,0.4826862539349423,0.5078698845750262,0.45435466946484787,0.4826862539349423,0.4700944386149003,0.4700944386149003,0.44491080797481636,0.5204616998950682,0.44176285414480587,0.44805876180482684,0.4333683105981112,0.45750262329485836,0.4323189926547744,0.46065057712486884,0.534102833158447,0.3620146904512067,0.453305351521511,0.5078698845750262,0.42707240293809023,0.5320041972717734,0.49737670514165794,0.41867785939139557,0.42707240293809023,0.4648478488982162,0.4302203567681007,0.49422875131164745,0.4774396642182581,0.41343126967471144,0.46799580272822666,0.5026232948583421,0.459601259181532,0.47639034627492133,0.44700944386149005,0.49842602308499473,0.5204616998950682,0.44700944386149005,0.35571878279118574,0.41867785939139557,0.49422875131164745,0.45750262329485836,0.45855194123819515,0.5047219307450157,0.4616998950682057,0.49213011542497376,0.4795383001049318,0.5099685204616999,0.4218258132214061,0.4228751311647429,0.38195173137460653,0.38719832109129065,0.4050367261280168,0.4459601259181532,0.4648478488982162,0.49213011542497376,0.3704092339979014,0.33683105981112277,0.5068205666316894,0.385099685204617,0.4491080797481637,0.42707240293809023,0.46065057712486884,0.49737670514165794,0.42707240293809023,0.48898216159496327,0.44491080797481636,0.391395592864638,0.49527806925498424,0.4774396642182581,0.42707240293809023,0.46379853095487933,0.43651626442812175,0.4123819517313746
UAT	GG2	0.47639034627492133,0.5068205666316894,0.46065057712486884,0.4522560335781742,0.5110178384050367,0.45015739769150054,0.39034627492130114,0.5026232948583421,0.5183630640083945,0.46799580272822666,0.43651626442812175,0.43966421825813223,0.45015739769150054,0.45540398740818466,0.5162644281217209,0.49842602308499473,0.47639034627492133,0.4302203567681007,0.5141657922350472,0.44491080797481636,0.46379853095487933,0.49422875131164745,0.4795383001049318,0.4753410283315845,0.48898216159496327,0.5026232948583421,0.48688352570828963,0.5047219307450157,0.4879328436516264,0.5005246589716684,0.4795383001049318,0.47639034627492133,0.48478488982161594,0.4858342077649528,0.4690451206715635,0.5362014690451207,0.4438614900314795,0.43441762854144805,0.46589716684155297,0.4963273871983211,0.45120671563483733,0.5330535152151101,0.5435466946484785,0.5057712486883525,0.46065057712486884,0.48688352570828963,0.4428121720881427,0.546694648478489,0.5257082896117523,0.4858342077649528,0.44805876180482684,0.4774396642182581,0.4690451206715635,0.4491080797481637,0.48688352570828963,0.44176285414480587,0.4700944386149003,0.5078698845750262,0.45435466946484787,0.5246589716684156,0.5120671563483735,0.5204616998950682,0.5414480587618048,0.46065057712486884,0.5288562434417629,0.4323189926547744,0.4858342077649528,0.4826862539349423,0.4931794333683106,0.5309548793284365,0.4805876180482686,0.4910807974816369,0.4795383001049318,0.5173137460650578,0.5068205666316894,0.4564533053515215,0.43966421825813223,0.4459601259181532,0.48163693599160545,0.5120671563483735,0.4648478488982162,0.48163693599160545,0.49213011542497376,0.5068205666316894,0.4879328436516264,0.5236096537250787,0.4690451206715635,0.4795383001049318,0.5456453305351522,0.5173137460650578,0.4564533053515215,0.49527806925498424,0.48478488982161594,0.5015739769150053,0.5330535152151101,0.5162644281217209,0.46065057712486884,0.521511017838405,0.45435466946484787,0.4774396642182581
Wiki	GEE	0.49322916666666666,0.4703125,0.496875,0.4479166666666667,0.465625,0.44114583333333335,0.4583333333333333,0.46197916666666666,0.45677083333333335,0.47604166666666664,0.4427083333333333,0.47760416666666666,0.446875,0.46041666666666664,0.4588541666666667,0.4395833333333333,0.4791666666666667,0.4140625,0.475,0.47291666666666665,0.4635416666666667,0.4515625,0.40572916666666664,0.4505208333333333,0.440625,0.453125,0.4552083333333333,0.42552083333333335,0.41822916666666665,0.465625,0.43802083333333336,0.4473958333333333,0.4703125,0.4817708333333333,0.4609375,0.44947916666666665,0.4203125,0.46822916666666664,0.4479166666666667,0.44635416666666666,0.465625,0.44427083333333334,0.4817708333333333,0.45260416666666664,0.434375,0.45729166666666665,0.46770833333333334,0.45729166666666665,0.46979166666666666,0.48854166666666665,0.4322916666666667,0.48489583333333336,0.44375,0.4421875,0.4427083333333333,0.4666666666666667,0.4244791666666667,0.4921875,0.4583333333333333,0.459375,0.4479166666666667,0.46927083333333336,0.46145833333333336,0.42239583333333336,0.4552083333333333,0.49322916666666666,0.48802083333333335,0.4510416666666667,0.48802083333333335,0.4432291666666667,0.5151041666666667,0.4661458333333333,0.46145833333333336,0.44895833333333335,0.44583333333333336,0.49895833333333334,0.47552083333333334,0.4859375,0.440625,0.5026041666666666,0.44427083333333334,0.478125,0.44895833333333335,0.4265625,0.5052083333333334,0.45729166666666665,0.46458333333333335,0.46041666666666664,0.48072916666666665,0.5098958333333333,0.4661458333333333,0.49895833333333334,0.46041666666666664,0.46770833333333334,0.46927083333333336,0.4427083333333333,0.4588541666666667,0.4552083333333333,0.44166666666666665,0.4328125
Wiki	GNN	0.3848958333333333,0.4005208333333333,0.371875,0.3984375,0.3921875,0.39166666666666666,0.3796875,0.4041666666666667,0.3567708333333333,0.35104166666666664,0.31927083333333334,0.4046875,0.3421875,0.37135416666666665,0.3015625,0.2916666666666667,0.3614583333333333,0.37864583333333335,0.37604166666666666,0.3802083333333333,0.36822916666666666,0.3380208333333333,0.33489583333333334,0.4015625,0.3697916666666667,0.30833333333333335,0.3338541666666667,0.3072916666666667,0.3333333333333333,0.29322916666666665,0.38697916666666665,0.3494791666666667,0.32083333333333336,0.3625,0.375,0.3458333333333333,0.34427083333333336,0.36041666666666666,0.39375,0.32395833333333335,0.3515625,0.3177083333333333,0.37916666666666665,0.39739583333333334,0.3619791666666667,0.36666666666666664,0.3411458333333333,0.28958333333333336,0.29010416666666666,0.3390625,0.2942708333333333,0.31979166666666664,0.3125,0.30572916666666666,0.33958333333333335,0.35520833333333335,0.3890625,0.39479166666666665,0.3333333333333333,0.34322916666666664,0.3640625,0.3375,0.28541666666666665,0.3416666666666667,0.3640625,0.38125,0.3734375,0.32395833333333335,0.37916666666666665,0.3723958333333333,0.36875,0.3614583333333333,0.3609375,0.375,0.290625,0.3203125,0.2984375,0.34270833333333334,0.2796875,0.3302083333333333,0.3338541666666667,0.41041666666666665,0.3927083333333333,0.3494791666666667,0.4010416666666667,0.37916666666666665,0.35208333333333336,0.3651041666666667,0.3380208333333333,0.3020833333333333,0.38697916666666665,0.3765625,0.3416666666666667,0.33229166666666665,0.3390625,0.35208333333333336,0.3260416666666667,0.35572916666666665,0.34427083333333336,0.36354166666666665
Wiki	GG	0.5375,0.5276041666666667,0.5135416666666667,0.5151041666666667,0.5515625,0.4979166666666667,0.5015625,0.5364583333333334,0.5067708333333333,0.5286458333333334,0.490625,0.5135416666666667,0.5036458333333333,0.48489583333333336,0.49114583333333334,0.4828125,0.5489583333333333,0.5234375,0.5151041666666667,0.5276041666666667,0.4921875,0.4953125,0.4864583333333333,0.5145833333333333,0.48333333333333334,0.5197916666666667,0.49375,0.5177083333333333,0.475,0.5197916666666667,0.5369791666666667,0.49114583333333334,0.55,0.5328125,0.521875,0.5005208333333333,0.4703125,0.48333333333333334,0.5140625,0.5395833333333333,0.509375,0.4864583333333333,0.5078125,0.5026041666666666,0.5354166666666667,0.496875,0.4979166666666667,0.534375,0.503125,0.55,0.4942708333333333,0.5296875,0.521875,0.484375,0.49114583333333334,0.4869791666666667,0.528125,0.5307291666666667,0.5109375,0.5390625,0.503125,0.50625,0.48020833333333335,0.4953125,0.5104166666666666,0.5364583333333334,0.5203125,0.509375,0.5328125,0.49375,0.5395833333333333,0.4973958333333333,0.5296875,0.5182291666666666,0.5072916666666667,0.5125,0.5286458333333334,0.5151041666666667,0.46927083333333336,0.5463541666666667,0.49322916666666666,0.484375,0.4869791666666667,0.4921875,0.5244791666666667,0.5234375,0.5114583333333333,0.5375,0.5411458333333333,0.5348958333333333,0.540625,0.5359375,0.496875,0.5239583333333333,0.5088541666666667,0.503125,0.5036458333333333,0.4890625,0.4979166666666667,0.49270833333333336
Wiki	GG2	0.509375,0.5276041666666667,0.5276041666666667,0.4921875,0.5276041666666667,0.4828125,0.5177083333333333,0.5020833333333333,0.48802083333333335,0.5098958333333333,0.4859375,0.5114583333333333,0.49895833333333334,0.48489583333333336,0.49114583333333334,0.48385416666666664,0.5317708333333333,0.5067708333333333,0.5234375,0.5151041666666667,0.5005208333333333,0.49635416666666665,0.49166666666666664,0.5015625,0.4953125,0.5119791666666667,0.4828125,0.5182291666666666,0.4859375,0.5166666666666667,0.5161458333333333,0.48333333333333334,0.5036458333333333,0.5369791666666667,0.50625,0.4973958333333333,0.4609375,0.46927083333333336,0.5083333333333333,0.5364583333333334,0.5151041666666667,0.48020833333333335,0.5119791666666667,0.4864583333333333,0.5333333333333333,0.5015625,0.5114583333333333,0.5166666666666667,0.509375,0.5302083333333333,0.4765625,0.5057291666666667,0.5026041666666666,0.46927083333333336,0.5020833333333333,0.4817708333333333,0.5109375,0.5229166666666667,0.5052083333333334,0.5072916666666667,0.4895833333333333,0.49375,0.49114583333333334,0.4666666666666667,0.5072916666666667,0.5255208333333333,0.4942708333333333,0.4921875,0.5296875,0.49166666666666664,0.5572916666666666,0.4984375,0.5135416666666667,0.5078125,0.4859375,0.521875,0.5192708333333333,0.5114583333333333,0.46875,0.5494791666666666,0.4869791666666667,0.49166666666666664,0.4947916666666667,0.47760416666666666,0.5354166666666667,0.5125,0.49375,0.509375,0.5234375,0.5208333333333334,0.5135416666666667,0.5348958333333333,0.5067708333333333,0.5125,0.509375,0.4864583333333333,0.49270833333333336,0.4635416666666667,0.48020833333333335,0.484375
Gene	GEE	0.6828992072480181,0.6704416761041903,0.6795016987542469,0.6602491506228766,0.6636466591166478,0.6964892412231031,0.6670441676104191,0.6647791619479049,0.6738391845979615,0.6613816534541337,0.6998867497168743,0.6727066817667045,0.6851642129105323,0.6443941109852774,0.609286523216308,0.579841449603624,0.6715741789354474,0.5526613816534541,0.6828992072480181,0.6625141562853907,0.6795016987542469,0.5605889014722537,0.6840317100792752,0.6715741789354474,0.6885617214043035,0.6432616081540203,0.6783691959229898,0.652321630804077,0.6636466591166478,0.6715741789354474,0.6840317100792752,0.6795016987542469,0.6715741789354474,0.6727066817667045,0.6455266138165345,0.7010192525481314,0.6591166477916195,0.6489241223103058,0.6896942242355606,0.7078142695356738,0.6761041902604756,0.6919592298980748,0.6862967157417894,0.6681766704416761,0.6862967157417894,0.6783691959229898,0.681766704416761,0.6919592298980748,0.6930917327293318,0.6036240090600227,0.711211778029445,0.6715741789354474,0.6783691959229898,0.6613816534541337,0.6874292185730464,0.6545866364665912,0.6840317100792752,0.7010192525481314,0.6625141562853907,0.5617214043035108,0.6636466591166478,0.6421291053227633,0.6715741789354474,0.6885617214043035,0.6613816534541337,0.6715741789354474,0.6828992072480181,0.6998867497168743,0.6806342015855039,0.6489241223103058,0.578708946772367,0.6715741789354474,0.5877689694224235,0.6681766704416761,0.6647791619479049,0.6772366930917327,0.6647791619479049,0.6557191392978482,0.681766704416761,0.6217440543601359,0.6761041902604756,0.6772366930917327,0.6862967157417894,0.580973952434881,0.6489241223103058,0.6828992072480181,0.6885617214043035,0.6693091732729332,0.6964892412231031,0.6704416761041903,0.6795016987542469,0.6613816534541337,0.6613816534541337,0.6851642129105323,0.6727066817667045,0.6715741789354474,0.6693091732729332,0.665911664779162,0.6636466591166478,0.6704416761041903
Gene	GNN	0.46772366930917325,0.6160815402038505,0.6160815402038505,0.6206115515288788,0.4983012457531144,0.5028312570781427,0.46206115515288787,0.6443941109852774,0.5707814269535674,0.6149490373725934,0.5345413363533409,0.5096262740656852,0.5469988674971688,0.5447338618346546,0.6511891279728199,0.5379388448471121,0.5753114382785957,0.5368063420158551,0.5685164212910532,0.5696489241223103,0.5424688561721405,0.5549263873159683,0.48471121177802945,0.5911664779161948,0.5152887882219706,0.6534541336353341,0.6908267270668177,0.5050962627406569,0.5639864099660249,0.6194790486976217,0.6013590033975085,0.6477916194790487,0.5503963759909399,0.48584371460928655,0.49943374858437145,0.48357870894677235,0.40543601359003395,0.6534541336353341,0.535673839184598,0.6002265005662514,0.6568516421291053,0.5900339750849377,0.6262740656851642,0.6104190260475651,0.5277463193657984,0.43714609286523215,0.5209513023782559,0.40656851642129105,0.579841449603624,0.681766704416761,0.5062287655719139,0.5390713476783692,0.6183465458663646,0.5436013590033975,0.5571913929784824,0.6511891279728199,0.5866364665911665,0.5900339750849377,0.47904869762174407,0.6070215175537939,0.4654586636466591,0.6568516421291053,0.6613816534541337,0.622876557191393,0.5402038505096263,0.5447338618346546,0.5696489241223103,0.7066817667044167,0.5617214043035108,0.6636466591166478,0.6126840317100792,0.6104190260475651,0.6172140430351076,0.6976217440543602,0.5979614949037373,0.4609286523216308,0.6013590033975085,0.6058890147225368,0.5594563986409966,0.5821064552661381,0.5096262740656852,0.46772366930917325,0.4813137032842582,0.5583238958097395,0.5277463193657984,0.5549263873159683,0.5039637599093998,0.6104190260475651,0.40090600226500567,0.5571913929784824,0.5424688561721405,0.6409966024915063,0.4246885617214043,0.551528878822197,0.47678369195922987,0.5016987542468856,0.5662514156285391,0.6432616081540203,0.6330690826727067,0.5979614949037373
Gene	GG	0.6715741789354474,0.6489241223103058,0.6704416761041903,0.5583238958097395,0.6625141562853907,0.6024915062287656,0.6647791619479049,0.695356738391846,0.6783691959229898,0.6500566251415628,0.5243488108720272,0.6602491506228766,0.6987542468856173,0.6398640996602492,0.47678369195922987,0.45413363533408835,0.6704416761041903,0.5832389580973952,0.44733861834654587,0.4552661381653454,0.6432616081540203,0.5300113250283126,0.3431483578708947,0.5605889014722537,0.6896942242355606,0.652321630804077,0.6579841449603624,0.5956964892412231,0.48584371460928655,0.6715741789354474,0.5855039637599094,0.6636466591166478,0.6828992072480181,0.6149490373725934,0.6738391845979615,0.6545866364665912,0.5639864099660249,0.6070215175537939,0.578708946772367,0.6806342015855039,0.6183465458663646,0.6070215175537939,0.609286523216308,0.6761041902604756,0.6398640996602492,0.6568516421291053,0.6636466591166478,0.5549263873159683,0.6738391845979615,0.608154020385051,0.6591166477916195,0.4801812004530011,0.681766704416761,0.5979614949037373,0.5968289920724802,0.5583238958097395,0.6851642129105323,0.579841449603624,0.6761041902604756,0.6172140430351076,0.6625141562853907,0.6308040770101925,0.6172140430351076,0.6602491506228766,0.5186862967157417,0.5866364665911665,0.608154020385051,0.5050962627406569,0.6806342015855039,0.665911664779162,0.4563986409966025,0.6715741789354474,0.6058890147225368,0.6704416761041903,0.5583238958097395,0.6613816534541337,0.594563986409966,0.6047565118912798,0.6353340883352209,0.6194790486976217,0.6240090600226501,0.6466591166477916,0.6432616081540203,0.6251415628539071,0.580973952434881,0.695356738391846,0.6262740656851642,0.6160815402038505,0.6466591166477916,0.6670441676104191,0.6625141562853907,0.6409966024915063,0.6783691959229898,0.6557191392978482,0.5503963759909399,0.6636466591166478,0.6545866364665912,0.5877689694224235,0.6024915062287656,0.637599093997735
Gene	GG2	0.6715741789354474,0.6761041902604756,0.681766704416761,0.5911664779161948,0.6455266138165345,0.6987542468856173,0.6625141562853907,0.6862967157417894,0.6806342015855039,0.6342015855039638,0.6602491506228766,0.638731596828992,0.6964892412231031,0.6647791619479049,0.6206115515288788,0.6353340883352209,0.6862967157417894,0.6296715741789355,0.6183465458663646,0.6104190260475651,0.6795016987542469,0.5617214043035108,0.6896942242355606,0.6557191392978482,0.6828992072480181,0.6738391845979615,0.6840317100792752,0.6625141562853907,0.6183465458663646,0.6727066817667045,0.6749716874292185,0.6625141562853907,0.6964892412231031,0.6024915062287656,0.6919592298980748,0.6749716874292185,0.6274065685164213,0.6013590033975085,0.609286523216308,0.6477916194790487,0.6432616081540203,0.6058890147225368,0.6602491506228766,0.6795016987542469,0.6500566251415628,0.6534541336353341,0.6647791619479049,0.665911664779162,0.6625141562853907,0.6579841449603624,0.6613816534541337,0.6160815402038505,0.681766704416761,0.6104190260475651,0.6557191392978482,0.5617214043035108,0.6409966024915063,0.5877689694224235,0.681766704416761,0.6160815402038505,0.6693091732729332,0.6251415628539071,0.6500566251415628,0.6715741789354474,0.6058890147225368,0.6342015855039638,0.6738391845979615,0.6727066817667045,0.6477916194790487,0.6693091732729332,0.6149490373725934,0.6443941109852774,0.636466591166478,0.6342015855039638,0.6217440543601359,0.6693091732729332,0.6217440543601359,0.6398640996602492,0.6625141562853907,0.7010192525481314,0.6591166477916195,0.6421291053227633,0.5990939977349944,0.6319365798414496,0.5707814269535674,0.6727066817667045,0.6421291053227633,0.6330690826727067,0.6149490373725934,0.6534541336353341,0.6432616081540203,0.6432616081540203,0.6070215175537939,0.6693091732729332,0.6002265005662514,0.665911664779162,0.6568516421291053,0.6443941109852774,0.622876557191393,0.5956964892412231
IIP	GEE	0.5977011494252874,0.5287356321839081,0.4540229885057471,0.603448275862069,0.5632183908045977,0.5919540229885057,0.5459770114942529,0.5919540229885057,0.6436781609195402,0.5919540229885057,0.4540229885057471,0.46551724137931033,0.5689655172413793,0.3448275862068966,0.4827586206896552,0.4942528735632184,0.5919540229885057,0.5229885057471264,0.5517241379310345,0.4827586206896552,0.5804597701149425,0.5459770114942529,0.45977011494252873,0.5689655172413793,0.603448275862069,0.5287356321839081,0.5517241379310345,0.6091954022988506,0.5632183908045977,0.5114942528735632,0.3563218390804598,0.6149425287356322,0.5919540229885057,0.6264367816091954,0.4942528735632184,0.6264367816091954,0.5344827586206896,0.5574712643678161,0.5574712643678161,0.5632183908045977,0.5919540229885057,0.5862068965517241,0.5402298850574713,0.5689655172413793,0.5114942528735632,0.5574712643678161,0.6379310344827587,0.5862068965517241,0.5517241379310345,0.6091954022988506,0.43103448275862066,0.5632183908045977,0.4482758620689655,0.5919540229885057,0.5919540229885057,0.6149425287356322,0.5977011494252874,0.632183908045977,0.47701149425287354,0.5919540229885057,0.5402298850574713,0.5747126436781609,0.5977011494252874,0.603448275862069,0.5747126436781609,0.5747126436781609,0.5804597701149425,0.5229885057471264,0.5804597701149425,0.6379310344827587,0.5862068965517241,0.603448275862069,0.6091954022988506,0.5919540229885057,0.5919540229885057,0.6091954022988506,0.5919540229885057,0.6091954022988506,0.5517241379310345,0.45977011494252873,0.6494252873563219,0.6149425287356322,0.5862068965517241,0.47701149425287354,0.5632183908045977,0.43103448275862066,0.603448275862069,0.603448275862069,0.45977011494252873,0.6206896551724138,0.5517241379310345,0.5632183908045977,0.4827586206896552,0.40804597701149425,0.5689655172413793,0.5862068965517241,0.6264367816091954,0.603448275862069,0.6206896551724138,0.5689655172413793
IIP	GNN	0.5459770114942529,0.47701149425287354,0.5057471264367817,0.5057471264367817,0.40804597701149425,0.47126436781609193,0.5689655172413793,0.5517241379310345,0.5172413793103449,0.4482758620689655,0.5689655172413793,0.5287356321839081,0.5114942528735632,0.41954022988505746,0.5459770114942529,0.5172413793103449,0.4827586206896552,0.4540229885057471,0.4827586206896552,0.5,0.46551724137931033,0.5747126436781609,0.5517241379310345,0.5747126436781609,0.5517241379310345,0.5344827586206896,0.5229885057471264,0.41379310344827586,0.46551724137931033,0.4425287356321839,0.4942528735632184,0.45977011494252873,0.5344827586206896,0.4482758620689655,0.5574712643678161,0.5574712643678161,0.47701149425287354,0.5344827586206896,0.5574712643678161,0.5,0.5517241379310345,0.4885057471264368,0.4885057471264368,0.47701149425287354,0.5057471264367817,0.5689655172413793,0.43103448275862066,0.5172413793103449,0.5459770114942529,0.5862068965517241,0.5172413793103449,0.42528735632183906,0.46551724137931033,0.6149425287356322,0.5402298850574713,0.45977011494252873,0.3160919540229885,0.5919540229885057,0.5,0.5229885057471264,0.5402298850574713,0.4942528735632184,0.46551724137931033,0.4425287356321839,0.4885057471264368,0.4367816091954023,0.4367816091954023,0.42528735632183906,0.5402298850574713,0.5459770114942529,0.42528735632183906,0.47701149425287354,0.5229885057471264,0.4827586206896552,0.4367816091954023,0.47701149425287354,0.5517241379310345,0.5459770114942529,0.5632183908045977,0.4540229885057471,0.5287356321839081,0.5574712643678161,0.5747126436781609,0.5402298850574713,0.4827586206896552,0.4942528735632184,0.5517241379310345,0.5574712643678161,0.5632183908045977,0.603448275862069,0.42528735632183906,0.4482758620689655,0.5114942528735632,0.45977011494252873,0.5344827586206896,0.5,0.5229885057471264,0.5459770114942529,0.5229885057471264,0.4885057471264368
IIP	GG	0.6206896551724138,0.6149425287356322,0.5804597701149425,0.3735632183908046,0.6609195402298851,0.4885057471264368,0.6149425287356322,0.5862068965517241,0.5689655172413793,0.5977011494252874,0.5747126436781609,0.5919540229885057,0.5402298850574713,0.5344827586206896,0.6149425287356322,0.5804597701149425,0.5574712643678161,0.5229885057471264,0.5977011494252874,0.1896551724137931,0.603448275862069,0.632183908045977,0.5287356321839081,0.5,0.6091954022988506,0.5747126436781609,0.3620689655172414,0.632183908045977,0.6724137931034483,0.5517241379310345,0.5689655172413793,0.5459770114942529,0.5172413793103449,0.5977011494252874,0.5862068965517241,0.5459770114942529,0.5057471264367817,0.5804597701149425,0.5574712643678161,0.5402298850574713,0.5517241379310345,0.5632183908045977,0.6436781609195402,0.3390804597701149,0.43103448275862066,0.5747126436781609,0.39655172413793105,0.5574712643678161,0.6091954022988506,0.6379310344827587,0.5057471264367817,0.5114942528735632,0.5344827586206896,0.5689655172413793,0.6494252873563219,0.5114942528735632,0.6264367816091954,0.6379310344827587,0.6149425287356322,0.6149425287356322,0.5747126436781609,0.6149425287356322,0.25287356321839083,0.5517241379310345,0.6206896551724138,0.603448275862069,0.4425287356321839,0.47126436781609193,0.6149425287356322,0.6149425287356322,0.45977011494252873,0.6781609195402298,0.5114942528735632,0.6609195402298851,0.603448275862069,0.5862068965517241,0.5862068965517241,0.4425287356321839,0.5229885057471264,0.5574712643678161,0.6839080459770115,0.5919540229885057,0.632183908045977,0.5344827586206896,0.6551724137931034,0.39080459770114945,0.603448275862069,0.6206896551724138,0.5574712643678161,0.6954022988505747,0.5804597701149425,0.5344827586206896,0.6091954022988506,0.5172413793103449,0.6436781609195402,0.5344827586206896,0.6206896551724138,0.603448275862069,0.5574712643678161,0.5344827586206896
IIP	GG2	0.5977011494252874,0.5344827586206896,0.5862068965517241,0.6149425287356322,0.6551724137931034,0.5,0.6149425287356322,0.4482758620689655,0.5574712643678161,0.6494252873563219,0.5804597701149425,0.5804597701149425,0.5632183908045977,0.41954022988505746,0.5977011494252874,0.5172413793103449,0.5287356321839081,0.5402298850574713,0.632183908045977,0.4942528735632184,0.5919540229885057,0.6494252873563219,0.4942528735632184,0.4827586206896552,0.6436781609195402,0.47701149425287354,0.47701149425287354,0.603448275862069,0.6609195402298851,0.5632183908045977,0.5747126436781609,0.5517241379310345,0.6149425287356322,0.6091954022988506,0.5229885057471264,0.6954022988505747,0.5287356321839081,0.5919540229885057,0.5229885057471264,0.5632183908045977,0.5632183908045977,0.5862068965517241,0.632183908045977,0.5862068965517241,0.4540229885057471,0.5287356321839081,0.632183908045977,0.5747126436781609,0.6551724137931034,0.6609195402298851,0.5229885057471264,0.5,0.5229885057471264,0.5459770114942529,0.6494252873563219,0.5172413793103449,0.603448275862069,0.6839080459770115,0.6206896551724138,0.6264367816091954,0.5287356321839081,0.6149425287356322,0.5977011494252874,0.6149425287356322,0.6091954022988506,0.6264367816091954,0.4942528735632184,0.4942528735632184,0.5344827586206896,0.5402298850574713,0.45977011494252873,0.5459770114942529,0.5919540229885057,0.6436781609195402,0.603448275862069,0.603448275862069,0.5804597701149425,0.5804597701149425,0.5287356321839081,0.5114942528735632,0.6781609195402298,0.5804597701149425,0.5919540229885057,0.5057471264367817,0.6264367816091954,0.3735632183908046,0.6091954022988506,0.6264367816091954,0.5862068965517241,0.6206896551724138,0.6091954022988506,0.6264367816091954,0.6149425287356322,0.5287356321839081,0.6091954022988506,0.5574712643678161,0.6609195402298851,0.6379310344827587,0.632183908045977,0.5459770114942529
lastfm	GEE	0.5514754098360656,0.5740983606557377,0.5572131147540984,0.5524590163934426,0.5670491803278689,0.5647540983606557,0.5837704918032787,0.5836065573770491,0.5457377049180328,0.5231147540983606,0.5514754098360656,0.5834426229508197,0.5770491803278689,0.5531147540983606,0.5559016393442623,0.5731147540983607,0.5475409836065573,0.5527868852459017,0.5532786885245902,0.5472131147540984,0.5683606557377049,0.551311475409836,0.5585245901639344,0.5763934426229508,0.5632786885245902,0.5740983606557377,0.5459016393442623,0.5768852459016394,0.5552459016393443,0.5757377049180328,0.560983606557377,0.5547540983606557,0.5468852459016393,0.5640983606557377,0.5750819672131148,0.5757377049180328,0.5591803278688524,0.5688524590163935,0.5614754098360656,0.5575409836065573,0.5732786885245902,0.5622950819672131,0.5429508196721311,0.5634426229508197,0.5611475409836065,0.5521311475409836,0.5624590163934426,0.5649180327868852,0.5581967213114755,0.5291803278688525,0.5668852459016394,0.5516393442622951,0.5685245901639344,0.5583606557377049,0.5386885245901639,0.5670491803278689,0.539016393442623,0.5744262295081968,0.5577049180327869,0.5581967213114755,0.5424590163934426,0.5739344262295082,0.5573770491803278,0.5521311475409836,0.570327868852459,0.5568852459016393,0.5532786885245902,0.5683606557377049,0.5685245901639344,0.5581967213114755,0.5604918032786885,0.5572131147540984,0.5070491803278688,0.5750819672131148,0.5529508196721311,0.5698360655737705,0.5537704918032786,0.5545901639344263,0.5681967213114754,0.5629508196721311,0.5713114754098361,0.559016393442623,0.5745901639344262,0.5404918032786885,0.5927868852459016,0.5522950819672131,0.5404918032786885,0.5388524590163934,0.5362295081967213,0.5613114754098361,0.5581967213114755,0.5737704918032787,0.5554098360655738,0.5619672131147541,0.5734426229508197,0.5670491803278689,0.5559016393442623,0.5586885245901639,0.5642622950819672,0.5626229508196722
lastfm	GNN	0.5665573770491803,0.5755737704918032,0.5552459016393443,0.5495081967213115,0.5301639344262296,0.5960655737704919,0.5416393442622951,0.5460655737704918,0.5632786885245902,0.5775409836065574,0.5680327868852459,0.5770491803278689,0.5765573770491803,0.5242622950819672,0.6057377049180328,0.5418032786885246,0.55,0.58,0.5829508196721311,0.5975409836065574,0.5742622950819672,0.6090163934426229,0.5563934426229509,0.5577049180327869,0.5460655737704918,0.5173770491803279,0.5770491803278689,0.5454098360655738,0.5719672131147541,0.5578688524590164,0.5368852459016393,0.5485245901639344,0.5339344262295082,0.529016393442623,0.569672131147541,0.5698360655737705,0.5811475409836065,0.5411475409836065,0.5216393442622951,0.5445901639344263,0.5731147540983607,0.5345901639344263,0.5457377049180328,0.5559016393442623,0.6013114754098361,0.5491803278688525,0.5862295081967213,0.5585245901639344,0.5027868852459016,0.5091803278688525,0.5662295081967214,0.5737704918032787,0.5137704918032787,0.5831147540983607,0.5859016393442623,0.5567213114754098,0.5088524590163934,0.5432786885245902,0.5555737704918032,0.5518032786885246,0.5734426229508197,0.5263934426229508,0.5165573770491804,0.5701639344262295,0.5744262295081968,0.5522950819672131,0.5432786885245902,0.5181967213114754,0.5891803278688524,0.5250819672131147,0.6004918032786886,0.5660655737704918,0.5350819672131147,0.5250819672131147,0.5845901639344262,0.5077049180327868,0.5734426229508197,0.5463934426229509,0.6042622950819672,0.5662295081967214,0.5770491803278689,0.5706557377049181,0.550327868852459,0.5862295081967213,0.5675409836065574,0.5498360655737705,0.5191803278688525,0.5301639344262296,0.5624590163934426,0.5867213114754098,0.579344262295082,0.5472131147540984,0.5349180327868852,0.5668852459016394,0.569672131147541,0.5454098360655738,0.5104918032786885,0.5554098360655738,0.5278688524590164,0.5509836065573771
lastfm	GG	0.6836065573770492,0.6824590163934426,0.6849180327868852,0.6650819672131147,0.7060655737704918,0.6721311475409836,0.6322950819672131,0.6708196721311476,0.6852459016393443,0.6249180327868853,0.7027868852459016,0.6793442622950819,0.6824590163934426,0.6768852459016393,0.6568852459016393,0.6765573770491803,0.6463934426229508,0.6711475409836065,0.649672131147541,0.6845901639344262,0.6857377049180328,0.6881967213114754,0.6421311475409837,0.6440983606557377,0.6672131147540984,0.6731147540983606,0.6631147540983606,0.6537704918032787,0.6911475409836065,0.6934426229508197,0.6773770491803278,0.680655737704918,0.6252459016393442,0.6536065573770492,0.6601639344262296,0.6685245901639344,0.6711475409836065,0.6870491803278689,0.6767213114754098,0.6663934426229509,0.6857377049180328,0.6850819672131148,0.6754098360655738,0.6672131147540984,0.6819672131147541,0.6847540983606557,0.6767213114754098,0.6998360655737705,0.6898360655737705,0.6788524590163935,0.6762295081967213,0.6660655737704918,0.6857377049180328,0.6581967213114754,0.6422950819672131,0.690327868852459,0.6650819672131147,0.6952459016393443,0.6745901639344263,0.6678688524590164,0.6570491803278689,0.6821311475409836,0.6840983606557377,0.6711475409836065,0.6873770491803278,0.6906557377049181,0.6793442622950819,0.6818032786885246,0.6659016393442623,0.6344262295081967,0.6801639344262295,0.6550819672131147,0.669672131147541,0.6816393442622951,0.6519672131147541,0.6708196721311476,0.6675409836065573,0.6778688524590164,0.6857377049180328,0.6509836065573771,0.6795081967213115,0.6654098360655738,0.6827868852459016,0.6498360655737705,0.6672131147540984,0.660327868852459,0.6432786885245901,0.6901639344262295,0.6504918032786885,0.6936065573770491,0.6608196721311476,0.6550819672131147,0.7021311475409836,0.6683606557377049,0.6762295081967213,0.698688524590164,0.6642622950819672,0.6659016393442623,0.6640983606557377,0.6459016393442623
lastfm	GG2	0.6740983606557377,0.6827868852459016,0.6759016393442623,0.6647540983606557,0.6942622950819672,0.6822950819672131,0.6403278688524591,0.6581967213114754,0.6829508196721311,0.6618032786885246,0.6872131147540984,0.6773770491803278,0.6727868852459017,0.6759016393442623,0.6352459016393442,0.6883606557377049,0.6516393442622951,0.6637704918032787,0.6604918032786885,0.6827868852459016,0.6652459016393443,0.6654098360655738,0.6395081967213114,0.6281967213114754,0.659016393442623,0.650655737704918,0.6659016393442623,0.6539344262295081,0.6636065573770492,0.6913114754098361,0.6780327868852459,0.6704918032786885,0.6173770491803279,0.6627868852459017,0.6573770491803279,0.6611475409836065,0.6765573770491803,0.6822950819672131,0.689672131147541,0.6621311475409836,0.6822950819672131,0.6818032786885246,0.6647540983606557,0.6636065573770492,0.6418032786885246,0.6524590163934426,0.6804918032786885,0.6904918032786885,0.6875409836065574,0.6826229508196722,0.6739344262295082,0.6380327868852459,0.6729508196721311,0.6481967213114754,0.6401639344262295,0.679672131147541,0.6714754098360656,0.6952459016393443,0.6824590163934426,0.6639344262295082,0.6318032786885246,0.6919672131147541,0.6760655737704918,0.679016393442623,0.6822950819672131,0.6524590163934426,0.6762295081967213,0.6777049180327869,0.6729508196721311,0.6265573770491804,0.6619672131147541,0.66,0.658360655737705,0.6680327868852459,0.6708196721311476,0.6434426229508197,0.669016393442623,0.6759016393442623,0.680327868852459,0.6531147540983606,0.6883606557377049,0.6555737704918033,0.6709836065573771,0.6522950819672131,0.6588524590163934,0.6504918032786885,0.6308196721311475,0.6931147540983607,0.6631147540983606,0.6865573770491803,0.6601639344262296,0.6334426229508197,0.6816393442622951,0.6681967213114755,0.660655737704918,0.6760655737704918,0.651311475409836,0.6686885245901639,0.671311475409836,0.641311475409836
polblogs	GEE	0.8590398365679265,0.8089887640449438,0.8375893769152196,0.8355464759959143,0.874361593462717,0.7609805924412666,0.8212461695607763,0.8345250255362615,0.8335035750766088,0.8590398365679265,0.8171603677221655,0.9090909090909091,0.8457609805924413,0.8447395301327886,0.849846782431052,0.8232890704800817,0.8631256384065373,0.8835546475995915,0.8457609805924413,0.8416751787538305,0.9172625127681308,0.7844739530132788,0.9101123595505618,0.8110316649642493,0.8406537282941777,0.7885597548518897,0.8263534218590398,0.8416751787538305,0.8273748723186926,0.8927477017364658,0.8937691521961185,0.8089887640449438,0.8232890704800817,0.8437180796731358,0.8386108273748724,0.8958120531154239,0.8161389172625128,0.8386108273748724,0.8130745658835546,0.8947906026557712,0.7844739530132788,0.8232890704800817,0.8386108273748724,0.8437180796731358,0.8028600612870276,0.8161389172625128,0.8886618998978549,0.8437180796731358,0.8866189989785496,0.8610827374872319,0.8110316649642493,0.856996935648621,0.8907048008171604,0.8355464759959143,0.8365679264555669,0.7865168539325843,0.8958120531154239,0.8243105209397344,0.8110316649642493,0.8702757916241062,0.8263534218590398,0.7885597548518897,0.8110316649642493,0.8508682328907048,0.7865168539325843,0.7926455566905005,0.8896833503575077,0.881511746680286,0.8416751787538305,0.8130745658835546,0.8886618998978549,0.8437180796731358,0.9019407558733401,0.8478038815117467,0.8345250255362615,0.8437180796731358,0.8335035750766088,0.8518896833503575,0.8140960163432074,0.8202247191011236,0.8580183861082737,0.8406537282941777,0.8682328907048008,0.8518896833503575,0.8723186925434117,0.8488253319713994,0.8580183861082737,0.8621041879468846,0.8478038815117467,0.8294177732379979,0.8202247191011236,0.8600612870275791,0.8457609805924413,0.8549540347293156,0.8100102145045965,0.81511746680286,0.7967313585291114,0.8508682328907048,0.8764044943820225,0.8294177732379979
polblogs	GNN	0.8120531154239019,0.7517875383043923,0.8253319713993871,0.8559754851889684,0.575076608784474,0.7599591419816139,0.5760980592441267,0.8896833503575077,0.7599591419816139,0.7875383043922369,0.6915219611848825,0.6792645556690501,0.7548518896833504,0.832482124616956,0.7885597548518897,0.7681307456588355,0.5955056179775281,0.8580183861082737,0.7609805924412666,0.7926455566905005,0.7466802860061287,0.6945863125638406,0.6884576098059244,0.8253319713993871,0.6046986721144024,0.8845760980592441,0.8437180796731358,0.6281920326864147,0.7517875383043923,0.8580183861082737,0.7466802860061287,0.7814096016343207,0.72829417773238,0.686414708886619,0.7436159346271706,0.6996935648621042,0.5648621041879469,0.7865168539325843,0.7967313585291114,0.7854954034729316,0.7763023493360572,0.7221654749744637,0.8018386108273748,0.7017364657814096,0.6925434116445353,0.6557711950970377,0.7446373850868233,0.6057201225740552,0.7967313585291114,0.8478038815117467,0.8263534218590398,0.7211440245148111,0.7752808988764045,0.550561797752809,0.6179775280898876,0.8140960163432074,0.710929519918284,0.7517875383043923,0.6475995914198162,0.8488253319713994,0.6659856996935649,0.8212461695607763,0.8947906026557712,0.6680286006128703,0.8559754851889684,0.8723186925434117,0.6618998978549541,0.8998978549540347,0.7344228804902962,0.856996935648621,0.7691521961184883,0.8825331971399387,0.8610827374872319,0.8896833503575077,0.8386108273748724,0.5597548518896833,0.7895812053115424,0.8855975485188968,0.6966292134831461,0.7293156281920327,0.6945863125638406,0.7129724208375894,0.6506639427987743,0.6527068437180796,0.5617977528089888,0.8028600612870276,0.7323799795709908,0.8294177732379979,0.6302349336057201,0.8038815117466803,0.8079673135852911,0.8539325842696629,0.4933605720122574,0.6976506639427987,0.6087844739530133,0.7446373850868233,0.7068437180796732,0.7763023493360572,0.8171603677221655,0.6670071501532175
polblogs	GG	0.9387129724208376,0.7660878447395302,0.8232890704800817,0.7997957099080695,0.9039836567926456,0.8518896833503575,0.9152196118488254,0.9131767109295199,0.9182839632277835,0.8764044943820225,0.59244126659857,0.9152196118488254,0.898876404494382,0.8406537282941777,0.5812053115423902,0.5464759959141982,0.9193054136874361,0.9090909090909091,0.5566905005107252,0.5536261491317671,0.8804902962206334,0.46782431052093976,0.42390194075587334,0.5025536261491318,0.9182839632277835,0.8375893769152196,0.832482124616956,0.49948927477017363,0.8794688457609806,0.8784473953013279,0.856996935648621,0.9182839632277835,0.8590398365679265,0.891726251276813,0.6710929519918284,0.8794688457609806,0.9193054136874361,0.9254341164453525,0.6302349336057201,0.8845760980592441,0.8416751787538305,0.8447395301327886,0.6721144024514811,0.8978549540347294,0.9397344228804902,0.7252298263534218,0.9039836567926456,0.4933605720122574,0.9141981613891726,0.8580183861082737,0.9141981613891726,0.8651685393258427,0.9172625127681308,0.8774259448416751,0.8804902962206334,0.6731358529111338,0.8590398365679265,0.8712972420837589,0.9029622063329928,0.7405515832482125,0.8355464759959143,0.8426966292134831,0.8273748723186926,0.8998978549540347,0.7650663942798774,0.616956077630235,0.8927477017364658,0.8855975485188968,0.9152196118488254,0.8600612870275791,0.5628192032686414,0.8774259448416751,0.7487231869254342,0.8978549540347294,0.7119509703779366,0.9172625127681308,0.8978549540347294,0.8947906026557712,0.8845760980592441,0.8232890704800817,0.7854954034729316,0.8386108273748724,0.9325842696629213,0.923391215526047,0.8089887640449438,0.8631256384065373,0.9305413687436159,0.7844739530132788,0.7701736465781409,0.9121552604698672,0.8529111338100103,0.8161389172625128,0.898876404494382,0.822267620020429,0.72829417773238,0.8896833503575077,0.8682328907048008,0.8886618998978549,0.7088866189989785,0.804902962206333
polblogs	GG2	0.9305413687436159,0.8120531154239019,0.8835546475995915,0.8243105209397344,0.9029622063329928,0.8733401430030644,0.9090909090909091,0.8947906026557712,0.9172625127681308,0.8784473953013279,0.8375893769152196,0.9090909090909091,0.8937691521961185,0.9172625127681308,0.8529111338100103,0.8345250255362615,0.9203268641470889,0.9193054136874361,0.822267620020429,0.8692543411644535,0.8937691521961185,0.8100102145045965,0.9090909090909091,0.874361593462717,0.8927477017364658,0.8559754851889684,0.9193054136874361,0.9182839632277835,0.8855975485188968,0.881511746680286,0.8876404494382022,0.9182839632277835,0.8478038815117467,0.9070480081716037,0.8539325842696629,0.8825331971399387,0.923391215526047,0.923391215526047,0.7446373850868233,0.9080694586312564,0.8672114402451481,0.8447395301327886,0.8253319713993871,0.9039836567926456,0.9417773237997957,0.7650663942798774,0.9101123595505618,0.8110316649642493,0.906026557711951,0.8753830439223698,0.9182839632277835,0.8753830439223698,0.9203268641470889,0.8610827374872319,0.9315628192032687,0.6731358529111338,0.8478038815117467,0.8753830439223698,0.9039836567926456,0.8518896833503575,0.8355464759959143,0.8304392236976507,0.8314606741573034,0.9172625127681308,0.8130745658835546,0.7425944841675178,0.898876404494382,0.8978549540347294,0.9090909090909091,0.8672114402451481,0.8794688457609806,0.881511746680286,0.8804902962206334,0.916241062308478,0.7313585291113381,0.9172625127681308,0.8529111338100103,0.9131767109295199,0.8947906026557712,0.8294177732379979,0.9366700715015321,0.849846782431052,0.9203268641470889,0.9193054136874361,0.8549540347293156,0.9080694586312564,0.9254341164453525,0.8672114402451481,0.8355464759959143,0.9152196118488254,0.9090909090909091,0.8161389172625128,0.8631256384065373,0.8845760980592441,0.7650663942798774,0.8958120531154239,0.8774259448416751,0.891726251276813,0.8947906026557712,0.8794688457609806
TerroristRel	GEE	0.8877840909090909,0.8764204545454546,0.8636363636363636,0.8892045454545454,0.84375,0.8920454545454546,0.8835227272727273,0.8863636363636364,0.8309659090909091,0.8792613636363636,0.890625,0.8565340909090909,0.8721590909090909,0.8380681818181818,0.890625,0.8636363636363636,0.8650568181818182,0.8451704545454546,0.8380681818181818,0.875,0.8380681818181818,0.8451704545454546,0.8352272727272727,0.8821022727272727,0.8764204545454546,0.8664772727272727,0.8451704545454546,0.859375,0.8465909090909091,0.8536931818181818,0.8678977272727273,0.8210227272727273,0.9005681818181818,0.8778409090909091,0.8622159090909091,0.8707386363636364,0.8664772727272727,0.8693181818181818,0.8735795454545454,0.8579545454545454,0.8650568181818182,0.8764204545454546,0.8494318181818182,0.8451704545454546,0.8607954545454546,0.8650568181818182,0.8579545454545454,0.8579545454545454,0.8480113636363636,0.8693181818181818,0.8721590909090909,0.8693181818181818,0.8920454545454546,0.8636363636363636,0.8678977272727273,0.859375,0.8892045454545454,0.8707386363636364,0.8522727272727273,0.8607954545454546,0.8735795454545454,0.8607954545454546,0.8764204545454546,0.8707386363636364,0.8721590909090909,0.8224431818181818,0.8536931818181818,0.8423295454545454,0.8494318181818182,0.8778409090909091,0.8707386363636364,0.8693181818181818,0.8934659090909091,0.8892045454545454,0.8465909090909091,0.8806818181818182,0.8522727272727273,0.8835227272727273,0.8494318181818182,0.8338068181818182,0.8522727272727273,0.8465909090909091,0.8494318181818182,0.8821022727272727,0.8707386363636364,0.859375,0.8735795454545454,0.8806818181818182,0.8806818181818182,0.8735795454545454,0.8721590909090909,0.8835227272727273,0.875,0.8735795454545454,0.8494318181818182,0.8536931818181818,0.8551136363636364,0.8352272727272727,0.9005681818181818,0.8607954545454546
TerroristRel	GNN	0.7684659090909091,0.6178977272727273,0.6377840909090909,0.7755681818181818,0.7159090909090909,0.8267045454545454,0.5951704545454546,0.7017045454545454,0.7556818181818182,0.6321022727272727,0.6505681818181818,0.7428977272727273,0.7869318181818182,0.6335227272727273,0.5482954545454546,0.7329545454545454,0.7642045454545454,0.7911931818181818,0.5014204545454546,0.75,0.6235795454545454,0.7670454545454546,0.7769886363636364,0.8096590909090909,0.8011363636363636,0.7045454545454546,0.609375,0.6107954545454546,0.8153409090909091,0.8110795454545454,0.5639204545454546,0.7357954545454546,0.6420454545454546,0.8451704545454546,0.75,0.8309659090909091,0.6917613636363636,0.5625,0.7982954545454546,0.671875,0.7741477272727273,0.5909090909090909,0.6335227272727273,0.8025568181818182,0.7443181818181818,0.5795454545454546,0.7883522727272727,0.6747159090909091,0.7443181818181818,0.8139204545454546,0.6832386363636364,0.5411931818181818,0.8252840909090909,0.8210227272727273,0.7883522727272727,0.640625,0.6605113636363636,0.8068181818181818,0.6917613636363636,0.7954545454545454,0.8338068181818182,0.7954545454545454,0.5653409090909091,0.7357954545454546,0.6349431818181818,0.5298295454545454,0.7769886363636364,0.6079545454545454,0.6178977272727273,0.75,0.7414772727272727,0.6704545454545454,0.828125,0.8096590909090909,0.5681818181818182,0.7329545454545454,0.7727272727272727,0.7556818181818182,0.5852272727272727,0.6079545454545454,0.8238636363636364,0.6519886363636364,0.7457386363636364,0.8352272727272727,0.5113636363636364,0.7613636363636364,0.6377840909090909,0.7258522727272727,0.7130681818181818,0.8011363636363636,0.7130681818181818,0.8096590909090909,0.6463068181818182,0.7997159090909091,0.7002840909090909,0.5767045454545454,0.6448863636363636,0.8139204545454546,0.7002840909090909,0.7002840909090909
TerroristRel	GG	0.8451704545454546,0.859375,0.8934659090909091,0.7613636363636364,0.8252840909090909,0.8394886363636364,0.8863636363636364,0.8792613636363636,0.8423295454545454,0.859375,0.8806818181818182,0.8551136363636364,0.8551136363636364,0.7982954545454546,0.9048295454545454,0.8522727272727273,0.8508522727272727,0.8494318181818182,0.8451704545454546,0.6605113636363636,0.22585227272727273,0.8693181818181818,0.8693181818181818,0.8451704545454546,0.859375,0.8295454545454546,0.8650568181818182,0.84375,0.8494318181818182,0.9090909090909091,0.8480113636363636,0.7159090909090909,0.90625,0.8892045454545454,0.8764204545454546,0.7698863636363636,0.8778409090909091,0.8693181818181818,0.8494318181818182,0.8678977272727273,0.8778409090909091,0.8494318181818182,0.8565340909090909,0.8096590909090909,0.8678977272727273,0.7301136363636364,0.8678977272727273,0.7855113636363636,0.8551136363636364,0.8735795454545454,0.875,0.8565340909090909,0.8892045454545454,0.7670454545454546,0.8806818181818182,0.8948863636363636,0.8963068181818182,0.8409090909090909,0.8693181818181818,0.27698863636363635,0.32670454545454547,0.8565340909090909,0.7215909090909091,0.8409090909090909,0.8622159090909091,0.8536931818181818,0.8650568181818182,0.8323863636363636,0.875,0.8721590909090909,0.8849431818181818,0.8707386363636364,0.8707386363636364,0.8877840909090909,0.8636363636363636,0.8977272727272727,0.8948863636363636,0.8480113636363636,0.8678977272727273,0.8579545454545454,0.9019886363636364,0.8068181818181818,0.8650568181818182,0.8835227272727273,0.8579545454545454,0.8267045454545454,0.1534090909090909,0.8735795454545454,0.890625,0.8025568181818182,0.8863636363636364,0.8465909090909091,0.8977272727272727,0.8693181818181818,0.8522727272727273,0.8522727272727273,0.8607954545454546,0.8394886363636364,0.8863636363636364,0.8735795454545454
TerroristRel	GG2	0.8835227272727273,0.8664772727272727,0.8963068181818182,0.8863636363636364,0.8252840909090909,0.8678977272727273,0.8991477272727273,0.8977272727272727,0.8465909090909091,0.9005681818181818,0.8821022727272727,0.8494318181818182,0.8934659090909091,0.8707386363636364,0.9105113636363636,0.859375,0.8565340909090909,0.8309659090909091,0.8650568181818182,0.8948863636363636,0.8536931818181818,0.8693181818181818,0.8636363636363636,0.8821022727272727,0.859375,0.8678977272727273,0.8920454545454546,0.8394886363636364,0.8536931818181818,0.8835227272727273,0.8636363636363636,0.8167613636363636,0.9105113636363636,0.890625,0.8721590909090909,0.8778409090909091,0.8764204545454546,0.8778409090909091,0.8650568181818182,0.875,0.8892045454545454,0.8849431818181818,0.8948863636363636,0.8380681818181818,0.8778409090909091,0.8607954545454546,0.8650568181818182,0.8295454545454546,0.8735795454545454,0.9034090909090909,0.8494318181818182,0.8849431818181818,0.8934659090909091,0.8664772727272727,0.8650568181818182,0.8948863636363636,0.8877840909090909,0.875,0.8877840909090909,0.8565340909090909,0.8707386363636364,0.8678977272727273,0.8977272727272727,0.8821022727272727,0.9005681818181818,0.8423295454545454,0.8735795454545454,0.8338068181818182,0.8650568181818182,0.8622159090909091,0.8622159090909091,0.8693181818181818,0.8863636363636364,0.8948863636363636,0.8877840909090909,0.8991477272727273,0.8849431818181818,0.8678977272727273,0.8849431818181818,0.8707386363636364,0.8977272727272727,0.8451704545454546,0.8522727272727273,0.8821022727272727,0.8735795454545454,0.8650568181818182,0.8721590909090909,0.875,0.8863636363636364,0.8622159090909091,0.8778409090909091,0.8977272727272727,0.9119318181818182,0.8806818181818182,0.8650568181818182,0.8522727272727273,0.8693181818181818,0.8522727272727273,0.8551136363636364,0.8650568181818182
KarateClub	GEE	0.5454545454545454,0.7727272727272727,0.18181818181818182,0.8181818181818182,0.5909090909090909,0.36363636363636365,0.5454545454545454,0.8636363636363636,0.7727272727272727,0.9090909090909091,0.5454545454545454,0.6818181818181818,0.6818181818181818,0.6818181818181818,0.7727272727272727,0.7272727272727273,0.6818181818181818,0.4090909090909091,0.5909090909090909,0.5909090909090909,0.8636363636363636,0.8181818181818182,0.6363636363636364,0.7272727272727273,0.4090909090909091,0.6363636363636364,0.7272727272727273,0.7727272727272727,0.6818181818181818,0.8636363636363636,0.8636363636363636,0.5909090909090909,0.5,0.6363636363636364,0.8181818181818182,0.6363636363636364,0.6818181818181818,0.6818181818181818,0.8181818181818182,0.7272727272727273,0.7272727272727273,0.45454545454545453,0.36363636363636365,0.5909090909090909,0.6818181818181818,0.7272727272727273,0.36363636363636365,0.6363636363636364,0.7727272727272727,0.9545454545454546,0.7727272727272727,0.5,0.5,0.5909090909090909,0.45454545454545453,0.9090909090909091,0.7727272727272727,0.5909090909090909,0.7727272727272727,0.5909090909090909,0.6818181818181818,0.5454545454545454,0.5909090909090909,0.8181818181818182,0.6818181818181818,0.8636363636363636,0.7272727272727273,0.2727272727272727,0.7272727272727273,0.7727272727272727,0.5909090909090909,0.45454545454545453,0.5909090909090909,0.8636363636363636,0.6363636363636364,0.5454545454545454,0.6363636363636364,0.6818181818181818,0.9090909090909091,0.5909090909090909,0.5,0.7272727272727273,0.5909090909090909,0.7272727272727273,0.5909090909090909,0.7727272727272727,0.6363636363636364,0.7272727272727273,0.5,0.8181818181818182,0.8636363636363636,0.9545454545454546,0.4090909090909091,0.5,0.36363636363636365,0.4090909090909091,0.6818181818181818,0.5909090909090909,0.2727272727272727,0.4090909090909091
KarateClub	GNN	0.2727272727272727,0.22727272727272727,0.5,0.4090909090909091,0.36363636363636365,0.2727272727272727,0.4090909090909091,0.22727272727272727,0.22727272727272727,0.3181818181818182,0.2727272727272727,0.22727272727272727,0.22727272727272727,0.22727272727272727,0.13636363636363635,0.18181818181818182,0.13636363636363635,0.3181818181818182,0.3181818181818182,0.09090909090909091,0.22727272727272727,0.22727272727272727,0.22727272727272727,0.045454545454545456,0.2727272727272727,0.3181818181818182,0.22727272727272727,0.22727272727272727,0.36363636363636365,0.2727272727272727,0.13636363636363635,0.4090909090909091,0.22727272727272727,0.3181818181818182,0.2727272727272727,0.22727272727272727,0.09090909090909091,0.09090909090909091,0.45454545454545453,0.13636363636363635,0.36363636363636365,0.13636363636363635,0.4090909090909091,0.3181818181818182,0.22727272727272727,0.09090909090909091,0.18181818181818182,0.5,0.4090909090909091,0.4090909090909091,0.13636363636363635,0.13636363636363635,0.2727272727272727,0.13636363636363635,0.22727272727272727,0.22727272727272727,0.3181818181818182,0.3181818181818182,0.3181818181818182,0.5909090909090909,0.2727272727272727,0.18181818181818182,0.09090909090909091,0.2727272727272727,0.0,0.2727272727272727,0.36363636363636365,0.2727272727272727,0.0,0.3181818181818182,0.4090909090909091,0.09090909090909091,0.09090909090909091,0.45454545454545453,0.4090909090909091,0.2727272727272727,0.3181818181818182,0.22727272727272727,0.36363636363636365,0.22727272727272727,0.2727272727272727,0.36363636363636365,0.13636363636363635,0.13636363636363635,0.36363636363636365,0.22727272727272727,0.5454545454545454,0.18181818181818182,0.22727272727272727,0.22727272727272727,0.13636363636363635,0.22727272727272727,0.09090909090909091,0.18181818181818182,0.18181818181818182,0.13636363636363635,0.22727272727272727,0.18181818181818182,0.2727272727272727,0.6363636363636364
KarateClub	GG	0.5,0.6818181818181818,0.18181818181818182,0.7727272727272727,0.4090909090909091,0.8636363636363636,0.5909090909090909,0.6363636363636364,0.8636363636363636,0.9090909090909091,0.6818181818181818,0.6363636363636364,0.5454545454545454,0.4090909090909091,0.3181818181818182,0.36363636363636365,0.7272727272727273,0.8181818181818182,0.7272727272727273,0.3181818181818182,0.9090909090909091,0.6818181818181818,0.8181818181818182,0.7727272727272727,0.3181818181818182,0.18181818181818182,0.7272727272727273,0.8636363636363636,0.5,0.9090909090909091,0.5909090909090909,0.7272727272727273,0.6363636363636364,0.45454545454545453,0.8181818181818182,0.5909090909090909,0.9090909090909091,0.9090909090909091,0.7727272727272727,0.7727272727272727,0.9090909090909091,0.45454545454545453,0.5909090909090909,0.5,0.9545454545454546,0.8636363636363636,0.9545454545454546,0.6363636363636364,0.7727272727272727,0.8181818181818182,0.6818181818181818,0.6363636363636364,0.8181818181818182,0.8181818181818182,0.45454545454545453,0.8636363636363636,0.8636363636363636,0.5909090909090909,0.6363636363636364,0.5909090909090909,0.4090909090909091,0.3181818181818182,0.5909090909090909,0.6363636363636364,0.7727272727272727,0.8181818181818182,0.22727272727272727,0.7272727272727273,0.7272727272727273,0.7727272727272727,0.8181818181818182,0.4090909090909091,0.8181818181818182,0.8636363636363636,0.5,0.5,0.8636363636363636,0.6363636363636364,0.7727272727272727,0.8636363636363636,0.6818181818181818,0.6818181818181818,0.22727272727272727,0.5909090909090909,0.7727272727272727,0.8181818181818182,0.3181818181818182,0.7272727272727273,0.5454545454545454,0.7727272727272727,0.7727272727272727,0.6818181818181818,0.6818181818181818,0.36363636363636365,0.8181818181818182,0.8181818181818182,0.7272727272727273,0.9090909090909091,0.5909090909090909,0.5454545454545454
KarateClub	GG2	0.5909090909090909,0.8181818181818182,0.7727272727272727,0.8181818181818182,0.5454545454545454,0.7272727272727273,0.8181818181818182,0.8181818181818182,0.7727272727272727,0.9090909090909091,0.7272727272727273,0.6363636363636364,0.5454545454545454,0.5909090909090909,0.3181818181818182,0.5,0.7727272727272727,0.4090909090909091,0.5454545454545454,0.8636363636363636,0.7272727272727273,0.7272727272727273,0.8636363636363636,0.6363636363636364,0.6363636363636364,0.6818181818181818,0.8181818181818182,0.7727272727272727,0.8181818181818182,0.9545454545454546,0.9545454545454546,0.7272727272727273,0.7272727272727273,0.6818181818181818,0.9090909090909091,0.9090909090909091,0.8636363636363636,0.7727272727272727,0.7727272727272727,0.6818181818181818,0.8636363636363636,0.5454545454545454,0.7727272727272727,0.8181818181818182,0.7272727272727273,0.7272727272727273,1.0,0.6363636363636364,0.7727272727272727,0.9090909090909091,0.6363636363636364,0.45454545454545453,0.8181818181818182,0.7272727272727273,0.45454545454545453,0.8636363636363636,0.7727272727272727,0.8181818181818182,0.6818181818181818,0.7272727272727273,0.7272727272727273,0.8636363636363636,0.5909090909090909,0.7272727272727273,0.7727272727272727,0.8181818181818182,0.6363636363636364,0.7272727272727273,0.6818181818181818,0.6363636363636364,0.7727272727272727,0.7272727272727273,0.7727272727272727,0.8181818181818182,0.8636363636363636,0.4090909090909091,0.6818181818181818,0.8636363636363636,0.9090909090909091,0.7272727272727273,0.8181818181818182,0.7272727272727273,0.8181818181818182,0.9090909090909091,0.5909090909090909,0.8181818181818182,0.2727272727272727,0.6818181818181818,0.45454545454545453,0.8636363636363636,0.8636363636363636,0.9090909090909091,0.8181818181818182,0.8181818181818182,0.5,0.7272727272727273,0.6818181818181818,0.8181818181818182,0.5909090909090909,0.5909090909090909
Chameleon	GEE	0.300384404173531,0.24656781987918727,0.2580999450851181,0.2553542009884679,0.3393739703459638,0.25755079626578803,0.2328390993959363,0.3882482152663372,0.28500823723228996,0.2630422844590884,0.27951674903898954,0.26359143327841844,0.34761120263591433,0.2482152663371774,0.21691378363536518,0.2701812191103789,0.24217462932454695,0.3316858868753432,0.2257001647446458,0.2811641954969797,0.2471169686985173,0.3316858868753432,0.2745744096650192,0.34651290499725423,0.3075233388248215,0.24931356397583745,0.28940142778693023,0.2784184514003295,0.2883031301482702,0.2663371773750686,0.3470620538165843,0.2959912136188907,0.2762218561230093,0.21746293245469522,0.27347611202635913,0.2613948380010983,0.34980779791323446,0.2317408017572762,0.2943437671609006,0.3745194947830862,0.23778143876990665,0.24601867105985722,0.28940142778693023,0.27896760021965955,0.22295442064799562,0.28061504667764964,0.29379461834157056,0.2970895112575508,0.21361889071938495,0.27896760021965955,0.2613948380010983,0.3014827018121911,0.25096101043382757,0.3256452498627128,0.2630422844590884,0.24382207578253706,0.25260845689181766,0.28171334431630973,0.2954420647995607,0.2591982427237781,0.28500823723228996,0.3624382207578254,0.28171334431630973,0.24327292696320704,0.2685337726523888,0.2355848434925865,0.23613399231191654,0.24656781987918727,0.24492037342119716,0.29873695771554093,0.2355848434925865,0.23942888522789676,0.2828116419549698,0.3130148270181219,0.26468973091707854,0.29489291598023065,0.3503569467325645,0.29763866007688083,0.2652388797364086,0.26963207029104885,0.2745744096650192,0.3130148270181219,0.2822624931356398,0.3415705656232839,0.32509610104338277,0.21965952773201539,0.24162548050521693,0.3794618341570566,0.33388248215266336,0.25260845689181766,0.3322350356946733,0.3322350356946733,0.23503569467325644,0.24162548050521693,0.23668314113124655,0.24766611751784734,0.28665568369028005,0.2729269632070291,0.2498627127951675,0.24931356397583745
Chameleon	GNN	0.28171334431630973,0.2981878088962109,0.3174080175727622,0.3503569467325645,0.2740252608456892,0.28061504667764964,0.2773201537616694,0.34761120263591433,0.3300384404173531,0.36353651839648543,0.34102141680395387,0.34761120263591433,0.35200439319055465,0.3075233388248215,0.3124656781987919,0.31960461285008235,0.34651290499725423,0.32180120812740254,0.28390993959362987,0.3382756727073037,0.2701812191103789,0.32180120812740254,0.28885227896760024,0.3086216364634816,0.2811641954969797,0.3646348160351455,0.26578802855573863,0.3053267435475014,0.300384404173531,0.3152114222954421,0.343218012081274,0.2751235584843493,0.33498077979132346,0.271279516749039,0.32948929159802304,0.3344316309719934,0.37781438769906645,0.3042284459088413,0.29654036243822074,0.3443163097199341,0.26908292147171886,0.29763866007688083,0.3344316309719934,0.2630422844590884,0.30093355299286106,0.35694673256452497,0.300384404173531,0.34651290499725423,0.3404722679846238,0.34651290499725423,0.26798462383305877,0.28610653487095,0.3113673805601318,0.34102141680395387,0.343218012081274,0.34102141680395387,0.32948929159802304,0.3657331136738056,0.29654036243822074,0.2981878088962109,0.30093355299286106,0.3014827018121911,0.3333333333333333,0.32509610104338277,0.31191652937946185,0.28610653487095,0.31685886875343217,0.28500823723228996,0.27347611202635913,0.3300384404173531,0.31356397583745194,0.28555738605162,0.3355299286106535,0.3130148270181219,0.3481603514552444,0.32948929159802304,0.27677100494233936,0.3245469522240527,0.31905546403075236,0.3014827018121911,0.29873695771554093,0.30642504118616143,0.36792970895112576,0.31081823174080175,0.3130148270181219,0.29214717188358047,0.3163097199341021,0.3124656781987919,0.34980779791323446,0.3102690829214717,0.3454146073585942,0.2932454695222405,0.2773201537616694,0.31466227347611203,0.26359143327841844,0.27677100494233936,0.31356397583745194,0.3102690829214717,0.2844590884129599,0.3163097199341021
Chameleon	GG	0.2663371773750686,0.2833607907742998,0.20757825370675453,0.3223503569467326,0.3223503569467326,0.33498077979132346,0.29654036243822074,0.3311367380560132,0.33662822624931354,0.257001647446458,0.2185612300933553,0.31960461285008235,0.214168039538715,0.2674354750137287,0.2904997254255903,0.34211971444261396,0.32784184514003295,0.30367929708951125,0.3201537616694124,0.300384404173531,0.29873695771554093,0.31191652937946185,0.35914332784184516,0.271279516749039,0.28885227896760024,0.23228995057660626,0.3152114222954421,0.414058209774849,0.3130148270181219,0.3355299286106535,0.3723228995057661,0.2504118616144975,0.35969247666117515,0.34596375617792424,0.25260845689181766,0.26963207029104885,0.2915980230642504,0.2515101592531576,0.2954420647995607,0.24107633168588688,0.24162548050521693,0.3487095002745744,0.24656781987918727,0.35200439319055465,0.22405271828665568,0.2751235584843493,0.2828116419549698,0.36353651839648543,0.23668314113124655,0.3152114222954421,0.27951674903898954,0.32948929159802304,0.22240527182866557,0.3042284459088413,0.3382756727073037,0.2773201537616694,0.30642504118616143,0.30917078528281167,0.2471169686985173,0.2531576057111477,0.30203185063152116,0.32509610104338277,0.2800658978583196,0.3602416254805052,0.3053267435475014,0.23613399231191654,0.34486545853926415,0.26688632619439867,0.24492037342119716,0.22405271828665568,0.2630422844590884,0.23393739703459637,0.3629873695771554,0.2471169686985173,0.25480505216913785,0.2498627127951675,0.34486545853926415,0.3152114222954421,0.36683141131246566,0.3443163097199341,0.27896760021965955,0.2641405820977485,0.29983525535420097,0.25096101043382757,0.2641405820977485,0.33498077979132346,0.3163097199341021,0.31960461285008235,0.29983525535420097,0.19824272377814386,0.343218012081274,0.2844590884129599,0.2701812191103789,0.29269632070291046,0.24766611751784734,0.29654036243822074,0.26578802855573863,0.29763866007688083,0.3355299286106535,0.31905546403075236
Chameleon	GG2	0.40911587040087866,0.3646348160351455,0.35365183964854474,0.35475013728720484,0.4244920373421197,0.3833058758923668,0.3646348160351455,0.442613948380011,0.42174629324546953,0.34980779791323446,0.39923119165293797,0.34980779791323446,0.3833058758923668,0.3042284459088413,0.3152114222954421,0.39209225700164746,0.3525535420098847,0.4014277869302581,0.33498077979132346,0.34761120263591433,0.3201537616694124,0.4030752333882482,0.39648544755628773,0.37177375068643603,0.4085667215815486,0.3816584294343767,0.37616694124107636,0.42174629324546953,0.36792970895112576,0.385502471169687,0.4195496979681494,0.3833058758923668,0.3811092806150467,0.3745194947830862,0.36902800658978585,0.31795716639209226,0.385502471169687,0.3415705656232839,0.3503569467325645,0.3657331136738056,0.36353651839648543,0.3602416254805052,0.3871499176276771,0.3800109829763866,0.36792970895112576,0.31466227347611203,0.36683141131246566,0.37781438769906645,0.3157605711147721,0.3514552443712246,0.4113124656781988,0.39648544755628773,0.3399231191652938,0.38879736408566723,0.3646348160351455,0.2981878088962109,0.36683141131246566,0.3953871499176277,0.3443163097199341,0.4102141680395387,0.35090609555189456,0.41186161449752884,0.3783635365183965,0.357495881383855,0.3602416254805052,0.3816584294343767,0.34651290499725423,0.3811092806150467,0.36792970895112576,0.3646348160351455,0.4102141680395387,0.3552992861065349,0.39813289401427787,0.3503569467325645,0.3585941790225151,0.414607358594179,0.4030752333882482,0.38605161998901705,0.3651839648544756,0.37616694124107636,0.3800109829763866,0.4063701263042284,0.4058209774848984,0.3893465129049973,0.3772652388797364,0.35804503020318507,0.35090609555189456,0.41790225151015925,0.35914332784184516,0.36792970895112576,0.4195496979681494,0.36792970895112576,0.29654036243822074,0.38879736408566723,0.36353651839648543,0.3745194947830862,0.3783635365183965,0.40801757276221856,0.4063701263042284,0.33388248215266336
Cora	GEE	0.5316105214582372,0.5583756345177665,0.5311490539916935,0.5699123211813567,0.5209967697277342,0.549607752653438,0.5556068297185048,0.5740655283802492,0.583756345177665,0.5149976926626673,0.551915089986156,0.5473004153207199,0.5722196585140747,0.567143516382095,0.5579141670512229,0.5449930779880019,0.5634517766497462,0.5468389478541763,0.5440701430549146,0.5505306875865251,0.549607752653438,0.5265343793262575,0.5449930779880019,0.588371019843101,0.5634517766497462,0.5463774803876327,0.5523765574526995,0.5763728657129672,0.5579141670512229,0.5722196585140747,0.5528380249192432,0.5339178587909552,0.528380249192432,0.5353022611905861,0.5662205814490079,0.5417628057221966,0.5242270419935394,0.5376095985233041,0.5851407475772958,0.5537609598523304,0.5800646054453161,0.5523765574526995,0.5394554683894786,0.5763728657129672,0.5431472081218274,0.5588371019843101,0.5265343793262575,0.5851407475772958,0.5334563913244116,0.5445316105214583,0.5666820489155514,0.5814490078449469,0.543608675588371,0.5473004153207199,0.5796031379787725,0.5546838947854176,0.567143516382095,0.5602215043839409,0.562528841716659,0.5486848177203507,0.5514536225196124,0.5532994923857868,0.5473004153207199,0.528380249192432,0.5551453622519612,0.5509921550530688,0.549607752653438,0.5463774803876327,0.5445316105214583,0.5537609598523304,0.5546838947854176,0.5528380249192432,0.5546838947854176,0.551915089986156,0.5606829718504845,0.5542224273188741,0.5588371019843101,0.5426857406552839,0.5399169358560222,0.5440701430549146,0.5477618827872635,0.5699123211813567,0.5726811259806184,0.5403784033225658,0.5579141670512229,0.5717581910475311,0.5611444393170282,0.5588371019843101,0.5791416705122289,0.5408398707891093,0.5592985694508538,0.5468389478541763,0.5311490539916935,0.5846792801107522,0.5606829718504845,0.5431472081218274,0.5759113982464237,0.541301338255653,0.5800646054453161,0.5473004153207199
Cora	GNN	0.3345639132441163,0.5353022611905861,0.3124134748500231,0.35486848177203506,0.35209967697277345,0.44808491001384404,0.3936317489616982,0.36363636363636365,0.4531610521458237,0.39086294416243655,0.42778034148592525,0.39963082602676514,0.40701430549146284,0.3147208121827411,0.3770189201661283,0.3747115828334102,0.41301338255652975,0.33917858790955235,0.34240886017535765,0.3904014766958929,0.48131056760498386,0.4282418089524688,0.4291647438855561,0.4411628980156899,0.35763728657129673,0.42685740655283805,0.37425011536686664,0.48684817720350715,0.41393631748961696,0.4845408398707891,0.4933087217351177,0.35579141670512227,0.4730041532071989,0.38024919243193356,0.36455929856945085,0.4010152284263959,0.44023996308260266,0.4370096908167974,0.39086294416243655,0.3728657129672358,0.44485463774803874,0.5108444854637748,0.3913244116289802,0.43054914628518687,0.4088601753576373,0.4203968620212275,0.3031841255191509,0.47992616520535303,0.3613290263036456,0.37517305029995385,0.43054914628518687,0.43377941855099217,0.33733271804337794,0.40055376095985235,0.46654360867558836,0.4143977849561606,0.4425473004153207,0.4993077988001846,0.4536225196123673,0.477618827872635,0.3027226580526073,0.4047069681587448,0.45085371481310565,0.44993077988001845,0.3724042455006922,0.42085832948777113,0.34425473004153206,0.5113059529303184,0.32671896631287495,0.45962159667743424,0.34702353484079373,0.41116751269035534,0.43747115828334104,0.5103830179972312,0.4167051222888786,0.4360867558837102,0.4300876788186433,0.3640978311029072,0.45454545454545453,0.4203968620212275,0.4010152284263959,0.33317951084448544,0.47623442547300415,0.38117212736502076,0.40747577295800647,0.467005076142132,0.38670973696354405,0.4250115366866636,0.3770189201661283,0.3188740193816336,0.41716658975542226,0.4240886017535764,0.39178587909552376,0.4411628980156899,0.3659437009690817,0.42362713428703275,0.41762805722196583,0.3977849561605907,0.33548684817720353,0.30918320258421783
Cora	GG	0.5634517766497462,0.5408398707891093,0.6169820027688048,0.5929856945085371,0.5856022150438394,0.6451315182279649,0.6206737425011537,0.573142593447162,0.5611444393170282,0.5417628057221966,0.5892939547761883,0.5071527457314259,0.5832948777111213,0.6105214582371943,0.5906783571758191,0.5892939547761883,0.5634517766497462,0.6215966774342409,0.6100599907706507,0.5385325334563913,0.5445316105214583,0.5260729118597139,0.5477618827872635,0.5680664513151823,0.5777572681125981,0.5879095523765574,0.6128287955699123,0.6289801568989386,0.6160590678357176,0.6257498846331334,0.628518689432395,0.633133364097831,0.5293031841255191,0.5362251961236733,0.562528841716659,0.5856022150438394,0.5233041070604523,0.5588371019843101,0.633133364097831,0.5703737886479003,0.6419012459621597,0.6414397784956161,0.5957544993077988,0.5971389017074297,0.5089986155976004,0.5851407475772958,0.5394554683894786,0.5800646054453161,0.5791416705122289,0.6225196123673281,0.5869866174434702,0.5256114443931703,0.5832948777111213,0.5971389017074297,0.5071527457314259,0.570835256114444,0.5777572681125981,0.6220581449007845,0.5980618366405168,0.5560682971850485,0.5468389478541763,0.5463774803876327,0.5832948777111213,0.5602215043839409,0.6243654822335025,0.5140747577295801,0.5782187355791417,0.639132441162898,0.5892939547761883,0.6442085832948777,0.5579141670512229,0.588371019843101,0.6455929856945085,0.5616059067835718,0.6345177664974619,0.6202122750346101,0.5736040609137056,0.6359021688970927,0.53068758652515,0.5869866174434702,0.5952930318412551,0.6303645592985695,0.5542224273188741,0.5796031379787725,0.6137517305029996,0.6086755883710199,0.6142131979695431,0.5777572681125981,0.5842178126442086,0.5551453622519612,0.6400553760959853,0.5902168897092755,0.5676049838486387,0.5440701430549146,0.5676049838486387,0.6419012459621597,0.615597600369174,0.49377018920166127,0.6594370096908168,0.5703737886479003
Cora	GG2	0.5916012921089063,0.6266728195662206,0.6225196123673281,0.6183664051684357,0.5846792801107522,0.6409783110290724,0.6160590678357176,0.6151361329026304,0.633133364097831,0.5560682971850485,0.586063682510383,0.5269958467928011,0.5680664513151823,0.6479003230272266,0.6275957544993078,0.5523765574526995,0.6202122750346101,0.6262113520996769,0.6275957544993078,0.5662205814490079,0.6119058606368251,0.596677434240886,0.5560682971850485,0.5740655283802492,0.6423627134287033,0.5957544993077988,0.6299030918320259,0.6289801568989386,0.6206737425011537,0.6455929856945085,0.6377480387632672,0.6183664051684357,0.564836179049377,0.5699123211813567,0.6091370558375635,0.617904937701892,0.5745269958467928,0.5796031379787725,0.613290263036456,0.5952930318412551,0.6211352099676973,0.6395939086294417,0.6091370558375635,0.6299030918320259,0.6003691739732349,0.6077526534379326,0.5574526995846792,0.6299030918320259,0.615597600369174,0.6257498846331334,0.5948315643747116,0.5634517766497462,0.6045223811721273,0.5989847715736041,0.6640516843562528,0.5685279187817259,0.5652976465159206,0.6714351638209506,0.6109829257037379,0.6538994000922935,0.6151361329026304,0.5542224273188741,0.5726811259806184,0.6068297185048455,0.6035994462390402,0.6109829257037379,0.6054453161052146,0.6377480387632672,0.6432856483617905,0.652053530226119,0.5703737886479003,0.6474388555606829,0.6525149976926626,0.639132441162898,0.6465159206275958,0.6229810798338717,0.5874480849100139,0.6428241808952468,0.633133364097831,0.6234425473004154,0.5911398246423627,0.6174434702353484,0.6257498846331334,0.543608675588371,0.6266728195662206,0.6289801568989386,0.6419012459621597,0.6511305952930319,0.6119058606368251,0.5726811259806184,0.6299030918320259,0.5791416705122289,0.5902168897092755,0.6022150438394093,0.6109829257037379,0.6363636363636364,0.6460544531610521,0.5463774803876327,0.6682048915551454,0.5689893862482694
Citeseer	GEE	0.3931656027037176,0.39917386406308675,0.3864063086744273,0.3781449493052948,0.38227562898986106,0.32895230942546,0.40743522343221933,0.36087119789710853,0.36049568156214795,0.3867818250093879,0.3841532106646639,0.37363875328576795,0.37438978595568906,0.3920390536988359,0.3702591062711228,0.4010514457378896,0.39053698835899364,0.38753285767930906,0.4205782951558393,0.41194141945174617,0.4179496808111153,0.3811490799849793,0.3916635373638753,0.38790837401426964,0.36838152459631995,0.37363875328576795,0.37964701464513706,0.3890349230191513,0.39128802102891475,0.3788959819752159,0.40480660908749533,0.3785204656402554,0.4025535110777319,0.36049568156214795,0.3920390536988359,0.39654524971836275,0.3740142696207285,0.34885467517837027,0.4089372887720616,0.4141945174615096,0.38490424333458506,0.3597446488922268,0.3785204656402554,0.3916635373638753,0.3897859556890725,0.38865940668419074,0.36425084491175364,0.38265114532482164,0.3897859556890725,0.35298535486293653,0.38227562898986106,0.36913255726624106,0.3589936162223057,0.39279008636875706,0.41457003379647017,0.4250844911753661,0.3665039429215171,0.38603079233946674,0.3995493803980473,0.39616973338340217,0.3931656027037176,0.3785204656402554,0.3732632369508074,0.40705970709725875,0.3627487795719114,0.4171986481411941,0.39879834772812617,0.3924145700337965,0.40030041306796843,0.3698835899361622,0.38527975966954564,0.3830266616597822,0.416447615471273,0.35674051821254227,0.3725122042808862,0.34998122418325195,0.3702591062711228,0.40180247840781075,0.3803980473150582,0.40142696207285017,0.3856552760045062,0.41194141945174617,0.3995493803980473,0.37701840030041306,0.3781449493052948,0.3758918512955314,0.3751408186256102,0.3665039429215171,0.39053698835899364,0.3916635373638753,0.3777694329703342,0.4036800600826136,0.3931656027037176,0.40180247840781075,0.4025535110777319,0.3946676680435599,0.3777694329703342,0.3725122042808862,0.3612467142320691,0.3815245963199399
Citeseer	GNN	0.3146826886969583,0.28351483289523094,0.31280510702215547,0.31430717236199773,0.2925272249342846,0.3176868193766429,0.2801351858805858,0.33308298911002626,0.3086744273375892,0.3481036425084491,0.25873075478783325,0.35824258355238453,0.3372136687945926,0.28614344723995494,0.2898986105895606,0.3124295906871949,0.2418325197146076,0.39053698835899364,0.34134434847915884,0.31017649267743147,0.3255726624108149,0.29628238828389036,0.29102515959444236,0.2820127675553887,0.326323695080736,0.3030416823131806,0.3458505444986857,0.32482162974089374,0.32219301539616974,0.2898986105895606,0.32181749906120916,0.27187382651145325,0.34359744648892226,0.2898986105895606,0.28088621855050694,0.32820127675553884,0.32707472775065716,0.2876455125797972,0.2621104018024784,0.3496057078482914,0.3229440480660909,0.326323695080736,0.2763800225309801,0.2895230942546001,0.31430717236199773,0.33834021779947426,0.31806233571160347,0.3255726624108149,0.25535110777318815,0.30153961697333836,0.36349981224183253,0.3034171986481412,0.3364626361246714,0.2932782576042058,0.3203154337213669,0.2977844536237326,0.3728877206158468,0.3390912504693954,0.3266992114156966,0.25610214044310925,0.2662410814870447,0.2583552384528727,0.2793841532106647,0.35523845287269995,0.2827638002253098,0.2508449117536613,0.2688696958317687,0.334209538114908,0.31318062335711605,0.2429590687194893,0.2959068719489298,0.31355613969207663,0.3060458129928652,0.3098009763424709,0.27788208787082236,0.2812617348854675,0.3379647014645137,0.27713105520090126,0.321066466391288,0.3041682313180623,0.257228689447991,0.3837776943297033,0.267743146826887,0.3777694329703342,0.3278257604205783,0.2944048066090875,0.2512204280886218,0.31318062335711605,0.27750657153586183,0.2959068719489298,0.28351483289523094,0.2820127675553887,0.28877206158467894,0.3402177994742771,0.2992865189635749,0.3725122042808862,0.2895230942546001,0.3571160345475028,0.35749155088246337,0.3432219301539617
Citeseer	GG	0.44611340593315807,0.41607209913631243,0.46601577168606834,0.40668419076229817,0.40968832144198275,0.4524971836274878,0.44799098760796097,0.41607209913631243,0.39091250469395417,0.4476154712730004,0.4115659031167856,0.42733758918512954,0.4483665039429215,0.3999248967330079,0.43484791588434096,0.37476530229064964,0.45212166729252723,0.405933158092377,0.42095381149079986,0.4344723995493804,0.46751783702591065,0.46038302666165976,0.4141945174615096,0.4310927525347353,0.41081487044686443,0.46000751032669923,0.42996620352985354,0.4393541119038678,0.411190386781825,0.4115659031167856,0.4397296282388284,0.39541870071348106,0.40705970709725875,0.4149455501314307,0.40818625610214043,0.43146826886969586,0.4258355238452873,0.37101013894104395,0.47352609838527976,0.4202027788208787,0.4329703342095381,0.45475028163725123,0.4307172361997747,0.46338715734134434,0.44686443860307923,0.4832895230942546,0.43484791588434096,0.4179496808111153,0.42959068719489296,0.41870071348103644,0.46000751032669923,0.45399924896733007,0.3815245963199399,0.38603079233946674,0.4318437852046564,0.4671423206909501,0.4333458505444987,0.44799098760796097,0.3999248967330079,0.4476154712730004,0.42470897484040554,0.4179496808111153,0.39354111903867817,0.4389785955689072,0.4126924521216673,0.4419827262485918,0.4446113405933158,0.4232069095005633,0.4344723995493804,0.4115659031167856,0.4171986481411941,0.4310927525347353,0.40818625610214043,0.42621104018024786,0.48178745775441234,0.42996620352985354,0.411190386781825,0.4498685692827638,0.4153210664663913,0.4333458505444987,0.44386030792339465,0.4205782951558393,0.47878332707472776,0.475028163725122,0.45737889598197523,0.4337213668794593,0.40705970709725875,0.4408561772437101,0.4498685692827638,0.41081487044686443,0.43146826886969586,0.45399924896733007,0.4472399549380398,0.4832895230942546,0.43221930153961696,0.37739391663537364,0.44273375891851297,0.40743522343221933,0.42208036049568154,0.3890349230191513
Citeseer	GG2	0.4386030792339467,0.4528726999624484,0.4558768306421329,0.4329703342095381,0.4588809613218175,0.46488922268118665,0.419076229815997,0.41194141945174617,0.3755163349605708,0.4408561772437101,0.4408561772437101,0.398047315058205,0.400675929402929,0.40405557641757417,0.46301164100638376,0.47653022906496434,0.4509951182876455,0.4089372887720616,0.45812992865189633,0.44911753661284265,0.48141194141945176,0.4532482162974089,0.42132932782576044,0.4303417198648141,0.44048066090874954,0.45399924896733007,0.42883965452497186,0.4382275628989861,0.4502440856177244,0.42358242583552386,0.46338715734134434,0.4333458505444987,0.4205782951558393,0.3830266616597822,0.42621104018024786,0.42395794217048444,0.4194517461509576,0.44949305294780323,0.4363499812241832,0.43785204656402554,0.4476154712730004,0.4588809613218175,0.477656778069846,0.4310927525347353,0.4141945174615096,0.47990987607960944,0.4340968832144198,0.4697709350356741,0.42095381149079986,0.3976717987232445,0.4509951182876455,0.43747653022906496,0.4558768306421329,0.42208036049568154,0.4258355238452873,0.4806609087495306,0.44611340593315807,0.4258355238452873,0.41832519714607586,0.4701464513706346,0.4355989485542621,0.47089748404055576,0.4258355238452873,0.41832519714607586,0.4333458505444987,0.4592564776567781,0.4442358242583552,0.44536237326323697,0.4618850920015021,0.4123169357867067,0.4175741644761547,0.4524971836274878,0.4397296282388284,0.4329703342095381,0.4716485167104769,0.4280886218550507,0.3999248967330079,0.45174615095756665,0.4393541119038678,0.4419827262485918,0.4363499812241832,0.4498685692827638,0.46338715734134434,0.4472399549380398,0.4476154712730004,0.4408561772437101,0.416447615471273,0.4476154712730004,0.4419827262485918,0.42733758918512954,0.4667668043559895,0.4892977844536237,0.4367254975591438,0.472399549380398,0.4382275628989861,0.43259481787457754,0.42959068719489296,0.4171986481411941,0.4397296282388284,0.38002253098009764
