ACM	GEE	0.006575107574462891,0.006407260894775391,0.006628990173339844,0.006474971771240234,0.008219242095947266,0.006661891937255859,0.006575107574462891,0.0065081119537353516,0.0066530704498291016,0.006499052047729492,0.0065190792083740234,0.0070378780364990234,0.006376028060913086,0.007508993148803711,0.006891012191772461,0.006893157958984375,0.006784915924072266,0.006677150726318359,0.0069768428802490234,0.006660938262939453,0.007004737854003906,0.007105112075805664,0.006815910339355469,0.006846904754638672,0.006743907928466797,0.006640911102294922,0.006918907165527344,0.00735020637512207,0.0069582462310791016,0.0067751407623291016,0.006868839263916016,0.006677865982055664,0.006630897521972656,0.006827831268310547,0.006880998611450195,0.007226228713989258,0.007003068923950195,0.006748199462890625,0.006943941116333008,0.007045269012451172,0.0071179866790771484,0.007020235061645508,0.007100105285644531,0.006799221038818359,0.007050037384033203,0.006915092468261719,0.00693821907043457,0.006979942321777344,0.006769895553588867,0.00683283805847168,0.006769895553588867,0.0067901611328125,0.006914854049682617,0.007074117660522461,0.0067081451416015625,0.0072252750396728516,0.0068280696868896484,0.006893157958984375,0.00712275505065918,0.00711822509765625,0.007350921630859375,0.0068552494049072266,0.006974220275878906,0.007081031799316406,0.007108926773071289,0.007287025451660156,0.006887197494506836,0.007051944732666016,0.006730794906616211,0.006983041763305664,0.007239103317260742,0.0072901248931884766,0.007267951965332031,0.007100820541381836,0.007089853286743164,0.006974220275878906,0.007340192794799805,0.0069539546966552734,0.006807804107666016,0.006972789764404297,0.006957054138183594,0.007001161575317383,0.007062196731567383,0.006991147994995117,0.007051706314086914,0.0067980289459228516,0.007169961929321289,0.006906270980834961,0.00709080696105957,0.007159233093261719,0.007336139678955078,0.0070955753326416016,0.006727933883666992,0.006979703903198242,0.00703120231628418,0.006886005401611328,0.006818056106567383,0.006801128387451172,0.006704092025756836,0.007014036178588867
ACM	GNN	0.4851510524749756,0.3967580795288086,0.28570103645324707,0.38305091857910156,0.4429283142089844,0.4739382266998291,0.3140890598297119,0.27418088912963867,0.9032409191131592,0.43091583251953125,0.34709596633911133,0.4784579277038574,0.35875511169433594,0.494675874710083,0.4088399410247803,0.368563175201416,0.30925488471984863,0.5753772258758545,0.25783205032348633,0.6181943416595459,0.33315491676330566,0.35109591484069824,0.35112595558166504,0.38109803199768066,0.3442718982696533,0.3363521099090576,0.3366701602935791,0.47572803497314453,0.37760210037231445,0.36306095123291016,0.3638737201690674,0.4221479892730713,0.34749698638916016,0.49033308029174805,0.49065589904785156,0.3211510181427002,0.35936617851257324,0.3499031066894531,0.4142119884490967,0.3348119258880615,0.24432897567749023,0.448962926864624,0.30073022842407227,0.48861193656921387,0.33769989013671875,0.34667229652404785,0.4359102249145508,0.5051259994506836,0.34447526931762695,0.4499552249908447,0.3072981834411621,0.32678914070129395,0.5598680973052979,0.33676576614379883,0.3729829788208008,0.32766103744506836,0.39627695083618164,0.41068315505981445,0.30440187454223633,0.6077260971069336,0.46648383140563965,0.3235771656036377,0.29692888259887695,0.3497312068939209,0.33046674728393555,0.4818129539489746,0.36548590660095215,0.49190402030944824,0.4149339199066162,0.3684861660003662,0.3100321292877197,0.5121290683746338,0.28864383697509766,0.38211727142333984,0.37459516525268555,0.31313109397888184,0.27019500732421875,0.39672183990478516,0.3249390125274658,0.27074527740478516,0.397860050201416,0.457991361618042,0.28377294540405273,0.4442272186279297,0.3697550296783447,0.45557212829589844,0.3030569553375244,0.339946985244751,0.30697107315063477,0.3250713348388672,0.32585787773132324,0.3221611976623535,0.36824798583984375,0.38562512397766113,0.3995249271392822,0.3311779499053955,0.39386487007141113,0.34638428688049316,0.3173091411590576,0.8370122909545898
ACM	GG	1.3541491031646729,0.8626523017883301,0.7792842388153076,0.7765741348266602,0.26526594161987305,0.793327808380127,0.6985437870025635,0.8639190196990967,0.5407211780548096,0.3650851249694824,0.5966949462890625,0.781203031539917,0.5225260257720947,0.8729329109191895,0.2492077350616455,0.6734650135040283,1.0045280456542969,0.8135418891906738,0.6395530700683594,0.4646131992340088,0.5451488494873047,0.23194527626037598,0.9270839691162109,1.0202577114105225,0.5982809066772461,0.254302978515625,0.7843410968780518,0.26277899742126465,0.25685787200927734,0.7644391059875488,0.2517719268798828,0.8223402500152588,0.23519587516784668,0.3889889717102051,0.2789180278778076,0.655106782913208,0.38898682594299316,0.32829976081848145,0.4356861114501953,0.4132399559020996,1.088486909866333,0.6811978816986084,0.6755850315093994,1.1706318855285645,0.4154341220855713,0.9715719223022461,0.23967599868774414,0.8622400760650635,0.6994428634643555,0.38132500648498535,0.43342113494873047,0.4324021339416504,0.8612179756164551,0.9531021118164062,0.3892028331756592,0.4226861000061035,0.24123692512512207,0.29686403274536133,0.6905648708343506,0.2551722526550293,0.6937007904052734,0.5233321189880371,0.9304049015045166,0.2842979431152344,0.5491797924041748,0.25573039054870605,0.26851987838745117,0.5041279792785645,1.0130870342254639,0.43947792053222656,0.5006668567657471,0.5407485961914062,0.7930850982666016,0.24816584587097168,0.46862292289733887,0.28400731086730957,0.23575091361999512,0.2514638900756836,0.6582279205322266,0.6101667881011963,0.24147367477416992,0.7474069595336914,0.7438292503356934,0.4854278564453125,0.26264095306396484,1.0798048973083496,1.3321802616119385,0.8255832195281982,0.7207908630371094,0.239454984664917,0.5883560180664062,0.852618932723999,0.38496899604797363,0.2695779800415039,0.2573668956756592,0.9486708641052246,0.8273811340332031,0.7027130126953125,0.2519528865814209,0.8082010746002197
ACM	GG2	1.3541491031646729,0.8626523017883301,0.7792842388153076,0.7765741348266602,0.26526594161987305,0.793327808380127,0.6985437870025635,0.8639190196990967,0.5407211780548096,0.3650851249694824,0.5966949462890625,0.781203031539917,0.5225260257720947,0.8729329109191895,0.2492077350616455,0.6734650135040283,1.0045280456542969,0.8135418891906738,0.6395530700683594,0.4646131992340088,0.5451488494873047,0.23194527626037598,0.9270839691162109,1.0202577114105225,0.5982809066772461,0.254302978515625,0.7843410968780518,0.26277899742126465,0.25685787200927734,0.7644391059875488,0.2517719268798828,0.8223402500152588,0.23519587516784668,0.3889889717102051,0.2789180278778076,0.655106782913208,0.38898682594299316,0.32829976081848145,0.4356861114501953,0.4132399559020996,1.088486909866333,0.6811978816986084,0.6755850315093994,1.1706318855285645,0.4154341220855713,0.9715719223022461,0.23967599868774414,0.8622400760650635,0.6994428634643555,0.38132500648498535,0.43342113494873047,0.4324021339416504,0.8612179756164551,0.9531021118164062,0.3892028331756592,0.4226861000061035,0.24123692512512207,0.29686403274536133,0.6905648708343506,0.2551722526550293,0.6937007904052734,0.5233321189880371,0.9304049015045166,0.2842979431152344,0.5491797924041748,0.25573039054870605,0.26851987838745117,0.5041279792785645,1.0130870342254639,0.43947792053222656,0.5006668567657471,0.5407485961914062,0.7930850982666016,0.24816584587097168,0.46862292289733887,0.28400731086730957,0.23575091361999512,0.2514638900756836,0.6582279205322266,0.6101667881011963,0.24147367477416992,0.7474069595336914,0.7438292503356934,0.4854278564453125,0.26264095306396484,1.0798048973083496,1.3321802616119385,0.8255832195281982,0.7207908630371094,0.239454984664917,0.5883560180664062,0.852618932723999,0.38496899604797363,0.2695779800415039,0.2573668956756592,0.9486708641052246,0.8273811340332031,0.7027130126953125,0.2519528865814209,0.8082010746002197
BAT	GEE	0.0006089210510253906,0.000621795654296875,0.0005781650543212891,0.0006241798400878906,0.0006041526794433594,0.0005850791931152344,0.0005629062652587891,0.0005738735198974609,0.0005970001220703125,0.0005631446838378906,0.0005550384521484375,0.000553131103515625,0.0005807876586914062,0.000537872314453125,0.0005698204040527344,0.0005879402160644531,0.0006430149078369141,0.0005538463592529297,0.0006060600280761719,0.0005729198455810547,0.0005397796630859375,0.0005803108215332031,0.0005457401275634766,0.0006511211395263672,0.0006530284881591797,0.0005509853363037109,0.0005650520324707031,0.0005459785461425781,0.0005459785461425781,0.0006079673767089844,0.0005497932434082031,0.0005459785461425781,0.0005459785461425781,0.0005278587341308594,0.0006558895111083984,0.0005402565002441406,0.0005612373352050781,0.0005960464477539062,0.0005733966827392578,0.0005550384521484375,0.0006549358367919922,0.0006198883056640625,0.0005676746368408203,0.0005908012390136719,0.0005660057067871094,0.0005650520324707031,0.0005619525909423828,0.0005900859832763672,0.0006299018859863281,0.0005731582641601562,0.0006101131439208984,0.0006449222564697266,0.0005850791931152344,0.000576019287109375,0.0005397796630859375,0.0007023811340332031,0.0005440711975097656,0.0005779266357421875,0.0006647109985351562,0.0005590915679931641,0.0006170272827148438,0.0005352497100830078,0.0005660057067871094,0.0006899833679199219,0.0005462169647216797,0.0005490779876708984,0.0005872249603271484,0.0006008148193359375,0.0006449222564697266,0.0006699562072753906,0.0006020069122314453,0.0005669593811035156,0.0005640983581542969,0.0005571842193603516,0.0005891323089599609,0.0005691051483154297,0.0005807876586914062,0.0005562305450439453,0.0005521774291992188,0.0006639957427978516,0.0006117820739746094,0.0005533695220947266,0.0005710124969482422,0.0005621910095214844,0.0005409717559814453,0.0006239414215087891,0.0005488395690917969,0.0005240440368652344,0.0005638599395751953,0.0005598068237304688,0.0005519390106201172,0.0005960464477539062,0.0005781650543212891,0.0006260871887207031,0.00055694580078125,0.0005700588226318359,0.0005457401275634766,0.0006749629974365234,0.0006220340728759766,0.0005621910095214844
BAT	GNN	0.11747407913208008,0.11094808578491211,0.09047389030456543,0.0934600830078125,0.12404465675354004,0.09091782569885254,0.17257428169250488,0.16791725158691406,0.09056806564331055,0.10463905334472656,0.11301684379577637,0.08944988250732422,0.09594106674194336,0.11244893074035645,0.12550806999206543,0.09938907623291016,0.08932089805603027,0.08999395370483398,0.09213590621948242,0.09061002731323242,0.09602904319763184,0.09110808372497559,0.18979215621948242,0.09028196334838867,0.11081767082214355,0.08972692489624023,0.09209895133972168,0.19365906715393066,0.20914387702941895,0.1374061107635498,0.18830370903015137,0.08850312232971191,0.11897706985473633,0.1310558319091797,0.18024802207946777,0.08835721015930176,0.19489097595214844,0.11930274963378906,0.10697698593139648,0.11825370788574219,0.10858011245727539,0.12450504302978516,0.08937501907348633,0.19245600700378418,0.228071928024292,0.1291792392730713,0.17145204544067383,0.1684563159942627,0.1564311981201172,0.1248021125793457,0.11402010917663574,0.13275599479675293,0.12025284767150879,0.10811114311218262,0.1289520263671875,0.11400985717773438,0.12450695037841797,0.09115004539489746,0.18290209770202637,0.0964670181274414,0.09173297882080078,0.1005251407623291,0.19918322563171387,0.21773600578308105,0.12757301330566406,0.11346912384033203,0.1307518482208252,0.11540603637695312,0.14258599281311035,0.1433110237121582,0.08785700798034668,0.08928608894348145,0.1241152286529541,0.16004180908203125,0.12336206436157227,0.08921504020690918,0.22826099395751953,0.08878517150878906,0.1486818790435791,0.15842914581298828,0.11290383338928223,0.17016100883483887,0.08803367614746094,0.1970219612121582,0.1304478645324707,0.1377851963043213,0.10049724578857422,0.0931711196899414,0.197113037109375,0.12912511825561523,0.08934283256530762,0.08852791786193848,0.22934412956237793,0.09133124351501465,0.2185347080230713,0.08891081809997559,0.2077338695526123,0.15155768394470215,0.09155583381652832,0.2124018669128418
BAT	GG	0.10778331756591797,0.12610888481140137,0.10854029655456543,0.1538071632385254,0.11213493347167969,0.12370705604553223,0.09153199195861816,0.1151580810546875,0.1662740707397461,0.17042899131774902,0.16913628578186035,0.11476397514343262,0.18484926223754883,0.09134483337402344,0.20771265029907227,0.13254380226135254,0.1172342300415039,0.12546277046203613,0.11051487922668457,0.11222600936889648,0.11295199394226074,0.1121668815612793,0.14456415176391602,0.0968163013458252,0.15890002250671387,0.127669095993042,0.11146402359008789,0.09024596214294434,0.12761330604553223,0.08895683288574219,0.14973711967468262,0.1627659797668457,0.09985995292663574,0.13132596015930176,0.1130681037902832,0.1546480655670166,0.09152984619140625,0.15622520446777344,0.1496889591217041,0.15624189376831055,0.0912940502166748,0.15126991271972656,0.12585186958312988,0.11110305786132812,0.17123031616210938,0.09120512008666992,0.1296072006225586,0.19220805168151855,0.12245297431945801,0.1343371868133545,0.09244203567504883,0.13294196128845215,0.15143394470214844,0.13007283210754395,0.11576294898986816,0.1780688762664795,0.1099541187286377,0.2078249454498291,0.1343669891357422,0.23763203620910645,0.11497187614440918,0.1253211498260498,0.10511422157287598,0.16110491752624512,0.08809995651245117,0.08828902244567871,0.08929204940795898,0.15771698951721191,0.22775483131408691,0.11294007301330566,0.13055706024169922,0.11526989936828613,0.1556708812713623,0.09013175964355469,0.14489221572875977,0.12297487258911133,0.18228507041931152,0.12114405632019043,0.12058281898498535,0.09032893180847168,0.09032893180847168,0.11887001991271973,0.14767694473266602,0.10178303718566895,0.09235286712646484,0.1303088665008545,0.11538100242614746,0.12696385383605957,0.08867001533508301,0.14925885200500488,0.1495668888092041,0.1849837303161621,0.11340785026550293,0.12915515899658203,0.1587069034576416,0.11433005332946777,0.08896088600158691,0.12957382202148438,0.11339974403381348,0.08867025375366211
BAT	GG2	0.10778331756591797,0.12610888481140137,0.10854029655456543,0.1538071632385254,0.11213493347167969,0.12370705604553223,0.09153199195861816,0.1151580810546875,0.1662740707397461,0.17042899131774902,0.16913628578186035,0.11476397514343262,0.18484926223754883,0.09134483337402344,0.20771265029907227,0.13254380226135254,0.1172342300415039,0.12546277046203613,0.11051487922668457,0.11222600936889648,0.11295199394226074,0.1121668815612793,0.14456415176391602,0.0968163013458252,0.15890002250671387,0.127669095993042,0.11146402359008789,0.09024596214294434,0.12761330604553223,0.08895683288574219,0.14973711967468262,0.1627659797668457,0.09985995292663574,0.13132596015930176,0.1130681037902832,0.1546480655670166,0.09152984619140625,0.15622520446777344,0.1496889591217041,0.15624189376831055,0.0912940502166748,0.15126991271972656,0.12585186958312988,0.11110305786132812,0.17123031616210938,0.09120512008666992,0.1296072006225586,0.19220805168151855,0.12245297431945801,0.1343371868133545,0.09244203567504883,0.13294196128845215,0.15143394470214844,0.13007283210754395,0.11576294898986816,0.1780688762664795,0.1099541187286377,0.2078249454498291,0.1343669891357422,0.23763203620910645,0.11497187614440918,0.1253211498260498,0.10511422157287598,0.16110491752624512,0.08809995651245117,0.08828902244567871,0.08929204940795898,0.15771698951721191,0.22775483131408691,0.11294007301330566,0.13055706024169922,0.11526989936828613,0.1556708812713623,0.09013175964355469,0.14489221572875977,0.12297487258911133,0.18228507041931152,0.12114405632019043,0.12058281898498535,0.09032893180847168,0.09032893180847168,0.11887001991271973,0.14767694473266602,0.10178303718566895,0.09235286712646484,0.1303088665008545,0.11538100242614746,0.12696385383605957,0.08867001533508301,0.14925885200500488,0.1495668888092041,0.1849837303161621,0.11340785026550293,0.12915515899658203,0.1587069034576416,0.11433005332946777,0.08896088600158691,0.12957382202148438,0.11339974403381348,0.08867025375366211
DBLP	GEE	0.002232074737548828,0.0023021697998046875,0.002209901809692383,0.0023238658905029297,0.0023560523986816406,0.002562999725341797,0.0022971630096435547,0.0022919178009033203,0.0022928714752197266,0.002306222915649414,0.002353191375732422,0.002512216567993164,0.0023801326751708984,0.0025551319122314453,0.002279996871948242,0.002348661422729492,0.002321004867553711,0.002313375473022461,0.0024929046630859375,0.002368927001953125,0.0023670196533203125,0.0026090145111083984,0.0022649765014648438,0.0025398731231689453,0.0023577213287353516,0.0023009777069091797,0.002474069595336914,0.0023598670959472656,0.0023081302642822266,0.0026030540466308594,0.0024068355560302734,0.0025131702423095703,0.002257108688354492,0.002379894256591797,0.0024313926696777344,0.002274751663208008,0.0023059844970703125,0.0022771358489990234,0.002302885055541992,0.0024101734161376953,0.0025589466094970703,0.0023300647735595703,0.0023899078369140625,0.00261688232421875,0.002418041229248047,0.002268075942993164,0.0023331642150878906,0.002373218536376953,0.0025680065155029297,0.002586841583251953,0.0022590160369873047,0.0023458003997802734,0.002331972122192383,0.002399921417236328,0.0023109912872314453,0.002331256866455078,0.002331256866455078,0.002251863479614258,0.0023109912872314453,0.0023272037506103516,0.0023200511932373047,0.0023317337036132812,0.002301931381225586,0.0022678375244140625,0.0025577545166015625,0.002370119094848633,0.0023720264434814453,0.0022678375244140625,0.0027179718017578125,0.002282857894897461,0.0023441314697265625,0.0023000240325927734,0.0022897720336914062,0.002285003662109375,0.002285003662109375,0.0024111270904541016,0.0026350021362304688,0.0022771358489990234,0.0023488998413085938,0.002427816390991211,0.0024917125701904297,0.0023779869079589844,0.0027418136596679688,0.0023038387298583984,0.002363920211791992,0.002301931381225586,0.0023398399353027344,0.003777027130126953,0.0023250579833984375,0.002405881881713867,0.0023479461669921875,0.0022652149200439453,0.0022940635681152344,0.0023267269134521484,0.0022912025451660156,0.0024008750915527344,0.0022950172424316406,0.0022971630096435547,0.0023298263549804688,0.0026366710662841797
DBLP	GNN	0.3731539249420166,0.33861684799194336,0.33594202995300293,0.2806401252746582,0.4132857322692871,0.4766080379486084,0.25358104705810547,0.23538708686828613,0.3589041233062744,0.29505491256713867,0.5078041553497314,0.2546229362487793,0.3231511116027832,0.3003220558166504,0.2508058547973633,0.3956339359283447,0.25653600692749023,0.256011962890625,0.28162193298339844,0.33759212493896484,0.3663029670715332,0.2987198829650879,0.3345060348510742,0.27859926223754883,0.24463772773742676,0.32778286933898926,0.34513092041015625,0.2850489616394043,0.26053404808044434,0.3533797264099121,0.4265921115875244,0.23237085342407227,0.2699310779571533,0.37447595596313477,0.40111494064331055,0.36171817779541016,0.3619248867034912,0.25839686393737793,0.2402799129486084,0.2617480754852295,0.3706550598144531,0.39713096618652344,0.23545598983764648,0.28246402740478516,0.3085339069366455,0.34919214248657227,0.33182692527770996,0.4379546642303467,0.2966299057006836,0.375471830368042,0.29561305046081543,0.3158247470855713,0.28192687034606934,0.33235931396484375,0.2958250045776367,0.31174707412719727,0.2734818458557129,0.27951478958129883,0.24217009544372559,0.31675100326538086,0.35222315788269043,0.3309330940246582,0.436542272567749,0.3231780529022217,0.4248509407043457,0.25462913513183594,0.5186111927032471,0.293856143951416,0.2557039260864258,0.3458681106567383,0.2568240165710449,0.2826528549194336,0.3734729290008545,0.29476094245910645,0.3584718704223633,0.312791109085083,0.3153657913208008,0.23621702194213867,0.30971813201904297,0.3172719478607178,0.559398889541626,0.37751007080078125,0.3378908634185791,0.2602958679199219,0.3303542137145996,0.29006505012512207,0.3285501003265381,0.33493614196777344,0.45539021492004395,0.3173501491546631,0.28457093238830566,0.2841808795928955,0.2617359161376953,0.2635159492492676,0.23801517486572266,0.22796297073364258,0.2685849666595459,0.30701112747192383,0.39917421340942383,0.2937290668487549
DBLP	GG	0.22065305709838867,0.23075580596923828,0.28325629234313965,0.4694242477416992,0.8528048992156982,0.24752211570739746,0.581179141998291,0.22574067115783691,0.2323770523071289,0.7254250049591064,0.4124486446380615,0.38669419288635254,0.3162388801574707,0.22235417366027832,0.6119048595428467,0.3766160011291504,0.6517472267150879,0.5860130786895752,0.4142332077026367,0.20826101303100586,0.5788359642028809,0.44928407669067383,0.5305690765380859,0.269848108291626,0.5973320007324219,0.5991847515106201,0.7081151008605957,0.2264080047607422,0.4918699264526367,0.3351321220397949,0.3089408874511719,0.3072810173034668,0.2606039047241211,0.23778676986694336,0.4201669692993164,0.22382187843322754,0.4353361129760742,0.23749518394470215,0.32651329040527344,0.887380838394165,0.5611147880554199,0.21116399765014648,0.5594320297241211,0.8421130180358887,0.25512027740478516,0.6962358951568604,0.24646997451782227,0.24341201782226562,0.3303849697113037,0.7842638492584229,0.23170924186706543,0.6439831256866455,0.2235562801361084,0.22828006744384766,0.3449668884277344,0.24692177772521973,0.2308180332183838,0.304595947265625,0.5776751041412354,0.5998258590698242,0.49432826042175293,0.6381597518920898,0.8320102691650391,0.4456648826599121,0.6589658260345459,0.2771179676055908,0.26527881622314453,0.22521090507507324,0.5112109184265137,0.30451202392578125,0.23821687698364258,0.4311649799346924,0.4407639503479004,0.22138500213623047,0.6627469062805176,0.18530488014221191,0.2312939167022705,0.4304807186126709,0.5314629077911377,0.7315678596496582,0.22286272048950195,0.7636361122131348,0.217742919921875,0.40848469734191895,0.23498296737670898,0.7817211151123047,0.378284215927124,0.42018628120422363,0.2150411605834961,0.23369598388671875,0.2769191265106201,0.41825413703918457,0.2973301410675049,1.0600359439849854,0.2155289649963379,0.6402559280395508,0.47292065620422363,0.7582118511199951,0.5462961196899414,0.21211695671081543
DBLP	GG2	0.22065305709838867,0.23075580596923828,0.28325629234313965,0.4694242477416992,0.8528048992156982,0.24752211570739746,0.581179141998291,0.22574067115783691,0.2323770523071289,0.7254250049591064,0.4124486446380615,0.38669419288635254,0.3162388801574707,0.22235417366027832,0.6119048595428467,0.3766160011291504,0.6517472267150879,0.5860130786895752,0.4142332077026367,0.20826101303100586,0.5788359642028809,0.44928407669067383,0.5305690765380859,0.269848108291626,0.5973320007324219,0.5991847515106201,0.7081151008605957,0.2264080047607422,0.4918699264526367,0.3351321220397949,0.3089408874511719,0.3072810173034668,0.2606039047241211,0.23778676986694336,0.4201669692993164,0.22382187843322754,0.4353361129760742,0.23749518394470215,0.32651329040527344,0.887380838394165,0.5611147880554199,0.21116399765014648,0.5594320297241211,0.8421130180358887,0.25512027740478516,0.6962358951568604,0.24646997451782227,0.24341201782226562,0.3303849697113037,0.7842638492584229,0.23170924186706543,0.6439831256866455,0.2235562801361084,0.22828006744384766,0.3449668884277344,0.24692177772521973,0.2308180332183838,0.304595947265625,0.5776751041412354,0.5998258590698242,0.49432826042175293,0.6381597518920898,0.8320102691650391,0.4456648826599121,0.6589658260345459,0.2771179676055908,0.26527881622314453,0.22521090507507324,0.5112109184265137,0.30451202392578125,0.23821687698364258,0.4311649799346924,0.4407639503479004,0.22138500213623047,0.6627469062805176,0.18530488014221191,0.2312939167022705,0.4304807186126709,0.5314629077911377,0.7315678596496582,0.22286272048950195,0.7636361122131348,0.217742919921875,0.40848469734191895,0.23498296737670898,0.7817211151123047,0.378284215927124,0.42018628120422363,0.2150411605834961,0.23369598388671875,0.2769191265106201,0.41825413703918457,0.2973301410675049,1.0600359439849854,0.2155289649963379,0.6402559280395508,0.47292065620422363,0.7582118511199951,0.5462961196899414,0.21211695671081543
EAT	GEE	0.0028150081634521484,0.0029277801513671875,0.002824068069458008,0.0030379295349121094,0.003007173538208008,0.0027861595153808594,0.0029671192169189453,0.003439188003540039,0.002805948257446289,0.002949237823486328,0.0029108524322509766,0.0029299259185791016,0.0031070709228515625,0.0030930042266845703,0.0029060840606689453,0.0029311180114746094,0.002960205078125,0.0028657913208007812,0.003129243850708008,0.002988100051879883,0.0028159618377685547,0.0031249523162841797,0.0029180049896240234,0.0028543472290039062,0.0028579235076904297,0.0028879642486572266,0.0028908252716064453,0.0028531551361083984,0.002990245819091797,0.0031218528747558594,0.003306865692138672,0.0030112266540527344,0.0031251907348632812,0.003092050552368164,0.003042936325073242,0.0029370784759521484,0.0029609203338623047,0.0029649734497070312,0.002904176712036133,0.0031180381774902344,0.0030851364135742188,0.002949953079223633,0.0028989315032958984,0.002974987030029297,0.0028858184814453125,0.003612041473388672,0.003015756607055664,0.0030107498168945312,0.0029180049896240234,0.002938985824584961,0.002862215042114258,0.002991914749145508,0.0030889511108398438,0.002894163131713867,0.0028839111328125,0.0029833316802978516,0.0028450489044189453,0.0029811859130859375,0.002928018569946289,0.0029859542846679688,0.003426790237426758,0.0029430389404296875,0.002816915512084961,0.0031998157501220703,0.0029811859130859375,0.0034780502319335938,0.002937793731689453,0.0029706954956054688,0.003262042999267578,0.0029439926147460938,0.002849102020263672,0.0031261444091796875,0.003154754638671875,0.0029387474060058594,0.002917766571044922,0.002930164337158203,0.002930879592895508,0.003284931182861328,0.002834320068359375,0.002990245819091797,0.002897977828979492,0.0033850669860839844,0.0028138160705566406,0.0029709339141845703,0.002771139144897461,0.003117084503173828,0.002866029739379883,0.00279998779296875,0.002972126007080078,0.0029680728912353516,0.002871990203857422,0.003025054931640625,0.0028982162475585938,0.0028569698333740234,0.0029268264770507812,0.0029060840606689453,0.003165006637573242,0.002864837646484375,0.0029540061950683594,0.0029299259185791016
EAT	GNN	0.2079308032989502,0.26499414443969727,0.27671194076538086,0.25206708908081055,0.2551727294921875,0.17674612998962402,0.17384099960327148,0.3087499141693115,0.2935359477996826,0.236602783203125,0.16715717315673828,0.17497515678405762,0.15711092948913574,0.16932916641235352,0.17969298362731934,0.2428281307220459,0.17398285865783691,0.3792600631713867,0.16752910614013672,0.17618083953857422,0.28560400009155273,0.27309298515319824,0.30028486251831055,0.20943379402160645,0.23694491386413574,0.14551186561584473,0.17641496658325195,0.2033977508544922,0.3793618679046631,0.23075103759765625,0.2789919376373291,0.19316816329956055,0.1688990592956543,0.1601557731628418,0.19525504112243652,0.3996868133544922,0.18057680130004883,0.17914128303527832,0.22467899322509766,0.1887218952178955,0.1862201690673828,0.18144893646240234,0.31819891929626465,0.37848496437072754,0.1516261100769043,0.28351378440856934,0.17685484886169434,0.2759969234466553,0.16887617111206055,0.17263388633728027,0.17072105407714844,0.2921290397644043,0.3547861576080322,0.1760120391845703,0.38396120071411133,0.2695930004119873,0.16393613815307617,0.1746211051940918,0.16880226135253906,0.17218804359436035,0.16576886177062988,0.19514703750610352,0.19505095481872559,0.2170698642730713,0.3135659694671631,0.1628711223602295,0.18044114112854004,0.3262519836425781,0.3147881031036377,0.17745208740234375,0.29117703437805176,0.1840221881866455,0.3017258644104004,0.19196701049804688,0.1685950756072998,0.22906899452209473,0.16950035095214844,0.16697096824645996,0.35517382621765137,0.19421601295471191,0.18339896202087402,0.3372061252593994,0.1808629035949707,0.254227876663208,0.3228929042816162,0.15183305740356445,0.17804408073425293,0.3025946617126465,0.21803903579711914,0.24103426933288574,0.3654289245605469,0.18566608428955078,0.2510521411895752,0.2945067882537842,0.16941285133361816,0.1648099422454834,0.2043907642364502,0.16954994201660156,0.3512241840362549,0.1728510856628418
EAT	GG	0.38475513458251953,0.17229104042053223,0.2704298496246338,0.22980618476867676,0.16411089897155762,0.17600607872009277,0.1389620304107666,0.16484713554382324,0.19832491874694824,0.3231379985809326,0.13953804969787598,0.2898709774017334,0.23502898216247559,0.1692037582397461,0.17464900016784668,0.2669341564178467,0.16961407661437988,0.1447591781616211,0.1642160415649414,0.16365718841552734,0.2802422046661377,0.2923929691314697,0.2428131103515625,0.20775675773620605,0.16182398796081543,0.3120079040527344,0.2357771396636963,0.2561202049255371,0.2658090591430664,0.18698811531066895,0.2088027000427246,0.14104890823364258,0.2683260440826416,0.18583893775939941,0.1864309310913086,0.23401308059692383,0.2181079387664795,0.20958423614501953,0.27055835723876953,0.20488595962524414,0.1686251163482666,0.19376683235168457,0.17098426818847656,0.17802786827087402,0.19867396354675293,0.24694204330444336,0.2724320888519287,0.1669478416442871,0.18417787551879883,0.27430105209350586,0.25391578674316406,0.13891983032226562,0.19587087631225586,0.22075581550598145,0.24320006370544434,0.17899179458618164,0.24969196319580078,0.2454690933227539,0.18568921089172363,0.14763307571411133,0.17580103874206543,0.17029976844787598,0.15711474418640137,0.32042598724365234,0.15631985664367676,0.18795514106750488,0.2002410888671875,0.20565104484558105,0.33785128593444824,0.24482393264770508,0.19698715209960938,0.2789037227630615,0.22176194190979004,0.18016290664672852,0.23633527755737305,0.22738194465637207,0.14495110511779785,0.19748568534851074,0.179365873336792,0.22139310836791992,0.20680689811706543,0.33494114875793457,0.2661728858947754,0.16759085655212402,0.17827510833740234,0.16558599472045898,0.18430519104003906,0.4167659282684326,0.3131251335144043,0.17090106010437012,0.13716983795166016,0.33103108406066895,0.1763157844543457,0.17540812492370605,0.19783592224121094,0.13765192031860352,0.3045082092285156,0.29794812202453613,0.44888877868652344,0.16724801063537598
EAT	GG2	0.38475513458251953,0.17229104042053223,0.2704298496246338,0.22980618476867676,0.16411089897155762,0.17600607872009277,0.1389620304107666,0.16484713554382324,0.19832491874694824,0.3231379985809326,0.13953804969787598,0.2898709774017334,0.23502898216247559,0.1692037582397461,0.17464900016784668,0.2669341564178467,0.16961407661437988,0.1447591781616211,0.1642160415649414,0.16365718841552734,0.2802422046661377,0.2923929691314697,0.2428131103515625,0.20775675773620605,0.16182398796081543,0.3120079040527344,0.2357771396636963,0.2561202049255371,0.2658090591430664,0.18698811531066895,0.2088027000427246,0.14104890823364258,0.2683260440826416,0.18583893775939941,0.1864309310913086,0.23401308059692383,0.2181079387664795,0.20958423614501953,0.27055835723876953,0.20488595962524414,0.1686251163482666,0.19376683235168457,0.17098426818847656,0.17802786827087402,0.19867396354675293,0.24694204330444336,0.2724320888519287,0.1669478416442871,0.18417787551879883,0.27430105209350586,0.25391578674316406,0.13891983032226562,0.19587087631225586,0.22075581550598145,0.24320006370544434,0.17899179458618164,0.24969196319580078,0.2454690933227539,0.18568921089172363,0.14763307571411133,0.17580103874206543,0.17029976844787598,0.15711474418640137,0.32042598724365234,0.15631985664367676,0.18795514106750488,0.2002410888671875,0.20565104484558105,0.33785128593444824,0.24482393264770508,0.19698715209960938,0.2789037227630615,0.22176194190979004,0.18016290664672852,0.23633527755737305,0.22738194465637207,0.14495110511779785,0.19748568534851074,0.179365873336792,0.22139310836791992,0.20680689811706543,0.33494114875793457,0.2661728858947754,0.16759085655212402,0.17827510833740234,0.16558599472045898,0.18430519104003906,0.4167659282684326,0.3131251335144043,0.17090106010437012,0.13716983795166016,0.33103108406066895,0.1763157844543457,0.17540812492370605,0.19783592224121094,0.13765192031860352,0.3045082092285156,0.29794812202453613,0.44888877868652344,0.16724801063537598
UAT	GEE	0.0065271854400634766,0.006585836410522461,0.006640195846557617,0.0062351226806640625,0.0061798095703125,0.00651860237121582,0.007668018341064453,0.006348133087158203,0.0061511993408203125,0.006299018859863281,0.006460905075073242,0.006693840026855469,0.006420135498046875,0.00619816780090332,0.006162881851196289,0.006589174270629883,0.006376981735229492,0.006356954574584961,0.006412982940673828,0.00671696662902832,0.006824016571044922,0.006175994873046875,0.006241798400878906,0.0060651302337646484,0.006676197052001953,0.006670951843261719,0.006256818771362305,0.006286144256591797,0.006494045257568359,0.006752967834472656,0.006382942199707031,0.006391048431396484,0.006520748138427734,0.006162881851196289,0.0066928863525390625,0.006792306900024414,0.007353067398071289,0.007155895233154297,0.007178068161010742,0.007336139678955078,0.0073337554931640625,0.007127046585083008,0.007351875305175781,0.007896900177001953,0.007725954055786133,0.0074880123138427734,0.007781267166137695,0.007526874542236328,0.007408857345581055,0.007562875747680664,0.0078008174896240234,0.0083770751953125,0.00793004035949707,0.007432222366333008,0.0075511932373046875,0.007937908172607422,0.007558107376098633,0.007651090621948242,0.0072977542877197266,0.007368326187133789,0.0075190067291259766,0.007844924926757812,0.0076830387115478516,0.007815122604370117,0.00728607177734375,0.008073091506958008,0.007336854934692383,0.007318973541259766,0.0076029300689697266,0.007330179214477539,0.007502079010009766,0.00810694694519043,0.007639169692993164,0.007586002349853516,0.007492780685424805,0.007357120513916016,0.007710933685302734,0.007728099822998047,0.007544040679931641,0.007486104965209961,0.007714033126831055,0.00792694091796875,0.007687091827392578,0.007647037506103516,0.007651090621948242,0.007210969924926758,0.007536888122558594,0.00734400749206543,0.007776021957397461,0.007606029510498047,0.007436037063598633,0.007501125335693359,0.0072629451751708984,0.0075168609619140625,0.0074918270111083984,0.006763935089111328,0.006905078887939453,0.0071980953216552734,0.007423877716064453,0.00760197639465332
UAT	GNN	0.4100637435913086,0.4898030757904053,0.2946500778198242,0.35992884635925293,0.33139705657958984,0.3475480079650879,0.7684280872344971,0.37816810607910156,0.3403439521789551,0.35440707206726074,0.39278602600097656,0.5636701583862305,0.3640120029449463,0.617743968963623,0.2644810676574707,0.42295408248901367,0.4375319480895996,0.5177109241485596,0.4398379325866699,0.37398409843444824,0.3621540069580078,0.3196399211883545,0.6974689960479736,0.2585420608520508,0.39452624320983887,0.29221320152282715,0.3162240982055664,0.38616204261779785,0.3606243133544922,0.3941829204559326,0.35017967224121094,0.3675498962402344,0.2590608596801758,0.34963417053222656,0.4001350402832031,0.5597312450408936,0.36327123641967773,0.3927299976348877,0.5422720909118652,0.27732300758361816,0.8337337970733643,0.3178989887237549,0.36800408363342285,0.24453091621398926,0.6654961109161377,0.4225311279296875,0.37058520317077637,0.390826940536499,0.33814406394958496,0.43929600715637207,0.35615110397338867,0.4007408618927002,0.43358492851257324,0.2998650074005127,0.5232398509979248,0.3432440757751465,0.4658927917480469,0.3823268413543701,0.24893522262573242,0.4219181537628174,0.3944540023803711,0.2836642265319824,0.554157018661499,0.3604621887207031,0.4228229522705078,0.2957332134246826,0.27210092544555664,0.48142433166503906,0.4345250129699707,0.2842271327972412,0.3698909282684326,0.44678497314453125,0.31006574630737305,0.5098581314086914,0.3287227153778076,0.3543212413787842,0.378267765045166,0.5823769569396973,0.5604691505432129,0.3792858123779297,0.2531249523162842,0.33077096939086914,0.28526997566223145,0.459226131439209,0.6690969467163086,0.26985692977905273,0.26116108894348145,0.3176121711730957,0.3357081413269043,0.413316011428833,0.4737420082092285,0.3171682357788086,0.4067411422729492,0.46157383918762207,0.4108569622039795,0.2984440326690674,0.24742484092712402,0.5476388931274414,0.2738678455352783,0.6722838878631592
UAT	GG	0.6022729873657227,0.27924394607543945,0.23024606704711914,0.29973387718200684,0.3236358165740967,0.3326230049133301,0.5775277614593506,0.24753093719482422,0.27820611000061035,0.3864271640777588,0.2333688735961914,0.4062530994415283,0.2342231273651123,0.2368178367614746,0.6251170635223389,0.336071252822876,0.3966999053955078,0.6096892356872559,0.2372291088104248,0.2900230884552002,0.22934412956237793,0.47336912155151367,0.5944938659667969,0.3833889961242676,0.23249483108520508,0.45661211013793945,0.36453723907470703,0.4562828540802002,0.7315759658813477,0.579951286315918,0.4643290042877197,0.680088996887207,0.22974109649658203,0.2496480941772461,0.22720885276794434,0.9343831539154053,0.60788893699646,0.3425920009613037,0.24912309646606445,0.54886794090271,0.6604647636413574,0.30748701095581055,0.4196650981903076,0.2481858730316162,0.5162761211395264,0.38573193550109863,0.8048710823059082,0.2533400058746338,0.39102697372436523,0.30539631843566895,0.5251610279083252,0.6005280017852783,0.3351449966430664,0.7012128829956055,0.44069671630859375,0.28248095512390137,0.5353598594665527,1.0630998611450195,0.3936009407043457,0.6893081665039062,0.28530311584472656,0.6541597843170166,0.5657119750976562,0.43021488189697266,0.29292893409729004,0.6075222492218018,0.8580911159515381,0.5313820838928223,0.639876127243042,0.6117050647735596,0.7833652496337891,0.4936509132385254,0.33533191680908203,0.3278210163116455,0.3073079586029053,0.29990124702453613,0.25272393226623535,0.2531449794769287,0.2727510929107666,0.28685498237609863,0.25401902198791504,0.6411309242248535,0.2531750202178955,0.2414708137512207,0.8032162189483643,0.36347413063049316,0.5556559562683105,0.4522700309753418,0.3529651165008545,0.4129629135131836,0.4223902225494385,0.7165398597717285,0.25008392333984375,0.2792391777038574,0.3012399673461914,0.3415811061859131,0.765704870223999,0.4194357395172119,0.7924032211303711,0.48983311653137207
UAT	GG2	0.6022729873657227,0.27924394607543945,0.23024606704711914,0.29973387718200684,0.3236358165740967,0.3326230049133301,0.5775277614593506,0.24753093719482422,0.27820611000061035,0.3864271640777588,0.2333688735961914,0.4062530994415283,0.2342231273651123,0.2368178367614746,0.6251170635223389,0.336071252822876,0.3966999053955078,0.6096892356872559,0.2372291088104248,0.2900230884552002,0.22934412956237793,0.47336912155151367,0.5944938659667969,0.3833889961242676,0.23249483108520508,0.45661211013793945,0.36453723907470703,0.4562828540802002,0.7315759658813477,0.579951286315918,0.4643290042877197,0.680088996887207,0.22974109649658203,0.2496480941772461,0.22720885276794434,0.9343831539154053,0.60788893699646,0.3425920009613037,0.24912309646606445,0.54886794090271,0.6604647636413574,0.30748701095581055,0.4196650981903076,0.2481858730316162,0.5162761211395264,0.38573193550109863,0.8048710823059082,0.2533400058746338,0.39102697372436523,0.30539631843566895,0.5251610279083252,0.6005280017852783,0.3351449966430664,0.7012128829956055,0.44069671630859375,0.28248095512390137,0.5353598594665527,1.0630998611450195,0.3936009407043457,0.6893081665039062,0.28530311584472656,0.6541597843170166,0.5657119750976562,0.43021488189697266,0.29292893409729004,0.6075222492218018,0.8580911159515381,0.5313820838928223,0.639876127243042,0.6117050647735596,0.7833652496337891,0.4936509132385254,0.33533191680908203,0.3278210163116455,0.3073079586029053,0.29990124702453613,0.25272393226623535,0.2531449794769287,0.2727510929107666,0.28685498237609863,0.25401902198791504,0.6411309242248535,0.2531750202178955,0.2414708137512207,0.8032162189483643,0.36347413063049316,0.5556559562683105,0.4522700309753418,0.3529651165008545,0.4129629135131836,0.4223902225494385,0.7165398597717285,0.25008392333984375,0.2792391777038574,0.3012399673461914,0.3415811061859131,0.765704870223999,0.4194357395172119,0.7924032211303711,0.48983311653137207
Wiki	GEE	0.008458852767944336,0.009373188018798828,0.009260177612304688,0.009331941604614258,0.00963592529296875,0.009256124496459961,0.018795013427734375,0.009222030639648438,0.009402990341186523,0.009575128555297852,0.009251117706298828,0.009528160095214844,0.009165763854980469,0.009997129440307617,0.009190082550048828,0.009207010269165039,0.009121179580688477,0.009586095809936523,0.009320259094238281,0.010343074798583984,0.009212017059326172,0.010174036026000977,0.010698080062866211,0.009824991226196289,0.0092010498046875,0.00931096076965332,0.009254932403564453,0.009851217269897461,0.010115623474121094,0.010148286819458008,0.009498119354248047,0.012102842330932617,0.00947117805480957,0.009173870086669922,0.00960087776184082,0.00934290885925293,0.009743213653564453,0.011357784271240234,0.009325027465820312,0.009593725204467773,0.009279012680053711,0.009162425994873047,0.009544134140014648,0.009796857833862305,0.009544134140014648,0.00954580307006836,0.009932994842529297,0.009456157684326172,0.009492158889770508,0.009601593017578125,0.01165008544921875,0.009315013885498047,0.009469985961914062,0.009082794189453125,0.009802818298339844,0.009325027465820312,0.009627103805541992,0.010304927825927734,0.009351968765258789,0.009824037551879883,0.009664058685302734,0.009455204010009766,0.009426355361938477,0.010330915451049805,0.009670257568359375,0.010706901550292969,0.009157180786132812,0.009316205978393555,0.009418964385986328,0.00927281379699707,0.009126901626586914,0.00917196273803711,0.009611129760742188,0.009303092956542969,0.009540081024169922,0.009551763534545898,0.00943899154663086,0.01342010498046875,0.009315252304077148,0.010015010833740234,0.00933384895324707,0.009405851364135742,0.009671926498413086,0.009441852569580078,0.009217977523803711,0.009181976318359375,0.009251832962036133,0.009317874908447266,0.00923299789428711,0.009647130966186523,0.00983119010925293,0.009108304977416992,0.009362936019897461,0.009077072143554688,0.009485006332397461,0.009132623672485352,0.00938105583190918,0.009535074234008789,0.009337186813354492,0.009647130966186523
Wiki	GNN	1.1334080696105957,0.6010427474975586,0.9855349063873291,0.8923070430755615,0.6933848857879639,1.1579668521881104,0.5845949649810791,1.1563348770141602,1.0154881477355957,0.6483991146087646,0.6843180656433105,0.9162180423736572,0.9620547294616699,0.7546260356903076,0.7922279834747314,0.6037018299102783,0.8470821380615234,0.6068320274353027,0.9846184253692627,0.7860510349273682,1.5903959274291992,0.5968508720397949,0.6496860980987549,0.926429033279419,0.6531939506530762,0.7275891304016113,1.5498030185699463,0.8496878147125244,0.7154679298400879,1.321180820465088,0.6930041313171387,0.6702451705932617,0.5999500751495361,0.6160268783569336,1.6545650959014893,0.5774109363555908,1.5329289436340332,1.0634241104125977,1.126889944076538,1.1112589836120605,1.0870630741119385,0.655940055847168,1.5281200408935547,0.6642677783966064,0.9886069297790527,0.5711379051208496,0.9277880191802979,0.638606071472168,0.6908679008483887,1.0334508419036865,0.5904707908630371,0.8948800563812256,0.868988037109375,0.6584410667419434,0.6443901062011719,0.6419081687927246,0.6302530765533447,0.5675339698791504,0.9814620018005371,0.59745192527771,0.635221004486084,0.5581068992614746,0.7321197986602783,0.7569737434387207,0.9047160148620605,1.2581238746643066,0.6962928771972656,0.7704308032989502,0.5914549827575684,1.55617094039917,0.9118940830230713,0.6164159774780273,0.8571760654449463,0.9519448280334473,0.5532138347625732,0.5917308330535889,0.602229118347168,0.7122397422790527,0.7870309352874756,0.6263489723205566,1.035079002380371,1.374460220336914,0.7725298404693604,1.489480972290039,1.4757721424102783,0.988745927810669,0.566990852355957,0.6517641544342041,0.5551097393035889,0.7813670635223389,0.866020917892456,1.4205119609832764,0.6560757160186768,0.6242740154266357,0.5820889472961426,0.6590011119842529,0.613950252532959,0.9987318515777588,0.5798993110656738,1.1386737823486328
Wiki	GG	0.6838212013244629,1.009861946105957,1.2538039684295654,0.8456230163574219,1.004361867904663,0.9557549953460693,0.636214017868042,0.8647270202636719,0.7722251415252686,1.118340253829956,0.9903829097747803,0.8785221576690674,0.7547438144683838,1.0466864109039307,0.5389280319213867,0.8535938262939453,0.6038739681243896,0.980942964553833,1.1821820735931396,1.0416240692138672,0.9023098945617676,0.7110140323638916,0.7794077396392822,0.8827269077301025,0.5581381320953369,0.9078588485717773,0.9278149604797363,1.538815975189209,1.2538821697235107,0.7071270942687988,0.9846570491790771,0.5536458492279053,0.725592851638794,0.647197961807251,0.9283368587493896,1.1119019985198975,0.6461021900177002,0.8028950691223145,0.7787861824035645,0.8036861419677734,0.7580749988555908,0.9027750492095947,0.9549229145050049,1.354233741760254,0.8926801681518555,0.6898918151855469,0.8243577480316162,0.9484779834747314,1.379807949066162,1.2536671161651611,0.8874478340148926,0.6988499164581299,1.105029821395874,0.785254955291748,0.5447187423706055,0.5881571769714355,0.9484829902648926,0.6122958660125732,0.9008071422576904,1.0493378639221191,0.4968838691711426,0.9792759418487549,0.7016708850860596,0.5454659461975098,0.9469709396362305,0.8563549518585205,0.8421258926391602,1.5557692050933838,0.7685372829437256,1.1588811874389648,1.0810868740081787,0.5378408432006836,0.8270721435546875,0.9625699520111084,1.239090919494629,1.2700581550598145,0.8711080551147461,0.6225941181182861,1.0790321826934814,1.1557660102844238,0.8481640815734863,0.8640949726104736,0.8181140422821045,0.7239079475402832,1.2074201107025146,0.7908267974853516,1.1109859943389893,0.8442239761352539,0.7387809753417969,0.9692549705505371,1.4181318283081055,0.8333587646484375,1.1732630729675293,1.44053316116333,0.6215088367462158,1.203272819519043,1.0662431716918945,0.7989721298217773,0.7184510231018066,0.9849550724029541
Wiki	GG2	0.6838212013244629,1.009861946105957,1.2538039684295654,0.8456230163574219,1.004361867904663,0.9557549953460693,0.636214017868042,0.8647270202636719,0.7722251415252686,1.118340253829956,0.9903829097747803,0.8785221576690674,0.7547438144683838,1.0466864109039307,0.5389280319213867,0.8535938262939453,0.6038739681243896,0.980942964553833,1.1821820735931396,1.0416240692138672,0.9023098945617676,0.7110140323638916,0.7794077396392822,0.8827269077301025,0.5581381320953369,0.9078588485717773,0.9278149604797363,1.538815975189209,1.2538821697235107,0.7071270942687988,0.9846570491790771,0.5536458492279053,0.725592851638794,0.647197961807251,0.9283368587493896,1.1119019985198975,0.6461021900177002,0.8028950691223145,0.7787861824035645,0.8036861419677734,0.7580749988555908,0.9027750492095947,0.9549229145050049,1.354233741760254,0.8926801681518555,0.6898918151855469,0.8243577480316162,0.9484779834747314,1.379807949066162,1.2536671161651611,0.8874478340148926,0.6988499164581299,1.105029821395874,0.785254955291748,0.5447187423706055,0.5881571769714355,0.9484829902648926,0.6122958660125732,0.9008071422576904,1.0493378639221191,0.4968838691711426,0.9792759418487549,0.7016708850860596,0.5454659461975098,0.9469709396362305,0.8563549518585205,0.8421258926391602,1.5557692050933838,0.7685372829437256,1.1588811874389648,1.0810868740081787,0.5378408432006836,0.8270721435546875,0.9625699520111084,1.239090919494629,1.2700581550598145,0.8711080551147461,0.6225941181182861,1.0790321826934814,1.1557660102844238,0.8481640815734863,0.8640949726104736,0.8181140422821045,0.7239079475402832,1.2074201107025146,0.7908267974853516,1.1109859943389893,0.8442239761352539,0.7387809753417969,0.9692549705505371,1.4181318283081055,0.8333587646484375,1.1732630729675293,1.44053316116333,0.6215088367462158,1.203272819519043,1.0662431716918945,0.7989721298217773,0.7184510231018066,0.9849550724029541
Gene	GEE	0.001107931137084961,0.0010356903076171875,0.0010478496551513672,0.0010068416595458984,0.0010311603546142578,0.0010290145874023438,0.0010149478912353516,0.0010576248168945312,0.0010097026824951172,0.0010218620300292969,0.0010290145874023438,0.0010259151458740234,0.0010008811950683594,0.0009868144989013672,0.0009789466857910156,0.0009622573852539062,0.001009225845336914,0.0009639263153076172,0.0010929107666015625,0.0009658336639404297,0.0009930133819580078,0.000965118408203125,0.0010592937469482422,0.0009768009185791016,0.0010619163513183594,0.0009839534759521484,0.0009610652923583984,0.0011219978332519531,0.0010709762573242188,0.0010800361633300781,0.0010640621185302734,0.0010380744934082031,0.0010631084442138672,0.0010700225830078125,0.001068115234375,0.0010302066802978516,0.0010788440704345703,0.0010287761688232422,0.000993967056274414,0.0010831356048583984,0.0010149478912353516,0.0010330677032470703,0.0010449886322021484,0.0010530948638916016,0.001049041748046875,0.0010502338409423828,0.0010709762573242188,0.0009849071502685547,0.0010929107666015625,0.001016855239868164,0.0010340213775634766,0.0012328624725341797,0.0009832382202148438,0.0010542869567871094,0.001043081283569336,0.001046895980834961,0.0010318756103515625,0.0010528564453125,0.001024007797241211,0.0010519027709960938,0.0010530948638916016,0.0010619163513183594,0.000990152359008789,0.0009741783142089844,0.0010139942169189453,0.001027822494506836,0.0010230541229248047,0.0010769367218017578,0.0012052059173583984,0.0010077953338623047,0.0009951591491699219,0.0010180473327636719,0.0010569095611572266,0.0009930133819580078,0.0010330677032470703,0.0010340213775634766,0.0011057853698730469,0.0010230541229248047,0.0009961128234863281,0.0009918212890625,0.0010218620300292969,0.0009500980377197266,0.0009679794311523438,0.0010459423065185547,0.001043081283569336,0.0010008811950683594,0.000982046127319336,0.0010039806365966797,0.0009949207305908203,0.0010449886322021484,0.0009682178497314453,0.0009717941284179688,0.0009737014770507812,0.0010161399841308594,0.0011322498321533203,0.0009353160858154297,0.0011439323425292969,0.0010581016540527344,0.0010199546813964844,0.0011739730834960938
Gene	GNN	0.28189802169799805,0.1929631233215332,0.14272093772888184,0.18430185317993164,0.15167522430419922,0.169722318649292,0.2245039939880371,0.39783596992492676,0.1611931324005127,0.19745397567749023,0.1093297004699707,0.18037986755371094,0.23414826393127441,0.21968889236450195,0.11918187141418457,0.23241877555847168,0.1601259708404541,0.19353008270263672,0.1913599967956543,0.1842641830444336,0.17507076263427734,0.18340301513671875,0.17438292503356934,0.13854622840881348,0.19693827629089355,0.1753978729248047,0.3044428825378418,0.23481106758117676,0.17316770553588867,0.20380091667175293,0.1851358413696289,0.29335689544677734,0.15142512321472168,0.27690982818603516,0.24067997932434082,0.14899301528930664,0.14290380477905273,0.20231103897094727,0.3035547733306885,0.20651817321777344,0.21932220458984375,0.11767125129699707,0.19495797157287598,0.20921707153320312,0.14315199851989746,0.1632401943206787,0.15807008743286133,0.18559598922729492,0.15490293502807617,0.22205114364624023,0.15430402755737305,0.22446680068969727,0.16750502586364746,0.23282718658447266,0.14705491065979004,0.14244818687438965,0.21149516105651855,0.20261502265930176,0.17622709274291992,0.2612898349761963,0.19817876815795898,0.2627577781677246,0.2028510570526123,0.22494173049926758,0.16936182975769043,0.14992523193359375,0.15580010414123535,0.21533203125,0.20317316055297852,0.14437103271484375,0.3079359531402588,0.1532900333404541,0.26026272773742676,0.21865296363830566,0.18854498863220215,0.17792105674743652,0.1588730812072754,0.15374302864074707,0.19427704811096191,0.24947404861450195,0.1962890625,0.23741483688354492,0.18630194664001465,0.13474607467651367,0.11900496482849121,0.1807560920715332,0.25563693046569824,0.18649601936340332,0.15380001068115234,0.14998888969421387,0.27126598358154297,0.25330567359924316,0.13988709449768066,0.16704607009887695,0.1209259033203125,0.2135629653930664,0.3042280673980713,0.1488499641418457,0.1775960922241211,0.21761393547058105
Gene	GG	0.1144719123840332,0.19982481002807617,0.11523795127868652,0.13589978218078613,0.10704183578491211,0.23831391334533691,0.14293289184570312,0.15320515632629395,0.13846826553344727,0.13670921325683594,0.1468799114227295,0.2116107940673828,0.14637517929077148,0.20874309539794922,0.13191604614257812,0.13866925239562988,0.10627102851867676,0.2522258758544922,0.14432406425476074,0.11095094680786133,0.13634300231933594,0.11144495010375977,0.1347498893737793,0.13086605072021484,0.13650989532470703,0.1079108715057373,0.10821008682250977,0.14155316352844238,0.15014982223510742,0.10732579231262207,0.14613986015319824,0.13086915016174316,0.20249223709106445,0.32822084426879883,0.22009992599487305,0.13806819915771484,0.13352489471435547,0.10675978660583496,0.1323390007019043,0.1338028907775879,0.14357519149780273,0.13376498222351074,0.15017414093017578,0.1159658432006836,0.13560867309570312,0.30762314796447754,0.10908269882202148,0.13888287544250488,0.10831809043884277,0.13676190376281738,0.10811400413513184,0.1349499225616455,0.10657310485839844,0.1435377597808838,0.11639094352722168,0.15338993072509766,0.22356820106506348,0.26636219024658203,0.13689708709716797,0.5720672607421875,0.12013387680053711,0.10753488540649414,0.13886594772338867,0.13626813888549805,0.11562967300415039,0.2836880683898926,0.1484067440032959,0.10886025428771973,0.13465213775634766,0.10955023765563965,0.1087641716003418,0.2844882011413574,0.4046759605407715,0.20931005477905273,0.23068594932556152,0.12335014343261719,0.18271708488464355,0.10866999626159668,0.14029502868652344,0.13631916046142578,0.10714411735534668,0.13394904136657715,0.25088000297546387,0.14101290702819824,0.13752102851867676,0.20491409301757812,0.13602900505065918,0.1095268726348877,0.13136911392211914,0.1387641429901123,0.14564085006713867,0.13548803329467773,0.10821294784545898,0.1370558738708496,0.1372380256652832,0.1156160831451416,0.12528276443481445,0.16745805740356445,0.13763713836669922,0.1067352294921875
Gene	GG2	0.1144719123840332,0.19982481002807617,0.11523795127868652,0.13589978218078613,0.10704183578491211,0.23831391334533691,0.14293289184570312,0.15320515632629395,0.13846826553344727,0.13670921325683594,0.1468799114227295,0.2116107940673828,0.14637517929077148,0.20874309539794922,0.13191604614257812,0.13866925239562988,0.10627102851867676,0.2522258758544922,0.14432406425476074,0.11095094680786133,0.13634300231933594,0.11144495010375977,0.1347498893737793,0.13086605072021484,0.13650989532470703,0.1079108715057373,0.10821008682250977,0.14155316352844238,0.15014982223510742,0.10732579231262207,0.14613986015319824,0.13086915016174316,0.20249223709106445,0.32822084426879883,0.22009992599487305,0.13806819915771484,0.13352489471435547,0.10675978660583496,0.1323390007019043,0.1338028907775879,0.14357519149780273,0.13376498222351074,0.15017414093017578,0.1159658432006836,0.13560867309570312,0.30762314796447754,0.10908269882202148,0.13888287544250488,0.10831809043884277,0.13676190376281738,0.10811400413513184,0.1349499225616455,0.10657310485839844,0.1435377597808838,0.11639094352722168,0.15338993072509766,0.22356820106506348,0.26636219024658203,0.13689708709716797,0.5720672607421875,0.12013387680053711,0.10753488540649414,0.13886594772338867,0.13626813888549805,0.11562967300415039,0.2836880683898926,0.1484067440032959,0.10886025428771973,0.13465213775634766,0.10955023765563965,0.1087641716003418,0.2844882011413574,0.4046759605407715,0.20931005477905273,0.23068594932556152,0.12335014343261719,0.18271708488464355,0.10866999626159668,0.14029502868652344,0.13631916046142578,0.10714411735534668,0.13394904136657715,0.25088000297546387,0.14101290702819824,0.13752102851867676,0.20491409301757812,0.13602900505065918,0.1095268726348877,0.13136911392211914,0.1387641429901123,0.14564085006713867,0.13548803329467773,0.10821294784545898,0.1370558738708496,0.1372380256652832,0.1156160831451416,0.12528276443481445,0.16745805740356445,0.13763713836669922,0.1067352294921875
IIP	GEE	0.00036835670471191406,0.00042319297790527344,0.00037217140197753906,0.0003819465637207031,0.00036025047302246094,0.00037598609924316406,0.00039505958557128906,0.0003509521484375,0.00033473968505859375,0.0003631114959716797,0.00044989585876464844,0.00037097930908203125,0.0004069805145263672,0.0003631114959716797,0.00040602684020996094,0.0003459453582763672,0.000354766845703125,0.0003998279571533203,0.00040912628173828125,0.0003631114959716797,0.00038313865661621094,0.0003840923309326172,0.000354766845703125,0.0003609657287597656,0.00037598609924316406,0.0004279613494873047,0.0003635883331298828,0.0003669261932373047,0.00037360191345214844,0.00038695335388183594,0.0003712177276611328,0.0003552436828613281,0.000370025634765625,0.0003838539123535156,0.0003829002380371094,0.0003948211669921875,0.0003561973571777344,0.0004191398620605469,0.00036215782165527344,0.0003509521484375,0.0003521442413330078,0.0004000663757324219,0.0003628730773925781,0.00038814544677734375,0.0003540515899658203,0.00036907196044921875,0.00042700767517089844,0.00037598609924316406,0.00037980079650878906,0.000396728515625,0.00041604042053222656,0.000347137451171875,0.0003521442413330078,0.00035309791564941406,0.00036406517028808594,0.0003483295440673828,0.0004100799560546875,0.0003540515899658203,0.00036978721618652344,0.00035572052001953125,0.0003650188446044922,0.0003540515899658203,0.0003581047058105469,0.0003800392150878906,0.0003490447998046875,0.00041794776916503906,0.0003750324249267578,0.0003750324249267578,0.0004050731658935547,0.00037407875061035156,0.0003609657287597656,0.00035262107849121094,0.0003762245178222656,0.0003609657287597656,0.0003879070281982422,0.00037288665771484375,0.0003972053527832031,0.0003771781921386719,0.00035691261291503906,0.0003676414489746094,0.0004119873046875,0.00043392181396484375,0.0003981590270996094,0.0003681182861328125,0.0003662109375,0.0003647804260253906,0.00033783912658691406,0.00042128562927246094,0.00036716461181640625,0.0003490447998046875,0.00037097930908203125,0.0003731250762939453,0.00036597251892089844,0.0003666877746582031,0.00040602684020996094,0.00037097930908203125,0.0003750324249267578,0.00038123130798339844,0.0003948211669921875,0.0003840923309326172
IIP	GNN	0.13672590255737305,0.13396883010864258,0.09360814094543457,0.16401100158691406,0.1170358657836914,0.09031891822814941,0.12067508697509766,0.15718603134155273,0.11559605598449707,0.120330810546875,0.12295985221862793,0.11592483520507812,0.18889880180358887,0.11660504341125488,0.11738014221191406,0.16699814796447754,0.13735079765319824,0.13676095008850098,0.09836578369140625,0.11770200729370117,0.09434819221496582,0.10929679870605469,0.12863993644714355,0.13159680366516113,0.15990996360778809,0.12720084190368652,0.12428116798400879,0.09825801849365234,0.22581100463867188,0.1390531063079834,0.14143109321594238,0.15268301963806152,0.136199951171875,0.11363911628723145,0.12901902198791504,0.14577412605285645,0.0937192440032959,0.10794496536254883,0.1057898998260498,0.13729095458984375,0.15703916549682617,0.09614419937133789,0.10245299339294434,0.1087331771850586,0.14040017127990723,0.13927197456359863,0.13925695419311523,0.1096498966217041,0.1577773094177246,0.12741589546203613,0.10994982719421387,0.14877796173095703,0.14001703262329102,0.10041928291320801,0.24854397773742676,0.21370816230773926,0.10663795471191406,0.10236287117004395,0.10353803634643555,0.10631203651428223,0.14998698234558105,0.08802986145019531,0.18932008743286133,0.1309797763824463,0.14303326606750488,0.08925199508666992,0.11244392395019531,0.1473379135131836,0.1116478443145752,0.12357568740844727,0.08995890617370605,0.12234210968017578,0.18151211738586426,0.15577292442321777,0.17942404747009277,0.1272749900817871,0.1232450008392334,0.16922211647033691,0.10591578483581543,0.12929630279541016,0.14271998405456543,0.13733768463134766,0.1476140022277832,0.10279703140258789,0.2548229694366455,0.1529240608215332,0.1663219928741455,0.143510103225708,0.15926814079284668,0.11553478240966797,0.14113521575927734,0.13004684448242188,0.12498998641967773,0.16166973114013672,0.11254000663757324,0.09886384010314941,0.09596991539001465,0.12954115867614746,0.11610817909240723,0.13430404663085938
IIP	GG	0.09329485893249512,0.1379239559173584,0.26584386825561523,0.11566305160522461,0.11251616477966309,0.17918896675109863,0.23145604133605957,0.0876150131225586,0.11185574531555176,0.08960890769958496,0.2428300380706787,0.23904013633728027,0.09612917900085449,0.1284339427947998,0.20186114311218262,0.08863997459411621,0.09120631217956543,0.11545443534851074,0.11977195739746094,0.11536502838134766,0.1439828872680664,0.09585785865783691,0.10807108879089355,0.08867883682250977,0.11745095252990723,0.11539721488952637,0.10980415344238281,0.1696007251739502,0.11263203620910645,0.09182476997375488,0.2579069137573242,0.08748197555541992,0.08963418006896973,0.08890199661254883,0.09112977981567383,0.12752413749694824,0.2553110122680664,0.20199823379516602,0.10911083221435547,0.08727788925170898,0.1635589599609375,0.1347048282623291,0.11485695838928223,0.11231112480163574,0.08826017379760742,0.16947007179260254,0.11346721649169922,0.15296173095703125,0.12051987648010254,0.11302876472473145,0.15689706802368164,0.08736991882324219,0.1959209442138672,0.19049787521362305,0.10596179962158203,0.11145615577697754,0.12142586708068848,0.11522889137268066,0.11248588562011719,0.10853075981140137,0.22127914428710938,0.11687898635864258,0.08629393577575684,0.08937597274780273,0.13321495056152344,0.11771798133850098,0.12200093269348145,0.20725798606872559,0.11865997314453125,0.11922502517700195,0.1688060760498047,0.08879899978637695,0.17983317375183105,0.1922929286956787,0.0978403091430664,0.14178204536437988,0.12242698669433594,0.10676407814025879,0.10654497146606445,0.14417815208435059,0.11417889595031738,0.11607718467712402,0.09079599380493164,0.11970710754394531,0.12855100631713867,0.08782601356506348,0.09078717231750488,0.21868228912353516,0.1738901138305664,0.1860358715057373,0.19014596939086914,0.09122896194458008,0.08832097053527832,0.13906311988830566,0.11488008499145508,0.1666722297668457,0.1122739315032959,0.08703017234802246,0.08793902397155762,0.10221314430236816
IIP	GG2	0.09329485893249512,0.1379239559173584,0.26584386825561523,0.11566305160522461,0.11251616477966309,0.17918896675109863,0.23145604133605957,0.0876150131225586,0.11185574531555176,0.08960890769958496,0.2428300380706787,0.23904013633728027,0.09612917900085449,0.1284339427947998,0.20186114311218262,0.08863997459411621,0.09120631217956543,0.11545443534851074,0.11977195739746094,0.11536502838134766,0.1439828872680664,0.09585785865783691,0.10807108879089355,0.08867883682250977,0.11745095252990723,0.11539721488952637,0.10980415344238281,0.1696007251739502,0.11263203620910645,0.09182476997375488,0.2579069137573242,0.08748197555541992,0.08963418006896973,0.08890199661254883,0.09112977981567383,0.12752413749694824,0.2553110122680664,0.20199823379516602,0.10911083221435547,0.08727788925170898,0.1635589599609375,0.1347048282623291,0.11485695838928223,0.11231112480163574,0.08826017379760742,0.16947007179260254,0.11346721649169922,0.15296173095703125,0.12051987648010254,0.11302876472473145,0.15689706802368164,0.08736991882324219,0.1959209442138672,0.19049787521362305,0.10596179962158203,0.11145615577697754,0.12142586708068848,0.11522889137268066,0.11248588562011719,0.10853075981140137,0.22127914428710938,0.11687898635864258,0.08629393577575684,0.08937597274780273,0.13321495056152344,0.11771798133850098,0.12200093269348145,0.20725798606872559,0.11865997314453125,0.11922502517700195,0.1688060760498047,0.08879899978637695,0.17983317375183105,0.1922929286956787,0.0978403091430664,0.14178204536437988,0.12242698669433594,0.10676407814025879,0.10654497146606445,0.14417815208435059,0.11417889595031738,0.11607718467712402,0.09079599380493164,0.11970710754394531,0.12855100631713867,0.08782601356506348,0.09078717231750488,0.21868228912353516,0.1738901138305664,0.1860358715057373,0.19014596939086914,0.09122896194458008,0.08832097053527832,0.13906311988830566,0.11488008499145508,0.1666722297668457,0.1122739315032959,0.08703017234802246,0.08793902397155762,0.10221314430236816
lastfm	GEE	0.014176130294799805,0.0166778564453125,0.01660895347595215,0.01898503303527832,0.016806840896606445,0.016852140426635742,0.017146825790405273,0.01690506935119629,0.016711950302124023,0.017301082611083984,0.01766514778137207,0.018167972564697266,0.018275022506713867,0.017735958099365234,0.017254352569580078,0.018071889877319336,0.01755380630493164,0.017255783081054688,0.017812013626098633,0.017817258834838867,0.01743912696838379,0.01790618896484375,0.018371105194091797,0.016894102096557617,0.016934871673583984,0.01687908172607422,0.01850295066833496,0.01735377311706543,0.017837047576904297,0.017305850982666016,0.01788496971130371,0.017470121383666992,0.01780104637145996,0.0179288387298584,0.017831802368164062,0.018015146255493164,0.017544269561767578,0.017843961715698242,0.02087092399597168,0.017530202865600586,0.01807403564453125,0.018807649612426758,0.01783895492553711,0.01821422576904297,0.01782679557800293,0.017904043197631836,0.017847061157226562,0.017767906188964844,0.01790904998779297,0.017841815948486328,0.017993927001953125,0.018052101135253906,0.017934083938598633,0.017607927322387695,0.018064022064208984,0.017838239669799805,0.018802881240844727,0.018204212188720703,0.0180511474609375,0.020094871520996094,0.017661333084106445,0.01816868782043457,0.020920753479003906,0.01787114143371582,0.017548084259033203,0.017828941345214844,0.017836809158325195,0.018194913864135742,0.0186002254486084,0.01806020736694336,0.017814159393310547,0.017383098602294922,0.017878055572509766,0.01824808120727539,0.017405986785888672,0.017724037170410156,0.017748117446899414,0.018716812133789062,0.017385005950927734,0.017683982849121094,0.017899036407470703,0.017946243286132812,0.018423795700073242,0.01746988296508789,0.03282284736633301,0.019222021102905273,0.017481088638305664,0.01778888702392578,0.017323970794677734,0.019488096237182617,0.018326759338378906,0.01759481430053711,0.018505096435546875,0.01801919937133789,0.017863988876342773,0.01715874671936035,0.017886877059936523,0.017598867416381836,0.017603635787963867,0.018249988555908203
lastfm	GNN	1.6064488887786865,1.4561090469360352,1.8607559204101562,1.4605560302734375,2.304588794708252,1.3836190700531006,1.4015021324157715,1.2028050422668457,2.189663887023926,1.6362550258636475,1.1771018505096436,1.6854047775268555,1.2734551429748535,1.27400803565979,1.3666272163391113,1.4861409664154053,3.191474199295044,2.0148990154266357,1.624431848526001,1.6274969577789307,2.7041571140289307,1.1020421981811523,1.1483218669891357,1.6750190258026123,2.8860559463500977,2.940903902053833,2.175684928894043,3.081242799758911,1.1521961688995361,1.5996832847595215,1.509626865386963,1.5712881088256836,1.9883699417114258,3.0499367713928223,1.610586166381836,1.1425678730010986,1.5597200393676758,1.8117759227752686,1.798443078994751,1.6862118244171143,1.6211342811584473,1.2646028995513916,2.388653039932251,1.8162200450897217,1.1862268447875977,1.1126289367675781,1.3575570583343506,1.7010600566864014,2.7290217876434326,2.0635361671447754,2.832279682159424,2.488898992538452,1.0941853523254395,1.3814611434936523,1.6830558776855469,1.5633389949798584,2.2295749187469482,1.7200708389282227,1.4255790710449219,1.4493708610534668,1.8604850769042969,2.4159300327301025,1.4721648693084717,1.3354063034057617,2.188065767288208,1.6032578945159912,1.1848838329315186,3.963670015335083,1.5358006954193115,1.5336840152740479,1.9156289100646973,2.672541379928589,2.090891122817993,1.1768548488616943,1.9010281562805176,2.0049400329589844,1.1724216938018799,1.1885242462158203,1.8762447834014893,1.8362901210784912,1.9672751426696777,1.479633092880249,1.3955459594726562,1.9256880283355713,1.9155850410461426,1.7139849662780762,1.6406912803649902,1.8916411399841309,1.2084839344024658,1.7129738330841064,1.4221229553222656,1.195565938949585,1.7826850414276123,1.5113582611083984,1.6525099277496338,1.3732061386108398,2.905296802520752,1.9071385860443115,1.2508108615875244,1.5304689407348633
lastfm	GG	3.5032052993774414,1.9185187816619873,2.3129920959472656,1.9086768627166748,2.3686788082122803,4.375713109970093,2.7067389488220215,2.1926181316375732,2.034919023513794,3.680354118347168,2.3198390007019043,2.4595987796783447,3.0022411346435547,1.918321132659912,2.6053788661956787,2.448640823364258,1.7232210636138916,3.773851156234741,2.8859548568725586,2.8379011154174805,2.3091771602630615,2.3622119426727295,2.748396873474121,1.8815391063690186,2.761392831802368,1.976637840270996,1.7779812812805176,1.7554538249969482,1.8635029792785645,1.788013219833374,4.118022918701172,2.3194539546966553,2.0186309814453125,2.944999933242798,1.8174138069152832,2.238647699356079,3.1727516651153564,3.126566171646118,2.2891738414764404,3.1805479526519775,2.4155120849609375,3.3196778297424316,2.268544912338257,3.533914089202881,1.7322502136230469,1.9470598697662354,2.384298086166382,2.821639060974121,1.847848892211914,2.8366880416870117,2.1816539764404297,2.5118820667266846,2.263612985610962,2.143921136856079,1.9225683212280273,2.032064199447632,2.1925690174102783,3.3164589405059814,2.14756178855896,1.9077999591827393,1.9108757972717285,2.836839199066162,3.244002103805542,3.21313214302063,2.232952833175659,2.187201976776123,2.181725263595581,2.840895891189575,2.1794769763946533,4.9847259521484375,2.7373130321502686,2.373924970626831,1.7832362651824951,2.2868051528930664,2.2417380809783936,2.269063949584961,1.8807592391967773,3.3900179862976074,2.3812332153320312,3.459510087966919,1.9813411235809326,2.8350958824157715,2.594228982925415,1.6024670600891113,1.7832920551300049,2.830644130706787,2.6001079082489014,2.190021276473999,2.040747880935669,2.031522035598755,1.9115869998931885,2.4243807792663574,1.6459228992462158,1.7918860912322998,2.7889509201049805,3.2170748710632324,2.2853050231933594,2.8339128494262695,2.472827911376953,2.412360906600952
lastfm	GG2	3.5032052993774414,1.9185187816619873,2.3129920959472656,1.9086768627166748,2.3686788082122803,4.375713109970093,2.7067389488220215,2.1926181316375732,2.034919023513794,3.680354118347168,2.3198390007019043,2.4595987796783447,3.0022411346435547,1.918321132659912,2.6053788661956787,2.448640823364258,1.7232210636138916,3.773851156234741,2.8859548568725586,2.8379011154174805,2.3091771602630615,2.3622119426727295,2.748396873474121,1.8815391063690186,2.761392831802368,1.976637840270996,1.7779812812805176,1.7554538249969482,1.8635029792785645,1.788013219833374,4.118022918701172,2.3194539546966553,2.0186309814453125,2.944999933242798,1.8174138069152832,2.238647699356079,3.1727516651153564,3.126566171646118,2.2891738414764404,3.1805479526519775,2.4155120849609375,3.3196778297424316,2.268544912338257,3.533914089202881,1.7322502136230469,1.9470598697662354,2.384298086166382,2.821639060974121,1.847848892211914,2.8366880416870117,2.1816539764404297,2.5118820667266846,2.263612985610962,2.143921136856079,1.9225683212280273,2.032064199447632,2.1925690174102783,3.3164589405059814,2.14756178855896,1.9077999591827393,1.9108757972717285,2.836839199066162,3.244002103805542,3.21313214302063,2.232952833175659,2.187201976776123,2.181725263595581,2.840895891189575,2.1794769763946533,4.9847259521484375,2.7373130321502686,2.373924970626831,1.7832362651824951,2.2868051528930664,2.2417380809783936,2.269063949584961,1.8807592391967773,3.3900179862976074,2.3812332153320312,3.459510087966919,1.9813411235809326,2.8350958824157715,2.594228982925415,1.6024670600891113,1.7832920551300049,2.830644130706787,2.6001079082489014,2.190021276473999,2.040747880935669,2.031522035598755,1.9115869998931885,2.4243807792663574,1.6459228992462158,1.7918860912322998,2.7889509201049805,3.2170748710632324,2.2853050231933594,2.8339128494262695,2.472827911376953,2.412360906600952
polblogs	GEE	0.009224891662597656,0.008359909057617188,0.007999897003173828,0.008495092391967773,0.008147239685058594,0.00811314582824707,0.008695840835571289,0.008073806762695312,0.008379936218261719,0.008784770965576172,0.00837397575378418,0.008389711380004883,0.008656024932861328,0.008116960525512695,0.008407831192016602,0.008520841598510742,0.008997201919555664,0.008693695068359375,0.008804798126220703,0.008476972579956055,0.008502006530761719,0.008312225341796875,0.008587121963500977,0.00803375244140625,0.009654045104980469,0.008398771286010742,0.007972002029418945,0.008568048477172852,0.008822917938232422,0.009287834167480469,0.009403228759765625,0.008446931838989258,0.008980989456176758,0.008038997650146484,0.008498907089233398,0.008737802505493164,0.008644819259643555,0.008628129959106445,0.008712053298950195,0.008259773254394531,0.008299112319946289,0.008872032165527344,0.008302688598632812,0.008611917495727539,0.008601665496826172,0.00834798812866211,0.008594036102294922,0.00859379768371582,0.00848698616027832,0.008714914321899414,0.008033990859985352,0.008370161056518555,0.008697748184204102,0.00814199447631836,0.008292913436889648,0.00812077522277832,0.008537054061889648,0.008742809295654297,0.008588075637817383,0.008295059204101562,0.008203983306884766,0.008371114730834961,0.00867605209350586,0.008513927459716797,0.007946968078613281,0.008589029312133789,0.008382081985473633,0.008296012878417969,0.008596181869506836,0.00855112075805664,0.008424758911132812,0.008182764053344727,0.008699178695678711,0.008418083190917969,0.008127927780151367,0.008625268936157227,0.008809804916381836,0.008455276489257812,0.00817108154296875,0.008595943450927734,0.008325815200805664,0.008440017700195312,0.008620977401733398,0.008197784423828125,0.008749008178710938,0.008485794067382812,0.008168935775756836,0.008552789688110352,0.008481025695800781,0.0080413818359375,0.008478879928588867,0.008133172988891602,0.009686946868896484,0.008546113967895508,0.008263826370239258,0.008539915084838867,0.008209943771362305,0.008075952529907227,0.008298873901367188,0.008749961853027344
polblogs	GNN	0.3608279228210449,0.35362768173217773,0.44762110710144043,0.29256606101989746,0.2704908847808838,0.29099607467651367,0.6043941974639893,0.35085391998291016,0.4683189392089844,0.38472414016723633,0.3659179210662842,0.4059290885925293,0.5563418865203857,0.3642141819000244,0.6934731006622314,0.32108306884765625,0.5999660491943359,0.6266260147094727,0.2922780513763428,0.3784141540527344,0.379436731338501,0.3087949752807617,0.7189288139343262,0.4380040168762207,0.37569189071655273,0.3121519088745117,0.3952779769897461,0.3747279644012451,0.3852090835571289,0.5534372329711914,0.485947847366333,0.2716948986053467,0.5191659927368164,0.3991663455963135,0.45829296112060547,0.31278085708618164,0.546760082244873,0.32819414138793945,0.3381929397583008,0.4103400707244873,0.5417490005493164,0.32427000999450684,0.5469717979431152,0.27630186080932617,0.3083631992340088,0.40959835052490234,0.6799166202545166,0.6226511001586914,0.3933680057525635,0.2824888229370117,0.41577911376953125,0.34532713890075684,0.381091833114624,0.3736557960510254,0.3377408981323242,0.34741878509521484,0.2621910572052002,0.6170229911804199,0.3497500419616699,0.4873998165130615,0.2725670337677002,0.265765905380249,0.2777378559112549,0.475877046585083,0.3304708003997803,0.33598995208740234,0.34586429595947266,0.3077859878540039,0.48851680755615234,0.2848398685455322,0.4137730598449707,0.32753610610961914,0.3773796558380127,0.41784119606018066,0.3130650520324707,0.4949319362640381,0.5276248455047607,0.485532283782959,0.39617490768432617,0.3419618606567383,0.3212869167327881,0.3814270496368408,0.4532926082611084,0.37163209915161133,0.23035526275634766,0.48801732063293457,0.3609499931335449,0.43624091148376465,0.5367801189422607,1.0023889541625977,0.46939706802368164,0.3711240291595459,0.359896183013916,0.4263441562652588,0.2637927532196045,0.47295713424682617,0.4269900321960449,0.4841032028198242,0.28104615211486816,0.29865312576293945
polblogs	GG	0.2668190002441406,0.7240979671478271,0.21944713592529297,0.23024368286132812,0.5513138771057129,0.7879440784454346,0.4437739849090576,0.29929304122924805,0.21803903579711914,0.22343087196350098,0.24512100219726562,0.21733784675598145,0.22056198120117188,0.2373487949371338,0.23009204864501953,0.30474233627319336,0.24500608444213867,0.8037350177764893,0.21877098083496094,0.23627591133117676,0.24235129356384277,0.22169709205627441,0.4091010093688965,0.23329997062683105,0.2716968059539795,0.2203998565673828,0.22751688957214355,0.23163199424743652,0.8574049472808838,0.3154001235961914,0.3982059955596924,0.24040484428405762,0.7164621353149414,0.4068570137023926,0.3768961429595947,0.6105542182922363,0.6187961101531982,0.324923038482666,0.4515841007232666,0.402055025100708,0.38851189613342285,0.23678183555603027,0.22171902656555176,0.2674829959869385,0.21718597412109375,0.5142230987548828,0.22945880889892578,0.23018217086791992,0.2227950096130371,0.5767710208892822,0.22759795188903809,0.7691171169281006,0.21532297134399414,0.6867008209228516,0.48363614082336426,0.2350330352783203,0.23439884185791016,0.7483181953430176,0.21708106994628906,0.7254700660705566,0.321835994720459,0.23802614212036133,0.5097501277923584,0.21923518180847168,0.5847468376159668,0.4113609790802002,0.5075170993804932,1.1544842720031738,0.25190091133117676,0.2194361686706543,0.2338731288909912,0.6171672344207764,0.4902191162109375,0.2627856731414795,0.7358980178833008,0.24811911582946777,0.5777618885040283,0.4046332836151123,0.231614351272583,0.44483399391174316,0.23784112930297852,0.5980310440063477,0.47017598152160645,0.2238161563873291,0.7510480880737305,0.21952319145202637,0.40105128288269043,0.3715200424194336,0.21669578552246094,0.4253091812133789,0.3836848735809326,0.49928927421569824,0.2195429801940918,0.3946678638458252,0.2603631019592285,0.22409486770629883,0.5114498138427734,0.4940791130065918,0.30225300788879395,0.637843132019043
polblogs	GG2	0.2668190002441406,0.7240979671478271,0.21944713592529297,0.23024368286132812,0.5513138771057129,0.7879440784454346,0.4437739849090576,0.29929304122924805,0.21803903579711914,0.22343087196350098,0.24512100219726562,0.21733784675598145,0.22056198120117188,0.2373487949371338,0.23009204864501953,0.30474233627319336,0.24500608444213867,0.8037350177764893,0.21877098083496094,0.23627591133117676,0.24235129356384277,0.22169709205627441,0.4091010093688965,0.23329997062683105,0.2716968059539795,0.2203998565673828,0.22751688957214355,0.23163199424743652,0.8574049472808838,0.3154001235961914,0.3982059955596924,0.24040484428405762,0.7164621353149414,0.4068570137023926,0.3768961429595947,0.6105542182922363,0.6187961101531982,0.324923038482666,0.4515841007232666,0.402055025100708,0.38851189613342285,0.23678183555603027,0.22171902656555176,0.2674829959869385,0.21718597412109375,0.5142230987548828,0.22945880889892578,0.23018217086791992,0.2227950096130371,0.5767710208892822,0.22759795188903809,0.7691171169281006,0.21532297134399414,0.6867008209228516,0.48363614082336426,0.2350330352783203,0.23439884185791016,0.7483181953430176,0.21708106994628906,0.7254700660705566,0.321835994720459,0.23802614212036133,0.5097501277923584,0.21923518180847168,0.5847468376159668,0.4113609790802002,0.5075170993804932,1.1544842720031738,0.25190091133117676,0.2194361686706543,0.2338731288909912,0.6171672344207764,0.4902191162109375,0.2627856731414795,0.7358980178833008,0.24811911582946777,0.5777618885040283,0.4046332836151123,0.231614351272583,0.44483399391174316,0.23784112930297852,0.5980310440063477,0.47017598152160645,0.2238161563873291,0.7510480880737305,0.21952319145202637,0.40105128288269043,0.3715200424194336,0.21669578552246094,0.4253091812133789,0.3836848735809326,0.49928927421569824,0.2195429801940918,0.3946678638458252,0.2603631019592285,0.22409486770629883,0.5114498138427734,0.4940791130065918,0.30225300788879395,0.637843132019043
TerroristRel	GEE	0.0052449703216552734,0.004209995269775391,0.00432586669921875,0.004102230072021484,0.004073143005371094,0.004023075103759766,0.004090070724487305,0.0042171478271484375,0.004180908203125,0.004059314727783203,0.004069805145263672,0.004046201705932617,0.00404810905456543,0.00417780876159668,0.004871368408203125,0.004076719284057617,0.004361867904663086,0.004143953323364258,0.00410771369934082,0.004084110260009766,0.0040531158447265625,0.004010915756225586,0.004146099090576172,0.004096031188964844,0.006176948547363281,0.004238128662109375,0.004374027252197266,0.0041582584381103516,0.004165172576904297,0.004457950592041016,0.004230976104736328,0.004520893096923828,0.004121065139770508,0.004204988479614258,0.004282712936401367,0.003993034362792969,0.004891872406005859,0.004415988922119141,0.004395723342895508,0.0043451786041259766,0.004354953765869141,0.0040662288665771484,0.0041179656982421875,0.004296779632568359,0.004158973693847656,0.004281044006347656,0.004794120788574219,0.004310131072998047,0.004355907440185547,0.004353761672973633,0.004364967346191406,0.00455021858215332,0.004364013671875,0.0042269229888916016,0.004427671432495117,0.0043828487396240234,0.004463911056518555,0.004420042037963867,0.004351139068603516,0.004402875900268555,0.004556894302368164,0.004540920257568359,0.004376888275146484,0.004408836364746094,0.004405021667480469,0.0042688846588134766,0.004333019256591797,0.004296064376831055,0.004364013671875,0.0044438838958740234,0.004297971725463867,0.0044078826904296875,0.004310131072998047,0.004247188568115234,0.00441431999206543,0.004350900650024414,0.004436969757080078,0.004294872283935547,0.004346132278442383,0.004566669464111328,0.0043680667877197266,0.0044863224029541016,0.004404783248901367,0.0042650699615478516,0.004411935806274414,0.004587650299072266,0.004386186599731445,0.004208803176879883,0.004333972930908203,0.004596233367919922,0.0044901371002197266,0.004391908645629883,0.0044040679931640625,0.004329204559326172,0.004481077194213867,0.0044460296630859375,0.004374027252197266,0.004227876663208008,0.004292011260986328,0.004355907440185547
TerroristRel	GNN	0.30134105682373047,0.25702905654907227,0.27109193801879883,0.2817080020904541,0.23843979835510254,0.3600749969482422,0.3835899829864502,0.26201295852661133,0.27315187454223633,0.33443593978881836,0.24832391738891602,0.27384400367736816,0.23888492584228516,0.24156904220581055,0.3039839267730713,0.26203393936157227,0.2341010570526123,0.34981203079223633,0.3677182197570801,0.23462390899658203,0.26398491859436035,0.22907090187072754,0.2458817958831787,0.3008382320404053,0.2528510093688965,0.25496721267700195,0.23644804954528809,0.3630368709564209,0.38172411918640137,0.2873809337615967,0.28615593910217285,0.2539513111114502,0.21104097366333008,0.2295088768005371,0.37307071685791016,0.3701770305633545,0.27292418479919434,0.2765829563140869,0.3202178478240967,0.36722898483276367,0.20380902290344238,0.4355487823486328,0.2916440963745117,0.3484821319580078,0.24167299270629883,0.26936888694763184,0.2522768974304199,0.2622840404510498,0.26088905334472656,0.27103686332702637,0.24783897399902344,0.20885300636291504,0.24460124969482422,0.240753173828125,0.48201704025268555,0.210371732711792,0.38993167877197266,0.2524678707122803,0.3172800540924072,0.416705846786499,0.22814106941223145,0.22576475143432617,0.24819707870483398,0.3147892951965332,0.26056814193725586,0.28154873847961426,0.308682918548584,0.3831160068511963,0.32480883598327637,0.2550950050354004,0.250988245010376,0.3676412105560303,0.3341958522796631,0.2446000576019287,0.31214380264282227,0.22313594818115234,0.27927708625793457,0.24642205238342285,0.3242299556732178,0.33316969871520996,0.24504494667053223,0.23226594924926758,0.4517199993133545,0.24961495399475098,0.2862050533294678,0.2916879653930664,0.26003098487854004,0.338731050491333,0.2418527603149414,0.23427677154541016,0.31420397758483887,0.22381997108459473,0.41281676292419434,0.22971701622009277,0.23713207244873047,0.2242109775543213,0.2831261157989502,0.2776350975036621,0.25321292877197266,0.35004472732543945
TerroristRel	GG	0.37557387351989746,0.3534729480743408,0.4413769245147705,0.1855940818786621,0.5202369689941406,0.4545280933380127,0.20795011520385742,0.19897174835205078,0.40802907943725586,0.20144391059875488,0.3852107524871826,0.2096080780029297,0.19825482368469238,0.1889352798461914,0.2059769630432129,0.316148042678833,0.4228630065917969,0.3918302059173584,0.3978259563446045,0.2723519802093506,0.2830770015716553,0.20665287971496582,0.40753817558288574,0.1695849895477295,0.46505188941955566,0.1964108943939209,0.3689746856689453,0.20030426979064941,0.1664280891418457,0.301987886428833,0.38558411598205566,0.49233102798461914,0.5545849800109863,0.1964097023010254,0.2397751808166504,0.18451666831970215,0.2810239791870117,0.16135072708129883,0.26611900329589844,0.2281179428100586,0.5324611663818359,0.19412922859191895,0.4120168685913086,0.5083949565887451,0.19738006591796875,0.41444873809814453,0.20238685607910156,0.43840909004211426,0.20815587043762207,0.19175100326538086,0.2018749713897705,0.26297497749328613,0.41082096099853516,0.18793082237243652,0.2399458885192871,0.2076098918914795,0.1884169578552246,0.2266099452972412,0.4595911502838135,0.19768095016479492,0.19693803787231445,0.2758970260620117,0.20633912086486816,0.19888901710510254,0.1977689266204834,0.17976021766662598,0.2967381477355957,0.42393064498901367,0.4647979736328125,0.205826997756958,0.2281641960144043,0.20041584968566895,0.2399449348449707,0.31986188888549805,0.2140498161315918,0.5251142978668213,0.2296149730682373,0.3979477882385254,0.39821314811706543,0.48067688941955566,0.19296717643737793,0.5606012344360352,0.31733083724975586,0.19003629684448242,0.20132708549499512,0.39885902404785156,0.19719409942626953,0.41717004776000977,0.3272879123687744,0.49001598358154297,0.4859158992767334,0.37870264053344727,0.20742297172546387,0.3820929527282715,0.20132184028625488,0.4271271228790283,0.47183990478515625,0.19757485389709473,0.18359017372131348,0.1927030086517334
TerroristRel	GG2	0.37557387351989746,0.3534729480743408,0.4413769245147705,0.1855940818786621,0.5202369689941406,0.4545280933380127,0.20795011520385742,0.19897174835205078,0.40802907943725586,0.20144391059875488,0.3852107524871826,0.2096080780029297,0.19825482368469238,0.1889352798461914,0.2059769630432129,0.316148042678833,0.4228630065917969,0.3918302059173584,0.3978259563446045,0.2723519802093506,0.2830770015716553,0.20665287971496582,0.40753817558288574,0.1695849895477295,0.46505188941955566,0.1964108943939209,0.3689746856689453,0.20030426979064941,0.1664280891418457,0.301987886428833,0.38558411598205566,0.49233102798461914,0.5545849800109863,0.1964097023010254,0.2397751808166504,0.18451666831970215,0.2810239791870117,0.16135072708129883,0.26611900329589844,0.2281179428100586,0.5324611663818359,0.19412922859191895,0.4120168685913086,0.5083949565887451,0.19738006591796875,0.41444873809814453,0.20238685607910156,0.43840909004211426,0.20815587043762207,0.19175100326538086,0.2018749713897705,0.26297497749328613,0.41082096099853516,0.18793082237243652,0.2399458885192871,0.2076098918914795,0.1884169578552246,0.2266099452972412,0.4595911502838135,0.19768095016479492,0.19693803787231445,0.2758970260620117,0.20633912086486816,0.19888901710510254,0.1977689266204834,0.17976021766662598,0.2967381477355957,0.42393064498901367,0.4647979736328125,0.205826997756958,0.2281641960144043,0.20041584968566895,0.2399449348449707,0.31986188888549805,0.2140498161315918,0.5251142978668213,0.2296149730682373,0.3979477882385254,0.39821314811706543,0.48067688941955566,0.19296717643737793,0.5606012344360352,0.31733083724975586,0.19003629684448242,0.20132708549499512,0.39885902404785156,0.19719409942626953,0.41717004776000977,0.3272879123687744,0.49001598358154297,0.4859158992767334,0.37870264053344727,0.20742297172546387,0.3820929527282715,0.20132184028625488,0.4271271228790283,0.47183990478515625,0.19757485389709473,0.18359017372131348,0.1927030086517334
KarateClub	GEE	0.0001068115234375,0.00011181831359863281,0.00010609626770019531,0.00010609626770019531,0.00010704994201660156,0.000102996826171875,0.0001087188720703125,0.00011992454528808594,0.00013709068298339844,0.00012803077697753906,0.0001251697540283203,0.00010800361633300781,0.00012087821960449219,0.00010228157043457031,0.00010800361633300781,0.00010609626770019531,0.0001277923583984375,0.00012302398681640625,0.0001010894775390625,0.00013303756713867188,0.00011801719665527344,0.00012230873107910156,0.00011396408081054688,0.00010800361633300781,0.00010013580322265625,0.00011086463928222656,0.00012803077697753906,0.000141143798828125,0.00012874603271484375,0.00010585784912109375,0.00010704994201660156,0.000102996826171875,0.00011277198791503906,0.00012612342834472656,0.00010919570922851562,0.00011491775512695312,0.00011920928955078125,0.0001049041748046875,0.0001068115234375,0.00011610984802246094,0.00010275840759277344,0.0001201629638671875,0.00011992454528808594,0.00012683868408203125,0.00010228157043457031,0.0001049041748046875,0.00010418891906738281,0.00011110305786132812,0.00012421607971191406,0.00010895729064941406,0.00010514259338378906,0.00012087821960449219,0.00010180473327636719,0.00011110305786132812,0.00010776519775390625,0.00010824203491210938,0.0001068115234375,0.00010800361633300781,0.0001049041748046875,0.00010204315185546875,0.00010228157043457031,0.00011014938354492188,0.00011181831359863281,0.00010704994201660156,0.00010704994201660156,0.00010514259338378906,0.0001010894775390625,0.00013208389282226562,0.00013303756713867188,0.0001049041748046875,0.00011801719665527344,0.00010085105895996094,0.00011587142944335938,0.00010967254638671875,0.00013208389282226562,0.00010585784912109375,0.00010275840759277344,0.00010418891906738281,0.0001220703125,0.0001239776611328125,0.00010085105895996094,0.00010776519775390625,0.00010395050048828125,0.00011897087097167969,0.00011420249938964844,0.00011014938354492188,0.00010585784912109375,0.0001361370086669922,0.00012803077697753906,0.00013327598571777344,0.00010800361633300781,0.0001468658447265625,0.00010275840759277344,0.00010228157043457031,9.965896606445312e-05,0.00011587142944335938,0.0001308917999267578,0.0001270771026611328,0.00010085105895996094,0.00010275840759277344
KarateClub	GNN	0.09052062034606934,0.08514785766601562,0.20425081253051758,0.15433287620544434,0.13933396339416504,0.17530179023742676,0.17087006568908691,0.09394192695617676,0.11237406730651855,0.1086878776550293,0.14989900588989258,0.14748215675354004,0.13178586959838867,0.08284211158752441,0.08388113975524902,0.20254015922546387,0.12992596626281738,0.16367602348327637,0.0833730697631836,0.0829002857208252,0.11109399795532227,0.11146712303161621,0.11549067497253418,0.1104741096496582,0.16214799880981445,0.11361002922058105,0.1405627727508545,0.09256601333618164,0.08832693099975586,0.08601713180541992,0.0851907730102539,0.15520071983337402,0.11814236640930176,0.10813117027282715,0.10091900825500488,0.11802816390991211,0.1376650333404541,0.21148395538330078,0.10940313339233398,0.11839008331298828,0.14031076431274414,0.08176398277282715,0.09326314926147461,0.14353084564208984,0.0825800895690918,0.16239523887634277,0.11014008522033691,0.15049505233764648,0.1106870174407959,0.11476612091064453,0.1784961223602295,0.19311833381652832,0.13874197006225586,0.1549088954925537,0.1094510555267334,0.11376619338989258,0.11112809181213379,0.11147069931030273,0.11114192008972168,0.2431950569152832,0.10225367546081543,0.08542203903198242,0.09091997146606445,0.12005496025085449,0.11561703681945801,0.11026406288146973,0.1530900001525879,0.11529397964477539,0.10438704490661621,0.08298587799072266,0.13529586791992188,0.12852692604064941,0.10524916648864746,0.19365906715393066,0.18957185745239258,0.08191776275634766,0.16305303573608398,0.16438579559326172,0.11438417434692383,0.08331894874572754,0.08249926567077637,0.08275723457336426,0.08306384086608887,0.0855417251586914,0.0814199447631836,0.09473586082458496,0.13463711738586426,0.12103509902954102,0.1080007553100586,0.11840415000915527,0.11529707908630371,0.1157529354095459,0.1095881462097168,0.09210610389709473,0.08527016639709473,0.11750006675720215,0.24779796600341797,0.15552806854248047,0.08181476593017578,0.24086308479309082
KarateClub	GG	0.11685705184936523,0.10906791687011719,0.08480715751647949,0.1289501190185547,0.10833001136779785,0.08349609375,0.0983591079711914,0.08623719215393066,0.08591008186340332,0.09189772605895996,0.12948298454284668,0.1517641544342041,0.18622422218322754,0.11051297187805176,0.16076374053955078,0.08550906181335449,0.1004638671875,0.10924506187438965,0.11312675476074219,0.19080901145935059,0.1172938346862793,0.08309698104858398,0.08281493186950684,0.08225107192993164,0.08496809005737305,0.08413171768188477,0.11054825782775879,0.11587190628051758,0.17431116104125977,0.11438608169555664,0.1079249382019043,0.0812070369720459,0.08300185203552246,0.08612871170043945,0.13794803619384766,0.12182283401489258,0.137376070022583,0.08263206481933594,0.08200597763061523,0.08227205276489258,0.1650540828704834,0.10567688941955566,0.10703611373901367,0.1095890998840332,0.17614197731018066,0.08346223831176758,0.21309304237365723,0.11232495307922363,0.09979796409606934,0.1705179214477539,0.22538399696350098,0.08640217781066895,0.08196616172790527,0.08303594589233398,0.08037090301513672,0.08166289329528809,0.09107303619384766,0.08852291107177734,0.0821077823638916,0.1620311737060547,0.08960294723510742,0.1203770637512207,0.10074687004089355,0.1337127685546875,0.08264875411987305,0.24997401237487793,0.1399860382080078,0.0857691764831543,0.18307089805603027,0.11080312728881836,0.1194002628326416,0.08453178405761719,0.08884096145629883,0.0900869369506836,0.11084580421447754,0.11553192138671875,0.08871102333068848,0.11442804336547852,0.15255999565124512,0.14637088775634766,0.11409997940063477,0.1179361343383789,0.11137104034423828,0.10808277130126953,0.11374902725219727,0.2360379695892334,0.08629417419433594,0.08491015434265137,0.08313179016113281,0.08340001106262207,0.10496878623962402,0.15909934043884277,0.11607718467712402,0.12012529373168945,0.167572021484375,0.16215085983276367,0.29958224296569824,0.1546630859375,0.17955899238586426,0.11306595802307129
KarateClub	GG2	0.11685705184936523,0.10906791687011719,0.08480715751647949,0.1289501190185547,0.10833001136779785,0.08349609375,0.0983591079711914,0.08623719215393066,0.08591008186340332,0.09189772605895996,0.12948298454284668,0.1517641544342041,0.18622422218322754,0.11051297187805176,0.16076374053955078,0.08550906181335449,0.1004638671875,0.10924506187438965,0.11312675476074219,0.19080901145935059,0.1172938346862793,0.08309698104858398,0.08281493186950684,0.08225107192993164,0.08496809005737305,0.08413171768188477,0.11054825782775879,0.11587190628051758,0.17431116104125977,0.11438608169555664,0.1079249382019043,0.0812070369720459,0.08300185203552246,0.08612871170043945,0.13794803619384766,0.12182283401489258,0.137376070022583,0.08263206481933594,0.08200597763061523,0.08227205276489258,0.1650540828704834,0.10567688941955566,0.10703611373901367,0.1095890998840332,0.17614197731018066,0.08346223831176758,0.21309304237365723,0.11232495307922363,0.09979796409606934,0.1705179214477539,0.22538399696350098,0.08640217781066895,0.08196616172790527,0.08303594589233398,0.08037090301513672,0.08166289329528809,0.09107303619384766,0.08852291107177734,0.0821077823638916,0.1620311737060547,0.08960294723510742,0.1203770637512207,0.10074687004089355,0.1337127685546875,0.08264875411987305,0.24997401237487793,0.1399860382080078,0.0857691764831543,0.18307089805603027,0.11080312728881836,0.1194002628326416,0.08453178405761719,0.08884096145629883,0.0900869369506836,0.11084580421447754,0.11553192138671875,0.08871102333068848,0.11442804336547852,0.15255999565124512,0.14637088775634766,0.11409997940063477,0.1179361343383789,0.11137104034423828,0.10808277130126953,0.11374902725219727,0.2360379695892334,0.08629417419433594,0.08491015434265137,0.08313179016113281,0.08340001106262207,0.10496878623962402,0.15909934043884277,0.11607718467712402,0.12012529373168945,0.167572021484375,0.16215085983276367,0.29958224296569824,0.1546630859375,0.17955899238586426,0.11306595802307129
Chameleon	GEE	0.014101982116699219,0.016713857650756836,0.01905202865600586,0.016326904296875,0.016350984573364258,0.018246173858642578,0.0171968936920166,0.016767263412475586,0.01651310920715332,0.016387939453125,0.017631053924560547,0.016614198684692383,0.01708221435546875,0.016830921173095703,0.01738286018371582,0.016863107681274414,0.01727914810180664,0.017199039459228516,0.01659393310546875,0.02040410041809082,0.024160146713256836,0.017512083053588867,0.01795196533203125,0.01730489730834961,0.017299175262451172,0.016917943954467773,0.01680898666381836,0.017416000366210938,0.01682114601135254,0.017554283142089844,0.017295122146606445,0.01666998863220215,0.01761484146118164,0.016841888427734375,0.01706409454345703,0.017761945724487305,0.017194032669067383,0.017624855041503906,0.017272233963012695,0.01762700080871582,0.017220735549926758,0.016936779022216797,0.017957210540771484,0.016580820083618164,0.01799607276916504,0.016903162002563477,0.01702713966369629,0.01688098907470703,0.01818990707397461,0.017767906188964844,0.017199039459228516,0.016618013381958008,0.017416954040527344,0.016617774963378906,0.016450881958007812,0.017668962478637695,0.016543865203857422,0.017342090606689453,0.016623735427856445,0.016978979110717773,0.01742100715637207,0.017320871353149414,0.016752004623413086,0.017299890518188477,0.016954898834228516,0.01704716682434082,0.01721811294555664,0.017124176025390625,0.017802953720092773,0.017347097396850586,0.017284870147705078,0.017237186431884766,0.018997669219970703,0.017764806747436523,0.017299890518188477,0.01643204689025879,0.01725912094116211,0.016898632049560547,0.01684403419494629,0.01752781867980957,0.017169713973999023,0.017184019088745117,0.01777791976928711,0.01694178581237793,0.018863916397094727,0.016929149627685547,0.017436981201171875,0.017908096313476562,0.016894817352294922,0.017487049102783203,0.016935110092163086,0.0174257755279541,0.01797199249267578,0.017325878143310547,0.01707911491394043,0.016994953155517578,0.016613006591796875,0.016746997833251953,0.017542123794555664,0.017322063446044922
Chameleon	GNN	0.5492837429046631,0.7017302513122559,0.6592347621917725,0.5696620941162109,0.47190284729003906,0.5667910575866699,0.48560118675231934,1.109429121017456,0.48167967796325684,0.4648449420928955,0.4725830554962158,0.5314929485321045,0.8275718688964844,0.4895899295806885,0.5291101932525635,0.48843812942504883,1.1751842498779297,0.436553955078125,0.8781447410583496,0.5634310245513916,0.8082308769226074,0.6352529525756836,0.46831703186035156,0.5497431755065918,0.46760106086730957,0.7761311531066895,0.5322139263153076,0.4512519836425781,0.5690629482269287,0.6285648345947266,0.5079748630523682,0.5166692733764648,0.47455811500549316,0.5235037803649902,0.9618618488311768,0.5922808647155762,0.5713040828704834,0.6631741523742676,1.0481669902801514,1.4211151599884033,0.7026245594024658,0.5293829441070557,0.8018441200256348,0.44638729095458984,0.5944080352783203,0.624406099319458,0.9625041484832764,0.7651619911193848,0.6654269695281982,0.8670191764831543,0.44088315963745117,0.46310901641845703,0.5047211647033691,0.5029361248016357,0.44271326065063477,1.0030739307403564,0.48552918434143066,0.973552942276001,0.63083815574646,0.4707911014556885,0.5822629928588867,0.5309388637542725,0.42438602447509766,0.5894489288330078,0.6875519752502441,0.5145797729492188,0.9435780048370361,0.5016059875488281,0.5379259586334229,1.4419081211090088,0.8550710678100586,0.6100051403045654,0.658944845199585,0.5840098857879639,0.7214419841766357,0.9890801906585693,0.563403844833374,0.5834329128265381,0.6491611003875732,0.5361661911010742,0.7777867317199707,0.6676321029663086,0.9926872253417969,0.6864330768585205,0.5945580005645752,0.47341084480285645,0.5695013999938965,0.5349760055541992,0.55013108253479,0.5654239654541016,0.49985599517822266,0.7342779636383057,0.43100619316101074,0.4193761348724365,0.6566510200500488,0.43044090270996094,0.4167060852050781,0.4918956756591797,0.5651650428771973,0.6715762615203857
Chameleon	GG	0.6185011863708496,0.7649002075195312,0.3883378505706787,1.3373768329620361,0.7575743198394775,0.7750451564788818,0.41111183166503906,0.4059760570526123,0.46578407287597656,0.7851130962371826,0.4207029342651367,0.8132069110870361,0.5868539810180664,1.2684109210968018,1.0144131183624268,0.7191529273986816,1.0025568008422852,0.4267919063568115,1.0833580493927002,0.6980428695678711,1.177461862564087,0.4278891086578369,0.9426748752593994,0.43168187141418457,0.42467308044433594,0.39594221115112305,0.922691822052002,1.066788911819458,0.7030918598175049,0.85774827003479,0.9379708766937256,0.4175679683685303,1.135962963104248,1.2980830669403076,0.47374796867370605,0.4441032409667969,0.6311910152435303,0.4284701347351074,0.40284085273742676,0.5378081798553467,0.613436222076416,1.3919141292572021,0.41162800788879395,0.9869258403778076,0.5790929794311523,0.8162829875946045,0.37943315505981445,1.4497179985046387,0.8153419494628906,0.4338688850402832,0.46361207962036133,0.523690938949585,0.42432188987731934,0.4043090343475342,1.0976898670196533,1.1327569484710693,0.492825984954834,0.698577880859375,0.4303419589996338,0.5089669227600098,0.7659380435943604,0.543513298034668,0.4174308776855469,1.6851580142974854,1.0793616771697998,0.4719369411468506,1.1097769737243652,0.3824617862701416,0.4466819763183594,0.4294719696044922,0.532567024230957,0.4575972557067871,0.9439740180969238,0.47527074813842773,0.8175630569458008,0.4968740940093994,0.41316986083984375,0.8101129531860352,1.510732889175415,0.7816402912139893,0.6065301895141602,0.4271581172943115,0.4805440902709961,0.4573349952697754,0.38905811309814453,1.1261069774627686,1.2728650569915771,0.41478705406188965,0.4388113021850586,0.4765050411224365,0.3967101573944092,0.435896635055542,0.832730770111084,0.6872730255126953,0.5863151550292969,0.712658166885376,0.4239978790283203,0.7250721454620361,0.7963440418243408,0.8508858680725098
Chameleon	GG2	0.6185011863708496,0.7649002075195312,0.3883378505706787,1.3373768329620361,0.7575743198394775,0.7750451564788818,0.41111183166503906,0.4059760570526123,0.46578407287597656,0.7851130962371826,0.4207029342651367,0.8132069110870361,0.5868539810180664,1.2684109210968018,1.0144131183624268,0.7191529273986816,1.0025568008422852,0.4267919063568115,1.0833580493927002,0.6980428695678711,1.177461862564087,0.4278891086578369,0.9426748752593994,0.43168187141418457,0.42467308044433594,0.39594221115112305,0.922691822052002,1.066788911819458,0.7030918598175049,0.85774827003479,0.9379708766937256,0.4175679683685303,1.135962963104248,1.2980830669403076,0.47374796867370605,0.4441032409667969,0.6311910152435303,0.4284701347351074,0.40284085273742676,0.5378081798553467,0.613436222076416,1.3919141292572021,0.41162800788879395,0.9869258403778076,0.5790929794311523,0.8162829875946045,0.37943315505981445,1.4497179985046387,0.8153419494628906,0.4338688850402832,0.46361207962036133,0.523690938949585,0.42432188987731934,0.4043090343475342,1.0976898670196533,1.1327569484710693,0.492825984954834,0.698577880859375,0.4303419589996338,0.5089669227600098,0.7659380435943604,0.543513298034668,0.4174308776855469,1.6851580142974854,1.0793616771697998,0.4719369411468506,1.1097769737243652,0.3824617862701416,0.4466819763183594,0.4294719696044922,0.532567024230957,0.4575972557067871,0.9439740180969238,0.47527074813842773,0.8175630569458008,0.4968740940093994,0.41316986083984375,0.8101129531860352,1.510732889175415,0.7816402912139893,0.6065301895141602,0.4271581172943115,0.4805440902709961,0.4573349952697754,0.38905811309814453,1.1261069774627686,1.2728650569915771,0.41478705406188965,0.4388113021850586,0.4765050411224365,0.3967101573944092,0.435896635055542,0.832730770111084,0.6872730255126953,0.5863151550292969,0.712658166885376,0.4239978790283203,0.7250721454620361,0.7963440418243408,0.8508858680725098
Cora	GEE	0.0033011436462402344,0.0031499862670898438,0.003098011016845703,0.0031518936157226562,0.003065824508666992,0.003080129623413086,0.003195047378540039,0.003271818161010742,0.003113985061645508,0.003030061721801758,0.0030951499938964844,0.003052234649658203,0.0033168792724609375,0.003945112228393555,0.0030760765075683594,0.003133058547973633,0.0031392574310302734,0.0031118392944335938,0.0031349658966064453,0.0031197071075439453,0.0030727386474609375,0.003123044967651367,0.0031061172485351562,0.003340005874633789,0.003208160400390625,0.0032529830932617188,0.0031609535217285156,0.0033750534057617188,0.0030469894409179688,0.0031032562255859375,0.0031669139862060547,0.0034749507904052734,0.0030641555786132812,0.0031599998474121094,0.0032339096069335938,0.0032529830932617188,0.0030999183654785156,0.0032978057861328125,0.003171682357788086,0.0031280517578125,0.003195047378540039,0.0031290054321289062,0.003194093704223633,0.003332853317260742,0.0033142566680908203,0.0031061172485351562,0.0031270980834960938,0.0033898353576660156,0.003119945526123047,0.0039789676666259766,0.0032501220703125,0.0031228065490722656,0.003258943557739258,0.0031070709228515625,0.003159046173095703,0.0031862258911132812,0.0030417442321777344,0.0031778812408447266,0.0031890869140625,0.003103017807006836,0.003047943115234375,0.0034058094024658203,0.0031249523162841797,0.004297971725463867,0.0032770633697509766,0.0031321048736572266,0.0033218860626220703,0.003397226333618164,0.003094196319580078,0.003045320510864258,0.0032629966735839844,0.003267049789428711,0.0030357837677001953,0.003181934356689453,0.0032401084899902344,0.0030078887939453125,0.003226757049560547,0.003107786178588867,0.003148794174194336,0.0031719207763671875,0.003094196319580078,0.003426074981689453,0.0032291412353515625,0.0032188892364501953,0.0037708282470703125,0.0032739639282226562,0.0031490325927734375,0.0031418800354003906,0.003506183624267578,0.003236055374145508,0.0031571388244628906,0.0031890869140625,0.0030918121337890625,0.0031931400299072266,0.0030739307403564453,0.0035419464111328125,0.0032739639282226562,0.003184795379638672,0.003245115280151367,0.0032851696014404297
Cora	GNN	0.5859522819519043,0.4024970531463623,0.523503303527832,0.38407087326049805,0.5062010288238525,0.4080369472503662,0.33189916610717773,0.33870530128479004,0.5458633899688721,0.36341094970703125,0.6354100704193115,0.38029980659484863,0.362170934677124,0.3651251792907715,0.3852992057800293,0.3673872947692871,0.3553628921508789,0.4257519245147705,0.4090840816497803,0.4199690818786621,0.6152479648590088,0.6925208568572998,0.35976099967956543,0.5090160369873047,0.3581371307373047,0.3820042610168457,0.41458725929260254,0.34998297691345215,0.5835683345794678,0.34995603561401367,0.3781430721282959,0.3213498592376709,0.4280681610107422,0.35163307189941406,0.36893415451049805,0.4537990093231201,0.35683393478393555,0.329852819442749,0.36368513107299805,0.34504127502441406,0.43271613121032715,0.40872693061828613,0.39020490646362305,0.3115041255950928,0.3577101230621338,0.4181528091430664,0.31792688369750977,0.4379279613494873,0.315845251083374,0.3291130065917969,0.4740767478942871,0.3999309539794922,0.3183751106262207,0.42538905143737793,0.38139796257019043,0.4199659824371338,0.43465185165405273,0.44603490829467773,0.41138696670532227,0.3258850574493408,0.42758989334106445,0.3644552230834961,0.42419910430908203,0.4492380619049072,0.379025936126709,0.36247920989990234,0.3595261573791504,0.42923784255981445,0.27648282051086426,0.5466382503509521,0.3767516613006592,0.42705678939819336,0.6462569236755371,0.6984701156616211,0.39399003982543945,0.8332600593566895,0.3811309337615967,0.35569190979003906,0.4407360553741455,0.33417701721191406,0.406400203704834,0.32027506828308105,0.4406731128692627,0.47081542015075684,0.3478879928588867,0.5121059417724609,0.3755488395690918,0.5137143135070801,0.5614461898803711,0.3375530242919922,0.36518120765686035,0.3870711326599121,0.5535738468170166,0.38603901863098145,0.4070279598236084,0.3702559471130371,0.3686368465423584,0.41489577293395996,0.338306188583374,0.48532700538635254
Cora	GG	0.8752100467681885,0.25251293182373047,0.2641642093658447,0.9447939395904541,1.111696720123291,0.8720090389251709,0.9247109889984131,0.7581779956817627,0.5538167953491211,0.6892712116241455,0.8058459758758545,0.5080029964447021,0.952193021774292,0.5567331314086914,0.8992738723754883,0.7282059192657471,0.6540589332580566,0.691091775894165,0.5642650127410889,0.2662639617919922,0.5195839405059814,0.5122959613800049,0.5953388214111328,0.6731700897216797,0.7864582538604736,0.7633578777313232,0.2625131607055664,0.6037158966064453,0.6689291000366211,0.6804821491241455,0.5981509685516357,0.6260979175567627,0.6201519966125488,0.3030548095703125,0.8042306900024414,0.47145605087280273,1.2254247665405273,1.0598180294036865,0.6880841255187988,0.9307990074157715,0.7478268146514893,0.898306131362915,1.2242140769958496,0.684438943862915,0.25838208198547363,0.42456889152526855,0.5609397888183594,0.9110851287841797,0.6669459342956543,0.7231130599975586,0.7037460803985596,0.31875133514404297,0.4634277820587158,0.7653470039367676,0.2504613399505615,0.7296290397644043,0.8041427135467529,0.3346130847930908,0.8322410583496094,0.41074490547180176,0.25749683380126953,0.9405641555786133,0.8203721046447754,0.7712702751159668,0.5344018936157227,0.2700767517089844,0.6718521118164062,0.9410028457641602,0.6224918365478516,0.5099430084228516,0.5266199111938477,0.6012840270996094,0.9879837036132812,0.3611748218536377,0.8882231712341309,0.6678740978240967,0.6108078956604004,0.6637527942657471,0.38856077194213867,0.6175410747528076,0.6964616775512695,0.9050219058990479,0.40436410903930664,0.819469690322876,0.9079790115356445,0.7584950923919678,0.4899890422821045,0.38954997062683105,0.4840559959411621,0.8262672424316406,0.5306739807128906,1.1530919075012207,0.8127129077911377,0.8448071479797363,0.6547787189483643,0.49965596199035645,0.3043787479400635,0.4306812286376953,0.6734678745269775,0.9073882102966309
Cora	GG2	0.8752100467681885,0.25251293182373047,0.2641642093658447,0.9447939395904541,1.111696720123291,0.8720090389251709,0.9247109889984131,0.7581779956817627,0.5538167953491211,0.6892712116241455,0.8058459758758545,0.5080029964447021,0.952193021774292,0.5567331314086914,0.8992738723754883,0.7282059192657471,0.6540589332580566,0.691091775894165,0.5642650127410889,0.2662639617919922,0.5195839405059814,0.5122959613800049,0.5953388214111328,0.6731700897216797,0.7864582538604736,0.7633578777313232,0.2625131607055664,0.6037158966064453,0.6689291000366211,0.6804821491241455,0.5981509685516357,0.6260979175567627,0.6201519966125488,0.3030548095703125,0.8042306900024414,0.47145605087280273,1.2254247665405273,1.0598180294036865,0.6880841255187988,0.9307990074157715,0.7478268146514893,0.898306131362915,1.2242140769958496,0.684438943862915,0.25838208198547363,0.42456889152526855,0.5609397888183594,0.9110851287841797,0.6669459342956543,0.7231130599975586,0.7037460803985596,0.31875133514404297,0.4634277820587158,0.7653470039367676,0.2504613399505615,0.7296290397644043,0.8041427135467529,0.3346130847930908,0.8322410583496094,0.41074490547180176,0.25749683380126953,0.9405641555786133,0.8203721046447754,0.7712702751159668,0.5344018936157227,0.2700767517089844,0.6718521118164062,0.9410028457641602,0.6224918365478516,0.5099430084228516,0.5266199111938477,0.6012840270996094,0.9879837036132812,0.3611748218536377,0.8882231712341309,0.6678740978240967,0.6108078956604004,0.6637527942657471,0.38856077194213867,0.6175410747528076,0.6964616775512695,0.9050219058990479,0.40436410903930664,0.819469690322876,0.9079790115356445,0.7584950923919678,0.4899890422821045,0.38954997062683105,0.4840559959411621,0.8262672424316406,0.5306739807128906,1.1530919075012207,0.8127129077911377,0.8448071479797363,0.6547787189483643,0.49965596199035645,0.3043787479400635,0.4306812286376953,0.6734678745269775,0.9073882102966309
Citeseer	GEE	0.003082752227783203,0.002819061279296875,0.0030028820037841797,0.0033669471740722656,0.0030889511108398438,0.0028727054595947266,0.002904653549194336,0.0028159618377685547,0.0029201507568359375,0.002902984619140625,0.0030388832092285156,0.0031261444091796875,0.002847433090209961,0.0029146671295166016,0.0028929710388183594,0.0029370784759521484,0.0028688907623291016,0.0028557777404785156,0.0032541751861572266,0.0031096935272216797,0.0028312206268310547,0.0028977394104003906,0.0028142929077148438,0.0029439926147460938,0.0027997493743896484,0.0028908252716064453,0.0029468536376953125,0.002913236618041992,0.002893209457397461,0.0027420520782470703,0.0035860538482666016,0.0029320716857910156,0.002933979034423828,0.0029218196868896484,0.0030128955841064453,0.0028481483459472656,0.0029599666595458984,0.002897024154663086,0.0028378963470458984,0.0030012130737304688,0.0029480457305908203,0.0030319690704345703,0.002808809280395508,0.002969980239868164,0.002849102020263672,0.0027382373809814453,0.0029418468475341797,0.002891063690185547,0.0029268264770507812,0.002877950668334961,0.002877950668334961,0.0029120445251464844,0.0029032230377197266,0.002797842025756836,0.0028259754180908203,0.00304412841796875,0.0028409957885742188,0.0028302669525146484,0.0029299259185791016,0.0030558109283447266,0.002927064895629883,0.0027608871459960938,0.0029129981994628906,0.0029299259185791016,0.003332853317260742,0.003015279769897461,0.0031671524047851562,0.0029740333557128906,0.0029540061950683594,0.002853870391845703,0.0031528472900390625,0.0030460357666015625,0.002997875213623047,0.002975940704345703,0.002972841262817383,0.002791881561279297,0.0029218196868896484,0.002948760986328125,0.003036975860595703,0.0030028820037841797,0.0030090808868408203,0.0029120445251464844,0.002933025360107422,0.0028839111328125,0.0029730796813964844,0.002969026565551758,0.0028977394104003906,0.002920866012573242,0.002933979034423828,0.002959012985229492,0.0029518604278564453,0.0028879642486572266,0.0029058456420898438,0.0029578208923339844,0.0028371810913085938,0.002894163131713867,0.0030088424682617188,0.002985239028930664,0.002933979034423828,0.002936124801635742
Citeseer	GNN	0.5055639743804932,0.3706381320953369,0.34838414192199707,0.29009413719177246,0.4148552417755127,0.6625080108642578,0.39902377128601074,0.375197172164917,0.4079890251159668,0.40020203590393066,0.28760695457458496,0.38976192474365234,0.367023229598999,0.3670217990875244,0.3169119358062744,0.3410370349884033,0.3333590030670166,0.530040979385376,0.32986998558044434,0.3945882320404053,0.36171817779541016,0.36321592330932617,0.3666360378265381,0.35233473777770996,0.5643649101257324,0.3328549861907959,0.5211241245269775,0.3687732219696045,0.4927859306335449,0.3236849308013916,0.35404086112976074,0.7178158760070801,0.40432000160217285,0.44107580184936523,0.315310001373291,0.6246068477630615,0.3985002040863037,0.35147595405578613,0.32428693771362305,0.3784468173980713,0.4036238193511963,0.3896822929382324,0.36365294456481934,0.30736613273620605,0.40230870246887207,0.32531118392944336,0.35105109214782715,0.3438558578491211,0.33227109909057617,0.3823549747467041,0.36769795417785645,0.36804699897766113,0.35117006301879883,0.3478047847747803,0.39548802375793457,0.37999820709228516,0.3670470714569092,0.35550808906555176,0.3633439540863037,0.403062105178833,0.3544478416442871,0.35132312774658203,0.39641594886779785,0.46736693382263184,0.3624992370605469,0.41976404190063477,0.32490992546081543,0.4806787967681885,0.31712985038757324,0.31347203254699707,0.3522660732269287,0.37331390380859375,0.356964111328125,0.39031291007995605,0.36190199851989746,0.3632700443267822,0.37114906311035156,0.3806490898132324,0.3625009059906006,0.5013046264648438,0.41289591789245605,0.3028988838195801,0.5987503528594971,0.40556788444519043,0.3357059955596924,0.4056367874145508,0.329725980758667,0.3004589080810547,0.3393819332122803,0.33472681045532227,0.35947179794311523,0.3343188762664795,0.38330507278442383,0.40849924087524414,0.44415903091430664,0.41533803939819336,0.3737027645111084,0.4184451103210449,0.7815721035003662,0.2878549098968506
Citeseer	GG	0.4851109981536865,0.8137869834899902,0.8495018482208252,0.8047192096710205,0.2941749095916748,0.8078768253326416,0.724869966506958,0.6394178867340088,1.0575830936431885,1.022400140762329,0.7359771728515625,0.599053144454956,0.8376598358154297,0.6950240135192871,0.24771690368652344,0.36791110038757324,0.7237586975097656,0.9699273109436035,0.26406383514404297,0.651648998260498,0.6854720115661621,0.4850618839263916,0.869373083114624,0.5291929244995117,0.5086531639099121,0.6385111808776855,0.6208159923553467,0.8192448616027832,1.2567598819732666,0.5539329051971436,0.5338191986083984,0.4528472423553467,0.8328368663787842,0.8249237537384033,0.7433769702911377,1.0351340770721436,0.8032779693603516,0.4633650779724121,0.6432719230651855,0.37558603286743164,0.7735168933868408,0.30004000663757324,0.3840451240539551,0.6656088829040527,0.8584499359130859,0.5638878345489502,0.6912870407104492,0.6786890029907227,0.4609076976776123,0.5593569278717041,0.6339309215545654,0.29743099212646484,0.247788667678833,0.2798750400543213,0.6977872848510742,0.47995591163635254,0.8682608604431152,0.427980899810791,1.2635219097137451,0.9817478656768799,0.7348320484161377,0.4287281036376953,0.46247386932373047,0.748802900314331,0.8092570304870605,0.4835529327392578,0.5992372035980225,0.7422730922698975,0.3194749355316162,0.7345230579376221,0.9056007862091064,0.6226959228515625,0.5302002429962158,0.3377230167388916,0.7282800674438477,0.8527412414550781,0.6546530723571777,0.7664952278137207,0.37761592864990234,0.844512939453125,0.8261871337890625,0.5852878093719482,0.9051330089569092,0.9085161685943604,0.7820732593536377,0.4946010112762451,0.44713687896728516,0.7627921104431152,0.7549600601196289,0.466738224029541,0.47574281692504883,0.5381767749786377,0.6516191959381104,0.7387650012969971,0.29338598251342773,0.509340763092041,0.6659493446350098,0.7853560447692871,0.42921996116638184,0.5999801158905029
Citeseer	GG2	0.4851109981536865,0.8137869834899902,0.8495018482208252,0.8047192096710205,0.2941749095916748,0.8078768253326416,0.724869966506958,0.6394178867340088,1.0575830936431885,1.022400140762329,0.7359771728515625,0.599053144454956,0.8376598358154297,0.6950240135192871,0.24771690368652344,0.36791110038757324,0.7237586975097656,0.9699273109436035,0.26406383514404297,0.651648998260498,0.6854720115661621,0.4850618839263916,0.869373083114624,0.5291929244995117,0.5086531639099121,0.6385111808776855,0.6208159923553467,0.8192448616027832,1.2567598819732666,0.5539329051971436,0.5338191986083984,0.4528472423553467,0.8328368663787842,0.8249237537384033,0.7433769702911377,1.0351340770721436,0.8032779693603516,0.4633650779724121,0.6432719230651855,0.37558603286743164,0.7735168933868408,0.30004000663757324,0.3840451240539551,0.6656088829040527,0.8584499359130859,0.5638878345489502,0.6912870407104492,0.6786890029907227,0.4609076976776123,0.5593569278717041,0.6339309215545654,0.29743099212646484,0.247788667678833,0.2798750400543213,0.6977872848510742,0.47995591163635254,0.8682608604431152,0.427980899810791,1.2635219097137451,0.9817478656768799,0.7348320484161377,0.4287281036376953,0.46247386932373047,0.748802900314331,0.8092570304870605,0.4835529327392578,0.5992372035980225,0.7422730922698975,0.3194749355316162,0.7345230579376221,0.9056007862091064,0.6226959228515625,0.5302002429962158,0.3377230167388916,0.7282800674438477,0.8527412414550781,0.6546530723571777,0.7664952278137207,0.37761592864990234,0.844512939453125,0.8261871337890625,0.5852878093719482,0.9051330089569092,0.9085161685943604,0.7820732593536377,0.4946010112762451,0.44713687896728516,0.7627921104431152,0.7549600601196289,0.466738224029541,0.47574281692504883,0.5381767749786377,0.6516191959381104,0.7387650012969971,0.29338598251342773,0.509340763092041,0.6659493446350098,0.7853560447692871,0.42921996116638184,0.5999801158905029
