ACM	GEE	0.5510653930933137,0.5231447465099192,0.5686994856722998,0.5540044085231447,0.5657604702424688,0.5551065393093314,0.5565760470242469,0.5312270389419544,0.5573108008817046,0.553269654665687,0.5319617927994122,0.5301249081557678,0.5385745775165319,0.5367376928728875,0.5246142542248347,0.5558412931667891,0.5426157237325496,0.5451873622336517,0.5709037472446731,0.5484937545922116,0.556208670095518,0.5374724467303453,0.5540044085231447,0.5429831006612784,0.5547391623806025,0.5168993387215283,0.5466568699485672,0.550330639235856,0.5664952240999265,0.5495958853783982,0.5661278471711977,0.5470242468772961,0.559147685525349,0.5723732549595886,0.556208670095518,0.553269654665687,0.5282880235121235,0.5455547391623806,0.5227773695811903,0.5576781778104335,0.5565760470242469,0.5628214548126378,0.5224099926524615,0.5378398236590742,0.5312270389419544,0.5168993387215283,0.5609845701689934,0.5466568699485672,0.5157972079353417,0.5529022777369581,0.5576781778104335,0.5584129316678913,0.5683321087435709,0.5440852314474651,0.550330639235856,0.5587803085966201,0.5573108008817046,0.5257163850110214,0.5595150624540779,0.5518001469507715,0.5617193240264511,0.5418809698750918,0.5407788390889052,0.5304922850844966,0.5382072005878031,0.5595150624540779,0.5198383541513593,0.5400440852314474,0.5345334313005143,0.5506980161645849,0.5701689933872153,0.5290227773695811,0.5051432770022043,0.5551065393093314,0.5661278471711977,0.5249816311535636,0.5653930933137399,0.553269654665687,0.5231447465099192,0.5315944158706833,0.5462894930198383,0.5628214548126378,0.5360029390154298,0.5290227773695811,0.5202057310800882,0.5617193240264511,0.5734753857457752,0.5459221160911095,0.5400440852314474,0.532329169728141,0.547391623806025,0.544452608376194,0.5202057310800882,0.5308596620132255,0.574210139603233,0.550330639235856,0.5396767083027186,0.5617193240264511,0.5554739162380602,0.5246142542248347
ACM	GNN	0.5062454077883909,0.4114621601763409,0.4922850844966936,0.43387215282880237,0.4129316678912564,0.526451138868479,0.47685525349008084,0.4419544452608376,0.4360764144011756,0.42064658339456285,0.4346069066862601,0.4860396767083027,0.43497428361498897,0.4118295371050698,0.4243203526818516,0.461425422483468,0.47354886113152095,0.47942689199118294,0.4404849375459221,0.44452608376193975,0.402277736958119,0.4566495224099926,0.535268185157972,0.5132255694342396,0.5022042615723733,0.46730345334313006,0.41256429096252756,0.5099191770756797,0.49485672299779576,0.5279206465833945,0.4566495224099926,0.45077149155033064,0.4272593681116826,0.5844966936076414,0.47501836884643645,0.5411462160176341,0.38795003673769285,0.39162380602498165,0.4886113152094049,0.4404849375459221,0.47207935341660545,0.45224099926524614,0.4004408523144746,0.4786921381337252,0.4423218221895665,0.42689199118295373,0.5183688464364438,0.4228508449669361,0.4713445995591477,0.5672299779573843,0.3798677443056576,0.4434239529757531,0.5371050698016164,0.5363703159441587,0.5576781778104335,0.4423218221895665,0.48310066127847173,0.5411462160176341,0.46436443791329907,0.5073475385745775,0.5315944158706833,0.49742836149889785,0.4055841293166789,0.4500367376928729,0.4210139603232917,0.37545922116091107,0.5385745775165319,0.46399706098457016,0.35745775165319615,0.47465099191770754,0.41440117560617196,0.4276267450404115,0.4419544452608376,0.4151359294636297,0.38060249816311537,0.3997060984570169,0.46730345334313006,0.5484937545922116,0.43387215282880237,0.43681116825863336,0.5635562086700955,0.4632623071271124,0.5110213078618663,0.5165319617927994,0.4357090374724467,0.5510653930933137,0.4243203526818516,0.458486407053637,0.45040411462160174,0.5191036002939016,0.4592211609110948,0.4662013225569434,0.40595150624540777,0.4636296840558413,0.4566495224099926,0.4371785451873622,0.41403379867744305,0.49118295371050696,0.4592211609110948,0.4632623071271124
ACM	GG	0.5602498163115356,0.5797207935341661,0.49485672299779576,0.523879500367377,0.600661278471712,0.6013960323291697,0.6311535635562087,0.5440852314474651,0.6076414401175606,0.48971344599559147,0.6061719324026451,0.5929463629684056,0.5639235855988244,0.5459221160911095,0.6168258633357825,0.6120499632623071,0.5521675238795004,0.5205731080088171,0.6160911094783248,0.43534166054371787,0.47501836884643645,0.6293166789125643,0.6311535635562087,0.5558412931667891,0.5727406318883174,0.4647318148420279,0.5955180014695077,0.6271124173401911,0.5900073475385745,0.6344599559147686,0.5819250551065394,0.5738427626745041,0.526818515797208,0.630418809698751,0.6120499632623071,0.5631888317413667,0.5863335782512858,0.6271124173401911,0.5734753857457752,0.6017634092578986,0.5852314474650991,0.5661278471711977,0.5007347538574578,0.5815576781778105,0.6054371785451874,0.40962527553269656,0.5653930933137399,0.5808229243203527,0.5903747244673034,0.6061719324026451,0.606539309331374,0.5664952240999265,0.5400440852314474,0.5301249081557678,0.6300514327700221,0.6274797942689199,0.6032329169728141,0.5260837619397501,0.6285819250551066,0.5051432770022043,0.5940484937545922,0.5793534166054372,0.5018368846436444,0.5231447465099192,0.5808229243203527,0.6072740631888317,0.532329169728141,0.5955180014695077,0.45518001469507713,0.5731080088170463,0.5639235855988244,0.5951506245407788,0.5205731080088171,0.6098457016899339,0.5951506245407788,0.6017634092578986,0.6028655400440852,0.5187362233651727,0.5911094783247612,0.5367376928728875,0.6069066862601029,0.5863335782512858,0.5793534166054372,0.582659808963997,0.5712711241734019,0.5889052167523879,0.30602498163115355,0.5602498163115356,0.5962527553269654,0.44783247612049965,0.6355620867009552,0.3919911829537105,0.5775165319617928,0.4849375459221161,0.6157237325495959,0.43828067597354886,0.44599559147685525,0.6105804555473916,0.6131520940484938,0.6329904481998531
ACM	GG2	0.5764144011756062,0.5753122703894196,0.635929463629684,0.6385011021307861,0.5936811168258633,0.6021307861866275,0.630418809698751,0.6002939015429831,0.633357825128582,0.5988243938280676,0.6179279941219692,0.5944158706833211,0.600661278471712,0.5863335782512858,0.6186627479794269,0.6098457016899339,0.5793534166054372,0.5642909625275533,0.6116825863335783,0.5852314474650991,0.6028655400440852,0.612417340191036,0.6241734019103601,0.5727406318883174,0.5760470242468773,0.5933137398971344,0.5778839088905217,0.6098457016899339,0.6249081557678178,0.6414401175606171,0.618295371050698,0.5962527553269654,0.6256429096252756,0.6554004408523145,0.6278471711976488,0.6135194709772226,0.5833945628214549,0.6256429096252756,0.5326965466568699,0.5892725936811168,0.606539309331374,0.6274797942689199,0.6109478324761205,0.5896399706098457,0.6047024246877296,0.5426157237325496,0.6109478324761205,0.5969875091844232,0.5977222630418809,0.6032329169728141,0.6249081557678178,0.574210139603233,0.6267450404114622,0.583027185892726,0.6227038941954445,0.6443791329904482,0.5936811168258633,0.6058045554739162,0.6348273328434975,0.6069066862601029,0.5999265246142542,0.588537839823659,0.603600293901543,0.6193975018368847,0.609478324761205,0.6410727406318883,0.5878030859662013,0.5988243938280676,0.588537839823659,0.5903747244673034,0.5587803085966201,0.5991917707567965,0.5360029390154298,0.6083761939750184,0.6285819250551066,0.6149889786921381,0.6307861866274798,0.5844966936076414,0.6105804555473916,0.5525349008082292,0.6120499632623071,0.6080088170462895,0.6113152094048494,0.5929463629684056,0.5999265246142542,0.5911094783247612,0.6168258633357825,0.6002939015429831,0.6208670095518002,0.5382072005878031,0.6307861866274798,0.6058045554739162,0.6010286554004408,0.5940484937545922,0.6502571638501102,0.6083761939750184,0.5587803085966201,0.5962527553269654,0.5988243938280676,0.6219691403379868
BAT	GEE	0.4,0.4608695652173913,0.4956521739130435,0.5043478260869565,0.3391304347826087,0.3826086956521739,0.4,0.45217391304347826,0.48695652173913045,0.48695652173913045,0.40869565217391307,0.40869565217391307,0.4782608695652174,0.3565217391304348,0.4608695652173913,0.41739130434782606,0.46956521739130436,0.4260869565217391,0.4782608695652174,0.391304347826087,0.391304347826087,0.34782608695652173,0.5391304347826087,0.5391304347826087,0.4,0.4782608695652174,0.40869565217391307,0.4434782608695652,0.43478260869565216,0.5217391304347826,0.3391304347826087,0.4434782608695652,0.3565217391304348,0.34782608695652173,0.5130434782608696,0.3652173913043478,0.4956521739130435,0.45217391304347826,0.4434782608695652,0.4,0.3391304347826087,0.45217391304347826,0.4,0.3130434782608696,0.40869565217391307,0.46956521739130436,0.3565217391304348,0.4434782608695652,0.4608695652173913,0.391304347826087,0.46956521739130436,0.3652173913043478,0.46956521739130436,0.3652173913043478,0.3391304347826087,0.34782608695652173,0.45217391304347826,0.3739130434782609,0.48695652173913045,0.4608695652173913,0.4608695652173913,0.3739130434782609,0.3565217391304348,0.41739130434782606,0.3652173913043478,0.5391304347826087,0.3391304347826087,0.4260869565217391,0.3739130434782609,0.4434782608695652,0.3826086956521739,0.4782608695652174,0.5391304347826087,0.3565217391304348,0.3652173913043478,0.3739130434782609,0.391304347826087,0.33043478260869563,0.4260869565217391,0.46956521739130436,0.5130434782608696,0.3391304347826087,0.45217391304347826,0.4608695652173913,0.4608695652173913,0.5652173913043478,0.3391304347826087,0.41739130434782606,0.41739130434782606,0.46956521739130436,0.3391304347826087,0.391304347826087,0.4782608695652174,0.4260869565217391,0.4608695652173913,0.5043478260869565,0.46956521739130436,0.45217391304347826,0.40869565217391307,0.33043478260869563
BAT	GNN	0.2608695652173913,0.26956521739130435,0.2956521739130435,0.3826086956521739,0.24347826086956523,0.28695652173913044,0.2608695652173913,0.2782608695652174,0.20869565217391303,0.33043478260869563,0.3217391304347826,0.2782608695652174,0.3391304347826087,0.3130434782608696,0.2608695652173913,0.26956521739130435,0.26956521739130435,0.3391304347826087,0.22608695652173913,0.26956521739130435,0.21739130434782608,0.34782608695652173,0.3130434782608696,0.3565217391304348,0.28695652173913044,0.3739130434782609,0.25217391304347825,0.2956521739130435,0.3652173913043478,0.3391304347826087,0.24347826086956523,0.33043478260869563,0.3565217391304348,0.33043478260869563,0.2956521739130435,0.16521739130434782,0.30434782608695654,0.30434782608695654,0.33043478260869563,0.30434782608695654,0.34782608695652173,0.30434782608695654,0.4,0.2956521739130435,0.3130434782608696,0.3217391304347826,0.3565217391304348,0.2782608695652174,0.33043478260869563,0.23478260869565218,0.3130434782608696,0.2956521739130435,0.3652173913043478,0.41739130434782606,0.28695652173913044,0.4,0.3130434782608696,0.3565217391304348,0.41739130434782606,0.3130434782608696,0.4,0.23478260869565218,0.33043478260869563,0.30434782608695654,0.4,0.28695652173913044,0.3826086956521739,0.2956521739130435,0.3217391304347826,0.26956521739130435,0.2956521739130435,0.3391304347826087,0.21739130434782608,0.34782608695652173,0.3130434782608696,0.28695652173913044,0.21739130434782608,0.25217391304347825,0.2956521739130435,0.28695652173913044,0.2608695652173913,0.28695652173913044,0.26956521739130435,0.3565217391304348,0.2608695652173913,0.2782608695652174,0.1826086956521739,0.26956521739130435,0.3217391304347826,0.2956521739130435,0.26956521739130435,0.2782608695652174,0.41739130434782606,0.2956521739130435,0.3565217391304348,0.34782608695652173,0.1826086956521739,0.391304347826087,0.24347826086956523,0.2782608695652174
BAT	GG	0.34782608695652173,0.33043478260869563,0.4434782608695652,0.4608695652173913,0.3739130434782609,0.3826086956521739,0.41739130434782606,0.3826086956521739,0.45217391304347826,0.4782608695652174,0.391304347826087,0.3565217391304348,0.4608695652173913,0.40869565217391307,0.48695652173913045,0.3826086956521739,0.3739130434782609,0.48695652173913045,0.34782608695652173,0.41739130434782606,0.4,0.4260869565217391,0.4608695652173913,0.4434782608695652,0.26956521739130435,0.3652173913043478,0.3826086956521739,0.28695652173913044,0.3565217391304348,0.33043478260869563,0.2956521739130435,0.3739130434782609,0.40869565217391307,0.3565217391304348,0.5217391304347826,0.34782608695652173,0.3652173913043478,0.4956521739130435,0.5304347826086957,0.4782608695652174,0.3217391304347826,0.3130434782608696,0.3130434782608696,0.21739130434782608,0.45217391304347826,0.3739130434782609,0.33043478260869563,0.5304347826086957,0.46956521739130436,0.34782608695652173,0.4608695652173913,0.4,0.4,0.26956521739130435,0.4434782608695652,0.3565217391304348,0.4608695652173913,0.26956521739130435,0.4434782608695652,0.4434782608695652,0.3739130434782609,0.3652173913043478,0.21739130434782608,0.48695652173913045,0.3130434782608696,0.2956521739130435,0.3217391304347826,0.4260869565217391,0.2956521739130435,0.4782608695652174,0.28695652173913044,0.2956521739130435,0.4956521739130435,0.19130434782608696,0.25217391304347825,0.4260869565217391,0.4260869565217391,0.40869565217391307,0.30434782608695654,0.4956521739130435,0.4,0.28695652173913044,0.391304347826087,0.391304347826087,0.3217391304347826,0.4434782608695652,0.391304347826087,0.41739130434782606,0.48695652173913045,0.45217391304347826,0.4,0.48695652173913045,0.5217391304347826,0.5130434782608696,0.5130434782608696,0.48695652173913045,0.3826086956521739,0.40869565217391307,0.26956521739130435,0.3391304347826087
BAT	GG2	0.391304347826087,0.3652173913043478,0.5043478260869565,0.48695652173913045,0.4434782608695652,0.3652173913043478,0.3391304347826087,0.4260869565217391,0.4260869565217391,0.5478260869565217,0.43478260869565216,0.4,0.4782608695652174,0.33043478260869563,0.46956521739130436,0.3739130434782609,0.46956521739130436,0.4956521739130435,0.4608695652173913,0.43478260869565216,0.3652173913043478,0.3826086956521739,0.5652173913043478,0.5391304347826087,0.3739130434782609,0.4956521739130435,0.4,0.30434782608695654,0.3391304347826087,0.45217391304347826,0.41739130434782606,0.40869565217391307,0.30434782608695654,0.4,0.5826086956521739,0.391304347826087,0.34782608695652173,0.4608695652173913,0.5130434782608696,0.45217391304347826,0.2956521739130435,0.4782608695652174,0.3652173913043478,0.3217391304347826,0.4434782608695652,0.4,0.3217391304347826,0.5130434782608696,0.4434782608695652,0.391304347826087,0.45217391304347826,0.4260869565217391,0.41739130434782606,0.3391304347826087,0.33043478260869563,0.46956521739130436,0.4608695652173913,0.4260869565217391,0.5304347826086957,0.4782608695652174,0.41739130434782606,0.40869565217391307,0.2608695652173913,0.5217391304347826,0.40869565217391307,0.40869565217391307,0.46956521739130436,0.5217391304347826,0.4608695652173913,0.48695652173913045,0.41739130434782606,0.48695652173913045,0.5652173913043478,0.3391304347826087,0.2956521739130435,0.40869565217391307,0.4608695652173913,0.33043478260869563,0.3565217391304348,0.4782608695652174,0.5304347826086957,0.391304347826087,0.45217391304347826,0.2956521739130435,0.4956521739130435,0.4956521739130435,0.391304347826087,0.4434782608695652,0.43478260869565216,0.4608695652173913,0.34782608695652173,0.40869565217391307,0.5304347826086957,0.45217391304347826,0.4434782608695652,0.5130434782608696,0.3826086956521739,0.45217391304347826,0.4260869565217391,0.391304347826087
DBLP	GEE	0.3464804163242947,0.3451109285127362,0.3527800602574637,0.3470282114489181,0.36236647493837304,0.3585319090660093,0.34867159682278825,0.3511366748835935,0.36181867981374966,0.36455765543686663,0.36866611887154205,0.36044919200219117,0.35634072856751575,0.3533278553820871,0.3478499041358532,0.3719528896192824,0.35551903588058065,0.36044919200219117,0.36510545056149,0.3536017529443988,0.36181867981374966,0.36236647493837304,0.358805806628321,0.3357984113941386,0.3585319090660093,0.35771021637907424,0.34264585045193097,0.352506162695152,0.346206518761983,0.3536017529443988,0.36729663105998356,0.311147630786086,0.3473021090112298,0.3470282114489181,0.34264585045193097,0.32210353327855384,0.3464804163242947,0.34593262119967133,0.3607230895645029,0.33442892358258014,0.3593536017529444,0.3355245138318269,0.3464804163242947,0.3420980553273076,0.34401533826348946,0.3530539578197754,0.3536017529443988,0.35606683100520403,0.3683922213092303,0.3579841139413859,0.3470282114489181,0.35497124075595726,0.3599013968775678,0.37277458230621746,0.35168447000821695,0.35223226513284034,0.3349767187072035,0.3407285675157491,0.3475760065735415,0.36729663105998356,0.33305943577102165,0.3470282114489181,0.3544234456313339,0.35497124075595726,0.3519583675705286,0.3533278553820871,0.35634072856751575,0.35223226513284034,0.36127088468912627,0.3601752944398795,0.3492193919474117,0.352506162695152,0.3642837578745549,0.3683922213092303,0.34264585045193097,0.358805806628321,0.34867159682278825,0.3415502602026842,0.35771021637907424,0.3473021090112298,0.31388660640920296,0.35606683100520403,0.377704738427828,0.35661462612982747,0.3640098603122432,0.36236647493837304,0.3366201040810737,0.3596274993152561,0.3511366748835935,0.3607230895645029,0.34401533826348946,0.3642837578745549,0.3544234456313339,0.3634620651876198,0.35688852369213914,0.3536017529443988,0.35661462612982747,0.3620925773760614,0.3629142700629964,0.36044919200219117
DBLP	GNN	0.3297726650232813,0.29717885510818953,0.3245686113393591,0.30923034784990416,0.3160777869076965,0.3179950698438784,0.30703916735141057,0.3056696795398521,0.3168994795946316,0.37003560668310054,0.33305943577102165,0.25965488907148726,0.3196384552177486,0.27608874281018897,0.2708846891262668,0.29745275267050125,0.30923034784990416,0.3234730210901123,0.3530539578197754,0.21665297178855109,0.32402081621473566,0.23527800602574636,0.3231991235278006,0.3179950698438784,0.27745823062174746,0.3051218844152287,0.292248698986579,0.31991235278006025,0.2152834839769926,0.32210353327855384,0.2854012599287866,0.2936181867981375,0.27061079156395507,0.3355245138318269,0.3160777869076965,0.30813475760065734,0.22404820597096686,0.2936181867981375,0.3223774308408655,0.32758148452478775,0.3601752944398795,0.2645850451930978,0.2771843330594358,0.33032046014790467,0.292248698986579,0.32703368940016436,0.3256642015886059,0.3114215283483977,0.257189811010682,0.3333333333333333,0.2818405916187346,0.31498219665844973,0.30923034784990416,0.3582580115036976,0.30895645028759244,0.30430019172829365,0.2558203231991235,0.34346754313886607,0.30210901122980005,0.2752670501232539,0.3018351136674884,0.27964941112024105,0.33826348945494383,0.29197480142426735,0.32675979183785264,0.34538482607504795,0.3489454943851,0.33634620651876196,0.3059435771021638,0.30923034784990416,0.31443440153382635,0.3607230895645029,0.31498219665844973,0.3349767187072035,0.29690495754587787,0.34319364557655435,0.3292248698986579,0.2867707477403451,0.3489454943851,0.26047658175842237,0.29608326485894276,0.2741714598740071,0.3705834018077239,0.34538482607504795,0.32621199671322926,0.30840865516296906,0.2703368940016434,0.3319638455217749,0.31032593809915093,0.3037523966036702,0.30977814297452755,0.3127910161599562,0.3086825527252807,0.3179950698438784,0.30238290879211177,0.31361270884689124,0.2736236647493837,0.36592714324842507,0.35168447000821695,0.36729663105998356
DBLP	GG	0.33032046014790467,0.3546973431936456,0.39112571898110104,0.355245138318269,0.3640098603122432,0.3705834018077239,0.36181867981374966,0.37277458230621746,0.3892084360449192,0.34483703095042456,0.38509997261024376,0.3889345384826075,0.3848260750479321,0.4026294165981923,0.3703095042454122,0.42974527526705014,0.346206518761983,0.3853738701725555,0.3574363188167625,0.3935907970419063,0.3357984113941386,0.38564776773486714,0.35771021637907424,0.3388112845795672,0.3601752944398795,0.35579293344289237,0.3722267871815941,0.3771569433032046,0.33032046014790467,0.3478499041358532,0.3366201040810737,0.36866611887154205,0.3883867433579841,0.36866611887154205,0.37441796768008767,0.3697617091207888,0.3489454943851,0.3601752944398795,0.3582580115036976,0.35086277732128185,0.3993426458504519,0.3662010408107368,0.3703095042454122,0.36044919200219117,0.35223226513284034,0.3957819775403999,0.3757874554916461,0.41577649958915364,0.3763352506162695,0.3333333333333333,0.3114215283483977,0.4141331142152835,0.3640098603122432,0.3396329772665023,0.39906874828814026,0.3955080799780882,0.3475760065735415,0.3352506162695152,0.39413859216652974,0.3848260750479321,0.39249520679265953,0.3451109285127362,0.36154478225143794,0.3648315529991783,0.3264858942755409,0.3497671870720351,0.37332237743084085,0.3404546699534374,0.36729663105998356,0.36948781155847715,0.33032046014790467,0.3341550260202684,0.39276910435497125,0.38126540673788,0.33032046014790467,0.4135853190906601,0.36921391399616543,0.3607230895645029,0.3881128457956724,0.3640098603122432,0.3760613530539578,0.38099150917556834,0.3511366748835935,0.34456313338811284,0.40509449465899755,0.35688852369213914,0.3916735141057245,0.3719528896192824,0.352506162695152,0.3451109285127362,0.3719528896192824,0.35661462612982747,0.38783894823336074,0.3779786359901397,0.31580388934538484,0.3585319090660093,0.30813475760065734,0.33168994795946316,0.3349767187072035,0.36921391399616543
DBLP	GG2	0.4061900849082443,0.346206518761983,0.35168447000821695,0.35086277732128185,0.3319638455217749,0.41468090933990687,0.3897562311695426,0.4020816214735689,0.4308408655162969,0.36510545056149,0.3853738701725555,0.33990687482881404,0.4086551629690496,0.40564228978362094,0.3171733771569433,0.36264037250068476,0.393864694604218,0.3675705286222953,0.36510545056149,0.37441796768008767,0.36510545056149,0.4182415776499589,0.39468638729115313,0.36373596274993153,0.35497124075595726,0.3360723089564503,0.4020816214735689,0.3892084360449192,0.3993426458504519,0.3423719528896193,0.3916735141057245,0.3530539578197754,0.3483976992604766,0.40564228978362094,0.3829087921117502,0.36647493837304845,0.35168447000821695,0.39413859216652974,0.355245138318269,0.33716789920569706,0.34319364557655435,0.3629142700629964,0.35004108463434674,0.3629142700629964,0.39742536291427005,0.39139961654341276,0.38592166529717886,0.4059161873459326,0.4020816214735689,0.39687756778964667,0.3985209531635168,0.4086551629690496,0.39331689947959464,0.42152834839769926,0.4086551629690496,0.3963297726650233,0.35141057244590523,0.33223774308408655,0.3881128457956724,0.41741988496302385,0.3464804163242947,0.33305943577102165,0.4078334702821145,0.35606683100520403,0.36811832374691866,0.36373596274993153,0.3725006847439058,0.34483703095042456,0.4070117775951794,0.2881402355519036,0.39057792385647766,0.40427280197206245,0.41112024102985484,0.3599013968775678,0.3582580115036976,0.3853738701725555,0.3711311969323473,0.3716789920569707,0.355245138318269,0.39797315803889344,0.37003560668310054,0.4116680361544782,0.35551903588058065,0.4113941385921665,0.4196110654615174,0.3722267871815941,0.35716242125445086,0.4061900849082443,0.358805806628321,0.3388112845795672,0.30484798685291703,0.38044371405094496,0.3900301287318543,0.42262393864694603,0.35223226513284034,0.38044371405094496,0.384004382360997,0.39139961654341276,0.358805806628321,0.4094768556559847
EAT	GEE	0.3983286908077994,0.41225626740947074,0.3593314763231198,0.4596100278551532,0.37604456824512533,0.4428969359331476,0.3231197771587744,0.40668523676880225,0.38997214484679665,0.3983286908077994,0.28690807799442897,0.37604456824512533,0.31197771587743733,0.3649025069637883,0.3342618384401114,0.35376044568245124,0.35376044568245124,0.403899721448468,0.479108635097493,0.4178272980501393,0.3565459610027855,0.33147632311977715,0.34540389972144847,0.3565459610027855,0.41225626740947074,0.38440111420612816,0.46518105849582175,0.3732590529247911,0.415041782729805,0.4428969359331476,0.28969359331476324,0.3231197771587744,0.34818941504178275,0.5236768802228412,0.3649025069637883,0.4456824512534819,0.43454038997214484,0.34818941504178275,0.42618384401114207,0.37604456824512533,0.4233983286908078,0.3286908077994429,0.4206128133704735,0.3565459610027855,0.362116991643454,0.3649025069637883,0.3231197771587744,0.2395543175487465,0.3008356545961003,0.3983286908077994,0.47075208913649025,0.3871866295264624,0.37047353760445684,0.3816155988857939,0.43454038997214484,0.3983286908077994,0.3593314763231198,0.29526462395543174,0.3983286908077994,0.34818941504178275,0.41225626740947074,0.2841225626740947,0.37047353760445684,0.3871866295264624,0.4233983286908078,0.2757660167130919,0.29526462395543174,0.298050139275766,0.32590529247910865,0.35376044568245124,0.3871866295264624,0.29526462395543174,0.41225626740947074,0.44846796657381616,0.30919220055710306,0.43175487465181056,0.467966573816156,0.39275766016713093,0.3816155988857939,0.43454038997214484,0.3426183844011142,0.41225626740947074,0.48746518105849584,0.35097493036211697,0.3593314763231198,0.415041782729805,0.41225626740947074,0.298050139275766,0.37604456824512533,0.2590529247910863,0.4568245125348189,0.479108635097493,0.44846796657381616,0.40947075208913647,0.3649025069637883,0.38440111420612816,0.403899721448468,0.43175487465181056,0.298050139275766,0.4596100278551532
EAT	GNN	0.415041782729805,0.30919220055710306,0.38440111420612816,0.34818941504178275,0.3426183844011142,0.35097493036211697,0.34818941504178275,0.35376044568245124,0.35097493036211697,0.3565459610027855,0.33147632311977715,0.30919220055710306,0.34540389972144847,0.362116991643454,0.18384401114206128,0.4011142061281337,0.3231197771587744,0.35097493036211697,0.34540389972144847,0.32590529247910865,0.2479108635097493,0.3203342618384401,0.3342618384401114,0.3871866295264624,0.3231197771587744,0.37047353760445684,0.2479108635097493,0.32590529247910865,0.25069637883008355,0.4011142061281337,0.33147632311977715,0.3286908077994429,0.2841225626740947,0.30919220055710306,0.42618384401114207,0.37047353760445684,0.24512534818941503,0.3788300835654596,0.31197771587743733,0.362116991643454,0.3649025069637883,0.2562674094707521,0.33147632311977715,0.25348189415041783,0.3426183844011142,0.31197771587743733,0.37604456824512533,0.3593314763231198,0.3398328690807799,0.2562674094707521,0.29526462395543174,0.24512534818941503,0.362116991643454,0.3398328690807799,0.33147632311977715,0.3788300835654596,0.30362116991643456,0.362116991643454,0.3788300835654596,0.39275766016713093,0.3147632311977716,0.32590529247910865,0.35097493036211697,0.3286908077994429,0.37047353760445684,0.3426183844011142,0.4011142061281337,0.3231197771587744,0.31754874651810583,0.3426183844011142,0.2841225626740947,0.3816155988857939,0.34540389972144847,0.3231197771587744,0.30362116991643456,0.29526462395543174,0.3342618384401114,0.42618384401114207,0.3370473537604457,0.34540389972144847,0.27019498607242337,0.32590529247910865,0.22841225626740946,0.3565459610027855,0.28690807799442897,0.403899721448468,0.2785515320334262,0.35097493036211697,0.30919220055710306,0.3565459610027855,0.35097493036211697,0.4233983286908078,0.403899721448468,0.32590529247910865,0.27298050139275765,0.28690807799442897,0.28969359331476324,0.362116991643454,0.30362116991643456,0.36768802228412256
EAT	GG	0.43175487465181056,0.3147632311977716,0.36768802228412256,0.34540389972144847,0.37604456824512533,0.3426183844011142,0.3426183844011142,0.3342618384401114,0.3370473537604457,0.28690807799442897,0.3370473537604457,0.3816155988857939,0.3983286908077994,0.33147632311977715,0.3398328690807799,0.37604456824512533,0.3871866295264624,0.40668523676880225,0.35097493036211697,0.42618384401114207,0.31197771587743733,0.3788300835654596,0.3064066852367688,0.41225626740947074,0.1977715877437326,0.2590529247910863,0.35376044568245124,0.3370473537604457,0.21448467966573817,0.3231197771587744,0.22841225626740946,0.24233983286908078,0.36768802228412256,0.298050139275766,0.42896935933147634,0.34540389972144847,0.29526462395543174,0.3286908077994429,0.4233983286908078,0.3342618384401114,0.26740947075208915,0.298050139275766,0.34818941504178275,0.2116991643454039,0.34818941504178275,0.3788300835654596,0.362116991643454,0.3370473537604457,0.3426183844011142,0.3064066852367688,0.3231197771587744,0.35376044568245124,0.34540389972144847,0.22562674094707522,0.38440111420612816,0.4011142061281337,0.30919220055710306,0.3008356545961003,0.298050139275766,0.35097493036211697,0.38440111420612816,0.3565459610027855,0.22841225626740946,0.38440111420612816,0.25348189415041783,0.1977715877437326,0.34818941504178275,0.28690807799442897,0.38997214484679665,0.3649025069637883,0.28133704735376047,0.1977715877437326,0.3398328690807799,0.3231197771587744,0.3398328690807799,0.34818941504178275,0.40947075208913647,0.40668523676880225,0.298050139275766,0.43175487465181056,0.298050139275766,0.28690807799442897,0.44846796657381616,0.1894150417827298,0.33147632311977715,0.27298050139275765,0.3398328690807799,0.3816155988857939,0.38440111420612816,0.3983286908077994,0.3565459610027855,0.31197771587743733,0.3398328690807799,0.35376044568245124,0.3983286908077994,0.3342618384401114,0.36768802228412256,0.3788300835654596,0.32590529247910865,0.32590529247910865
EAT	GG2	0.43175487465181056,0.3398328690807799,0.3732590529247911,0.4206128133704735,0.3565459610027855,0.43175487465181056,0.3147632311977716,0.38440111420612816,0.40668523676880225,0.44846796657381616,0.30362116991643456,0.4178272980501393,0.31754874651810583,0.33147632311977715,0.2924791086350975,0.37047353760445684,0.4011142061281337,0.39275766016713093,0.4401114206128134,0.41225626740947074,0.3565459610027855,0.3565459610027855,0.3816155988857939,0.42896935933147634,0.38997214484679665,0.37604456824512533,0.42618384401114207,0.3147632311977716,0.4178272980501393,0.34818941504178275,0.3398328690807799,0.27019498607242337,0.38440111420612816,0.42618384401114207,0.4206128133704735,0.4178272980501393,0.3983286908077994,0.3649025069637883,0.4401114206128134,0.37047353760445684,0.44846796657381616,0.31754874651810583,0.3788300835654596,0.34818941504178275,0.362116991643454,0.3788300835654596,0.35097493036211697,0.3231197771587744,0.37047353760445684,0.4178272980501393,0.5013927576601671,0.3983286908077994,0.39275766016713093,0.42896935933147634,0.4763231197771588,0.4428969359331476,0.4011142061281337,0.2618384401114206,0.3286908077994429,0.3649025069637883,0.3286908077994429,0.3286908077994429,0.3231197771587744,0.3983286908077994,0.4178272980501393,0.2841225626740947,0.3593314763231198,0.3732590529247911,0.3983286908077994,0.37047353760445684,0.4011142061281337,0.2395543175487465,0.4456824512534819,0.30919220055710306,0.3342618384401114,0.3231197771587744,0.49303621169916434,0.4178272980501393,0.3286908077994429,0.41225626740947074,0.27019498607242337,0.43454038997214484,0.49303621169916434,0.3342618384401114,0.35097493036211697,0.415041782729805,0.34818941504178275,0.31754874651810583,0.40668523676880225,0.3816155988857939,0.45125348189415043,0.4596100278551532,0.4568245125348189,0.3871866295264624,0.362116991643454,0.36768802228412256,0.4428969359331476,0.38440111420612816,0.34540389972144847,0.35376044568245124
UAT	GEE	0.48411214953271026,0.46448598130841123,0.48878504672897194,0.4205607476635514,0.4691588785046729,0.45794392523364486,0.49065420560747663,0.4934579439252336,0.48878504672897194,0.48317757009345796,0.49439252336448597,0.46074766355140184,0.47102803738317756,0.44018691588785047,0.4869158878504673,0.49065420560747663,0.4308411214953271,0.4981308411214953,0.4738317757009346,0.45607476635514016,0.48785046728971965,0.48411214953271026,0.4635514018691589,0.46822429906542057,0.46822429906542057,0.5308411214953271,0.4897196261682243,0.3990654205607477,0.4570093457943925,0.47757009345794393,0.48411214953271026,0.4766355140186916,0.3981308411214953,0.48130841121495327,0.4794392523364486,0.49906542056074765,0.4850467289719626,0.4850467289719626,0.4663551401869159,0.40654205607476634,0.4822429906542056,0.4981308411214953,0.49439252336448597,0.5018691588785047,0.4803738317757009,0.497196261682243,0.5224299065420561,0.4981308411214953,0.4785046728971963,0.5,0.4327102803738318,0.48411214953271026,0.42429906542056073,0.48598130841121495,0.5112149532710281,0.46261682242990654,0.5121495327102804,0.45981308411214955,0.5046728971962616,0.516822429906542,0.48317757009345796,0.5018691588785047,0.5018691588785047,0.47570093457943924,0.516822429906542,0.4504672897196262,0.45514018691588787,0.44672897196261685,0.5205607476635514,0.4158878504672897,0.4953271028037383,0.5074766355140187,0.497196261682243,0.4869158878504673,0.4616822429906542,0.4523364485981308,0.4616822429906542,0.3878504672897196,0.46822429906542057,0.5,0.42149532710280374,0.4869158878504673,0.5074766355140187,0.4457943925233645,0.42429906542056073,0.4897196261682243,0.49906542056074765,0.502803738317757,0.4177570093457944,0.48878504672897194,0.4785046728971963,0.4822429906542056,0.3878504672897196,0.5102803738317757,0.44953271028037384,0.508411214953271,0.3925233644859813,0.47102803738317756,0.4504672897196262,0.4570093457943925
UAT	GNN	0.3747663551401869,0.3981308411214953,0.3448598130841122,0.39532710280373834,0.3233644859813084,0.394392523364486,0.36542056074766355,0.29906542056074764,0.3560747663551402,0.43457943925233644,0.3317757009345794,0.32149532710280376,0.43457943925233644,0.37850467289719625,0.28130841121495326,0.3691588785046729,0.385981308411215,0.402803738317757,0.41682242990654206,0.3747663551401869,0.3130841121495327,0.34205607476635513,0.4532710280373832,0.39158878504672895,0.33084112149532713,0.402803738317757,0.29345794392523367,0.34766355140186916,0.3186915887850467,0.38317757009345793,0.40373831775700936,0.45607476635514016,0.4093457943925234,0.4439252336448598,0.4224299065420561,0.3364485981308411,0.297196261682243,0.34766355140186916,0.31962616822429907,0.36074766355140186,0.3485981308411215,0.34579439252336447,0.36822429906542054,0.3299065420560748,0.3813084112149533,0.32710280373831774,0.3719626168224299,0.3542056074766355,0.4,0.3448598130841122,0.3168224299065421,0.36355140186915885,0.4672897196261682,0.39158878504672895,0.3579439252336449,0.36542056074766355,0.3485981308411215,0.4523364485981308,0.37009345794392523,0.41495327102803736,0.37570093457943926,0.3467289719626168,0.4280373831775701,0.405607476635514,0.4205607476635514,0.385981308411215,0.40654205607476634,0.3981308411214953,0.3644859813084112,0.3364485981308411,0.31401869158878504,0.4261682242990654,0.4009345794392523,0.3560747663551402,0.3429906542056075,0.4308411214953271,0.3355140186915888,0.39065420560747666,0.47289719626168225,0.41962616822429905,0.33457943925233646,0.3728971962616822,0.3074766355140187,0.3710280373831776,0.4738317757009346,0.4308411214953271,0.3766355140186916,0.3336448598130841,0.4672897196261682,0.4261682242990654,0.4158878504672897,0.39532710280373834,0.3878504672897196,0.3233644859813084,0.4009345794392523,0.34392523364485983,0.3205607476635514,0.43644859813084114,0.3878504672897196,0.4177570093457944
UAT	GG	0.3747663551401869,0.41869158878504675,0.4700934579439252,0.4514018691588785,0.48411214953271026,0.4261682242990654,0.4392523364485981,0.4009345794392523,0.385981308411215,0.4355140186915888,0.42149532710280374,0.38878504672897196,0.4336448598130841,0.41869158878504675,0.4570093457943925,0.4822429906542056,0.4635514018691589,0.397196261682243,0.47757009345794393,0.4289719626168224,0.36542056074766355,0.47289719626168225,0.4822429906542056,0.3850467289719626,0.30934579439252335,0.41869158878504675,0.43644859813084114,0.4289719626168224,0.4654205607476635,0.4504672897196262,0.40373831775700936,0.45514018691588787,0.4532710280373832,0.45794392523364486,0.4355140186915888,0.5196261682242991,0.4672897196261682,0.4308411214953271,0.41401869158878507,0.4654205607476635,0.23925233644859814,0.4289719626168224,0.4794392523364486,0.4691588785046729,0.41682242990654206,0.49065420560747663,0.385981308411215,0.48130841121495327,0.42990654205607476,0.4121495327102804,0.4504672897196262,0.46261682242990654,0.4,0.49252336448598133,0.4383177570093458,0.4158878504672897,0.4719626168224299,0.4719626168224299,0.47570093457943924,0.4850467289719626,0.45794392523364486,0.35046728971962615,0.5158878504672897,0.4327102803738318,0.33925233644859815,0.4074766355140187,0.32149532710280376,0.47102803738317756,0.38691588785046727,0.4514018691588785,0.35700934579439253,0.4869158878504673,0.4747663551401869,0.4897196261682243,0.4252336448598131,0.411214953271028,0.3411214953271028,0.36822429906542054,0.4373831775700935,0.4663551401869159,0.41401869158878507,0.44485981308411215,0.36822429906542054,0.33084112149532713,0.44766355140186914,0.44953271028037384,0.4691588785046729,0.40186915887850466,0.47570093457943924,0.4897196261682243,0.4289719626168224,0.44953271028037384,0.4383177570093458,0.41869158878504675,0.4803738317757009,0.4504672897196262,0.3074766355140187,0.48317757009345796,0.288785046728972,0.40841121495327104
UAT	GG2	0.4102803738317757,0.44299065420560746,0.4953271028037383,0.4542056074766355,0.491588785046729,0.4981308411214953,0.4570093457943925,0.4719626168224299,0.5242990654205607,0.47102803738317756,0.44485981308411215,0.46074766355140184,0.4308411214953271,0.41682242990654206,0.47757009345794393,0.491588785046729,0.45607476635514016,0.45794392523364486,0.49439252336448597,0.4327102803738318,0.47289719626168225,0.4738317757009346,0.4747663551401869,0.4177570093457944,0.4588785046728972,0.4719626168224299,0.4616822429906542,0.4261682242990654,0.4785046728971963,0.4532710280373832,0.4373831775700935,0.4672897196261682,0.47570093457943924,0.46822429906542057,0.44018691588785047,0.5308411214953271,0.4794392523364486,0.46261682242990654,0.4719626168224299,0.4766355140186916,0.41962616822429905,0.4785046728971963,0.5018691588785047,0.4803738317757009,0.4542056074766355,0.4822429906542056,0.4252336448598131,0.5112149532710281,0.4570093457943925,0.48411214953271026,0.44299065420560746,0.48598130841121495,0.4280373831775701,0.5046728971962616,0.48785046728971965,0.44766355140186914,0.4700934579439252,0.4738317757009346,0.4719626168224299,0.4785046728971963,0.49439252336448597,0.4654205607476635,0.5476635514018692,0.4457943925233645,0.5009345794392523,0.4411214953271028,0.4747663551401869,0.508411214953271,0.4383177570093458,0.4850467289719626,0.4663551401869159,0.5018691588785047,0.4738317757009346,0.48317757009345796,0.49065420560747663,0.4280373831775701,0.4102803738317757,0.39532710280373834,0.4747663551401869,0.47570093457943924,0.4177570093457944,0.48317757009345796,0.4822429906542056,0.4663551401869159,0.47757009345794393,0.48598130841121495,0.48130841121495327,0.41682242990654206,0.4542056074766355,0.497196261682243,0.45514018691588787,0.46448598130841123,0.4383177570093458,0.47757009345794393,0.4485981308411215,0.48598130841121495,0.4738317757009346,0.4981308411214953,0.4485981308411215,0.4439252336448598
Wiki	GEE	0.3784786641929499,0.37755102040816324,0.38589981447124305,0.3979591836734694,0.4095547309833024,0.3450834879406308,0.3515769944341373,0.35018552875695735,0.3557513914656772,0.3910018552875696,0.34415584415584416,0.3432282003710575,0.33163265306122447,0.34879406307977734,0.33070500927643787,0.32235621521335805,0.29545454545454547,0.2982374768089054,0.35714285714285715,0.4044526901669759,0.3529684601113173,0.3752319109461967,0.2847866419294991,0.362708719851577,0.34879406307977734,0.3650278293135436,0.3678107606679035,0.2588126159554731,0.362708719851577,0.4007421150278293,0.2917439703153989,0.3534322820037106,0.3474025974025974,0.3678107606679035,0.37708719851576994,0.34879406307977734,0.34369202226345086,0.3302411873840445,0.3891465677179963,0.31586270871985156,0.3585343228200371,0.3209647495361781,0.37105751391465674,0.36641929499072357,0.2982374768089054,0.3585343228200371,0.3334879406307978,0.33163265306122447,0.3817254174397032,0.34879406307977734,0.3167903525046382,0.3942486085343228,0.33487940630797774,0.34137291280148424,0.38821892393320967,0.4044526901669759,0.2940630797773655,0.3432282003710575,0.36595547309833026,0.31539888682745826,0.34415584415584416,0.35482374768089053,0.34879406307977734,0.2963821892393321,0.39517625231910947,0.35111317254174396,0.387291280148423,0.3687384044526902,0.3687384044526902,0.3140074211502783,0.2940630797773655,0.3515769944341373,0.38404452690166974,0.3891465677179963,0.3474025974025974,0.3557513914656772,0.3784786641929499,0.3520408163265306,0.31957328385899814,0.39239332096474955,0.2824675324675325,0.287569573283859,0.3654916512059369,0.3525046382189239,0.3172541743970315,0.34786641929499074,0.3409090909090909,0.37708719851576994,0.41465677179962895,0.4313543599257885,0.3673469387755102,0.3891465677179963,0.37337662337662336,0.35064935064935066,0.37244897959183676,0.3469387755102041,0.3033395176252319,0.38961038961038963,0.3719851576994434,0.35018552875695735
Wiki	GNN	0.2722634508348794,0.325139146567718,0.3209647495361781,0.3464749536178108,0.3784786641929499,0.3200371057513915,0.32838589981447125,0.3116883116883117,0.2662337662337662,0.27736549165120594,0.2592764378478664,0.3172541743970315,0.2963821892393321,0.3228200371057514,0.2597402597402597,0.2323747680890538,0.30241187384044527,0.33487940630797774,0.27365491651205937,0.3362708719851577,0.24118738404452691,0.274582560296846,0.262987012987013,0.32142857142857145,0.30287569573283857,0.25788497217068646,0.2592764378478664,0.2653061224489796,0.2912801484230056,0.2388682745825603,0.2940630797773655,0.29359925788497215,0.24443413729128013,0.2727272727272727,0.2606679035250464,0.26716141001855287,0.2504638218923933,0.2815398886827458,0.3293135435992579,0.2852504638218924,0.2694805194805195,0.25510204081632654,0.2963821892393321,0.336734693877551,0.3432282003710575,0.30287569573283857,0.25742115027829315,0.22031539888682747,0.2657699443413729,0.23654916512059368,0.25092764378478666,0.2699443413729128,0.24860853432282004,0.26484230055658625,0.2884972170686456,0.2898886827458256,0.3228200371057514,0.3492578849721707,0.24397031539888683,0.3038033395176252,0.2912801484230056,0.312152133580705,0.2662337662337662,0.2755102040816326,0.29313543599257885,0.287569573283859,0.3200371057513915,0.24257884972170687,0.29545454545454547,0.262987012987013,0.2653061224489796,0.28432282003710574,0.2857142857142857,0.2898886827458256,0.2537105751391466,0.274582560296846,0.2537105751391466,0.2717996289424861,0.22820037105751392,0.27782931354359924,0.23933209647495363,0.36131725417439703,0.3098330241187384,0.27690166975881264,0.2606679035250464,0.3116883116883117,0.2690166975881262,0.26762523191094617,0.29591836734693877,0.22031539888682747,0.3395176252319109,0.31957328385899814,0.26159554730983303,0.28061224489795916,0.28385899814471244,0.2625231910946197,0.2592764378478664,0.2764378478664193,0.24489795918367346,0.2750463821892393
Wiki	GG	0.424860853432282,0.44341372912801486,0.426252319109462,0.436456400742115,0.48283858998144713,0.39888682745825604,0.41836734693877553,0.4485157699443414,0.38636363636363635,0.4197588126159555,0.36641929499072357,0.4267161410018553,0.3974953617810761,0.42207792207792205,0.37105751391465674,0.362708719851577,0.4294990723562152,0.4383116883116883,0.44155844155844154,0.461038961038961,0.39239332096474955,0.39564007421150277,0.426252319109462,0.426252319109462,0.4072356215213358,0.4327458256029685,0.38636363636363635,0.4109461966604824,0.4114100185528757,0.4461966604823748,0.4387755102040816,0.4165120593692022,0.4559369202226345,0.4457328385899815,0.4271799628942486,0.39888682745825604,0.38636363636363635,0.37244897959183676,0.413265306122449,0.45964749536178107,0.4067717996289425,0.3696660482374768,0.43413729128014844,0.39888682745825604,0.4424860853432282,0.4155844155844156,0.4076994434137291,0.4109461966604824,0.43738404452690166,0.3942486085343228,0.4067717996289425,0.43413729128014844,0.38589981447124305,0.4090909090909091,0.41233766233766234,0.436456400742115,0.45315398886827457,0.4670686456400742,0.4067717996289425,0.44387755102040816,0.400278293135436,0.4202226345083488,0.387291280148423,0.41512059369202226,0.41836734693877553,0.4206864564007421,0.40584415584415584,0.42810760667903525,0.42346938775510207,0.3780148423005566,0.4039888682745826,0.4109461966604824,0.4322820037105751,0.4355287569573284,0.4327458256029685,0.4225417439703154,0.4550092764378479,0.4104823747680891,0.37291280148423006,0.45037105751391465,0.38404452690166974,0.41187384044526903,0.40816326530612246,0.4424860853432282,0.41512059369202226,0.4206864564007421,0.37894248608534326,0.436456400742115,0.474025974025974,0.44712430426716143,0.461038961038961,0.41465677179962895,0.3974953617810761,0.42810760667903525,0.43042671614100186,0.4359925788497217,0.42393320964749537,0.40816326530612246,0.40538033395176254,0.4025974025974026
Wiki	GG2	0.40816326530612246,0.44341372912801486,0.4202226345083488,0.4225417439703154,0.474025974025974,0.40630797773654914,0.4072356215213358,0.4114100185528757,0.37708719851576994,0.3692022263450835,0.36178107606679033,0.4044526901669759,0.38961038961038963,0.4179035250463822,0.3803339517625232,0.3784786641929499,0.3919294990723562,0.41187384044526903,0.4355287569573284,0.449443413729128,0.4035250463821892,0.3914656771799629,0.4355287569573284,0.41280148423005564,0.4313543599257885,0.424860853432282,0.4095547309833024,0.4206864564007421,0.41187384044526903,0.426252319109462,0.4271799628942486,0.41836734693877553,0.40862708719851576,0.437847866419295,0.44387755102040816,0.38636363636363635,0.3965677179962894,0.37569573283859,0.4517625231910946,0.43042671614100186,0.4030612244897959,0.3692022263450835,0.4485157699443414,0.4155844155844156,0.439239332096475,0.400278293135436,0.41465677179962895,0.3937847866419295,0.4271799628942486,0.40166975881261596,0.39007421150278293,0.43460111317254174,0.39517625231910947,0.3974953617810761,0.41836734693877553,0.44063079777365494,0.39007421150278293,0.4577922077922078,0.41465677179962895,0.3919294990723562,0.39007421150278293,0.4141929499072356,0.41280148423005564,0.3738404452690167,0.4225417439703154,0.3984230055658627,0.39517625231910947,0.4039888682745826,0.41883116883116883,0.3826530612244898,0.37569573283859,0.38404452690166974,0.413265306122449,0.4485157699443414,0.39053803339517623,0.4179035250463822,0.45315398886827457,0.40120593692022266,0.38589981447124305,0.44805194805194803,0.33534322820037105,0.3970315398886827,0.42161410018552875,0.42439703153988867,0.3984230055658627,0.44155844155844154,0.3654916512059369,0.41929499072356213,0.426252319109462,0.45454545454545453,0.4174397031539889,0.41697588126159557,0.40538033395176254,0.4461966604823748,0.42207792207792205,0.42439703153988867,0.3965677179962894,0.37337662337662336,0.3970315398886827,0.4049165120593692
Gene	GEE	0.6163141993957704,0.6233635448136958,0.6394763343403826,0.6273917421953675,0.6273917421953675,0.6646525679758308,0.622356495468278,0.6263846928499497,0.6294058408862034,0.6143001007049346,0.6294058408862034,0.6243705941591138,0.6475327291037261,0.5961732124874118,0.5397784491440081,0.6354481369587109,0.6394763343403826,0.648539778449144,0.6364551863041289,0.6283987915407855,0.6344410876132931,0.5790533736153072,0.5901309164149043,0.6404833836858006,0.6384692849949648,0.6243705941591138,0.6233635448136958,0.6092648539778449,0.6183282980866063,0.6193353474320241,0.648539778449144,0.6233635448136958,0.6283987915407855,0.6314199395770392,0.622356495468278,0.6394763343403826,0.6052366565961732,0.6283987915407855,0.6364551863041289,0.49345417925478346,0.6314199395770392,0.6294058408862034,0.6374622356495468,0.6143001007049346,0.6384692849949648,0.6233635448136958,0.6132930513595166,0.6344410876132931,0.6354481369587109,0.6203423967774421,0.649546827794562,0.6032225579053374,0.6294058408862034,0.6193353474320241,0.6132930513595166,0.6122860020140987,0.6384692849949648,0.6283987915407855,0.6173212487411883,0.6475327291037261,0.6122860020140987,0.6243705941591138,0.6233635448136958,0.6314199395770392,0.6203423967774421,0.6112789526686808,0.6294058408862034,0.6153071500503524,0.6324269889224572,0.6253776435045317,0.6102719033232629,0.6273917421953675,0.62134944612286,0.6304128902316214,0.6132930513595166,0.5095669687814703,0.6304128902316214,0.6143001007049346,0.6364551863041289,0.5589123867069486,0.6042296072507553,0.6475327291037261,0.6193353474320241,0.5327291037260826,0.4904330312185297,0.6344410876132931,0.6525679758308157,0.6183282980866063,0.6545820745216515,0.6263846928499497,0.6344410876132931,0.5981873111782477,0.6404833836858006,0.6253776435045317,0.6112789526686808,0.5800604229607251,0.6092648539778449,0.6263846928499497,0.6112789526686808,0.5518630412890232
Gene	GNN	0.6374622356495468,0.5911379657603223,0.5357502517623364,0.5347432024169184,0.44813695871097686,0.486404833836858,0.4350453172205438,0.581067472306143,0.526686807653575,0.5921450151057401,0.5035246727089627,0.48439073514602216,0.49748237663645517,0.5065458207452165,0.5901309164149043,0.5599194360523666,0.5669687814702921,0.6092648539778449,0.5397784491440081,0.47935548841893255,0.47633434038267874,0.49345417925478346,0.5579053373615307,0.5770392749244713,0.5287009063444109,0.6163141993957704,0.6364551863041289,0.4692849949647533,0.6062437059415912,0.6102719033232629,0.5246727089627392,0.608257804632427,0.5689828801611279,0.5045317220543807,0.4914400805639476,0.473313192346425,0.43605236656596175,0.5921450151057401,0.6062437059415912,0.5971802618328298,0.6072507552870091,0.5639476334340383,0.6414904330312186,0.5971802618328298,0.5387713997985901,0.4300100704934542,0.49345417925478346,0.48338368580060426,0.5166163141993958,0.6263846928499497,0.48942598187311176,0.5649546827794562,0.6263846928499497,0.5488418932527693,0.5508559919436052,0.5216515609264853,0.5800604229607251,0.5901309164149043,0.4954682779456193,0.6193353474320241,0.4662638469284995,0.6455186304128903,0.6243705941591138,0.56797583081571,0.5115810674723061,0.4954682779456193,0.45720040281973817,0.6324269889224572,0.5730110775427996,0.5558912386706949,0.5911379657603223,0.552870090634441,0.5448136958710977,0.6535750251762337,0.5911379657603223,0.44813695871097686,0.5387713997985901,0.5468277945619335,0.46324269889224573,0.5619335347432024,0.4561933534743202,0.4904330312185297,0.48942598187311176,0.5125881168177241,0.500503524672709,0.4692849949647533,0.6092648539778449,0.5770392749244713,0.43202416918429004,0.5548841893252769,0.6294058408862034,0.5548841893252769,0.6002014098690835,0.5075528700906344,0.5186304128902316,0.5015105740181269,0.5095669687814703,0.6354481369587109,0.5961732124874118,0.45820745216515607
Gene	GG	0.6143001007049346,0.6032225579053374,0.595166163141994,0.5206445115810675,0.5840886203423967,0.5911379657603223,0.6193353474320241,0.6334340382678751,0.6374622356495468,0.5850956696878147,0.5055387713997986,0.5991943605236657,0.6183282980866063,0.5619335347432024,0.44410876132930516,0.45317220543806647,0.5961732124874118,0.527693856998993,0.49647532729103727,0.44813695871097686,0.6122860020140987,0.5045317220543807,0.3605236656596173,0.5307150050352467,0.648539778449144,0.5971802618328298,0.5971802618328298,0.5699899295065458,0.5065458207452165,0.6102719033232629,0.5488418932527693,0.6404833836858006,0.5850956696878147,0.5548841893252769,0.6122860020140987,0.5689828801611279,0.5196374622356495,0.5850956696878147,0.5730110775427996,0.5981873111782477,0.5297079556898288,0.5830815709969789,0.5830815709969789,0.608257804632427,0.5840886203423967,0.5448136958710977,0.608257804632427,0.5609264853977844,0.5871097683786506,0.5287009063444109,0.6435045317220544,0.48338368580060426,0.6283987915407855,0.56797583081571,0.5206445115810675,0.5115810674723061,0.6022155085599195,0.49244712990936557,0.6334340382678751,0.44914400805639476,0.6092648539778449,0.5730110775427996,0.5931520644511581,0.6062437059415912,0.48036253776435045,0.48036253776435045,0.6314199395770392,0.5216515609264853,0.6475327291037261,0.6052366565961732,0.44511581067472306,0.5901309164149043,0.5427995971802618,0.6344410876132931,0.49647532729103727,0.5760322255790534,0.553877139979859,0.5689828801611279,0.5649546827794562,0.5589123867069486,0.5639476334340383,0.5699899295065458,0.5871097683786506,0.5871097683786506,0.5327291037260826,0.6374622356495468,0.5730110775427996,0.5730110775427996,0.5861027190332326,0.6032225579053374,0.6173212487411883,0.5659617321248741,0.648539778449144,0.6143001007049346,0.5156092648539778,0.5599194360523666,0.5911379657603223,0.5417925478348439,0.5840886203423967,0.5861027190332326
Gene	GG2	0.6042296072507553,0.6183282980866063,0.6183282980866063,0.5337361530715005,0.5820745216515609,0.6797583081570997,0.6173212487411883,0.622356495468278,0.6364551863041289,0.581067472306143,0.5709969788519638,0.5931520644511581,0.6163141993957704,0.5871097683786506,0.5740181268882175,0.6012084592145015,0.6052366565961732,0.594159113796576,0.6153071500503524,0.5861027190332326,0.6072507552870091,0.5236656596173213,0.6505538771399798,0.5991943605236657,0.648539778449144,0.6203423967774421,0.6243705941591138,0.6052366565961732,0.6052366565961732,0.6203423967774421,0.6505538771399798,0.6404833836858006,0.5871097683786506,0.5891238670694864,0.6173212487411883,0.5830815709969789,0.5840886203423967,0.5881168177240684,0.5659617321248741,0.5760322255790534,0.5387713997985901,0.581067472306143,0.5780463242698892,0.6183282980866063,0.5881168177240684,0.5850956696878147,0.6092648539778449,0.6092648539778449,0.5740181268882175,0.5639476334340383,0.6435045317220544,0.6153071500503524,0.6334340382678751,0.5709969788519638,0.5508559919436052,0.5115810674723061,0.5921450151057401,0.6294058408862034,0.6304128902316214,0.5689828801611279,0.6122860020140987,0.5770392749244713,0.5981873111782477,0.6092648539778449,0.553877139979859,0.5820745216515609,0.6344410876132931,0.5820745216515609,0.6122860020140987,0.6193353474320241,0.5699899295065458,0.5871097683786506,0.5991943605236657,0.6002014098690835,0.5830815709969789,0.5800604229607251,0.5780463242698892,0.5861027190332326,0.5901309164149043,0.6344410876132931,0.56797583081571,0.5599194360523666,0.5558912386706949,0.6032225579053374,0.5176233635448136,0.62134944612286,0.5871097683786506,0.5991943605236657,0.5558912386706949,0.6012084592145015,0.6002014098690835,0.5579053373615307,0.581067472306143,0.6092648539778449,0.5599194360523666,0.5750251762336355,0.5931520644511581,0.6062437059415912,0.6012084592145015,0.5820745216515609
IIP	GEE	0.6173469387755102,0.3877551020408163,0.45408163265306123,0.3979591836734694,0.5663265306122449,0.4387755102040816,0.6071428571428571,0.5561224489795918,0.5663265306122449,0.44387755102040816,0.5816326530612245,0.23469387755102042,0.5663265306122449,0.5459183673469388,0.5816326530612245,0.49489795918367346,0.5,0.5510204081632653,0.4846938775510204,0.3163265306122449,0.5153061224489796,0.6326530612244898,0.37244897959183676,0.5561224489795918,0.5459183673469388,0.5459183673469388,0.5306122448979592,0.4846938775510204,0.3877551020408163,0.4744897959183674,0.29591836734693877,0.3673469387755102,0.45918367346938777,0.5969387755102041,0.5867346938775511,0.3979591836734694,0.5612244897959183,0.5918367346938775,0.5357142857142857,0.3877551020408163,0.5408163265306123,0.5867346938775511,0.5153061224489796,0.5714285714285714,0.5408163265306123,0.4897959183673469,0.6224489795918368,0.6071428571428571,0.5,0.6122448979591837,0.5561224489795918,0.5918367346938775,0.3826530612244898,0.5663265306122449,0.5867346938775511,0.27040816326530615,0.576530612244898,0.5816326530612245,0.4030612244897959,0.5051020408163265,0.4897959183673469,0.3979591836734694,0.37244897959183676,0.6173469387755102,0.576530612244898,0.5867346938775511,0.37755102040816324,0.576530612244898,0.5306122448979592,0.3979591836734694,0.5561224489795918,0.5306122448979592,0.6224489795918368,0.5663265306122449,0.42857142857142855,0.5612244897959183,0.6071428571428571,0.5459183673469388,0.5561224489795918,0.5408163265306123,0.5969387755102041,0.6275510204081632,0.4642857142857143,0.3877551020408163,0.6071428571428571,0.3979591836734694,0.576530612244898,0.4489795918367347,0.6224489795918368,0.4030612244897959,0.576530612244898,0.4897959183673469,0.2857142857142857,0.24489795918367346,0.5816326530612245,0.6326530612244898,0.45408163265306123,0.6224489795918368,0.5969387755102041,0.5102040816326531
IIP	GNN	0.4897959183673469,0.5408163265306123,0.5510204081632653,0.4642857142857143,0.5102040816326531,0.5,0.5816326530612245,0.576530612244898,0.5561224489795918,0.44387755102040816,0.6326530612244898,0.5510204081632653,0.4744897959183674,0.3010204081632653,0.5204081632653061,0.45918367346938777,0.5102040816326531,0.32142857142857145,0.4744897959183674,0.4387755102040816,0.49489795918367346,0.5969387755102041,0.5408163265306123,0.5816326530612245,0.5408163265306123,0.5714285714285714,0.5102040816326531,0.41836734693877553,0.5663265306122449,0.4744897959183674,0.5306122448979592,0.5459183673469388,0.5357142857142857,0.5102040816326531,0.5561224489795918,0.5612244897959183,0.5,0.5612244897959183,0.42857142857142855,0.5612244897959183,0.5918367346938775,0.4897959183673469,0.37244897959183676,0.45918367346938777,0.5357142857142857,0.6071428571428571,0.4897959183673469,0.5714285714285714,0.47959183673469385,0.6020408163265306,0.5510204081632653,0.42857142857142855,0.45918367346938777,0.6122448979591837,0.5561224489795918,0.49489795918367346,0.45918367346938777,0.5918367346938775,0.4846938775510204,0.5663265306122449,0.5918367346938775,0.5204081632653061,0.46938775510204084,0.5102040816326531,0.5663265306122449,0.5,0.3520408163265306,0.5,0.5816326530612245,0.5051020408163265,0.5204081632653061,0.5969387755102041,0.5510204081632653,0.5204081632653061,0.5204081632653061,0.5459183673469388,0.5561224489795918,0.5612244897959183,0.5867346938775511,0.5918367346938775,0.5153061224489796,0.5561224489795918,0.6173469387755102,0.5612244897959183,0.6224489795918368,0.5204081632653061,0.5408163265306123,0.5663265306122449,0.5714285714285714,0.5510204081632653,0.42857142857142855,0.5051020408163265,0.5612244897959183,0.5918367346938775,0.5255102040816326,0.4489795918367347,0.5102040816326531,0.5663265306122449,0.5816326530612245,0.5612244897959183
IIP	GG	0.6224489795918368,0.5714285714285714,0.5255102040816326,0.5918367346938775,0.6377551020408163,0.5102040816326531,0.5714285714285714,0.5306122448979592,0.4846938775510204,0.5408163265306123,0.5255102040816326,0.5867346938775511,0.6071428571428571,0.5204081632653061,0.5510204081632653,0.5714285714285714,0.5255102040816326,0.5510204081632653,0.5459183673469388,0.30612244897959184,0.5969387755102041,0.6377551020408163,0.5612244897959183,0.2755102040816326,0.5867346938775511,0.5867346938775511,0.5561224489795918,0.5663265306122449,0.6275510204081632,0.4846938775510204,0.34183673469387754,0.46938775510204084,0.44387755102040816,0.6224489795918368,0.6479591836734694,0.6224489795918368,0.5561224489795918,0.6122448979591837,0.5,0.5051020408163265,0.5867346938775511,0.6122448979591837,0.5867346938775511,0.5408163265306123,0.4642857142857143,0.6020408163265306,0.3826530612244898,0.4387755102040816,0.5714285714285714,0.6020408163265306,0.5867346938775511,0.5408163265306123,0.32142857142857145,0.5306122448979592,0.6530612244897959,0.5051020408163265,0.6071428571428571,0.5714285714285714,0.6275510204081632,0.6275510204081632,0.3673469387755102,0.6530612244897959,0.25,0.5255102040816326,0.5561224489795918,0.6326530612244898,0.4030612244897959,0.5663265306122449,0.5357142857142857,0.6377551020408163,0.40816326530612246,0.6122448979591837,0.5,0.5918367346938775,0.6122448979591837,0.5051020408163265,0.5255102040816326,0.32142857142857145,0.5051020408163265,0.45918367346938777,0.6122448979591837,0.5816326530612245,0.5408163265306123,0.37755102040816324,0.6275510204081632,0.46938775510204084,0.6122448979591837,0.5306122448979592,0.5510204081632653,0.23469387755102042,0.5153061224489796,0.5663265306122449,0.6377551020408163,0.4897959183673469,0.5510204081632653,0.5714285714285714,0.6122448979591837,0.5663265306122449,0.6173469387755102,0.5561224489795918
IIP	GG2	0.5969387755102041,0.4897959183673469,0.5714285714285714,0.5714285714285714,0.5918367346938775,0.5204081632653061,0.5969387755102041,0.37244897959183676,0.4846938775510204,0.5918367346938775,0.5102040816326531,0.4489795918367347,0.5816326530612245,0.4846938775510204,0.5663265306122449,0.5255102040816326,0.5153061224489796,0.5204081632653061,0.49489795918367346,0.4030612244897959,0.49489795918367346,0.5561224489795918,0.4030612244897959,0.46938775510204084,0.4897959183673469,0.42857142857142855,0.5663265306122449,0.45918367346938777,0.6020408163265306,0.5663265306122449,0.4744897959183674,0.45408163265306123,0.40816326530612246,0.6326530612244898,0.6071428571428571,0.6326530612244898,0.5510204081632653,0.5663265306122449,0.44387755102040816,0.4642857142857143,0.5357142857142857,0.6326530612244898,0.5408163265306123,0.5561224489795918,0.4744897959183674,0.44387755102040816,0.6428571428571429,0.6377551020408163,0.5510204081632653,0.6173469387755102,0.5816326530612245,0.5102040816326531,0.4489795918367347,0.4489795918367347,0.6173469387755102,0.45408163265306123,0.5918367346938775,0.5816326530612245,0.4744897959183674,0.5459183673469388,0.576530612244898,0.6173469387755102,0.5102040816326531,0.5510204081632653,0.5510204081632653,0.5918367346938775,0.3877551020408163,0.5051020408163265,0.3877551020408163,0.4489795918367347,0.4030612244897959,0.4642857142857143,0.5204081632653061,0.5867346938775511,0.5612244897959183,0.5,0.5459183673469388,0.49489795918367346,0.5051020408163265,0.4030612244897959,0.6173469387755102,0.576530612244898,0.5408163265306123,0.37755102040816324,0.6275510204081632,0.5357142857142857,0.576530612244898,0.5306122448979592,0.6122448979591837,0.6173469387755102,0.5663265306122449,0.5408163265306123,0.5612244897959183,0.3469387755102041,0.5204081632653061,0.6071428571428571,0.42857142857142855,0.6173469387755102,0.6122448979591837,0.5561224489795918
lastfm	GEE	0.41498979294254884,0.4463400408282298,0.45042286380869057,0.4394867308253135,0.4432779235928842,0.4600466608340624,0.4310294546515019,0.4569845435987168,0.43890347039953337,0.43963254593175854,0.4348206474190726,0.47433654126567515,0.46179644211140275,0.42592592592592593,0.41396908719743364,0.4537766112569262,0.43700787401574803,0.4130941965587635,0.40857392825896766,0.4324876057159522,0.4636920384951881,0.43132108486439197,0.45144356955380577,0.4542140565762613,0.4566929133858268,0.4574219889180519,0.43875765529308836,0.4432779235928842,0.44954797317002043,0.45960921551472733,0.43977836103820356,0.43073782443861186,0.4101778944298629,0.4405074365704287,0.4431321084864392,0.45713035870516183,0.44852726742490523,0.46237970253718286,0.45931758530183725,0.4227179935841353,0.46194225721784776,0.44983960338291046,0.4394867308253135,0.41761446485855935,0.4441528142315544,0.4327792359288422,0.4457567804024497,0.4546515018955964,0.45188101487314086,0.46121318168562264,0.4588801399825022,0.4540682414698163,0.42957130358705164,0.43875765529308836,0.4445902595508895,0.45815106445027703,0.4230096237970254,0.45917177019539224,0.44867308253135024,0.4453193350831146,0.4079906678331875,0.463108778069408,0.4588801399825022,0.44284047827354917,0.4438611840186643,0.4335083114610674,0.4451735199766696,0.42592592592592593,0.44911052785068534,0.44604841061533973,0.44998541848935547,0.4374453193350831,0.37547389909594636,0.4558180227471566,0.4415281423155439,0.463108778069408,0.426363371245261,0.4351122776319627,0.4676290463692038,0.45013123359580054,0.4673374161563138,0.42767570720326625,0.47973170020414113,0.436862058909303,0.4701079031787693,0.4289880431612715,0.43015456401283175,0.43234179060950717,0.4536307961504812,0.43832020997375326,0.44954797317002043,0.4655876348789735,0.4410906969962088,0.4440069991251094,0.447360746573345,0.45042286380869057,0.4454651501895596,0.40769903762029747,0.457859434237387,0.4456109652960047
lastfm	GNN	0.5001458151064451,0.50029163021289,0.4902303878681831,0.47360746573345,0.48191892680081655,0.5320793234179061,0.4658792650918635,0.47083697871099445,0.5125400991542723,0.479148439778361,0.4992709244677749,0.5211431904345291,0.5091863517060368,0.4687955672207641,0.5403907844852727,0.4871682706328376,0.5115193934091572,0.5083114610673666,0.5186643336249636,0.5527850685331,0.5441819772528433,0.5294546515018956,0.4873140857392826,0.5008748906386702,0.5023330417031204,0.48760571595217267,0.5048118985126859,0.5169145523476232,0.5142898804316127,0.494750656167979,0.4699620880723243,0.48089822105570135,0.46967045785943423,0.4794400699912511,0.5164771070282881,0.5045202682997959,0.5011665208515602,0.4766695829687956,0.46033829104695245,0.5160396617089531,0.5074365704286964,0.46398366870807817,0.4991251093613298,0.5118110236220472,0.5309128025663459,0.47214931466899973,0.526538349372995,0.4992709244677749,0.46281714785651795,0.4671916010498688,0.5166229221347332,0.5071449402158064,0.42855059784193644,0.5067074948964713,0.510061242344707,0.46821230679498393,0.4695246427529892,0.49358413531641876,0.4820647419072616,0.4792942548848061,0.5090405365995917,0.5069991251093613,0.4426946631671041,0.50029163021289,0.5358705161854768,0.48483522892971714,0.4661708953047536,0.49606299212598426,0.5317876932050161,0.46237970253718286,0.5520559930008749,0.5150189559638378,0.4886264216972878,0.45188101487314086,0.5409740449110528,0.45086030912802566,0.5024788568095655,0.4661708953047536,0.5336832895888014,0.5250801983085448,0.5228929717118693,0.5115193934091572,0.49606299212598426,0.4991251093613298,0.4963546223388743,0.4543598716827063,0.4588801399825022,0.44925634295713035,0.4857101195683873,0.5150189559638378,0.5218722659667542,0.47273257509477984,0.4747739865850102,0.49489647127442404,0.4906678331875182,0.4798775153105862,0.4693788276465442,0.5058326042578011,0.4873140857392826,0.4657334499854185
lastfm	GG	0.6128608923884514,0.6055701370662001,0.6046952464275299,0.5766987459900845,0.642169728783902,0.6087780694079906,0.5517643627879848,0.5918635170603674,0.6213181685622631,0.5672207640711577,0.6280256634587343,0.6137357830271216,0.6041119860017498,0.6200058326042578,0.5567220764071158,0.5882181393992417,0.5901137357830272,0.6041119860017498,0.5871974336541266,0.6130067074948965,0.6268591426071741,0.6151939340915719,0.5660542432195975,0.5519101778944299,0.5809273840769904,0.6151939340915719,0.6112569262175561,0.5874890638670166,0.6185476815398075,0.6274424030329542,0.5940507436570429,0.6143190434529017,0.5790317876932051,0.5901137357830272,0.5952172645086031,0.605424321959755,0.6083406240886556,0.6029454651501895,0.6235053951589384,0.6233595800524935,0.620880723242928,0.6173811606882473,0.6135899679206765,0.5940507436570429,0.6038203557888597,0.6023622047244095,0.5923009623797025,0.6411490230387868,0.626130067074949,0.6166520851560222,0.6175269757946923,0.6125692621755614,0.5909886264216972,0.5975503062117236,0.5765529308836396,0.6271507728200642,0.5790317876932051,0.615923009623797,0.610236220472441,0.5793234179060951,0.5869058034412366,0.6189851268591426,0.6235053951589384,0.5979877515310587,0.6280256634587343,0.6186934966462525,0.583989501312336,0.6131525226013415,0.589822105570137,0.5969670457859434,0.589822105570137,0.5955088947214932,0.5984251968503937,0.594779819189268,0.568533100029163,0.6232137649460484,0.6111111111111112,0.6003207932341791,0.63167104111986,0.5838436862058909,0.6163604549431321,0.5678040244969379,0.6237970253718286,0.5769903762029747,0.5850102070574511,0.5667833187518226,0.5810731991834354,0.6178186060075824,0.5943423738699329,0.6189851268591426,0.600174978127734,0.5753864100320794,0.6151939340915719,0.6044036162146398,0.6296296296296297,0.6089238845144357,0.6176727909011374,0.5783027121609798,0.5882181393992417,0.5545348498104403
lastfm	GG2	0.6099445902595508,0.610819480898221,0.5836978710994459,0.5906969962088072,0.6084864391951006,0.6191309419655876,0.5596383785360163,0.57888597258676,0.6223388743073782,0.5917177019539225,0.6096529600466608,0.5600758238553514,0.6077573636628755,0.6009040536599591,0.5166229221347332,0.5953630796150481,0.5923009623797025,0.5826771653543307,0.5806357538641003,0.5927384076990376,0.5918635170603674,0.6026538349372995,0.5721784776902887,0.5540974044911052,0.6062992125984252,0.6033829104695246,0.5695538057742782,0.5705745115193934,0.594634004082823,0.5835520559930009,0.6140274132400116,0.6124234470691163,0.5864683581219015,0.5915718868474774,0.5950714494021581,0.6000291630212891,0.6089238845144357,0.573636628754739,0.6296296296296297,0.5769903762029747,0.6068824730242053,0.5740740740740741,0.5956547098279382,0.6243802857976086,0.6009040536599591,0.57917760279965,0.5899679206765821,0.63167104111986,0.6329833770778652,0.5924467774861476,0.6067366579177603,0.5603674540682415,0.5905511811023622,0.5660542432195975,0.5987168270632838,0.6188393117526976,0.605132691746865,0.605424321959755,0.6030912802566346,0.5504520268299796,0.5784485272674249,0.6186934966462525,0.5530766987459901,0.5838436862058909,0.5857392825896763,0.5972586759988335,0.5783027121609798,0.5950714494021581,0.60498687664042,0.5640128317293671,0.6070282881306504,0.5978419364246136,0.5960921551472732,0.573490813648294,0.6041119860017498,0.5889472149314668,0.5968212306794984,0.626421697287839,0.6134441528142316,0.568387284922718,0.6011956838728493,0.5543890347039954,0.6194225721784777,0.6140274132400116,0.5644502770487022,0.5645960921551473,0.5151647710702829,0.6207349081364829,0.5619714202391368,0.6042578011081948,0.5943423738699329,0.5570137066200058,0.641878098571012,0.6010498687664042,0.599591717701954,0.6294838145231846,0.5966754155730534,0.5730533683289589,0.5987168270632838,0.5440361621463984
polblogs	GEE	0.8248638838475499,0.7495462794918331,0.7686025408348457,0.7822141560798548,0.8475499092558983,0.73502722323049,0.7867513611615246,0.7114337568058077,0.7586206896551724,0.8157894736842105,0.7921960072595281,0.7967332123411979,0.7894736842105263,0.7377495462794919,0.7894736842105263,0.7604355716878403,0.8139745916515426,0.808529945553539,0.7450090744101633,0.7867513611615246,0.8257713248638838,0.7368421052631579,0.7813067150635209,0.7132486388384754,0.8049001814882033,0.7686025408348457,0.7413793103448276,0.8030852994555354,0.8139745916515426,0.8366606170598911,0.8802177858439202,0.7177858439201452,0.7586206896551724,0.7831215970961888,0.808529945553539,0.8629764065335753,0.8049001814882033,0.7404718693284936,0.7141560798548094,0.8484573502722323,0.7395644283121597,0.7758620689655172,0.7676950998185118,0.8148820326678766,0.7341197822141561,0.7549909255898367,0.7332123411978222,0.7468239564428312,0.8157894736842105,0.808529945553539,0.7422867513611615,0.8466424682395645,0.8058076225045372,0.7404718693284936,0.7686025408348457,0.7277676950998185,0.8765880217785844,0.7631578947368421,0.764065335753176,0.7758620689655172,0.7849364791288567,0.7422867513611615,0.7232304900181489,0.7758620689655172,0.6497277676950998,0.7731397459165155,0.691470054446461,0.8711433756805808,0.7831215970961888,0.7413793103448276,0.7921960072595281,0.7486388384754991,0.8166969147005445,0.7803992740471869,0.7504537205081669,0.808529945553539,0.8457350272232305,0.7667876588021778,0.7441016333938294,0.7740471869328494,0.823049001814882,0.7958257713248639,0.8266787658802178,0.8439201451905626,0.7468239564428312,0.7332123411978222,0.8330308529945554,0.8185117967332124,0.8076225045372051,0.7840290381125227,0.7813067150635209,0.7313974591651543,0.7903811252268602,0.8076225045372051,0.7441016333938294,0.7885662431941923,0.7087114337568058,0.8185117967332124,0.8366606170598911,0.7740471869328494
polblogs	GNN	0.837568058076225,0.7622504537205081,0.8003629764065335,0.8666061705989111,0.573502722323049,0.6833030852994555,0.6460980036297641,0.9010889292196007,0.7431941923774955,0.7232304900181489,0.7250453720508166,0.6760435571687841,0.7813067150635209,0.8194192377495463,0.7595281306715064,0.7813067150635209,0.6333938294010889,0.8012704174228675,0.7577132486388385,0.7758620689655172,0.76497277676951,0.6724137931034483,0.6878402903811253,0.8457350272232305,0.6125226860254084,0.8493647912885662,0.808529945553539,0.6188747731397459,0.7395644283121597,0.8511796733212341,0.70508166969147,0.7286751361161524,0.7223230490018149,0.70508166969147,0.7277676950998185,0.7087114337568058,0.5898366606170599,0.7413793103448276,0.7450090744101633,0.7704174228675136,0.7395644283121597,0.6814882032667876,0.8049001814882033,0.7223230490018149,0.7259528130671506,0.5862068965517241,0.6969147005444646,0.6406533575317604,0.7413793103448276,0.735934664246824,0.574410163339383,0.7441016333938294,0.838475499092559,0.5290381125226861,0.6379310344827587,0.8003629764065335,0.6932849364791288,0.7404718693284936,0.7332123411978222,0.8103448275862069,0.5898366606170599,0.8049001814882033,0.8892921960072595,0.6869328493647913,0.8430127041742287,0.8620689655172413,0.6361161524500908,0.8938294010889292,0.7441016333938294,0.8284936479128857,0.7105263157894737,0.8847549909255898,0.8148820326678766,0.8811252268602541,0.8039927404718693,0.5980036297640653,0.7068965517241379,0.8656987295825771,0.6950998185117967,0.7686025408348457,0.6116152450090744,0.6851179673321234,0.6833030852994555,0.647005444646098,0.5789473684210527,0.7586206896551724,0.7032667876588021,0.8203266787658802,0.49364791288566245,0.7486388384754991,0.8058076225045372,0.8439201451905626,0.4764065335753176,0.6796733212341198,0.5027223230490018,0.6370235934664247,0.721415607985481,0.7141560798548094,0.8148820326678766,0.632486388384755
polblogs	GG	0.9219600725952813,0.705989110707804,0.7468239564428312,0.7867513611615246,0.8856624319419237,0.735934664246824,0.882940108892922,0.8901996370235935,0.9101633393829401,0.8330308529945554,0.6107078039927405,0.8784029038112523,0.8856624319419237,0.73502722323049,0.574410163339383,0.5462794918330308,0.9147005444646098,0.823049001814882,0.5526315789473685,0.5671506352087115,0.7921960072595281,0.4618874773139746,0.3411978221415608,0.5018148820326679,0.8983666061705989,0.8103448275862069,0.7894736842105263,0.4909255898366606,0.5825771324863884,0.8784029038112523,0.8130671506352087,0.9092558983666061,0.6742286751361162,0.8130671506352087,0.5970961887477314,0.7976406533575318,0.8475499092558983,0.9038112522686026,0.5852994555353902,0.8820326678765881,0.8393829401088929,0.779491833030853,0.6270417422867514,0.8920145190562614,0.9128856624319419,0.6669691470054446,0.8702359346642469,0.8194192377495463,0.8856624319419237,0.7749546279491834,0.9038112522686026,0.5771324863883848,0.9328493647912885,0.8421052631578947,0.8076225045372051,0.6061705989110708,0.8584392014519057,0.8421052631578947,0.9074410163339383,0.6941923774954628,0.7849364791288567,0.8103448275862069,0.7749546279491834,0.8929219600725953,0.6215970961887477,0.5780399274047187,0.7885662431941923,0.6424682395644283,0.8974591651542649,0.8176043557168784,0.5689655172413793,0.8039927404718693,0.6551724137931034,0.8920145190562614,0.6052631578947368,0.9319419237749547,0.8475499092558983,0.9019963702359347,0.8321234119782214,0.7994555353901996,0.7912885662431942,0.7177858439201452,0.896551724137931,0.9010889292196007,0.6206896551724138,0.779491833030853,0.9183303085299456,0.7450090744101633,0.7132486388384754,0.9137931034482759,0.7840290381125227,0.7014519056261344,0.8584392014519057,0.7549909255898367,0.7114337568058077,0.8793103448275862,0.822141560798548,0.8874773139745916,0.6597096188747731,0.7441016333938294
polblogs	GG2	0.9101633393829401,0.8421052631578947,0.8593466424682396,0.8003629764065335,0.8493647912885662,0.8439201451905626,0.8747731397459165,0.9074410163339383,0.9092558983666061,0.8294010889292196,0.8321234119782214,0.8021778584392014,0.8874773139745916,0.9201451905626135,0.7976406533575318,0.8466424682395645,0.9174228675136116,0.8774954627949183,0.8148820326678766,0.8393829401088929,0.8539019963702359,0.7377495462794919,0.8811252268602541,0.8303085299455535,0.8720508166969148,0.8439201451905626,0.9038112522686026,0.8847549909255898,0.7395644283121597,0.8947368421052632,0.8475499092558983,0.9101633393829401,0.8176043557168784,0.8557168784029038,0.794010889292196,0.8466424682395645,0.9156079854809437,0.9047186932849365,0.6215970961887477,0.9192377495462795,0.8421052631578947,0.7849364791288567,0.7867513611615246,0.9065335753176044,0.9137931034482759,0.8157894736842105,0.8738656987295825,0.808529945553539,0.8774954627949183,0.7876588021778584,0.9047186932849365,0.8502722323049002,0.9346642468239564,0.7985480943738656,0.925589836660617,0.676950998185118,0.8493647912885662,0.8321234119782214,0.9101633393829401,0.7912885662431942,0.7840290381125227,0.7840290381125227,0.7894736842105263,0.9147005444646098,0.720508166969147,0.6569872958257713,0.7921960072595281,0.8511796733212341,0.882940108892922,0.8239564428312159,0.8121597096188747,0.8058076225045372,0.9001814882032668,0.9001814882032668,0.6651542649727767,0.9337568058076225,0.8774954627949183,0.9128856624319419,0.8393829401088929,0.8511796733212341,0.9437386569872959,0.7840290381125227,0.896551724137931,0.9083484573502723,0.7395644283121597,0.8901996370235935,0.9074410163339383,0.8185117967332124,0.6932849364791288,0.8756805807622504,0.8765880217785844,0.7513611615245009,0.8239564428312159,0.8611615245009074,0.7604355716878403,0.8820326678765881,0.8366606170598911,0.882940108892922,0.8357531760435571,0.8656987295825771
TerroristRel	GEE	0.8448928121059268,0.8575031525851198,0.8272383354350568,0.8675914249684742,0.733921815889029,0.8411097099621689,0.8184110970996217,0.8587641866330391,0.8221941992433796,0.8549810844892812,0.8650693568726355,0.8247162673392182,0.8600252206809584,0.819672131147541,0.849936948297604,0.8259773013871374,0.7515762925598991,0.7477931904161412,0.7843631778058008,0.8297604035308953,0.8411097099621689,0.8121059268600253,0.819672131147541,0.849936948297604,0.7187894073139974,0.8511979823455234,0.8373266078184111,0.8234552332912989,0.6796973518284993,0.7402269861286255,0.8310214375788146,0.8335435056746532,0.8436317780580076,0.8247162673392182,0.8524590163934426,0.8575031525851198,0.8675914249684742,0.8221941992433796,0.7150063051702396,0.8095838587641866,0.8411097099621689,0.8436317780580076,0.8713745271122321,0.7692307692307693,0.8398486759142497,0.8587641866330391,0.8310214375788146,0.8284993694829761,0.8411097099621689,0.8373266078184111,0.8083228247162674,0.8486759142496847,0.8650693568726355,0.8310214375788146,0.8158890290037831,0.7364438839848676,0.8612862547288777,0.6986128625472888,0.8524590163934426,0.8297604035308953,0.8360655737704918,0.8272383354350568,0.7036569987389659,0.8045397225725095,0.8221941992433796,0.7301387137452712,0.8184110970996217,0.639344262295082,0.7326607818411097,0.8398486759142497,0.8095838587641866,0.8511979823455234,0.8537200504413619,0.8360655737704918,0.8562421185372006,0.8297604035308953,0.8146279949558638,0.8284993694829761,0.8310214375788146,0.7528373266078184,0.8789407313997478,0.8348045397225725,0.7515762925598991,0.8650693568726355,0.7187894073139974,0.8675914249684742,0.8272383354350568,0.7313997477931904,0.8575031525851198,0.7906683480453972,0.733921815889029,0.8411097099621689,0.8272383354350568,0.849936948297604,0.8121059268600253,0.7452711223203027,0.832282471626734,0.8310214375788146,0.8663303909205549,0.7957124842370744
TerroristRel	GNN	0.7225725094577553,0.5989911727616646,0.6368221941992434,0.7540983606557377,0.725094577553594,0.8032786885245902,0.6116015132408575,0.7061790668348046,0.6406052963430012,0.5889029003783102,0.6670870113493065,0.725094577553594,0.7452711223203027,0.6078184110970997,0.6065573770491803,0.7288776796973518,0.7288776796973518,0.7692307692307693,0.5636822194199244,0.7414880201765448,0.648171500630517,0.7402269861286255,0.6746532156368222,0.7957124842370744,0.8121059268600253,0.699873896595208,0.6418663303909206,0.6595208070617906,0.8007566204287516,0.7742749054224464,0.6027742749054225,0.7477931904161412,0.6506935687263556,0.8020176544766708,0.7213114754098361,0.8032786885245902,0.694829760403531,0.6027742749054225,0.7389659520807061,0.7162673392181589,0.7377049180327869,0.5422446406052963,0.6746532156368222,0.7515762925598991,0.6897856242118537,0.6595208070617906,0.7717528373266078,0.669609079445145,0.7490542244640606,0.8058007566204287,0.6204287515762925,0.5359394703656999,0.8007566204287516,0.7881462799495587,0.7591424968474149,0.6708701134930644,0.7213114754098361,0.7717528373266078,0.6595208070617906,0.7843631778058008,0.8335435056746532,0.7755359394703657,0.605296343001261,0.6923076923076923,0.6292559899117276,0.5409836065573771,0.78562421185372,0.5687263556116016,0.6040353089533418,0.7225725094577553,0.7162673392181589,0.7074401008827238,0.7477931904161412,0.7717528373266078,0.6191677175283733,0.7112232030264817,0.7099621689785625,0.7591424968474149,0.6153846153846154,0.6519546027742749,0.8133669609079445,0.6406052963430012,0.6860025220680959,0.8158890290037831,0.5939470365699874,0.7566204287515763,0.6431273644388399,0.7036569987389659,0.6923076923076923,0.6860025220680959,0.7137452711223203,0.7654476670870114,0.6141235813366961,0.7730138713745272,0.6771752837326608,0.5498108448928121,0.6406052963430012,0.7831021437578815,0.691046658259773,0.6897856242118537
TerroristRel	GG	0.8209331651954602,0.7755359394703657,0.8650693568726355,0.7604035308953342,0.31651954602774274,0.78562421185372,0.8524590163934426,0.7906683480453972,0.8209331651954602,0.8398486759142497,0.8600252206809584,0.8284993694829761,0.849936948297604,0.7994955863808323,0.8776796973518285,0.7528373266078184,0.7187894073139974,0.7477931904161412,0.7528373266078184,0.6771752837326608,0.8184110970996217,0.8348045397225725,0.7742749054224464,0.8398486759142497,0.7641866330390921,0.8171500630517023,0.8423707440100883,0.8146279949558638,0.776796973518285,0.862547288776797,0.8095838587641866,0.6733921815889029,0.7843631778058008,0.8398486759142497,0.8158890290037831,0.7667087011349306,0.8776796973518285,0.8411097099621689,0.8385876418663304,0.8272383354350568,0.8511979823455234,0.8360655737704918,0.742749054224464,0.8284993694829761,0.8600252206809584,0.7238335435056746,0.8474148802017655,0.7868852459016393,0.8423707440100883,0.8310214375788146,0.8221941992433796,0.7881462799495587,0.8600252206809584,0.7679697351828499,0.8461538461538461,0.8726355611601513,0.7818411097099621,0.8158890290037831,0.8587641866330391,0.38209331651954603,0.8045397225725095,0.7604035308953342,0.7301387137452712,0.7881462799495587,0.8411097099621689,0.8587641866330391,0.7831021437578815,0.807061790668348,0.7591424968474149,0.7919293820933165,0.7881462799495587,0.8612862547288777,0.8045397225725095,0.807061790668348,0.7931904161412359,0.8436317780580076,0.8524590163934426,0.8108448928121059,0.8297604035308953,0.798234552332913,0.8839848675914249,0.8095838587641866,0.7805800756620429,0.8650693568726355,0.8108448928121059,0.8423707440100883,0.7591424968474149,0.8587641866330391,0.8688524590163934,0.6784363177805801,0.8486759142496847,0.8058007566204287,0.8310214375788146,0.7730138713745272,0.832282471626734,0.7528373266078184,0.3480453972257251,0.8083228247162674,0.8814627994955864,0.8978562421185372
TerroristRel	GG2	0.8221941992433796,0.8486759142496847,0.8675914249684742,0.8549810844892812,0.8398486759142497,0.8398486759142497,0.8385876418663304,0.8726355611601513,0.8297604035308953,0.8675914249684742,0.8688524590163934,0.8108448928121059,0.8448928121059268,0.8083228247162674,0.880201765447667,0.8133669609079445,0.7528373266078184,0.7578814627994955,0.8385876418663304,0.8638083228247163,0.8436317780580076,0.8411097099621689,0.7894073139974779,0.8701134930643127,0.7692307692307693,0.8524590163934426,0.8600252206809584,0.8121059268600253,0.8259773013871374,0.7944514501891551,0.8688524590163934,0.8259773013871374,0.7957124842370744,0.8751576292559899,0.8360655737704918,0.8511979823455234,0.8814627994955864,0.8284993694829761,0.8184110970996217,0.8284993694829761,0.8474148802017655,0.8411097099621689,0.8474148802017655,0.8360655737704918,0.8562421185372006,0.8738965952080706,0.8423707440100883,0.7629255989911727,0.8575031525851198,0.8587641866330391,0.8184110970996217,0.7944514501891551,0.8461538461538461,0.8133669609079445,0.8360655737704918,0.8726355611601513,0.798234552332913,0.7931904161412359,0.8612862547288777,0.8360655737704918,0.8171500630517023,0.8411097099621689,0.8058007566204287,0.819672131147541,0.8587641866330391,0.8511979823455234,0.7994955863808323,0.7894073139974779,0.8158890290037831,0.8221941992433796,0.7919293820933165,0.8650693568726355,0.8411097099621689,0.8146279949558638,0.8549810844892812,0.8738965952080706,0.8511979823455234,0.8247162673392182,0.8524590163934426,0.8398486759142497,0.8814627994955864,0.7452711223203027,0.7881462799495587,0.8663303909205549,0.8259773013871374,0.8688524590163934,0.8423707440100883,0.8575031525851198,0.8675914249684742,0.8448928121059268,0.7780580075662042,0.8448928121059268,0.832282471626734,0.8612862547288777,0.8411097099621689,0.8184110970996217,0.8511979823455234,0.8348045397225725,0.8650693568726355,0.8940731399747793
KarateClub	GEE	0.5454545454545454,0.7727272727272727,0.18181818181818182,0.8181818181818182,0.5909090909090909,0.36363636363636365,0.5454545454545454,0.8636363636363636,0.7727272727272727,0.9090909090909091,0.5454545454545454,0.6818181818181818,0.6818181818181818,0.6818181818181818,0.7727272727272727,0.7272727272727273,0.6818181818181818,0.4090909090909091,0.5909090909090909,0.5909090909090909,0.8636363636363636,0.8181818181818182,0.6363636363636364,0.7272727272727273,0.4090909090909091,0.6363636363636364,0.7272727272727273,0.7727272727272727,0.6818181818181818,0.8636363636363636,0.8636363636363636,0.5909090909090909,0.5,0.6363636363636364,0.8181818181818182,0.6363636363636364,0.6818181818181818,0.6818181818181818,0.8181818181818182,0.7272727272727273,0.7272727272727273,0.45454545454545453,0.36363636363636365,0.5909090909090909,0.6818181818181818,0.7272727272727273,0.36363636363636365,0.6363636363636364,0.7727272727272727,0.9545454545454546,0.7727272727272727,0.5,0.5,0.5909090909090909,0.45454545454545453,0.9090909090909091,0.7727272727272727,0.5909090909090909,0.7727272727272727,0.5909090909090909,0.6818181818181818,0.5454545454545454,0.5909090909090909,0.8181818181818182,0.6818181818181818,0.8636363636363636,0.7272727272727273,0.2727272727272727,0.7272727272727273,0.7727272727272727,0.5909090909090909,0.45454545454545453,0.5909090909090909,0.8636363636363636,0.6363636363636364,0.5454545454545454,0.6363636363636364,0.6818181818181818,0.9090909090909091,0.5909090909090909,0.5,0.7272727272727273,0.5909090909090909,0.7272727272727273,0.5909090909090909,0.7727272727272727,0.6363636363636364,0.7272727272727273,0.5,0.8181818181818182,0.8636363636363636,0.9545454545454546,0.4090909090909091,0.5,0.36363636363636365,0.4090909090909091,0.6818181818181818,0.5909090909090909,0.2727272727272727,0.4090909090909091
KarateClub	GNN	0.2727272727272727,0.22727272727272727,0.5,0.4090909090909091,0.36363636363636365,0.2727272727272727,0.4090909090909091,0.22727272727272727,0.22727272727272727,0.3181818181818182,0.2727272727272727,0.22727272727272727,0.22727272727272727,0.22727272727272727,0.13636363636363635,0.18181818181818182,0.13636363636363635,0.3181818181818182,0.3181818181818182,0.09090909090909091,0.22727272727272727,0.22727272727272727,0.22727272727272727,0.045454545454545456,0.2727272727272727,0.3181818181818182,0.22727272727272727,0.22727272727272727,0.36363636363636365,0.2727272727272727,0.13636363636363635,0.4090909090909091,0.22727272727272727,0.3181818181818182,0.2727272727272727,0.22727272727272727,0.09090909090909091,0.09090909090909091,0.45454545454545453,0.13636363636363635,0.36363636363636365,0.13636363636363635,0.4090909090909091,0.3181818181818182,0.22727272727272727,0.09090909090909091,0.18181818181818182,0.5,0.4090909090909091,0.4090909090909091,0.13636363636363635,0.13636363636363635,0.2727272727272727,0.13636363636363635,0.22727272727272727,0.22727272727272727,0.3181818181818182,0.3181818181818182,0.3181818181818182,0.5909090909090909,0.2727272727272727,0.18181818181818182,0.09090909090909091,0.2727272727272727,0.0,0.2727272727272727,0.36363636363636365,0.2727272727272727,0.0,0.3181818181818182,0.4090909090909091,0.09090909090909091,0.09090909090909091,0.45454545454545453,0.4090909090909091,0.2727272727272727,0.3181818181818182,0.22727272727272727,0.36363636363636365,0.22727272727272727,0.2727272727272727,0.36363636363636365,0.13636363636363635,0.13636363636363635,0.36363636363636365,0.22727272727272727,0.5454545454545454,0.18181818181818182,0.22727272727272727,0.22727272727272727,0.13636363636363635,0.22727272727272727,0.09090909090909091,0.18181818181818182,0.18181818181818182,0.13636363636363635,0.22727272727272727,0.18181818181818182,0.2727272727272727,0.6363636363636364
KarateClub	GG	0.5,0.6818181818181818,0.18181818181818182,0.7727272727272727,0.4090909090909091,0.8636363636363636,0.5909090909090909,0.6363636363636364,0.8636363636363636,0.9090909090909091,0.6818181818181818,0.6363636363636364,0.5454545454545454,0.4090909090909091,0.3181818181818182,0.36363636363636365,0.7272727272727273,0.8181818181818182,0.7272727272727273,0.3181818181818182,0.9090909090909091,0.6818181818181818,0.8181818181818182,0.7727272727272727,0.3181818181818182,0.18181818181818182,0.7272727272727273,0.8636363636363636,0.5,0.9090909090909091,0.5909090909090909,0.7272727272727273,0.6363636363636364,0.45454545454545453,0.8181818181818182,0.5909090909090909,0.9090909090909091,0.9090909090909091,0.7727272727272727,0.7727272727272727,0.9090909090909091,0.45454545454545453,0.5909090909090909,0.5,0.9545454545454546,0.8636363636363636,0.9545454545454546,0.6363636363636364,0.7727272727272727,0.8181818181818182,0.6818181818181818,0.6363636363636364,0.8181818181818182,0.8181818181818182,0.45454545454545453,0.8636363636363636,0.8636363636363636,0.5909090909090909,0.6363636363636364,0.5909090909090909,0.4090909090909091,0.3181818181818182,0.5909090909090909,0.6363636363636364,0.7727272727272727,0.8181818181818182,0.22727272727272727,0.7272727272727273,0.7272727272727273,0.7727272727272727,0.8181818181818182,0.4090909090909091,0.8181818181818182,0.8636363636363636,0.5,0.5,0.8636363636363636,0.6363636363636364,0.7727272727272727,0.8636363636363636,0.6818181818181818,0.6818181818181818,0.22727272727272727,0.5909090909090909,0.7727272727272727,0.8181818181818182,0.3181818181818182,0.7272727272727273,0.5454545454545454,0.7727272727272727,0.7727272727272727,0.6818181818181818,0.6818181818181818,0.36363636363636365,0.8181818181818182,0.8181818181818182,0.7272727272727273,0.9090909090909091,0.5909090909090909,0.5454545454545454
KarateClub	GG2	0.5909090909090909,0.8181818181818182,0.7727272727272727,0.8181818181818182,0.5454545454545454,0.7272727272727273,0.8181818181818182,0.8181818181818182,0.7727272727272727,0.9090909090909091,0.7272727272727273,0.6363636363636364,0.5454545454545454,0.5909090909090909,0.3181818181818182,0.5,0.7727272727272727,0.4090909090909091,0.5454545454545454,0.8636363636363636,0.7272727272727273,0.7272727272727273,0.8636363636363636,0.6363636363636364,0.6363636363636364,0.6818181818181818,0.8181818181818182,0.7727272727272727,0.8181818181818182,0.9545454545454546,0.9545454545454546,0.7272727272727273,0.7272727272727273,0.6818181818181818,0.9090909090909091,0.9090909090909091,0.8636363636363636,0.7727272727272727,0.7727272727272727,0.6818181818181818,0.8636363636363636,0.5454545454545454,0.7727272727272727,0.8181818181818182,0.7272727272727273,0.7272727272727273,1.0,0.6363636363636364,0.7727272727272727,0.9090909090909091,0.6363636363636364,0.45454545454545453,0.8181818181818182,0.7272727272727273,0.45454545454545453,0.8636363636363636,0.7727272727272727,0.8181818181818182,0.6818181818181818,0.7272727272727273,0.7272727272727273,0.8636363636363636,0.5909090909090909,0.7272727272727273,0.7727272727272727,0.8181818181818182,0.6363636363636364,0.7272727272727273,0.6818181818181818,0.6363636363636364,0.7727272727272727,0.7272727272727273,0.7727272727272727,0.8181818181818182,0.8636363636363636,0.4090909090909091,0.6818181818181818,0.8636363636363636,0.9090909090909091,0.7272727272727273,0.8181818181818182,0.7272727272727273,0.8181818181818182,0.9090909090909091,0.5909090909090909,0.8181818181818182,0.2727272727272727,0.6818181818181818,0.45454545454545453,0.8636363636363636,0.8636363636363636,0.9090909090909091,0.8181818181818182,0.8181818181818182,0.5,0.7272727272727273,0.6818181818181818,0.8181818181818182,0.5909090909090909,0.5909090909090909
Chameleon	GEE	0.314453125,0.35302734375,0.203125,0.25439453125,0.27685546875,0.26123046875,0.24072265625,0.3291015625,0.31689453125,0.2470703125,0.23193359375,0.28076171875,0.36376953125,0.30810546875,0.25830078125,0.27978515625,0.3681640625,0.35546875,0.27783203125,0.26953125,0.3427734375,0.3486328125,0.25537109375,0.275390625,0.3193359375,0.2734375,0.2646484375,0.30322265625,0.29443359375,0.3271484375,0.2119140625,0.2734375,0.2802734375,0.26318359375,0.28662109375,0.23681640625,0.36767578125,0.2783203125,0.2626953125,0.3173828125,0.240234375,0.32568359375,0.240234375,0.25341796875,0.3583984375,0.22314453125,0.21630859375,0.26708984375,0.3154296875,0.3017578125,0.2919921875,0.3720703125,0.3134765625,0.21728515625,0.3154296875,0.22509765625,0.30419921875,0.36572265625,0.31201171875,0.3291015625,0.27685546875,0.322265625,0.24462890625,0.23876953125,0.2587890625,0.28076171875,0.21826171875,0.26904296875,0.27294921875,0.2509765625,0.181640625,0.27783203125,0.24853515625,0.33251953125,0.33642578125,0.28125,0.2705078125,0.29052734375,0.29150390625,0.24609375,0.22216796875,0.29150390625,0.26025390625,0.3466796875,0.34326171875,0.228515625,0.2265625,0.2880859375,0.26513671875,0.3515625,0.32373046875,0.23388671875,0.24609375,0.2529296875,0.25732421875,0.27197265625,0.2255859375,0.333984375,0.306640625,0.2958984375
Chameleon	GNN	0.30322265625,0.271484375,0.310546875,0.34326171875,0.27978515625,0.26171875,0.271484375,0.357421875,0.35546875,0.33349609375,0.32861328125,0.36962890625,0.32080078125,0.30078125,0.32373046875,0.3095703125,0.34716796875,0.29443359375,0.26416015625,0.3173828125,0.28662109375,0.29931640625,0.302734375,0.27978515625,0.296875,0.33984375,0.2734375,0.30615234375,0.29345703125,0.30712890625,0.3466796875,0.2841796875,0.32177734375,0.27685546875,0.3056640625,0.32763671875,0.3623046875,0.3037109375,0.287109375,0.34765625,0.3193359375,0.3017578125,0.30078125,0.294921875,0.29931640625,0.33544921875,0.28369140625,0.3271484375,0.30615234375,0.3466796875,0.29736328125,0.283203125,0.2734375,0.357421875,0.33203125,0.30419921875,0.33984375,0.32080078125,0.314453125,0.3212890625,0.28564453125,0.2900390625,0.3388671875,0.2900390625,0.328125,0.2587890625,0.328125,0.31494140625,0.29638671875,0.2890625,0.30517578125,0.30224609375,0.326171875,0.31396484375,0.32568359375,0.3310546875,0.2900390625,0.28955078125,0.3447265625,0.31884765625,0.298828125,0.3076171875,0.318359375,0.328125,0.3232421875,0.287109375,0.29931640625,0.28662109375,0.35205078125,0.302734375,0.32861328125,0.27685546875,0.25390625,0.30810546875,0.28271484375,0.306640625,0.302734375,0.3271484375,0.30224609375,0.2763671875
Chameleon	GG	0.28125,0.22607421875,0.28369140625,0.31396484375,0.24462890625,0.333984375,0.302734375,0.3515625,0.3037109375,0.26416015625,0.2587890625,0.265625,0.1865234375,0.22314453125,0.22314453125,0.3046875,0.34423828125,0.31201171875,0.30712890625,0.32421875,0.2890625,0.28466796875,0.333984375,0.2939453125,0.3330078125,0.28759765625,0.31201171875,0.39697265625,0.2607421875,0.2900390625,0.333984375,0.2744140625,0.3056640625,0.24658203125,0.22900390625,0.34130859375,0.3037109375,0.3251953125,0.30859375,0.2529296875,0.23486328125,0.2265625,0.255859375,0.333984375,0.2001953125,0.2568359375,0.29833984375,0.26611328125,0.19873046875,0.341796875,0.2548828125,0.240234375,0.19580078125,0.26318359375,0.22607421875,0.27197265625,0.2783203125,0.2548828125,0.2607421875,0.2900390625,0.27294921875,0.3525390625,0.3095703125,0.23193359375,0.2978515625,0.3310546875,0.3447265625,0.28955078125,0.27001953125,0.24267578125,0.24755859375,0.3251953125,0.31103515625,0.23291015625,0.2255859375,0.28076171875,0.34423828125,0.25634765625,0.2626953125,0.31005859375,0.30517578125,0.28466796875,0.3037109375,0.27587890625,0.32080078125,0.27294921875,0.28173828125,0.31982421875,0.30712890625,0.2451171875,0.35888671875,0.31689453125,0.244140625,0.24560546875,0.2021484375,0.26806640625,0.32421875,0.333984375,0.24951171875,0.271484375
Chameleon	GG2	0.41552734375,0.314453125,0.2939453125,0.3525390625,0.38671875,0.38720703125,0.359375,0.40087890625,0.4052734375,0.306640625,0.33984375,0.3330078125,0.34814453125,0.373046875,0.3193359375,0.41015625,0.3564453125,0.37548828125,0.337890625,0.2958984375,0.31494140625,0.375,0.38623046875,0.33984375,0.38623046875,0.4130859375,0.35302734375,0.416015625,0.3369140625,0.3203125,0.35205078125,0.38037109375,0.36279296875,0.3515625,0.39306640625,0.3486328125,0.3828125,0.35546875,0.3115234375,0.369140625,0.3154296875,0.36962890625,0.3193359375,0.35546875,0.3896484375,0.2958984375,0.306640625,0.36376953125,0.33642578125,0.3642578125,0.376953125,0.41845703125,0.32080078125,0.33251953125,0.34423828125,0.2939453125,0.37353515625,0.37744140625,0.32373046875,0.38232421875,0.38525390625,0.40380859375,0.3486328125,0.3330078125,0.34716796875,0.3466796875,0.3486328125,0.36474609375,0.3544921875,0.33935546875,0.27978515625,0.349609375,0.3662109375,0.30078125,0.37890625,0.35498046875,0.37060546875,0.3828125,0.36083984375,0.3330078125,0.3271484375,0.3251953125,0.34619140625,0.41064453125,0.40771484375,0.3173828125,0.31689453125,0.341796875,0.32958984375,0.35888671875,0.3837890625,0.3486328125,0.35009765625,0.3515625,0.32958984375,0.38916015625,0.34814453125,0.39599609375,0.35986328125,0.3154296875
Cora	GEE	0.4425287356321839,0.4573070607553366,0.44170771756978655,0.4458128078817734,0.4314449917898194,0.437192118226601,0.4490968801313629,0.45689655172413796,0.4802955665024631,0.4215927750410509,0.46223316912972084,0.4511494252873563,0.4872742200328407,0.4540229885057471,0.4458128078817734,0.4293924466338259,0.43267651888341546,0.451559934318555,0.43924466338259444,0.43267651888341546,0.4478653530377668,0.4400656814449918,0.4560755336617406,0.4708538587848933,0.45566502463054187,0.4273399014778325,0.4708538587848933,0.42980295566502463,0.44950738916256155,0.45894909688013136,0.4429392446633826,0.4630541871921182,0.43103448275862066,0.4388341543513957,0.46921182266009853,0.45197044334975367,0.4351395730706076,0.4552545155993432,0.49220032840722494,0.4425287356321839,0.49137931034482757,0.44170771756978655,0.44991789819376027,0.4794745484400657,0.4248768472906404,0.4663382594417077,0.43924466338259444,0.4963054187192118,0.4339080459770115,0.4729064039408867,0.4839901477832512,0.43472906403940886,0.4511494252873563,0.44376026272577995,0.4536124794745484,0.451559934318555,0.4318555008210181,0.4482758620689655,0.458128078817734,0.44499178981937604,0.4573070607553366,0.4367816091954023,0.4486863711001642,0.44376026272577995,0.4696223316912972,0.4408866995073892,0.43267651888341546,0.4445812807881773,0.42651888341543515,0.45197044334975367,0.45977011494252873,0.4396551724137931,0.46264367816091956,0.44704433497536944,0.46798029556650245,0.46551724137931033,0.4577175697865353,0.4318555008210181,0.4429392446633826,0.4351395730706076,0.4408866995073892,0.4220032840722496,0.493431855500821,0.43555008210180624,0.4367816091954023,0.43924466338259444,0.4614121510673235,0.4523809523809524,0.4839901477832512,0.42610837438423643,0.42528735632183906,0.4544334975369458,0.41830870279146143,0.49835796387520526,0.45977011494252873,0.43472906403940886,0.4536124794745484,0.44745484400656815,0.4753694581280788,0.42980295566502463
Cora	GNN	0.34811165845648606,0.4421182266009852,0.277504105090312,0.2951559934318555,0.2955665024630542,0.41502463054187194,0.3637110016420361,0.33538587848932677,0.42323481116584566,0.3633004926108374,0.3522167487684729,0.3682266009852217,0.3969622331691297,0.26436781609195403,0.29720853858784896,0.30952380952380953,0.4039408866995074,0.31896551724137934,0.2614942528735632,0.31650246305418717,0.4039408866995074,0.40476190476190477,0.39860426929392445,0.40681444991789817,0.32963875205254517,0.39655172413793105,0.33292282430213466,0.4109195402298851,0.3793103448275862,0.4458128078817734,0.4454022988505747,0.31732348111658454,0.41502463054187194,0.3563218390804598,0.3370279146141215,0.3542692939244663,0.3727422003284072,0.3920361247947455,0.35919540229885055,0.28078817733990147,0.3944991789819376,0.479064039408867,0.34195402298850575,0.39860426929392445,0.3497536945812808,0.34523809523809523,0.2869458128078818,0.42898193760262726,0.3009031198686371,0.3493431855500821,0.388752052545156,0.4166666666666667,0.2524630541871921,0.3760262725779967,0.37889983579638753,0.4191297208538588,0.37233169129720856,0.4408866995073892,0.42282430213464695,0.44991789819376027,0.26929392446633826,0.3427750410509031,0.39326765188834156,0.38752052545155996,0.26354679802955666,0.4051724137931034,0.2832512315270936,0.44170771756978655,0.2672413793103448,0.4256978653530378,0.27873563218390807,0.36288998357963875,0.319376026272578,0.36042692939244664,0.4211822660098522,0.3866995073891626,0.3850574712643678,0.2857142857142857,0.4318555008210181,0.32594417077175697,0.2861247947454844,0.2828407224958949,0.4125615763546798,0.3830049261083744,0.3185550082101806,0.41133004926108374,0.3341543513957307,0.38013136288998356,0.3312807881773399,0.25738916256157635,0.3518062397372742,0.36247947454844004,0.36042692939244664,0.40681444991789817,0.298440065681445,0.3587848932676519,0.3854679802955665,0.37438423645320196,0.2914614121510673,0.2894088669950739
Cora	GG	0.5077996715927751,0.5344827586206896,0.5402298850574713,0.49466338259441706,0.4729064039408867,0.4458128078817734,0.5127257799671593,0.4273399014778325,0.5102627257799671,0.4318555008210181,0.5036945812807881,0.3817733990147783,0.43226600985221675,0.5041050903119869,0.4577175697865353,0.5032840722495895,0.42528735632183906,0.5295566502463054,0.514367816091954,0.43801313628899835,0.4220032840722496,0.46551724137931033,0.4663382594417077,0.5123152709359606,0.5324302134646962,0.43842364532019706,0.5578817733990148,0.4351395730706076,0.5254515599343186,0.5295566502463054,0.41050903119868637,0.5697865353037767,0.4548440065681445,0.4905582922824302,0.4585385878489327,0.4729064039408867,0.4051724137931034,0.4585385878489327,0.5254515599343186,0.48932676518883417,0.5385878489326765,0.4995894909688013,0.4577175697865353,0.472495894909688,0.4486863711001642,0.48891625615763545,0.44950738916256155,0.4766009852216749,0.5180623973727422,0.5114942528735632,0.5197044334975369,0.4277504105090312,0.472495894909688,0.3370279146141215,0.5041050903119869,0.44704433497536944,0.4429392446633826,0.5389983579638752,0.5164203612479474,0.5451559934318555,0.5098522167487685,0.4154351395730706,0.48070607553366174,0.3805418719211823,0.49507389162561577,0.4630541871921182,0.4318555008210181,0.5188834154351396,0.45320197044334976,0.5463875205254516,0.4125615763546798,0.39655172413793105,0.55623973727422,0.46018062397372744,0.5463875205254516,0.5451559934318555,0.44047619047619047,0.5180623973727422,0.5069786535303776,0.4876847290640394,0.4995894909688013,0.4642857142857143,0.46469622331691296,0.5082101806239737,0.45197044334975367,0.4536124794745484,0.5270935960591133,0.5201149425287356,0.4675697865353038,0.41625615763546797,0.5197044334975369,0.3957307060755337,0.4027093596059113,0.5172413793103449,0.4293924466338259,0.4720853858784893,0.5525451559934319,0.3694581280788177,0.5681444991789819,0.4035303776683087
Cora	GG2	0.4942528735632184,0.527504105090312,0.49917898193760263,0.5221674876847291,0.48111658456486045,0.4445812807881773,0.5082101806239737,0.4885057471264368,0.514367816091954,0.5086206896551724,0.47495894909688013,0.4819376026272578,0.5829228243021346,0.5435139573070608,0.5373563218390804,0.4954844006568144,0.5069786535303776,0.5102627257799671,0.5106732348111659,0.46346469622331693,0.5077996715927751,0.4766009852216749,0.48645320197044334,0.513136288998358,0.5615763546798029,0.5160098522167488,0.5291461412151067,0.42651888341543515,0.5217569786535303,0.5496715927750411,0.534072249589491,0.5480295566502463,0.5192939244663383,0.5246305418719212,0.4819376026272578,0.5476190476190477,0.5069786535303776,0.47495894909688013,0.5919540229885057,0.5459770114942529,0.5685550082101807,0.5463875205254516,0.5094417077175698,0.5509031198686372,0.4445812807881773,0.4917898193760263,0.5110837438423645,0.5726600985221675,0.5045155993431856,0.5324302134646962,0.5582922824302134,0.43472906403940886,0.5217569786535303,0.5250410509031199,0.4885057471264368,0.5114942528735632,0.44047619047619047,0.5833333333333334,0.5262725779967159,0.5398193760262726,0.5287356321839081,0.4330870279146141,0.5102627257799671,0.5685550082101807,0.5328407224958949,0.4942528735632184,0.4905582922824302,0.5398193760262726,0.5439244663382594,0.5106732348111659,0.4794745484400657,0.5250410509031199,0.5849753694581281,0.5443349753694581,0.5496715927750411,0.5718390804597702,0.48932676518883417,0.5398193760262726,0.5258620689655172,0.5213464696223317,0.5127257799671593,0.5455665024630542,0.5262725779967159,0.5061576354679803,0.4880952380952381,0.5192939244663383,0.534072249589491,0.5751231527093597,0.5373563218390804,0.5369458128078818,0.4577175697865353,0.4963054187192118,0.3916256157635468,0.5299671592775042,0.46798029556650245,0.5098522167487685,0.5726600985221675,0.4269293924466338,0.5870279146141215,0.5082101806239737
Citeseer	GEE	0.3164049448713665,0.3200801871032409,0.2796525225526228,0.3043768793852322,0.3057133311059138,0.22352155028399598,0.3301035750083528,0.2786501837621116,0.29702639492148347,0.2900100233879051,0.3160708319411961,0.3060474440360842,0.2726361510190444,0.31206147677915136,0.3003675242231874,0.3210825258937521,0.2956899432008019,0.2786501837621116,0.2866688940862011,0.305045105245573,0.3177413965920481,0.29401937854994986,0.2796525225526228,0.30103575008352823,0.2749749415302372,0.28366187771466755,0.3184096224523889,0.32709655863681925,0.30972268626795857,0.2783160708319412,0.2876712328767123,0.2876712328767123,0.2903441363180755,0.26094219846308053,0.3207484129635817,0.3297694620781824,0.28700300701637155,0.31105913798864016,0.3324423655195456,0.32943534914801204,0.3194119612429001,0.3164049448713665,0.3093885733377882,0.2923488138990979,0.26896090878717005,0.31473438022051453,0.2903441363180755,0.3103909121282994,0.300033411293017,0.2753090544604076,0.31306381556966256,0.3180755095222185,0.3204143000334113,0.3107250250584698,0.32375542933511525,0.3301035750083528,0.2903441363180755,0.31540260608085535,0.305045105245573,0.3240895422652857,0.31406615436017377,0.31206147677915136,0.2933511526896091,0.3003675242231874,0.29502171734046106,0.300033411293017,0.3210825258937521,0.28265953892415635,0.2943534914801203,0.28232542599398597,0.31239558970932174,0.3093885733377882,0.3220848646842633,0.3164049448713665,0.2933511526896091,0.27430671566989645,0.3217507517540929,0.3037086535248914,0.28032074841296356,0.3220848646842633,0.31373204143000333,0.3164049448713665,0.28132308720347476,0.3070497828265954,0.3230872034747745,0.2819913130638156,0.30304042766455064,0.27129969929836284,0.3217507517540929,0.278984296692282,0.27230203808887404,0.303374540594721,0.311727363848981,0.3254259939859673,0.3217507517540929,0.32709655863681925,0.28132308720347476,0.27363848980955563,0.305045105245573,0.29969929836284664
Citeseer	GNN	0.26428332776478447,0.251252923488139,0.26194453725359174,0.25626461744069495,0.2532576010691614,0.31339792849983295,0.2636151019044437,0.30771800868693616,0.27230203808887404,0.29502171734046106,0.22452388907450718,0.29502171734046106,0.3391246241229536,0.2465753424657534,0.2525893752088206,0.27196792515870366,0.2238556632141664,0.3240895422652857,0.2946876044102907,0.25993985967256933,0.2682926829268293,0.2863347811560307,0.23989308386234548,0.23955897093217507,0.29535583027063145,0.24056130972268627,0.300033411293017,0.3023722018042098,0.2656197794854661,0.27029736050785164,0.2783160708319412,0.23220848646842632,0.300033411293017,0.25760106916137654,0.2729702639492148,0.26094219846308053,0.2726361510190444,0.2499164717674574,0.22285332442365519,0.29635816906114265,0.28165720013364515,0.2863347811560307,0.23822251921149348,0.25425993985967255,0.24022719679251586,0.2980287337119947,0.2649515536251253,0.2759772803207484,0.19011025726695624,0.26996324757768125,0.3103909121282994,0.2662880053458069,0.30304042766455064,0.26862679585699967,0.28332776478449717,0.2636151019044437,0.3207484129635817,0.2896759104577347,0.27564316739057804,0.22920147009689276,0.2525893752088206,0.22953558302706314,0.2368860674908119,0.28399599064483794,0.2492482459071166,0.24757768125626461,0.22352155028399598,0.3240895422652857,0.2639492148346141,0.21249582358837288,0.2385566321416639,0.28466421650517876,0.24223187437353827,0.24590711660541262,0.24423655195456065,0.24523889074507182,0.27464082860006683,0.24858002004677582,0.300033411293017,0.28165720013364515,0.22953558302706314,0.30872034747744737,0.22686267958569997,0.30203808887403943,0.27096558636819246,0.2766455061810892,0.2064817908453057,0.3043768793852322,0.26060808553291015,0.2519211493484798,0.22920147009689276,0.21550283995990646,0.2626127631139325,0.305045105245573,0.2532576010691614,0.3150684931506849,0.24490477781490144,0.3093885733377882,0.28833945873705313,0.27731373204143
Citeseer	GG	0.32709655863681925,0.3424657534246575,0.3665218843969262,0.331105913798864,0.34179752756431675,0.35449381891079185,0.3788840628132309,0.3204143000334113,0.28800534580688275,0.3518209154694287,0.2629468760441029,0.3611760775141998,0.3053792181757434,0.32241897761443367,0.360507851653859,0.28232542599398597,0.35482793184096223,0.30872034747744737,0.33845639826261276,0.3758770464416973,0.39224858002004676,0.3722018042098229,0.3164049448713665,0.33979284998329434,0.35583027063147343,0.31406615436017377,0.3150684931506849,0.360507851653859,0.28399599064483794,0.3220848646842633,0.39893083862345474,0.357166722352155,0.308386234547277,0.3461409956565319,0.3093885733377882,0.3180755095222185,0.34647510858670233,0.280654861343134,0.3919144670898764,0.33711994654193117,0.311727363848981,0.37988640160374204,0.3337788172402272,0.34046107584363516,0.3367858336117608,0.39692616104243233,0.38189107918476445,0.365519545606415,0.31206147677915136,0.32609421984630804,0.35883728700300704,0.37988640160374204,0.3337788172402272,0.3170731707317073,0.32809889742733045,0.34079518877380555,0.3448045439358503,0.3478115603073839,0.3357834948212496,0.360507851653859,0.3514868025392583,0.32509188105579684,0.2930170397594387,0.36351486802539257,0.35549615770130305,0.39425325760106916,0.35683260942198464,0.3618443033745406,0.38422986969595724,0.3337788172402272,0.34981623788840627,0.36351486802539257,0.32475776812562646,0.35248914132976944,0.40795188773805546,0.3748747076511861,0.33845639826261276,0.3471433344470431,0.3177413965920481,0.3732041430003341,0.38322753090544603,0.3364517206815904,0.37621115937186766,0.36886067490811897,0.36886067490811897,0.337788172402272,0.32843301035750083,0.35315736719011026,0.3925826929502172,0.3514868025392583,0.29602405613097227,0.40728366187771464,0.3929168058803876,0.35516204477113267,0.3812228533244237,0.2659538924156365,0.32676244570664886,0.3197460741730705,0.30070163715335785,0.3200801871032409
Citeseer	GG2	0.38757099899766123,0.3905780153691948,0.3755429335115269,0.3448045439358503,0.3748747076511861,0.3872368860674908,0.3504844637487471,0.3240895422652857,0.3354493818910792,0.36886067490811897,0.32275309054460405,0.3478115603073839,0.3481456732375543,0.3177413965920481,0.38389575676578686,0.3708653524891413,0.4066154360173739,0.3451386568660207,0.3491480120280655,0.365519545606415,0.3925826929502172,0.37988640160374204,0.3184096224523889,0.3184096224523889,0.3454727697961911,0.3504844637487471,0.3184096224523889,0.38255930504510527,0.3160708319411961,0.3812228533244237,0.3735382559305045,0.3708653524891413,0.36919478783828935,0.37821583695289007,0.34313397928499834,0.3992649515536251,0.34313397928499834,0.39993317741396595,0.4039425325760107,0.35449381891079185,0.40026729034413633,0.38155696625459407,0.37955228867357166,0.34981623788840627,0.30771800868693616,0.3889074507183428,0.3812228533244237,0.3869027731373204,0.3591713999331774,0.357166722352155,0.3982626127631139,0.39792849983294354,0.3184096224523889,0.3301035750083528,0.35415970598062146,0.40594721015703306,0.3468092215168727,0.34179752756431675,0.360507851653859,0.3872368860674908,0.3454727697961911,0.3461409956565319,0.362178416304711,0.30771800868693616,0.35783494821249584,0.35683260942198464,0.3591713999331774,0.3641830938857334,0.36618777146675574,0.32776478449716007,0.36351486802539257,0.39659204811226195,0.35783494821249584,0.35415970598062146,0.4066154360173739,0.32475776812562646,0.33879051119278314,0.37019712662880055,0.32776478449716007,0.38189107918476445,0.35883728700300704,0.3628466421650518,0.4049448713665219,0.3618443033745406,0.3778817240227197,0.38255930504510527,0.35115268960908785,0.39659204811226195,0.37955228867357166,0.33511526896090876,0.36618777146675574,0.4036084196458403,0.3321082525893752,0.3742064817908453,0.4029401937854995,0.34179752756431675,0.32809889742733045,0.34079518877380555,0.3481456732375543,0.3381222853324424
