ACM	GEE	0.005907297134399414,0.00622105598449707,0.006529092788696289,0.006853818893432617,0.006196022033691406,0.006166934967041016,0.006479740142822266,0.006289005279541016,0.006233930587768555,0.006283998489379883,0.006311178207397461,0.006296873092651367,0.006185054779052734,0.006284236907958984,0.006174802780151367,0.006057024002075195,0.0062258243560791016,0.006172895431518555,0.006234169006347656,0.006175041198730469,0.007513761520385742,0.006227970123291016,0.006363868713378906,0.00619196891784668,0.006277799606323242,0.0061550140380859375,0.0062808990478515625,0.006297111511230469,0.006379127502441406,0.00625920295715332,0.006324052810668945,0.006144046783447266,0.0064220428466796875,0.006092071533203125,0.006543159484863281,0.006318807601928711,0.006283998489379883,0.006410837173461914,0.006502866744995117,0.007132768630981445,0.006277799606323242,0.006295919418334961,0.0061109066009521484,0.00623321533203125,0.006403923034667969,0.006639242172241211,0.0063610076904296875,0.006140947341918945,0.006189107894897461,0.006294965744018555,0.006429910659790039,0.006324291229248047,0.006321907043457031,0.006407260894775391,0.006325960159301758,0.006428241729736328,0.006170988082885742,0.006256103515625,0.006389141082763672,0.006208896636962891,0.005896806716918945,0.0070040225982666016,0.006444692611694336,0.006386995315551758,0.0062940120697021484,0.006273984909057617,0.006399869918823242,0.00634002685546875,0.006281137466430664,0.006334066390991211,0.00635218620300293,0.0063021183013916016,0.006323814392089844,0.006123781204223633,0.006350994110107422,0.006206989288330078,0.006304025650024414,0.006513118743896484,0.0062139034271240234,0.00632786750793457,0.006276845932006836,0.0066280364990234375,0.006407022476196289,0.0064580440521240234,0.006418943405151367,0.00641632080078125,0.006353139877319336,0.006265163421630859,0.006347179412841797,0.00628972053527832,0.006596088409423828,0.006379842758178711,0.006289005279541016,0.006409168243408203,0.0065288543701171875,0.006256103515625,0.006108760833740234,0.00646209716796875,0.006398916244506836,0.006145000457763672
ACM	GNN	0.33608102798461914,0.5027756690979004,0.342864990234375,0.30179405212402344,0.35451698303222656,0.3244340419769287,0.37095093727111816,0.36081624031066895,0.4420018196105957,0.6904518604278564,0.4069502353668213,0.3580281734466553,0.3041198253631592,0.2772688865661621,0.3521699905395508,0.45680999755859375,0.3842179775238037,0.39080023765563965,0.3327820301055908,0.4203660488128662,0.36076998710632324,0.33086204528808594,0.497039794921875,0.33445310592651367,0.39736080169677734,0.4278898239135742,0.32128286361694336,0.28482818603515625,0.5486280918121338,0.3442680835723877,0.7285351753234863,0.30146217346191406,0.3372962474822998,0.39395618438720703,0.4626798629760742,0.4152677059173584,0.28471899032592773,0.4468400478363037,0.3867330551147461,0.3230750560760498,0.3730030059814453,0.3535652160644531,0.35714101791381836,0.3278970718383789,0.2612621784210205,0.33563899993896484,0.38214993476867676,0.40577220916748047,0.315615177154541,0.27728915214538574,0.3483860492706299,0.3486778736114502,0.5402719974517822,0.3154418468475342,0.4239668846130371,0.3762679100036621,0.5216012001037598,0.6563677787780762,0.4163041114807129,0.6931247711181641,0.438762903213501,0.2838149070739746,0.3595728874206543,0.3487839698791504,0.3174099922180176,0.31522107124328613,0.5367641448974609,0.3777148723602295,0.3811349868774414,0.2706270217895508,0.3128938674926758,0.28823089599609375,0.3872849941253662,0.3951261043548584,0.3929591178894043,0.3660469055175781,0.30785107612609863,0.36286211013793945,0.35419321060180664,0.3609781265258789,0.3906431198120117,0.534229040145874,0.321911096572876,0.32159900665283203,0.2512679100036621,0.3034849166870117,0.3591749668121338,0.451934814453125,0.638592004776001,0.28672099113464355,0.2569088935852051,0.2771646976470947,0.44523191452026367,0.28511595726013184,0.3026919364929199,0.3574683666229248,0.39916110038757324,0.3059651851654053,0.5668859481811523,0.2693290710449219
ACM	GG	0.6765210628509521,0.8758010864257812,0.25364208221435547,0.2512087821960449,0.8373446464538574,0.5997722148895264,0.6189999580383301,0.4551992416381836,0.49149107933044434,0.2944810390472412,0.2564201354980469,0.45041418075561523,0.3417530059814453,0.4352729320526123,0.25769519805908203,0.7440228462219238,0.7177329063415527,0.35915398597717285,0.5719039440155029,0.5042991638183594,0.6462199687957764,1.1755778789520264,0.5029902458190918,0.45694494247436523,0.6251950263977051,0.25061917304992676,0.9175159931182861,0.3230431079864502,0.28343820571899414,0.43470311164855957,0.5050089359283447,0.3750009536743164,0.2500488758087158,0.25507211685180664,0.26969003677368164,0.6447961330413818,0.3088419437408447,0.31894993782043457,0.28180718421936035,0.427778959274292,0.6852929592132568,0.28452491760253906,0.2658560276031494,0.9045093059539795,0.2929379940032959,0.41528892517089844,0.254749059677124,0.855532169342041,0.6911759376525879,0.5062861442565918,0.5734860897064209,0.6361470222473145,0.28979015350341797,0.4294867515563965,0.29589104652404785,0.5681688785552979,0.5674319267272949,0.2925281524658203,0.8805339336395264,0.25162601470947266,0.9105217456817627,0.4719729423522949,0.26221704483032227,0.275968074798584,0.6189398765563965,0.2855072021484375,0.2742037773132324,0.9246611595153809,0.3343791961669922,0.5490648746490479,0.7799251079559326,0.848520040512085,0.38892602920532227,0.3407149314880371,0.5185463428497314,0.42998409271240234,0.4898641109466553,0.28727102279663086,0.7818076610565186,0.46019482612609863,0.2583620548248291,0.8290688991546631,0.2608070373535156,0.3641631603240967,0.24964499473571777,0.9779918193817139,0.25482797622680664,0.6320641040802002,0.26364588737487793,0.40763282775878906,0.809222936630249,0.26706671714782715,0.3028380870819092,0.30437469482421875,0.4090738296508789,0.27170395851135254,0.28724122047424316,0.784121036529541,0.2885909080505371,0.30101895332336426
ACM	GG2	0.6765210628509521,0.8758010864257812,0.25364208221435547,0.2512087821960449,0.8373446464538574,0.5997722148895264,0.6189999580383301,0.4551992416381836,0.49149107933044434,0.2944810390472412,0.2564201354980469,0.45041418075561523,0.3417530059814453,0.4352729320526123,0.25769519805908203,0.7440228462219238,0.7177329063415527,0.35915398597717285,0.5719039440155029,0.5042991638183594,0.6462199687957764,1.1755778789520264,0.5029902458190918,0.45694494247436523,0.6251950263977051,0.25061917304992676,0.9175159931182861,0.3230431079864502,0.28343820571899414,0.43470311164855957,0.5050089359283447,0.3750009536743164,0.2500488758087158,0.25507211685180664,0.26969003677368164,0.6447961330413818,0.3088419437408447,0.31894993782043457,0.28180718421936035,0.427778959274292,0.6852929592132568,0.28452491760253906,0.2658560276031494,0.9045093059539795,0.2929379940032959,0.41528892517089844,0.254749059677124,0.855532169342041,0.6911759376525879,0.5062861442565918,0.5734860897064209,0.6361470222473145,0.28979015350341797,0.4294867515563965,0.29589104652404785,0.5681688785552979,0.5674319267272949,0.2925281524658203,0.8805339336395264,0.25162601470947266,0.9105217456817627,0.4719729423522949,0.26221704483032227,0.275968074798584,0.6189398765563965,0.2855072021484375,0.2742037773132324,0.9246611595153809,0.3343791961669922,0.5490648746490479,0.7799251079559326,0.848520040512085,0.38892602920532227,0.3407149314880371,0.5185463428497314,0.42998409271240234,0.4898641109466553,0.28727102279663086,0.7818076610565186,0.46019482612609863,0.2583620548248291,0.8290688991546631,0.2608070373535156,0.3641631603240967,0.24964499473571777,0.9779918193817139,0.25482797622680664,0.6320641040802002,0.26364588737487793,0.40763282775878906,0.809222936630249,0.26706671714782715,0.3028380870819092,0.30437469482421875,0.4090738296508789,0.27170395851135254,0.28724122047424316,0.784121036529541,0.2885909080505371,0.30101895332336426
BAT	GEE	0.0005960464477539062,0.0005369186401367188,0.0005280971527099609,0.0005660057067871094,0.0005550384521484375,0.0005540847778320312,0.0005450248718261719,0.0005409717559814453,0.0005490779876708984,0.0005288124084472656,0.0005390644073486328,0.0005559921264648438,0.0005309581756591797,0.0005221366882324219,0.0005660057067871094,0.0005600452423095703,0.0005519390106201172,0.0005290508270263672,0.0005247592926025391,0.0005319118499755859,0.0005087852478027344,0.0005619525909423828,0.0005183219909667969,0.000537872314453125,0.0005507469177246094,0.0005340576171875,0.0007038116455078125,0.0005109310150146484,0.0005240440368652344,0.0005519390106201172,0.0005266666412353516,0.0005807876586914062,0.0005669593811035156,0.0005462169647216797,0.0005209445953369141,0.0005509853363037109,0.0005271434783935547,0.0005381107330322266,0.000530242919921875,0.0005340576171875,0.0005328655242919922,0.0005741119384765625,0.0005500316619873047,0.0005960464477539062,0.0005390644073486328,0.0005369186401367188,0.00055694580078125,0.0005381107330322266,0.0005371570587158203,0.0005261898040771484,0.000518798828125,0.0005240440368652344,0.0005340576171875,0.0005259513854980469,0.0005121231079101562,0.0005438327789306641,0.0005252361297607422,0.0005309581756591797,0.0005130767822265625,0.0004951953887939453,0.0005409717559814453,0.0005109310150146484,0.0005609989166259766,0.0005171298980712891,0.0005340576171875,0.0005528926849365234,0.0005638599395751953,0.0005512237548828125,0.0005338191986083984,0.0005331039428710938,0.0005612373352050781,0.0005288124084472656,0.0005228519439697266,0.0005340576171875,0.0005400180816650391,0.0005419254302978516,0.0005424022674560547,0.0005228519439697266,0.0005340576171875,0.0005407333374023438,0.0005292892456054688,0.0005440711975097656,0.0005590915679931641,0.0005240440368652344,0.0005340576171875,0.0005369186401367188,0.0005450248718261719,0.0005218982696533203,0.0005409717559814453,0.0005269050598144531,0.0006017684936523438,0.0005581378936767578,0.0005712509155273438,0.0005640983581542969,0.0005450248718261719,0.0005247592926025391,0.000514984130859375,0.0005183219909667969,0.00055694580078125,0.0005440711975097656
BAT	GNN	0.13255786895751953,0.09843826293945312,0.14391493797302246,0.14214205741882324,0.09400081634521484,0.10475492477416992,0.10052776336669922,0.1214289665222168,0.1190798282623291,0.11793375015258789,0.09217405319213867,0.16493916511535645,0.2050490379333496,0.2107830047607422,0.09630012512207031,0.1081838607788086,0.09230208396911621,0.1127631664276123,0.11472201347351074,0.12675714492797852,0.11495184898376465,0.1369929313659668,0.12536191940307617,0.12328195571899414,0.1280660629272461,0.09314584732055664,0.13398098945617676,0.11639690399169922,0.11565589904785156,0.185150146484375,0.11716794967651367,0.11649203300476074,0.1172339916229248,0.10565590858459473,0.0999290943145752,0.12033987045288086,0.1145777702331543,0.21888089179992676,0.1215507984161377,0.12402510643005371,0.11910724639892578,0.11655783653259277,0.18869805335998535,0.09169483184814453,0.19606900215148926,0.17006707191467285,0.09639406204223633,0.2212660312652588,0.21306896209716797,0.09225010871887207,0.1433563232421875,0.12258195877075195,0.12266016006469727,0.2790710926055908,0.16529083251953125,0.1723020076751709,0.18540000915527344,0.1214141845703125,0.11554121971130371,0.12486028671264648,0.11939406394958496,0.09920716285705566,0.19618606567382812,0.11874699592590332,0.1868741512298584,0.17835187911987305,0.0932929515838623,0.09313797950744629,0.09381294250488281,0.12264180183410645,0.09267592430114746,0.13253402709960938,0.11950016021728516,0.1196591854095459,0.19396591186523438,0.09292793273925781,0.171875,0.09351205825805664,0.11311006546020508,0.11819291114807129,0.12611675262451172,0.12544012069702148,0.16215109825134277,0.15752887725830078,0.1255791187286377,0.19772696495056152,0.1192319393157959,0.2004411220550537,0.18746709823608398,0.1245582103729248,0.12564802169799805,0.14076685905456543,0.10760879516601562,0.1284787654876709,0.13864398002624512,0.20494508743286133,0.11265015602111816,0.1164250373840332,0.20428800582885742,0.12142181396484375
BAT	GG	0.128187894821167,0.1705770492553711,0.11745309829711914,0.1268148422241211,0.12273597717285156,0.10560727119445801,0.11415505409240723,0.09228301048278809,0.13402104377746582,0.15870118141174316,0.16131305694580078,0.11058473587036133,0.12653803825378418,0.1133108139038086,0.13510513305664062,0.1363840103149414,0.13395929336547852,0.09336209297180176,0.10302519798278809,0.09286999702453613,0.19086170196533203,0.18122291564941406,0.11501026153564453,0.11183381080627441,0.13168811798095703,0.17228436470031738,0.2488410472869873,0.1033329963684082,0.16341686248779297,0.14119720458984375,0.13995885848999023,0.11662888526916504,0.11630892753601074,0.11587285995483398,0.12431716918945312,0.15055513381958008,0.13810491561889648,0.11022377014160156,0.09079122543334961,0.12678313255310059,0.09267711639404297,0.18645501136779785,0.1787731647491455,0.12093973159790039,0.09238910675048828,0.1175851821899414,0.11880683898925781,0.0914921760559082,0.12155795097351074,0.11567091941833496,0.15439391136169434,0.09286308288574219,0.19449114799499512,0.18669700622558594,0.0953211784362793,0.11772418022155762,0.09294795989990234,0.09167599678039551,0.09173893928527832,0.09285998344421387,0.10929083824157715,0.12511324882507324,0.09299588203430176,0.1323699951171875,0.11602902412414551,0.210068941116333,0.12685608863830566,0.11996603012084961,0.22400307655334473,0.15627503395080566,0.16254377365112305,0.09325599670410156,0.0918588638305664,0.09674692153930664,0.13844895362854004,0.18262696266174316,0.16718482971191406,0.1218411922454834,0.13272905349731445,0.09293699264526367,0.09214520454406738,0.09267306327819824,0.19023370742797852,0.09620404243469238,0.14978528022766113,0.20745396614074707,0.19640493392944336,0.12315893173217773,0.11967992782592773,0.09996485710144043,0.10617804527282715,0.14562511444091797,0.16852617263793945,0.15332388877868652,0.12849211692810059,0.20385527610778809,0.17451691627502441,0.15045881271362305,0.09251785278320312,0.0919029712677002
BAT	GG2	0.128187894821167,0.1705770492553711,0.11745309829711914,0.1268148422241211,0.12273597717285156,0.10560727119445801,0.11415505409240723,0.09228301048278809,0.13402104377746582,0.15870118141174316,0.16131305694580078,0.11058473587036133,0.12653803825378418,0.1133108139038086,0.13510513305664062,0.1363840103149414,0.13395929336547852,0.09336209297180176,0.10302519798278809,0.09286999702453613,0.19086170196533203,0.18122291564941406,0.11501026153564453,0.11183381080627441,0.13168811798095703,0.17228436470031738,0.2488410472869873,0.1033329963684082,0.16341686248779297,0.14119720458984375,0.13995885848999023,0.11662888526916504,0.11630892753601074,0.11587285995483398,0.12431716918945312,0.15055513381958008,0.13810491561889648,0.11022377014160156,0.09079122543334961,0.12678313255310059,0.09267711639404297,0.18645501136779785,0.1787731647491455,0.12093973159790039,0.09238910675048828,0.1175851821899414,0.11880683898925781,0.0914921760559082,0.12155795097351074,0.11567091941833496,0.15439391136169434,0.09286308288574219,0.19449114799499512,0.18669700622558594,0.0953211784362793,0.11772418022155762,0.09294795989990234,0.09167599678039551,0.09173893928527832,0.09285998344421387,0.10929083824157715,0.12511324882507324,0.09299588203430176,0.1323699951171875,0.11602902412414551,0.210068941116333,0.12685608863830566,0.11996603012084961,0.22400307655334473,0.15627503395080566,0.16254377365112305,0.09325599670410156,0.0918588638305664,0.09674692153930664,0.13844895362854004,0.18262696266174316,0.16718482971191406,0.1218411922454834,0.13272905349731445,0.09293699264526367,0.09214520454406738,0.09267306327819824,0.19023370742797852,0.09620404243469238,0.14978528022766113,0.20745396614074707,0.19640493392944336,0.12315893173217773,0.11967992782592773,0.09996485710144043,0.10617804527282715,0.14562511444091797,0.16852617263793945,0.15332388877868652,0.12849211692810059,0.20385527610778809,0.17451691627502441,0.15045881271362305,0.09251785278320312,0.0919029712677002
DBLP	GEE	0.0023577213287353516,0.0021920204162597656,0.0022149085998535156,0.002157926559448242,0.002231121063232422,0.0022339820861816406,0.0021491050720214844,0.0021359920501708984,0.0022439956665039062,0.002546072006225586,0.0024619102478027344,0.0022230148315429688,0.002167940139770508,0.002351045608520508,0.0023849010467529297,0.0022819042205810547,0.0022280216217041016,0.0023360252380371094,0.002301931381225586,0.002212047576904297,0.0022058486938476562,0.0022821426391601562,0.0022687911987304688,0.0021979808807373047,0.002229928970336914,0.002167940139770508,0.0022687911987304688,0.0021829605102539062,0.0021512508392333984,0.0021810531616210938,0.002287149429321289,0.0023851394653320312,0.00220489501953125,0.0021419525146484375,0.0022890567779541016,0.0022008419036865234,0.0022690296173095703,0.002141237258911133,0.0022220611572265625,0.0022270679473876953,0.002577066421508789,0.0021429061889648438,0.002203226089477539,0.0021800994873046875,0.004480123519897461,0.0022301673889160156,0.0022270679473876953,0.003915071487426758,0.0022399425506591797,0.0022537708282470703,0.002110004425048828,0.0022079944610595703,0.002490997314453125,0.0021512508392333984,0.002215147018432617,0.0021610260009765625,0.0022079944610595703,0.0022079944610595703,0.002317190170288086,0.0021669864654541016,0.0022361278533935547,0.0022249221801757812,0.002187013626098633,0.002218008041381836,0.002202272415161133,0.002262115478515625,0.0022139549255371094,0.0025260448455810547,0.0022819042205810547,0.002307891845703125,0.002216339111328125,0.0022628307342529297,0.0022258758544921875,0.0022373199462890625,0.0021588802337646484,0.0022869110107421875,0.002196073532104492,0.002234935760498047,0.0021779537200927734,0.0022020339965820312,0.002149820327758789,0.002157926559448242,0.002360820770263672,0.002277851104736328,0.002262115478515625,0.002196073532104492,0.002109050750732422,0.0022008419036865234,0.0022101402282714844,0.0027620792388916016,0.0021588802337646484,0.002176046371459961,0.0022001266479492188,0.002334117889404297,0.0022208690643310547,0.002179861068725586,0.002274036407470703,0.0022139549255371094,0.002226114273071289,0.0022118091583251953
DBLP	GNN	0.2528350353240967,0.24010491371154785,0.25985193252563477,0.3141486644744873,0.3212912082672119,0.4326009750366211,0.2792329788208008,0.2954680919647217,0.35654520988464355,0.4643709659576416,0.3838481903076172,0.23723602294921875,0.377565860748291,0.333219051361084,0.2912921905517578,0.3976151943206787,0.3008298873901367,0.3460109233856201,0.3125267028808594,0.28151988983154297,0.4186561107635498,0.27530813217163086,0.2599821090698242,0.6743521690368652,0.35720396041870117,0.4822962284088135,0.26797914505004883,0.29583001136779785,0.3809800148010254,0.3815732002258301,0.4314119815826416,0.36572694778442383,0.3324460983276367,0.2642970085144043,0.46362805366516113,0.2766721248626709,0.2889058589935303,0.3438258171081543,0.3173508644104004,0.26473402976989746,0.2848801612854004,0.36315298080444336,0.31658291816711426,0.3384099006652832,0.22277021408081055,0.3644449710845947,0.30216097831726074,0.2712371349334717,0.27639174461364746,0.3337259292602539,0.233720064163208,0.3473210334777832,0.3352329730987549,0.3050658702850342,0.4283730983734131,0.37313413619995117,0.28507399559020996,0.341749906539917,0.29459404945373535,0.36022090911865234,0.3296020030975342,0.3085658550262451,0.299990177154541,0.283109188079834,0.2901477813720703,0.24326777458190918,0.30266594886779785,0.23433399200439453,0.37729501724243164,0.3866109848022461,0.26221489906311035,0.2890281677246094,0.24179410934448242,0.25367188453674316,0.256450891494751,0.2699110507965088,0.2735629081726074,0.3462841510772705,0.25020289421081543,0.3966548442840576,0.3348522186279297,0.339094877243042,0.24808597564697266,0.3403310775756836,0.30419111251831055,0.2779538631439209,0.42488908767700195,0.38742804527282715,0.2650320529937744,0.334871768951416,0.36351895332336426,0.3275630474090576,0.29410529136657715,0.3032510280609131,0.33669495582580566,0.36193418502807617,0.27967309951782227,0.28811073303222656,0.5177006721496582,0.24610209465026855
DBLP	GG	0.38692402839660645,0.48901891708374023,0.38596415519714355,0.2917649745941162,0.34034109115600586,0.2557969093322754,0.3661811351776123,0.23954200744628906,0.24791717529296875,0.22789287567138672,0.4683091640472412,0.2552359104156494,0.23678302764892578,0.3141310214996338,0.37413811683654785,0.37111997604370117,0.3128330707550049,0.2437739372253418,0.26700496673583984,0.22864389419555664,0.28379392623901367,0.5457959175109863,0.23891186714172363,0.4107668399810791,0.3174011707305908,0.22746586799621582,0.427854061126709,0.34352803230285645,0.240570068359375,0.3977241516113281,0.40642714500427246,0.571923017501831,0.23562908172607422,0.23212695121765137,0.46338891983032227,0.332991361618042,0.4500868320465088,0.32881975173950195,0.22885417938232422,0.2528848648071289,0.8853073120117188,0.6505420207977295,0.23450493812561035,0.24817705154418945,0.2956809997558594,0.4395170211791992,0.4242250919342041,0.4106099605560303,0.26573705673217773,0.2312328815460205,0.34868907928466797,0.6040101051330566,0.2313990592956543,0.2530031204223633,0.239501953125,0.4057002067565918,0.3851199150085449,0.42049217224121094,0.4485127925872803,0.42239999771118164,0.45261192321777344,0.23872113227844238,0.6241650581359863,0.27820777893066406,0.3730313777923584,0.4578230381011963,0.2631690502166748,0.7009003162384033,0.45607972145080566,0.2426140308380127,0.23206710815429688,0.3090181350708008,0.2554969787597656,0.23195314407348633,0.32413315773010254,0.2556569576263428,0.636340856552124,0.23215794563293457,0.3016989231109619,0.23823094367980957,0.5108847618103027,0.4044351577758789,0.22055315971374512,0.25326991081237793,0.23508501052856445,0.3058791160583496,0.35712695121765137,0.44815993309020996,0.2195289134979248,0.2984499931335449,0.6661379337310791,0.24712824821472168,0.3860948085784912,0.6636099815368652,0.23224306106567383,0.2617990970611572,0.21831774711608887,0.22762203216552734,0.2534809112548828,0.3532259464263916
DBLP	GG2	0.38692402839660645,0.48901891708374023,0.38596415519714355,0.2917649745941162,0.34034109115600586,0.2557969093322754,0.3661811351776123,0.23954200744628906,0.24791717529296875,0.22789287567138672,0.4683091640472412,0.2552359104156494,0.23678302764892578,0.3141310214996338,0.37413811683654785,0.37111997604370117,0.3128330707550049,0.2437739372253418,0.26700496673583984,0.22864389419555664,0.28379392623901367,0.5457959175109863,0.23891186714172363,0.4107668399810791,0.3174011707305908,0.22746586799621582,0.427854061126709,0.34352803230285645,0.240570068359375,0.3977241516113281,0.40642714500427246,0.571923017501831,0.23562908172607422,0.23212695121765137,0.46338891983032227,0.332991361618042,0.4500868320465088,0.32881975173950195,0.22885417938232422,0.2528848648071289,0.8853073120117188,0.6505420207977295,0.23450493812561035,0.24817705154418945,0.2956809997558594,0.4395170211791992,0.4242250919342041,0.4106099605560303,0.26573705673217773,0.2312328815460205,0.34868907928466797,0.6040101051330566,0.2313990592956543,0.2530031204223633,0.239501953125,0.4057002067565918,0.3851199150085449,0.42049217224121094,0.4485127925872803,0.42239999771118164,0.45261192321777344,0.23872113227844238,0.6241650581359863,0.27820777893066406,0.3730313777923584,0.4578230381011963,0.2631690502166748,0.7009003162384033,0.45607972145080566,0.2426140308380127,0.23206710815429688,0.3090181350708008,0.2554969787597656,0.23195314407348633,0.32413315773010254,0.2556569576263428,0.636340856552124,0.23215794563293457,0.3016989231109619,0.23823094367980957,0.5108847618103027,0.4044351577758789,0.22055315971374512,0.25326991081237793,0.23508501052856445,0.3058791160583496,0.35712695121765137,0.44815993309020996,0.2195289134979248,0.2984499931335449,0.6661379337310791,0.24712824821472168,0.3860948085784912,0.6636099815368652,0.23224306106567383,0.2617990970611572,0.21831774711608887,0.22762203216552734,0.2534809112548828,0.3532259464263916
EAT	GEE	0.0026061534881591797,0.002732992172241211,0.0026717185974121094,0.002819061279296875,0.0026769638061523438,0.0027091503143310547,0.002880096435546875,0.002930879592895508,0.002707242965698242,0.0026519298553466797,0.003170013427734375,0.0030541419982910156,0.0026569366455078125,0.0028276443481445312,0.0027408599853515625,0.0029730796813964844,0.003072023391723633,0.0029261112213134766,0.0027840137481689453,0.0028259754180908203,0.0027599334716796875,0.0027959346771240234,0.002997875213623047,0.0029158592224121094,0.002655029296875,0.0027277469635009766,0.004698753356933594,0.0028238296508789062,0.0031511783599853516,0.007813215255737305,0.002871990203857422,0.0028481483459472656,0.0028438568115234375,0.0030312538146972656,0.002878904342651367,0.0029349327087402344,0.002742767333984375,0.0027980804443359375,0.0027441978454589844,0.0028810501098632812,0.002769947052001953,0.0029299259185791016,0.0027267932891845703,0.0026917457580566406,0.0028960704803466797,0.0027246475219726562,0.0028297901153564453,0.0028297901153564453,0.002805948257446289,0.002838134765625,0.0026960372924804688,0.002780914306640625,0.0028290748596191406,0.0028018951416015625,0.0028460025787353516,0.0027990341186523438,0.0028018951416015625,0.002850055694580078,0.002716064453125,0.0027801990509033203,0.0026760101318359375,0.002702951431274414,0.002688884735107422,0.0027468204498291016,0.0027053356170654297,0.002791166305541992,0.002624988555908203,0.00273895263671875,0.0027658939361572266,0.0027451515197753906,0.002775907516479492,0.0028219223022460938,0.002710103988647461,0.0028870105743408203,0.002763032913208008,0.0027298927307128906,0.0028519630432128906,0.0027549266815185547,0.0027539730072021484,0.002897977828979492,0.0027658939361572266,0.002808809280395508,0.002741098403930664,0.0027227401733398438,0.0028128623962402344,0.00279998779296875,0.0032727718353271484,0.0028142929077148438,0.0026323795318603516,0.002774953842163086,0.0027747154235839844,0.002627849578857422,0.0027937889099121094,0.002602100372314453,0.0026400089263916016,0.002803802490234375,0.0028069019317626953,0.002621889114379883,0.0027260780334472656,0.002696990966796875
EAT	GNN	0.17817091941833496,0.1557481288909912,0.1969611644744873,0.14969587326049805,0.34070920944213867,0.34292030334472656,0.19242286682128906,0.34449005126953125,0.3831369876861572,0.22772789001464844,0.2380201816558838,0.15594816207885742,0.2237989902496338,0.2035660743713379,0.22358989715576172,0.16698122024536133,0.2019798755645752,0.24376296997070312,0.18688607215881348,0.20027613639831543,0.21154499053955078,0.19386506080627441,0.25261998176574707,0.19836807250976562,0.1745920181274414,0.2013077735900879,0.19315576553344727,0.25804615020751953,0.3639559745788574,0.3039700984954834,0.2851381301879883,0.1853330135345459,0.5952298641204834,0.2656409740447998,0.21451115608215332,0.4285409450531006,0.19331097602844238,0.36797165870666504,0.17425894737243652,0.17518305778503418,0.18529796600341797,0.14590215682983398,0.1804511547088623,0.16986799240112305,0.14229297637939453,0.17091679573059082,0.17643976211547852,0.1762540340423584,0.1721787452697754,0.17553305625915527,0.18562889099121094,0.21637225151062012,0.28426218032836914,0.19376277923583984,0.16422700881958008,0.21651411056518555,0.19469404220581055,0.225294828414917,0.1675889492034912,0.1720750331878662,0.2908768653869629,0.17713117599487305,0.16942381858825684,0.20323729515075684,0.3806140422821045,0.30536723136901855,0.16800308227539062,0.2038731575012207,0.1896069049835205,0.14922499656677246,0.1667490005493164,0.1776270866394043,0.17888402938842773,0.20148825645446777,0.18543362617492676,0.16682910919189453,0.27463483810424805,0.21281790733337402,0.20596814155578613,0.20983505249023438,0.1504530906677246,0.14089322090148926,0.1822671890258789,0.23021221160888672,0.1795058250427246,0.19298195838928223,0.16834616661071777,0.17390727996826172,0.20251202583312988,0.17101192474365234,0.1726689338684082,0.17882990837097168,0.1388700008392334,0.17359495162963867,0.16704201698303223,0.17334699630737305,0.1733551025390625,0.18877315521240234,0.16672277450561523,0.21128606796264648
EAT	GG	0.34204888343811035,0.16651010513305664,0.3052051067352295,0.15638995170593262,0.28258728981018066,0.1903688907623291,0.19035696983337402,0.18923592567443848,0.19425010681152344,0.2687978744506836,0.21264290809631348,0.15349292755126953,0.20110106468200684,0.19629216194152832,0.22113275527954102,0.2941601276397705,0.29227375984191895,0.18521976470947266,0.17761993408203125,0.22633981704711914,0.27176499366760254,0.3227677345275879,0.18354201316833496,0.26943016052246094,0.18304991722106934,0.25792407989501953,0.16983294486999512,0.33600473403930664,0.18940210342407227,0.34720396995544434,0.1919081211090088,0.1892850399017334,0.22020792961120605,0.18320798873901367,0.19569993019104004,0.3948049545288086,0.17997407913208008,0.2394092082977295,0.18755197525024414,0.2536659240722656,0.17540717124938965,0.1716909408569336,0.17464494705200195,0.1782848834991455,0.17085480690002441,0.2374570369720459,0.27586889266967773,0.17176604270935059,0.256314754486084,0.1733560562133789,0.1713399887084961,0.15214323997497559,0.19580578804016113,0.14461374282836914,0.16969823837280273,0.30084919929504395,0.24902009963989258,0.3031010627746582,0.21853184700012207,0.3898582458496094,0.16572308540344238,0.269481897354126,0.1766221523284912,0.2480020523071289,0.16629886627197266,0.18065428733825684,0.1821303367614746,0.21601200103759766,0.3320279121398926,0.3188612461090088,0.14551281929016113,0.2944960594177246,0.15045595169067383,0.16957998275756836,0.17297101020812988,0.17601895332336426,0.17032504081726074,0.18380308151245117,0.21796607971191406,0.17231416702270508,0.2481977939605713,0.16840696334838867,0.2020280361175537,0.1793050765991211,0.17244815826416016,0.14028406143188477,0.21969914436340332,0.2135932445526123,0.22830891609191895,0.20042777061462402,0.2087559700012207,0.1657731533050537,0.16551804542541504,0.2513101100921631,0.21410775184631348,0.17022705078125,0.2869760990142822,0.41793107986450195,0.2716710567474365,0.16530609130859375
EAT	GG2	0.34204888343811035,0.16651010513305664,0.3052051067352295,0.15638995170593262,0.28258728981018066,0.1903688907623291,0.19035696983337402,0.18923592567443848,0.19425010681152344,0.2687978744506836,0.21264290809631348,0.15349292755126953,0.20110106468200684,0.19629216194152832,0.22113275527954102,0.2941601276397705,0.29227375984191895,0.18521976470947266,0.17761993408203125,0.22633981704711914,0.27176499366760254,0.3227677345275879,0.18354201316833496,0.26943016052246094,0.18304991722106934,0.25792407989501953,0.16983294486999512,0.33600473403930664,0.18940210342407227,0.34720396995544434,0.1919081211090088,0.1892850399017334,0.22020792961120605,0.18320798873901367,0.19569993019104004,0.3948049545288086,0.17997407913208008,0.2394092082977295,0.18755197525024414,0.2536659240722656,0.17540717124938965,0.1716909408569336,0.17464494705200195,0.1782848834991455,0.17085480690002441,0.2374570369720459,0.27586889266967773,0.17176604270935059,0.256314754486084,0.1733560562133789,0.1713399887084961,0.15214323997497559,0.19580578804016113,0.14461374282836914,0.16969823837280273,0.30084919929504395,0.24902009963989258,0.3031010627746582,0.21853184700012207,0.3898582458496094,0.16572308540344238,0.269481897354126,0.1766221523284912,0.2480020523071289,0.16629886627197266,0.18065428733825684,0.1821303367614746,0.21601200103759766,0.3320279121398926,0.3188612461090088,0.14551281929016113,0.2944960594177246,0.15045595169067383,0.16957998275756836,0.17297101020812988,0.17601895332336426,0.17032504081726074,0.18380308151245117,0.21796607971191406,0.17231416702270508,0.2481977939605713,0.16840696334838867,0.2020280361175537,0.1793050765991211,0.17244815826416016,0.14028406143188477,0.21969914436340332,0.2135932445526123,0.22830891609191895,0.20042777061462402,0.2087559700012207,0.1657731533050537,0.16551804542541504,0.2513101100921631,0.21410775184631348,0.17022705078125,0.2869760990142822,0.41793107986450195,0.2716710567474365,0.16530609130859375
UAT	GEE	0.006101131439208984,0.006427288055419922,0.006270885467529297,0.006163120269775391,0.0071218013763427734,0.006043195724487305,0.006599903106689453,0.006170988082885742,0.0061109066009521484,0.006654977798461914,0.006339073181152344,0.0064220428466796875,0.006613969802856445,0.006127119064331055,0.005828857421875,0.00622105598449707,0.006263017654418945,0.0063321590423583984,0.007905006408691406,0.006246089935302734,0.0060100555419921875,0.006843090057373047,0.006175041198730469,0.006443023681640625,0.006556987762451172,0.006306886672973633,0.006386756896972656,0.0060117244720458984,0.0062236785888671875,0.006392955780029297,0.006144046783447266,0.006194114685058594,0.006368160247802734,0.0063631534576416016,0.00613713264465332,0.00638580322265625,0.0061779022216796875,0.00624394416809082,0.0065898895263671875,0.0062541961669921875,0.006081104278564453,0.006179094314575195,0.006140708923339844,0.006413936614990234,0.006398916244506836,0.0064089298248291016,0.006312847137451172,0.006415843963623047,0.006844282150268555,0.006313800811767578,0.006176948547363281,0.006409883499145508,0.006301164627075195,0.005964040756225586,0.006206035614013672,0.0063478946685791016,0.006243228912353516,0.006157875061035156,0.006314992904663086,0.0061740875244140625,0.005873918533325195,0.0062770843505859375,0.006166934967041016,0.006575107574462891,0.006114959716796875,0.0062372684478759766,0.006027936935424805,0.00603795051574707,0.006140947341918945,0.006121158599853516,0.0061550140380859375,0.006632089614868164,0.00603795051574707,0.0059239864349365234,0.0061566829681396484,0.005958080291748047,0.006203174591064453,0.006092071533203125,0.006810188293457031,0.0059740543365478516,0.00609588623046875,0.0062160491943359375,0.006090879440307617,0.0066220760345458984,0.0061969757080078125,0.006185054779052734,0.006183147430419922,0.006082057952880859,0.005953073501586914,0.006333112716674805,0.006262063980102539,0.006261110305786133,0.005956172943115234,0.0063021183013916016,0.0060100555419921875,0.006041049957275391,0.0063321590423583984,0.0062100887298583984,0.006176948547363281,0.006111860275268555
UAT	GNN	0.19838881492614746,0.4368290901184082,0.28461575508117676,0.4106428623199463,0.28060007095336914,0.6495640277862549,0.2363450527191162,0.35965394973754883,0.4463372230529785,0.29860806465148926,0.3709859848022461,0.24449801445007324,0.5706381797790527,0.3565349578857422,0.3941493034362793,0.28934597969055176,0.331010103225708,0.28165102005004883,0.48093700408935547,0.43217992782592773,0.331104040145874,0.36712098121643066,0.43807411193847656,0.5514590740203857,0.2651858329772949,0.45496225357055664,0.26804518699645996,0.38399600982666016,0.28446507453918457,0.5730979442596436,0.2532367706298828,0.46986913681030273,0.47282886505126953,0.37517285346984863,0.32459425926208496,0.2934432029724121,0.24843215942382812,0.24095702171325684,0.4672660827636719,0.33532190322875977,0.4747471809387207,0.24714303016662598,0.3997042179107666,0.4671468734741211,0.38193798065185547,0.47424888610839844,0.3853271007537842,0.4335908889770508,0.311809778213501,0.35207605361938477,0.29666996002197266,0.5192499160766602,0.33777523040771484,0.25681114196777344,0.30818605422973633,0.43931102752685547,0.319580078125,0.4528379440307617,0.3072938919067383,0.42899489402770996,0.3394489288330078,0.40197277069091797,0.2684800624847412,0.23076987266540527,0.3601961135864258,0.3365519046783447,0.35051894187927246,0.4005157947540283,0.26270103454589844,0.23009610176086426,0.3251938819885254,0.4104897975921631,0.36694979667663574,0.2698519229888916,0.2730100154876709,0.26699328422546387,0.3409280776977539,0.4040660858154297,0.34718894958496094,0.3384671211242676,0.29784202575683594,0.5149409770965576,0.2315840721130371,0.34040188789367676,0.3367307186126709,0.2548646926879883,0.29685401916503906,0.24482083320617676,0.3235960006713867,0.3085198402404785,0.43819499015808105,0.3654909133911133,0.254810094833374,0.3469879627227783,0.3747899532318115,0.23850393295288086,0.2633481025695801,0.37090301513671875,0.33068275451660156,0.34215879440307617
UAT	GG	0.335888147354126,0.22965788841247559,0.2538008689880371,0.24083614349365234,0.24417424201965332,0.277968168258667,0.23998308181762695,0.23984718322753906,0.3255290985107422,0.39684510231018066,0.8508119583129883,0.24996519088745117,0.4785292148590088,0.235975980758667,0.46564817428588867,0.24907279014587402,0.2856919765472412,0.28252077102661133,0.24524903297424316,0.5372610092163086,0.26323604583740234,0.5263652801513672,0.4053969383239746,0.248884916305542,0.33772706985473633,0.3782370090484619,0.4678199291229248,0.5901892185211182,0.5916049480438232,0.23294401168823242,0.23261308670043945,0.23743796348571777,0.23049497604370117,0.23108577728271484,0.2552661895751953,0.5414330959320068,0.38805508613586426,0.28989076614379883,0.23871278762817383,0.4585728645324707,0.3089790344238281,0.2367391586303711,0.4804999828338623,0.4226961135864258,0.2657430171966553,0.406522274017334,0.39142322540283203,0.32993483543395996,0.28896212577819824,0.24019718170166016,0.3258500099182129,0.23267102241516113,0.2590339183807373,0.24526095390319824,0.318098783493042,0.26503491401672363,0.3813631534576416,0.45850419998168945,0.38201212882995605,0.3340449333190918,0.2357041835784912,0.22788619995117188,0.5986199378967285,0.5501549243927002,0.33536481857299805,0.39589881896972656,0.23643970489501953,0.3357067108154297,0.502345085144043,0.4211258888244629,0.2519218921661377,0.4705209732055664,0.3443257808685303,0.2416248321533203,0.35982799530029297,0.2393178939819336,0.5177149772644043,0.24044179916381836,0.4316520690917969,0.31272006034851074,0.22968792915344238,0.5566089153289795,0.26255106925964355,0.41698288917541504,0.4874687194824219,0.5067641735076904,0.382781982421875,0.2284259796142578,0.6059472560882568,0.27181005477905273,0.4207139015197754,0.6713039875030518,0.22863483428955078,0.283153772354126,0.39972877502441406,0.23447608947753906,0.3013632297515869,0.4206099510192871,0.2769589424133301,0.2798330783843994
UAT	GG2	0.335888147354126,0.22965788841247559,0.2538008689880371,0.24083614349365234,0.24417424201965332,0.277968168258667,0.23998308181762695,0.23984718322753906,0.3255290985107422,0.39684510231018066,0.8508119583129883,0.24996519088745117,0.4785292148590088,0.235975980758667,0.46564817428588867,0.24907279014587402,0.2856919765472412,0.28252077102661133,0.24524903297424316,0.5372610092163086,0.26323604583740234,0.5263652801513672,0.4053969383239746,0.248884916305542,0.33772706985473633,0.3782370090484619,0.4678199291229248,0.5901892185211182,0.5916049480438232,0.23294401168823242,0.23261308670043945,0.23743796348571777,0.23049497604370117,0.23108577728271484,0.2552661895751953,0.5414330959320068,0.38805508613586426,0.28989076614379883,0.23871278762817383,0.4585728645324707,0.3089790344238281,0.2367391586303711,0.4804999828338623,0.4226961135864258,0.2657430171966553,0.406522274017334,0.39142322540283203,0.32993483543395996,0.28896212577819824,0.24019718170166016,0.3258500099182129,0.23267102241516113,0.2590339183807373,0.24526095390319824,0.318098783493042,0.26503491401672363,0.3813631534576416,0.45850419998168945,0.38201212882995605,0.3340449333190918,0.2357041835784912,0.22788619995117188,0.5986199378967285,0.5501549243927002,0.33536481857299805,0.39589881896972656,0.23643970489501953,0.3357067108154297,0.502345085144043,0.4211258888244629,0.2519218921661377,0.4705209732055664,0.3443257808685303,0.2416248321533203,0.35982799530029297,0.2393178939819336,0.5177149772644043,0.24044179916381836,0.4316520690917969,0.31272006034851074,0.22968792915344238,0.5566089153289795,0.26255106925964355,0.41698288917541504,0.4874687194824219,0.5067641735076904,0.382781982421875,0.2284259796142578,0.6059472560882568,0.27181005477905273,0.4207139015197754,0.6713039875030518,0.22863483428955078,0.283153772354126,0.39972877502441406,0.23447608947753906,0.3013632297515869,0.4206099510192871,0.2769589424133301,0.2798330783843994
Wiki	GEE	0.0073010921478271484,0.009405851364135742,0.0076770782470703125,0.008112907409667969,0.00777125358581543,0.008047103881835938,0.008488893508911133,0.008524894714355469,0.00835108757019043,0.00824880599975586,0.007866144180297852,0.007924079895019531,0.007982730865478516,0.008010149002075195,0.007981061935424805,0.007807016372680664,0.007756948471069336,0.008175849914550781,0.008468151092529297,0.007790088653564453,0.007982015609741211,0.007692813873291016,0.010904788970947266,0.008524894714355469,0.007970809936523438,0.008133888244628906,0.008109092712402344,0.01687908172607422,0.008217096328735352,0.007746219635009766,0.007822990417480469,0.008248090744018555,0.008336067199707031,0.00783681869506836,0.008195877075195312,0.008247852325439453,0.007984161376953125,0.00795602798461914,0.007935047149658203,0.007932901382446289,0.008239269256591797,0.008177042007446289,0.008063793182373047,0.007992029190063477,0.00797271728515625,0.008157968521118164,0.012384891510009766,0.008081197738647461,0.007940053939819336,0.008729934692382812,0.00803995132446289,0.008691072463989258,0.007845878601074219,0.008271217346191406,0.007952213287353516,0.007790088653564453,0.012906074523925781,0.007901906967163086,0.008907079696655273,0.007908105850219727,0.00799703598022461,0.007874011993408203,0.008238792419433594,0.007714033126831055,0.007828950881958008,0.0084228515625,0.008643865585327148,0.008234024047851562,0.009843111038208008,0.007871866226196289,0.008139848709106445,0.008133649826049805,0.00816488265991211,0.008481025695800781,0.007922887802124023,0.008517742156982422,0.007859945297241211,0.008539915084838867,0.011545181274414062,0.008254289627075195,0.008383035659790039,0.0077550411224365234,0.008898258209228516,0.008667945861816406,0.009868144989013672,0.008249759674072266,0.008327007293701172,0.008506298065185547,0.008294105529785156,0.008420944213867188,0.008673906326293945,0.007893085479736328,0.008378982543945312,0.008382081985473633,0.00809478759765625,0.007955074310302734,0.008368968963623047,0.008316993713378906,0.008375167846679688,0.00840616226196289
Wiki	GNN	0.5355777740478516,0.7395398616790771,0.8825531005859375,0.5705959796905518,1.7221791744232178,0.6038031578063965,0.837548017501831,0.5676491260528564,0.9193449020385742,0.5365231037139893,0.5917079448699951,0.9418201446533203,0.5385370254516602,1.3302850723266602,0.7530739307403564,0.6253283023834229,1.0810441970825195,0.8631951808929443,0.5922818183898926,0.8996977806091309,0.5151660442352295,0.5935769081115723,0.6827399730682373,0.548919677734375,1.0080080032348633,0.5691792964935303,0.5594711303710938,1.0207569599151611,1.081583023071289,0.7098829746246338,0.6156868934631348,0.874006986618042,0.5548889636993408,0.6159539222717285,0.5667600631713867,0.5673117637634277,0.9218769073486328,0.6117570400238037,1.2151741981506348,0.9987797737121582,0.8374462127685547,0.9921438694000244,1.2154641151428223,0.5918099880218506,1.5698750019073486,0.810291051864624,0.5399959087371826,0.5972049236297607,0.912837028503418,0.584143877029419,0.6605551242828369,0.9593360424041748,0.612339973449707,0.6461203098297119,0.6203329563140869,0.6050372123718262,0.6647377014160156,0.7141499519348145,0.6845979690551758,0.7055649757385254,0.582144021987915,0.6405611038208008,0.9429171085357666,0.644946813583374,0.630622148513794,0.5681610107421875,1.2939200401306152,0.595261812210083,0.5915131568908691,0.8760120868682861,0.5411229133605957,0.9660100936889648,0.5919880867004395,0.6023340225219727,0.5245060920715332,0.5972878932952881,0.7990620136260986,0.5834391117095947,0.5781168937683105,1.1609747409820557,0.9399497509002686,0.9616310596466064,0.6157400608062744,1.0435490608215332,0.7446880340576172,0.713040828704834,0.5540521144866943,0.5398671627044678,1.0876517295837402,0.6202120780944824,0.5553958415985107,0.8926560878753662,0.8033571243286133,0.7493541240692139,0.8715770244598389,0.8244738578796387,0.5269348621368408,0.9087440967559814,0.5434768199920654,0.661978006362915
Wiki	GG	0.656052827835083,0.5628137588500977,0.4926941394805908,0.8880987167358398,0.9681820869445801,0.5415239334106445,0.9130110740661621,0.6087908744812012,0.8164901733398438,0.6141340732574463,0.8187427520751953,0.8337020874023438,0.8581650257110596,1.1777589321136475,0.98573899269104,1.1854360103607178,0.564932107925415,0.9066648483276367,1.0536551475524902,0.8409280776977539,0.5529248714447021,1.1759648323059082,0.9249370098114014,0.8368442058563232,1.2191107273101807,0.9784460067749023,0.9293370246887207,1.1042649745941162,1.4338963031768799,0.5661051273345947,0.637005090713501,0.4775362014770508,0.8299169540405273,0.8590250015258789,0.5284209251403809,0.5233950614929199,0.48459815979003906,0.4649510383605957,0.5306861400604248,1.0092318058013916,0.8862810134887695,0.6658711433410645,0.7965497970581055,0.4932861328125,1.028144121170044,0.6917009353637695,0.9053680896759033,0.5070571899414062,0.5006718635559082,0.6432321071624756,1.3523759841918945,0.49141621589660645,0.6896319389343262,0.947228193283081,0.4725830554962158,0.8308830261230469,1.0876238346099854,1.0961518287658691,0.970102071762085,0.934528112411499,0.7357311248779297,0.9988358020782471,0.9725160598754883,0.5283451080322266,0.6596128940582275,0.7301352024078369,0.5521903038024902,0.49788618087768555,1.0962111949920654,0.7478511333465576,0.9037292003631592,0.8258068561553955,0.7353570461273193,0.483245849609375,0.9291210174560547,1.1865730285644531,1.054046869277954,0.4947490692138672,0.8275618553161621,0.8351638317108154,0.7316808700561523,0.5211360454559326,0.505824089050293,0.8542261123657227,0.8715898990631104,0.655236005783081,0.565828800201416,0.7000658512115479,0.9298908710479736,0.6271679401397705,0.6446399688720703,0.5797429084777832,0.5017781257629395,0.8838739395141602,0.4964559078216553,1.0625667572021484,0.8536360263824463,1.0928590297698975,0.9466958045959473,0.5218901634216309
Wiki	GG2	0.656052827835083,0.5628137588500977,0.4926941394805908,0.8880987167358398,0.9681820869445801,0.5415239334106445,0.9130110740661621,0.6087908744812012,0.8164901733398438,0.6141340732574463,0.8187427520751953,0.8337020874023438,0.8581650257110596,1.1777589321136475,0.98573899269104,1.1854360103607178,0.564932107925415,0.9066648483276367,1.0536551475524902,0.8409280776977539,0.5529248714447021,1.1759648323059082,0.9249370098114014,0.8368442058563232,1.2191107273101807,0.9784460067749023,0.9293370246887207,1.1042649745941162,1.4338963031768799,0.5661051273345947,0.637005090713501,0.4775362014770508,0.8299169540405273,0.8590250015258789,0.5284209251403809,0.5233950614929199,0.48459815979003906,0.4649510383605957,0.5306861400604248,1.0092318058013916,0.8862810134887695,0.6658711433410645,0.7965497970581055,0.4932861328125,1.028144121170044,0.6917009353637695,0.9053680896759033,0.5070571899414062,0.5006718635559082,0.6432321071624756,1.3523759841918945,0.49141621589660645,0.6896319389343262,0.947228193283081,0.4725830554962158,0.8308830261230469,1.0876238346099854,1.0961518287658691,0.970102071762085,0.934528112411499,0.7357311248779297,0.9988358020782471,0.9725160598754883,0.5283451080322266,0.6596128940582275,0.7301352024078369,0.5521903038024902,0.49788618087768555,1.0962111949920654,0.7478511333465576,0.9037292003631592,0.8258068561553955,0.7353570461273193,0.483245849609375,0.9291210174560547,1.1865730285644531,1.054046869277954,0.4947490692138672,0.8275618553161621,0.8351638317108154,0.7316808700561523,0.5211360454559326,0.505824089050293,0.8542261123657227,0.8715898990631104,0.655236005783081,0.565828800201416,0.7000658512115479,0.9298908710479736,0.6271679401397705,0.6446399688720703,0.5797429084777832,0.5017781257629395,0.8838739395141602,0.4964559078216553,1.0625667572021484,0.8536360263824463,1.0928590297698975,0.9466958045959473,0.5218901634216309
Gene	GEE	0.0011661052703857422,0.0009467601776123047,0.0009338855743408203,0.0009150505065917969,0.0009207725524902344,0.0009176731109619141,0.0009012222290039062,0.0009579658508300781,0.0008907318115234375,0.0008630752563476562,0.0008809566497802734,0.000885009765625,0.0009911060333251953,0.0010008811950683594,0.0009129047393798828,0.0009632110595703125,0.0009200572967529297,0.0009107589721679688,0.0009100437164306641,0.0008840560913085938,0.0008389949798583984,0.0009059906005859375,0.0008509159088134766,0.0009059906005859375,0.000942230224609375,0.0009779930114746094,0.0008478164672851562,0.0010311603546142578,0.0008649826049804688,0.0009691715240478516,0.0008969306945800781,0.0009210109710693359,0.0008640289306640625,0.0008518695831298828,0.0009720325469970703,0.0008521080017089844,0.0008709430694580078,0.0009047985076904297,0.0009491443634033203,0.0008530616760253906,0.0008568763732910156,0.0008809566497802734,0.0009200572967529297,0.0008862018585205078,0.0008740425109863281,0.0008780956268310547,0.0008962154388427734,0.0008761882781982422,0.0009369850158691406,0.0008940696716308594,0.0008461475372314453,0.0008718967437744141,0.00086212158203125,0.0008499622344970703,0.0008521080017089844,0.0010361671447753906,0.0010180473327636719,0.0008766651153564453,0.000926971435546875,0.0008630752563476562,0.0010581016540527344,0.0008959770202636719,0.0009882450103759766,0.0009169578552246094,0.000865936279296875,0.0009961128234863281,0.0008909702301025391,0.0010418891906738281,0.0010218620300292969,0.0008509159088134766,0.0009331703186035156,0.0008759498596191406,0.0008800029754638672,0.0008449554443359375,0.0008678436279296875,0.0009188652038574219,0.0009520053863525391,0.0008990764617919922,0.0008749961853027344,0.0009946823120117188,0.0008761882781982422,0.000843048095703125,0.0008471012115478516,0.0008878707885742188,0.0009291172027587891,0.0009391307830810547,0.0008988380432128906,0.0009701251983642578,0.0009248256683349609,0.0008928775787353516,0.0009131431579589844,0.0008790493011474609,0.0008800029754638672,0.0009469985961914062,0.000942230224609375,0.0009148120880126953,0.0008881092071533203,0.0009088516235351562,0.0009469985961914062,0.0008969306945800781
Gene	GNN	0.19380998611450195,0.18324494361877441,0.16739583015441895,0.13843393325805664,0.2335190773010254,0.18499135971069336,0.21108698844909668,0.15003490447998047,0.1526641845703125,0.1914808750152588,0.13266897201538086,0.14983201026916504,0.18487811088562012,0.15894031524658203,0.2114880084991455,0.1386728286743164,0.24875903129577637,0.1957261562347412,0.14095735549926758,0.12938284873962402,0.14124608039855957,0.19352030754089355,0.14476323127746582,0.1495349407196045,0.14186406135559082,0.15168309211730957,0.14422178268432617,0.20040106773376465,0.1505138874053955,0.22510099411010742,0.14261102676391602,0.17921209335327148,0.1114649772644043,0.18076586723327637,0.15213584899902344,0.33619213104248047,0.1512768268585205,0.24368572235107422,0.13265609741210938,0.10838985443115234,0.1530919075012207,0.14635086059570312,0.11049795150756836,0.22141289710998535,0.14566802978515625,0.18240714073181152,0.1296858787536621,0.166029691696167,0.19994401931762695,0.19867491722106934,0.1954817771911621,0.2001791000366211,0.270599365234375,0.1789700984954834,0.20661520957946777,0.2982761859893799,0.26697826385498047,0.3543431758880615,0.12389421463012695,0.147874116897583,0.18093085289001465,0.17203378677368164,0.23729801177978516,0.10938191413879395,0.19335222244262695,0.13611888885498047,0.2002391815185547,0.18375182151794434,0.13447093963623047,0.147780179977417,0.1659102439880371,0.11018085479736328,0.19803404808044434,0.12852883338928223,0.1448817253112793,0.13992595672607422,0.22579622268676758,0.18152427673339844,0.19742894172668457,0.23153114318847656,0.20363116264343262,0.110076904296875,0.20496702194213867,0.18550515174865723,0.11756372451782227,0.11776423454284668,0.19149518013000488,0.1231069564819336,0.12775707244873047,0.23874211311340332,0.1571216583251953,0.25597095489501953,0.28984689712524414,0.259937047958374,0.2754080295562744,0.23617315292358398,0.2616758346557617,0.2193901538848877,0.16243696212768555,0.13829398155212402
Gene	GG	0.14434003829956055,0.1486358642578125,0.10828304290771484,0.11797118186950684,0.11445307731628418,0.1676349639892578,0.11058306694030762,0.13625073432922363,0.11079120635986328,0.1434340476989746,0.13628482818603516,0.10974502563476562,0.2504088878631592,0.14126801490783691,0.1196131706237793,0.1530752182006836,0.14882612228393555,0.110260009765625,0.1596071720123291,0.143218994140625,0.11177587509155273,0.1402759552001953,0.10790801048278809,0.2678511142730713,0.14473891258239746,0.1367027759552002,0.11796116828918457,0.1391890048980713,0.11727094650268555,0.1342480182647705,0.11149406433105469,0.1411893367767334,0.143157958984375,0.14125323295593262,0.1371009349822998,0.10903382301330566,0.14959001541137695,0.1110219955444336,0.1470179557800293,0.13825297355651855,0.10983109474182129,0.1383528709411621,0.19387006759643555,0.14755678176879883,0.10853195190429688,0.15236115455627441,0.13511228561401367,0.1284170150756836,0.12456607818603516,0.14003300666809082,0.10900020599365234,0.13848519325256348,0.14041900634765625,0.2029740810394287,0.10831117630004883,0.1094820499420166,0.10849404335021973,0.12326383590698242,0.14996027946472168,0.11356115341186523,0.23276996612548828,0.139998197555542,0.1519622802734375,0.15149903297424316,0.10944414138793945,0.15158915519714355,0.402329683303833,0.22230887413024902,0.14925599098205566,0.10930204391479492,0.15134382247924805,0.13615703582763672,0.14057183265686035,0.13881707191467285,0.11223816871643066,0.13559889793395996,0.11069893836975098,0.3509199619293213,0.11942195892333984,0.11925315856933594,0.14289402961730957,0.18407702445983887,0.13894915580749512,0.1284961700439453,0.14175009727478027,0.13921618461608887,0.14148306846618652,0.14477896690368652,0.12269282341003418,0.13472390174865723,0.10887718200683594,0.1180417537689209,0.22584891319274902,0.12028789520263672,0.11310219764709473,0.11990189552307129,0.1345977783203125,0.15021395683288574,0.10759520530700684,0.1211998462677002
Gene	GG2	0.14434003829956055,0.1486358642578125,0.10828304290771484,0.11797118186950684,0.11445307731628418,0.1676349639892578,0.11058306694030762,0.13625073432922363,0.11079120635986328,0.1434340476989746,0.13628482818603516,0.10974502563476562,0.2504088878631592,0.14126801490783691,0.1196131706237793,0.1530752182006836,0.14882612228393555,0.110260009765625,0.1596071720123291,0.143218994140625,0.11177587509155273,0.1402759552001953,0.10790801048278809,0.2678511142730713,0.14473891258239746,0.1367027759552002,0.11796116828918457,0.1391890048980713,0.11727094650268555,0.1342480182647705,0.11149406433105469,0.1411893367767334,0.143157958984375,0.14125323295593262,0.1371009349822998,0.10903382301330566,0.14959001541137695,0.1110219955444336,0.1470179557800293,0.13825297355651855,0.10983109474182129,0.1383528709411621,0.19387006759643555,0.14755678176879883,0.10853195190429688,0.15236115455627441,0.13511228561401367,0.1284170150756836,0.12456607818603516,0.14003300666809082,0.10900020599365234,0.13848519325256348,0.14041900634765625,0.2029740810394287,0.10831117630004883,0.1094820499420166,0.10849404335021973,0.12326383590698242,0.14996027946472168,0.11356115341186523,0.23276996612548828,0.139998197555542,0.1519622802734375,0.15149903297424316,0.10944414138793945,0.15158915519714355,0.402329683303833,0.22230887413024902,0.14925599098205566,0.10930204391479492,0.15134382247924805,0.13615703582763672,0.14057183265686035,0.13881707191467285,0.11223816871643066,0.13559889793395996,0.11069893836975098,0.3509199619293213,0.11942195892333984,0.11925315856933594,0.14289402961730957,0.18407702445983887,0.13894915580749512,0.1284961700439453,0.14175009727478027,0.13921618461608887,0.14148306846618652,0.14477896690368652,0.12269282341003418,0.13472390174865723,0.10887718200683594,0.1180417537689209,0.22584891319274902,0.12028789520263672,0.11310219764709473,0.11990189552307129,0.1345977783203125,0.15021395683288574,0.10759520530700684,0.1211998462677002
IIP	GEE	0.00036406517028808594,0.0003631114959716797,0.00033402442932128906,0.00038814544677734375,0.0004611015319824219,0.0003292560577392578,0.00037407875061035156,0.00033211708068847656,0.0003299713134765625,0.0003459453582763672,0.00037932395935058594,0.0003600120544433594,0.0003368854522705078,0.0003399848937988281,0.00034499168395996094,0.0003509521484375,0.00034880638122558594,0.00035119056701660156,0.0003790855407714844,0.0003399848937988281,0.0003490447998046875,0.00033926963806152344,0.00034499168395996094,0.0003380775451660156,0.0003349781036376953,0.000347137451171875,0.00033473968505859375,0.0003478527069091797,0.0003330707550048828,0.00035881996154785156,0.0003268718719482422,0.0003342628479003906,0.0003566741943359375,0.00037670135498046875,0.0003559589385986328,0.00034499168395996094,0.0003299713134765625,0.00034117698669433594,0.0003559589385986328,0.0003509521484375,0.0003402233123779297,0.0003750324249267578,0.0003180503845214844,0.00038886070251464844,0.00030803680419921875,0.000370025634765625,0.0003819465637207031,0.0003268718719482422,0.00033402442932128906,0.0003371238708496094,0.00036072731018066406,0.00037026405334472656,0.0003330707550048828,0.0003478527069091797,0.0003387928009033203,0.0003287792205810547,0.0003459453582763672,0.0003731250762939453,0.0003597736358642578,0.00035691261291503906,0.0003693103790283203,0.0003879070281982422,0.0003211498260498047,0.0003199577331542969,0.00032210350036621094,0.0003249645233154297,0.00035500526428222656,0.00034999847412109375,0.0003771781921386719,0.0003681182861328125,0.0004570484161376953,0.00033092498779296875,0.0003631114959716797,0.00035190582275390625,0.0003628730773925781,0.00030994415283203125,0.00033092498779296875,0.000331878662109375,0.0003809928894042969,0.0003228187561035156,0.0003819465637207031,0.0003199577331542969,0.00036597251892089844,0.00035190582275390625,0.0003330707550048828,0.00036406517028808594,0.00030684471130371094,0.0003311634063720703,0.00042438507080078125,0.00037598609924316406,0.0003540515899658203,0.00032019615173339844,0.0003981590270996094,0.0003528594970703125,0.0003337860107421875,0.0003437995910644531,0.00034499168395996094,0.00040030479431152344,0.0003991127014160156,0.0003230571746826172
IIP	GNN	0.11683082580566406,0.09023785591125488,0.11454486846923828,0.152695894241333,0.11710286140441895,0.12683320045471191,0.13457679748535156,0.12622427940368652,0.14038705825805664,0.09740376472473145,0.11328291893005371,0.10869312286376953,0.09221315383911133,0.11254072189331055,0.11507725715637207,0.10235214233398438,0.11678409576416016,0.11485791206359863,0.1408989429473877,0.09611392021179199,0.09181404113769531,0.18239593505859375,0.13448762893676758,0.10676288604736328,0.09050202369689941,0.13306498527526855,0.12829208374023438,0.08997988700866699,0.14705681800842285,0.12589287757873535,0.11612582206726074,0.11502790451049805,0.16229581832885742,0.09979510307312012,0.09049701690673828,0.1069037914276123,0.12165498733520508,0.12498593330383301,0.1470320224761963,0.11153101921081543,0.1040956974029541,0.16327691078186035,0.20418810844421387,0.14725828170776367,0.1769709587097168,0.11586308479309082,0.1103370189666748,0.11484599113464355,0.1263270378112793,0.17296910285949707,0.10343599319458008,0.09083008766174316,0.12300896644592285,0.19261813163757324,0.12172603607177734,0.13135480880737305,0.12420296669006348,0.11265921592712402,0.11975812911987305,0.10636115074157715,0.11118793487548828,0.1341090202331543,0.11749720573425293,0.12439203262329102,0.12020587921142578,0.13036084175109863,0.11526203155517578,0.12402081489562988,0.11731410026550293,0.11560773849487305,0.11754608154296875,0.11439895629882812,0.21095705032348633,0.13526606559753418,0.19192814826965332,0.08969283103942871,0.09093403816223145,0.20916509628295898,0.11629390716552734,0.08868885040283203,0.10738515853881836,0.09034991264343262,0.16139006614685059,0.16119599342346191,0.1359870433807373,0.1148529052734375,0.10655498504638672,0.10841083526611328,0.11759424209594727,0.14444279670715332,0.1081228256225586,0.0972909927368164,0.09229302406311035,0.11119985580444336,0.16831517219543457,0.1483597755432129,0.12322592735290527,0.08893799781799316,0.19214391708374023,0.13063383102416992
IIP	GG	0.11973690986633301,0.18514609336853027,0.16393804550170898,0.19965910911560059,0.11489200592041016,0.1624000072479248,0.146820068359375,0.10832595825195312,0.13891363143920898,0.11699199676513672,0.11887168884277344,0.1254117488861084,0.11618900299072266,0.10531997680664062,0.20702791213989258,0.12366199493408203,0.11483383178710938,0.19968104362487793,0.11797308921813965,0.12112569808959961,0.1642918586730957,0.10093903541564941,0.11528825759887695,0.12348389625549316,0.12093806266784668,0.10621094703674316,0.239044189453125,0.12404394149780273,0.08966612815856934,0.0983889102935791,0.11059284210205078,0.08951997756958008,0.11603093147277832,0.1221928596496582,0.11421895027160645,0.1875777244567871,0.0899820327758789,0.08950185775756836,0.0921320915222168,0.10035204887390137,0.09717822074890137,0.1322472095489502,0.08965611457824707,0.2041010856628418,0.0917062759399414,0.2077782154083252,0.10716581344604492,0.08921289443969727,0.09107828140258789,0.10866284370422363,0.1157388687133789,0.1219170093536377,0.11832380294799805,0.20820379257202148,0.17395806312561035,0.09017300605773926,0.0918278694152832,0.09292197227478027,0.09439206123352051,0.09374117851257324,0.09845972061157227,0.17685699462890625,0.10099315643310547,0.088623046875,0.0884239673614502,0.0899348258972168,0.08948087692260742,0.08950614929199219,0.09065508842468262,0.09541678428649902,0.09058308601379395,0.09051012992858887,0.15884184837341309,0.08900785446166992,0.12419414520263672,0.12051510810852051,0.11555123329162598,0.09595584869384766,0.16483092308044434,0.1270749568939209,0.11578488349914551,0.11510825157165527,0.16945981979370117,0.1884310245513916,0.08997893333435059,0.20247578620910645,0.12019991874694824,0.1620478630065918,0.08978796005249023,0.0996711254119873,0.1394059658050537,0.14348983764648438,0.11895012855529785,0.09628796577453613,0.0885159969329834,0.09850502014160156,0.11933016777038574,0.11590409278869629,0.09209203720092773,0.08694100379943848
IIP	GG2	0.11973690986633301,0.18514609336853027,0.16393804550170898,0.19965910911560059,0.11489200592041016,0.1624000072479248,0.146820068359375,0.10832595825195312,0.13891363143920898,0.11699199676513672,0.11887168884277344,0.1254117488861084,0.11618900299072266,0.10531997680664062,0.20702791213989258,0.12366199493408203,0.11483383178710938,0.19968104362487793,0.11797308921813965,0.12112569808959961,0.1642918586730957,0.10093903541564941,0.11528825759887695,0.12348389625549316,0.12093806266784668,0.10621094703674316,0.239044189453125,0.12404394149780273,0.08966612815856934,0.0983889102935791,0.11059284210205078,0.08951997756958008,0.11603093147277832,0.1221928596496582,0.11421895027160645,0.1875777244567871,0.0899820327758789,0.08950185775756836,0.0921320915222168,0.10035204887390137,0.09717822074890137,0.1322472095489502,0.08965611457824707,0.2041010856628418,0.0917062759399414,0.2077782154083252,0.10716581344604492,0.08921289443969727,0.09107828140258789,0.10866284370422363,0.1157388687133789,0.1219170093536377,0.11832380294799805,0.20820379257202148,0.17395806312561035,0.09017300605773926,0.0918278694152832,0.09292197227478027,0.09439206123352051,0.09374117851257324,0.09845972061157227,0.17685699462890625,0.10099315643310547,0.088623046875,0.0884239673614502,0.0899348258972168,0.08948087692260742,0.08950614929199219,0.09065508842468262,0.09541678428649902,0.09058308601379395,0.09051012992858887,0.15884184837341309,0.08900785446166992,0.12419414520263672,0.12051510810852051,0.11555123329162598,0.09595584869384766,0.16483092308044434,0.1270749568939209,0.11578488349914551,0.11510825157165527,0.16945981979370117,0.1884310245513916,0.08997893333435059,0.20247578620910645,0.12019991874694824,0.1620478630065918,0.08978796005249023,0.0996711254119873,0.1394059658050537,0.14348983764648438,0.11895012855529785,0.09628796577453613,0.0885159969329834,0.09850502014160156,0.11933016777038574,0.11590409278869629,0.09209203720092773,0.08694100379943848
lastfm	GEE	0.012559175491333008,0.014778852462768555,0.01574230194091797,0.014671087265014648,0.014798164367675781,0.014967918395996094,0.014555931091308594,0.014878273010253906,0.014815807342529297,0.014972925186157227,0.01569199562072754,0.015133857727050781,0.015038251876831055,0.015010833740234375,0.014850854873657227,0.015048980712890625,0.015625953674316406,0.015481948852539062,0.014684915542602539,0.015041828155517578,0.015255928039550781,0.015088081359863281,0.015752077102661133,0.01529693603515625,0.014578819274902344,0.014670848846435547,0.015255928039550781,0.015234947204589844,0.014446020126342773,0.01604318618774414,0.014562845230102539,0.015257835388183594,0.015872955322265625,0.016994953155517578,0.015719175338745117,0.016121864318847656,0.015529870986938477,0.015361785888671875,0.015280008316040039,0.017473936080932617,0.015137910842895508,0.016615867614746094,0.01516103744506836,0.015591144561767578,0.016363143920898438,0.015039205551147461,0.016344070434570312,0.014761924743652344,0.01627802848815918,0.01514291763305664,0.015110015869140625,0.014924049377441406,0.015959739685058594,0.014670133590698242,0.01606893539428711,0.015057802200317383,0.014769792556762695,0.015619754791259766,0.015142202377319336,0.016468048095703125,0.021247386932373047,0.015347003936767578,0.014925003051757812,0.015825986862182617,0.016129016876220703,0.014566898345947266,0.014984130859375,0.01485586166381836,0.014712095260620117,0.016139984130859375,0.017705917358398438,0.016222238540649414,0.015450000762939453,0.015013933181762695,0.014863014221191406,0.015136957168579102,0.015204191207885742,0.014774084091186523,0.015754222869873047,0.015121936798095703,0.015475988388061523,0.014882802963256836,0.016270875930786133,0.015940189361572266,0.01482391357421875,0.014909029006958008,0.016173124313354492,0.0167081356048584,0.015028953552246094,0.015052080154418945,0.016254186630249023,0.025986909866333008,0.014614105224609375,0.015045881271362305,0.017480134963989258,0.01635289192199707,0.01647210121154785,0.014974832534790039,0.015367984771728516,0.014826059341430664
lastfm	GNN	2.4518096446990967,1.9761836528778076,2.181766986846924,2.202463150024414,1.1565382480621338,2.239314079284668,1.52919340133667,1.866879940032959,1.3880460262298584,3.199989080429077,1.697706937789917,1.8032629489898682,1.3266737461090088,2.604573965072632,1.746293067932129,1.8491299152374268,1.5184462070465088,2.640049934387207,1.7108149528503418,1.2732329368591309,2.5414319038391113,2.54852294921875,1.1244189739227295,2.7897789478302,1.464979887008667,1.3342921733856201,2.8355021476745605,1.6194231510162354,1.4413111209869385,2.324528932571411,1.5587420463562012,1.9702560901641846,3.2693188190460205,1.283806324005127,1.2953858375549316,2.1124660968780518,1.170929193496704,1.9043388366699219,1.915330171585083,2.0487520694732666,2.512495994567871,1.9508507251739502,1.5066239833831787,1.4552147388458252,1.7096269130706787,2.4040658473968506,1.491469144821167,1.962233066558838,3.1659841537475586,1.1675808429718018,3.630812168121338,2.685991048812866,2.273163080215454,2.010607957839966,2.02935791015625,1.4306018352508545,1.6808173656463623,1.15018892288208,2.390704870223999,1.1893022060394287,2.2267918586730957,1.4830849170684814,1.8162188529968262,1.2951278686523438,1.9780628681182861,1.4038739204406738,1.4385619163513184,2.4779982566833496,1.6015021800994873,1.186561107635498,2.1438238620758057,2.066462993621826,1.8781092166900635,1.5613150596618652,1.6783459186553955,1.216317892074585,1.1948161125183105,1.8382141590118408,1.2500720024108887,1.5257289409637451,3.0786848068237305,2.042267084121704,1.2381591796875,2.396442174911499,1.8399360179901123,1.3402750492095947,2.1688780784606934,2.3478870391845703,1.2353591918945312,2.1126461029052734,1.9233460426330566,2.025372266769409,2.288799285888672,1.3518168926239014,1.50126314163208,1.1146399974822998,2.3025739192962646,1.600755214691162,1.6358168125152588,1.9525299072265625
lastfm	GG	2.1975390911102295,2.7416348457336426,1.8528618812561035,2.252147912979126,2.204349994659424,2.536139965057373,2.9018774032592773,1.896421194076538,2.0689122676849365,2.2561609745025635,2.3258538246154785,1.8474807739257812,2.0571069717407227,1.9179470539093018,3.6138880252838135,1.7018911838531494,2.617042064666748,1.870128870010376,3.016012191772461,3.264600992202759,2.302314043045044,2.2450931072235107,2.6805601119995117,2.4616808891296387,2.535221815109253,2.3422977924346924,1.9989988803863525,2.1040170192718506,2.136305809020996,1.9180259704589844,2.230693817138672,1.7915282249450684,2.2100107669830322,2.0321671962738037,1.9700779914855957,2.529603958129883,1.715893030166626,2.366288900375366,2.533780336380005,1.9595770835876465,2.4100887775421143,3.288001775741577,2.398728847503662,2.209261178970337,1.956366777420044,2.453896999359131,2.179401397705078,1.7805330753326416,2.048366069793701,1.8014771938323975,1.4981441497802734,2.5633091926574707,2.080759048461914,2.0158708095550537,2.248741865158081,2.3140671253204346,4.873912811279297,2.3292040824890137,2.208479881286621,2.7415502071380615,1.8109350204467773,2.2891910076141357,2.454498052597046,2.2116587162017822,1.6862950325012207,2.353043794631958,3.757619857788086,1.7616519927978516,2.367771863937378,1.6611018180847168,3.265679121017456,1.9747042655944824,2.1690759658813477,2.8016600608825684,2.8386809825897217,1.9911539554595947,2.4128167629241943,2.0882959365844727,3.8348731994628906,2.6333320140838623,2.367868185043335,2.4091169834136963,2.3528759479522705,2.3521759510040283,2.0052731037139893,2.16794490814209,2.010615825653076,2.9705331325531006,2.23047137260437,2.0440540313720703,2.7259697914123535,2.3683950901031494,2.4315760135650635,2.0758159160614014,1.745577096939087,2.644913911819458,2.549379825592041,1.8805418014526367,2.7919628620147705,2.2984068393707275
lastfm	GG2	2.1975390911102295,2.7416348457336426,1.8528618812561035,2.252147912979126,2.204349994659424,2.536139965057373,2.9018774032592773,1.896421194076538,2.0689122676849365,2.2561609745025635,2.3258538246154785,1.8474807739257812,2.0571069717407227,1.9179470539093018,3.6138880252838135,1.7018911838531494,2.617042064666748,1.870128870010376,3.016012191772461,3.264600992202759,2.302314043045044,2.2450931072235107,2.6805601119995117,2.4616808891296387,2.535221815109253,2.3422977924346924,1.9989988803863525,2.1040170192718506,2.136305809020996,1.9180259704589844,2.230693817138672,1.7915282249450684,2.2100107669830322,2.0321671962738037,1.9700779914855957,2.529603958129883,1.715893030166626,2.366288900375366,2.533780336380005,1.9595770835876465,2.4100887775421143,3.288001775741577,2.398728847503662,2.209261178970337,1.956366777420044,2.453896999359131,2.179401397705078,1.7805330753326416,2.048366069793701,1.8014771938323975,1.4981441497802734,2.5633091926574707,2.080759048461914,2.0158708095550537,2.248741865158081,2.3140671253204346,4.873912811279297,2.3292040824890137,2.208479881286621,2.7415502071380615,1.8109350204467773,2.2891910076141357,2.454498052597046,2.2116587162017822,1.6862950325012207,2.353043794631958,3.757619857788086,1.7616519927978516,2.367771863937378,1.6611018180847168,3.265679121017456,1.9747042655944824,2.1690759658813477,2.8016600608825684,2.8386809825897217,1.9911539554595947,2.4128167629241943,2.0882959365844727,3.8348731994628906,2.6333320140838623,2.367868185043335,2.4091169834136963,2.3528759479522705,2.3521759510040283,2.0052731037139893,2.16794490814209,2.010615825653076,2.9705331325531006,2.23047137260437,2.0440540313720703,2.7259697914123535,2.3683950901031494,2.4315760135650635,2.0758159160614014,1.745577096939087,2.644913911819458,2.549379825592041,1.8805418014526367,2.7919628620147705,2.2984068393707275
polblogs	GEE	0.007819890975952148,0.0074961185455322266,0.0074388980865478516,0.0075588226318359375,0.007935047149658203,0.007352113723754883,0.007648944854736328,0.007268190383911133,0.007611989974975586,0.007894754409790039,0.007828950881958008,0.00759124755859375,0.007905960083007812,0.007582902908325195,0.0077970027923583984,0.0074312686920166016,0.007462978363037109,0.007884025573730469,0.007467985153198242,0.007617950439453125,0.00781702995300293,0.006953001022338867,0.007548809051513672,0.007265806198120117,0.00768589973449707,0.007631063461303711,0.007315874099731445,0.020769119262695312,0.007933855056762695,0.007817983627319336,0.007812976837158203,0.007339954376220703,0.007685184478759766,0.0074689388275146484,0.007592916488647461,0.007616996765136719,0.007614850997924805,0.007596254348754883,0.007436037063598633,0.007578134536743164,0.00752711296081543,0.0074329376220703125,0.007421255111694336,0.007456064224243164,0.007290840148925781,0.007501840591430664,0.00718379020690918,0.007687091827392578,0.007427215576171875,0.007554769515991211,0.007486820220947266,0.007623910903930664,0.007732868194580078,0.007385969161987305,0.007680177688598633,0.007383108139038086,0.0077092647552490234,0.00728607177734375,0.007116079330444336,0.0073359012603759766,0.0074999332427978516,0.007185220718383789,0.00755000114440918,0.007568836212158203,0.00746607780456543,0.007310152053833008,0.0071599483489990234,0.007587909698486328,0.007413148880004883,0.0075168609619140625,0.007803916931152344,0.007318973541259766,0.007422208786010742,0.007481098175048828,0.0076830387115478516,0.0074579715728759766,0.007863998413085938,0.007601022720336914,0.007829904556274414,0.007621049880981445,0.0076389312744140625,0.007809162139892578,0.007597923278808594,0.007781982421875,0.0073931217193603516,0.007479190826416016,0.007627010345458984,0.007333040237426758,0.007548332214355469,0.007338047027587891,0.007427215576171875,0.007559061050415039,0.007351875305175781,0.007662057876586914,0.007512807846069336,0.007765054702758789,0.007033109664916992,0.007481813430786133,0.0071718692779541016,0.007589101791381836
polblogs	GNN	0.40029001235961914,0.4017300605773926,0.36551976203918457,0.2974421977996826,0.3425252437591553,0.38144516944885254,0.7084558010101318,0.37395596504211426,0.3487358093261719,0.29204607009887695,0.34107327461242676,0.31653714179992676,0.4004042148590088,0.33898115158081055,0.2620868682861328,0.41510796546936035,0.4330160617828369,0.29507899284362793,0.3647727966308594,0.28954100608825684,0.3276040554046631,0.3319268226623535,0.3845357894897461,0.39855408668518066,0.24260306358337402,0.3093910217285156,0.26004695892333984,0.38516879081726074,0.3209102153778076,0.3547210693359375,0.5112431049346924,0.26514697074890137,0.35492515563964844,0.5357871055603027,0.34794068336486816,0.34633374214172363,0.37436914443969727,0.2828209400177002,0.3922293186187744,0.4554901123046875,0.3171577453613281,0.3979959487915039,0.2729527950286865,0.4046008586883545,0.3775951862335205,0.22442388534545898,0.23409295082092285,0.3933868408203125,0.28903794288635254,0.5337827205657959,0.37390589714050293,0.3732140064239502,0.25492286682128906,0.3153698444366455,0.31708788871765137,0.29698681831359863,0.3022599220275879,0.33640289306640625,0.37949299812316895,0.26012420654296875,0.35541605949401855,0.3128209114074707,0.2894589900970459,0.3506193161010742,0.317551851272583,0.4162280559539795,0.3357691764831543,0.2604238986968994,0.4430050849914551,0.3386099338531494,0.31055498123168945,0.2700481414794922,0.5120518207550049,0.4016859531402588,0.3320488929748535,0.2216510772705078,0.3465080261230469,0.27913904190063477,0.4767129421234131,0.4354081153869629,0.4853329658508301,0.34143519401550293,0.307161808013916,0.6087820529937744,0.22659587860107422,0.3475320339202881,0.33232688903808594,0.3373730182647705,0.5021278858184814,0.48822498321533203,0.5115048885345459,0.5100898742675781,0.35647010803222656,0.6211650371551514,0.5031030178070068,0.22388195991516113,0.2909560203552246,0.49911022186279297,0.29079389572143555,0.23522400856018066
polblogs	GG	0.237748384475708,0.5525169372558594,0.2677309513092041,0.2373180389404297,0.2260589599609375,0.5063598155975342,0.2460489273071289,0.22939491271972656,0.25265002250671387,0.229445219039917,0.2312929630279541,0.48168206214904785,0.25806593894958496,0.26862311363220215,0.22502994537353516,0.2235100269317627,0.2392590045928955,0.4801211357116699,0.23913002014160156,0.22400999069213867,0.34096503257751465,0.24150896072387695,0.23078203201293945,0.22944092750549316,0.2730979919433594,0.23136210441589355,0.2318739891052246,0.2752068042755127,0.23350906372070312,0.45589375495910645,0.44713330268859863,0.23904180526733398,0.2398688793182373,0.24499297142028809,0.31380200386047363,0.2930290699005127,0.22658300399780273,0.2747361660003662,0.3952171802520752,0.3961341381072998,0.7480430603027344,0.22061681747436523,0.2312471866607666,0.23403120040893555,0.23920607566833496,0.33319997787475586,0.23216009140014648,0.9992580413818359,0.3696770668029785,0.46778202056884766,0.2946631908416748,0.2444770336151123,0.24383926391601562,0.2462918758392334,0.34072113037109375,0.3809020519256592,0.37157392501831055,0.6679332256317139,0.22969913482666016,0.5715551376342773,0.28923583030700684,0.22022294998168945,0.34929895401000977,0.21592926979064941,0.22834396362304688,0.5866050720214844,0.6704847812652588,0.2288351058959961,0.23798799514770508,0.2408452033996582,0.23418664932250977,0.4612081050872803,0.23796415328979492,0.2344532012939453,0.3930070400238037,0.25942397117614746,0.4880549907684326,0.4697418212890625,0.21726489067077637,0.38533830642700195,0.31577610969543457,0.2348179817199707,0.46210312843322754,0.24335503578186035,0.40715861320495605,0.22222900390625,0.3431830406188965,0.22228789329528809,0.2409672737121582,0.7115998268127441,0.23456883430480957,0.44025087356567383,0.28607892990112305,0.22144603729248047,0.23920416831970215,0.2424318790435791,0.41197705268859863,0.46086788177490234,0.2733440399169922,0.34248900413513184
polblogs	GG2	0.237748384475708,0.5525169372558594,0.2677309513092041,0.2373180389404297,0.2260589599609375,0.5063598155975342,0.2460489273071289,0.22939491271972656,0.25265002250671387,0.229445219039917,0.2312929630279541,0.48168206214904785,0.25806593894958496,0.26862311363220215,0.22502994537353516,0.2235100269317627,0.2392590045928955,0.4801211357116699,0.23913002014160156,0.22400999069213867,0.34096503257751465,0.24150896072387695,0.23078203201293945,0.22944092750549316,0.2730979919433594,0.23136210441589355,0.2318739891052246,0.2752068042755127,0.23350906372070312,0.45589375495910645,0.44713330268859863,0.23904180526733398,0.2398688793182373,0.24499297142028809,0.31380200386047363,0.2930290699005127,0.22658300399780273,0.2747361660003662,0.3952171802520752,0.3961341381072998,0.7480430603027344,0.22061681747436523,0.2312471866607666,0.23403120040893555,0.23920607566833496,0.33319997787475586,0.23216009140014648,0.9992580413818359,0.3696770668029785,0.46778202056884766,0.2946631908416748,0.2444770336151123,0.24383926391601562,0.2462918758392334,0.34072113037109375,0.3809020519256592,0.37157392501831055,0.6679332256317139,0.22969913482666016,0.5715551376342773,0.28923583030700684,0.22022294998168945,0.34929895401000977,0.21592926979064941,0.22834396362304688,0.5866050720214844,0.6704847812652588,0.2288351058959961,0.23798799514770508,0.2408452033996582,0.23418664932250977,0.4612081050872803,0.23796415328979492,0.2344532012939453,0.3930070400238037,0.25942397117614746,0.4880549907684326,0.4697418212890625,0.21726489067077637,0.38533830642700195,0.31577610969543457,0.2348179817199707,0.46210312843322754,0.24335503578186035,0.40715861320495605,0.22222900390625,0.3431830406188965,0.22228789329528809,0.2409672737121582,0.7115998268127441,0.23456883430480957,0.44025087356567383,0.28607892990112305,0.22144603729248047,0.23920416831970215,0.2424318790435791,0.41197705268859863,0.46086788177490234,0.2733440399169922,0.34248900413513184
TerroristRel	GEE	0.003962278366088867,0.00379180908203125,0.0037848949432373047,0.0036461353302001953,0.003735065460205078,0.003821849822998047,0.0037279129028320312,0.0036737918853759766,0.003921985626220703,0.003528118133544922,0.0035169124603271484,0.003679037094116211,0.00463104248046875,0.003576040267944336,0.0039730072021484375,0.003604888916015625,0.0039179325103759766,0.003944873809814453,0.003532886505126953,0.0036122798919677734,0.0035431385040283203,0.004124164581298828,0.0041310787200927734,0.0035631656646728516,0.003682851791381836,0.003963947296142578,0.004051923751831055,0.0037889480590820312,0.004176139831542969,0.0035741329193115234,0.004019021987915039,0.0036232471466064453,0.0041429996490478516,0.003864765167236328,0.0036160945892333984,0.003818035125732422,0.0037109851837158203,0.0035600662231445312,0.0036389827728271484,0.003824949264526367,0.0036470890045166016,0.0035858154296875,0.0035500526428222656,0.003952980041503906,0.003754854202270508,0.0039060115814208984,0.0035691261291503906,0.003686189651489258,0.0041730403900146484,0.003941059112548828,0.0036830902099609375,0.004320859909057617,0.004091024398803711,0.003952980041503906,0.004439115524291992,0.003997087478637695,0.003732919692993164,0.0040590763092041016,0.0038819313049316406,0.003941774368286133,0.004147052764892578,0.0039920806884765625,0.003980875015258789,0.003961801528930664,0.003798961639404297,0.0037908554077148438,0.003985881805419922,0.0038499832153320312,0.003874063491821289,0.004076957702636719,0.003926992416381836,0.003960132598876953,0.004094123840332031,0.003812074661254883,0.003916025161743164,0.0039479732513427734,0.0037641525268554688,0.003803253173828125,0.003815889358520508,0.003866910934448242,0.0038928985595703125,0.004006147384643555,0.003818988800048828,0.004013776779174805,0.004015684127807617,0.00400996208190918,0.003991842269897461,0.004052162170410156,0.003961086273193359,0.003929853439331055,0.004080772399902344,0.0038967132568359375,0.0038690567016601562,0.0038361549377441406,0.0038797855377197266,0.0039038658142089844,0.003841876983642578,0.0037560462951660156,0.003816843032836914,0.0038177967071533203
TerroristRel	GNN	0.25345897674560547,0.2095487117767334,0.322127103805542,0.23839020729064941,0.2629110813140869,0.208359956741333,0.41817331314086914,0.3033027648925781,0.2552802562713623,0.22984790802001953,0.26629209518432617,0.2540290355682373,0.2339332103729248,0.21091675758361816,0.29531121253967285,0.42768001556396484,0.23123407363891602,0.3313307762145996,0.2563657760620117,0.20887088775634766,0.2162313461303711,0.2730228900909424,0.2417130470275879,0.24052906036376953,0.3962709903717041,0.3477456569671631,0.4203369617462158,0.22762823104858398,0.2875337600708008,0.25323009490966797,0.27301716804504395,0.2871830463409424,0.2546699047088623,0.23585987091064453,0.21060705184936523,0.2626159191131592,0.3524041175842285,0.23372602462768555,0.24119901657104492,0.2286069393157959,0.3163259029388428,0.23998188972473145,0.20346593856811523,0.276094913482666,0.2889070510864258,0.34575605392456055,0.2374880313873291,0.24903488159179688,0.23454022407531738,0.3351466655731201,0.2358839511871338,0.2811148166656494,0.23037433624267578,0.27471423149108887,0.22600984573364258,0.2337038516998291,0.2684140205383301,0.28960084915161133,0.39890098571777344,0.25646305084228516,0.2864832878112793,0.22599387168884277,0.31234192848205566,0.2591688632965088,0.22545790672302246,0.29309797286987305,0.24888181686401367,0.4000210762023926,0.4212679862976074,0.25266098976135254,0.3071749210357666,0.3403489589691162,0.28165292739868164,0.22694897651672363,0.2931549549102783,0.21856284141540527,0.268298864364624,0.2161858081817627,0.3341660499572754,0.2993600368499756,0.28055691719055176,0.24663496017456055,0.2446432113647461,0.3092641830444336,0.23516583442687988,0.22798895835876465,0.25611376762390137,0.27710986137390137,0.23488211631774902,0.36427807807922363,0.34060025215148926,0.28072285652160645,0.19925403594970703,0.21584296226501465,0.20548677444458008,0.3038318157196045,0.23921799659729004,0.2522449493408203,0.31736207008361816,0.24600696563720703
TerroristRel	GG	0.4188239574432373,0.25937986373901367,0.2792069911956787,0.21363306045532227,0.2238781452178955,0.28254222869873047,0.21793913841247559,0.19253110885620117,0.4414639472961426,0.21218419075012207,0.21605896949768066,0.23131990432739258,0.2137918472290039,0.37351417541503906,0.21924924850463867,0.19528698921203613,0.5156610012054443,0.3524470329284668,0.3450438976287842,0.23571109771728516,0.4815547466278076,0.2107987403869629,0.20656633377075195,0.23717498779296875,0.4739968776702881,0.2880420684814453,0.5897362232208252,0.4004659652709961,0.2028341293334961,0.29720401763916016,0.31836700439453125,0.34897708892822266,0.2053699493408203,0.21870207786560059,0.19968390464782715,0.20050382614135742,0.24159502983093262,0.21992707252502441,0.22244501113891602,0.19968700408935547,0.510674238204956,0.3214900493621826,0.3644249439239502,0.31443095207214355,0.30124998092651367,0.2065420150756836,0.20345711708068848,0.62856125831604,0.23246288299560547,0.34496426582336426,0.3258240222930908,0.3538680076599121,0.3113059997558594,0.20621800422668457,0.20458292961120605,0.2138819694519043,0.2453000545501709,0.20909810066223145,0.4120299816131592,0.24187803268432617,0.5892002582550049,0.23170113563537598,0.22018027305603027,0.2072598934173584,0.20190882682800293,0.15904617309570312,0.21410012245178223,0.7230253219604492,0.566756010055542,0.5856971740722656,0.22966599464416504,0.41789698600769043,0.20954537391662598,0.21385478973388672,0.21674132347106934,0.23180317878723145,0.20553326606750488,0.19241094589233398,0.4213399887084961,0.43546414375305176,0.20908689498901367,0.6452028751373291,0.20964813232421875,0.22126126289367676,0.21689796447753906,0.21982789039611816,0.526986837387085,0.44754886627197266,0.20448017120361328,0.21528124809265137,0.4139571189880371,0.2605712413787842,0.20440888404846191,0.21325421333312988,0.20268511772155762,0.2657451629638672,0.20102596282958984,0.19472789764404297,0.18828177452087402,0.3755910396575928
TerroristRel	GG2	0.4188239574432373,0.25937986373901367,0.2792069911956787,0.21363306045532227,0.2238781452178955,0.28254222869873047,0.21793913841247559,0.19253110885620117,0.4414639472961426,0.21218419075012207,0.21605896949768066,0.23131990432739258,0.2137918472290039,0.37351417541503906,0.21924924850463867,0.19528698921203613,0.5156610012054443,0.3524470329284668,0.3450438976287842,0.23571109771728516,0.4815547466278076,0.2107987403869629,0.20656633377075195,0.23717498779296875,0.4739968776702881,0.2880420684814453,0.5897362232208252,0.4004659652709961,0.2028341293334961,0.29720401763916016,0.31836700439453125,0.34897708892822266,0.2053699493408203,0.21870207786560059,0.19968390464782715,0.20050382614135742,0.24159502983093262,0.21992707252502441,0.22244501113891602,0.19968700408935547,0.510674238204956,0.3214900493621826,0.3644249439239502,0.31443095207214355,0.30124998092651367,0.2065420150756836,0.20345711708068848,0.62856125831604,0.23246288299560547,0.34496426582336426,0.3258240222930908,0.3538680076599121,0.3113059997558594,0.20621800422668457,0.20458292961120605,0.2138819694519043,0.2453000545501709,0.20909810066223145,0.4120299816131592,0.24187803268432617,0.5892002582550049,0.23170113563537598,0.22018027305603027,0.2072598934173584,0.20190882682800293,0.15904617309570312,0.21410012245178223,0.7230253219604492,0.566756010055542,0.5856971740722656,0.22966599464416504,0.41789698600769043,0.20954537391662598,0.21385478973388672,0.21674132347106934,0.23180317878723145,0.20553326606750488,0.19241094589233398,0.4213399887084961,0.43546414375305176,0.20908689498901367,0.6452028751373291,0.20964813232421875,0.22126126289367676,0.21689796447753906,0.21982789039611816,0.526986837387085,0.44754886627197266,0.20448017120361328,0.21528124809265137,0.4139571189880371,0.2605712413787842,0.20440888404846191,0.21325421333312988,0.20268511772155762,0.2657451629638672,0.20102596282958984,0.19472789764404297,0.18828177452087402,0.3755910396575928
KarateClub	GEE	0.00015115737915039062,0.00011301040649414062,0.00011110305786132812,0.00011181831359863281,0.00011801719665527344,0.00010585784912109375,0.00011086463928222656,0.00011992454528808594,0.00011801719665527344,0.00011682510375976562,0.00011205673217773438,0.00011205673217773438,0.00011420249938964844,0.00010895729064941406,0.00011491775512695312,0.00010991096496582031,0.00011205673217773438,0.00010824203491210938,0.00011706352233886719,0.00011587142944335938,0.00010895729064941406,0.00010704994201660156,0.000102996826171875,0.0001049041748046875,0.00012612342834472656,0.00010323524475097656,0.00010895729064941406,0.00013113021850585938,0.00012803077697753906,0.00010704994201660156,0.00011396408081054688,0.0001049041748046875,0.00010609626770019531,0.00011110305786132812,0.00011420249938964844,0.00012230873107910156,0.00011014938354492188,0.00010704994201660156,0.0001392364501953125,0.00013208389282226562,0.00013399124145507812,0.00010085105895996094,0.00010418891906738281,0.00010800361633300781,0.00012111663818359375,0.00013780593872070312,0.00010585784912109375,0.00010585784912109375,0.00010895729064941406,0.00010704994201660156,0.00010704994201660156,0.000102996826171875,0.00010180473327636719,0.00010800361633300781,0.00010800361633300781,0.00011301040649414062,0.00011587142944335938,0.00011587142944335938,0.00010800361633300781,0.00014019012451171875,0.00010704994201660156,0.00010704994201660156,0.00011491775512695312,0.000186920166015625,0.0001361370086669922,0.00013518333435058594,9.894371032714844e-05,0.00010275840759277344,0.000102996826171875,0.0001049041748046875,0.00010609626770019531,0.00011420249938964844,0.00011897087097167969,0.00013685226440429688,0.00010895729064941406,0.00011610984802246094,0.0001289844512939453,0.00011801719665527344,0.00011491775512695312,0.00012493133544921875,0.0001270771026611328,0.00012421607971191406,0.00014090538024902344,0.00011801719665527344,0.00012612342834472656,0.00014162063598632812,0.00010895729064941406,0.0001201629638671875,0.00011897087097167969,0.0001270771026611328,0.0001342296600341797,0.00012683868408203125,0.000102996826171875,0.00010180473327636719,0.00010132789611816406,0.000125885009765625,0.00010585784912109375,0.00012731552124023438,0.00010323524475097656,0.00012183189392089844
KarateClub	GNN	0.09264588356018066,0.08388400077819824,0.2083568572998047,0.15389275550842285,0.14211797714233398,0.18046092987060547,0.1705310344696045,0.08467626571655273,0.0859060287475586,0.08486485481262207,0.13872003555297852,0.16536498069763184,0.1024332046508789,0.1129000186920166,0.1132211685180664,0.21039509773254395,0.1341381072998047,0.18501496315002441,0.1176750659942627,0.1094059944152832,0.08453702926635742,0.1064608097076416,0.10851478576660156,0.11357593536376953,0.17482590675354004,0.11482501029968262,0.16154694557189941,0.09699511528015137,0.09012913703918457,0.08576798439025879,0.0861818790435791,0.1606128215789795,0.11501383781433105,0.11831998825073242,0.11667895317077637,0.12053489685058594,0.11425113677978516,0.21982479095458984,0.10762691497802734,0.11804008483886719,0.13692688941955566,0.08663702011108398,0.08576273918151855,0.19366121292114258,0.11338305473327637,0.13585996627807617,0.08425498008728027,0.1607210636138916,0.08382630348205566,0.08200287818908691,0.19333887100219727,0.19573616981506348,0.12117123603820801,0.15172100067138672,0.11467313766479492,0.11788392066955566,0.11408472061157227,0.12318110466003418,0.11533594131469727,0.24144697189331055,0.11553597450256348,0.1145789623260498,0.113922119140625,0.13956904411315918,0.10680770874023438,0.1057898998260498,0.1524219512939453,0.09650111198425293,0.0846090316772461,0.12157869338989258,0.16313982009887695,0.10866808891296387,0.08399105072021484,0.1729111671447754,0.18999290466308594,0.12187004089355469,0.16771578788757324,0.15837621688842773,0.11370205879211426,0.12000584602355957,0.08784294128417969,0.10699796676635742,0.10623574256896973,0.12064623832702637,0.10948991775512695,0.10989689826965332,0.13633298873901367,0.11324381828308105,0.12653112411499023,0.12126994132995605,0.11842775344848633,0.10198402404785156,0.11725473403930664,0.1148531436920166,0.10867094993591309,0.10978412628173828,0.25635719299316406,0.14437294006347656,0.1123509407043457,0.2883291244506836
KarateClub	GG	0.12227606773376465,0.12157511711120605,0.08504819869995117,0.13614320755004883,0.11029911041259766,0.08524513244628906,0.11247897148132324,0.12032604217529297,0.11336803436279297,0.11216282844543457,0.12833905220031738,0.17484498023986816,0.1834571361541748,0.0915670394897461,0.13255882263183594,0.11693000793457031,0.08546996116638184,0.08618903160095215,0.08611106872558594,0.19806194305419922,0.1539902687072754,0.09806108474731445,0.0897669792175293,0.08982515335083008,0.0845179557800293,0.08444499969482422,0.10754108428955078,0.10613203048706055,0.18484091758728027,0.11676335334777832,0.12005615234375,0.08400392532348633,0.08442091941833496,0.08912396430969238,0.13238096237182617,0.15221691131591797,0.13487482070922852,0.08672833442687988,0.0869598388671875,0.08643984794616699,0.17022180557250977,0.11916112899780273,0.11050796508789062,0.08368778228759766,0.16372394561767578,0.12135028839111328,0.20903992652893066,0.14851927757263184,0.13187003135681152,0.18363165855407715,0.23244285583496094,0.1149592399597168,0.11522722244262695,0.08260893821716309,0.09367775917053223,0.08208608627319336,0.0871419906616211,0.08984613418579102,0.08248114585876465,0.1644299030303955,0.08180785179138184,0.09055185317993164,0.08288693428039551,0.13081812858581543,0.08717203140258789,0.2671060562133789,0.17620515823364258,0.11064600944519043,0.1762681007385254,0.08223938941955566,0.11745309829711914,0.1137690544128418,0.10500502586364746,0.12290692329406738,0.08482694625854492,0.08486604690551758,0.11604571342468262,0.12485194206237793,0.1251392364501953,0.13926196098327637,0.09342098236083984,0.08861899375915527,0.08582901954650879,0.09353303909301758,0.0927269458770752,0.25383901596069336,0.08428120613098145,0.08594107627868652,0.08463191986083984,0.08556318283081055,0.12279796600341797,0.16501784324645996,0.11267209053039551,0.10484099388122559,0.16354608535766602,0.17315220832824707,0.32195115089416504,0.16051697731018066,0.1524958610534668,0.08386468887329102
KarateClub	GG2	0.12227606773376465,0.12157511711120605,0.08504819869995117,0.13614320755004883,0.11029911041259766,0.08524513244628906,0.11247897148132324,0.12032604217529297,0.11336803436279297,0.11216282844543457,0.12833905220031738,0.17484498023986816,0.1834571361541748,0.0915670394897461,0.13255882263183594,0.11693000793457031,0.08546996116638184,0.08618903160095215,0.08611106872558594,0.19806194305419922,0.1539902687072754,0.09806108474731445,0.0897669792175293,0.08982515335083008,0.0845179557800293,0.08444499969482422,0.10754108428955078,0.10613203048706055,0.18484091758728027,0.11676335334777832,0.12005615234375,0.08400392532348633,0.08442091941833496,0.08912396430969238,0.13238096237182617,0.15221691131591797,0.13487482070922852,0.08672833442687988,0.0869598388671875,0.08643984794616699,0.17022180557250977,0.11916112899780273,0.11050796508789062,0.08368778228759766,0.16372394561767578,0.12135028839111328,0.20903992652893066,0.14851927757263184,0.13187003135681152,0.18363165855407715,0.23244285583496094,0.1149592399597168,0.11522722244262695,0.08260893821716309,0.09367775917053223,0.08208608627319336,0.0871419906616211,0.08984613418579102,0.08248114585876465,0.1644299030303955,0.08180785179138184,0.09055185317993164,0.08288693428039551,0.13081812858581543,0.08717203140258789,0.2671060562133789,0.17620515823364258,0.11064600944519043,0.1762681007385254,0.08223938941955566,0.11745309829711914,0.1137690544128418,0.10500502586364746,0.12290692329406738,0.08482694625854492,0.08486604690551758,0.11604571342468262,0.12485194206237793,0.1251392364501953,0.13926196098327637,0.09342098236083984,0.08861899375915527,0.08582901954650879,0.09353303909301758,0.0927269458770752,0.25383901596069336,0.08428120613098145,0.08594107627868652,0.08463191986083984,0.08556318283081055,0.12279796600341797,0.16501784324645996,0.11267209053039551,0.10484099388122559,0.16354608535766602,0.17315220832824707,0.32195115089416504,0.16051697731018066,0.1524958610534668,0.08386468887329102
Chameleon	GEE	0.014192819595336914,0.014267921447753906,0.015310287475585938,0.01460409164428711,0.01429891586303711,0.01466679573059082,0.015302181243896484,0.014564037322998047,0.014554023742675781,0.014576196670532227,0.015268087387084961,0.014456033706665039,0.014933109283447266,0.01479792594909668,0.014764070510864258,0.014926910400390625,0.014243841171264648,0.014400005340576172,0.014941930770874023,0.014621973037719727,0.014287948608398438,0.015021085739135742,0.015224695205688477,0.015091180801391602,0.014587163925170898,0.014434099197387695,0.015100955963134766,0.014852285385131836,0.01440882682800293,0.01476907730102539,0.014657020568847656,0.014677047729492188,0.014654159545898438,0.015213727951049805,0.014391183853149414,0.014610052108764648,0.014698028564453125,0.014350175857543945,0.015028953552246094,0.014461040496826172,0.015128135681152344,0.014825105667114258,0.015238046646118164,0.014586925506591797,0.014882087707519531,0.01452326774597168,0.015001058578491211,0.014594078063964844,0.014887332916259766,0.01623988151550293,0.014882802963256836,0.014711856842041016,0.014558076858520508,0.015038013458251953,0.01500391960144043,0.015147686004638672,0.014925956726074219,0.014395952224731445,0.015166044235229492,0.014549016952514648,0.014662027359008789,0.01474618911743164,0.01447296142578125,0.014077901840209961,0.015074014663696289,0.014889240264892578,0.014698982238769531,0.014833211898803711,0.01612091064453125,0.015374898910522461,0.014709949493408203,0.014799118041992188,0.015059232711791992,0.014679908752441406,0.014653921127319336,0.014783859252929688,0.014250993728637695,0.014556884765625,0.014760255813598633,0.01425623893737793,0.014427900314331055,0.014636993408203125,0.0140228271484375,0.014631271362304688,0.01415705680847168,0.014732122421264648,0.014533042907714844,0.014531135559082031,0.015058040618896484,0.015522003173828125,0.014650106430053711,0.015330076217651367,0.015164852142333984,0.014381170272827148,0.014431953430175781,0.014899969100952148,0.014297246932983398,0.014202117919921875,0.014522790908813477,0.014745235443115234
Chameleon	GNN	0.4414479732513428,0.5318520069122314,0.5537080764770508,0.5701291561126709,1.0723626613616943,0.43640899658203125,0.4123091697692871,1.2323791980743408,1.21048903465271,0.5116729736328125,1.250492811203003,0.4401559829711914,0.8718888759613037,0.42749786376953125,0.5556378364562988,0.44672584533691406,0.4685170650482178,0.5657501220703125,0.6326448917388916,0.5405528545379639,0.531836986541748,0.5985562801361084,0.8753941059112549,0.43837475776672363,0.43840694427490234,0.516970157623291,0.47372889518737793,0.5370187759399414,0.8947393894195557,0.5732779502868652,0.693634033203125,0.5664541721343994,0.6375012397766113,0.4214012622833252,0.47026801109313965,0.49460887908935547,0.8077821731567383,0.9873650074005127,0.5741710662841797,0.4318361282348633,0.5928151607513428,1.063410997390747,0.43741703033447266,0.5707306861877441,0.5530669689178467,0.5180788040161133,0.950124979019165,0.953589916229248,0.4306790828704834,0.55035400390625,0.6534469127655029,0.47513604164123535,0.5185189247131348,1.082901954650879,0.525827169418335,0.48030519485473633,0.5951328277587891,0.5891139507293701,0.4978020191192627,0.47202515602111816,0.4621262550354004,0.494030237197876,0.6042239665985107,0.5049669742584229,0.9231109619140625,0.4240450859069824,0.5377137660980225,0.44390320777893066,0.537827730178833,0.4598231315612793,0.46681809425354004,1.1915819644927979,0.7859992980957031,0.5887000560760498,0.9740417003631592,0.9118118286132812,0.6005599498748779,0.43184590339660645,1.139657974243164,0.6240050792694092,0.4253971576690674,0.43376803398132324,0.5422730445861816,1.4554150104522705,0.47366881370544434,0.5124869346618652,0.492081880569458,0.4741990566253662,0.5848660469055176,0.7849328517913818,0.5805561542510986,0.5657720565795898,0.6478447914123535,0.627068042755127,0.5384719371795654,0.9871878623962402,0.585198163986206,0.8099768161773682,0.6932790279388428,0.510443925857544
Chameleon	GG	0.6074790954589844,0.4219200611114502,1.2833468914031982,0.9238021373748779,0.41976118087768555,0.9229402542114258,0.4069497585296631,0.5388669967651367,0.521510124206543,1.0949652194976807,0.7415308952331543,0.46037793159484863,0.4135618209838867,0.4250650405883789,0.4187319278717041,0.4414401054382324,0.4169600009918213,0.5652592182159424,0.4790229797363281,1.4355978965759277,0.9738752841949463,0.39447593688964844,0.5883400440216064,0.5927619934082031,0.8975129127502441,0.4240560531616211,0.590883731842041,0.640394926071167,0.40854501724243164,0.4240272045135498,1.104759931564331,0.4830741882324219,0.4346928596496582,0.4213292598724365,0.4250481128692627,1.0794198513031006,0.4174368381500244,0.889272928237915,0.4246530532836914,0.42499518394470215,0.42060017585754395,0.4145328998565674,0.6892359256744385,1.2024288177490234,0.42696189880371094,0.44141602516174316,1.7549629211425781,0.4267759323120117,0.43442678451538086,0.7466559410095215,0.5035989284515381,0.42748594284057617,0.38835692405700684,0.41994190216064453,0.43490004539489746,0.8522789478302002,0.4124159812927246,0.4957411289215088,0.41760993003845215,0.6322288513183594,0.4476280212402344,0.4758870601654053,0.5715391635894775,0.6640791893005371,0.765474796295166,1.1473808288574219,1.5593972206115723,0.3705441951751709,0.4316291809082031,0.5387859344482422,1.1144230365753174,1.1937649250030518,0.7950608730316162,0.4237189292907715,0.5598478317260742,0.6724350452423096,0.9820551872253418,0.42707395553588867,0.4115180969238281,0.674285888671875,0.9863290786743164,0.48392820358276367,0.7818179130554199,0.4402151107788086,0.42698121070861816,0.8032090663909912,0.85770583152771,0.4104347229003906,0.42831993103027344,0.5715122222900391,0.905142068862915,0.6137011051177979,0.4181020259857178,0.4300239086151123,0.6490569114685059,0.41430187225341797,1.5841028690338135,0.6827161312103271,0.42803525924682617,0.43465709686279297
Chameleon	GG2	0.6074790954589844,0.4219200611114502,1.2833468914031982,0.9238021373748779,0.41976118087768555,0.9229402542114258,0.4069497585296631,0.5388669967651367,0.521510124206543,1.0949652194976807,0.7415308952331543,0.46037793159484863,0.4135618209838867,0.4250650405883789,0.4187319278717041,0.4414401054382324,0.4169600009918213,0.5652592182159424,0.4790229797363281,1.4355978965759277,0.9738752841949463,0.39447593688964844,0.5883400440216064,0.5927619934082031,0.8975129127502441,0.4240560531616211,0.590883731842041,0.640394926071167,0.40854501724243164,0.4240272045135498,1.104759931564331,0.4830741882324219,0.4346928596496582,0.4213292598724365,0.4250481128692627,1.0794198513031006,0.4174368381500244,0.889272928237915,0.4246530532836914,0.42499518394470215,0.42060017585754395,0.4145328998565674,0.6892359256744385,1.2024288177490234,0.42696189880371094,0.44141602516174316,1.7549629211425781,0.4267759323120117,0.43442678451538086,0.7466559410095215,0.5035989284515381,0.42748594284057617,0.38835692405700684,0.41994190216064453,0.43490004539489746,0.8522789478302002,0.4124159812927246,0.4957411289215088,0.41760993003845215,0.6322288513183594,0.4476280212402344,0.4758870601654053,0.5715391635894775,0.6640791893005371,0.765474796295166,1.1473808288574219,1.5593972206115723,0.3705441951751709,0.4316291809082031,0.5387859344482422,1.1144230365753174,1.1937649250030518,0.7950608730316162,0.4237189292907715,0.5598478317260742,0.6724350452423096,0.9820551872253418,0.42707395553588867,0.4115180969238281,0.674285888671875,0.9863290786743164,0.48392820358276367,0.7818179130554199,0.4402151107788086,0.42698121070861816,0.8032090663909912,0.85770583152771,0.4104347229003906,0.42831993103027344,0.5715122222900391,0.905142068862915,0.6137011051177979,0.4181020259857178,0.4300239086151123,0.6490569114685059,0.41430187225341797,1.5841028690338135,0.6827161312103271,0.42803525924682617,0.43465709686279297
Cora	GEE	0.0028862953186035156,0.002766132354736328,0.002724885940551758,0.002621173858642578,0.0026161670684814453,0.0027608871459960938,0.002732992172241211,0.002758026123046875,0.0027709007263183594,0.002767801284790039,0.0026979446411132812,0.0025877952575683594,0.002778768539428711,0.0031061172485351562,0.002695322036743164,0.002714872360229492,0.002933979034423828,0.0027730464935302734,0.0027840137481689453,0.0026519298553466797,0.0026540756225585938,0.0027379989624023438,0.002624988555908203,0.0028312206268310547,0.0027229785919189453,0.0026302337646484375,0.0027780532836914062,0.0026748180389404297,0.0026388168334960938,0.0028200149536132812,0.0028748512268066406,0.002655029296875,0.0026209354400634766,0.0026590824127197266,0.003142118453979492,0.002779722213745117,0.002742767333984375,0.002721071243286133,0.0027189254760742188,0.002647876739501953,0.0028629302978515625,0.0026628971099853516,0.0027170181274414062,0.0029420852661132812,0.0028090476989746094,0.0028297901153564453,0.0028290748596191406,0.002892017364501953,0.0027871131896972656,0.002839803695678711,0.002730131149291992,0.002582073211669922,0.0027430057525634766,0.002701997756958008,0.004567861557006836,0.002798795700073242,0.0027761459350585938,0.0026521682739257812,0.0027768611907958984,0.002774953842163086,0.0027298927307128906,0.0026450157165527344,0.002705097198486328,0.0026509761810302734,0.0026869773864746094,0.0025870800018310547,0.002724170684814453,0.0027599334716796875,0.0027768611907958984,0.002662181854248047,0.0027430057525634766,0.002680063247680664,0.002730846405029297,0.0028460025787353516,0.0026938915252685547,0.0028412342071533203,0.002665281295776367,0.0026450157165527344,0.002802133560180664,0.0027208328247070312,0.0026679039001464844,0.002707958221435547,0.0029828548431396484,0.0027031898498535156,0.0027658939361572266,0.0028460025787353516,0.0027320384979248047,0.002686023712158203,0.0027730464935302734,0.0026481151580810547,0.002758026123046875,0.0027451515197753906,0.0027751922607421875,0.002819061279296875,0.002722024917602539,0.0026900768280029297,0.0027420520782470703,0.002749204635620117,0.0027692317962646484,0.002679109573364258
Cora	GNN	0.43766283988952637,0.6664788722991943,0.3425900936126709,0.4275221824645996,0.3655431270599365,0.31441211700439453,0.38858509063720703,0.3675546646118164,0.39858365058898926,0.41570615768432617,0.2921168804168701,0.3473947048187256,0.4433939456939697,0.35643601417541504,0.3776531219482422,0.32922792434692383,0.32157206535339355,0.3086998462677002,0.49079084396362305,0.4097106456756592,0.6861679553985596,0.48251891136169434,0.44284701347351074,0.3291459083557129,0.3401641845703125,0.43273401260375977,0.44181084632873535,0.5105950832366943,0.3800928592681885,0.38924694061279297,0.7084128856658936,0.3483448028564453,0.29853391647338867,0.5810418128967285,0.3789339065551758,0.32592201232910156,0.3001232147216797,0.3794710636138916,0.3888568878173828,0.4282097816467285,0.41755175590515137,0.6772949695587158,0.28668999671936035,0.3168611526489258,0.30436205863952637,0.3659532070159912,0.343764066696167,0.3607497215270996,0.6164658069610596,0.38964414596557617,0.29860997200012207,0.3291630744934082,0.4209887981414795,0.3997941017150879,0.3667311668395996,0.34806013107299805,0.37935686111450195,0.4158332347869873,0.30915284156799316,0.36966609954833984,0.367844820022583,0.44846582412719727,0.3917059898376465,0.330916166305542,0.37808728218078613,0.3326132297515869,0.3231220245361328,0.5255758762359619,0.2861759662628174,0.31806111335754395,0.3734309673309326,0.5870318412780762,0.4016108512878418,0.3380889892578125,0.40564393997192383,0.5741500854492188,0.38266992568969727,0.3630790710449219,0.47480201721191406,0.40483617782592773,0.36759495735168457,0.398608922958374,0.7203860282897949,0.3533041477203369,0.32748913764953613,0.416607141494751,0.30449724197387695,0.35543107986450195,0.3542799949645996,0.39952898025512695,0.2682209014892578,0.38448405265808105,0.32981204986572266,0.3666229248046875,0.33556103706359863,0.32649993896484375,0.6527087688446045,0.34433507919311523,0.350078821182251,0.39271998405456543
Cora	GG	0.9918181896209717,0.8592028617858887,0.39394712448120117,0.6274831295013428,0.5871307849884033,0.4396841526031494,0.4114260673522949,0.42171764373779297,0.5434770584106445,0.2925839424133301,0.5953850746154785,0.2787001132965088,0.25206971168518066,0.46518683433532715,0.5689640045166016,0.7006278038024902,0.34656691551208496,0.6763091087341309,0.7109088897705078,0.8486740589141846,0.4283878803253174,0.2614309787750244,0.5610010623931885,0.7501068115234375,0.5519828796386719,0.41466307640075684,0.44971394538879395,0.5236940383911133,0.7562949657440186,0.651400089263916,0.27201104164123535,0.6404612064361572,0.5900490283966064,0.32285189628601074,0.44126105308532715,0.5015218257904053,0.26194310188293457,0.6987178325653076,0.2718660831451416,1.1221981048583984,0.3211820125579834,0.34959912300109863,0.31524205207824707,0.9262688159942627,0.5527479648590088,0.4511220455169678,0.7056248188018799,0.4400818347930908,0.5982120037078857,0.37836313247680664,0.5936129093170166,0.6756250858306885,0.31136488914489746,0.26534008979797363,0.5250000953674316,0.36229777336120605,0.6858727931976318,0.3625500202178955,0.6216740608215332,0.6837508678436279,0.5006630420684814,0.5963740348815918,0.7038059234619141,0.2721409797668457,0.26554107666015625,0.266146183013916,0.31656503677368164,0.2861030101776123,0.4241330623626709,0.3517301082611084,0.2458631992340088,0.3531360626220703,0.6256349086761475,0.5839560031890869,0.8200459480285645,0.5782830715179443,0.25073719024658203,0.6373438835144043,0.5659329891204834,0.49968695640563965,0.7209370136260986,0.280627965927124,0.4512488842010498,0.6431179046630859,0.7671651840209961,0.5901069641113281,0.6457879543304443,0.9244139194488525,0.4769599437713623,0.3039591312408447,0.2831540107727051,0.26305484771728516,0.3858170509338379,0.551581859588623,0.5458762645721436,0.4250490665435791,0.39861202239990234,0.37596726417541504,0.46302008628845215,0.2587721347808838
Cora	GG2	0.9918181896209717,0.8592028617858887,0.39394712448120117,0.6274831295013428,0.5871307849884033,0.4396841526031494,0.4114260673522949,0.42171764373779297,0.5434770584106445,0.2925839424133301,0.5953850746154785,0.2787001132965088,0.25206971168518066,0.46518683433532715,0.5689640045166016,0.7006278038024902,0.34656691551208496,0.6763091087341309,0.7109088897705078,0.8486740589141846,0.4283878803253174,0.2614309787750244,0.5610010623931885,0.7501068115234375,0.5519828796386719,0.41466307640075684,0.44971394538879395,0.5236940383911133,0.7562949657440186,0.651400089263916,0.27201104164123535,0.6404612064361572,0.5900490283966064,0.32285189628601074,0.44126105308532715,0.5015218257904053,0.26194310188293457,0.6987178325653076,0.2718660831451416,1.1221981048583984,0.3211820125579834,0.34959912300109863,0.31524205207824707,0.9262688159942627,0.5527479648590088,0.4511220455169678,0.7056248188018799,0.4400818347930908,0.5982120037078857,0.37836313247680664,0.5936129093170166,0.6756250858306885,0.31136488914489746,0.26534008979797363,0.5250000953674316,0.36229777336120605,0.6858727931976318,0.3625500202178955,0.6216740608215332,0.6837508678436279,0.5006630420684814,0.5963740348815918,0.7038059234619141,0.2721409797668457,0.26554107666015625,0.266146183013916,0.31656503677368164,0.2861030101776123,0.4241330623626709,0.3517301082611084,0.2458631992340088,0.3531360626220703,0.6256349086761475,0.5839560031890869,0.8200459480285645,0.5782830715179443,0.25073719024658203,0.6373438835144043,0.5659329891204834,0.49968695640563965,0.7209370136260986,0.280627965927124,0.4512488842010498,0.6431179046630859,0.7671651840209961,0.5901069641113281,0.6457879543304443,0.9244139194488525,0.4769599437713623,0.3039591312408447,0.2831540107727051,0.26305484771728516,0.3858170509338379,0.551581859588623,0.5458762645721436,0.4250490665435791,0.39861202239990234,0.37596726417541504,0.46302008628845215,0.2587721347808838
Citeseer	GEE	0.00281524658203125,0.0025212764739990234,0.002470254898071289,0.0025310516357421875,0.0025839805603027344,0.0025081634521484375,0.0024802684783935547,0.0024268627166748047,0.002552032470703125,0.0025300979614257812,0.002511262893676758,0.002635955810546875,0.0025322437286376953,0.0025069713592529297,0.002602815628051758,0.002485036849975586,0.0026900768280029297,0.0026209354400634766,0.0025322437286376953,0.0024788379669189453,0.0024671554565429688,0.0025131702423095703,0.0025742053985595703,0.002585172653198242,0.0025551319122314453,0.002485036849975586,0.0024728775024414062,0.0024938583374023438,0.0024118423461914062,0.0024428367614746094,0.0025200843811035156,0.0025968551635742188,0.002644062042236328,0.0025920867919921875,0.0025129318237304688,0.0024950504302978516,0.00257110595703125,0.0024640560150146484,0.002580881118774414,0.0025320053100585938,0.002665281295776367,0.002552032470703125,0.0025191307067871094,0.0026540756225585938,0.0025179386138916016,0.0025370121002197266,0.002482175827026367,0.002613067626953125,0.0024788379669189453,0.0025010108947753906,0.002474069595336914,0.0025348663330078125,0.002629995346069336,0.0025179386138916016,0.002493143081665039,0.002485036849975586,0.002536773681640625,0.002498149871826172,0.002538919448852539,0.0025680065155029297,0.0025472640991210938,0.0026988983154296875,0.0025038719177246094,0.0025072097778320312,0.002538919448852539,0.002574920654296875,0.0025179386138916016,0.002463102340698242,0.0024919509887695312,0.0025589466094970703,0.0025658607482910156,0.002669811248779297,0.002607107162475586,0.0024709701538085938,0.002458810806274414,0.0026750564575195312,0.0025038719177246094,0.002518892288208008,0.0024819374084472656,0.002471923828125,0.0025420188903808594,0.002496957778930664,0.0025048255920410156,0.0024509429931640625,0.002547025680541992,0.0025873184204101562,0.002608060836791992,0.0026140213012695312,0.002470731735229492,0.0025441646575927734,0.002443075180053711,0.0024530887603759766,0.002547025680541992,0.002588987350463867,0.002544879913330078,0.0024890899658203125,0.0025908946990966797,0.002492189407348633,0.0024499893188476562,0.002460002899169922
Citeseer	GNN	0.46592211723327637,0.44686388969421387,0.43176889419555664,0.31440210342407227,0.3448619842529297,0.4233589172363281,0.37900710105895996,0.5408568382263184,0.5436530113220215,0.3951144218444824,0.4241962432861328,0.2611877918243408,0.3178060054779053,0.39143991470336914,0.39899706840515137,0.4753751754760742,0.25315403938293457,0.33422160148620605,0.3525998592376709,0.37783288955688477,0.28922486305236816,0.3292968273162842,0.28368186950683594,0.34749794006347656,0.32088708877563477,0.33307695388793945,0.39627599716186523,0.357515811920166,0.5748269557952881,0.3740260601043701,0.37345004081726074,0.3023569583892822,0.30816197395324707,0.30353832244873047,0.3769211769104004,0.3208756446838379,0.39163994789123535,0.28372883796691895,0.2518322467803955,0.3352549076080322,0.32314205169677734,0.3600020408630371,0.2965571880340576,0.2897219657897949,0.5895552635192871,0.30463576316833496,0.283642053604126,0.42418694496154785,0.2931828498840332,0.3840169906616211,0.3808109760284424,0.3037688732147217,0.43248605728149414,0.3893458843231201,0.3937041759490967,0.34302377700805664,0.41774892807006836,0.3781929016113281,0.3759129047393799,0.333787202835083,0.34725189208984375,0.2776000499725342,0.3470180034637451,0.36883091926574707,0.5051982402801514,0.3602008819580078,0.2791769504547119,0.4029397964477539,0.3013129234313965,0.38006114959716797,0.3381667137145996,0.27735280990600586,0.27315592765808105,0.39714598655700684,0.3509531021118164,0.27722811698913574,0.5236432552337646,0.32418203353881836,0.326801061630249,0.26260972023010254,0.4745597839355469,0.3177013397216797,0.3769841194152832,0.3641848564147949,0.3544580936431885,0.2956240177154541,0.2627451419830322,0.3423008918762207,0.3367118835449219,0.3659970760345459,0.27837419509887695,0.30778002738952637,0.3995656967163086,0.3139810562133789,0.34401893615722656,0.5503199100494385,0.2701070308685303,0.4237489700317383,0.3807408809661865,0.2820930480957031
Citeseer	GG	0.46956372261047363,0.7620840072631836,0.4563019275665283,0.413053035736084,0.25689101219177246,0.8096559047698975,0.3206470012664795,0.31806302070617676,0.4170382022857666,0.2822079658508301,0.36009788513183594,0.6308720111846924,0.3316481113433838,0.6315000057220459,0.49138712882995605,0.2889997959136963,0.34837985038757324,0.49105095863342285,0.399608850479126,0.509303092956543,0.5341479778289795,0.42221808433532715,0.26386284828186035,0.558182954788208,0.3868739604949951,0.242811918258667,0.2691059112548828,0.24112582206726074,0.2566070556640625,0.3000519275665283,0.8110551834106445,0.7180380821228027,0.34838008880615234,0.29848694801330566,0.2854011058807373,0.2905693054199219,0.4504127502441406,0.36714601516723633,0.4507441520690918,0.32587718963623047,0.25743985176086426,0.39690709114074707,0.34643101692199707,0.43354320526123047,0.24853825569152832,0.4461700916290283,0.8028910160064697,0.48183703422546387,0.2623569965362549,0.45236825942993164,0.2564370632171631,0.31241321563720703,0.707589864730835,0.8338477611541748,0.29709506034851074,0.28540802001953125,0.8451881408691406,0.2568068504333496,0.4915127754211426,0.5236940383911133,0.7444391250610352,0.5040271282196045,0.2638411521911621,0.8197758197784424,0.7685439586639404,0.45740294456481934,0.601085901260376,0.6834688186645508,0.603137731552124,0.5423991680145264,0.47272396087646484,0.38471388816833496,0.4480247497558594,0.4029397964477539,0.43845105171203613,0.6245269775390625,0.6046490669250488,0.24923300743103027,0.27127861976623535,0.8063249588012695,0.759361982345581,0.537898063659668,0.2981550693511963,0.5447821617126465,0.6033637523651123,0.3526272773742676,0.5462789535522461,0.4022960662841797,0.4082818031311035,0.27649617195129395,0.34136009216308594,0.5133018493652344,0.7304818630218506,0.3509800434112549,0.4789237976074219,0.39852476119995117,0.8259170055389404,0.7188611030578613,0.24336981773376465,0.2792479991912842
Citeseer	GG2	0.46956372261047363,0.7620840072631836,0.4563019275665283,0.413053035736084,0.25689101219177246,0.8096559047698975,0.3206470012664795,0.31806302070617676,0.4170382022857666,0.2822079658508301,0.36009788513183594,0.6308720111846924,0.3316481113433838,0.6315000057220459,0.49138712882995605,0.2889997959136963,0.34837985038757324,0.49105095863342285,0.399608850479126,0.509303092956543,0.5341479778289795,0.42221808433532715,0.26386284828186035,0.558182954788208,0.3868739604949951,0.242811918258667,0.2691059112548828,0.24112582206726074,0.2566070556640625,0.3000519275665283,0.8110551834106445,0.7180380821228027,0.34838008880615234,0.29848694801330566,0.2854011058807373,0.2905693054199219,0.4504127502441406,0.36714601516723633,0.4507441520690918,0.32587718963623047,0.25743985176086426,0.39690709114074707,0.34643101692199707,0.43354320526123047,0.24853825569152832,0.4461700916290283,0.8028910160064697,0.48183703422546387,0.2623569965362549,0.45236825942993164,0.2564370632171631,0.31241321563720703,0.707589864730835,0.8338477611541748,0.29709506034851074,0.28540802001953125,0.8451881408691406,0.2568068504333496,0.4915127754211426,0.5236940383911133,0.7444391250610352,0.5040271282196045,0.2638411521911621,0.8197758197784424,0.7685439586639404,0.45740294456481934,0.601085901260376,0.6834688186645508,0.603137731552124,0.5423991680145264,0.47272396087646484,0.38471388816833496,0.4480247497558594,0.4029397964477539,0.43845105171203613,0.6245269775390625,0.6046490669250488,0.24923300743103027,0.27127861976623535,0.8063249588012695,0.759361982345581,0.537898063659668,0.2981550693511963,0.5447821617126465,0.6033637523651123,0.3526272773742676,0.5462789535522461,0.4022960662841797,0.4082818031311035,0.27649617195129395,0.34136009216308594,0.5133018493652344,0.7304818630218506,0.3509800434112549,0.4789237976074219,0.39852476119995117,0.8259170055389404,0.7188611030578613,0.24336981773376465,0.2792479991912842
