ACM	GEE	0.49269311064718163,0.44224077940153095,0.4913013221990257,0.43910925539318024,0.464857341684064,0.4909533750869868,0.5038274182324287,0.464857341684064,0.4732080723729993,0.4860821155184412,0.476687543493389,0.464857341684064,0.4718162839248434,0.45128740431454417,0.44258872651356995,0.4693806541405706,0.45894224077940154,0.46555323590814196,0.47842727905358384,0.4627696590118302,0.4867780097425191,0.4704244954766875,0.48399443284620736,0.46694502435629787,0.4693806541405706,0.4516353514265832,0.4558107167710508,0.45650661099512874,0.4613778705636743,0.47981906750173975,0.5073068893528184,0.46346555323590816,0.45546276965901183,0.4923451635351427,0.4725121781489214,0.4241475295755045,0.45441892832289493,0.47007654836464857,0.47286012526096033,0.48086290883785665,0.4826026443980515,0.4965205288796103,0.4443284620737648,0.4846903270702853,0.45650661099512874,0.43145441892832287,0.488865692414753,0.47390396659707723,0.47390396659707723,0.4801670146137787,0.4711203897007655,0.465205288796103,0.4909533750869868,0.4453723034098817,0.4488517745302714,0.45755045233124564,0.4450243562978427,0.45894224077940154,0.4871259568545581,0.4596381350034795,0.4867780097425191,0.45894224077940154,0.4850382741823243,0.4592901878914405,0.4693806541405706,0.4759916492693111,0.47738343771746694,0.49373695198329853,0.4721642310368824,0.4899095337508699,0.44363256784968685,0.47842727905358384,0.4220598469032707,0.465205288796103,0.4805149617258177,0.44711203897007656,0.4860821155184412,0.4805149617258177,0.46903270702853167,0.4711203897007655,0.45650661099512874,0.4721642310368824,0.4857341684064022,0.4495476687543493,0.453027139874739,0.47877522616562285,0.4711203897007655,0.45441892832289493,0.465205288796103,0.47981906750173975,0.4725121781489214,0.47633959638135004,0.46346555323590816,0.4826026443980515,0.4805149617258177,0.4777313848295059,0.4860821155184412,0.4822546972860125,0.45128740431454417,0.4725121781489214
ACM	GNN	0.4617258176757133,0.42971468336812807,0.42136395267919274,0.4077940153096729,0.37021572720946416,0.4606819763395964,0.4398051496172582,0.4318023660403619,0.40431454418928325,0.42519137091162146,0.38343771746694505,0.40848990953375086,0.41057759220598466,0.36116910229645094,0.41823242867084204,0.3705636743215031,0.45407098121085593,0.42240779401530965,0.4011830201809325,0.3903966597077244,0.39318023660403617,0.42484342379958245,0.4759916492693111,0.4919972164231037,0.4617258176757133,0.4568545581071677,0.4384133611691023,0.4638135003479471,0.4474599860821155,0.4641614474599861,0.42240779401530965,0.4349338900487126,0.3966597077244259,0.5062630480167014,0.46346555323590816,0.5093945720250522,0.36464857341684065,0.3823938761308281,0.45894224077940154,0.4199721642310369,0.4429366736256089,0.3903966597077244,0.34133611691022964,0.46694502435629787,0.38656924147529576,0.3312456506610995,0.48851774530271397,0.40848990953375086,0.42693110647181626,0.5086986778009742,0.3649965205288796,0.4151009046624913,0.4822546972860125,0.44467640918580376,0.4780793319415449,0.40292275574112735,0.4290187891440501,0.45998608211551845,0.4387613082811413,0.441892832289492,0.4596381350034795,0.44606819763395966,0.39631176061238693,0.4429366736256089,0.3792623521224774,0.37265135699373697,0.4756437021572721,0.41475295755045233,0.4102296450939457,0.430062630480167,0.42379958246346555,0.42275574112734865,0.40605427974947805,0.4265831593597773,0.3660403618649965,0.38343771746694505,0.4144050104384134,0.49617258176757134,0.4091858037578288,0.40431454418928325,0.4906054279749478,0.4697286012526096,0.4780793319415449,0.46659707724425886,0.4331941544885177,0.4439805149617258,0.4133611691022965,0.4112734864300626,0.3782185107863605,0.4582463465553236,0.3935281837160752,0.42240779401530965,0.40535838552540016,0.4046624913013222,0.3903966597077244,0.4178844815588031,0.4178844815588031,0.4516353514265832,0.42066805845511485,0.4495476687543493
ACM	GG	0.4244954766875435,0.4836464857341684,0.45441892832289493,0.5292275574112735,0.4805149617258177,0.557063326374391,0.5560194850382741,0.5184411969380655,0.46694502435629787,0.4659011830201809,0.5379262352122477,0.5170494084899095,0.5191370911621433,0.5093945720250522,0.5511482254697286,0.46694502435629787,0.4408489909533751,0.4523312456506611,0.47633959638135004,0.39004871259568547,0.4154488517745303,0.47738343771746694,0.534446764091858,0.4321503131524008,0.500347947112039,0.453027139874739,0.5205288796102993,0.5316631871955463,0.5163535142658316,0.5737647877522617,0.5441892832289492,0.488169798190675,0.4711203897007655,0.570285316631872,0.5438413361169102,0.4805149617258177,0.5281837160751566,0.5469728601252609,0.5031315240083507,0.5417536534446764,0.38343771746694505,0.5306193458594294,0.44572025052192066,0.4244954766875435,0.5271398747390397,0.3750869867780097,0.569937369519833,0.5041753653444676,0.5528879610299234,0.5494084899095337,0.5093945720250522,0.4919972164231037,0.4906054279749478,0.5027835768963118,0.5069589422407794,0.5556715379262352,0.4944328462073765,0.4986082115518441,0.5226165622825331,0.430062630480167,0.3709116214335421,0.5187891440501043,0.49617258176757134,0.47494780793319413,0.511134307585247,0.5313152400835073,0.47425191370911624,0.44676409185803756,0.4244954766875435,0.5146137787056367,0.4704244954766875,0.4725121781489214,0.43667362560890743,0.5292275574112735,0.5093945720250522,0.5191370911621433,0.5167014613778705,0.48956158663883087,0.4394572025052192,0.49512874043145444,0.5271398747390397,0.47842727905358384,0.557063326374391,0.4450243562978427,0.5093945720250522,0.4801670146137787,0.3128044537230341,0.45128740431454417,0.5299234516353514,0.42136395267919274,0.5650661099512874,0.5163535142658316,0.5052192066805845,0.42971468336812807,0.5379262352122477,0.4662491301322199,0.41475295755045233,0.48851774530271397,0.5267919276270007,0.5254001391788448
ACM	GG2	0.5097425191370911,0.4857341684064022,0.5508002783576896,0.5869867780097425,0.48782185107863607,0.5337508698677801,0.5720250521920668,0.4815588030619346,0.5626304801670147,0.5323590814196242,0.5455810716771051,0.5560194850382741,0.5685455810716771,0.5100904662491301,0.546276965901183,0.511830201809325,0.5024356297842728,0.511830201809325,0.5243562978427279,0.5104384133611691,0.5487125956854558,0.5316631871955463,0.5796798886569241,0.5320111343075853,0.4871259568545581,0.5177453027139874,0.510786360473208,0.558803061934586,0.5681976339596382,0.5741127348643006,0.5737647877522617,0.5758524704244955,0.5581071677105081,0.592901878914405,0.557759220598469,0.534794711203897,0.5163535142658316,0.5654140570633264,0.4547668754349339,0.5260960334029228,0.5786360473208072,0.5793319415448852,0.5337508698677801,0.4659011830201809,0.5407098121085595,0.453723034098817,0.5859429366736256,0.5372303409881698,0.5306193458594294,0.5716771050800278,0.5448851774530271,0.5041753653444676,0.5334029227557411,0.5330549756437022,0.5010438413361169,0.5525400139178844,0.5013917884481559,0.5069589422407794,0.5473208072372999,0.5386221294363257,0.5560194850382741,0.5400139178844816,0.5730688935281837,0.5504523312456506,0.5306193458594294,0.5605427974947808,0.5194850382741824,0.5059151009046625,0.5448851774530271,0.5006958942240779,0.46764091858037576,0.5706332637439109,0.45128740431454417,0.5337508698677801,0.5643702157272095,0.534794711203897,0.5647181628392485,0.5292275574112735,0.511482254697286,0.5041753653444676,0.5361864996520529,0.6169102296450939,0.558803061934586,0.4707724425887265,0.5146137787056367,0.5421016005567154,0.5654140570633264,0.5034794711203897,0.5455810716771051,0.4913013221990257,0.5528879610299234,0.5393180236604036,0.5327070285316632,0.5264439805149618,0.5626304801670147,0.5066109951287404,0.5368823938761308,0.5160055671537926,0.4850382741823243,0.5581071677105081
BAT	GEE	0.35294117647058826,0.37815126050420167,0.4369747899159664,0.42016806722689076,0.4369747899159664,0.37815126050420167,0.4369747899159664,0.4117647058823529,0.453781512605042,0.5126050420168067,0.40336134453781514,0.40336134453781514,0.19327731092436976,0.5042016806722689,0.4369747899159664,0.40336134453781514,0.42857142857142855,0.5126050420168067,0.3697478991596639,0.42857142857142855,0.453781512605042,0.47058823529411764,0.47058823529411764,0.4369747899159664,0.453781512605042,0.453781512605042,0.44537815126050423,0.4369747899159664,0.37815126050420167,0.5546218487394958,0.453781512605042,0.3949579831932773,0.42857142857142855,0.29411764705882354,0.4789915966386555,0.3949579831932773,0.46218487394957986,0.40336134453781514,0.46218487394957986,0.42016806722689076,0.453781512605042,0.42016806722689076,0.3949579831932773,0.4117647058823529,0.453781512605042,0.29411764705882354,0.44537815126050423,0.4369747899159664,0.42016806722689076,0.42857142857142855,0.4957983193277311,0.36134453781512604,0.44537815126050423,0.48739495798319327,0.40336134453781514,0.226890756302521,0.453781512605042,0.33613445378151263,0.36134453781512604,0.46218487394957986,0.453781512605042,0.40336134453781514,0.36134453781512604,0.42857142857142855,0.3949579831932773,0.44537815126050423,0.40336134453781514,0.35294117647058826,0.40336134453781514,0.47058823529411764,0.19327731092436976,0.4789915966386555,0.5126050420168067,0.37815126050420167,0.36134453781512604,0.40336134453781514,0.37815126050420167,0.3865546218487395,0.5126050420168067,0.3949579831932773,0.46218487394957986,0.3277310924369748,0.46218487394957986,0.3865546218487395,0.42016806722689076,0.453781512605042,0.42016806722689076,0.3949579831932773,0.4117647058823529,0.36134453781512604,0.29411764705882354,0.42016806722689076,0.44537815126050423,0.42016806722689076,0.453781512605042,0.31932773109243695,0.3865546218487395,0.29411764705882354,0.3277310924369748,0.3697478991596639
BAT	GNN	0.2857142857142857,0.2689075630252101,0.25210084033613445,0.35294117647058826,0.3025210084033613,0.3025210084033613,0.2689075630252101,0.2605042016806723,0.23529411764705882,0.35294117647058826,0.2857142857142857,0.3025210084033613,0.35294117647058826,0.2857142857142857,0.29411764705882354,0.2773109243697479,0.2605042016806723,0.2857142857142857,0.29411764705882354,0.2184873949579832,0.19327731092436976,0.23529411764705882,0.31932773109243695,0.37815126050420167,0.2605042016806723,0.5042016806722689,0.2857142857142857,0.29411764705882354,0.35294117647058826,0.2689075630252101,0.35294117647058826,0.29411764705882354,0.29411764705882354,0.31932773109243695,0.3025210084033613,0.18487394957983194,0.33613445378151263,0.2184873949579832,0.2857142857142857,0.35294117647058826,0.3277310924369748,0.2857142857142857,0.3277310924369748,0.29411764705882354,0.3445378151260504,0.2773109243697479,0.3277310924369748,0.31092436974789917,0.24369747899159663,0.24369747899159663,0.2773109243697479,0.2689075630252101,0.3865546218487395,0.3445378151260504,0.226890756302521,0.31932773109243695,0.31092436974789917,0.33613445378151263,0.3277310924369748,0.33613445378151263,0.33613445378151263,0.29411764705882354,0.33613445378151263,0.2857142857142857,0.31092436974789917,0.25210084033613445,0.31932773109243695,0.2773109243697479,0.29411764705882354,0.3025210084033613,0.33613445378151263,0.42857142857142855,0.23529411764705882,0.29411764705882354,0.3277310924369748,0.2857142857142857,0.2689075630252101,0.25210084033613445,0.3445378151260504,0.2605042016806723,0.23529411764705882,0.25210084033613445,0.25210084033613445,0.29411764705882354,0.31092436974789917,0.2689075630252101,0.21008403361344538,0.2689075630252101,0.3025210084033613,0.29411764705882354,0.24369747899159663,0.2605042016806723,0.37815126050420167,0.2605042016806723,0.31932773109243695,0.226890756302521,0.16806722689075632,0.37815126050420167,0.25210084033613445,0.2773109243697479
BAT	GG	0.31932773109243695,0.3025210084033613,0.42016806722689076,0.40336134453781514,0.3445378151260504,0.42857142857142855,0.40336134453781514,0.4117647058823529,0.44537815126050423,0.5210084033613446,0.3949579831932773,0.3277310924369748,0.40336134453781514,0.5294117647058824,0.35294117647058826,0.3949579831932773,0.36134453781512604,0.4789915966386555,0.3949579831932773,0.4789915966386555,0.42857142857142855,0.4789915966386555,0.36134453781512604,0.42857142857142855,0.3025210084033613,0.3445378151260504,0.3865546218487395,0.31092436974789917,0.19327731092436976,0.4369747899159664,0.33613445378151263,0.36134453781512604,0.37815126050420167,0.33613445378151263,0.453781512605042,0.33613445378151263,0.3865546218487395,0.47058823529411764,0.44537815126050423,0.453781512605042,0.42857142857142855,0.226890756302521,0.3025210084033613,0.21008403361344538,0.3697478991596639,0.3025210084033613,0.2857142857142857,0.5210084033613446,0.3949579831932773,0.46218487394957986,0.44537815126050423,0.37815126050420167,0.3865546218487395,0.35294117647058826,0.37815126050420167,0.44537815126050423,0.3865546218487395,0.4369747899159664,0.47058823529411764,0.44537815126050423,0.31932773109243695,0.2773109243697479,0.25210084033613445,0.5042016806722689,0.3277310924369748,0.3277310924369748,0.3025210084033613,0.4369747899159664,0.33613445378151263,0.5294117647058824,0.31092436974789917,0.2605042016806723,0.42016806722689076,0.3025210084033613,0.3445378151260504,0.44537815126050423,0.42016806722689076,0.4117647058823529,0.40336134453781514,0.5042016806722689,0.42016806722689076,0.3277310924369748,0.42016806722689076,0.36134453781512604,0.2857142857142857,0.3277310924369748,0.31932773109243695,0.2857142857142857,0.46218487394957986,0.46218487394957986,0.42016806722689076,0.4369747899159664,0.42857142857142855,0.46218487394957986,0.36134453781512604,0.25210084033613445,0.3697478991596639,0.3949579831932773,0.2605042016806723,0.33613445378151263
BAT	GG2	0.42857142857142855,0.2689075630252101,0.3697478991596639,0.48739495798319327,0.48739495798319327,0.31092436974789917,0.3949579831932773,0.3865546218487395,0.44537815126050423,0.5546218487394958,0.37815126050420167,0.33613445378151263,0.2605042016806723,0.4957983193277311,0.3865546218487395,0.4117647058823529,0.42857142857142855,0.5126050420168067,0.453781512605042,0.5882352941176471,0.5378151260504201,0.5462184873949579,0.5798319327731093,0.5546218487394958,0.47058823529411764,0.4957983193277311,0.4369747899159664,0.36134453781512604,0.2689075630252101,0.4957983193277311,0.4369747899159664,0.31092436974789917,0.37815126050420167,0.2605042016806723,0.453781512605042,0.40336134453781514,0.46218487394957986,0.42857142857142855,0.5462184873949579,0.5210084033613446,0.5210084033613446,0.48739495798319327,0.3277310924369748,0.33613445378151263,0.5882352941176471,0.3025210084033613,0.40336134453781514,0.44537815126050423,0.44537815126050423,0.44537815126050423,0.5294117647058824,0.33613445378151263,0.3949579831932773,0.40336134453781514,0.35294117647058826,0.37815126050420167,0.4789915966386555,0.35294117647058826,0.40336134453781514,0.5294117647058824,0.40336134453781514,0.40336134453781514,0.29411764705882354,0.46218487394957986,0.46218487394957986,0.44537815126050423,0.42857142857142855,0.42016806722689076,0.42857142857142855,0.5294117647058824,0.33613445378151263,0.3277310924369748,0.5294117647058824,0.33613445378151263,0.3025210084033613,0.5126050420168067,0.46218487394957986,0.42857142857142855,0.4957983193277311,0.42857142857142855,0.44537815126050423,0.44537815126050423,0.4957983193277311,0.4789915966386555,0.4957983193277311,0.44537815126050423,0.35294117647058826,0.46218487394957986,0.46218487394957986,0.19327731092436976,0.29411764705882354,0.36134453781512604,0.4789915966386555,0.42857142857142855,0.48739495798319327,0.3949579831932773,0.3277310924369748,0.37815126050420167,0.42857142857142855,0.3697478991596639
DBLP	GEE	0.3207889955878536,0.3054762522709577,0.3080716324941604,0.3174150012976901,0.3280560602128212,0.22917207370879833,0.3062548663379185,0.31637684920840903,0.3270179081235401,0.3176745393200104,0.3270179081235401,0.3104074746950428,0.32130807163249414,0.3072930184271996,0.30677394238255906,0.3114456267843239,0.3207889955878536,0.31611731118608877,0.31196470282896444,0.3231248377887361,0.3132623929405658,0.32572021801193873,0.32494160394497795,0.31611731118608877,0.3187126914092915,0.3285751362574617,0.3158577731637685,0.3137814689852063,0.31196470282896444,0.32234622372177524,0.3241629898780171,0.2891253568647807,0.31611731118608877,0.30521671424863744,0.319231767453932,0.28860628082014017,0.30859070853880094,0.31845315338697117,0.3083311705164807,0.2880872047754996,0.31793407734233065,0.31897222943161174,0.296132883467428,0.30677394238255906,0.3181936153646509,0.3104074746950428,0.30521671424863744,0.33091097845834416,0.3290942123021023,0.3226057617440955,0.32987282636906307,0.2922398131326239,0.3303919024137036,0.3290942123021023,0.3207889955878536,0.32987282636906307,0.3054762522709577,0.3044381001816766,0.31637684920840903,0.32494160394497795,0.32338437581105633,0.30962886062808204,0.31845315338697117,0.3132623929405658,0.3174150012976901,0.34025434726187387,0.31949130547625226,0.32130807163249414,0.3202699195432131,0.3324682065922658,0.30158318193615363,0.3117051648066442,0.3207889955878536,0.33947573319491303,0.3241629898780171,0.3246820659226577,0.32649883207889957,0.30521671424863744,0.3166363872307293,0.32286529976641576,0.31897222943161174,0.3181936153646509,0.3218271476771347,0.3329872826369063,0.30314041007007525,0.31533869711912793,0.29924733973527123,0.31507915909680767,0.3039190241370361,0.32727744614586035,0.3252011419672982,0.3290942123021023,0.3210485336101739,0.3319491305476252,0.31456008305216715,0.3158577731637685,0.32286529976641576,0.32286529976641576,0.3226057617440955,0.3280560602128212
DBLP	GNN	0.30859070853880094,0.2875681287308591,0.3106670127173631,0.30236179600311447,0.2945756553335064,0.28834674279781985,0.2969114975343888,0.2945756553335064,0.3059953283155982,0.3005450298468726,0.31715546327536986,0.27303399948092394,0.30132364391383337,0.2699195432130807,0.26862185310147935,0.2857513625746172,0.29639242148974826,0.319231767453932,0.31689592525304955,0.28782766675317933,0.3158577731637685,0.2328056060212821,0.30495717622631713,0.3070334804048793,0.2704386192577213,0.2795224500389307,0.28601090059693746,0.2979496496236699,0.30262133402543473,0.2891253568647807,0.30677394238255906,0.22372177524007267,0.2714767713470023,0.34310926550739684,0.30158318193615363,0.28938489488710095,0.30495717622631713,0.28704905268621855,0.30262133402543473,0.28263690630677396,0.33376589670386714,0.2616143264988321,0.2600570983649105,0.31014793667272256,0.27718660783804827,0.31092655073968334,0.31092655073968334,0.3280560602128212,0.3210485336101739,0.3059953283155982,0.31689592525304955,0.31300285491824553,0.28704905268621855,0.3078120944718401,0.2899039709317415,0.29483519335582664,0.2312483778873605,0.32286529976641576,0.28938489488710095,0.2787438359719699,0.2831559823514145,0.27225538541396316,0.3200103815208928,0.27121723332468206,0.3114456267843239,0.32883467427978197,0.3428497274850766,0.30236179600311447,0.3083311705164807,0.30417856215935635,0.30314041007007525,0.3148196210744874,0.3210485336101739,0.31845315338697117,0.2880872047754996,0.3044381001816766,0.31118608876200365,0.2748507656371659,0.3252011419672982,0.24059174669089023,0.293277965221905,0.30314041007007525,0.31196470282896444,0.3303919024137036,0.3218271476771347,0.2753698416818064,0.25824033220866854,0.31689592525304955,0.31118608876200365,0.2753698416818064,0.3080716324941604,0.2906825849987023,0.2873085907085388,0.3054762522709577,0.29146119906566315,0.3033999480923955,0.2621334025434726,0.302880872047755,0.33532312483778876,0.34103296132883465
DBLP	GG	0.30417856215935635,0.3277965221905009,0.3418115753957955,0.3324682065922658,0.3246820659226577,0.34103296132883465,0.32727744614586035,0.3314300545029847,0.3726966000519076,0.3187126914092915,0.3444069556189982,0.33765896703867115,0.3537503244225279,0.3571243187126914,0.32675837010121983,0.37217752400726706,0.3117051648066442,0.3701012198287049,0.3604983130028549,0.3563457046457306,0.29717103555670904,0.3415520373734752,0.32987282636906307,0.35686478069037114,0.3054762522709577,0.3368803529717104,0.34051388528419413,0.3428497274850766,0.31689592525304955,0.3137814689852063,0.29535426940046716,0.325979756034259,0.3485595639761225,0.3501167921100441,0.33168959252530494,0.28601090059693746,0.3501167921100441,0.3537503244225279,0.32052945756553336,0.31611731118608877,0.31845315338697117,0.3285751362574617,0.35349078640020765,0.34414741759667794,0.31715546327536986,0.3462237217752401,0.3483000259538022,0.37113937191798596,0.33973527121723335,0.3399948092395536,0.2901635089540618,0.3817804308331171,0.34259018946275627,0.3093693226057617,0.36724630158318194,0.2873085907085388,0.30132364391383337,0.29976641577991175,0.3104074746950428,0.3340254347261874,0.3345445107708279,0.3348040487931482,0.2945756553335064,0.2966519595120685,0.2956138074227874,0.32338437581105633,0.3418115753957955,0.3018427199584739,0.31845315338697117,0.35193355826628603,0.3104074746950428,0.27562937970412665,0.34648325979756034,0.338437581105632,0.30236179600311447,0.3620555411367765,0.31196470282896444,0.34051388528419413,0.36465092135997923,0.2958733454451077,0.30573579029327796,0.3303919024137036,0.31274331689592527,0.3246820659226577,0.380742278743836,0.32727744614586035,0.3537503244225279,0.31689592525304955,0.32052945756553336,0.3187126914092915,0.33091097845834416,0.3311705164806644,0.3495977160654036,0.3033999480923955,0.30080456786919285,0.31456008305216715,0.32234622372177524,0.2956138074227874,0.3148196210744874,0.3399948092395536
DBLP	GG2	0.3296132883467428,0.3236439138333766,0.30417856215935635,0.34103296132883465,0.29094212302102257,0.38878795743576433,0.2572021801193875,0.3485595639761225,0.39397871788216976,0.3433688035297171,0.35504801453412926,0.29042304697638205,0.37918505060991436,0.3599792369582144,0.2821178302621334,0.36724630158318194,0.3592006228912536,0.3285751362574617,0.2958733454451077,0.3296132883467428,0.31014793667272256,0.3633532312483779,0.3633532312483779,0.3368803529717104,0.34570464573059956,0.30677394238255906,0.3449260316636387,0.3521930962886063,0.3495977160654036,0.3132623929405658,0.34752141188684144,0.23669867635608616,0.31456008305216715,0.3786659745652738,0.3428497274850766,0.2984687256683104,0.35504801453412926,0.34907864002076305,0.30236179600311447,0.2950947313781469,0.3080716324941604,0.32572021801193873,0.34907864002076305,0.3649104593822995,0.31689592525304955,0.34414741759667794,0.3078120944718401,0.3659486114715806,0.36439138333765897,0.31196470282896444,0.3555670905787698,0.3817804308331171,0.3693226057617441,0.3703607578510252,0.3786659745652738,0.31507915909680767,0.31689592525304955,0.298987801712951,0.27121723332468206,0.3856735011679211,0.3039190241370361,0.34259018946275627,0.30573579029327796,0.2899039709317415,0.29924733973527123,0.32649883207889957,0.37062029587334544,0.33713989099403063,0.35400986244484817,0.34907864002076305,0.338437581105632,0.3560861666234103,0.3597196989358941,0.3340254347261874,0.3083311705164807,0.33272774461458604,0.3210485336101739,0.34466649364131846,0.3010641058915131,0.3649104593822995,0.3303919024137036,0.36127692706981573,0.2984687256683104,0.3773682844536725,0.3789255125875941,0.33921619517259277,0.34466649364131846,0.3187126914092915,0.3117051648066442,0.31092655073968334,0.30469763820399687,0.3407734233065144,0.3493381780430833,0.3724370620295873,0.32052945756553336,0.3433688035297171,0.3607578510251752,0.3483000259538022,0.3555670905787698,0.37710874643135217
EAT	GEE	0.23544973544973544,0.41798941798941797,0.37566137566137564,0.4312169312169312,0.328042328042328,0.42063492063492064,0.335978835978836,0.35978835978835977,0.35978835978835977,0.35978835978835977,0.41534391534391535,0.42063492063492064,0.4126984126984127,0.3439153439153439,0.2777777777777778,0.3968253968253968,0.21428571428571427,0.3941798941798942,0.35978835978835977,0.42857142857142855,0.29365079365079366,0.35978835978835977,0.26455026455026454,0.3888888888888889,0.42063492063492064,0.3492063492063492,0.4417989417989418,0.3386243386243386,0.3835978835978836,0.3994708994708995,0.4021164021164021,0.38095238095238093,0.3888888888888889,0.5,0.3412698412698413,0.4126984126984127,0.2671957671957672,0.36507936507936506,0.2962962962962963,0.3888888888888889,0.3888888888888889,0.328042328042328,0.28835978835978837,0.31216931216931215,0.2777777777777778,0.35978835978835977,0.36772486772486773,0.3544973544973545,0.3915343915343915,0.29894179894179895,0.34656084656084657,0.3994708994708995,0.32275132275132273,0.35714285714285715,0.3544973544973545,0.3941798941798942,0.37037037037037035,0.35714285714285715,0.37566137566137564,0.43915343915343913,0.3492063492063492,0.30687830687830686,0.29365079365079366,0.328042328042328,0.3862433862433862,0.36507936507936506,0.3439153439153439,0.335978835978836,0.3994708994708995,0.373015873015873,0.42328042328042326,0.35185185185185186,0.4312169312169312,0.3148148148148148,0.335978835978836,0.36243386243386244,0.4708994708994709,0.3888888888888889,0.3941798941798942,0.4417989417989418,0.47354497354497355,0.36772486772486773,0.46825396825396826,0.2698412698412698,0.3253968253968254,0.42592592592592593,0.2804232804232804,0.35185185185185186,0.2671957671957672,0.30687830687830686,0.3783068783068783,0.36507936507936506,0.42592592592592593,0.31746031746031744,0.3333333333333333,0.3306878306878307,0.3306878306878307,0.42592592592592593,0.3968253968253968,0.41798941798941797
EAT	GNN	0.3862433862433862,0.3386243386243386,0.3862433862433862,0.30423280423280424,0.31216931216931215,0.3439153439153439,0.32275132275132273,0.31746031746031744,0.3253968253968254,0.36772486772486773,0.291005291005291,0.24867724867724866,0.37566137566137564,0.35185185185185186,0.1746031746031746,0.3941798941798942,0.32275132275132273,0.36507936507936506,0.35978835978835977,0.3306878306878307,0.2619047619047619,0.3333333333333333,0.3412698412698413,0.36243386243386244,0.37566137566137564,0.36507936507936506,0.2804232804232804,0.2698412698412698,0.2857142857142857,0.3915343915343915,0.29894179894179895,0.328042328042328,0.30158730158730157,0.2857142857142857,0.3862433862433862,0.3412698412698413,0.2671957671957672,0.35185185185185186,0.30687830687830686,0.3439153439153439,0.3439153439153439,0.3201058201058201,0.2962962962962963,0.3333333333333333,0.3201058201058201,0.3148148148148148,0.36772486772486773,0.3544973544973545,0.37566137566137564,0.2804232804232804,0.25396825396825395,0.21428571428571427,0.34656084656084657,0.2751322751322751,0.30687830687830686,0.31746031746031744,0.2751322751322751,0.3492063492063492,0.35978835978835977,0.373015873015873,0.29894179894179895,0.3201058201058201,0.35185185185185186,0.3148148148148148,0.31216931216931215,0.30423280423280424,0.31216931216931215,0.3306878306878307,0.30952380952380953,0.35978835978835977,0.2698412698412698,0.36507936507936506,0.31216931216931215,0.2857142857142857,0.26455026455026454,0.26455026455026454,0.30158730158730157,0.41798941798941797,0.328042328042328,0.3201058201058201,0.1931216931216931,0.3386243386243386,0.29894179894179895,0.3412698412698413,0.3253968253968254,0.41534391534391535,0.30158730158730157,0.328042328042328,0.2962962962962963,0.35185185185185186,0.3862433862433862,0.3888888888888889,0.29365079365079366,0.2328042328042328,0.25132275132275134,0.291005291005291,0.24867724867724866,0.3862433862433862,0.30687830687830686,0.3492063492063492
EAT	GG	0.3148148148148148,0.28835978835978837,0.37037037037037035,0.4312169312169312,0.3994708994708995,0.29894179894179895,0.36243386243386244,0.42328042328042326,0.2724867724867725,0.4021164021164021,0.4074074074074074,0.4021164021164021,0.3783068783068783,0.3439153439153439,0.3915343915343915,0.36772486772486773,0.4444444444444444,0.42063492063492064,0.3544973544973545,0.36243386243386244,0.31216931216931215,0.3915343915343915,0.36507936507936506,0.40476190476190477,0.16666666666666666,0.23809523809523808,0.3835978835978836,0.25132275132275134,0.20899470899470898,0.35978835978835977,0.30423280423280424,0.31216931216931215,0.36243386243386244,0.28835978835978837,0.42857142857142855,0.35185185185185186,0.3386243386243386,0.3201058201058201,0.4470899470899471,0.35978835978835977,0.30687830687830686,0.30423280423280424,0.24867724867724866,0.3253968253968254,0.38095238095238093,0.4126984126984127,0.373015873015873,0.3544973544973545,0.4312169312169312,0.3333333333333333,0.335978835978836,0.37037037037037035,0.34656084656084657,0.2619047619047619,0.3333333333333333,0.4074074074074074,0.3201058201058201,0.28835978835978837,0.36507936507936506,0.4074074074074074,0.34656084656084657,0.36243386243386244,0.2804232804232804,0.3888888888888889,0.24338624338624337,0.30423280423280424,0.3306878306878307,0.3386243386243386,0.31216931216931215,0.3915343915343915,0.26455026455026454,0.29365079365079366,0.3412698412698413,0.3492063492063492,0.3915343915343915,0.3915343915343915,0.373015873015873,0.36243386243386244,0.3412698412698413,0.4444444444444444,0.30158730158730157,0.3306878306878307,0.40476190476190477,0.2962962962962963,0.35185185185185186,0.291005291005291,0.37566137566137564,0.3835978835978836,0.41798941798941797,0.4523809523809524,0.36507936507936506,0.3306878306878307,0.41005291005291006,0.32275132275132273,0.3941798941798942,0.3915343915343915,0.3994708994708995,0.37566137566137564,0.3439153439153439,0.328042328042328
EAT	GG2	0.41005291005291006,0.37037037037037035,0.36772486772486773,0.4074074074074074,0.32275132275132273,0.373015873015873,0.28835978835978837,0.3544973544973545,0.3544973544973545,0.36772486772486773,0.4074074074074074,0.3835978835978836,0.36507936507936506,0.3148148148148148,0.335978835978836,0.4312169312169312,0.291005291005291,0.40476190476190477,0.29365079365079366,0.3862433862433862,0.3306878306878307,0.373015873015873,0.2962962962962963,0.3994708994708995,0.3333333333333333,0.3412698412698413,0.4417989417989418,0.3148148148148148,0.37566137566137564,0.3544973544973545,0.4523809523809524,0.3544973544973545,0.3544973544973545,0.36243386243386244,0.3915343915343915,0.4021164021164021,0.3333333333333333,0.38095238095238093,0.42857142857142855,0.3994708994708995,0.4312169312169312,0.373015873015873,0.30952380952380953,0.328042328042328,0.3439153439153439,0.38095238095238093,0.3968253968253968,0.35978835978835977,0.4470899470899471,0.36772486772486773,0.3201058201058201,0.3862433862433862,0.3148148148148148,0.41798941798941797,0.335978835978836,0.4417989417989418,0.3386243386243386,0.2751322751322751,0.4021164021164021,0.42063492063492064,0.2830687830687831,0.3915343915343915,0.30687830687830686,0.3439153439153439,0.3783068783068783,0.37566137566137564,0.38095238095238093,0.3915343915343915,0.46296296296296297,0.3783068783068783,0.3783068783068783,0.24867724867724866,0.4497354497354497,0.3306878306878307,0.31746031746031744,0.37037037037037035,0.41005291005291006,0.3968253968253968,0.3253968253968254,0.40476190476190477,0.37566137566137564,0.42592592592592593,0.4708994708994709,0.3386243386243386,0.30687830687830686,0.42592592592592593,0.36507936507936506,0.40476190476190477,0.335978835978836,0.34656084656084657,0.4444444444444444,0.38095238095238093,0.3968253968253968,0.2857142857142857,0.37037037037037035,0.4126984126984127,0.3888888888888889,0.4126984126984127,0.37566137566137564,0.3492063492063492
UAT	GEE	0.4400352733686067,0.3853615520282187,0.4038800705467372,0.3888888888888889,0.3201058201058201,0.45943562610229277,0.4409171075837742,0.41975308641975306,0.4444444444444444,0.4576719576719577,0.40828924162257496,0.4462081128747795,0.4576719576719577,0.3386243386243386,0.400352733686067,0.3932980599647266,0.4400352733686067,0.40652557319223986,0.3350970017636684,0.38095238095238093,0.35714285714285715,0.4056437389770723,0.2707231040564374,0.3395061728395062,0.43738977072310403,0.4929453262786596,0.43386243386243384,0.40299823633156967,0.42857142857142855,0.47530864197530864,0.38271604938271603,0.4056437389770723,0.3888888888888889,0.3765432098765432,0.4109347442680776,0.47795414462081126,0.3880070546737213,0.43562610229276894,0.4479717813051146,0.3430335097001764,0.3562610229276896,0.41975308641975306,0.4488536155202822,0.42063492063492064,0.40652557319223986,0.4382716049382716,0.4365079365079365,0.4964726631393298,0.46296296296296297,0.41181657848324515,0.4056437389770723,0.48853615520282184,0.42239858906525574,0.37742504409171074,0.3562610229276896,0.4673721340388007,0.3897707231040564,0.4409171075837742,0.4506172839506173,0.4400352733686067,0.4329805996472663,0.37742504409171074,0.4876543209876543,0.46296296296296297,0.4329805996472663,0.42239858906525574,0.445326278659612,0.42063492063492064,0.445326278659612,0.35537918871252205,0.455026455026455,0.47883597883597884,0.43033509700176364,0.445326278659612,0.36243386243386244,0.42592592592592593,0.4144620811287478,0.46825396825396826,0.31922398589065254,0.4400352733686067,0.4488536155202822,0.36067019400352734,0.36419753086419754,0.42063492063492064,0.3562610229276896,0.37389770723104054,0.46119929453262787,0.46825396825396826,0.373015873015873,0.42063492063492064,0.4021164021164021,0.43209876543209874,0.30511463844797176,0.4400352733686067,0.4144620811287478,0.49559082892416223,0.36948853615520283,0.46649029982363316,0.35978835978835977,0.41975308641975306
UAT	GNN	0.335978835978836,0.3880070546737213,0.41534391534391535,0.3968253968253968,0.2671957671957672,0.42239858906525574,0.2998236331569665,0.2619047619047619,0.34832451499118167,0.3932980599647266,0.41622574955908287,0.2742504409171076,0.4144620811287478,0.36772486772486773,0.2689594356261023,0.4074074074074074,0.35185185185185186,0.3324514991181658,0.373015873015873,0.37037037037037035,0.3765432098765432,0.3412698412698413,0.4347442680776014,0.29894179894179895,0.25573192239858905,0.4126984126984127,0.30158730158730157,0.2751322751322751,0.30246913580246915,0.3201058201058201,0.373015873015873,0.4444444444444444,0.3968253968253968,0.4012345679012346,0.345679012345679,0.3306878306878307,0.2689594356261023,0.32275132275132273,0.4109347442680776,0.3430335097001764,0.30511463844797176,0.25308641975308643,0.3932980599647266,0.30687830687830686,0.4056437389770723,0.281305114638448,0.3959435626102293,0.40299823633156967,0.3844797178130511,0.3324514991181658,0.29188712522045857,0.36596119929453264,0.4294532627865961,0.47266313932980597,0.3474426807760141,0.35802469135802467,0.3306878306878307,0.4400352733686067,0.3439153439153439,0.3932980599647266,0.373015873015873,0.31216931216931215,0.42504409171075835,0.35714285714285715,0.4126984126984127,0.38271604938271603,0.36243386243386244,0.3765432098765432,0.31922398589065254,0.31922398589065254,0.29365079365079366,0.41710758377425045,0.3835978835978836,0.4126984126984127,0.2892416225749559,0.43738977072310403,0.31040564373897706,0.42680776014109345,0.47530864197530864,0.3844797178130511,0.2768959435626102,0.31922398589065254,0.29188712522045857,0.3835978835978836,0.47178130511463845,0.38095238095238093,0.3350970017636684,0.30687830687830686,0.4488536155202822,0.41005291005291006,0.31922398589065254,0.37389770723104054,0.3333333333333333,0.3377425044091711,0.32098765432098764,0.35185185185185186,0.2892416225749559,0.41358024691358025,0.31216931216931215,0.3315696649029982
UAT	GG	0.29365079365079366,0.3915343915343915,0.41534391534391535,0.3862433862433862,0.4312169312169312,0.42857142857142855,0.41798941798941797,0.36860670194003525,0.2830687830687831,0.4126984126984127,0.3950617283950617,0.4365079365079365,0.42416225749559083,0.41358024691358025,0.373015873015873,0.4382716049382716,0.3924162257495591,0.4365079365079365,0.4514991181657848,0.35978835978835977,0.31746031746031744,0.400352733686067,0.43209876543209874,0.3994708994708995,0.27336860670194,0.3897707231040564,0.42857142857142855,0.390652557319224,0.29365079365079366,0.47971781305114636,0.40828924162257496,0.41710758377425045,0.42063492063492064,0.41358024691358025,0.3915343915343915,0.48412698412698413,0.4409171075837742,0.4638447971781305,0.4144620811287478,0.4585537918871252,0.24250440917107582,0.4312169312169312,0.445326278659612,0.3509700176366843,0.42857142857142855,0.41622574955908287,0.3783068783068783,0.46649029982363316,0.4858906525573192,0.43386243386243384,0.35361552028218696,0.48500881834215165,0.4056437389770723,0.4964726631393298,0.3994708994708995,0.41358024691358025,0.4858906525573192,0.4462081128747795,0.40828924162257496,0.4576719576719577,0.4365079365079365,0.4347442680776014,0.4144620811287478,0.41181657848324515,0.30246913580246915,0.3844797178130511,0.47883597883597884,0.5035273368606702,0.2874779541446208,0.42151675485008816,0.3148148148148148,0.4603174603174603,0.47707231040564374,0.4708994708994709,0.34656084656084657,0.37918871252204583,0.4038800705467372,0.37742504409171074,0.3818342151675485,0.43738977072310403,0.4462081128747795,0.3968253968253968,0.3544973544973545,0.31569664902998235,0.4091710758377425,0.32275132275132273,0.47178130511463845,0.4673721340388007,0.30864197530864196,0.40828924162257496,0.43738977072310403,0.35890652557319225,0.4506172839506173,0.3950617283950617,0.4479717813051146,0.4479717813051146,0.25925925925925924,0.42063492063492064,0.31393298059964725,0.3880070546737213
UAT	GG2	0.3968253968253968,0.3994708994708995,0.4620811287477954,0.3924162257495591,0.3968253968253968,0.47266313932980597,0.4294532627865961,0.4056437389770723,0.48148148148148145,0.4656084656084656,0.4294532627865961,0.5008818342151675,0.4497354497354497,0.37389770723104054,0.40299823633156967,0.42416225749559083,0.3950617283950617,0.43915343915343913,0.4365079365079365,0.4012345679012346,0.445326278659612,0.41358024691358025,0.4038800705467372,0.41622574955908287,0.42504409171075835,0.47178130511463845,0.3783068783068783,0.41005291005291006,0.3474426807760141,0.4523809523809524,0.42857142857142855,0.4365079365079365,0.4532627865961199,0.36596119929453264,0.3968253968253968,0.517636684303351,0.46649029982363316,0.4991181657848324,0.4479717813051146,0.4365079365079365,0.37213403880070545,0.41887125220458554,0.43915343915343913,0.4559082892416226,0.43209876543209874,0.4294532627865961,0.3853615520282187,0.4911816578483245,0.4567901234567901,0.4409171075837742,0.42504409171075835,0.49559082892416223,0.4056437389770723,0.4964726631393298,0.3915343915343915,0.4576719576719577,0.41181657848324515,0.4603174603174603,0.41975308641975306,0.4541446208112875,0.4523809523809524,0.4523809523809524,0.47266313932980597,0.4497354497354497,0.42328042328042326,0.4109347442680776,0.49206349206349204,0.5044091710758377,0.4012345679012346,0.4462081128747795,0.4532627865961199,0.47354497354497355,0.46825396825396826,0.46825396825396826,0.43738977072310403,0.38095238095238093,0.4126984126984127,0.3977072310405644,0.36507936507936506,0.43915343915343913,0.4638447971781305,0.41358024691358025,0.41798941798941797,0.46649029982363316,0.49382716049382713,0.3985890652557319,0.46119929453262787,0.46825396825396826,0.4488536155202822,0.4488536155202822,0.4638447971781305,0.3985890652557319,0.41887125220458554,0.3950617283950617,0.42239858906525574,0.48853615520282184,0.3712522045855379,0.46472663139329806,0.41181657848324515,0.4576719576719577
Wiki	GEE	0.21723834652594548,0.2075637642919965,0.2546174142480211,0.1864555848724714,0.2264731750219877,0.32409850483729113,0.24934036939313983,0.23878627968337732,0.18865435356200527,0.2264731750219877,0.22911169744942833,0.31354441512752856,0.2959542656112577,0.2339489885664028,0.1961301671064204,0.23526824978012312,0.2198768689533861,0.18161829375549693,0.2510993843447669,0.2264731750219877,0.3381706244503078,0.3113456464379947,0.18865435356200527,0.20844327176781002,0.28188214599824096,0.28232189973614774,0.30123131046613894,0.19525065963060687,0.306948109058927,0.29463500439753737,0.17458223394898856,0.22427440633245382,0.2515391380826737,0.1882145998240985,0.3355321020228672,0.2862796833773087,0.24890061565523308,0.3113456464379947,0.297273526824978,0.20316622691292877,0.2594547053649956,0.23790677220756376,0.22955145118733508,0.18601583113456466,0.18997361477572558,0.22867194371152155,0.26561125769569044,0.2233948988566403,0.22251539138082674,0.2955145118733509,0.26649076517150394,0.32673702726473175,0.2198768689533861,0.2906772207563764,0.2075637642919965,0.31706244503078274,0.20184696569920843,0.21635883905013192,0.3021108179419525,0.19656992084432717,0.2752858399296394,0.27616534740545295,0.25065963060686014,0.18953386103781883,0.26824978012313105,0.322339489885664,0.2040457343887423,0.21767810026385223,0.23922603342128407,0.2247141600703606,0.17941952506596306,0.19744942832014073,0.30299032541776605,0.3021108179419525,0.22207563764291996,0.22911169744942833,0.24714160070360597,0.21152154793315744,0.24714160070360597,0.23790677220756376,0.19085312225153914,0.18249780123131046,0.26517150395778366,0.21723834652594548,0.21635883905013192,0.2510993843447669,0.24890061565523308,0.3021108179419525,0.322339489885664,0.23131046613896217,0.2963940193491645,0.167985927880387,0.18337730870712401,0.2541776605101143,0.23922603342128407,0.2717678100263852,0.19525065963060687,0.22163588390501318,0.19085312225153914,0.24318381706244502
Wiki	GNN	0.2102022867194371,0.2638522427440633,0.24406332453825857,0.23966578715919085,0.27924362357080035,0.2612137203166227,0.21723834652594548,0.2594547053649956,0.23087071240105542,0.23482849604221637,0.22735268249780125,0.262532981530343,0.24538258575197888,0.23790677220756376,0.21899736147757257,0.20316622691292877,0.21635883905013192,0.25549692172383465,0.202726473175022,0.25725593667546176,0.20448548812664907,0.2022867194371152,0.20492524186455585,0.24934036939313983,0.2343887423043096,0.2167985927880387,0.21108179419525067,0.2198768689533861,0.2357080035180299,0.17766051011433598,0.256816182937555,0.2357080035180299,0.19788918205804748,0.19700967458223395,0.23526824978012312,0.19656992084432717,0.16842568161829374,0.22295514511873352,0.2678100263852243,0.1917326297273527,0.2088830255057168,0.15083553210202286,0.23218997361477572,0.26077396657871593,0.25285839929639403,0.2260334212840809,0.18777484608619174,0.21108179419525067,0.19788918205804748,0.20008795074758134,0.21416007036059806,0.218117854001759,0.2022867194371152,0.20976253298153033,0.2343887423043096,0.227792436235708,0.23175021987686895,0.27924362357080035,0.21416007036059806,0.2669305189094107,0.23218997361477572,0.24890061565523308,0.20360598065083554,0.21899736147757257,0.22075637642919965,0.2515391380826737,0.29243623570800353,0.1917326297273527,0.24318381706244502,0.20008795074758134,0.2418645558487247,0.20448548812664907,0.22823218997361477,0.2497801231310466,0.20448548812664907,0.22119613016710643,0.16226912928759896,0.23922603342128407,0.20536499560246263,0.21240105540897097,0.16094986807387862,0.27880386983289357,0.2598944591029024,0.2009674582233949,0.18469656992084432,0.24670184696569922,0.2075637642919965,0.2343887423043096,0.24318381706244502,0.16402814423922604,0.2673702726473175,0.24142480211081793,0.23306948109058928,0.22691292875989447,0.2185576077396658,0.21284080914687775,0.17370272647317503,0.20712401055408972,0.20140721196130168,0.21240105540897097
Wiki	GG	0.3496042216358839,0.3627968337730871,0.3245382585751979,0.32189973614775724,0.3623570800351803,0.32058047493403696,0.2805628847845207,0.376429199648197,0.2832014072119613,0.3333333333333333,0.26077396657871593,0.335971855760774,0.35356200527704484,0.3232189973614776,0.297273526824978,0.28671943711521547,0.36895338610378187,0.3311345646437995,0.3245382585751979,0.3605980650835532,0.3909410729991205,0.33729111697449426,0.3289357959542656,0.31926121372031663,0.2955145118733509,0.3232189973614776,0.34432717678100266,0.3460861917326297,0.30035180299032543,0.3131046613896218,0.3258575197889182,0.34256816182937555,0.3605980650835532,0.3232189973614776,0.3619173262972735,0.30914687774846084,0.3254177660510114,0.29331574318381703,0.36631486367634125,0.4102902374670185,0.28188214599824096,0.27616534740545295,0.3438874230430959,0.27792436235708,0.34784520668425684,0.30562884784520666,0.3051890941072999,0.34080914687774844,0.33729111697449426,0.31926121372031663,0.35883905013192613,0.3623570800351803,0.3289357959542656,0.29683377308707126,0.34300791556728233,0.32629727352682497,0.33992963940193494,0.31706244503078274,0.34432717678100266,0.3368513632365875,0.3038698328935796,0.3087071240105541,0.28671943711521547,0.29507475813544415,0.3210202286719437,0.31838170624450307,0.29991204925241866,0.34080914687774844,0.32189973614775724,0.2849604221635884,0.31574318381706246,0.29771328056288476,0.3311345646437995,0.341688654353562,0.33729111697449426,0.34872471416007034,0.31090589270008795,0.3526824978012313,0.2770448548812665,0.3702726473175022,0.27924362357080035,0.3482849604221636,0.3289357959542656,0.32189973614775724,0.3337730870712401,0.3175021987686895,0.28100263852242746,0.3575197889182058,0.32849604221635886,0.32497801231310464,0.3175021987686895,0.3390501319261214,0.3016710642040457,0.34212840809146877,0.32058047493403696,0.35576077396657874,0.3100263852242744,0.32058047493403696,0.2594547053649956,0.3368513632365875
Wiki	GG2	0.3289357959542656,0.31838170624450307,0.3144239226033421,0.30474934036939316,0.3438874230430959,0.3289357959542656,0.2752858399296394,0.3381706244503078,0.2436235708003518,0.27660510114335973,0.2418645558487247,0.30035180299032543,0.32058047493403696,0.32189973614775724,0.3122251539138083,0.2770448548812665,0.2594547053649956,0.32145998240985046,0.33773087071240104,0.30782761653474056,0.34564643799472294,0.341688654353562,0.35576077396657874,0.29331574318381703,0.2854001759014952,0.27396657871591906,0.3324538258575198,0.3605980650835532,0.2638522427440633,0.2669305189094107,0.2801231310466139,0.31882145998240985,0.28144239226033424,0.29683377308707126,0.3482849604221636,0.2827616534740545,0.32365875109938436,0.2612137203166227,0.32497801231310464,0.3491644678979771,0.28188214599824096,0.27792436235708,0.3144239226033421,0.2783641160949868,0.2827616534740545,0.33157431838170626,0.3095866314863676,0.29991204925241866,0.335971855760774,0.272207563764292,0.26868953386103783,0.2963940193491645,0.306948109058927,0.2884784520668426,0.29815303430079154,0.34432717678100266,0.3065083553210202,0.2911169744942832,0.30035180299032543,0.26561125769569044,0.29243623570800353,0.3175021987686895,0.27352682497801234,0.2264731750219877,0.32365875109938436,0.33289357959542654,0.2559366754617414,0.29771328056288476,0.3289357959542656,0.2537379067722076,0.3038698328935796,0.28715919085312225,0.3051890941072999,0.3518029903254178,0.27792436235708,0.34520668425681617,0.31354441512752856,0.30562884784520666,0.26868953386103783,0.32937554969217236,0.2620932277924362,0.3043095866314864,0.31882145998240985,0.28979771328056286,0.30914687774846084,0.30035180299032543,0.3113456464379947,0.3386103781882146,0.35356200527704484,0.3197009674582234,0.28408091468777485,0.28232189973614774,0.2911169744942832,0.3117854001759015,0.3117854001759015,0.3482849604221636,0.3197009674582234,0.2858399296394019,0.29815303430079154,0.3280562884784521
Gene	GEE	0.5639312977099237,0.5820610687022901,0.5925572519083969,0.5954198473282443,0.6106870229007634,0.4761450381679389,0.5811068702290076,0.583969465648855,0.5963740458015268,0.583969465648855,0.5982824427480916,0.6001908396946565,0.5553435114503816,0.5562977099236641,0.4847328244274809,0.4627862595419847,0.5811068702290076,0.5877862595419847,0.6068702290076335,0.5944656488549618,0.6001908396946565,0.5811068702290076,0.5543893129770993,0.607824427480916,0.5954198473282443,0.5973282442748091,0.6001908396946565,0.5944656488549618,0.5448473282442748,0.5963740458015268,0.6068702290076335,0.5448473282442748,0.5677480916030534,0.5982824427480916,0.6001908396946565,0.625,0.5868320610687023,0.6020992366412213,0.6087786259541985,0.4580152671755725,0.6106870229007634,0.5868320610687023,0.6030534351145038,0.5877862595419847,0.4847328244274809,0.5982824427480916,0.5801526717557252,0.5944656488549618,0.5019083969465649,0.5725190839694656,0.5963740458015268,0.5858778625954199,0.5944656488549618,0.6001908396946565,0.5877862595419847,0.5868320610687023,0.4961832061068702,0.6040076335877863,0.5925572519083969,0.4961832061068702,0.5801526717557252,0.5973282442748091,0.6125954198473282,0.4866412213740458,0.583969465648855,0.5744274809160306,0.5811068702290076,0.6059160305343512,0.5973282442748091,0.5858778625954199,0.5858778625954199,0.5763358778625954,0.5877862595419847,0.6030534351145038,0.5954198473282443,0.5916030534351145,0.5477099236641222,0.583969465648855,0.5944656488549618,0.6068702290076335,0.583969465648855,0.6030534351145038,0.6049618320610687,0.4952290076335878,0.44083969465648853,0.5982824427480916,0.6049618320610687,0.5944656488549618,0.6269083969465649,0.5916030534351145,0.601145038167939,0.5782442748091603,0.6020992366412213,0.5830152671755725,0.5305343511450382,0.5696564885496184,0.48854961832061067,0.5849236641221374,0.4685114503816794,0.5801526717557252
Gene	GNN	0.6164122137404581,0.5782442748091603,0.46469465648854963,0.48377862595419846,0.4570610687022901,0.45229007633587787,0.47900763358778625,0.5648854961832062,0.4761450381679389,0.5849236641221374,0.46469465648854963,0.4599236641221374,0.4866412213740458,0.5076335877862596,0.5801526717557252,0.5648854961832062,0.5601145038167938,0.5791984732824428,0.5114503816793893,0.4666030534351145,0.46087786259541985,0.4751908396946565,0.5896946564885496,0.5543893129770993,0.5333969465648855,0.5944656488549618,0.6068702290076335,0.4627862595419847,0.5696564885496184,0.5305343511450382,0.4904580152671756,0.575381679389313,0.5725190839694656,0.5085877862595419,0.46469465648854963,0.47423664122137404,0.4303435114503817,0.5763358778625954,0.4570610687022901,0.5715648854961832,0.5925572519083969,0.5419847328244275,0.6001908396946565,0.5782442748091603,0.5591603053435115,0.43797709923664124,0.47423664122137404,0.5114503816793893,0.4723282442748092,0.6001908396946565,0.4675572519083969,0.5696564885496184,0.6116412213740458,0.5763358778625954,0.5591603053435115,0.4618320610687023,0.5715648854961832,0.49713740458015265,0.4751908396946565,0.5963740458015268,0.5725190839694656,0.6145038167938931,0.6001908396946565,0.4723282442748092,0.4446564885496183,0.47900763358778625,0.46946564885496184,0.6145038167938931,0.4666030534351145,0.5916030534351145,0.45133587786259544,0.5038167938931297,0.5362595419847328,0.5935114503816794,0.49427480916030536,0.48377862595419846,0.5801526717557252,0.5133587786259542,0.4627862595419847,0.5849236641221374,0.44083969465648853,0.5706106870229007,0.4751908396946565,0.4961832061068702,0.48282442748091603,0.583969465648855,0.5744274809160306,0.5782442748091603,0.4265267175572519,0.5009541984732825,0.6068702290076335,0.5658396946564885,0.4255725190839695,0.5114503816793893,0.5229007633587787,0.4446564885496183,0.5458015267175572,0.5868320610687023,0.5925572519083969,0.4770992366412214
Gene	GG	0.49713740458015265,0.5572519083969466,0.5925572519083969,0.4847328244274809,0.5286259541984732,0.5448473282442748,0.5687022900763359,0.6059160305343512,0.5954198473282443,0.5477099236641222,0.523854961832061,0.5562977099236641,0.5963740458015268,0.5820610687022901,0.45038167938931295,0.4551526717557252,0.601145038167939,0.5047709923664122,0.44751908396946566,0.44561068702290074,0.5534351145038168,0.5047709923664122,0.3893129770992366,0.5009541984732825,0.5286259541984732,0.5429389312977099,0.5772900763358778,0.5706106870229007,0.5133587786259542,0.5916030534351145,0.5,0.5601145038167938,0.5209923664122137,0.5143129770992366,0.601145038167939,0.517175572519084,0.4866412213740458,0.5458015267175572,0.5887404580152672,0.5400763358778626,0.49904580152671757,0.5400763358778626,0.5076335877862596,0.5906488549618321,0.5391221374045801,0.5935114503816794,0.5314885496183206,0.5133587786259542,0.5591603053435115,0.4856870229007634,0.5896946564885496,0.4570610687022901,0.5715648854961832,0.5543893129770993,0.48759541984732824,0.49904580152671757,0.5391221374045801,0.5057251908396947,0.5543893129770993,0.4389312977099237,0.5038167938931297,0.5534351145038168,0.5820610687022901,0.5572519083969466,0.4599236641221374,0.4570610687022901,0.5725190839694656,0.49904580152671757,0.5343511450381679,0.5677480916030534,0.4360687022900763,0.5543893129770993,0.5124045801526718,0.6154580152671756,0.4551526717557252,0.5505725190839694,0.5124045801526718,0.541030534351145,0.5038167938931297,0.5143129770992366,0.5,0.5057251908396947,0.5954198473282443,0.5562977099236641,0.5038167938931297,0.5944656488549618,0.5114503816793893,0.549618320610687,0.5190839694656488,0.5534351145038168,0.6040076335877863,0.5333969465648855,0.5257633587786259,0.5677480916030534,0.4933206106870229,0.5,0.541030534351145,0.5085877862595419,0.5248091603053435,0.5381679389312977
Gene	GG2	0.5219465648854962,0.5543893129770993,0.5801526717557252,0.5085877862595419,0.5190839694656488,0.6040076335877863,0.5687022900763359,0.6059160305343512,0.5963740458015268,0.5324427480916031,0.5276717557251909,0.5505725190839694,0.5944656488549618,0.5601145038167938,0.5248091603053435,0.49427480916030536,0.583969465648855,0.5190839694656488,0.5791984732824428,0.6049618320610687,0.5858778625954199,0.5124045801526718,0.4666030534351145,0.549618320610687,0.5553435114503816,0.5801526717557252,0.6030534351145038,0.5744274809160306,0.5687022900763359,0.5896946564885496,0.607824427480916,0.5333969465648855,0.5353053435114504,0.5295801526717557,0.6087786259541985,0.5687022900763359,0.5486641221374046,0.5458015267175572,0.5458015267175572,0.5038167938931297,0.5162213740458015,0.5057251908396947,0.5257633587786259,0.5916030534351145,0.5400763358778626,0.5248091603053435,0.5353053435114504,0.5419847328244275,0.5591603053435115,0.5276717557251909,0.5906488549618321,0.5381679389312977,0.5763358778625954,0.5477099236641222,0.5028625954198473,0.5,0.5248091603053435,0.5362595419847328,0.5610687022900763,0.5448473282442748,0.5458015267175572,0.5505725190839694,0.5877862595419847,0.566793893129771,0.5276717557251909,0.5916030534351145,0.5925572519083969,0.5028625954198473,0.5219465648854962,0.5696564885496184,0.5257633587786259,0.5229007633587787,0.5152671755725191,0.5591603053435115,0.6030534351145038,0.5505725190839694,0.5267175572519084,0.5543893129770993,0.5181297709923665,0.5744274809160306,0.5276717557251909,0.5333969465648855,0.5562977099236641,0.5715648854961832,0.4780534351145038,0.5782442748091603,0.5229007633587787,0.5629770992366412,0.5009541984732825,0.558206106870229,0.5896946564885496,0.5267175572519084,0.5181297709923665,0.5706106870229007,0.5458015267175572,0.5229007633587787,0.5448473282442748,0.5858778625954199,0.5114503816793893,0.5229007633587787
IIP	GEE	0.3446601941747573,0.33980582524271846,0.32038834951456313,0.30097087378640774,0.2524271844660194,0.5776699029126213,0.6213592233009708,0.2621359223300971,0.4854368932038835,0.39805825242718446,0.587378640776699,0.3446601941747573,0.6504854368932039,0.5728155339805825,0.6019417475728155,0.5776699029126213,0.6262135922330098,0.6019417475728155,0.5970873786407767,0.23300970873786409,0.5097087378640777,0.6262135922330098,0.3300970873786408,0.5533980582524272,0.18932038834951456,0.3058252427184466,0.27184466019417475,0.529126213592233,0.3155339805825243,0.441747572815534,0.22815533980582525,0.4320388349514563,0.2912621359223301,0.5631067961165048,0.3592233009708738,0.24271844660194175,0.5679611650485437,0.6067961165048543,0.32524271844660196,0.3446601941747573,0.5339805825242718,0.6067961165048543,0.22815533980582525,0.33495145631067963,0.5485436893203883,0.5728155339805825,0.3786407766990291,0.2087378640776699,0.2961165048543689,0.18446601941747573,0.5922330097087378,0.5776699029126213,0.23300970873786409,0.24271844660194175,0.34951456310679613,0.2766990291262136,0.2621359223300971,0.3300970873786408,0.45145631067961167,0.49029126213592233,0.3592233009708738,0.33495145631067963,0.30097087378640774,0.49029126213592233,0.5776699029126213,0.2621359223300971,0.2912621359223301,0.5679611650485437,0.587378640776699,0.3786407766990291,0.3300970873786408,0.5922330097087378,0.22330097087378642,0.616504854368932,0.23786407766990292,0.2961165048543689,0.24757281553398058,0.5728155339805825,0.3300970873786408,0.5242718446601942,0.22330097087378642,0.5339805825242718,0.27184466019417475,0.32038834951456313,0.5825242718446602,0.558252427184466,0.558252427184466,0.24757281553398058,0.6262135922330098,0.2087378640776699,0.36893203883495146,0.5097087378640777,0.28640776699029125,0.2524271844660194,0.25728155339805825,0.5825242718446602,0.441747572815534,0.3300970873786408,0.41262135922330095,0.27184466019417475
IIP	GNN	0.5339805825242718,0.27184466019417475,0.4563106796116505,0.5,0.4077669902912621,0.42718446601941745,0.4077669902912621,0.5145631067961165,0.5631067961165048,0.47572815533980584,0.5825242718446602,0.5631067961165048,0.5679611650485437,0.3640776699029126,0.49029126213592233,0.46116504854368934,0.5436893203883495,0.41262135922330095,0.529126213592233,0.4563106796116505,0.5485436893203883,0.5679611650485437,0.5048543689320388,0.5922330097087378,0.5970873786407767,0.5485436893203883,0.5097087378640777,0.5194174757281553,0.5048543689320388,0.470873786407767,0.4077669902912621,0.42718446601941745,0.39805825242718446,0.558252427184466,0.5097087378640777,0.5631067961165048,0.5242718446601942,0.5631067961165048,0.5436893203883495,0.5485436893203883,0.5970873786407767,0.4854368932038835,0.5728155339805825,0.4029126213592233,0.5728155339805825,0.5922330097087378,0.5339805825242718,0.5631067961165048,0.48058252427184467,0.5679611650485437,0.6019417475728155,0.49514563106796117,0.5097087378640777,0.6067961165048543,0.6067961165048543,0.5097087378640777,0.5145631067961165,0.529126213592233,0.45145631067961167,0.4320388349514563,0.5679611650485437,0.4320388349514563,0.41262135922330095,0.48058252427184467,0.5776699029126213,0.6019417475728155,0.4368932038834951,0.5194174757281553,0.5728155339805825,0.34951456310679613,0.441747572815534,0.3300970873786408,0.5194174757281553,0.587378640776699,0.3932038834951456,0.46116504854368934,0.5728155339805825,0.5922330097087378,0.6116504854368932,0.5922330097087378,0.2766990291262136,0.5728155339805825,0.6310679611650486,0.6407766990291263,0.6067961165048543,0.49029126213592233,0.5436893203883495,0.5679611650485437,0.5825242718446602,0.587378640776699,0.5242718446601942,0.5242718446601942,0.5631067961165048,0.5,0.5388349514563107,0.5097087378640777,0.5339805825242718,0.5776699029126213,0.5776699029126213,0.5436893203883495
IIP	GG	0.616504854368932,0.5825242718446602,0.587378640776699,0.49029126213592233,0.5728155339805825,0.5388349514563107,0.6019417475728155,0.27184466019417475,0.5048543689320388,0.32524271844660196,0.5388349514563107,0.5776699029126213,0.5,0.5776699029126213,0.49514563106796117,0.587378640776699,0.5,0.4077669902912621,0.587378640776699,0.27184466019417475,0.5825242718446602,0.5048543689320388,0.616504854368932,0.5776699029126213,0.5825242718446602,0.558252427184466,0.46116504854368934,0.6262135922330098,0.529126213592233,0.6019417475728155,0.5436893203883495,0.33980582524271846,0.5097087378640777,0.441747572815534,0.6407766990291263,0.5776699029126213,0.5825242718446602,0.616504854368932,0.5194174757281553,0.558252427184466,0.5922330097087378,0.5485436893203883,0.6310679611650486,0.470873786407767,0.45145631067961167,0.5970873786407767,0.5436893203883495,0.3106796116504854,0.49029126213592233,0.5,0.5776699029126213,0.5194174757281553,0.4368932038834951,0.39805825242718446,0.5970873786407767,0.3932038834951456,0.616504854368932,0.6796116504854369,0.5533980582524272,0.5,0.33495145631067963,0.6359223300970874,0.27184466019417475,0.5533980582524272,0.5388349514563107,0.5097087378640777,0.3737864077669903,0.5679611650485437,0.441747572815534,0.5776699029126213,0.48058252427184467,0.5097087378640777,0.3932038834951456,0.5194174757281553,0.587378640776699,0.46601941747572817,0.4563106796116505,0.2621359223300971,0.5533980582524272,0.3155339805825243,0.5436893203883495,0.5970873786407767,0.42718446601941745,0.33495145631067963,0.4563106796116505,0.46116504854368934,0.6116504854368932,0.4320388349514563,0.5922330097087378,0.20388349514563106,0.587378640776699,0.5970873786407767,0.5825242718446602,0.5436893203883495,0.44660194174757284,0.616504854368932,0.6116504854368932,0.6262135922330098,0.48058252427184467,0.35436893203883496
IIP	GG2	0.5533980582524272,0.616504854368932,0.3446601941747573,0.2815533980582524,0.3446601941747573,0.5,0.6067961165048543,0.2766990291262136,0.42718446601941745,0.470873786407767,0.5436893203883495,0.3786407766990291,0.41262135922330095,0.5776699029126213,0.5436893203883495,0.5485436893203883,0.5194174757281553,0.587378640776699,0.36893203883495146,0.2766990291262136,0.5339805825242718,0.5194174757281553,0.4174757281553398,0.3737864077669903,0.3640776699029126,0.4320388349514563,0.27184466019417475,0.41262135922330095,0.5485436893203883,0.6019417475728155,0.44660194174757284,0.34951456310679613,0.3640776699029126,0.4854368932038835,0.558252427184466,0.3932038834951456,0.5533980582524272,0.5194174757281553,0.5388349514563107,0.5436893203883495,0.5048543689320388,0.558252427184466,0.35436893203883496,0.38349514563106796,0.3640776699029126,0.5,0.5436893203883495,0.441747572815534,0.3446601941747573,0.41262135922330095,0.558252427184466,0.5485436893203883,0.3300970873786408,0.4320388349514563,0.5825242718446602,0.3446601941747573,0.3058252427184466,0.4320388349514563,0.441747572815534,0.4854368932038835,0.3592233009708738,0.5339805825242718,0.2912621359223301,0.41262135922330095,0.5097087378640777,0.38349514563106796,0.3446601941747573,0.5388349514563107,0.4029126213592233,0.4368932038834951,0.39805825242718446,0.41262135922330095,0.3058252427184466,0.5485436893203883,0.23300970873786409,0.48058252427184467,0.3786407766990291,0.5728155339805825,0.32038834951456313,0.3737864077669903,0.3786407766990291,0.45145631067961167,0.33495145631067963,0.34951456310679613,0.42718446601941745,0.5388349514563107,0.529126213592233,0.25728155339805825,0.5436893203883495,0.5194174757281553,0.4563106796116505,0.5388349514563107,0.5388349514563107,0.3932038834951456,0.3737864077669903,0.5825242718446602,0.3155339805825243,0.5922330097087378,0.38349514563106796,0.3446601941747573
lastfm	GEE	0.3214483139856274,0.3377556661138751,0.3524046434494196,0.3302929795467109,0.18891652846876728,0.35751796572692096,0.34369817578772804,0.37658927584300717,0.26851851851851855,0.3605583195135434,0.34577114427860695,0.3666390270867883,0.35558319513543396,0.32863460475400774,0.2990602542841349,0.32863460475400774,0.3341625207296849,0.32669983416252074,0.30472636815920395,0.3302929795467109,0.3685737976782753,0.2997512437810945,0.3525428413488115,0.32628524046434493,0.35848535102266443,0.36843559977888335,0.33803206191265894,0.33305693753454946,0.3414870093974572,0.3539248203427308,0.31094527363184077,0.34563294637921504,0.2996130458817026,0.3591763405196241,0.3524046434494196,0.3561359867330017,0.31785516860143725,0.38032061912658927,0.3453565505804312,0.3023770038695412,0.35655058043117743,0.3232448866777225,0.32296849087893864,0.3150912106135987,0.3345771144278607,0.22139303482587064,0.35945273631840796,0.359314538419016,0.35185185185185186,0.35655058043117743,0.3543394140409066,0.3597291321171918,0.3193753454947485,0.3193753454947485,0.3421779988944168,0.3736871199557767,0.29850746268656714,0.33996683250414594,0.33360972913211717,0.3428689883913765,0.31039248203427305,0.3524046434494196,0.35903814262023215,0.34618573797678276,0.3504698728579326,0.32531785516860146,0.3005804311774461,0.2037037037037037,0.32407407407407407,0.3511608623548922,0.3591763405196241,0.30597014925373134,0.2940851299060254,0.33236594803758984,0.3439745715865119,0.355444997236042,0.34881149806522943,0.3524046434494196,0.3547540077390824,0.3472913211719182,0.374930901050304,0.33720287451630737,0.376865671641791,0.3327805417357656,0.3579325594250967,0.32545605306799336,0.31978993919292426,0.3410724156992814,0.34618573797678276,0.15796019900497513,0.332089552238806,0.34245439469320066,0.35461580983969043,0.36898839137645106,0.3579325594250967,0.32034273079049197,0.3427307904919845,0.2701768933112217,0.3250414593698176,0.3559977888336097
lastfm	GNN	0.4584024322830293,0.43642896627971256,0.42468214483139854,0.4152846876727474,0.4025704809286899,0.4767827529021559,0.38170259812050855,0.4368435599778883,0.45149253731343286,0.42661691542288555,0.44582642343836376,0.4639303482587065,0.44859038142620233,0.4085129906025428,0.48935876174682147,0.412106135986733,0.4571586511885019,0.42606412382531783,0.45245992260917633,0.47388059701492535,0.480514096185738,0.45992260917634054,0.42081260364842454,0.4517689331122167,0.43587617468214485,0.41238253178551687,0.40201768933112214,0.42786069651741293,0.4295190713101161,0.42219458264234383,0.4031232725262576,0.42468214483139854,0.3694029850746269,0.4325594250967385,0.45632946379215034,0.4262023217247098,0.41321171918186844,0.42827529021558874,0.4013266998341625,0.4343559977888336,0.4601990049751244,0.41611387506909897,0.44223327805417356,0.4425096738529574,0.4646213377556661,0.4248203427307905,0.47526257600884464,0.4371199557766722,0.40989496959646216,0.3864013266998342,0.4613045881702598,0.45688225538971805,0.3653952459922609,0.4560530679933665,0.455085682697623,0.3917910447761194,0.40367606412382534,0.4357379767827529,0.4273079049198452,0.41887783305693754,0.4425096738529574,0.46420674405749035,0.39096185737976785,0.41804864566058597,0.47705914870093974,0.4300718629076838,0.3785240464344942,0.42219458264234383,0.48521282476506356,0.3978717523493643,0.49695964621337757,0.4230237700386954,0.4262023217247098,0.3946932006633499,0.46310116086235487,0.37741846323935874,0.40754560530679934,0.3998065229408513,0.47429519071310117,0.4371199557766722,0.4575732448866777,0.46102819237147596,0.42896627971254836,0.439469320066335,0.4483139856274185,0.3826699834162521,0.39538419016030957,0.3895798783858485,0.4286898839137645,0.45619126589275844,0.4749861802100608,0.41404090657822,0.4033996683250415,0.42647871752349364,0.4273079049198452,0.3870923161967938,0.4262023217247098,0.46006080707573244,0.42882808181315646,0.43269762299613046
lastfm	GG	0.5411829740187949,0.5432559425096739,0.529159756771697,0.5323383084577115,0.5891376451077943,0.5323383084577115,0.5143725815367607,0.5368988391376451,0.5778054173576561,0.5127142067440575,0.5127142067440575,0.5283305693753455,0.5501658374792703,0.5353786622443338,0.5219734660033167,0.46475953565505806,0.5374516307352128,0.5493366500829188,0.5298507462686567,0.556522940851299,0.5519624101713654,0.5599778883360973,0.48756218905472637,0.49737423991155333,0.5153399668325042,0.5592868988391376,0.5916252072968491,0.5461580983969043,0.5653676064123825,0.5519624101713654,0.5359314538419016,0.5486456605859591,0.4986180210060807,0.5049751243781094,0.5008291873963516,0.5204532891100055,0.539110005527916,0.5304035378662244,0.5827805417357657,0.5668877833056938,0.5543117744610282,0.5686843559977889,0.5729684908789386,0.544914317302377,0.5308181315644003,0.5504422332780542,0.5179657269209508,0.5870646766169154,0.5440851299060254,0.5609452736318408,0.5518242122719734,0.5475400773908237,0.5049751243781094,0.4897733554449972,0.5146489773355445,0.5299889441680486,0.5319237147595357,0.5044223327805417,0.5518242122719734,0.5208678828081813,0.5324765063571034,0.5521006080707573,0.5491984521835268,0.5230790491984522,0.5523770038695411,0.5305417357656164,0.527363184079602,0.5306799336650083,0.5165837479270315,0.5135433941404091,0.5443615257048093,0.5304035378662244,0.5432559425096739,0.5751796572692095,0.515616362631288,0.5475400773908237,0.5451907131011609,0.5298507462686567,0.5532061912658928,0.525290215588723,0.5632946379215036,0.4957158651188502,0.5695135433941404,0.5022111663902709,0.5279159756771697,0.5185185185185185,0.5114704256495302,0.5491984521835268,0.5147871752349364,0.5641238253178552,0.5550027639579879,0.5346876727473743,0.5261194029850746,0.560668877833057,0.5438087341072416,0.5055279159756771,0.5592868988391376,0.5182421227197347,0.49281370923161966,0.4684908789386401
lastfm	GG2	0.5482310668877833,0.5446379215035931,0.49364289662797123,0.5185185185185185,0.5157545605306799,0.5328911000552792,0.5168601437258153,0.5076008844665562,0.533167495854063,0.5344112769485904,0.4748479823106689,0.48659480375898284,0.5049751243781094,0.486318407960199,0.48714759535655056,0.43725815367606413,0.521420674405749,0.5346876727473743,0.513819789939193,0.5610834715312327,0.47001105583195135,0.5414593698175788,0.4465174129353234,0.4494195688225539,0.5482310668877833,0.5425649530127142,0.4830016583747927,0.4532891100055279,0.5236318407960199,0.5591487009397457,0.49018794914317304,0.5344112769485904,0.5005527915975677,0.5360696517412935,0.5096738529574351,0.4669707020453289,0.5255666113875069,0.4778883360972913,0.5414593698175788,0.5181039248203427,0.5204532891100055,0.5407683803206191,0.5529297954671089,0.504007739082366,0.4900497512437811,0.47429519071310117,0.4695964621337756,0.5688225538971807,0.5509950248756219,0.4975124378109453,0.49267551133222776,0.5270867882808181,0.4900497512437811,0.4823106688778331,0.5015201768933112,0.5225262576008844,0.5157545605306799,0.5005527915975677,0.5297125483692647,0.5009673852957435,0.5055279159756771,0.4937810945273632,0.4758153676064124,0.48700939745715865,0.5182421227197347,0.5504422332780542,0.4658651188501935,0.4404367053620785,0.5444997236042012,0.4734660033167496,0.5382808181315644,0.5192095080154782,0.513681592039801,0.5678551686014373,0.4906025428413488,0.5509950248756219,0.5280541735765616,0.539110005527916,0.5375898286346048,0.4937810945273632,0.5248756218905473,0.4966832504145937,0.5396627971254837,0.5228026533996684,0.4693200663349917,0.49889441680486457,0.4292426755113322,0.544914317302377,0.5034549474847982,0.5245992260917635,0.5598396904367053,0.4708402432283029,0.4693200663349917,0.5457435046987286,0.4966832504145937,0.5071862907683803,0.5046987285793256,0.4910171365395246,0.5147871752349364,0.4904643449419569
polblogs	GEE	0.7609630266552021,0.7171109200343938,0.7497850386930353,0.7231298366294067,0.8366294067067928,0.7162510748065348,0.7386070507308684,0.6225279449699054,0.6835769561478934,0.766122098022356,0.7798796216680998,0.7257093723129837,0.7558039552880481,0.6646603611349957,0.7351676698194325,0.7583834909716252,0.710232158211522,0.7583834909716252,0.7128116938950989,0.7343078245915735,0.7360275150472915,0.5950128976784179,0.7128116938950989,0.6689595872742906,0.6809974204643164,0.7351676698194325,0.708512467755804,0.7136715391229579,0.7678417884780739,0.7626827171109201,0.7566638005159071,0.6913155631986242,0.6680997420464316,0.7153912295786758,0.7738607050730868,0.8151332760103182,0.710232158211522,0.7377472055030094,0.6938950988822012,0.8125537403267412,0.6990541702493551,0.7239896818572656,0.7196904557179707,0.7704213241616509,0.6981943250214961,0.6913155631986242,0.6190885640584695,0.6956147893379192,0.7747205503009458,0.7730008598452278,0.7153912295786758,0.8108340498710233,0.7214101461736887,0.7678417884780739,0.6706792777300086,0.6354256233877902,0.6732588134135855,0.710232158211522,0.6870163370593293,0.7188306104901118,0.7515047291487532,0.7067927773000859,0.6766981943250215,0.7558039552880481,0.6380051590713671,0.7351676698194325,0.7334479793637145,0.8572656921754084,0.70335339638865,0.6741186586414445,0.7222699914015477,0.5950128976784179,0.7687016337059329,0.7179707652622528,0.6345657781599312,0.7566638005159071,0.8589853826311264,0.7076526225279449,0.6371453138435081,0.6904557179707652,0.8030954428202923,0.6947549441100602,0.7575236457437661,0.7815993121238177,0.7437661220980224,0.6311263972484953,0.7962166809974205,0.648323301805675,0.7721410146173688,0.7360275150472915,0.7420464316423044,0.7386070507308684,0.7626827171109201,0.7343078245915735,0.6956147893379192,0.6629406706792778,0.6913155631986242,0.7678417884780739,0.7179707652622528,0.6930352536543423
polblogs	GNN	0.8452278589853827,0.6741186586414445,0.6766981943250215,0.8177128116938951,0.6036113499570077,0.5253654342218401,0.4995700773860705,0.8916595012897678,0.6930352536543423,0.70335339638865,0.7119518486672399,0.705073086844368,0.7678417884780739,0.8151332760103182,0.7325881341358556,0.7368873602751504,0.5434221840068788,0.7532244196044712,0.7153912295786758,0.7248495270851246,0.7325881341358556,0.6655202063628547,0.6818572656921754,0.8108340498710233,0.6302665520206363,0.8564058469475494,0.8022355975924333,0.6423043852106621,0.7575236457437661,0.8770421324161651,0.649183147033534,0.6895958727429062,0.7334479793637145,0.6973344797936372,0.7136715391229579,0.7437661220980224,0.5434221840068788,0.710232158211522,0.6878761822871883,0.7291487532244196,0.7265692175408427,0.6130696474634566,0.7884780739466896,0.6964746345657782,0.7308684436801376,0.5090283748925194,0.650042992261393,0.6440240756663801,0.6655202063628547,0.8125537403267412,0.6251074806534824,0.7463456577815993,0.8306104901117799,0.6087704213241617,0.6612209802235598,0.7119518486672399,0.6999140154772141,0.7153912295786758,0.702493551160791,0.8073946689595872,0.5838349097162511,0.7738607050730868,0.8959587274290628,0.5692175408426483,0.8125537403267412,0.8374892519346517,0.6173688736027515,0.8736027515047291,0.6921754084264833,0.8340498710232158,0.6646603611349957,0.8899398108340498,0.7704213241616509,0.821152192605331,0.766122098022356,0.5984522785898538,0.6122098022355976,0.8417884780739467,0.6646603611349957,0.7575236457437661,0.6027515047291487,0.6182287188306105,0.6638005159071367,0.5709372312983663,0.6199484092863284,0.7274290627687017,0.6603611349957008,0.7351676698194325,0.585554600171969,0.7308684436801376,0.7764402407566638,0.8177128116938951,0.4832330180567498,0.6672398968185727,0.6672398968185727,0.5829750644883921,0.6655202063628547,0.6285468615649183,0.8091143594153053,0.7016337059329321
polblogs	GG	0.8529664660361135,0.6543422184006878,0.7386070507308684,0.7179707652622528,0.8882201203783319,0.6328460877042132,0.8340498710232158,0.880481513327601,0.8985382631126397,0.7497850386930353,0.7205503009458297,0.8607050730868444,0.8873602751504729,0.6766981943250215,0.5795356835769562,0.5348237317282889,0.9045571797076526,0.6199484092863284,0.5700773860705073,0.5726569217540842,0.7807394668959587,0.4591573516766982,0.3344797936371453,0.41444539982803097,0.8572656921754084,0.7540842648323302,0.828030954428203,0.5356835769561479,0.5760963026655203,0.8701633705932932,0.7790197764402408,0.9011177987962167,0.7721410146173688,0.8357695614789338,0.5829750644883921,0.7420464316423044,0.7893379191745485,0.823731728288908,0.4316423043852107,0.8933791917454859,0.7970765262252795,0.7472055030094583,0.650042992261393,0.8865004299226139,0.8598452278589854,0.6629406706792778,0.8331900257953568,0.471195184866724,0.8624247635425624,0.7747205503009458,0.8942390369733448,0.5958727429062769,0.9269131556319863,0.7179707652622528,0.7119518486672399,0.5184866723989682,0.8443680137575237,0.5485812553740327,0.9200343938091143,0.6190885640584695,0.7506448839208942,0.7858985382631126,0.7411865864144453,0.8856405846947549,0.6190885640584695,0.5012897678417885,0.7506448839208942,0.647463456577816,0.8907996560619088,0.7609630266552021,0.588993981083405,0.5829750644883921,0.6552020636285468,0.8753224419604472,0.5356835769561479,0.9122957867583835,0.7480653482373173,0.8675838349097162,0.7833190025795357,0.7343078245915735,0.7695614789337919,0.8142734307824592,0.7824591573516767,0.8856405846947549,0.5098882201203784,0.7282889079965607,0.9183147033533964,0.6276870163370594,0.6629406706792778,0.8564058469475494,0.766981943250215,0.6603611349957008,0.7497850386930353,0.6741186586414445,0.7291487532244196,0.8116938950988822,0.7815993121238177,0.7618228718830611,0.5760963026655203,0.6861564918314703
polblogs	GG2	0.8968185726569218,0.8546861564918314,0.883920894239037,0.7454858125537404,0.8366294067067928,0.8564058469475494,0.8349097162510748,0.9088564058469476,0.8959587274290628,0.7506448839208942,0.764402407566638,0.8151332760103182,0.8985382631126397,0.9088564058469476,0.7575236457437661,0.8013757523645744,0.8899398108340498,0.821152192605331,0.7876182287188306,0.7394668959587274,0.8779019776440241,0.6311263972484953,0.8486672398968186,0.6938950988822012,0.8409286328460877,0.7893379191745485,0.8770421324161651,0.8667239896818573,0.6947549441100602,0.9036973344797936,0.8933791917454859,0.9019776440240757,0.8297506448839209,0.8495270851246776,0.8658641444539983,0.8452278589853827,0.9131556319862425,0.8383490971625107,0.6646603611349957,0.9277730008598453,0.8366294067067928,0.7463456577815993,0.709372312983663,0.8916595012897678,0.8546861564918314,0.6646603611349957,0.8323301805674979,0.8581255374032674,0.8796216680997421,0.7833190025795357,0.8933791917454859,0.8082545141874462,0.9260533104041273,0.7893379191745485,0.9122957867583835,0.6113499570077386,0.7858985382631126,0.7807394668959587,0.9097162510748066,0.8873602751504729,0.7497850386930353,0.7532244196044712,0.7472055030094583,0.9363714531384351,0.6620808254514188,0.5769561478933792,0.7764402407566638,0.8409286328460877,0.8151332760103182,0.7730008598452278,0.7489251934651763,0.6010318142734308,0.7695614789337919,0.9260533104041273,0.5374032674118658,0.9122957867583835,0.8331900257953568,0.9071367153912295,0.8108340498710233,0.8538263112639725,0.944110060189166,0.7944969905417025,0.8925193465176269,0.8779019776440241,0.6956147893379192,0.8770421324161651,0.9260533104041273,0.7815993121238177,0.6337059329320722,0.9062768701633706,0.8073946689595872,0.7317282889079966,0.7790197764402408,0.8392089423903697,0.7936371453138436,0.8366294067067928,0.8142734307824592,0.8366294067067928,0.7936371453138436,0.8753224419604472
TerroristRel	GEE	0.8076463560334528,0.8124253285543608,0.5328554360812425,0.5436081242532855,0.5770609318996416,0.7945041816009558,0.6953405017921147,0.8219832735961768,0.7383512544802867,0.8255675029868578,0.8183990442054958,0.6857825567502986,0.7897252090800478,0.7634408602150538,0.7598566308243727,0.7132616487455197,0.6379928315412187,0.6451612903225806,0.4635603345280765,0.8195937873357229,0.5842293906810035,0.8028673835125448,0.6821983273596177,0.8100358422939068,0.5077658303464755,0.6367980884109916,0.8422939068100358,0.7526881720430108,0.5232974910394266,0.8076463560334528,0.6296296296296297,0.6786140979689367,0.5698924731182796,0.7670250896057348,0.8303464755077659,0.7992831541218638,0.7956989247311828,0.7789725209080047,0.46953405017921146,0.6750298685782556,0.6033452807646356,0.8207885304659498,0.8076463560334528,0.8160095579450418,0.7992831541218638,0.8279569892473119,0.6152927120669056,0.8219832735961768,0.7789725209080047,0.7443249701314217,0.7096774193548387,0.7610513739545998,0.7706093189964157,0.7921146953405018,0.7825567502986858,0.8112305854241338,0.7992831541218638,0.7431302270011948,0.8064516129032258,0.5913978494623656,0.5352449223416965,0.8207885304659498,0.6774193548387096,0.7933094384707288,0.7861409796893668,0.8004778972520908,0.6475507765830346,0.7933094384707288,0.8052568697729988,0.8016726403823178,0.7801672640382318,0.8434886499402628,0.7658303464755077,0.8016726403823178,0.8040621266427718,0.6750298685782556,0.7383512544802867,0.8040621266427718,0.4934289127837515,0.7443249701314217,0.8231780167264038,0.7921146953405018,0.7443249701314217,0.8303464755077659,0.8052568697729988,0.8112305854241338,0.7789725209080047,0.45280764635603343,0.7526881720430108,0.7861409796893668,0.8255675029868578,0.8016726403823178,0.7789725209080047,0.8028673835125448,0.4910394265232975,0.8183990442054958,0.7837514934289128,0.8243727598566308,0.8076463560334528,0.8351254480286738
TerroristRel	GNN	0.6320191158900836,0.5686977299880526,0.6379928315412187,0.7479091995221028,0.7180406212664278,0.7741935483870968,0.6391875746714456,0.7144563918757467,0.5842293906810035,0.5902031063321386,0.6989247311827957,0.7359617682198327,0.7025089605734767,0.6535244922341696,0.6559139784946236,0.7275985663082437,0.7216248506571087,0.6905615292712067,0.5591397849462365,0.7514934289127837,0.6236559139784946,0.7407407407407407,0.5937873357228196,0.7371565113500598,0.8040621266427718,0.7048984468339307,0.6678614097968937,0.6296296296296297,0.7658303464755077,0.7646356033452808,0.5985663082437276,0.7287933094384708,0.6164874551971327,0.7729988052568698,0.7299880525686977,0.8040621266427718,0.6642771804062126,0.5794504181600956,0.7060931899641577,0.7359617682198327,0.6750298685782556,0.5878136200716846,0.6786140979689367,0.7096774193548387,0.6487455197132617,0.6678614097968937,0.7443249701314217,0.6415770609318996,0.7144563918757467,0.7240143369175627,0.6176821983273596,0.6451612903225806,0.7562724014336918,0.6606929510155317,0.7228195937873357,0.6176821983273596,0.6941457586618877,0.7180406212664278,0.6093189964157706,0.7598566308243727,0.7729988052568698,0.7419354838709677,0.5949820788530465,0.7120669056152927,0.5722819593787336,0.6129032258064516,0.7419354838709677,0.6176821983273596,0.6356033452807647,0.7240143369175627,0.6499402628434886,0.6821983273596177,0.7192353643966547,0.7240143369175627,0.6738351254480287,0.7132616487455197,0.6499402628434886,0.7108721624850657,0.6427718040621266,0.6810035842293907,0.8160095579450418,0.6798088410991637,0.6714456391875747,0.8088410991636799,0.6033452807646356,0.7550776583034647,0.6511350059737157,0.6176821983273596,0.6379928315412187,0.7526881720430108,0.6917562724014337,0.7299880525686977,0.6081242532855436,0.7550776583034647,0.6762246117084827,0.5639187574671446,0.6439665471923537,0.7419354838709677,0.6236559139784946,0.6666666666666666
TerroristRel	GG	0.7538829151732378,0.6081242532855436,0.8231780167264038,0.7240143369175627,0.3345280764635603,0.7347670250896058,0.8004778972520908,0.6905615292712067,0.7992831541218638,0.7598566308243727,0.7634408602150538,0.7956989247311828,0.8339307048984468,0.7371565113500598,0.8064516129032258,0.6786140979689367,0.6260454002389486,0.5937873357228196,0.7431302270011948,0.7001194743130227,0.3870967741935484,0.7897252090800478,0.7048984468339307,0.7825567502986858,0.5388291517323776,0.7992831541218638,0.5734767025089605,0.7825567502986858,0.6678614097968937,0.6583034647550776,0.6356033452807647,0.5818399044205496,0.7658303464755077,0.7729988052568698,0.7622461170848268,0.7514934289127837,0.7765830346475507,0.7813620071684588,0.7670250896057348,0.7897252090800478,0.7873357228195937,0.8160095579450418,0.7550776583034647,0.7550776583034647,0.7550776583034647,0.5352449223416965,0.8219832735961768,0.4432497013142174,0.7956989247311828,0.7861409796893668,0.8040621266427718,0.5842293906810035,0.6475507765830346,0.7658303464755077,0.7562724014336918,0.8315412186379928,0.6678614097968937,0.7634408602150538,0.8064516129032258,0.44563918757467147,0.4647550776583035,0.6499402628434886,0.6857825567502986,0.7670250896057348,0.7550776583034647,0.8375149342891278,0.7861409796893668,0.4850657108721625,0.6463560334528077,0.7753882915173238,0.7467144563918757,0.8602150537634409,0.7204301075268817,0.8160095579450418,0.8052568697729988,0.7933094384707288,0.7610513739545998,0.7873357228195937,0.7980884109916367,0.7873357228195937,0.7443249701314217,0.6989247311827957,0.6810035842293907,0.8183990442054958,0.7395459976105138,0.8040621266427718,0.43608124253285546,0.7980884109916367,0.8446833930704899,0.6117084826762246,0.6762246117084827,0.7861409796893668,0.7885304659498208,0.7156511350059738,0.7586618876941458,0.7837514934289128,0.3536439665471924,0.7287933094384708,0.7168458781362007,0.8876941457586619
TerroristRel	GG2	0.7622461170848268,0.7383512544802867,0.7431302270011948,0.7933094384707288,0.7825567502986858,0.7228195937873357,0.7909199522102748,0.8255675029868578,0.8052568697729988,0.7968936678614098,0.7431302270011948,0.7514934289127837,0.8052568697729988,0.7025089605734767,0.8040621266427718,0.6798088410991637,0.6881720430107527,0.6021505376344086,0.8016726403823178,0.8172043010752689,0.6869772998805257,0.7646356033452808,0.6845878136200717,0.7945041816009558,0.7729988052568698,0.7837514934289128,0.7813620071684588,0.7753882915173238,0.7025089605734767,0.7120669056152927,0.7706093189964157,0.7670250896057348,0.6606929510155317,0.7765830346475507,0.7718040621266428,0.8004778972520908,0.7622461170848268,0.8004778972520908,0.7741935483870968,0.7514934289127837,0.7335722819593787,0.8422939068100358,0.8243727598566308,0.8136200716845878,0.7622461170848268,0.8040621266427718,0.7825567502986858,0.7646356033452808,0.7921146953405018,0.7992831541218638,0.7682198327359617,0.6642771804062126,0.7228195937873357,0.7323775388291517,0.7658303464755077,0.8291517323775388,0.7108721624850657,0.7180406212664278,0.7431302270011948,0.5997610513739546,0.5304659498207885,0.8554360812425329,0.7467144563918757,0.7861409796893668,0.7586618876941458,0.8172043010752689,0.6833930704898447,0.7825567502986858,0.7753882915173238,0.8100358422939068,0.7658303464755077,0.8697729988052568,0.7718040621266428,0.8363201911589009,0.8410991636798089,0.8016726403823178,0.7753882915173238,0.7789725209080047,0.8088410991636799,0.7228195937873357,0.7395459976105138,0.7789725209080047,0.6726403823178017,0.8387096774193549,0.7359617682198327,0.8399044205495818,0.7502986857825568,0.7228195937873357,0.8243727598566308,0.8399044205495818,0.7956989247311828,0.8661887694145759,0.7992831541218638,0.7335722819593787,0.7694145758661888,0.7491039426523297,0.7741935483870968,0.7383512544802867,0.7311827956989247,0.8864994026284349
KarateClub	GEE	0.5454545454545454,0.7727272727272727,0.18181818181818182,0.8181818181818182,0.5909090909090909,0.36363636363636365,0.5454545454545454,0.8636363636363636,0.7727272727272727,0.9090909090909091,0.5454545454545454,0.6818181818181818,0.6818181818181818,0.6818181818181818,0.7727272727272727,0.7272727272727273,0.6818181818181818,0.4090909090909091,0.5909090909090909,0.5909090909090909,0.8636363636363636,0.8181818181818182,0.6363636363636364,0.7272727272727273,0.4090909090909091,0.6363636363636364,0.7272727272727273,0.7727272727272727,0.6818181818181818,0.8636363636363636,0.8636363636363636,0.5909090909090909,0.5,0.6363636363636364,0.8181818181818182,0.6363636363636364,0.6818181818181818,0.6818181818181818,0.8181818181818182,0.7272727272727273,0.7272727272727273,0.45454545454545453,0.36363636363636365,0.5909090909090909,0.6818181818181818,0.7272727272727273,0.36363636363636365,0.6363636363636364,0.7727272727272727,0.9545454545454546,0.7727272727272727,0.5,0.5,0.5909090909090909,0.45454545454545453,0.9090909090909091,0.7727272727272727,0.5909090909090909,0.7727272727272727,0.5909090909090909,0.6818181818181818,0.5454545454545454,0.5909090909090909,0.8181818181818182,0.6818181818181818,0.8636363636363636,0.7272727272727273,0.2727272727272727,0.7272727272727273,0.7727272727272727,0.5909090909090909,0.45454545454545453,0.5909090909090909,0.8636363636363636,0.6363636363636364,0.5454545454545454,0.6363636363636364,0.6818181818181818,0.9090909090909091,0.5909090909090909,0.5,0.7272727272727273,0.5909090909090909,0.7272727272727273,0.5909090909090909,0.7727272727272727,0.6363636363636364,0.7272727272727273,0.5,0.8181818181818182,0.8636363636363636,0.9545454545454546,0.4090909090909091,0.5,0.36363636363636365,0.4090909090909091,0.6818181818181818,0.5909090909090909,0.2727272727272727,0.4090909090909091
KarateClub	GNN	0.2727272727272727,0.22727272727272727,0.5,0.4090909090909091,0.36363636363636365,0.2727272727272727,0.4090909090909091,0.22727272727272727,0.22727272727272727,0.3181818181818182,0.2727272727272727,0.22727272727272727,0.22727272727272727,0.22727272727272727,0.13636363636363635,0.18181818181818182,0.13636363636363635,0.3181818181818182,0.3181818181818182,0.09090909090909091,0.22727272727272727,0.22727272727272727,0.22727272727272727,0.045454545454545456,0.2727272727272727,0.3181818181818182,0.22727272727272727,0.22727272727272727,0.36363636363636365,0.2727272727272727,0.13636363636363635,0.4090909090909091,0.22727272727272727,0.3181818181818182,0.2727272727272727,0.22727272727272727,0.09090909090909091,0.09090909090909091,0.45454545454545453,0.13636363636363635,0.36363636363636365,0.13636363636363635,0.4090909090909091,0.3181818181818182,0.22727272727272727,0.09090909090909091,0.18181818181818182,0.5,0.4090909090909091,0.4090909090909091,0.13636363636363635,0.13636363636363635,0.2727272727272727,0.13636363636363635,0.22727272727272727,0.22727272727272727,0.3181818181818182,0.3181818181818182,0.3181818181818182,0.5909090909090909,0.2727272727272727,0.18181818181818182,0.09090909090909091,0.2727272727272727,0.0,0.2727272727272727,0.36363636363636365,0.2727272727272727,0.0,0.3181818181818182,0.4090909090909091,0.09090909090909091,0.09090909090909091,0.45454545454545453,0.4090909090909091,0.2727272727272727,0.3181818181818182,0.22727272727272727,0.36363636363636365,0.22727272727272727,0.2727272727272727,0.36363636363636365,0.13636363636363635,0.13636363636363635,0.36363636363636365,0.22727272727272727,0.5454545454545454,0.18181818181818182,0.22727272727272727,0.22727272727272727,0.13636363636363635,0.22727272727272727,0.09090909090909091,0.18181818181818182,0.18181818181818182,0.13636363636363635,0.22727272727272727,0.18181818181818182,0.2727272727272727,0.6363636363636364
KarateClub	GG	0.5,0.6818181818181818,0.18181818181818182,0.7727272727272727,0.4090909090909091,0.8636363636363636,0.5909090909090909,0.6363636363636364,0.8636363636363636,0.9090909090909091,0.6818181818181818,0.6363636363636364,0.5454545454545454,0.4090909090909091,0.3181818181818182,0.36363636363636365,0.7272727272727273,0.8181818181818182,0.7272727272727273,0.3181818181818182,0.9090909090909091,0.6818181818181818,0.8181818181818182,0.7727272727272727,0.3181818181818182,0.18181818181818182,0.7272727272727273,0.8636363636363636,0.5,0.9090909090909091,0.5909090909090909,0.7272727272727273,0.6363636363636364,0.45454545454545453,0.8181818181818182,0.5909090909090909,0.9090909090909091,0.9090909090909091,0.7727272727272727,0.7727272727272727,0.9090909090909091,0.45454545454545453,0.5909090909090909,0.5,0.9545454545454546,0.8636363636363636,0.9545454545454546,0.6363636363636364,0.7727272727272727,0.8181818181818182,0.6818181818181818,0.6363636363636364,0.8181818181818182,0.8181818181818182,0.45454545454545453,0.8636363636363636,0.8636363636363636,0.5909090909090909,0.6363636363636364,0.5909090909090909,0.4090909090909091,0.3181818181818182,0.5909090909090909,0.6363636363636364,0.7727272727272727,0.8181818181818182,0.22727272727272727,0.7272727272727273,0.7272727272727273,0.7727272727272727,0.8181818181818182,0.4090909090909091,0.8181818181818182,0.8636363636363636,0.5,0.5,0.8636363636363636,0.6363636363636364,0.7727272727272727,0.8636363636363636,0.6818181818181818,0.6818181818181818,0.22727272727272727,0.5909090909090909,0.7727272727272727,0.8181818181818182,0.3181818181818182,0.7272727272727273,0.5454545454545454,0.7727272727272727,0.7727272727272727,0.6818181818181818,0.6818181818181818,0.36363636363636365,0.8181818181818182,0.8181818181818182,0.7272727272727273,0.9090909090909091,0.5909090909090909,0.5454545454545454
KarateClub	GG2	0.5909090909090909,0.8181818181818182,0.7727272727272727,0.8181818181818182,0.5454545454545454,0.7272727272727273,0.8181818181818182,0.8181818181818182,0.7727272727272727,0.9090909090909091,0.7272727272727273,0.6363636363636364,0.5454545454545454,0.5909090909090909,0.3181818181818182,0.5,0.7727272727272727,0.4090909090909091,0.5454545454545454,0.8636363636363636,0.7272727272727273,0.7272727272727273,0.8636363636363636,0.6363636363636364,0.6363636363636364,0.6818181818181818,0.8181818181818182,0.7727272727272727,0.8181818181818182,0.9545454545454546,0.9545454545454546,0.7272727272727273,0.7272727272727273,0.6818181818181818,0.9090909090909091,0.9090909090909091,0.8636363636363636,0.7727272727272727,0.7727272727272727,0.6818181818181818,0.8636363636363636,0.5454545454545454,0.7727272727272727,0.8181818181818182,0.7272727272727273,0.7272727272727273,1.0,0.6363636363636364,0.7727272727272727,0.9090909090909091,0.6363636363636364,0.45454545454545453,0.8181818181818182,0.7272727272727273,0.45454545454545453,0.8636363636363636,0.7727272727272727,0.8181818181818182,0.6818181818181818,0.7272727272727273,0.7272727272727273,0.8636363636363636,0.5909090909090909,0.7272727272727273,0.7727272727272727,0.8181818181818182,0.6363636363636364,0.7272727272727273,0.6818181818181818,0.6363636363636364,0.7727272727272727,0.7272727272727273,0.7727272727272727,0.8181818181818182,0.8636363636363636,0.4090909090909091,0.6818181818181818,0.8636363636363636,0.9090909090909091,0.7272727272727273,0.8181818181818182,0.7272727272727273,0.8181818181818182,0.9090909090909091,0.5909090909090909,0.8181818181818182,0.2727272727272727,0.6818181818181818,0.45454545454545453,0.8636363636363636,0.8636363636363636,0.9090909090909091,0.8181818181818182,0.8181818181818182,0.5,0.7272727272727273,0.6818181818181818,0.8181818181818182,0.5909090909090909,0.5909090909090909
Chameleon	GEE	0.22181146025878004,0.29251386321626616,0.25831792975970425,0.25369685767097966,0.2601663585951941,0.2513863216266174,0.20471349353049909,0.2911275415896488,0.35489833641404805,0.2444547134935305,0.23151571164510165,0.2823475046210721,0.29528650646950094,0.27726432532347506,0.24353049907578558,0.2809611829944547,0.266173752310536,0.2333641404805915,0.3391866913123845,0.2795748613678373,0.28789279112754157,0.27310536044362294,0.2144177449168207,0.3378003696857671,0.26386321626617376,0.25184842883548986,0.3317929759704251,0.27911275415896486,0.2601663585951941,0.25970425138632164,0.305452865064695,0.20702402957486138,0.28512014787430684,0.30268022181146026,0.2634011090573013,0.256007393715342,0.3419593345656192,0.2698706099815157,0.2453789279112754,0.3109981515711645,0.2144177449168207,0.25046210720887246,0.2675600739371534,0.3031423290203327,0.27402957486136786,0.21626617375231053,0.2795748613678373,0.256007393715342,0.2231977818853974,0.2647874306839187,0.31746765249537895,0.27171903881700554,0.20841035120147874,0.23613678373382624,0.30591497227356745,0.16589648798521256,0.3410351201478743,0.31146025878003697,0.24260628465804066,0.2097966728280961,0.2712569316081331,0.2855822550831793,0.23798521256931607,0.26247689463955637,0.26155268022181144,0.29528650646950094,0.283271719038817,0.2744916820702403,0.205637707948244,0.24722735674676524,0.26709796672828096,0.3068391866913124,0.23937153419593346,0.28373382624768945,0.3304066543438078,0.23937153419593346,0.27033271719038815,0.22966728280961182,0.2587800369685767,0.24075785582255083,0.2915896487985213,0.26293900184842883,0.2694085027726433,0.3022181146025878,0.261090573012939,0.32532347504621073,0.28789279112754157,0.2532347504621072,0.2578558225508318,0.29852125693160814,0.2828096118299446,0.2809611829944547,0.23937153419593346,0.26155268022181144,0.1913123844731978,0.2666358595194085,0.300369685767098,0.261090573012939,0.26247689463955637,0.2268946395563771
Chameleon	GNN	0.2735674676524954,0.2841959334565619,0.29990757855822553,0.29944547134935307,0.24676524953789278,0.294362292051756,0.24907578558225507,0.2712569316081331,0.28650646950092423,0.2975970425138632,0.2823475046210721,0.3188539741219963,0.32486136783733827,0.300369685767098,0.25,0.2975970425138632,0.2934380776340111,0.2989833641404806,0.2532347504621072,0.2911275415896488,0.2855822550831793,0.27726432532347506,0.294362292051756,0.27587800369685767,0.32486136783733827,0.3424214417744917,0.22643253234750463,0.26571164510166356,0.28049907578558225,0.28927911275415896,0.3202402957486137,0.2476894639556377,0.2800369685767098,0.27402957486136786,0.3100739371534196,0.31746765249537895,0.3433456561922366,0.3202402957486137,0.2199630314232902,0.3544362292051756,0.2915896487985213,0.2744916820702403,0.2911275415896488,0.28604436229205177,0.26848428835489835,0.3170055452865065,0.2573937153419593,0.28049907578558225,0.29990757855822553,0.32255083179297594,0.266173752310536,0.27264325323475047,0.24075785582255083,0.33595194085027724,0.29390018484288355,0.29990757855822553,0.29944547134935307,0.2814232902033272,0.32208872458410354,0.28188539741219965,0.27264325323475047,0.2934380776340111,0.3456561922365989,0.27495378927911274,0.29990757855822553,0.23752310536044363,0.29251386321626616,0.29390018484288355,0.27402957486136786,0.2888170055452865,0.29066543438077636,0.2573937153419593,0.28835489833641403,0.2541589648798521,0.2698706099815157,0.25831792975970425,0.27587800369685767,0.30175600739371533,0.31515711645101663,0.300369685767098,0.2634011090573013,0.30868761552680224,0.2712569316081331,0.2902033271719039,0.2795748613678373,0.316543438077634,0.3022181146025878,0.2768022181146026,0.29944547134935307,0.32393715341959334,0.32393715341959334,0.26386321626617376,0.24722735674676524,0.305452865064695,0.2675600739371534,0.2647874306839187,0.27402957486136786,0.31515711645101663,0.26155268022181144,0.28650646950092423
Chameleon	GG	0.25970425138632164,0.20378927911275416,0.18853974121996303,0.22412199630314233,0.2097966728280961,0.3512014787430684,0.23844731977818853,0.33271719038817005,0.2989833641404806,0.22412199630314233,0.20425138632162662,0.30730129390018485,0.23521256931608134,0.238909426987061,0.1913123844731978,0.2915896487985213,0.30591497227356745,0.2948243992606285,0.29713493530499074,0.27911275415896486,0.2121072088724584,0.26062846580406657,0.30406654343807765,0.3045286506469501,0.34842883548983367,0.2689463955637708,0.2846580406654344,0.3798521256931608,0.22966728280961182,0.25369685767097966,0.24029574861367836,0.31746765249537895,0.3317929759704251,0.29251386321626616,0.24491682070240295,0.2934380776340111,0.305452865064695,0.30591497227356745,0.3068391866913124,0.25092421441774493,0.2301293900184843,0.21765249537892792,0.2689463955637708,0.30406654343807765,0.24953789279112754,0.2647874306839187,0.283271719038817,0.2453789279112754,0.2869685767097967,0.27264325323475047,0.2897412199630314,0.31469500924214416,0.1922365988909427,0.24168207024029575,0.20286506469500923,0.21626617375231053,0.20702402957486138,0.2911275415896488,0.30129390018484287,0.29251386321626616,0.33271719038817005,0.30406654343807765,0.3525878003696858,0.26524953789279115,0.2587800369685767,0.3230129390018484,0.29528650646950094,0.23475046210720887,0.24630314232902034,0.25369685767097966,0.24722735674676524,0.2855822550831793,0.261090573012939,0.22273567467652494,0.2546210720887246,0.23290203327171904,0.32624768946395566,0.316543438077634,0.3045286506469501,0.26571164510166356,0.25,0.2578558225508318,0.2573937153419593,0.19085027726432532,0.31192236598890943,0.31284658040665436,0.2707948243992606,0.3304066543438078,0.3068391866913124,0.20748613678373382,0.33964879852125696,0.2989833641404806,0.25184842883548986,0.25,0.21395563770794823,0.2712569316081331,0.24722735674676524,0.305452865064695,0.2134935304990758,0.238909426987061
Chameleon	GG2	0.3243992606284658,0.32070240295748614,0.327634011090573,0.3170055452865065,0.35166358595194086,0.3433456561922366,0.29528650646950094,0.32532347504621073,0.39048059149722736,0.2823475046210721,0.31377079482439924,0.3267097966728281,0.3590573012939002,0.31053604436229204,0.28835489833641403,0.35489833641404805,0.3465804066543438,0.32070240295748614,0.33086876155268025,0.3202402957486137,0.30129390018484287,0.3317929759704251,0.31469500924214416,0.3539741219963031,0.349815157116451,0.38585951940850277,0.36506469500924216,0.37384473197781887,0.30268022181146026,0.34149722735674676,0.34842883548983367,0.33086876155268025,0.3553604436229205,0.3470425138632163,0.33826247689463956,0.35489833641404805,0.3544362292051756,0.34149722735674676,0.2957486136783734,0.3655268022181146,0.3410351201478743,0.32255083179297594,0.33548983364140483,0.3465804066543438,0.3170055452865065,0.27726432532347506,0.3567467652495379,0.33133086876155265,0.2929759704251386,0.36414048059149723,0.38909426987060997,0.36829944547134935,0.26247689463955637,0.33086876155268025,0.3211645101663586,0.3156192236598891,0.3188539741219963,0.34149722735674676,0.31192236598890943,0.3197781885397412,0.3701478743068392,0.3886321626617375,0.3752310536044362,0.29944547134935307,0.3960258780036969,0.33410351201478744,0.3378003696857671,0.32070240295748614,0.2800369685767098,0.28927911275415896,0.34935304990757854,0.3585951940850277,0.3156192236598891,0.31146025878003697,0.3521256931608133,0.3133086876155268,0.3521256931608133,0.33687615526802217,0.32393715341959334,0.2647874306839187,0.333641404805915,0.2989833641404806,0.3544362292051756,0.33687615526802217,0.36044362292051757,0.38308687615526804,0.36829944547134935,0.3345656192236599,0.333641404805915,0.3807763401109057,0.34750462107208874,0.35489833641404805,0.2694085027726433,0.31469500924214416,0.2689463955637708,0.338724584103512,0.31053604436229204,0.35489833641404805,0.34611829944547134,0.2694085027726433
Cora	GEE	0.3598911776136805,0.3870967741935484,0.34045860862806065,0.37232802176447727,0.19860085503303537,0.3637776914108045,0.34823163622230857,0.4108045083560047,0.43684415079673533,0.31869413136416636,0.39331519626894673,0.26272833268558105,0.4185775359502526,0.3672755538282161,0.35872522347454333,0.3097551496307812,0.35095219588029536,0.3276331130975515,0.39448115040808396,0.19510299261562378,0.37815779246016323,0.38243295763699964,0.3863194714341236,0.41002720559657985,0.39176059075009717,0.3455110765643218,0.3870967741935484,0.3567819665759813,0.19588029537504859,0.39486980178779635,0.3400699572483482,0.33424018655266224,0.37232802176447727,0.3692188107267781,0.3913719393703848,0.4014768752429071,0.3832102603964244,0.42168674698795183,0.36805285658764086,0.39564710454722113,0.4026428293820443,0.25845316750874464,0.3839875631558492,0.3649436455499417,0.20481927710843373,0.40225417800233193,0.18072289156626506,0.2537893509521959,0.3812670034978624,0.2137582588418189,0.42907112320248736,0.34084726000777305,0.36105713175281773,0.2110376991838321,0.3618344345122425,0.4006995724834823,0.352506801399145,0.342790516906335,0.3855421686746988,0.35755926933540616,0.28177225029148856,0.3501748931208706,0.35522736105713176,0.352506801399145,0.4010882238631947,0.33618344345122425,0.3202487368830159,0.35872522347454333,0.39448115040808396,0.21453556160124368,0.2499028371550719,0.37971239797901285,0.3455110765643218,0.3664982510687913,0.3766031869413136,0.37738048970073845,0.38981733385153516,0.38748542557326077,0.38010104935872524,0.3595025262339681,0.3455110765643218,0.3291877186164011,0.41702293043140304,0.384764865915274,0.36105713175281773,0.3622230858919549,0.18227749708511465,0.3672755538282161,0.33812670034978626,0.2693354061406918,0.36105713175281773,0.37504858142246406,0.346677030703459,0.43179168286047415,0.3470656820831714,0.33851535172949865,0.35522736105713176,0.34123591138748544,0.40730664593859306,0.3497862417411582
Cora	GNN	0.34823163622230857,0.3843762145355616,0.2312475709288768,0.22425184609405363,0.264671589584143,0.37388262728332683,0.3396813058686358,0.2910998834045861,0.37232802176447727,0.3291877186164011,0.3350174893120871,0.3649436455499417,0.38282160901671203,0.2483482316362223,0.24523902059852312,0.24096385542168675,0.39020598523124755,0.28488146132918774,0.18111154294597745,0.3326855810338127,0.2879906723668869,0.3766031869413136,0.3653322969296541,0.3719393703847649,0.31947143412359114,0.3696074621064905,0.274387874076953,0.2549553050913331,0.33929265448892343,0.40225417800233193,0.3909832879906724,0.2864360668480373,0.3641663427905169,0.312475709288768,0.2961523513408473,0.22697240575204042,0.38748542557326077,0.33618344345122425,0.28293820443062573,0.2129809560823941,0.3567819665759813,0.41158181111542946,0.23630003886513798,0.3490089389817334,0.3322969296541003,0.2662261951029926,0.26078507578701904,0.306645938593082,0.2549553050913331,0.33462883793237463,0.3661095996890789,0.28021764477263894,0.2739992226972406,0.346677030703459,0.32879906723668867,0.3614457831325301,0.3641663427905169,0.38515351729498637,0.38748542557326077,0.4329576369996114,0.2565099106101827,0.2767197823552274,0.37504858142246406,0.28216090167120095,0.22153128643606684,0.37271667314418966,0.23591138748542556,0.39214924212980956,0.19510299261562378,0.39953361834434514,0.2483482316362223,0.378935095219588,0.3260785075787019,0.3649436455499417,0.37271667314418966,0.3649436455499417,0.30936649825106877,0.22774970851146523,0.39292654488923434,0.24873688301593472,0.25845316750874464,0.23746599300427518,0.37465993004275167,0.35561601243684415,0.23319082782743877,0.37971239797901285,0.32141469102215314,0.37349397590361444,0.33540614069179947,0.2129809560823941,0.3233579479207151,0.32102603964244075,0.3050913330742324,0.3742712786630393,0.26000777302759426,0.33190827827438785,0.3719393703847649,0.41002720559657985,0.23630003886513798,0.3132530120481928
Cora	GG	0.3109211037699184,0.38981733385153516,0.4197434900893898,0.3614457831325301,0.41702293043140304,0.4543334628837932,0.4434512242518461,0.3668869024485037,0.45316750874465606,0.33851535172949865,0.39176059075009717,0.31364166342790517,0.41352506801399147,0.4811504080839487,0.45316750874465606,0.45549941702293045,0.41430237077341625,0.3983676642052079,0.3960357559269335,0.3983676642052079,0.3820443062572872,0.41741158181111543,0.3715507190050525,0.3497862417411582,0.4543334628837932,0.3521181500194326,0.4255732607850758,0.33190827827438785,0.36105713175281773,0.4006995724834823,0.3493975903614458,0.464827050136028,0.354450058297707,0.43684415079673533,0.4065293431791683,0.47337738048970074,0.33424018655266224,0.33385153517294985,0.4593859308200544,0.4224640497473766,0.47337738048970074,0.41507967353284103,0.3863194714341236,0.3820443062572872,0.33618344345122425,0.4185775359502526,0.40691799455888067,0.312475709288768,0.3937038476486592,0.3676642052079285,0.4636610959968908,0.43917605907500973,0.378935095219588,0.2635056354450058,0.344733773804897,0.3622230858919549,0.35328410415856976,0.45083560046638166,0.4430625728721337,0.4006995724834823,0.4111931597357171,0.31869413136416636,0.42168674698795183,0.31752817722502913,0.43373493975903615,0.41274776525456663,0.31947143412359114,0.4966964632724446,0.3863194714341236,0.3649436455499417,0.31364166342790517,0.39448115040808396,0.41741158181111543,0.35717061795569377,0.4473377380489701,0.49164399533618347,0.35755926933540616,0.33929265448892343,0.3909832879906724,0.3793237465993004,0.3128643606684804,0.40225417800233193,0.3672755538282161,0.2638942868247182,0.33151962689467546,0.4395647104547221,0.43218033424018654,0.46871356393315194,0.42712786630392535,0.3245239020598523,0.4601632335794792,0.41197046249514185,0.3113097551496308,0.3595025262339681,0.42168674698795183,0.3820443062572872,0.5134084726000777,0.27905169063350177,0.4760979401476875,0.41352506801399147
Cora	GG2	0.4111931597357171,0.5114652157015157,0.4275165176836378,0.44617178390983286,0.4006995724834823,0.3649436455499417,0.43684415079673533,0.4205207928488146,0.4842596191216479,0.43412359113874854,0.4395647104547221,0.378935095219588,0.4325689856198989,0.4862028760202099,0.40691799455888067,0.33385153517294985,0.4450058297706957,0.46599300427516516,0.47026816945200156,0.4178002331908278,0.41274776525456663,0.43451224251846093,0.40924990283715507,0.4418966187329965,0.4578313253012048,0.4411193159735717,0.35134084726000775,0.3416245627671978,0.4154683249125534,0.5013602798289933,0.4376214535561601,0.4108045083560047,0.4220753983676642,0.4457831325301205,0.45860862806062963,0.5001943256898562,0.386708122813836,0.35833657209483094,0.4640497473766032,0.4003109211037699,0.41158181111542946,0.38787407695297316,0.45122425184609405,0.4259619121647882,0.35289545277885737,0.43101438010104937,0.4181888845705402,0.46638165565487755,0.4422852701127089,0.4302370773416246,0.4255732607850758,0.4282938204430626,0.4279051690633502,0.33424018655266224,0.43101438010104937,0.43878740769529734,0.354450058297707,0.4671589584143024,0.44383987563155847,0.4943645549941702,0.43684415079673533,0.4275165176836378,0.45161290322580644,0.49047804119704624,0.4372328021764477,0.41391371939370386,0.3843762145355616,0.48503692188107267,0.39176059075009717,0.4453944811504081,0.3688301593470657,0.4212980956082394,0.42945977458219975,0.48503692188107267,0.46599300427516516,0.47765254566653714,0.41391371939370386,0.39409249902837157,0.45627671978235523,0.32102603964244075,0.39253789350952195,0.43412359113874854,0.4694908666925768,0.34045860862806065,0.39720171006607075,0.4236300038865138,0.4057520404197435,0.4574426739214924,0.42712786630392535,0.45821997668091724,0.36805285658764086,0.3991449669646327,0.4088612514574427,0.5137971239797902,0.4026428293820443,0.43412359113874854,0.458997279440342,0.32879906723668867,0.5033035367275553,0.45549941702293045
Citeseer	GEE	0.2073440962329851,0.2345679012345679,0.21335865780310226,0.19974675530231087,0.23963279518835073,0.2402659069325736,0.2484963596074707,0.2206394428616651,0.24881291547958215,0.2725546058879392,0.2621082621082621,0.258309591642925,0.26938904716682494,0.2310857866413422,0.27033871478315924,0.2535612535612536,0.24279835390946503,0.19373219373219372,0.22000633111744222,0.25229503007280785,0.28996517885406775,0.22348844571066792,0.23171889838556506,0.23520101297879076,0.2127255460588794,0.2310857866413422,0.20417853751187084,0.28426717315606204,0.26970560303893637,0.25007913896802786,0.2678062678062678,0.2709718265273821,0.24628046850269072,0.2389996834441279,0.2833175055397278,0.2665400443178221,0.23773345995568218,0.27287116176005066,0.28996517885406775,0.24311490978157646,0.2712883823994935,0.2301361190250079,0.22032288698955366,0.22317188983855651,0.2266540044317822,0.23266856600189934,0.2484963596074707,0.2630579297245964,0.2222222222222222,0.21494143716365938,0.22855333966445077,0.24406457739791074,0.23646723646723647,0.2716049382716049,0.20797720797720798,0.2678062678062678,0.24691358024691357,0.24058246280468504,0.24817980373535928,0.25324469768914215,0.2196897752453308,0.26622348844571064,0.2367837923393479,0.24564735675846788,0.2424817980373536,0.29787907565685345,0.1877176321620766,0.26717315606204495,0.2459639126305793,0.25007913896802786,0.20417853751187084,0.25704336815447926,0.2792022792022792,0.22443811332700223,0.2712883823994935,0.2219056663501108,0.26875593542260207,0.22602089268755934,0.22507122507122507,0.28078505856283636,0.25387780943336496,0.2716049382716049,0.24311490978157646,0.21779044001266223,0.2573599240265907,0.2706552706552707,0.247230136119025,0.2437480215257993,0.22253877809433364,0.25134536245647354,0.26147515036403923,0.2367837923393479,0.2323520101297879,0.26147515036403923,0.24469768914213358,0.22855333966445077,0.2060778727445394,0.2073440962329851,0.24976258309591642,0.2529281418170307
Citeseer	GNN	0.23646723646723647,0.22032288698955366,0.24438113327002217,0.2266540044317822,0.2301361190250079,0.2883823994935106,0.2320354542576765,0.2757201646090535,0.22253877809433364,0.26337448559670784,0.2092434314656537,0.2630579297245964,0.2630579297245964,0.21589110477999368,0.23076923076923078,0.24881291547958215,0.21304210193099082,0.26020892687559355,0.26717315606204495,0.23520101297879076,0.23931623931623933,0.23931623931623933,0.2219056663501108,0.21779044001266223,0.2769863880974992,0.22475466919911363,0.24343146565368787,0.2301361190250079,0.25324469768914215,0.22855333966445077,0.2323520101297879,0.18360240582462806,0.2608420386198164,0.203545425767648,0.25482747704969927,0.2541943653054764,0.23488445710667932,0.2196897752453308,0.196897752453308,0.27635327635327633,0.2519784742006964,0.2576764798987021,0.21810699588477367,0.21589110477999368,0.24058246280468504,0.260525482747705,0.23425134536245648,0.2551440329218107,0.14339981006647673,0.2883823994935106,0.24058246280468504,0.2241215574548908,0.2652738208293764,0.25862614751503643,0.2564102564102564,0.249446027223805,0.2858499525166192,0.2526115859449193,0.24406457739791074,0.20417853751187084,0.24469768914213358,0.20481164925609371,0.196897752453308,0.23741690408357075,0.2266540044317822,0.22633744855967078,0.20955998733776512,0.2893320671098449,0.2355175688509022,0.20196264640709086,0.22950300728078507,0.2621082621082621,0.24343146565368787,0.22000633111744222,0.2301361190250079,0.24406457739791074,0.2526115859449193,0.24089901867679644,0.27033871478315924,0.23076923076923078,0.1899335232668566,0.23963279518835073,0.21557454890788225,0.25451092117758783,0.2823678379233935,0.2564102564102564,0.19404874960430515,0.25482747704969927,0.24279835390946503,0.22507122507122507,0.19468186134852802,0.1934156378600823,0.2187401076289965,0.25071225071225073,0.22918645140867364,0.2630579297245964,0.22981956315289648,0.26622348844571064,0.2402659069325736,0.25925925925925924
Citeseer	GG	0.2678062678062678,0.2893320671098449,0.3121240899018677,0.32193732193732194,0.3057929724596391,0.2792022792022792,0.3007280785058563,0.26875593542260207,0.2355175688509022,0.3013611902500791,0.2769863880974992,0.22380500158277936,0.28521684077239634,0.3114909781576448,0.30864197530864196,0.256093700538145,0.3035770813548591,0.24311490978157646,0.2725546058879392,0.3032605254827477,0.32541943653054767,0.29471351693573916,0.27666983222538777,0.20006331117442228,0.33238366571699907,0.29313073757518204,0.3010446343779677,0.2722380500158278,0.23615068059512503,0.2709718265273821,0.2712883823994935,0.21114276669832224,0.25071225071225073,0.27730294396961064,0.24881291547958215,0.2823678379233935,0.3111744222855334,0.2484963596074707,0.2738208293763849,0.2731877176321621,0.26147515036403923,0.3301677746122191,0.31275720164609055,0.3004115226337449,0.2972459639126306,0.26875593542260207,0.3561253561253561,0.3007280785058563,0.2459639126305793,0.22728711617600506,0.3010446343779677,0.3222538778094334,0.30231085786641343,0.2684393795504907,0.26147515036403923,0.286483064260842,0.2646407090851535,0.2918645140867363,0.34156378600823045,0.2725546058879392,0.3054764165875277,0.24628046850269072,0.26179170623615067,0.26812282367837925,0.26147515036403923,0.2567268122823678,0.28521684077239634,0.29851218740107627,0.28743273187717633,0.260525482747705,0.2336182336182336,0.30262741373852486,0.2621082621082621,0.25482747704969927,0.2905982905982906,0.31655587211142766,0.2266540044317822,0.2940804051915163,0.2880658436213992,0.30009496676163344,0.3083254194365305,0.2595758151313707,0.32890155112377334,0.24311490978157646,0.3225704336815448,0.28300094966761635,0.2709718265273821,0.27287116176005066,0.3270022158911048,0.2918645140867363,0.26622348844571064,0.26622348844571064,0.2535612535612536,0.3355492244381133,0.3194048749604305,0.22792022792022792,0.2323520101297879,0.2608420386198164,0.24184868629313075,0.27287116176005066
Citeseer	GG2	0.27825261158594494,0.34599556821779043,0.30009496676163344,0.2883823994935106,0.30864197530864196,0.286483064260842,0.3076923076923077,0.32763532763532766,0.2785691674580563,0.32415321304210193,0.2716049382716049,0.3238366571699905,0.32098765432098764,0.3301677746122191,0.32573599240265905,0.29154795821462487,0.38461538461538464,0.25925925925925924,0.28679962013295346,0.288698955365622,0.3592909148464704,0.2940804051915163,0.29692940804051915,0.2608420386198164,0.290914846470402,0.3143399810066477,0.3004115226337449,0.3640392529281418,0.2712883823994935,0.33206710984488763,0.33681544792655904,0.2706552706552707,0.3387147831592276,0.3121240899018677,0.29566318455207347,0.3475783475783476,0.290914846470402,0.347894903450459,0.3605571383349161,0.341247230136119,0.32193732193732194,0.3203545425767648,0.32130421019309907,0.27825261158594494,0.2646407090851535,0.2652738208293764,0.30167774612219056,0.3270022158911048,0.2643241532130421,0.2358341247230136,0.3279518835074391,0.2731877176321621,0.29123140234251343,0.315289648622982,0.2674897119341564,0.3295346628679962,0.3225704336815448,0.1899335232668566,0.304210193099082,0.2731877176321621,0.32541943653054767,0.31402342513453624,0.27983539094650206,0.29597974042418485,0.3089585311807534,0.2962962962962963,0.2861665083887306,0.3301677746122191,0.26147515036403923,0.2839506172839506,0.27983539094650206,0.3292181069958848,0.2712883823994935,0.28743273187717633,0.345679012345679,0.3159227603672048,0.2760367204811649,0.29914529914529914,0.2826843937955049,0.32352010129787906,0.33618233618233617,0.31497309275087054,0.3004115226337449,0.2981956315289649,0.3605571383349161,0.33459955682177905,0.26938904716682494,0.32510288065843623,0.2962962962962963,0.27508705286483065,0.315289648622982,0.3073757518201963,0.33903133903133903,0.3146565368787591,0.3181386514719848,0.25704336815447926,0.31339031339031337,0.27192149414371636,0.2981956315289649,0.24628046850269072
