ACM	GEE	0.48399443284620736,0.4349338900487126,0.4596381350034795,0.45546276965901183,0.4509394572025052,0.4979123173277662,0.477035490605428,0.46694502435629787,0.49582463465553234,0.47494780793319413,0.5024356297842728,0.465205288796103,0.47007654836464857,0.4509394572025052,0.4231036882393876,0.46659707724425886,0.4495476687543493,0.4641614474599861,0.46903270702853167,0.46311760612386915,0.4826026443980515,0.4780793319415449,0.48329853862212946,0.4582463465553236,0.4697286012526096,0.4387613082811413,0.4902574808629088,0.453723034098817,0.45894224077940154,0.4857341684064022,0.49478079331941544,0.47286012526096033,0.4495476687543493,0.48434237995824636,0.45998608211551845,0.4596381350034795,0.477035490605428,0.47390396659707723,0.47494780793319413,0.47494780793319413,0.49512874043145444,0.48086290883785665,0.4519832985386221,0.4791231732776618,0.4791231732776618,0.44015309672929714,0.500347947112039,0.4603340292275574,0.4592901878914405,0.4860821155184412,0.47633959638135004,0.46555323590814196,0.48956158663883087,0.4707724425887265,0.4373695198329854,0.45650661099512874,0.48434237995824636,0.45894224077940154,0.48434237995824636,0.4568545581071677,0.48747390396659707,0.4561586638830898,0.46659707724425886,0.47529575504523314,0.4627696590118302,0.46903270702853167,0.47947112038970074,0.4613778705636743,0.48538622129436326,0.500347947112039,0.4707724425887265,0.4592901878914405,0.43562978427279053,0.4791231732776618,0.47286012526096033,0.45650661099512874,0.46659707724425886,0.4857341684064022,0.43458594293667363,0.488865692414753,0.4488517745302714,0.4718162839248434,0.48747390396659707,0.4509394572025052,0.441892832289492,0.45441892832289493,0.4777313848295059,0.4603340292275574,0.4596381350034795,0.47494780793319413,0.4662491301322199,0.4759916492693111,0.4662491301322199,0.48851774530271397,0.45998608211551845,0.453723034098817,0.4968684759916493,0.4801670146137787,0.4725121781489214,0.465205288796103
ACM	GNN	0.4244954766875435,0.39213639526791927,0.44224077940153095,0.42936673625608907,0.47390396659707723,0.42971468336812807,0.383785664578984,0.48643006263048016,0.41892832289492,0.3872651356993737,0.4526791927627001,0.39526791927627003,0.3778705636743215,0.42240779401530965,0.4328462073764788,0.47842727905358384,0.44015309672929714,0.36917188587334726,0.4592901878914405,0.46903270702853167,0.40848990953375086,0.41057759220598466,0.4780793319415449,0.46102992345163535,0.40048712595685454,0.4210160055671538,0.3924843423799583,0.4352818371607516,0.3740431454418928,0.4495476687543493,0.40535838552540016,0.4279749478079332,0.39318023660403617,0.44154488517745305,0.44711203897007656,0.46346555323590816,0.5219206680584552,0.4592901878914405,0.49721642310368824,0.40535838552540016,0.4547668754349339,0.42240779401530965,0.4220598469032707,0.40883785664578987,0.4328462073764788,0.3987473903966597,0.41614474599860823,0.39318023660403617,0.4130132219902575,0.44328462073764785,0.3761308281141266,0.45337508698677803,0.4241475295755045,0.39526791927627003,0.4613778705636743,0.4405010438413361,0.4707724425887265,0.3970076548364649,0.44015309672929714,0.5083507306889353,0.36673625608907445,0.42727905358385526,0.4892136395267919,0.44606819763395966,0.4046624913013222,0.4133611691022965,0.534446764091858,0.45407098121085593,0.36325678496868474,0.4867780097425191,0.48747390396659707,0.4387613082811413,0.41579679888656923,0.43354210160055673,0.4638135003479471,0.4352818371607516,0.4324982602644398,0.4791231732776618,0.44467640918580376,0.44815588030619347,0.4140570633263744,0.441892832289492,0.42379958246346555,0.42275574112734865,0.40953375086986776,0.4867780097425191,0.4178844815588031,0.4349338900487126,0.42588726513569936,0.40501043841336115,0.4780793319415449,0.4331941544885177,0.4398051496172582,0.406750173973556,0.4352818371607516,0.4081419624217119,0.5128740431454419,0.4255393180236604,0.40292275574112735,0.4429366736256089
ACM	GG	0.4913013221990257,0.3663883089770355,0.52366040361865,0.5601948503827419,0.5045233124565066,0.5257480862908838,0.4606819763395964,0.5045233124565066,0.42623521224773836,0.4547668754349339,0.44919972164231037,0.5208768267223383,0.44919972164231037,0.4725121781489214,0.4933890048712596,0.4547668754349339,0.47842727905358384,0.45894224077940154,0.5612386917188588,0.49826026443980515,0.3159359777313848,0.535142658315936,0.488169798190675,0.3893528183716075,0.5257480862908838,0.44467640918580376,0.5187891440501043,0.4474599860821155,0.5059151009046625,0.49269311064718163,0.46555323590814196,0.5501043841336117,0.5751565762004175,0.49582463465553234,0.5320111343075853,0.49478079331941544,0.46694502435629787,0.4721642310368824,0.42171189979123175,0.5031315240083507,0.522268615170494,0.4986082115518441,0.4923451635351427,0.4505915100904663,0.4933890048712596,0.35490605427974947,0.5953375086986779,0.5,0.42171189979123175,0.4805149617258177,0.4558107167710508,0.5441892832289492,0.4338900487125957,0.46555323590814196,0.395615866388309,0.5090466249130132,0.5024356297842728,0.3848295059151009,0.49826026443980515,0.5128740431454419,0.4363256784968685,0.5264439805149618,0.43910925539318024,0.5508002783576896,0.5038274182324287,0.465205288796103,0.5288796102992345,0.48956158663883087,0.569937369519833,0.5643702157272095,0.5201809324982603,0.49373695198329853,0.39735560194850383,0.5,0.522268615170494,0.4077940153096729,0.453027139874739,0.5410577592205985,0.48434237995824636,0.40744606819763396,0.42623521224773836,0.4801670146137787,0.4735560194850383,0.5038274182324287,0.48956158663883087,0.5153096729297146,0.4133611691022965,0.48643006263048016,0.5243562978427279,0.5163535142658316,0.45407098121085593,0.5730688935281837,0.4826026443980515,0.5226165622825331,0.545929018789144,0.5497564370215727,0.45859429366736254,0.5212247738343772,0.5327070285316632,0.45546276965901183
ACM	GG2	0.5156576200417536,0.4342379958246347,0.5532359081419624,0.5546276965901183,0.5421016005567154,0.5434933890048712,0.5045233124565066,0.5017397355601948,0.5257480862908838,0.535490605427975,0.535490605427975,0.5448851774530271,0.45859429366736254,0.5020876826722338,0.5177453027139874,0.5306193458594294,0.5163535142658316,0.5208768267223383,0.5755045233124565,0.4975643702157272,0.5668058455114823,0.5417536534446764,0.5671537926235213,0.5020876826722338,0.5469728601252609,0.48782185107863607,0.5549756437021572,0.4756437021572721,0.5080027835768963,0.5368823938761308,0.5845511482254697,0.5501043841336117,0.5671537926235213,0.5170494084899095,0.5191370911621433,0.5121781489213639,0.5713291579679889,0.5048712595685456,0.5066109951287404,0.5521920668058455,0.5086986778009742,0.5417536534446764,0.5469728601252609,0.5535838552540014,0.4940848990953375,0.47842727905358384,0.5918580375782881,0.5379262352122477,0.4638135003479471,0.5313152400835073,0.523312456506611,0.5664578983994433,0.4735560194850383,0.5267919276270007,0.5038274182324287,0.5438413361169102,0.5455810716771051,0.5052192066805845,0.4791231732776618,0.5017397355601948,0.488169798190675,0.48643006263048016,0.5775922059846903,0.5285316631871956,0.5372303409881698,0.5504523312456506,0.546276965901183,0.5059151009046625,0.6075156576200418,0.5894224077940153,0.5208768267223383,0.5052192066805845,0.4707724425887265,0.5142658315935977,0.5629784272790536,0.5,0.5219206680584552,0.5170494084899095,0.5167014613778705,0.5146137787056367,0.5229645093945721,0.5407098121085595,0.5299234516353514,0.5546276965901183,0.510786360473208,0.5226165622825331,0.5254001391788448,0.5121781489213639,0.5285316631871956,0.5180932498260264,0.5497564370215727,0.5762004175365344,0.5097425191370911,0.5626304801670147,0.5598469032707029,0.5650661099512874,0.5685455810716771,0.5706332637439109,0.5250521920668059,0.5121781489213639
BAT	GEE	0.4117647058823529,0.37815126050420167,0.40336134453781514,0.37815126050420167,0.42016806722689076,0.3865546218487395,0.47058823529411764,0.4117647058823529,0.47058823529411764,0.3949579831932773,0.3949579831932773,0.35294117647058826,0.36134453781512604,0.48739495798319327,0.40336134453781514,0.3277310924369748,0.35294117647058826,0.5042016806722689,0.3865546218487395,0.44537815126050423,0.453781512605042,0.44537815126050423,0.453781512605042,0.37815126050420167,0.44537815126050423,0.37815126050420167,0.453781512605042,0.453781512605042,0.4369747899159664,0.5126050420168067,0.3865546218487395,0.3865546218487395,0.453781512605042,0.3949579831932773,0.46218487394957986,0.42857142857142855,0.47058823529411764,0.42016806722689076,0.453781512605042,0.4117647058823529,0.453781512605042,0.48739495798319327,0.35294117647058826,0.3865546218487395,0.4369747899159664,0.226890756302521,0.44537815126050423,0.453781512605042,0.4117647058823529,0.5210084033613446,0.3865546218487395,0.3949579831932773,0.4369747899159664,0.42016806722689076,0.4369747899159664,0.2605042016806723,0.42857142857142855,0.4117647058823529,0.3865546218487395,0.47058823529411764,0.453781512605042,0.3949579831932773,0.36134453781512604,0.42857142857142855,0.42016806722689076,0.42016806722689076,0.35294117647058826,0.35294117647058826,0.33613445378151263,0.44537815126050423,0.33613445378151263,0.5042016806722689,0.4957983193277311,0.33613445378151263,0.37815126050420167,0.3865546218487395,0.40336134453781514,0.3697478991596639,0.5126050420168067,0.3949579831932773,0.46218487394957986,0.4369747899159664,0.37815126050420167,0.3445378151260504,0.3697478991596639,0.4957983193277311,0.37815126050420167,0.29411764705882354,0.37815126050420167,0.40336134453781514,0.29411764705882354,0.42857142857142855,0.47058823529411764,0.47058823529411764,0.453781512605042,0.47058823529411764,0.4117647058823529,0.37815126050420167,0.3949579831932773,0.33613445378151263
BAT	GNN	0.3949579831932773,0.36134453781512604,0.3025210084033613,0.2605042016806723,0.3445378151260504,0.21008403361344538,0.37815126050420167,0.36134453781512604,0.2857142857142857,0.3949579831932773,0.3277310924369748,0.2773109243697479,0.35294117647058826,0.31092436974789917,0.29411764705882354,0.2857142857142857,0.35294117647058826,0.36134453781512604,0.2773109243697479,0.24369747899159663,0.35294117647058826,0.2857142857142857,0.2689075630252101,0.40336134453781514,0.3445378151260504,0.31092436974789917,0.42857142857142855,0.35294117647058826,0.21008403361344538,0.35294117647058826,0.24369747899159663,0.42016806722689076,0.3697478991596639,0.31932773109243695,0.3277310924369748,0.3277310924369748,0.29411764705882354,0.2605042016806723,0.2689075630252101,0.29411764705882354,0.3277310924369748,0.36134453781512604,0.3697478991596639,0.3865546218487395,0.3865546218487395,0.25210084033613445,0.31932773109243695,0.25210084033613445,0.15966386554621848,0.20168067226890757,0.23529411764705882,0.25210084033613445,0.42016806722689076,0.4369747899159664,0.31932773109243695,0.33613445378151263,0.4369747899159664,0.3445378151260504,0.36134453781512604,0.3697478991596639,0.3025210084033613,0.36134453781512604,0.23529411764705882,0.31092436974789917,0.3445378151260504,0.33613445378151263,0.3277310924369748,0.35294117647058826,0.3277310924369748,0.35294117647058826,0.31932773109243695,0.3697478991596639,0.2184873949579832,0.2773109243697479,0.35294117647058826,0.2857142857142857,0.3025210084033613,0.35294117647058826,0.3445378151260504,0.42857142857142855,0.35294117647058826,0.2857142857142857,0.25210084033613445,0.31092436974789917,0.35294117647058826,0.21008403361344538,0.17647058823529413,0.31932773109243695,0.3025210084033613,0.4369747899159664,0.3949579831932773,0.25210084033613445,0.2773109243697479,0.31932773109243695,0.2689075630252101,0.33613445378151263,0.40336134453781514,0.42016806722689076,0.31932773109243695,0.3445378151260504
BAT	GG	0.4957983193277311,0.2689075630252101,0.3445378151260504,0.4117647058823529,0.2605042016806723,0.3697478991596639,0.42016806722689076,0.3277310924369748,0.47058823529411764,0.3025210084033613,0.4789915966386555,0.40336134453781514,0.37815126050420167,0.3445378151260504,0.35294117647058826,0.23529411764705882,0.3025210084033613,0.4957983193277311,0.44537815126050423,0.42857142857142855,0.3697478991596639,0.5042016806722689,0.3697478991596639,0.42857142857142855,0.35294117647058826,0.4369747899159664,0.4369747899159664,0.3697478991596639,0.4789915966386555,0.3025210084033613,0.4957983193277311,0.46218487394957986,0.18487394957983194,0.36134453781512604,0.33613445378151263,0.4789915966386555,0.36134453781512604,0.18487394957983194,0.48739495798319327,0.35294117647058826,0.226890756302521,0.33613445378151263,0.3865546218487395,0.3865546218487395,0.3949579831932773,0.40336134453781514,0.44537815126050423,0.3949579831932773,0.453781512605042,0.4789915966386555,0.36134453781512604,0.42016806722689076,0.3949579831932773,0.33613445378151263,0.2184873949579832,0.3697478991596639,0.5126050420168067,0.5210084033613446,0.3949579831932773,0.46218487394957986,0.2857142857142857,0.4957983193277311,0.31092436974789917,0.44537815126050423,0.4117647058823529,0.37815126050420167,0.37815126050420167,0.37815126050420167,0.3025210084033613,0.46218487394957986,0.42016806722689076,0.48739495798319327,0.35294117647058826,0.29411764705882354,0.3445378151260504,0.42857142857142855,0.40336134453781514,0.35294117647058826,0.4957983193277311,0.33613445378151263,0.31932773109243695,0.36134453781512604,0.4369747899159664,0.453781512605042,0.2689075630252101,0.33613445378151263,0.42857142857142855,0.3445378151260504,0.33613445378151263,0.42016806722689076,0.37815126050420167,0.5210084033613446,0.3445378151260504,0.36134453781512604,0.3025210084033613,0.453781512605042,0.5378151260504201,0.3865546218487395,0.25210084033613445,0.453781512605042
BAT	GG2	0.5378151260504201,0.3949579831932773,0.4789915966386555,0.4369747899159664,0.3445378151260504,0.46218487394957986,0.5042016806722689,0.4789915966386555,0.5210084033613446,0.3865546218487395,0.33613445378151263,0.46218487394957986,0.2857142857142857,0.453781512605042,0.42016806722689076,0.3697478991596639,0.3697478991596639,0.5294117647058824,0.3949579831932773,0.5210084033613446,0.5210084033613446,0.5210084033613446,0.47058823529411764,0.5294117647058824,0.46218487394957986,0.40336134453781514,0.44537815126050423,0.42016806722689076,0.33613445378151263,0.48739495798319327,0.37815126050420167,0.4117647058823529,0.4369747899159664,0.40336134453781514,0.5042016806722689,0.5210084033613446,0.3949579831932773,0.4117647058823529,0.453781512605042,0.46218487394957986,0.3697478991596639,0.4957983193277311,0.4369747899159664,0.453781512605042,0.4957983193277311,0.25210084033613445,0.42857142857142855,0.4957983193277311,0.44537815126050423,0.4957983193277311,0.36134453781512604,0.40336134453781514,0.44537815126050423,0.453781512605042,0.31092436974789917,0.4369747899159664,0.5378151260504201,0.37815126050420167,0.37815126050420167,0.4789915966386555,0.4117647058823529,0.42016806722689076,0.37815126050420167,0.42016806722689076,0.40336134453781514,0.3949579831932773,0.4117647058823529,0.3277310924369748,0.3025210084033613,0.46218487394957986,0.25210084033613445,0.5378151260504201,0.5042016806722689,0.3949579831932773,0.4117647058823529,0.42016806722689076,0.5126050420168067,0.37815126050420167,0.5462184873949579,0.42857142857142855,0.3445378151260504,0.44537815126050423,0.453781512605042,0.453781512605042,0.44537815126050423,0.5210084033613446,0.3865546218487395,0.3697478991596639,0.37815126050420167,0.42857142857142855,0.2689075630252101,0.3277310924369748,0.3949579831932773,0.4369747899159664,0.4369747899159664,0.5546218487394958,0.5462184873949579,0.37815126050420167,0.4957983193277311,0.36134453781512604
DBLP	GEE	0.31300285491824553,0.31507915909680767,0.32286529976641576,0.2984687256683104,0.3306514404360239,0.3280560602128212,0.3106670127173631,0.3226057617440955,0.3202699195432131,0.31793407734233065,0.3270179081235401,0.3246820659226577,0.3210485336101739,0.31352193096288605,0.3070334804048793,0.322086685699455,0.3218271476771347,0.3241629898780171,0.3039190241370361,0.3252011419672982,0.31533869711912793,0.3366208149493901,0.3166363872307293,0.31118608876200365,0.3244225279003374,0.30859070853880094,0.31715546327536986,0.32390345185569686,0.30521671424863744,0.283675058396055,0.3083311705164807,0.3226057617440955,0.3187126914092915,0.3143005450298469,0.32338437581105633,0.31897222943161174,0.31507915909680767,0.3241629898780171,0.31014793667272256,0.3104074746950428,0.32156760965481446,0.3072930184271996,0.3207889955878536,0.3148196210744874,0.31533869711912793,0.31611731118608877,0.3106670127173631,0.32286529976641576,0.3254606799896185,0.325979756034259,0.3114456267843239,0.3200103815208928,0.3262392940565793,0.31897222943161174,0.3296132883467428,0.3322086685699455,0.3148196210744874,0.31274331689592527,0.3132623929405658,0.3319491305476252,0.31715546327536986,0.3254606799896185,0.3039190241370361,0.32052945756553336,0.3348040487931482,0.3181936153646509,0.32156760965481446,0.3137814689852063,0.3280560602128212,0.3329872826369063,0.3207889955878536,0.3197508434985725,0.3290942123021023,0.3319491305476252,0.3143005450298469,0.2984687256683104,0.31793407734233065,0.3083311705164807,0.3252011419672982,0.3252011419672982,0.32052945756553336,0.33713989099403063,0.31533869711912793,0.3246820659226577,0.3244225279003374,0.32727744614586035,0.3070334804048793,0.3059953283155982,0.29872826369063066,0.30859070853880094,0.3210485336101739,0.3322086685699455,0.3335063586815468,0.3218271476771347,0.29976641577991175,0.31456008305216715,0.3200103815208928,0.3236439138333766,0.32052945756553336,0.32649883207889957
DBLP	GNN	0.3270179081235401,0.25486633791850505,0.2974305735790293,0.2717363093693226,0.3036594861147158,0.3218271476771347,0.29120166104334283,0.2956138074227874,0.3098883986504023,0.3197508434985725,0.30236179600311447,0.33428497274850766,0.3197508434985725,0.30677394238255906,0.21905009083830781,0.27017908123540096,0.26083571243187126,0.3158577731637685,0.31559823514144825,0.30262133402543473,0.2958733454451077,0.28886581884246043,0.300025953802232,0.3059953283155982,0.30962886062808204,0.2828964443290942,0.3122242408512847,0.32727744614586035,0.296132883467428,0.2969114975343888,0.29431611731118607,0.3018427199584739,0.2857513625746172,0.2969114975343888,0.31845315338697117,0.3503763301323644,0.33091097845834416,0.2995068777575915,0.3072930184271996,0.2683623150791591,0.3345445107708279,0.30417856215935635,0.32338437581105633,0.28601090059693746,0.25408772385154427,0.280820140150532,0.3254606799896185,0.30469763820399687,0.3166363872307293,0.3080716324941604,0.3207889955878536,0.29820918764599014,0.3083311705164807,0.2338437581105632,0.2522709576953024,0.22891253568647807,0.3093693226057617,0.2873085907085388,0.3117051648066442,0.32987282636906307,0.2896444329094212,0.2924993511549442,0.29639242148974826,0.3415520373734752,0.27511030365948613,0.23669867635608616,0.3610173890474955,0.3070334804048793,0.3174150012976901,0.3174150012976901,0.3054762522709577,0.32130807163249414,0.29301842719958476,0.2857513625746172,0.3241629898780171,0.29431611731118607,0.30469763820399687,0.34025434726187387,0.22112639501686998,0.2847132104853361,0.3275369841681806,0.3010641058915131,0.298987801712951,0.30521671424863744,0.30755255644951984,0.30262133402543473,0.27848429794964963,0.25304957176226317,0.30962886062808204,0.28263690630677396,0.28678951466389824,0.26446924474435507,0.3036594861147158,0.33947573319491303,0.3062548663379185,0.3231248377887361,0.26628601090059695,0.3280560602128212,0.2979496496236699,0.2457825071372956
DBLP	GG	0.27459122761484556,0.34752141188684144,0.3143005450298469,0.32156760965481446,0.32727744614586035,0.30158318193615363,0.3501167921100441,0.3752919802751103,0.35063586815468467,0.3527121723332468,0.36465092135997923,0.37217752400726706,0.3477809499091617,0.36283415520373735,0.30962886062808204,0.3314300545029847,0.3218271476771347,0.3301323643913833,0.3418115753957955,0.31897222943161174,0.30962886062808204,0.3438878795743576,0.3675058396055022,0.36542953542694007,0.2922398131326239,0.3477809499091617,0.3418115753957955,0.31014793667272256,0.3418115753957955,0.31014793667272256,0.36465092135997923,0.36516999740461975,0.36231507915909683,0.37996366467687515,0.3542694004671684,0.3114456267843239,0.3345445107708279,0.2935375032442253,0.3493381780430833,0.3503763301323644,0.3290942123021023,0.3241629898780171,0.3166363872307293,0.35297171035556707,0.27666753179340775,0.32883467427978197,0.3495977160654036,0.30417856215935635,0.33817804308331173,0.3340254347261874,0.32338437581105633,0.31352193096288605,0.30417856215935635,0.3607578510251752,0.33532312483778876,0.34025434726187387,0.3306514404360239,0.3210485336101739,0.32987282636906307,0.33272774461458604,0.30573579029327796,0.3415520373734752,0.3667272255385414,0.3301323643913833,0.3301323643913833,0.335582662860109,0.38255904490007786,0.3841162730339995,0.325979756034259,0.380742278743836,0.3545289384894887,0.32390345185569686,0.3207889955878536,0.387490267324163,0.3851544251232806,0.358681546846613,0.29275888917726445,0.3241629898780171,0.3340254347261874,0.2649883207889956,0.2862704386192577,0.3345445107708279,0.3418115753957955,0.2743316895925253,0.28549182455229694,0.30469763820399687,0.3366208149493901,0.3200103815208928,0.3301323643913833,0.3244225279003374,0.3270179081235401,0.34544510770827924,0.32987282636906307,0.30080456786919285,0.3680249156501427,0.33091097845834416,0.32156760965481446,0.34025434726187387,0.38541396314560084,0.29120166104334283
DBLP	GG2	0.3379185050609914,0.3553075525564495,0.35738385673501166,0.3200103815208928,0.35504801453412926,0.30859070853880094,0.3114456267843239,0.3729561380742279,0.37710874643135217,0.37217752400726706,0.3599792369582144,0.3667272255385414,0.33947573319491303,0.3314300545029847,0.361536465092136,0.3207889955878536,0.3589410848689333,0.3542694004671684,0.3449260316636387,0.34051388528419413,0.3542694004671684,0.322086685699455,0.3630936932260576,0.33947573319491303,0.33428497274850766,0.3324682065922658,0.3581624708019725,0.3560861666234103,0.2522709576953024,0.32935375032442255,0.33428497274850766,0.36776537762782247,0.4028030106410589,0.37840643654295353,0.37581105631975087,0.35297171035556707,0.2891253568647807,0.35946016091357386,0.35063586815468467,0.33091097845834416,0.3319491305476252,0.3311705164806644,0.3254606799896185,0.34544510770827924,0.361536465092136,0.34700233584220086,0.3553075525564495,0.3459641837529198,0.3680249156501427,0.3511549441993252,0.34259018946275627,0.3080716324941604,0.3158577731637685,0.3630936932260576,0.3822995068777576,0.3322086685699455,0.3786659745652738,0.3485595639761225,0.31793407734233065,0.30495717622631713,0.36127692706981573,0.35193355826628603,0.3002854918245523,0.29379704126654554,0.3231248377887361,0.34414741759667794,0.3737347521411887,0.3763301323643914,0.3181936153646509,0.39034518556968595,0.2935375032442253,0.36516999740461975,0.3685439916947833,0.39475733194913054,0.3786659745652738,0.3667272255385414,0.3438878795743576,0.29872826369063066,0.2901635089540618,0.3493381780430833,0.29976641577991175,0.3841162730339995,0.29431611731118607,0.2818582922398131,0.35946016091357386,0.3745133662081495,0.2940565792888658,0.33324682065922656,0.3296132883467428,0.32286529976641576,0.3202699195432131,0.37477290423046977,0.3537503244225279,0.3252011419672982,0.30521671424863744,0.3675058396055022,0.32156760965481446,0.28704905268621855,0.3841162730339995,0.35842200882429276
EAT	GEE	0.4365079365079365,0.40476190476190477,0.42328042328042326,0.3544973544973545,0.30952380952380953,0.3915343915343915,0.335978835978836,0.37037037037037035,0.38095238095238093,0.3862433862433862,0.3994708994708995,0.4126984126984127,0.2566137566137566,0.25132275132275134,0.3492063492063492,0.3835978835978836,0.2698412698412698,0.36243386243386244,0.2751322751322751,0.41534391534391535,0.26455026455026454,0.3888888888888889,0.24074074074074073,0.41534391534391535,0.42857142857142855,0.3412698412698413,0.4470899470899471,0.28835978835978837,0.3835978835978836,0.36772486772486773,0.4656084656084656,0.37566137566137564,0.3492063492063492,0.4126984126984127,0.38095238095238093,0.3941798941798942,0.3835978835978836,0.37566137566137564,0.42857142857142855,0.3835978835978836,0.37037037037037035,0.2328042328042328,0.373015873015873,0.4312169312169312,0.291005291005291,0.3835978835978836,0.42592592592592593,0.35714285714285715,0.41534391534391535,0.3439153439153439,0.26455026455026454,0.3439153439153439,0.335978835978836,0.3306878306878307,0.3306878306878307,0.3968253968253968,0.3306878306878307,0.4417989417989418,0.42063492063492064,0.4074074074074074,0.36507936507936506,0.30423280423280424,0.335978835978836,0.31746031746031744,0.3783068783068783,0.32275132275132273,0.41798941798941797,0.30158730158730157,0.37037037037037035,0.373015873015873,0.42063492063492064,0.3306878306878307,0.4444444444444444,0.30952380952380953,0.30158730158730157,0.3888888888888889,0.41798941798941797,0.32275132275132273,0.4470899470899471,0.43386243386243384,0.5026455026455027,0.37037037037037035,0.41798941798941797,0.37566137566137564,0.24867724867724866,0.3862433862433862,0.291005291005291,0.37037037037037035,0.3148148148148148,0.36772486772486773,0.3783068783068783,0.2857142857142857,0.3968253968253968,0.3386243386243386,0.3253968253968254,0.30158730158730157,0.373015873015873,0.42328042328042326,0.4126984126984127,0.4497354497354497
EAT	GNN	0.3862433862433862,0.3201058201058201,0.35978835978835977,0.2962962962962963,0.28835978835978837,0.3333333333333333,0.36507936507936506,0.3201058201058201,0.42328042328042326,0.37037037037037035,0.2804232804232804,0.29365079365079366,0.3783068783068783,0.36507936507936506,0.328042328042328,0.36507936507936506,0.2777777777777778,0.3386243386243386,0.29894179894179895,0.291005291005291,0.36772486772486773,0.37037037037037035,0.25396825396825395,0.3201058201058201,0.24867724867724866,0.3253968253968254,0.3835978835978836,0.37037037037037035,0.3253968253968254,0.35714285714285715,0.335978835978836,0.43386243386243384,0.335978835978836,0.2777777777777778,0.3941798941798942,0.4126984126984127,0.3492063492063492,0.3544973544973545,0.36772486772486773,0.3941798941798942,0.30158730158730157,0.37566137566137564,0.36507936507936506,0.3306878306878307,0.3888888888888889,0.3888888888888889,0.35978835978835977,0.3492063492063492,0.30687830687830686,0.30952380952380953,0.3201058201058201,0.3941798941798942,0.3333333333333333,0.22486772486772486,0.2671957671957672,0.4074074074074074,0.34656084656084657,0.28835978835978837,0.3333333333333333,0.3544973544973545,0.42592592592592593,0.4365079365079365,0.291005291005291,0.2724867724867725,0.3306878306878307,0.328042328042328,0.2724867724867725,0.3835978835978836,0.2857142857142857,0.36243386243386244,0.23544973544973544,0.3201058201058201,0.3306878306878307,0.2962962962962963,0.35978835978835977,0.2751322751322751,0.30423280423280424,0.3412698412698413,0.37566137566137564,0.35978835978835977,0.31746031746031744,0.3333333333333333,0.328042328042328,0.2724867724867725,0.24074074074074073,0.3968253968253968,0.41798941798941797,0.3201058201058201,0.3835978835978836,0.3412698412698413,0.3253968253968254,0.30952380952380953,0.28835978835978837,0.30158730158730157,0.1746031746031746,0.30158730158730157,0.3201058201058201,0.36772486772486773,0.3492063492063492,0.3201058201058201
EAT	GG	0.3835978835978836,0.36507936507936506,0.3253968253968254,0.35978835978835977,0.35714285714285715,0.24074074074074073,0.32275132275132273,0.328042328042328,0.3915343915343915,0.29365079365079366,0.2698412698412698,0.29365079365079366,0.4444444444444444,0.25925925925925924,0.4497354497354497,0.36507936507936506,0.3994708994708995,0.43915343915343913,0.29894179894179895,0.3835978835978836,0.2724867724867725,0.3544973544973545,0.30952380952380953,0.335978835978836,0.3306878306878307,0.30952380952380953,0.3862433862433862,0.30687830687830686,0.455026455026455,0.32275132275132273,0.37566137566137564,0.3888888888888889,0.31746031746031744,0.26455026455026454,0.31216931216931215,0.3835978835978836,0.23015873015873015,0.2037037037037037,0.3439153439153439,0.3386243386243386,0.2619047619047619,0.328042328042328,0.41798941798941797,0.3783068783068783,0.328042328042328,0.3994708994708995,0.2962962962962963,0.3968253968253968,0.41005291005291006,0.41534391534391535,0.32275132275132273,0.2962962962962963,0.328042328042328,0.25925925925925924,0.3439153439153439,0.36772486772486773,0.3968253968253968,0.328042328042328,0.3439153439153439,0.4126984126984127,0.37037037037037035,0.36772486772486773,0.3333333333333333,0.3544973544973545,0.2962962962962963,0.20899470899470898,0.3941798941798942,0.3994708994708995,0.3306878306878307,0.3994708994708995,0.3439153439153439,0.30687830687830686,0.38095238095238093,0.29365079365079366,0.3439153439153439,0.35714285714285715,0.37037037037037035,0.2804232804232804,0.4126984126984127,0.3333333333333333,0.36772486772486773,0.3888888888888889,0.40476190476190477,0.41005291005291006,0.31746031746031744,0.35714285714285715,0.3835978835978836,0.43386243386243384,0.35714285714285715,0.3492063492063492,0.3862433862433862,0.4470899470899471,0.26455026455026454,0.3253968253968254,0.24074074074074073,0.35714285714285715,0.3148148148148148,0.41534391534391535,0.2751322751322751,0.4312169312169312
EAT	GG2	0.4497354497354497,0.4444444444444444,0.3888888888888889,0.3941798941798942,0.3941798941798942,0.41534391534391535,0.3783068783068783,0.335978835978836,0.3439153439153439,0.37566137566137564,0.35185185185185186,0.2724867724867725,0.2804232804232804,0.2698412698412698,0.36772486772486773,0.42063492063492064,0.335978835978836,0.42592592592592593,0.36772486772486773,0.3994708994708995,0.2724867724867725,0.41798941798941797,0.35714285714285715,0.37566137566137564,0.42592592592592593,0.31746031746031744,0.455026455026455,0.2857142857142857,0.41798941798941797,0.4021164021164021,0.4603174603174603,0.3888888888888889,0.30952380952380953,0.3333333333333333,0.3888888888888889,0.4365079365079365,0.3544973544973545,0.291005291005291,0.35714285714285715,0.37037037037037035,0.3888888888888889,0.335978835978836,0.3941798941798942,0.41534391534391535,0.2804232804232804,0.3994708994708995,0.40476190476190477,0.4365079365079365,0.42592592592592593,0.3783068783068783,0.2619047619047619,0.42328042328042326,0.37566137566137564,0.3439153439153439,0.3862433862433862,0.40476190476190477,0.41798941798941797,0.3783068783068783,0.36243386243386244,0.41798941798941797,0.34656084656084657,0.32275132275132273,0.24867724867724866,0.35714285714285715,0.24338624338624337,0.1984126984126984,0.40476190476190477,0.3492063492063492,0.37037037037037035,0.41798941798941797,0.42592592592592593,0.328042328042328,0.4444444444444444,0.3253968253968254,0.3306878306878307,0.3835978835978836,0.4497354497354497,0.3439153439153439,0.42592592592592593,0.4365079365079365,0.48148148148148145,0.41534391534391535,0.42857142857142855,0.41798941798941797,0.3148148148148148,0.4444444444444444,0.3439153439153439,0.40476190476190477,0.30687830687830686,0.35978835978835977,0.41005291005291006,0.25396825396825395,0.42857142857142855,0.29894179894179895,0.2698412698412698,0.3941798941798942,0.3888888888888889,0.42063492063492064,0.3835978835978836,0.42592592592592593
UAT	GEE	0.3968253968253968,0.42504409171075835,0.31393298059964725,0.40476190476190477,0.3994708994708995,0.4021164021164021,0.4435626102292769,0.3262786596119929,0.4329805996472663,0.41534391534391535,0.47001763668430335,0.4091710758377425,0.47619047619047616,0.4074074074074074,0.40652557319223986,0.43915343915343913,0.43915343915343913,0.3315696649029982,0.40652557319223986,0.42239858906525574,0.43738977072310403,0.40652557319223986,0.34656084656084657,0.4567901234567901,0.4294532627865961,0.445326278659612,0.4435626102292769,0.3994708994708995,0.42328042328042326,0.47354497354497355,0.4382716049382716,0.3835978835978836,0.4382716049382716,0.36948853615520283,0.42239858906525574,0.4585537918871252,0.36243386243386244,0.3492063492063492,0.43386243386243384,0.42151675485008816,0.2962962962962963,0.4435626102292769,0.48059964726631393,0.42680776014109345,0.3959435626102293,0.4382716049382716,0.3262786596119929,0.47178130511463845,0.4567901234567901,0.36331569664902996,0.4038800705467372,0.37389770723104054,0.43386243386243384,0.3888888888888889,0.4435626102292769,0.46649029982363316,0.35185185185185186,0.35978835978835977,0.3924162257495591,0.4382716049382716,0.4567901234567901,0.3298059964726631,0.47795414462081126,0.34832451499118167,0.42680776014109345,0.3350970017636684,0.4294532627865961,0.42239858906525574,0.31569664902998235,0.42416225749559083,0.455026455026455,0.4603174603174603,0.4532627865961199,0.36419753086419754,0.328042328042328,0.4365079365079365,0.4144620811287478,0.4479717813051146,0.35008818342151676,0.43209876543209874,0.46119929453262787,0.41005291005291006,0.3818342151675485,0.43386243386243384,0.47001763668430335,0.3985890652557319,0.42857142857142855,0.4056437389770723,0.4541446208112875,0.42857142857142855,0.42857142857142855,0.4488536155202822,0.4012345679012346,0.3853615520282187,0.4074074074074074,0.48059964726631393,0.3236331569664903,0.46649029982363316,0.36419753086419754,0.35185185185185186
UAT	GNN	0.30952380952380953,0.3880070546737213,0.3862433862433862,0.31569664902998235,0.24691358024691357,0.335978835978836,0.4365079365079365,0.38095238095238093,0.3862433862433862,0.36860670194003525,0.3941798941798942,0.3148148148148148,0.445326278659612,0.3959435626102293,0.2980599647266314,0.3985890652557319,0.3306878306878307,0.345679012345679,0.20105820105820105,0.3377425044091711,0.2857142857142857,0.3386243386243386,0.3959435626102293,0.3527336860670194,0.3165784832451499,0.41798941798941797,0.37213403880070545,0.35537918871252205,0.3492063492063492,0.37389770723104054,0.3888888888888889,0.45943562610229277,0.4400352733686067,0.3333333333333333,0.3421516754850088,0.3924162257495591,0.36419753086419754,0.2760141093474427,0.42063492063492064,0.41005291005291006,0.3253968253968254,0.3765432098765432,0.37213403880070545,0.3350970017636684,0.4312169312169312,0.2962962962962963,0.4091710758377425,0.3412698412698413,0.2760141093474427,0.24426807760141092,0.42328042328042326,0.4126984126984127,0.3783068783068783,0.345679012345679,0.35978835978835977,0.3368606701940035,0.42416225749559083,0.3201058201058201,0.31040564373897706,0.3783068783068783,0.43738977072310403,0.4312169312169312,0.32098765432098764,0.30070546737213405,0.3544973544973545,0.4506172839506173,0.36948853615520283,0.48412698412698413,0.42328042328042326,0.3977072310405644,0.37918871252204583,0.36507936507936506,0.30776014109347444,0.4021164021164021,0.42063492063492064,0.34832451499118167,0.31216931216931215,0.38271604938271603,0.31305114638447973,0.3950617283950617,0.42151675485008816,0.4312169312169312,0.3218694885361552,0.335978835978836,0.35537918871252205,0.3201058201058201,0.41887125220458554,0.3880070546737213,0.318342151675485,0.3880070546737213,0.34832451499118167,0.3959435626102293,0.2698412698412698,0.36507936507936506,0.36419753086419754,0.4021164021164021,0.3350970017636684,0.3403880070546737,0.38095238095238093,0.30158730158730157
UAT	GG	0.43386243386243384,0.4417989417989418,0.26631393298059963,0.4038800705467372,0.36155202821869487,0.47883597883597884,0.30246913580246915,0.3862433862433862,0.43209876543209874,0.42504409171075835,0.43209876543209874,0.41622574955908287,0.46649029982363316,0.4091710758377425,0.390652557319224,0.4382716049382716,0.3915343915343915,0.42416225749559083,0.3333333333333333,0.41358024691358025,0.41622574955908287,0.36772486772486773,0.42504409171075835,0.4576719576719577,0.42416225749559083,0.4444444444444444,0.373015873015873,0.31305114638447973,0.4012345679012346,0.4312169312169312,0.43386243386243384,0.4400352733686067,0.30511463844797176,0.41887125220458554,0.30864197530864196,0.38095238095238093,0.42857142857142855,0.2927689594356261,0.41798941798941797,0.4329805996472663,0.4603174603174603,0.3783068783068783,0.41975308641975306,0.400352733686067,0.2998236331569665,0.41622574955908287,0.4576719576719577,0.4620811287477954,0.41887125220458554,0.3994708994708995,0.3324514991181658,0.4894179894179894,0.48324514991181655,0.4876543209876543,0.3888888888888889,0.38271604938271603,0.4329805996472663,0.43209876543209874,0.4620811287477954,0.4056437389770723,0.3262786596119929,0.3835978835978836,0.4365079365079365,0.41975308641975306,0.41622574955908287,0.41798941798941797,0.3977072310405644,0.43915343915343913,0.4021164021164021,0.42857142857142855,0.36507936507936506,0.47530864197530864,0.38095238095238093,0.4559082892416226,0.35890652557319225,0.3880070546737213,0.328042328042328,0.41710758377425045,0.42151675485008816,0.30511463844797176,0.4894179894179894,0.4417989417989418,0.36067019400352734,0.4365079365079365,0.31922398589065254,0.3253968253968254,0.4532627865961199,0.4038800705467372,0.4126984126984127,0.4056437389770723,0.43915343915343913,0.41181657848324515,0.4426807760141093,0.3148148148148148,0.4021164021164021,0.4638447971781305,0.37213403880070545,0.4532627865961199,0.35537918871252205,0.30158730158730157
UAT	GG2	0.3747795414462081,0.43915343915343913,0.345679012345679,0.41622574955908287,0.40299823633156967,0.48148148148148145,0.4109347442680776,0.3350970017636684,0.4506172839506173,0.4400352733686067,0.46472663139329806,0.46825396825396826,0.47883597883597884,0.42680776014109345,0.4056437389770723,0.43209876543209874,0.41534391534391535,0.3880070546737213,0.41710758377425045,0.41887125220458554,0.42328042328042326,0.40299823633156967,0.42328042328042326,0.4559082892416226,0.4638447971781305,0.4532627865961199,0.3915343915343915,0.41710758377425045,0.3888888888888889,0.4426807760141093,0.4585537918871252,0.4541446208112875,0.47971781305114636,0.3800705467372134,0.37918871252204583,0.47178130511463845,0.4365079365079365,0.3447971781305115,0.4576719576719577,0.455026455026455,0.3950617283950617,0.46119929453262787,0.4567901234567901,0.4109347442680776,0.4567901234567901,0.42857142857142855,0.4673721340388007,0.47971781305114636,0.43209876543209874,0.4329805996472663,0.3915343915343915,0.47530864197530864,0.4858906525573192,0.49559082892416223,0.4603174603174603,0.41887125220458554,0.4708994708994709,0.4523809523809524,0.48500881834215165,0.4523809523809524,0.46472663139329806,0.4294532627865961,0.4567901234567901,0.41181657848324515,0.4620811287477954,0.4559082892416226,0.4506172839506173,0.46119929453262787,0.41975308641975306,0.4506172839506173,0.47442680776014107,0.48412698412698413,0.47266313932980597,0.45943562610229277,0.3941798941798942,0.3959435626102293,0.455026455026455,0.42151675485008816,0.43033509700176364,0.43209876543209874,0.4973544973544973,0.43386243386243384,0.4435626102292769,0.4426807760141093,0.5052910052910053,0.41005291005291006,0.43386243386243384,0.47266313932980597,0.4435626102292769,0.41622574955908287,0.46825396825396826,0.4417989417989418,0.4038800705467372,0.427689594356261,0.42239858906525574,0.5008818342151675,0.43915343915343913,0.5105820105820106,0.3712522045855379,0.4012345679012346
Wiki	GEE	0.2726473175021988,0.19744942832014073,0.24406332453825857,0.2955145118733509,0.23043095866314864,0.3227792436235708,0.24802110817941952,0.24934036939313983,0.19085312225153914,0.22559366754617413,0.22515391380826738,0.2198768689533861,0.29507475813544415,0.22867194371152155,0.18293755496921724,0.24626209322779244,0.25505716798592787,0.18117854001759015,0.24626209322779244,0.22031662269129287,0.33992963940193494,0.3153034300791557,0.18117854001759015,0.22075637642919965,0.23526824978012312,0.2805628847845207,0.2928759894459103,0.20580474934036938,0.30606860158311344,0.2990325417766051,0.18865435356200527,0.21503957783641162,0.25549692172383465,0.18909410729991205,0.3302550571679859,0.23746701846965698,0.24494283201407213,0.306948109058927,0.2167985927880387,0.20624450307827616,0.25021987686895336,0.2418645558487247,0.22163588390501318,0.18865435356200527,0.18953386103781883,0.3038698328935796,0.2620932277924362,0.22911169744942833,0.2247141600703606,0.29507475813544415,0.20184696569920843,0.3117854001759015,0.22119613016710643,0.29199648197009676,0.20580474934036938,0.32058047493403696,0.26077396657871593,0.2185576077396658,0.2985927880386983,0.20360598065083554,0.27440633245382584,0.22823218997361477,0.2260334212840809,0.18953386103781883,0.2748460861917326,0.31838170624450307,0.20140721196130168,0.2088830255057168,0.23350923482849603,0.227792436235708,0.17985927880386984,0.1961301671064204,0.25857519788918204,0.3095866314863676,0.25549692172383465,0.23922603342128407,0.23526824978012312,0.20668425681618294,0.25241864555848725,0.2594547053649956,0.18337730870712401,0.3007915567282322,0.2695690413368514,0.2185576077396658,0.22515391380826738,0.2515391380826737,0.23790677220756376,0.2955145118733509,0.32365875109938436,0.23175021987686895,0.2906772207563764,0.17326297273526825,0.18909410729991205,0.25549692172383465,0.2436235708003518,0.26561125769569044,0.19129287598944592,0.21503957783641162,0.18601583113456466,0.23131046613896217
Wiki	GNN	0.2519788918205805,0.23043095866314864,0.26341248900615655,0.2532981530343008,0.24582233948988566,0.2075637642919965,0.1723834652594547,0.24890061565523308,0.22075637642919965,0.24406332453825857,0.202726473175022,0.27088830255057167,0.18117854001759015,0.25725593667546176,0.23702726473175023,0.2075637642919965,0.2669305189094107,0.2247141600703606,0.1802990325417766,0.24098504837291118,0.27088830255057167,0.18997361477572558,0.21240105540897097,0.1948109058927001,0.25549692172383465,0.218117854001759,0.24538258575197888,0.227792436235708,0.26077396657871593,0.193051890941073,0.19525065963060687,0.22691292875989447,0.20976253298153033,0.2700087950747581,0.22559366754617413,0.2546174142480211,0.21503957783641162,0.23350923482849603,0.23878627968337732,0.262532981530343,0.19832893579595426,0.1882145998240985,0.21767810026385223,0.2418645558487247,0.20448548812664907,0.20492524186455585,0.23702726473175023,0.24010554089709762,0.202726473175022,0.22119613016710643,0.24890061565523308,0.2515391380826737,0.19261213720316622,0.21108179419525067,0.27616534740545295,0.22911169744942833,0.2559366754617414,0.23087071240105542,0.23526824978012312,0.25505716798592787,0.20976253298153033,0.26561125769569044,0.2405452946350044,0.26868953386103783,0.2106420404573439,0.25241864555848725,0.20184696569920843,0.262532981530343,0.24274406332453827,0.20008795074758134,0.23218997361477572,0.1864555848724714,0.24142480211081793,0.2484608619173263,0.2119613016710642,0.23702726473175023,0.2088830255057168,0.2075637642919965,0.22119613016710643,0.1961301671064204,0.1851363236587511,0.2343887423043096,0.2774846086191733,0.2717678100263852,0.2264731750219877,0.23966578715919085,0.24494283201407213,0.2260334212840809,0.2836411609498681,0.18953386103781883,0.2704485488126649,0.20492524186455585,0.17985927880386984,0.2616534740545295,0.1868953386103782,0.21240105540897097,0.22691292875989447,0.23966578715919085,0.19744942832014073,0.23350923482849603
Wiki	GG	0.3658751099384345,0.3575197889182058,0.3122251539138083,0.35224274406332456,0.35048372911169745,0.34520668425681617,0.29683377308707126,0.3733509234828496,0.32673702726473175,0.36895338610378187,0.2752858399296394,0.35839929639401935,0.33157431838170626,0.3113456464379947,0.30606860158311344,0.30123131046613894,0.3781882145998241,0.3355321020228672,0.36455584872471414,0.36895338610378187,0.4067722075637643,0.33157431838170626,0.3390501319261214,0.3232189973614776,0.3232189973614776,0.3179419525065963,0.3227792436235708,0.3403693931398417,0.2928759894459103,0.36631486367634125,0.2963940193491645,0.3482849604221636,0.35092348284960423,0.3390501319261214,0.38258575197889183,0.32937554969217236,0.31398416886543534,0.32058047493403696,0.31926121372031663,0.3733509234828496,0.31926121372031663,0.31838170624450307,0.3324538258575198,0.3390501319261214,0.3038698328935796,0.31926121372031663,0.32497801231310464,0.3518029903254178,0.32189973614775724,0.3197009674582234,0.35576077396657874,0.34740545294635006,0.31706244503078274,0.33773087071240104,0.401495162708883,0.37730870712401055,0.3381706244503078,0.33729111697449426,0.32409850483729113,0.35576077396657874,0.33289357959542654,0.31354441512752856,0.32981530343007914,0.31046613896218117,0.33641160949868076,0.35664028144239224,0.35576077396657874,0.34432717678100266,0.3280562884784521,0.27792436235708,0.2862796833773087,0.32629727352682497,0.3258575197889182,0.3333333333333333,0.3324538258575198,0.39313984168865435,0.335971855760774,0.36939313984168864,0.2906772207563764,0.3751099384344767,0.29023746701846964,0.37994722955145116,0.3368513632365875,0.3808267370272647,0.3095866314863676,0.3324538258575198,0.34432717678100266,0.34564643799472294,0.31882145998240985,0.36103781882145997,0.3627968337730871,0.3306948109058927,0.34256816182937555,0.35664028144239224,0.35048372911169745,0.33948988566402816,0.32365875109938436,0.3438874230430959,0.2990325417766051,0.3562005277044855
Wiki	GG2	0.33992963940193494,0.3051890941072999,0.31046613896218117,0.3258575197889182,0.3258575197889182,0.33289357959542654,0.297273526824978,0.34872471416007034,0.2704485488126649,0.29331574318381703,0.23306948109058928,0.33509234828496043,0.34080914687774844,0.31266490765171506,0.29331574318381703,0.3021108179419525,0.2854001759014952,0.3113456464379947,0.36015831134564646,0.36631486367634125,0.39621811785400174,0.335971855760774,0.3227792436235708,0.2849604221635884,0.3016710642040457,0.2928759894459103,0.31046613896218117,0.27352682497801234,0.2519788918205805,0.29155672823219,0.24714160070360597,0.31090589270008795,0.32629727352682497,0.27616534740545295,0.37247141600703604,0.29815303430079154,0.29991204925241866,0.3302550571679859,0.29815303430079154,0.3627968337730871,0.3087071240105541,0.3227792436235708,0.32981530343007914,0.30255057167985927,0.27880386983289357,0.34300791556728233,0.2862796833773087,0.31046613896218117,0.33157431838170626,0.29463500439753737,0.3021108179419525,0.3201407211961302,0.30606860158311344,0.31926121372031663,0.33201407211961304,0.33465259454705365,0.3201407211961302,0.28452066842568163,0.33773087071240104,0.3245382585751979,0.3153034300791557,0.31090589270008795,0.3087071240105541,0.2497801231310466,0.30299032541776605,0.30826737027264733,0.27660510114335973,0.29815303430079154,0.3306948109058927,0.2594547053649956,0.27352682497801234,0.2770448548812665,0.31618293755496923,0.3051890941072999,0.31706244503078274,0.35664028144239224,0.3280562884784521,0.3095866314863676,0.3148636763412489,0.32673702726473175,0.2339489885664028,0.29991204925241866,0.3491644678979771,0.3254177660510114,0.2990325417766051,0.3289357959542656,0.31046613896218117,0.3324538258575198,0.3438874230430959,0.2858399296394019,0.3038698328935796,0.27352682497801234,0.33641160949868076,0.3095866314863676,0.30782761653474056,0.3544415127528584,0.29331574318381703,0.2783641160949868,0.2849604221635884,0.34080914687774844
Gene	GEE	0.6040076335877863,0.5820610687022901,0.6040076335877863,0.6049618320610687,0.47423664122137404,0.6001908396946565,0.5811068702290076,0.558206106870229,0.5963740458015268,0.5820610687022901,0.5858778625954199,0.6001908396946565,0.6001908396946565,0.5725190839694656,0.5830152671755725,0.5906488549618321,0.583969465648855,0.5629770992366412,0.6154580152671756,0.6135496183206107,0.5944656488549618,0.4484732824427481,0.4723282442748092,0.5744274809160306,0.583969465648855,0.6040076335877863,0.49809160305343514,0.5954198473282443,0.5877862595419847,0.5935114503816794,0.5849236641221374,0.5868320610687023,0.6059160305343512,0.6116412213740458,0.5687022900763359,0.6183206106870229,0.5811068702290076,0.6059160305343512,0.6001908396946565,0.5858778625954199,0.607824427480916,0.558206106870229,0.48854961832061067,0.5801526717557252,0.5992366412213741,0.5982824427480916,0.5801526717557252,0.5944656488549618,0.48282442748091603,0.5925572519083969,0.6020992366412213,0.5858778625954199,0.5973282442748091,0.6001908396946565,0.5896946564885496,0.45896946564885494,0.4961832061068702,0.6125954198473282,0.6221374045801527,0.49236641221374045,0.5801526717557252,0.5973282442748091,0.5935114503816794,0.5963740458015268,0.5772900763358778,0.5744274809160306,0.5973282442748091,0.601145038167939,0.5982824427480916,0.5906488549618321,0.5963740458015268,0.5791984732824428,0.5916030534351145,0.6173664122137404,0.5992366412213741,0.5896946564885496,0.48950381679389315,0.583969465648855,0.6059160305343512,0.5791984732824428,0.5391221374045801,0.5820610687022901,0.6164122137404581,0.5801526717557252,0.43320610687022904,0.5982824427480916,0.6001908396946565,0.607824427480916,0.6259541984732825,0.5916030534351145,0.601145038167939,0.5782442748091603,0.6030534351145038,0.5830152671755725,0.5877862595419847,0.5906488549618321,0.5801526717557252,0.5944656488549618,0.4799618320610687,0.566793893129771
Gene	GNN	0.6020992366412213,0.5181297709923665,0.5028625954198473,0.5830152671755725,0.5696564885496184,0.45038167938931295,0.5515267175572519,0.4780534351145038,0.5038167938931297,0.4713740458015267,0.575381679389313,0.5515267175572519,0.49427480916030536,0.48282442748091603,0.5286259541984732,0.4952290076335878,0.583969465648855,0.575381679389313,0.4713740458015267,0.5963740458015268,0.6173664122137404,0.5925572519083969,0.5505725190839694,0.5610687022900763,0.42938931297709926,0.5944656488549618,0.5591603053435115,0.5057251908396947,0.4799618320610687,0.5811068702290076,0.43320610687022904,0.4847328244274809,0.5925572519083969,0.5458015267175572,0.5162213740458015,0.6049618320610687,0.5009541984732825,0.5209923664122137,0.6278625954198473,0.4255725190839695,0.5620229007633588,0.43416030534351147,0.5181297709923665,0.549618320610687,0.5820610687022901,0.5162213740458015,0.4723282442748092,0.6001908396946565,0.43797709923664124,0.575381679389313,0.4770992366412214,0.4799618320610687,0.6020992366412213,0.5849236641221374,0.4847328244274809,0.5820610687022901,0.5362595419847328,0.5114503816793893,0.47900763358778625,0.6097328244274809,0.44751908396946566,0.5639312977099237,0.45896946564885494,0.4360687022900763,0.5572519083969466,0.48377862595419846,0.5076335877862596,0.5515267175572519,0.5658396946564885,0.5562977099236641,0.43702290076335876,0.48377862595419846,0.5076335877862596,0.47900763358778625,0.5429389312977099,0.45610687022900764,0.5973282442748091,0.5143129770992366,0.5353053435114504,0.5028625954198473,0.5143129770992366,0.583969465648855,0.4961832061068702,0.5229007633587787,0.5362595419847328,0.4074427480916031,0.45896946564885494,0.549618320610687,0.4961832061068702,0.5143129770992366,0.4961832061068702,0.5057251908396947,0.5190839694656488,0.5763358778625954,0.5124045801526718,0.6087786259541985,0.5553435114503816,0.5543893129770993,0.5038167938931297,0.5715648854961832
Gene	GG	0.4580152671755725,0.5333969465648855,0.5391221374045801,0.5467557251908397,0.48282442748091603,0.5973282442748091,0.5849236641221374,0.5047709923664122,0.6040076335877863,0.45896946564885494,0.5935114503816794,0.5696564885496184,0.5858778625954199,0.5477099236641222,0.5477099236641222,0.5687022900763359,0.5677480916030534,0.4770992366412214,0.5181297709923665,0.5104961832061069,0.4770992366412214,0.5295801526717557,0.5248091603053435,0.5286259541984732,0.45610687022900764,0.5868320610687023,0.6173664122137404,0.5209923664122137,0.5543893129770993,0.5877862595419847,0.566793893129771,0.5458015267175572,0.5534351145038168,0.5248091603053435,0.5477099236641222,0.5333969465648855,0.4904580152671756,0.49809160305343514,0.5877862595419847,0.5314885496183206,0.5763358778625954,0.5772900763358778,0.5362595419847328,0.5400763358778626,0.5353053435114504,0.6097328244274809,0.5629770992366412,0.5229007633587787,0.5057251908396947,0.5295801526717557,0.5572519083969466,0.5524809160305344,0.5954198473282443,0.5276717557251909,0.47423664122137404,0.46564885496183206,0.5257633587786259,0.48377862595419846,0.49713740458015265,0.5448473282442748,0.5248091603053435,0.5620229007633588,0.6087786259541985,0.4761450381679389,0.4541984732824427,0.4904580152671756,0.5448473282442748,0.5324427480916031,0.5133587786259542,0.5772900763358778,0.5467557251908397,0.5648854961832062,0.5935114503816794,0.549618320610687,0.45610687022900764,0.4675572519083969,0.47041984732824427,0.49809160305343514,0.5553435114503816,0.583969465648855,0.5601145038167938,0.5143129770992366,0.5734732824427481,0.5486641221374046,0.4799618320610687,0.5820610687022901,0.4933206106870229,0.4675572519083969,0.5066793893129771,0.5744274809160306,0.6049618320610687,0.5286259541984732,0.5152671755725191,0.5162213740458015,0.5257633587786259,0.48282442748091603,0.5143129770992366,0.48377862595419846,0.4856870229007634,0.48759541984732824
Gene	GG2	0.48759541984732824,0.5372137404580153,0.5620229007633588,0.5467557251908397,0.48091603053435117,0.5992366412213741,0.5830152671755725,0.4666030534351145,0.5162213740458015,0.5791984732824428,0.5963740458015268,0.5381679389312977,0.5954198473282443,0.5658396946564885,0.5467557251908397,0.5677480916030534,0.583969465648855,0.48950381679389315,0.5190839694656488,0.5133587786259542,0.5190839694656488,0.5124045801526718,0.5400763358778626,0.5190839694656488,0.5906488549618321,0.5944656488549618,0.5925572519083969,0.5200381679389313,0.5906488549618321,0.5696564885496184,0.566793893129771,0.5658396946564885,0.5562977099236641,0.5295801526717557,0.5610687022900763,0.5486641221374046,0.5181297709923665,0.5534351145038168,0.6364503816793893,0.5209923664122137,0.5763358778625954,0.5763358778625954,0.558206106870229,0.5362595419847328,0.5276717557251909,0.5629770992366412,0.5811068702290076,0.5286259541984732,0.5057251908396947,0.5257633587786259,0.5610687022900763,0.5553435114503816,0.5811068702290076,0.5267175572519084,0.5610687022900763,0.48759541984732824,0.5314885496183206,0.5896946564885496,0.5353053435114504,0.5438931297709924,0.5257633587786259,0.5744274809160306,0.5973282442748091,0.5448473282442748,0.5133587786259542,0.5314885496183206,0.5868320610687023,0.5362595419847328,0.5124045801526718,0.5687022900763359,0.5276717557251909,0.5677480916030534,0.5811068702290076,0.558206106870229,0.5477099236641222,0.5333969465648855,0.6173664122137404,0.5524809160305344,0.5553435114503816,0.5858778625954199,0.5534351145038168,0.5009541984732825,0.5849236641221374,0.5391221374045801,0.44179389312977096,0.5973282442748091,0.5639312977099237,0.6097328244274809,0.583969465648855,0.5744274809160306,0.6106870229007634,0.5305343511450382,0.5047709923664122,0.5477099236641222,0.5648854961832062,0.5391221374045801,0.5295801526717557,0.5562977099236641,0.523854961832061,0.5448473282442748
IIP	GEE	0.5631067961165048,0.3786407766990291,0.5388349514563107,0.3737864077669903,0.2912621359223301,0.5970873786407767,0.32038834951456313,0.21359223300970873,0.46601941747572817,0.3155339805825243,0.5970873786407767,0.5533980582524272,0.21359223300970873,0.21359223300970873,0.5388349514563107,0.30097087378640774,0.3446601941747573,0.5242718446601942,0.49514563106796117,0.33980582524271846,0.558252427184466,0.6116504854368932,0.34951456310679613,0.45145631067961167,0.4563106796116505,0.2912621359223301,0.22815533980582525,0.5242718446601942,0.33980582524271846,0.441747572815534,0.558252427184466,0.5485436893203883,0.3106796116504854,0.5776699029126213,0.3106796116504854,0.5097087378640777,0.5922330097087378,0.6019417475728155,0.5631067961165048,0.5728155339805825,0.49514563106796117,0.25728155339805825,0.558252427184466,0.5970873786407767,0.30097087378640774,0.5970873786407767,0.3786407766990291,0.616504854368932,0.2621359223300971,0.21359223300970873,0.5728155339805825,0.3592233009708738,0.24271844660194175,0.5679611650485437,0.34951456310679613,0.3155339805825243,0.3106796116504854,0.34951456310679613,0.5048543689320388,0.49514563106796117,0.33980582524271846,0.33495145631067963,0.2961165048543689,0.529126213592233,0.6019417475728155,0.24757281553398058,0.49029126213592233,0.587378640776699,0.5728155339805825,0.36893203883495146,0.30097087378640774,0.6310679611650486,0.34951456310679613,0.616504854368932,0.33980582524271846,0.5776699029126213,0.32524271844660196,0.21359223300970873,0.25728155339805825,0.27184466019417475,0.22330097087378642,0.46601941747572817,0.5922330097087378,0.35436893203883496,0.5388349514563107,0.21844660194174756,0.2815533980582524,0.587378640776699,0.3300970873786408,0.47572815533980584,0.5242718446601942,0.38349514563106796,0.3106796116504854,0.558252427184466,0.3446601941747573,0.5533980582524272,0.49514563106796117,0.6019417475728155,0.3737864077669903,0.47572815533980584
IIP	GNN	0.6019417475728155,0.5242718446601942,0.49029126213592233,0.5339805825242718,0.4563106796116505,0.616504854368932,0.49029126213592233,0.5970873786407767,0.5825242718446602,0.587378640776699,0.529126213592233,0.5922330097087378,0.44660194174757284,0.6116504854368932,0.32524271844660196,0.46601941747572817,0.32038834951456313,0.3300970873786408,0.6067961165048543,0.5679611650485437,0.46601941747572817,0.5,0.470873786407767,0.529126213592233,0.42718446601941745,0.5970873786407767,0.4029126213592233,0.47572815533980584,0.441747572815534,0.5825242718446602,0.5970873786407767,0.48058252427184467,0.558252427184466,0.587378640776699,0.5194174757281553,0.5436893203883495,0.3058252427184466,0.5776699029126213,0.5533980582524272,0.5728155339805825,0.2669902912621359,0.5631067961165048,0.35436893203883496,0.5097087378640777,0.5776699029126213,0.5339805825242718,0.470873786407767,0.529126213592233,0.2087378640776699,0.4368932038834951,0.6116504854368932,0.5970873786407767,0.5776699029126213,0.5048543689320388,0.47572815533980584,0.4368932038834951,0.6310679611650486,0.45145631067961167,0.5242718446601942,0.558252427184466,0.41262135922330095,0.39805825242718446,0.5097087378640777,0.4320388349514563,0.49029126213592233,0.5631067961165048,0.46116504854368934,0.558252427184466,0.5145631067961165,0.6019417475728155,0.46116504854368934,0.6067961165048543,0.470873786407767,0.4563106796116505,0.42718446601941745,0.5194174757281553,0.46116504854368934,0.4029126213592233,0.4029126213592233,0.4174757281553398,0.5776699029126213,0.3932038834951456,0.5825242718446602,0.529126213592233,0.4223300970873786,0.587378640776699,0.5533980582524272,0.470873786407767,0.49514563106796117,0.529126213592233,0.5679611650485437,0.5776699029126213,0.35436893203883496,0.47572815533980584,0.558252427184466,0.5097087378640777,0.587378640776699,0.3932038834951456,0.5339805825242718,0.42718446601941745
IIP	GG	0.3640776699029126,0.46601941747572817,0.5728155339805825,0.5728155339805825,0.38349514563106796,0.5776699029126213,0.5679611650485437,0.6262135922330098,0.5922330097087378,0.5728155339805825,0.4223300970873786,0.6262135922330098,0.6359223300970874,0.5485436893203883,0.5436893203883495,0.5097087378640777,0.20388349514563106,0.45145631067961167,0.6262135922330098,0.5970873786407767,0.5922330097087378,0.45145631067961167,0.5631067961165048,0.5388349514563107,0.5679611650485437,0.558252427184466,0.3883495145631068,0.2087378640776699,0.5485436893203883,0.44660194174757284,0.5485436893203883,0.42718446601941745,0.36893203883495146,0.5242718446601942,0.6116504854368932,0.5097087378640777,0.4320388349514563,0.6019417475728155,0.6262135922330098,0.616504854368932,0.6019417475728155,0.46116504854368934,0.5,0.6310679611650486,0.5679611650485437,0.5048543689320388,0.5825242718446602,0.5631067961165048,0.4854368932038835,0.6067961165048543,0.25728155339805825,0.5339805825242718,0.470873786407767,0.2961165048543689,0.5776699029126213,0.33495145631067963,0.5631067961165048,0.616504854368932,0.558252427184466,0.5,0.470873786407767,0.6213592233009708,0.24757281553398058,0.6262135922330098,0.5728155339805825,0.3300970873786408,0.6213592233009708,0.5242718446601942,0.6310679611650486,0.5485436893203883,0.6359223300970874,0.6699029126213593,0.1941747572815534,0.6116504854368932,0.5728155339805825,0.6116504854368932,0.48058252427184467,0.529126213592233,0.5339805825242718,0.5242718446601942,0.587378640776699,0.6067961165048543,0.5194174757281553,0.4174757281553398,0.5388349514563107,0.5728155339805825,0.5631067961165048,0.6019417475728155,0.47572815533980584,0.38349514563106796,0.5097087378640777,0.46601941747572817,0.529126213592233,0.529126213592233,0.2621359223300971,0.5825242718446602,0.6601941747572816,0.6116504854368932,0.558252427184466,0.5631067961165048
IIP	GG2	0.5388349514563107,0.5339805825242718,0.529126213592233,0.5825242718446602,0.3640776699029126,0.5679611650485437,0.32524271844660196,0.24757281553398058,0.3737864077669903,0.5145631067961165,0.587378640776699,0.46601941747572817,0.3932038834951456,0.5242718446601942,0.5145631067961165,0.36893203883495146,0.2912621359223301,0.3786407766990291,0.5970873786407767,0.5242718446601942,0.4854368932038835,0.6019417475728155,0.5145631067961165,0.3932038834951456,0.4174757281553398,0.42718446601941745,0.23786407766990292,0.470873786407767,0.5388349514563107,0.46601941747572817,0.5097087378640777,0.5145631067961165,0.3058252427184466,0.3932038834951456,0.4174757281553398,0.5048543689320388,0.5242718446601942,0.5097087378640777,0.4320388349514563,0.5339805825242718,0.5194174757281553,0.5145631067961165,0.49029126213592233,0.49029126213592233,0.3592233009708738,0.5970873786407767,0.5,0.5145631067961165,0.32038834951456313,0.39805825242718446,0.42718446601941745,0.5533980582524272,0.4174757281553398,0.33495145631067963,0.3737864077669903,0.33980582524271846,0.5145631067961165,0.39805825242718446,0.46116504854368934,0.34951456310679613,0.36893203883495146,0.2766990291262136,0.5097087378640777,0.42718446601941745,0.558252427184466,0.23300970873786409,0.44660194174757284,0.5194174757281553,0.6262135922330098,0.34951456310679613,0.5776699029126213,0.48058252427184467,0.3786407766990291,0.5485436893203883,0.4320388349514563,0.5631067961165048,0.5097087378640777,0.3883495145631068,0.4223300970873786,0.470873786407767,0.35436893203883496,0.470873786407767,0.5048543689320388,0.36893203883495146,0.5145631067961165,0.32524271844660196,0.4320388349514563,0.34951456310679613,0.5097087378640777,0.38349514563106796,0.4077669902912621,0.4368932038834951,0.5679611650485437,0.33495145631067963,0.3737864077669903,0.41262135922330095,0.3737864077669903,0.616504854368932,0.46601941747572817,0.33980582524271846
lastfm	GEE	0.3236594803758983,0.35959093421779986,0.34065782200110556,0.32628524046434493,0.18767274737423992,0.37092316196793806,0.33996683250414594,0.2300995024875622,0.33236594803758984,0.36318407960199006,0.33747927031509123,0.3236594803758983,0.3600055279159757,0.32600884466556107,0.3307075732448867,0.3207573244886678,0.3383084577114428,0.3460475400773908,0.3377556661138751,0.3289110005527916,0.34328358208955223,0.31025428413488115,0.35281923714759533,0.3257324488667772,0.355444997236042,0.3723051409618574,0.334024322830293,0.3218629076838032,0.35959093421779986,0.35834715312327253,0.33374792703150913,0.3454947484798231,0.3416252072968491,0.3548922056384743,0.3430071862907684,0.36511885019347706,0.3430071862907684,0.3724433388612493,0.3558595909342178,0.36083471531232725,0.3609729132117192,0.36263128800442235,0.2834438916528469,0.2765339966832504,0.3207573244886678,0.3112216694306247,0.3572415699281371,0.32587064676616917,0.3490878938640133,0.347705914870094,0.3529574350469873,0.18394140409065782,0.2828911000552792,0.3331951354339414,0.3313985627418463,0.36829740187949145,0.34369817578772804,0.3482587064676617,0.3384466556108347,0.3412106135986733,0.3409342177998894,0.3547540077390824,0.3591763405196241,0.34577114427860695,0.33747927031509123,0.3283582089552239,0.29947484798231067,0.21614151464897732,0.30127142067440577,0.3624930901050304,0.20854063018242122,0.3034825870646766,0.2669983416252073,0.3448037589828635,0.33996683250414594,0.3642896627971255,0.34991708126036486,0.36028192371475953,0.3244886677722499,0.34577114427860695,0.3692647871752349,0.3403814262023217,0.37023217247097845,0.33443891652846874,0.37341072415699283,0.3307075732448867,0.2357656163626313,0.2607794361525705,0.37410171365395245,0.3510226644555003,0.3087341072415699,0.34950248756218905,0.3586235489220564,0.3619402985074627,0.3580707573244887,0.3186843559977888,0.3435599778883361,0.29754007739082367,0.3308457711442786,0.35696517412935325
lastfm	GNN	0.47622996130458817,0.4521835268103925,0.4256495301271421,0.41818684355997787,0.46475953565505806,0.45992260917634054,0.42205638474295193,0.4640685461580984,0.40105030403537867,0.41141514648977334,0.42896627971254836,0.4538419016030956,0.4632393587617468,0.45729684908789386,0.4919845218352681,0.4664179104477612,0.49322830292979547,0.44983416252072966,0.42219458264234383,0.4418186843559978,0.43794914317302375,0.4152846876727474,0.4906025428413488,0.4293808734107242,0.44223327805417356,0.5056661138750691,0.45480928689883915,0.4559148700939746,0.4027086788280818,0.47236042012161417,0.45909342177998896,0.47125483692647874,0.42081260364842454,0.47609176340519627,0.4607517965726921,0.4281370923161968,0.4418186843559978,0.41611387506909897,0.48189607517965727,0.46766169154228854,0.4669707020453289,0.4736042012161415,0.4532891100055279,0.41832504145936983,0.42979546710889993,0.4896351575456053,0.4331122166943063,0.47526257600884464,0.42882808181315646,0.48452183526810394,0.3940022111663903,0.44872857932559423,0.4490049751243781,0.4405749032614704,0.4488667772249862,0.37921503593145384,0.39662797125483695,0.44928137092316195,0.42316196793808736,0.44969596462133776,0.4603372028745163,0.45494748479823105,0.45439469320066334,0.425787728026534,0.43090105030403536,0.4273079049198452,0.4502487562189055,0.3919292426755113,0.45812603648424544,0.45536207849640686,0.38861249309010504,0.4474847982310669,0.45163073521282476,0.4256495301271421,0.44485903814262023,0.4281370923161968,0.4255113322277501,0.43725815367606413,0.4017412935323383,0.3970425649530127,0.5044223327805417,0.4306246545052515,0.4690436705362078,0.4566058595909342,0.48700939745715865,0.46102819237147596,0.43352681039248203,0.43794914317302375,0.44859038142620233,0.443338861249309,0.43642896627971256,0.4539800995024876,0.4513543394140409,0.4408512990602543,0.44582642343836376,0.37962962962962965,0.4560530679933665,0.45550027639579876,0.4281370923161968,0.4332504145936982
lastfm	GG	0.57808181315644,0.5690989496959646,0.5907960199004975,0.5189331122166944,0.5674405749032615,0.5708955223880597,0.5822277501381979,0.6118021006080707,0.5454671088999448,0.564538419016031,0.5804311774461028,0.5685461580983969,0.6039248203427308,0.5905196241017137,0.5711719181868435,0.5304035378662244,0.5867882808181316,0.5979823106688779,0.539110005527916,0.5310945273631841,0.5637092316196793,0.5309563294637921,0.5509950248756219,0.49709784411276947,0.5544499723604202,0.570342730790492,0.5791873963515755,0.5370370370370371,0.5971531232725262,0.5881702598120508,0.5720011055831952,0.6093145384190161,0.5632946379215036,0.6006080707573245,0.5648148148148148,0.5555555555555556,0.4881149806522941,0.5435323383084577,0.5696517412935324,0.5288833609729132,0.5794637921503594,0.5541735765616362,0.560392482034273,0.558595909342178,0.5454671088999448,0.5229408512990602,0.5930071862907684,0.5118850193477059,0.5660585959093422,0.5210060807075733,0.5310945273631841,0.5523770038695411,0.5486456605859591,0.5627418463239359,0.5570757324488668,0.5152017689331122,0.5707573244886678,0.5783582089552238,0.5732448866777226,0.589690436705362,0.5243228302929795,0.5653676064123825,0.5750414593698175,0.574212271973466,0.5534825870646766,0.5626036484245439,0.5913488114980652,0.5533443891652847,0.5562465450525153,0.599502487562189,0.564262023217247,0.5020729684908789,0.5717247097844113,0.57808181315644,0.5236318407960199,0.5404919845218352,0.5867882808181316,0.5797401879491432,0.5554173576561636,0.546987285793256,0.5863736871199557,0.5801547816473189,0.6014372581536761,0.5261194029850746,0.6047540077390824,0.5646766169154229,0.5634328358208955,0.5869264787175235,0.5634328358208955,0.548922056384743,0.5681315644002212,0.5646766169154229,0.5304035378662244,0.5816749585406302,0.5932835820895522,0.5381426202321725,0.5591487009397457,0.5556937534549475,0.5765616362631288,0.5941127694859039
lastfm	GG2	0.5091210613598673,0.5439469320066335,0.5450525152017689,0.5179657269209508,0.5511332227750139,0.5471254836926479,0.5608070757324488,0.5572139303482587,0.5120232172470979,0.5699281370923162,0.4755389718076285,0.5287451630735213,0.5674405749032615,0.48949695964621337,0.49018794914317304,0.5182421227197347,0.5562465450525153,0.5656440022111664,0.4930901050304035,0.5411829740187949,0.5102266445550028,0.5203150912106136,0.5107794361525705,0.4859038142620232,0.5406301824212272,0.5679933665008292,0.5443615257048093,0.5089828634604754,0.5515478164731896,0.5667495854063018,0.5421503593145384,0.5753178551686015,0.5236318407960199,0.6025428413488115,0.5128524046434494,0.5169983416252073,0.5433941404090658,0.5087064676616916,0.5064953012714207,0.5179657269209508,0.5053897180762852,0.5063571033720288,0.5363460475400774,0.5554173576561636,0.5330292979546711,0.49032614704256494,0.5259812050856827,0.48949695964621337,0.5458817025981205,0.5012437810945274,0.5363460475400774,0.49267551133222776,0.5386954118297402,0.5570757324488668,0.49212271973466004,0.5380044223327806,0.5149253731343284,0.5297125483692647,0.5724156992813709,0.5591487009397457,0.4885295743504699,0.5073244886677722,0.47388059701492535,0.48562741846323937,0.531232725262576,0.5678551686014373,0.527363184079602,0.5102266445550028,0.5500276395798784,0.5386954118297402,0.546987285793256,0.4886677722498618,0.5529297954671089,0.576147042564953,0.5232172470978441,0.5421503593145384,0.531232725262576,0.5443615257048093,0.5033167495854063,0.5323383084577115,0.5153399668325042,0.5438087341072416,0.5735212824765064,0.5109176340519624,0.5462962962962963,0.5371752349364289,0.5414593698175788,0.5377280265339967,0.552653399668325,0.5377280265339967,0.5778054173576561,0.5854063018242123,0.5328911000552792,0.511746821448314,0.5400773908236595,0.47622996130458817,0.5342730790491984,0.5457435046987286,0.5511332227750139,0.5500276395798784
polblogs	GEE	0.7609630266552021,0.7282889079965607,0.7489251934651763,0.7231298366294067,0.8323301805674979,0.7239896818572656,0.7403267411865864,0.6560619088564058,0.6835769561478934,0.7067927773000859,0.7798796216680998,0.7386070507308684,0.6930352536543423,0.6027515047291487,0.7351676698194325,0.6921754084264833,0.711092003439381,0.710232158211522,0.705932932072227,0.7420464316423044,0.7506448839208942,0.5520206362854686,0.7145313843508169,0.6577815993121238,0.6723989681857265,0.7334479793637145,0.7308684436801376,0.6663800515907137,0.7755803955288049,0.7360275150472915,0.7566638005159071,0.6706792777300086,0.7136715391229579,0.7626827171109201,0.7884780739466896,0.8142734307824592,0.7119518486672399,0.7618228718830611,0.6947549441100602,0.8116938950988822,0.6999140154772141,0.704213241616509,0.7325881341358556,0.766122098022356,0.7007738607050731,0.6835769561478934,0.6784178847807395,0.6956147893379192,0.7798796216680998,0.8039552880481513,0.7239896818572656,0.8091143594153053,0.709372312983663,0.7566638005159071,0.6706792777300086,0.6595012897678418,0.6956147893379192,0.6595012897678418,0.7162510748065348,0.7179707652622528,0.7523645743766122,0.7420464316423044,0.6672398968185727,0.7566638005159071,0.6328460877042132,0.7239896818572656,0.766981943250215,0.8581255374032674,0.702493551160791,0.6878761822871883,0.6689595872742906,0.6706792777300086,0.7764402407566638,0.7179707652622528,0.6741186586414445,0.7566638005159071,0.7558039552880481,0.7076526225279449,0.6956147893379192,0.6775580395528805,0.7317282889079966,0.6887360275150473,0.7566638005159071,0.7824591573516767,0.7446259673258814,0.7695614789337919,0.8030954428202923,0.6276870163370594,0.7841788478073947,0.7291487532244196,0.7446259673258814,0.7377472055030094,0.7626827171109201,0.7377472055030094,0.6956147893379192,0.7592433361994841,0.6259673258813414,0.7205503009458297,0.7403267411865864,0.5950128976784179
polblogs	GNN	0.7145313843508169,0.7368873602751504,0.8349097162510748,0.8108340498710233,0.585554600171969,0.7747205503009458,0.70335339638865,0.6956147893379192,0.826311263972485,0.7394668959587274,0.6629406706792778,0.710232158211522,0.6405846947549441,0.8555460017196904,0.6405846947549441,0.7987962166809974,0.7171109200343938,0.6036113499570077,0.6577815993121238,0.6818572656921754,0.763542562338779,0.8134135855546002,0.7738607050730868,0.8469475494411006,0.5623387790197765,0.8417884780739467,0.6509028374892519,0.7317282889079966,0.82201203783319,0.6827171109200344,0.5640584694754944,0.6629406706792778,0.6706792777300086,0.6423043852106621,0.6930352536543423,0.7850386930352536,0.6947549441100602,0.6423043852106621,0.8108340498710233,0.6603611349957008,0.5898538263112639,0.650042992261393,0.7704213241616509,0.8073946689595872,0.7308684436801376,0.7944969905417025,0.82201203783319,0.7841788478073947,0.6388650042992261,0.8331900257953568,0.6534823731728289,0.7145313843508169,0.650042992261393,0.5399828030954428,0.47463456577815993,0.7205503009458297,0.6577815993121238,0.7798796216680998,0.6569217540842648,0.7411865864144453,0.5683576956147893,0.587274290627687,0.7532244196044712,0.6173688736027515,0.7472055030094583,0.4239036973344798,0.7188306104901118,0.7300085984522786,0.6216680997420464,0.7188306104901118,0.7601031814273431,0.8065348237317282,0.7583834909716252,0.5064488392089423,0.7222699914015477,0.7618228718830611,0.7730008598452278,0.7394668959587274,0.7480653482373173,0.7979363714531384,0.7188306104901118,0.6818572656921754,0.6956147893379192,0.7523645743766122,0.5726569217540842,0.7265692175408427,0.587274290627687,0.7274290627687017,0.6775580395528805,0.7016337059329321,0.6784178847807395,0.7506448839208942,0.7901977644024075,0.7798796216680998,0.7919174548581256,0.8460877042132416,0.7790197764402408,0.7815993121238177,0.6766981943250215,0.7850386930352536
polblogs	GG	0.7936371453138436,0.8675838349097162,0.6964746345657782,0.8460877042132416,0.6018916595012898,0.586414445399828,0.7325881341358556,0.4514187446259673,0.6638005159071367,0.4075666380051591,0.9148753224419605,0.8796216680997421,0.764402407566638,0.7970765262252795,0.7712811693895099,0.8744625967325881,0.7781599312123818,0.7480653482373173,0.7601031814273431,0.9045571797076526,0.7833190025795357,0.7970765262252795,0.6706792777300086,0.4522785898538263,0.36027515047291486,0.825451418744626,0.88134135855546,0.413585554600172,0.705932932072227,0.8933791917454859,0.8598452278589854,0.6534823731728289,0.6938950988822012,0.9320722269991402,0.6973344797936372,0.8744625967325881,0.8856405846947549,0.588134135855546,0.7841788478073947,0.8005159071367154,0.8856405846947549,0.9260533104041273,0.7196904557179707,0.7730008598452278,0.8538263112639725,0.8968185726569218,0.6517626827171109,0.8985382631126397,0.7532244196044712,0.7626827171109201,0.8865004299226139,0.9062768701633706,0.8865004299226139,0.766981943250215,0.5829750644883921,0.5485812553740327,0.9088564058469476,0.8899398108340498,0.8761822871883062,0.7738607050730868,0.7429062768701634,0.6276870163370594,0.8761822871883062,0.5752364574376613,0.6061908856405847,0.7239896818572656,0.5709372312983663,0.8796216680997421,0.7472055030094583,0.5588993981083406,0.592433361994841,0.8435081685296647,0.8572656921754084,0.4204643164230438,0.411865864144454,0.5950128976784179,0.41530524505588995,0.7351676698194325,0.8564058469475494,0.9097162510748066,0.9045571797076526,0.8916595012897678,0.7790197764402408,0.8650042992261393,0.5932932072227,0.8022355975924333,0.7815993121238177,0.4883920894239037,0.8761822871883062,0.9191745485812554,0.8555460017196904,0.9088564058469476,0.7858985382631126,0.6827171109200344,0.8374892519346517,0.5803955288048152,0.5760963026655203,0.7695614789337919,0.8306104901117799,0.5829750644883921
polblogs	GG2	0.8615649183147034,0.8899398108340498,0.6792777300085985,0.8383490971625107,0.8331900257953568,0.7145313843508169,0.7394668959587274,0.7016337059329321,0.7867583834909716,0.8753224419604472,0.9122957867583835,0.8907996560619088,0.8658641444539983,0.8529664660361135,0.8521066208082545,0.8675838349097162,0.8856405846947549,0.7239896818572656,0.7695614789337919,0.9088564058469476,0.8796216680997421,0.7592433361994841,0.820292347377472,0.5425623387790198,0.8624247635425624,0.8916595012897678,0.8710232158211522,0.8177128116938951,0.8503869303525365,0.9079965606190885,0.8581255374032674,0.6655202063628547,0.8314703353396389,0.9260533104041273,0.819432502149613,0.8701633705932932,0.9183147033533964,0.825451418744626,0.7626827171109201,0.8512467755803955,0.8890799656061908,0.9251934651762683,0.8159931212381771,0.7687016337059329,0.8521066208082545,0.8976784178847808,0.6440240756663801,0.884780739466896,0.8718830610490111,0.766122098022356,0.8770421324161651,0.9062768701633706,0.8478073946689596,0.7755803955288049,0.6440240756663801,0.6139294926913156,0.8546861564918314,0.8968185726569218,0.8761822871883062,0.8641444539982803,0.8856405846947549,0.7712811693895099,0.8779019776440241,0.7136715391229579,0.766981943250215,0.8022355975924333,0.6775580395528805,0.8796216680997421,0.7919174548581256,0.6431642304385211,0.8744625967325881,0.8959587274290628,0.8589853826311264,0.7592433361994841,0.766122098022356,0.7815993121238177,0.7712811693895099,0.8925193465176269,0.8581255374032674,0.9251934651762683,0.9191745485812554,0.8873602751504729,0.8460877042132416,0.8770421324161651,0.8013757523645744,0.647463456577816,0.7824591573516767,0.523645743766122,0.9337919174548581,0.9191745485812554,0.8426483233018057,0.9105760963026656,0.8366294067067928,0.7386070507308684,0.8521066208082545,0.828030954428203,0.7583834909716252,0.7979363714531384,0.8907996560619088,0.8495270851246776
TerroristRel	GEE	0.8076463560334528,0.8124253285543608,0.7335722819593787,0.45758661887694146,0.7777777777777778,0.7945041816009558,0.7718040621266428,0.8219832735961768,0.7096774193548387,0.8255675029868578,0.8183990442054958,0.7287933094384708,0.7909199522102748,0.7741935483870968,0.7837514934289128,0.7980884109916367,0.6200716845878136,0.5949820788530465,0.5173237753882916,0.8195937873357229,0.5292712066905615,0.7909199522102748,0.43608124253285546,0.42054958183990443,0.7873357228195937,0.6523297491039427,0.8518518518518519,0.7765830346475507,0.5209080047789725,0.8076463560334528,0.6857825567502986,0.6654719235364397,0.7837514934289128,0.7670250896057348,0.8303464755077659,0.8100358422939068,0.8195937873357229,0.35842293906810035,0.7933094384707288,0.7025089605734767,0.8231780167264038,0.8207885304659498,0.8076463560334528,0.6057347670250897,0.7933094384707288,0.8279569892473119,0.8088410991636799,0.8375149342891278,0.7885304659498208,0.6200716845878136,0.7598566308243727,0.8231780167264038,0.7455197132616488,0.7921146953405018,0.7789725209080047,0.8112305854241338,0.7992831541218638,0.6475507765830346,0.8064516129032258,0.8172043010752689,0.7275985663082437,0.8303464755077659,0.7180406212664278,0.7933094384707288,0.7968936678614098,0.7789725209080047,0.7825567502986858,0.7933094384707288,0.8004778972520908,0.8016726403823178,0.7801672640382318,0.8434886499402628,0.7777777777777778,0.8016726403823178,0.8040621266427718,0.43847072879330945,0.7096774193548387,0.8028673835125448,0.7479091995221028,0.8183990442054958,0.8231780167264038,0.7921146953405018,0.6320191158900836,0.8303464755077659,0.8040621266427718,0.8112305854241338,0.7479091995221028,0.7132616487455197,0.8052568697729988,0.8112305854241338,0.8195937873357229,0.8040621266427718,0.7729988052568698,0.8028673835125448,0.7765830346475507,0.7622461170848268,0.7837514934289128,0.7813620071684588,0.8100358422939068,0.8410991636798089
TerroristRel	GNN	0.7299880525686977,0.6057347670250897,0.7419354838709677,0.7120669056152927,0.7419354838709677,0.7323775388291517,0.6248506571087217,0.7311827956989247,0.7670250896057348,0.6487455197132617,0.7813620071684588,0.7718040621266428,0.5005973715651135,0.6511350059737157,0.7407407407407407,0.7706093189964157,0.5734767025089605,0.5686977299880526,0.6941457586618877,0.7753882915173238,0.5686977299880526,0.7323775388291517,0.7586618876941458,0.7562724014336918,0.6606929510155317,0.7526881720430108,0.7252090800477897,0.7037037037037037,0.6379928315412187,0.6391875746714456,0.6212664277180406,0.6284348864994026,0.6678614097968937,0.6989247311827957,0.6953405017921147,0.6869772998805257,0.37753882915173237,0.7658303464755077,0.7718040621266428,0.7216248506571087,0.7025089605734767,0.7096774193548387,0.7228195937873357,0.5304659498207885,0.7335722819593787,0.6845878136200717,0.6702508960573477,0.6236559139784946,0.7933094384707288,0.6786140979689367,0.6535244922341696,0.7395459976105138,0.5997610513739546,0.5782556750298686,0.7491039426523297,0.7670250896057348,0.7060931899641577,0.5603345280764636,0.7264038231780168,0.6714456391875747,0.6857825567502986,0.6093189964157706,0.7491039426523297,0.7240143369175627,0.6308243727598566,0.7885304659498208,0.7228195937873357,0.7299880525686977,0.5376344086021505,0.7586618876941458,0.5268817204301075,0.7252090800477897,0.7025089605734767,0.7072879330943848,0.7956989247311828,0.4755077658303465,0.6666666666666666,0.5268817204301075,0.6475507765830346,0.6941457586618877,0.7359617682198327,0.6917562724014337,0.7204301075268817,0.7467144563918757,0.6941457586618877,0.7885304659498208,0.7514934289127837,0.7144563918757467,0.6690561529271206,0.45878136200716846,0.7431302270011948,0.6618876941457587,0.7037037037037037,0.6057347670250897,0.7060931899641577,0.6750298685782556,0.7419354838709677,0.6475507765830346,0.5555555555555556,0.6821983273596177
TerroristRel	GG	0.7897252090800478,0.3428912783751493,0.7216248506571087,0.8207885304659498,0.7096774193548387,0.7873357228195937,0.7455197132616488,0.8052568697729988,0.6726403823178017,0.6176821983273596,0.8542413381123058,0.7252090800477897,0.7407407407407407,0.7825567502986858,0.7025089605734767,0.8064516129032258,0.6427718040621266,0.6296296296296297,0.8733572281959379,0.7359617682198327,0.5412186379928315,0.7526881720430108,0.7777777777777778,0.7849462365591398,0.7729988052568698,0.8088410991636799,0.8709677419354839,0.7240143369175627,0.7431302270011948,0.6105137395459976,0.35722819593787336,0.7789725209080047,0.6833930704898447,0.7753882915173238,0.8315412186379928,0.7502986857825568,0.8052568697729988,0.44922341696535245,0.7765830346475507,0.7718040621266428,0.8243727598566308,0.7646356033452808,0.8064516129032258,0.7909199522102748,0.48148148148148145,0.27718040621266427,0.8351254480286738,0.8148148148148148,0.7765830346475507,0.8231780167264038,0.7598566308243727,0.8183990442054958,0.7718040621266428,0.7968936678614098,0.7801672640382318,0.8255675029868578,0.8183990442054958,0.7801672640382318,0.7240143369175627,0.6845878136200717,0.5698924731182796,0.7622461170848268,0.7216248506571087,0.8088410991636799,0.7526881720430108,0.8160095579450418,0.7156511350059738,0.7992831541218638,0.6260454002389486,0.7968936678614098,0.7753882915173238,0.8339307048984468,0.5782556750298686,0.6917562724014337,0.8148148148148148,0.2855436081242533,0.2903225806451613,0.8028673835125448,0.7001194743130227,0.7275985663082437,0.8040621266427718,0.6762246117084827,0.7945041816009558,0.8757467144563919,0.7980884109916367,0.8303464755077659,0.7789725209080047,0.6905615292712067,0.8160095579450418,0.8160095579450418,0.6045400238948626,0.8363201911589009,0.7216248506571087,0.2520908004778972,0.6917562724014337,0.8160095579450418,0.23058542413381122,0.6821983273596177,0.7359617682198327,0.7371565113500598
TerroristRel	GG2	0.8088410991636799,0.8458781362007168,0.6929510155316607,0.8315412186379928,0.7192353643966547,0.7968936678614098,0.7980884109916367,0.8554360812425329,0.6117084826762246,0.7562724014336918,0.8590203106332138,0.7598566308243727,0.5232974910394266,0.7706093189964157,0.7670250896057348,0.7467144563918757,0.6786140979689367,0.6738351254480287,0.6762246117084827,0.7646356033452808,0.6093189964157706,0.6941457586618877,0.6248506571087217,0.7694145758661888,0.7813620071684588,0.8148148148148148,0.8590203106332138,0.7216248506571087,0.7168458781362007,0.7670250896057348,0.6786140979689367,0.7765830346475507,0.7084826762246117,0.7741935483870968,0.8100358422939068,0.7180406212664278,0.8375149342891278,0.7825567502986858,0.7108721624850657,0.7455197132616488,0.8267622461170848,0.8207885304659498,0.7897252090800478,0.6738351254480287,0.7646356033452808,0.8195937873357229,0.8052568697729988,0.8267622461170848,0.8160095579450418,0.6391875746714456,0.7777777777777778,0.8339307048984468,0.7502986857825568,0.5686977299880526,0.8399044205495818,0.8195937873357229,0.8315412186379928,0.7753882915173238,0.7359617682198327,0.7574671445639187,0.6511350059737157,0.8518518518518519,0.7873357228195937,0.8363201911589009,0.7729988052568698,0.8136200716845878,0.7216248506571087,0.7933094384707288,0.6332138590203107,0.7813620071684588,0.7706093189964157,0.8387096774193549,0.7873357228195937,0.7538829151732378,0.8136200716845878,0.6487455197132617,0.7897252090800478,0.7980884109916367,0.7025089605734767,0.7586618876941458,0.8136200716845878,0.7347670250896058,0.6630824372759857,0.8781362007168458,0.7598566308243727,0.8279569892473119,0.7407407407407407,0.6690561529271206,0.8088410991636799,0.8052568697729988,0.7371565113500598,0.8172043010752689,0.7455197132616488,0.7837514934289128,0.6845878136200717,0.8076463560334528,0.7431302270011948,0.8733572281959379,0.6332138590203107,0.7562724014336918
KarateClub	GEE	0.6363636363636364,0.8181818181818182,0.13636363636363635,0.7727272727272727,0.7727272727272727,0.45454545454545453,0.5454545454545454,0.7727272727272727,0.4090909090909091,0.6363636363636364,0.5454545454545454,0.6818181818181818,0.6363636363636364,0.6818181818181818,0.36363636363636365,0.4090909090909091,0.8181818181818182,0.6818181818181818,0.5909090909090909,0.5909090909090909,0.8181818181818182,0.8181818181818182,0.6363636363636364,0.7272727272727273,0.6363636363636364,0.7272727272727273,0.36363636363636365,0.7272727272727273,0.6818181818181818,0.7727272727272727,0.8636363636363636,0.5454545454545454,0.6363636363636364,0.6363636363636364,0.8636363636363636,0.6363636363636364,0.7272727272727273,0.6818181818181818,0.8636363636363636,0.7272727272727273,0.7727272727272727,0.5909090909090909,0.36363636363636365,0.7727272727272727,0.7272727272727273,0.7727272727272727,0.6363636363636364,0.6363636363636364,0.7727272727272727,0.8636363636363636,0.45454545454545453,0.5,0.6363636363636364,0.8181818181818182,0.4090909090909091,0.8636363636363636,0.7727272727272727,0.7272727272727273,0.6363636363636364,0.5454545454545454,0.6818181818181818,0.4090909090909091,0.5909090909090909,0.8636363636363636,0.6818181818181818,0.7727272727272727,0.7272727272727273,0.6363636363636364,0.8181818181818182,0.7727272727272727,0.5454545454545454,0.5,0.5,0.9545454545454546,0.6363636363636364,0.4090909090909091,0.8636363636363636,0.6363636363636364,0.9545454545454546,0.8181818181818182,0.5909090909090909,0.8181818181818182,0.5909090909090909,0.4090909090909091,0.7727272727272727,0.8181818181818182,0.5909090909090909,0.6363636363636364,0.5454545454545454,0.8636363636363636,0.8636363636363636,0.8181818181818182,0.36363636363636365,0.5454545454545454,0.5,0.22727272727272727,0.6818181818181818,0.6818181818181818,0.5,0.4090909090909091
KarateClub	GNN	0.5454545454545454,0.3181818181818182,0.5909090909090909,0.3181818181818182,0.36363636363636365,0.5,0.8181818181818182,0.5,0.5,0.3181818181818182,0.6363636363636364,0.4090909090909091,0.4090909090909091,0.45454545454545453,0.5909090909090909,0.4090909090909091,0.45454545454545453,0.5909090909090909,0.3181818181818182,0.45454545454545453,0.45454545454545453,0.36363636363636365,0.36363636363636365,0.36363636363636365,0.3181818181818182,0.6818181818181818,0.4090909090909091,0.5,0.36363636363636365,0.5,0.3181818181818182,0.5454545454545454,0.5,0.45454545454545453,0.6363636363636364,0.5909090909090909,0.5,0.45454545454545453,0.5909090909090909,0.36363636363636365,0.5454545454545454,0.4090909090909091,0.5454545454545454,0.45454545454545453,0.22727272727272727,0.3181818181818182,0.45454545454545453,0.4090909090909091,0.5454545454545454,0.4090909090909091,0.5909090909090909,0.7727272727272727,0.5909090909090909,0.45454545454545453,0.5454545454545454,0.5,0.13636363636363635,0.3181818181818182,0.2727272727272727,0.4090909090909091,0.5,0.18181818181818182,0.5454545454545454,0.18181818181818182,0.36363636363636365,0.36363636363636365,0.5,0.4090909090909091,0.6818181818181818,0.5909090909090909,0.45454545454545453,0.5454545454545454,0.5909090909090909,0.36363636363636365,0.6363636363636364,0.36363636363636365,0.36363636363636365,0.3181818181818182,0.4090909090909091,0.4090909090909091,0.22727272727272727,0.2727272727272727,0.5909090909090909,0.4090909090909091,0.4090909090909091,0.5,0.6363636363636364,0.22727272727272727,0.5909090909090909,0.45454545454545453,0.18181818181818182,0.6363636363636364,0.22727272727272727,0.5,0.36363636363636365,0.6818181818181818,0.5,0.13636363636363635,0.6363636363636364,0.4090909090909091
KarateClub	GG	0.8636363636363636,0.8181818181818182,0.5909090909090909,0.7272727272727273,0.7727272727272727,0.36363636363636365,0.6818181818181818,0.8181818181818182,0.8636363636363636,0.5909090909090909,0.5909090909090909,0.6818181818181818,0.5909090909090909,0.5909090909090909,0.7727272727272727,0.6818181818181818,0.7727272727272727,0.7727272727272727,0.8181818181818182,0.8636363636363636,0.9545454545454546,0.4090909090909091,0.7272727272727273,0.7272727272727273,0.6363636363636364,0.5909090909090909,0.9090909090909091,0.7272727272727273,0.45454545454545453,0.6363636363636364,0.7727272727272727,0.8636363636363636,0.5454545454545454,0.8636363636363636,0.7727272727272727,0.9090909090909091,0.5454545454545454,0.5909090909090909,0.7727272727272727,0.7272727272727273,0.7272727272727273,0.7272727272727273,0.36363636363636365,0.8181818181818182,0.5,0.7272727272727273,0.9090909090909091,0.5909090909090909,0.7272727272727273,0.8181818181818182,0.45454545454545453,0.5,0.4090909090909091,0.8181818181818182,0.5909090909090909,0.6818181818181818,0.7727272727272727,0.7272727272727273,0.8636363636363636,0.7727272727272727,0.7272727272727273,0.3181818181818182,0.8181818181818182,0.7272727272727273,0.5909090909090909,0.7727272727272727,0.6818181818181818,0.8181818181818182,0.8636363636363636,0.7727272727272727,0.4090909090909091,0.6818181818181818,0.9545454545454546,0.9090909090909091,0.9090909090909091,0.7727272727272727,0.8636363636363636,0.5454545454545454,0.6818181818181818,0.6818181818181818,0.4090909090909091,0.5909090909090909,0.45454545454545453,0.8181818181818182,0.45454545454545453,0.5909090909090909,0.5,0.5,0.9090909090909091,0.8636363636363636,0.7272727272727273,0.8181818181818182,0.6363636363636364,0.8181818181818182,0.7727272727272727,0.8636363636363636,0.6818181818181818,0.5454545454545454,0.8181818181818182,0.5909090909090909
KarateClub	GG2	0.7272727272727273,0.8636363636363636,0.5,0.7727272727272727,0.5909090909090909,0.9090909090909091,0.7272727272727273,0.8181818181818182,0.7272727272727273,0.8636363636363636,0.7727272727272727,0.6363636363636364,0.7727272727272727,0.9090909090909091,0.36363636363636365,0.7272727272727273,0.8181818181818182,0.6818181818181818,0.5454545454545454,0.8636363636363636,0.6818181818181818,0.6818181818181818,0.5454545454545454,0.7727272727272727,0.6363636363636364,0.7272727272727273,0.8636363636363636,0.7272727272727273,0.7272727272727273,0.8636363636363636,0.8181818181818182,0.8181818181818182,0.8636363636363636,0.6818181818181818,0.9090909090909091,0.9090909090909091,0.6818181818181818,0.8636363636363636,0.8636363636363636,0.6818181818181818,0.6818181818181818,0.5,0.7272727272727273,0.7727272727272727,0.5909090909090909,0.7727272727272727,0.9090909090909091,0.6363636363636364,0.7272727272727273,0.8636363636363636,0.6818181818181818,0.5454545454545454,0.8181818181818182,0.7727272727272727,0.4090909090909091,0.6818181818181818,0.7272727272727273,0.8181818181818182,0.7727272727272727,0.6363636363636364,0.7727272727272727,0.5,0.5909090909090909,0.7727272727272727,0.6363636363636364,0.8181818181818182,0.9090909090909091,0.8181818181818182,0.7272727272727273,0.8181818181818182,0.5,0.7727272727272727,0.7727272727272727,0.9090909090909091,0.8636363636363636,0.6363636363636364,0.8181818181818182,0.8181818181818182,0.9090909090909091,0.7727272727272727,0.7727272727272727,0.8181818181818182,0.6363636363636364,0.8181818181818182,0.6363636363636364,0.7727272727272727,0.6363636363636364,0.6363636363636364,0.6363636363636364,0.8181818181818182,0.7727272727272727,0.8636363636363636,0.8181818181818182,0.6818181818181818,0.5454545454545454,0.8181818181818182,0.7727272727272727,0.5909090909090909,0.5454545454545454,0.5
Chameleon	GEE	0.26709796672828096,0.2735674676524954,0.2412199630314233,0.2680221811460259,0.23752310536044363,0.2777264325323475,0.2088724584103512,0.28373382624768945,0.2957486136783734,0.2689463955637708,0.23151571164510165,0.2768022181146026,0.261090573012939,0.24491682070240295,0.23844731977818853,0.28512014787430684,0.28650646950092423,0.23290203327171904,0.27171903881700554,0.27402957486136786,0.28512014787430684,0.27171903881700554,0.20794824399260628,0.31931608133086875,0.2874306839186691,0.2592421441774492,0.3331792975970425,0.28927911275415896,0.2754158964879852,0.30129390018484287,0.3123844731977819,0.26293900184842883,0.29852125693160814,0.2888170055452865,0.19362292051756008,0.24399260628465805,0.2694085027726433,0.2754158964879852,0.22412199630314233,0.3285582255083179,0.23937153419593346,0.19731977818853974,0.28049907578558225,0.2134935304990758,0.29944547134935307,0.21487985212569316,0.29852125693160814,0.24584103512014788,0.26571164510166356,0.21811460258780038,0.2513863216266174,0.3424214417744917,0.24353049907578558,0.2698706099815157,0.3123844731977819,0.21903881700554528,0.33271719038817005,0.294362292051756,0.2634011090573013,0.25646950092421444,0.2513863216266174,0.2855822550831793,0.26155268022181144,0.23798521256931607,0.2768022181146026,0.294362292051756,0.25,0.29990757855822553,0.2620147874306839,0.2033271719038817,0.27634011090573013,0.32208872458410354,0.2555452865064695,0.2643253234750462,0.29990757855822553,0.23059149722735675,0.3063770794824399,0.22181146025878004,0.35351201478743066,0.19362292051756008,0.1922365988909427,0.2712569316081331,0.26571164510166356,0.23613678373382624,0.238909426987061,0.34288354898336415,0.2707948243992606,0.22412199630314233,0.23752310536044363,0.28927911275415896,0.26709796672828096,0.29251386321626616,0.2134935304990758,0.2592421441774492,0.238909426987061,0.27587800369685767,0.3133086876155268,0.2546210720887246,0.24676524953789278,0.26848428835489835
Chameleon	GNN	0.30730129390018485,0.31469500924214416,0.32717190388170053,0.3133086876155268,0.31469500924214416,0.3022181146025878,0.2744916820702403,0.23613678373382624,0.32255083179297594,0.3202402957486137,0.27634011090573013,0.2902033271719039,0.28373382624768945,0.31053604436229204,0.27818853974122,0.2675600739371534,0.31284658040665436,0.2532347504621072,0.33410351201478744,0.2814232902033272,0.33687615526802217,0.27726432532347506,0.2647874306839187,0.2573937153419593,0.31608133086876156,0.3613678373382625,0.3243992606284658,0.26848428835489835,0.3022181146025878,0.25277264325323473,0.3045286506469501,0.33410351201478744,0.29990757855822553,0.3096118299445471,0.2541589648798521,0.30591497227356745,0.30730129390018485,0.349815157116451,0.33595194085027724,0.3179297597042514,0.26386321626617376,0.2707948243992606,0.32624768946395566,0.29390018484288355,0.2814232902033272,0.2962107208872458,0.3036044362292052,0.2920517560073937,0.32948243992606285,0.28049907578558225,0.25508317929759705,0.33595194085027724,0.32393715341959334,0.32070240295748614,0.2989833641404806,0.3091497227356747,0.2647874306839187,0.30268022181146026,0.2874306839186691,0.31469500924214416,0.25092421441774493,0.3345656192236599,0.2929759704251386,0.27726432532347506,0.29990757855822553,0.3267097966728281,0.29990757855822553,0.27726432532347506,0.2841959334565619,0.24815157116451017,0.2948243992606285,0.30175600739371533,0.22735674676524953,0.2934380776340111,0.26293900184842883,0.261090573012939,0.3133086876155268,0.3022181146025878,0.2592421441774492,0.25693160813308685,0.30268022181146026,0.3156192236598891,0.28927911275415896,0.2453789279112754,0.2911275415896488,0.3036044362292052,0.2768022181146026,0.27310536044362294,0.30175600739371533,0.2800369685767098,0.3045286506469501,0.28373382624768945,0.31746765249537895,0.3243992606284658,0.3031423290203327,0.3068391866913124,0.31146025878003697,0.27033271719038815,0.25277264325323473,0.3257855822550832
Chameleon	GG	0.33548983364140483,0.24168207024029575,0.2620147874306839,0.238909426987061,0.21487985212569316,0.3230129390018484,0.2158040665434381,0.3170055452865065,0.2453789279112754,0.24029574861367836,0.28373382624768945,0.27495378927911274,0.3156192236598891,0.30591497227356745,0.22042513863216265,0.2546210720887246,0.33133086876155265,0.2975970425138632,0.23151571164510165,0.316543438077634,0.2957486136783734,0.2000924214417745,0.2869685767097967,0.3031423290203327,0.28373382624768945,0.32070240295748614,0.21765249537892792,0.3364140480591497,0.2957486136783734,0.3267097966728281,0.256007393715342,0.2541589648798521,0.34011090573012936,0.283271719038817,0.2643253234750462,0.25831792975970425,0.3243992606284658,0.3096118299445471,0.32255083179297594,0.2412199630314233,0.2666358595194085,0.28650646950092423,0.26386321626617376,0.29713493530499074,0.2846580406654344,0.32255083179297594,0.30730129390018485,0.23151571164510165,0.28049907578558225,0.2301293900184843,0.3590573012939002,0.25369685767097966,0.1963955637707948,0.28789279112754157,0.21857670979667282,0.2666358595194085,0.24491682070240295,0.266173752310536,0.3470425138632163,0.3031423290203327,0.36367837338262476,0.25693160813308685,0.36090573012939003,0.305452865064695,0.2828096118299446,0.3230129390018484,0.30268022181146026,0.1843807763401109,0.23521256931608134,0.2744916820702403,0.3257855822550832,0.21395563770794823,0.31746765249537895,0.27587800369685767,0.37430683918669133,0.24722735674676524,0.29390018484288355,0.338724584103512,0.22643253234750463,0.2587800369685767,0.28835489833641403,0.30175600739371533,0.25508317929759705,0.28373382624768945,0.28835489833641403,0.2555452865064695,0.33086876155268025,0.2989833641404806,0.2453789279112754,0.29528650646950094,0.27171903881700554,0.3068391866913124,0.30591497227356745,0.24815157116451017,0.2222735674676525,0.2541589648798521,0.238909426987061,0.2158040665434381,0.21534195933456562,0.2869685767097967
Chameleon	GG2	0.3257855822550832,0.3234750462107209,0.3045286506469501,0.2689463955637708,0.3317929759704251,0.3706099815157117,0.2578558225508318,0.33410351201478744,0.3572088724584104,0.30591497227356745,0.3451940850277264,0.33733826247689463,0.32624768946395566,0.31053604436229204,0.29528650646950094,0.34935304990757854,0.39371534195933455,0.34149722735674676,0.3188539741219963,0.3243992606284658,0.3539741219963031,0.32809611829944546,0.31377079482439924,0.371996303142329,0.3170055452865065,0.3433456561922366,0.31608133086876156,0.33595194085027724,0.338724584103512,0.3789279112754159,0.35351201478743066,0.3100739371534196,0.4020332717190388,0.35628465804066545,0.30730129390018485,0.26571164510166356,0.32624768946395566,0.33733826247689463,0.3179297597042514,0.38724584103512016,0.33964879852125696,0.3433456561922366,0.35951940850277264,0.33271719038817005,0.33502772643253237,0.3183918669131238,0.35351201478743066,0.31469500924214416,0.3410351201478743,0.3211645101663586,0.3766173752310536,0.35951940850277264,0.3451940850277264,0.3179297597042514,0.3183918669131238,0.256007393715342,0.36090573012939003,0.33271719038817005,0.3391866913123845,0.4121996303142329,0.36182994454713496,0.4048059149722736,0.3710720887245841,0.3179297597042514,0.3900184842883549,0.3188539741219963,0.3701478743068392,0.29390018484288355,0.3585951940850277,0.2795748613678373,0.3488909426987061,0.3553604436229205,0.3082255083179298,0.3521256931608133,0.3747689463955638,0.28835489833641403,0.34011090573012936,0.3465804066543438,0.33086876155268025,0.3096118299445471,0.300369685767098,0.3331792975970425,0.33502772643253237,0.31284658040665436,0.32532347504621073,0.37846580406654345,0.35027726432532347,0.2975970425138632,0.24815157116451017,0.3576709796672828,0.34288354898336415,0.3410351201478743,0.28604436229205177,0.2541589648798521,0.2920517560073937,0.3331792975970425,0.33687615526802217,0.32255083179297594,0.27818853974122,0.3364140480591497
Cora	GEE	0.35872522347454333,0.3676642052079285,0.3614457831325301,0.35717061795569377,0.3424018655266226,0.3696074621064905,0.3785464438398756,0.39486980178779635,0.43645549941702294,0.35639331519626893,0.3719393703847649,0.3684415079673533,0.4080839486980179,0.35328410415856976,0.3661095996890789,0.35289545277885737,0.37038476486591526,0.37699183832102606,0.3622230858919549,0.39992226972405753,0.21881072677808006,0.3657209483093665,0.3785464438398756,0.4061406917994559,0.4201321414691022,0.378935095219588,0.35600466381655654,0.24290711232024872,0.37038476486591526,0.3715507190050525,0.3458997279440342,0.3657209483093665,0.25573260785075785,0.37388262728332683,0.39409249902837157,0.25340069957248346,0.36300038865137974,0.23902059852312477,0.3688301593470657,0.34862028760202096,0.4061406917994559,0.38243295763699964,0.36066848037310534,0.35639331519626893,0.23824329576369996,0.36999611348620287,0.35406140691799454,0.39953361834434514,0.34045860862806065,0.22269724057520404,0.43101438010104937,0.3462883793237466,0.35367275553828215,0.22114263505635445,0.3653322969296541,0.39953361834434514,0.2335794792071512,0.28488146132918774,0.38243295763699964,0.33812670034978626,0.23746599300427518,0.2114263505635445,0.37582588418188884,0.37543723280217645,0.39292654488923434,0.37699183832102606,0.36999611348620287,0.18499805674310144,0.23746599300427518,0.23707734162456276,0.3548387096774194,0.37971239797901285,0.38010104935872524,0.3591138748542557,0.3766031869413136,0.37349397590361444,0.3762145355616012,0.4034201321414691,0.3843762145355616,0.22930431403031482,0.3280217644772639,0.34823163622230857,0.41935483870967744,0.2638942868247182,0.346677030703459,0.33579479207151186,0.15196268946754762,0.3711620676253401,0.3820443062572872,0.3567819665759813,0.3657209483093665,0.38515351729498637,0.3622230858919549,0.43140303148076176,0.2273610571317528,0.35872522347454333,0.3478429848425962,0.37543723280217645,0.38981733385153516,0.37504858142246406
Cora	GNN	0.24329576369996114,0.3396813058686358,0.3653322969296541,0.23280217644772638,0.312475709288768,0.23746599300427518,0.37543723280217645,0.2510687912942091,0.2273610571317528,0.39253789350952195,0.2914885347842985,0.22347454333462885,0.27749708511465215,0.25961912164788187,0.35872522347454333,0.2716673144189662,0.35833657209483094,0.28060629615235133,0.3591138748542557,0.2670034978624174,0.27710843373493976,0.28216090167120095,0.35328410415856976,0.2510687912942091,0.2673921492421298,0.3913719393703848,0.2786630392537893,0.2495141857753595,0.2732219199378158,0.35833657209483094,0.2961523513408473,0.3256898561989895,0.31830547998445397,0.23668869024485037,0.34317916828604744,0.3614457831325301,0.32879906723668867,0.27244461717839097,0.3470656820831714,0.26506024096385544,0.2716673144189662,0.3396813058686358,0.2526233968130587,0.27477652545666537,0.2720559657986786,0.35600466381655654,0.36999611348620287,0.30003886513797123,0.2642829382044306,0.2767197823552274,0.36105713175281773,0.35289545277885737,0.32141469102215314,0.2514574426739215,0.24174115818111155,0.38282160901671203,0.274387874076953,0.33540614069179947,0.3626117372716673,0.3470656820831714,0.3766031869413136,0.3233579479207151,0.310532452390206,0.27710843373493976,0.3396813058686358,0.3637776914108045,0.2938204430625729,0.2681694520015546,0.37971239797901285,0.3614457831325301,0.2518460940536339,0.4084726000777303,0.29770695685969684,0.3295763699961135,0.3657209483093665,0.3062572872133696,0.2786630392537893,0.38087835211815,0.3692188107267781,0.3151962689467548,0.30003886513797123,0.3641663427905169,0.2300816167897396,0.26311698406529344,0.36805285658764086,0.31869413136416636,0.3373493975903614,0.39992226972405753,0.2689467547609794,0.3284104158569763,0.38515351729498637,0.39409249902837157,0.2471822774970851,0.28177225029148856,0.28254955305091334,0.2467936261173727,0.3641663427905169,0.3078118927322192,0.3664982510687913,0.2320248736883016
Cora	GG	0.43606684803731055,0.3649436455499417,0.455110765643218,0.3330742324135251,0.4220753983676642,0.3618344345122425,0.3937038476486592,0.49319860085503303,0.5064127477652546,0.45277885736494367,0.5211815001943257,0.47298872910998835,0.3253012048192771,0.4282938204430626,0.43917605907500973,0.3299650213758259,0.4395647104547221,0.4275165176836378,0.47376603186941313,0.4815390594636611,0.37582588418188884,0.3664982510687913,0.35367275553828215,0.33890400310921104,0.4978624174115818,0.45588806840264284,0.413136416634279,0.3260785075787019,0.3350174893120871,0.39020598523124755,0.42945977458219975,0.36027982899339295,0.41663427905169065,0.3478429848425962,0.4865915273999223,0.41896618732996505,0.4943645549941702,0.4006995724834823,0.4807617567042363,0.4158569762922658,0.4329576369996114,0.42868247182277497,0.3719393703847649,0.3870967741935484,0.420909444228527,0.4224640497473766,0.3855421686746988,0.38787407695297316,0.3245239020598523,0.4010882238631947,0.3855421686746988,0.3661095996890789,0.42635056354450057,0.3490089389817334,0.3264671589584143,0.30159347065682085,0.4049747376603187,0.46910221531286433,0.518460940536339,0.42712786630392535,0.35717061795569377,0.26544889234356783,0.25612125923047024,0.46094053633890403,0.4084726000777303,0.3350174893120871,0.3835989117761368,0.3688301593470657,0.34862028760202096,0.49164399533618347,0.38048970073843763,0.3909832879906724,0.37776914108045084,0.458997279440342,0.3439564710454722,0.4601632335794792,0.45200155460551883,0.3478429848425962,0.41430237077341625,0.39448115040808396,0.4282938204430626,0.30120481927710846,0.3439564710454722,0.3855421686746988,0.4966964632724446,0.45821997668091724,0.464827050136028,0.41702293043140304,0.4457831325301205,0.38787407695297316,0.41507967353284103,0.3979790128254955,0.3742712786630393,0.41507967353284103,0.3626117372716673,0.3322969296541003,0.4240186552662262,0.4621064904780412,0.4279051690633502,0.3894286824718228
Cora	GG2	0.46327244461717837,0.38010104935872524,0.45860862806062963,0.39448115040808396,0.41741158181111543,0.33113097551496307,0.4601632335794792,0.4788184998056743,0.49164399533618347,0.39486980178779635,0.4823163622230859,0.4547221142635056,0.4799844539448115,0.37738048970073845,0.37077341624562765,0.4018655266226195,0.46677030703459,0.4473377380489701,0.4220753983676642,0.47493198600855036,0.37971239797901285,0.39176059075009717,0.40225417800233193,0.4084726000777303,0.5231247570928876,0.44383987563155847,0.4197434900893898,0.3458997279440342,0.35095219588029536,0.5005829770695686,0.4185775359502526,0.4372328021764477,0.43451224251846093,0.4457831325301205,0.4823163622230859,0.4473377380489701,0.49203264671589586,0.3684415079673533,0.47337738048970074,0.4076952973183055,0.5099106101826661,0.4403420132141469,0.4014768752429071,0.4181888845705402,0.4049747376603187,0.4426739214924213,0.3696074621064905,0.38243295763699964,0.4325689856198989,0.47104547221142634,0.5021375825884182,0.33190827827438785,0.4065293431791683,0.3276331130975515,0.4034201321414691,0.4104158569762923,0.42635056354450057,0.4469490866692577,0.4380101049358725,0.3591138748542557,0.3882627283326856,0.4205207928488146,0.33812670034978626,0.4034201321414691,0.45588806840264284,0.4399533618344345,0.43684415079673533,0.3641663427905169,0.41935483870967744,0.4395647104547221,0.37776914108045084,0.5122425184609405,0.3664982510687913,0.5001943256898562,0.4279051690633502,0.39331519626894673,0.4282938204430626,0.4605518849591916,0.4605518849591916,0.36300038865137974,0.4469490866692577,0.4251846094053634,0.5017489312087058,0.39564710454722113,0.4893120870579091,0.4469490866692577,0.4212980956082394,0.46677030703459,0.46987951807228917,0.43140303148076176,0.39564710454722113,0.40225417800233193,0.4597745821997668,0.5118538670812282,0.45200155460551883,0.45044694908666927,0.4220753983676642,0.4893120870579091,0.5219588029537505,0.39409249902837157
Citeseer	GEE	0.23171889838556506,0.2484963596074707,0.203545425767648,0.2222222222222222,0.23836657169990502,0.2184235517568851,0.2716049382716049,0.22000633111744222,0.2402659069325736,0.24058246280468504,0.22792022792022792,0.21589110477999368,0.19943019943019943,0.2437480215257993,0.2541943653054764,0.21145932257043368,0.2576764798987021,0.2323520101297879,0.2557771446660336,0.2731877176321621,0.23330167774612218,0.2567268122823678,0.2196897752453308,0.23076923076923078,0.21462488129154797,0.2636910414688192,0.24817980373535928,0.24564735675846788,0.23330167774612218,0.23805001582779362,0.26970560303893637,0.26590693257359926,0.24786324786324787,0.2576764798987021,0.26970560303893637,0.2573599240265907,0.23045267489711935,0.2674897119341564,0.28300094966761635,0.2459639126305793,0.2196897752453308,0.2402659069325736,0.2209559987337765,0.2162076606521051,0.23425134536245648,0.22950300728078507,0.23425134536245648,0.22633744855967078,0.2196897752453308,0.2424817980373536,0.21494143716365938,0.26274137385248497,0.2184235517568851,0.2608420386198164,0.2712883823994935,0.22697056030389365,0.24754669199113644,0.2567268122823678,0.258309591642925,0.2608420386198164,0.25799303577081356,0.24817980373535928,0.2389996834441279,0.26020892687559355,0.24089901867679644,0.29534662867996203,0.2253877809433365,0.22950300728078507,0.23488445710667932,0.26337448559670784,0.22317188983855651,0.24089901867679644,0.2424817980373536,0.22443811332700223,0.24533080088635645,0.21557454890788225,0.25102880658436216,0.24184868629313075,0.22918645140867364,0.26717315606204495,0.23171889838556506,0.2241215574548908,0.24533080088635645,0.24406457739791074,0.22475466919911363,0.2389996834441279,0.2437480215257993,0.26717315606204495,0.24406457739791074,0.24089901867679644,0.2621082621082621,0.23868312757201646,0.27508705286483065,0.26242481798037354,0.27033871478315924,0.21430832541943654,0.2253877809433365,0.247230136119025,0.23171889838556506,0.2424817980373536
Citeseer	GNN	0.22633744855967078,0.22602089268755934,0.23773345995568218,0.23805001582779362,0.23773345995568218,0.24153213042101931,0.2459639126305793,0.2636910414688192,0.2595758151313707,0.29914529914529914,0.22475466919911363,0.3146565368787591,0.2526115859449193,0.2754036087369421,0.27508705286483065,0.205761316872428,0.2355175688509022,0.26590693257359926,0.2266540044317822,0.2636910414688192,0.2529281418170307,0.2025957581513137,0.23488445710667932,0.2526115859449193,0.23171889838556506,0.23773345995568218,0.28363406141183917,0.23140234251345362,0.23076923076923078,0.24311490978157646,0.2595758151313707,0.26400759734093066,0.19309908198797088,0.23741690408357075,0.23868312757201646,0.2849002849002849,0.2690724912947135,0.2117758784425451,0.29123140234251343,0.22253877809433364,0.2541943653054764,0.2678062678062678,0.2896486229819563,0.22792022792022792,0.21082621082621084,0.192465970243748,0.23520101297879076,0.247230136119025,0.2219056663501108,0.288698955365622,0.23045267489711935,0.2276036720481165,0.25925925925925924,0.24469768914213358,0.2972459639126306,0.2643241532130421,0.2754036087369421,0.16081038303260525,0.24533080088635645,0.2526115859449193,0.20449509338398228,0.2779360557138335,0.2567268122823678,0.23963279518835073,0.23805001582779362,0.29376384931940486,0.2301361190250079,0.25071225071225073,0.26938904716682494,0.28205128205128205,0.24469768914213358,0.18265273820829375,0.21905666350110795,0.2241215574548908,0.2839506172839506,0.22981956315289648,0.23963279518835073,0.23868312757201646,0.28743273187717633,0.22823678379233936,0.24628046850269072,0.2301361190250079,0.28679962013295346,0.2678062678062678,0.2459639126305793,0.22697056030389365,0.20955998733776512,0.24469768914213358,0.22285533396644508,0.2219056663501108,0.2389996834441279,0.25387780943336496,0.2209559987337765,0.251661918328585,0.2371003482114593,0.2557771446660336,0.26495726495726496,0.23868312757201646,0.23994935106046217,0.23330167774612218
Citeseer	GG	0.30610952833175054,0.31750553972776197,0.26274137385248497,0.3225704336815448,0.33048433048433046,0.34061411839189615,0.25482747704969927,0.32763532763532766,0.28901551123773345,0.3010446343779677,0.2738208293763849,0.23488445710667932,0.2918645140867363,0.34472934472934474,0.3121240899018677,0.3238366571699905,0.30705919594808484,0.2896486229819563,0.2276036720481165,0.31339031339031337,0.32668566001899335,0.31750553972776197,0.25102880658436216,0.25925925925925924,0.3339664450775562,0.31718898385565053,0.26242481798037354,0.3238366571699905,0.35422602089268757,0.23805001582779362,0.34694523583412473,0.28205128205128205,0.350110794555239,0.3349161126938905,0.28996517885406775,0.25134536245647354,0.2817347261791706,0.2712883823994935,0.28300094966761635,0.24438113327002217,0.22823678379233936,0.26590693257359926,0.2962962962962963,0.27413738524849635,0.23298512187401077,0.27033871478315924,0.2849002849002849,0.3067426400759734,0.2288698955365622,0.3561253561253561,0.24184868629313075,0.29946185501741057,0.30610952833175054,0.30167774612219056,0.28110161443494774,0.29471351693573916,0.25007913896802786,0.2918645140867363,0.28078505856283636,0.33459955682177905,0.32573599240265905,0.2814181703070592,0.2722380500158278,0.2760367204811649,0.3450459006014562,0.3349161126938905,0.2608420386198164,0.27033871478315924,0.2722380500158278,0.26337448559670784,0.3159227603672048,0.2943969610636277,0.2646407090851535,0.29787907565685345,0.3045267489711934,0.2652738208293764,0.35644191199746755,0.3247863247863248,0.3162393162393162,0.2288698955365622,0.2598923710034821,0.3222538778094334,0.2801519468186135,0.32415321304210193,0.2611585944919278,0.2861665083887306,0.31339031339031337,0.29692940804051915,0.28774928774928776,0.2943969610636277,0.30959164292497626,0.28078505856283636,0.2519784742006964,0.35264324153213045,0.3051598607154163,0.32826843937955047,0.2678062678062678,0.2712883823994935,0.249446027223805,0.33364988920544475
Citeseer	GG2	0.2738208293763849,0.3076923076923077,0.33903133903133903,0.3051598607154163,0.34852801519468185,0.3349161126938905,0.3301677746122191,0.3124406457739791,0.2858499525166192,0.26590693257359926,0.30959164292497626,0.23963279518835073,0.2785691674580563,0.30705919594808484,0.3190883190883191,0.32985121874010764,0.3308008863564419,0.3007280785058563,0.3067426400759734,0.3355492244381133,0.3238366571699905,0.2589427033871478,0.2665400443178221,0.2526115859449193,0.3184552073440962,0.3279518835074391,0.2652738208293764,0.31560620449509336,0.36182336182336183,0.30642608420386197,0.3301677746122191,0.2652738208293764,0.33206710984488763,0.34314656536878757,0.36087369420702753,0.3004115226337449,0.29218106995884774,0.27192149414371636,0.24311490978157646,0.3124406457739791,0.29914529914529914,0.3057929724596391,0.30009496676163344,0.29692940804051915,0.3073757518201963,0.297562519784742,0.2595758151313707,0.2643241532130421,0.24533080088635645,0.345679012345679,0.2684393795504907,0.2636910414688192,0.24817980373535928,0.32415321304210193,0.2940804051915163,0.28458372902817347,0.32573599240265905,0.2817347261791706,0.36087369420702753,0.3371320037986705,0.3143399810066477,0.3114909781576448,0.3111744222855334,0.2902817347261792,0.3295346628679962,0.3535929091484647,0.29471351693573916,0.32415321304210193,0.32890155112377334,0.33903133903133903,0.2643241532130421,0.33206710984488763,0.2988287432731877,0.28743273187717633,0.3238366571699905,0.3137068692624248,0.3057929724596391,0.2880658436213992,0.34472934472934474,0.33364988920544475,0.2981956315289649,0.31022475466919913,0.27350427350427353,0.2871161760050649,0.3238366571699905,0.33681544792655904,0.3779677113010446,0.3247863247863248,0.31180753402975625,0.32541943653054767,0.2861665083887306,0.28078505856283636,0.3168724279835391,0.341247230136119,0.3067426400759734,0.341247230136119,0.3143399810066477,0.26559037670148783,0.23393478949034505,0.3051598607154163
