ACM	GEE	0.005789756774902344,0.00574803352355957,0.0054819583892822266,0.005778312683105469,0.005897045135498047,0.005908966064453125,0.005638837814331055,0.005773067474365234,0.0060558319091796875,0.005800962448120117,0.005671977996826172,0.005724191665649414,0.005772113800048828,0.005709171295166016,0.005906820297241211,0.005997896194458008,0.005808115005493164,0.0058040618896484375,0.005859851837158203,0.005713939666748047,0.005856990814208984,0.005733013153076172,0.00582122802734375,0.0058002471923828125,0.005501985549926758,0.00558018684387207,0.006155967712402344,0.005642890930175781,0.005648136138916016,0.0077288150787353516,0.005644083023071289,0.0058040618896484375,0.005705833435058594,0.0058519840240478516,0.005631923675537109,0.005905866622924805,0.005753993988037109,0.00560307502746582,0.006299257278442383,0.005608797073364258,0.005917072296142578,0.005674123764038086,0.005594015121459961,0.0057947635650634766,0.005813121795654297,0.005836009979248047,0.005806922912597656,0.0056798458099365234,0.0059430599212646484,0.005863189697265625,0.0058329105377197266,0.005734920501708984,0.005944728851318359,0.005909919738769531,0.005894899368286133,0.005718231201171875,0.005836009979248047,0.005728960037231445,0.005797863006591797,0.005591869354248047,0.005891084671020508,0.0058748722076416016,0.005944013595581055,0.005759000778198242,0.005868196487426758,0.006246089935302734,0.00593876838684082,0.005800008773803711,0.005880832672119141,0.0060329437255859375,0.005945920944213867,0.005753040313720703,0.005647182464599609,0.005632877349853516,0.006054878234863281,0.005470991134643555,0.0058100223541259766,0.005681276321411133,0.005828142166137695,0.0058400630950927734,0.005678892135620117,0.005835771560668945,0.005639791488647461,0.0057299137115478516,0.005950927734375,0.006012916564941406,0.005679130554199219,0.005925893783569336,0.005735874176025391,0.005725860595703125,0.005698680877685547,0.005672931671142578,0.005837917327880859,0.005705118179321289,0.0057599544525146484,0.005841255187988281,0.005645036697387695,0.005566835403442383,0.005628108978271484,0.005658864974975586
ACM	GNN	0.4379122257232666,0.7467150688171387,0.33084821701049805,0.5166211128234863,0.3784518241882324,0.4486689567565918,0.3032810688018799,0.31448888778686523,0.2989530563354492,0.6309449672698975,0.6530070304870605,0.35611915588378906,0.35889220237731934,0.3808250427246094,0.2833268642425537,0.37203407287597656,0.2875699996948242,0.2649071216583252,0.3149101734161377,0.3081839084625244,0.36099815368652344,0.40775299072265625,0.4962151050567627,0.4520440101623535,0.36833786964416504,0.4752531051635742,0.32059693336486816,0.35504627227783203,0.2741129398345947,0.2824130058288574,0.3910942077636719,0.363476037979126,0.35808801651000977,0.36949610710144043,0.3506608009338379,0.4695608615875244,0.3869469165802002,0.2786140441894531,0.3933382034301758,0.27140283584594727,0.5255179405212402,0.45062971115112305,0.3493008613586426,0.29963111877441406,0.30892086029052734,0.26685595512390137,0.2852518558502197,0.43512606620788574,0.2907829284667969,0.3971693515777588,0.3080739974975586,0.27962803840637207,0.5709989070892334,0.2764620780944824,0.4112980365753174,0.29193687438964844,0.3999450206756592,0.5690629482269287,0.36451101303100586,0.444202184677124,0.4226949214935303,0.4660508632659912,0.376356840133667,0.29850196838378906,0.53633713722229,0.30547094345092773,0.37691807746887207,0.2870779037475586,0.38730311393737793,0.3860311508178711,0.3764321804046631,0.29816389083862305,0.39981603622436523,0.40779995918273926,0.2735021114349365,0.36014413833618164,0.3110389709472656,0.3928236961364746,0.3805859088897705,0.2746849060058594,0.3986690044403076,0.361008882522583,0.3221251964569092,0.4842851161956787,0.36630868911743164,0.5055899620056152,0.31578803062438965,0.312424898147583,0.29087018966674805,0.3661530017852783,0.33343505859375,0.4130971431732178,0.2619779109954834,0.45287013053894043,0.3382301330566406,0.3136622905731201,0.3324742317199707,0.34453415870666504,0.4092848300933838,0.3034689426422119
ACM	GG	0.4776451587677002,0.6749100685119629,0.2814750671386719,0.43810200691223145,0.29114317893981934,0.6745142936706543,0.30703067779541016,0.9015781879425049,0.3135251998901367,0.2562861442565918,0.24889492988586426,0.2820301055908203,0.2630729675292969,0.5903942584991455,0.29836177825927734,0.30344581604003906,0.3320460319519043,0.2759830951690674,0.2711830139160156,0.28127074241638184,0.47519588470458984,0.28342700004577637,0.27049708366394043,0.2540731430053711,0.39334702491760254,0.28411388397216797,0.821619987487793,0.2914872169494629,0.2877998352050781,0.444896936416626,0.5922799110412598,0.2654869556427002,0.2748281955718994,0.2636830806732178,0.4195692539215088,0.47988200187683105,0.26231813430786133,0.3025820255279541,0.2672240734100342,0.4266972541809082,0.2539668083190918,0.3218700885772705,0.2709331512451172,0.2958238124847412,0.4856691360473633,0.41088414192199707,0.5995919704437256,0.7037169933319092,0.6013598442077637,0.3516221046447754,0.42586803436279297,0.4679691791534424,0.3047928810119629,0.3502218723297119,0.2507779598236084,0.3095521926879883,0.26966118812561035,0.2534670829772949,0.5060749053955078,0.30297398567199707,0.2611687183380127,0.3022022247314453,0.2985720634460449,0.31119704246520996,0.4291231632232666,0.25881409645080566,0.26468729972839355,0.28246569633483887,0.2712218761444092,0.26112794876098633,0.6957559585571289,0.25942397117614746,0.49915194511413574,0.3005862236022949,0.2683429718017578,0.27359890937805176,0.29169797897338867,0.2781381607055664,0.2608349323272705,0.5829241275787354,0.2627711296081543,0.2553677558898926,0.47739291191101074,0.29941892623901367,0.47864413261413574,0.4245340824127197,0.30034303665161133,0.302717924118042,0.4088587760925293,0.30763697624206543,0.6599490642547607,0.7843160629272461,0.26131582260131836,0.3097653388977051,0.2953472137451172,0.42990899085998535,0.25350379943847656,0.2778358459472656,0.3169739246368408,0.26771092414855957
ACM	GG2	0.4776451587677002,0.6749100685119629,0.2814750671386719,0.43810200691223145,0.29114317893981934,0.6745142936706543,0.30703067779541016,0.9015781879425049,0.3135251998901367,0.2562861442565918,0.24889492988586426,0.2820301055908203,0.2630729675292969,0.5903942584991455,0.29836177825927734,0.30344581604003906,0.3320460319519043,0.2759830951690674,0.2711830139160156,0.28127074241638184,0.47519588470458984,0.28342700004577637,0.27049708366394043,0.2540731430053711,0.39334702491760254,0.28411388397216797,0.821619987487793,0.2914872169494629,0.2877998352050781,0.444896936416626,0.5922799110412598,0.2654869556427002,0.2748281955718994,0.2636830806732178,0.4195692539215088,0.47988200187683105,0.26231813430786133,0.3025820255279541,0.2672240734100342,0.4266972541809082,0.2539668083190918,0.3218700885772705,0.2709331512451172,0.2958238124847412,0.4856691360473633,0.41088414192199707,0.5995919704437256,0.7037169933319092,0.6013598442077637,0.3516221046447754,0.42586803436279297,0.4679691791534424,0.3047928810119629,0.3502218723297119,0.2507779598236084,0.3095521926879883,0.26966118812561035,0.2534670829772949,0.5060749053955078,0.30297398567199707,0.2611687183380127,0.3022022247314453,0.2985720634460449,0.31119704246520996,0.4291231632232666,0.25881409645080566,0.26468729972839355,0.28246569633483887,0.2712218761444092,0.26112794876098633,0.6957559585571289,0.25942397117614746,0.49915194511413574,0.3005862236022949,0.2683429718017578,0.27359890937805176,0.29169797897338867,0.2781381607055664,0.2608349323272705,0.5829241275787354,0.2627711296081543,0.2553677558898926,0.47739291191101074,0.29941892623901367,0.47864413261413574,0.4245340824127197,0.30034303665161133,0.302717924118042,0.4088587760925293,0.30763697624206543,0.6599490642547607,0.7843160629272461,0.26131582260131836,0.3097653388977051,0.2953472137451172,0.42990899085998535,0.25350379943847656,0.2778358459472656,0.3169739246368408,0.26771092414855957
BAT	GEE	0.0005080699920654297,0.0005252361297607422,0.0005071163177490234,0.0004899501800537109,0.0005850791931152344,0.00048804283142089844,0.0005099773406982422,0.0005209445953369141,0.0004837512969970703,0.0005130767822265625,0.0004737377166748047,0.0005052089691162109,0.0005328655242919922,0.00047206878662109375,0.0005788803100585938,0.0005319118499755859,0.00047326087951660156,0.00047397613525390625,0.00047779083251953125,0.0004901885986328125,0.00047469139099121094,0.0004749298095703125,0.0005002021789550781,0.00047588348388671875,0.0005140304565429688,0.0005359649658203125,0.0005221366882324219,0.0004627704620361328,0.00046896934509277344,0.00047516822814941406,0.0004971027374267578,0.0005090236663818359,0.00047898292541503906,0.0005350112915039062,0.0004811286926269531,0.0004589557647705078,0.00048804283142089844,0.0005090236663818359,0.0004677772521972656,0.0004801750183105469,0.0005109310150146484,0.000518798828125,0.0005381107330322266,0.0005159378051757812,0.0004639625549316406,0.0005869865417480469,0.0004949569702148438,0.0005259513854980469,0.0005488395690917969,0.00046896934509277344,0.0004830360412597656,0.0005328655242919922,0.0005300045013427734,0.0005700588226318359,0.0005459785461425781,0.00047779083251953125,0.0004646778106689453,0.0005350112915039062,0.00047588348388671875,0.0005381107330322266,0.0004978179931640625,0.0004611015319824219,0.0005488395690917969,0.0004830360412597656,0.0005621910095214844,0.0004749298095703125,0.00048279762268066406,0.0004849433898925781,0.0005278587341308594,0.0004899501800537109,0.0005660057067871094,0.0005128383636474609,0.0004730224609375,0.0004899501800537109,0.0005400180816650391,0.000560760498046875,0.0005016326904296875,0.0004982948303222656,0.00045990943908691406,0.0005719661712646484,0.0005257129669189453,0.0004820823669433594,0.0004742145538330078,0.0004968643188476562,0.0004961490631103516,0.0006272792816162109,0.00047898292541503906,0.0005812644958496094,0.0005271434783935547,0.0004978179931640625,0.00049591064453125,0.0004937648773193359,0.0004909038543701172,0.0004878044128417969,0.0004982948303222656,0.0004680156707763672,0.0004858970642089844,0.0005619525909423828,0.0005710124969482422,0.0004999637603759766
BAT	GNN	0.18547511100769043,0.10175013542175293,0.12098097801208496,0.13820290565490723,0.1177818775177002,0.15404295921325684,0.13486599922180176,0.12096691131591797,0.12891006469726562,0.16971302032470703,0.0930030345916748,0.12637090682983398,0.11635804176330566,0.2681879997253418,0.2109370231628418,0.13111209869384766,0.09268569946289062,0.10394692420959473,0.16176795959472656,0.09861111640930176,0.1223762035369873,0.13402295112609863,0.15502691268920898,0.12358212471008301,0.09068703651428223,0.21771597862243652,0.11161613464355469,0.10603117942810059,0.29093194007873535,0.10883927345275879,0.1448512077331543,0.17829489707946777,0.1337580680847168,0.17160391807556152,0.14083003997802734,0.12024617195129395,0.12133097648620605,0.12140107154846191,0.0902400016784668,0.17969775199890137,0.12451505661010742,0.23204398155212402,0.11989998817443848,0.16300010681152344,0.13049101829528809,0.12176394462585449,0.1229097843170166,0.11617612838745117,0.11241722106933594,0.09058022499084473,0.1530909538269043,0.12691688537597656,0.15278100967407227,0.18219518661499023,0.12196779251098633,0.0899350643157959,0.09369659423828125,0.15505695343017578,0.09898614883422852,0.18055987358093262,0.12371611595153809,0.1517951488494873,0.18682479858398438,0.1232140064239502,0.13713312149047852,0.09287810325622559,0.2336902618408203,0.0923922061920166,0.09898185729980469,0.12196207046508789,0.09132695198059082,0.20619487762451172,0.15449118614196777,0.12111115455627441,0.12460064888000488,0.11837005615234375,0.18460893630981445,0.18546700477600098,0.19484424591064453,0.09299588203430176,0.19679784774780273,0.19134521484375,0.08934998512268066,0.12273526191711426,0.15772604942321777,0.21979284286499023,0.0907142162322998,0.2200918197631836,0.09149384498596191,0.12235784530639648,0.12265586853027344,0.16381216049194336,0.09407591819763184,0.13153910636901855,0.14107918739318848,0.09121990203857422,0.14688706398010254,0.12111306190490723,0.09077906608581543,0.0950617790222168
BAT	GG	0.1275310516357422,0.12140917778015137,0.11977195739746094,0.15712618827819824,0.19876623153686523,0.10264396667480469,0.10387039184570312,0.1597449779510498,0.11957979202270508,0.21497011184692383,0.16956591606140137,0.12724781036376953,0.16187787055969238,0.12674832344055176,0.11935019493103027,0.17313623428344727,0.12449502944946289,0.16065192222595215,0.1872859001159668,0.1603550910949707,0.09103798866271973,0.19783926010131836,0.1325819492340088,0.18541479110717773,0.12218976020812988,0.12934184074401855,0.16733193397521973,0.11776208877563477,0.12024378776550293,0.142106294631958,0.09592604637145996,0.13356924057006836,0.14778709411621094,0.1484386920928955,0.09225606918334961,0.10052204132080078,0.12650012969970703,0.17056512832641602,0.1310272216796875,0.12278127670288086,0.16808080673217773,0.09416389465332031,0.10201478004455566,0.1212930679321289,0.15771698951721191,0.0943150520324707,0.09402799606323242,0.10101008415222168,0.12995696067810059,0.18665432929992676,0.10475587844848633,0.1071481704711914,0.16306090354919434,0.10042381286621094,0.16197896003723145,0.12947988510131836,0.18770194053649902,0.18343782424926758,0.19556713104248047,0.17846393585205078,0.09091615676879883,0.15432214736938477,0.09553408622741699,0.13168621063232422,0.15564608573913574,0.15452909469604492,0.12959980964660645,0.12159395217895508,0.17065811157226562,0.18007230758666992,0.15938496589660645,0.20171856880187988,0.09568905830383301,0.09526419639587402,0.09226417541503906,0.17673707008361816,0.08997988700866699,0.15500617027282715,0.17993497848510742,0.14373207092285156,0.09056901931762695,0.12235188484191895,0.18618178367614746,0.19492006301879883,0.11588811874389648,0.12311768531799316,0.17960882186889648,0.12624907493591309,0.17262601852416992,0.09795904159545898,0.09082293510437012,0.17183995246887207,0.15361499786376953,0.09095597267150879,0.19825100898742676,0.12649106979370117,0.18579792976379395,0.12008380889892578,0.15881013870239258,0.11922693252563477
BAT	GG2	0.1275310516357422,0.12140917778015137,0.11977195739746094,0.15712618827819824,0.19876623153686523,0.10264396667480469,0.10387039184570312,0.1597449779510498,0.11957979202270508,0.21497011184692383,0.16956591606140137,0.12724781036376953,0.16187787055969238,0.12674832344055176,0.11935019493103027,0.17313623428344727,0.12449502944946289,0.16065192222595215,0.1872859001159668,0.1603550910949707,0.09103798866271973,0.19783926010131836,0.1325819492340088,0.18541479110717773,0.12218976020812988,0.12934184074401855,0.16733193397521973,0.11776208877563477,0.12024378776550293,0.142106294631958,0.09592604637145996,0.13356924057006836,0.14778709411621094,0.1484386920928955,0.09225606918334961,0.10052204132080078,0.12650012969970703,0.17056512832641602,0.1310272216796875,0.12278127670288086,0.16808080673217773,0.09416389465332031,0.10201478004455566,0.1212930679321289,0.15771698951721191,0.0943150520324707,0.09402799606323242,0.10101008415222168,0.12995696067810059,0.18665432929992676,0.10475587844848633,0.1071481704711914,0.16306090354919434,0.10042381286621094,0.16197896003723145,0.12947988510131836,0.18770194053649902,0.18343782424926758,0.19556713104248047,0.17846393585205078,0.09091615676879883,0.15432214736938477,0.09553408622741699,0.13168621063232422,0.15564608573913574,0.15452909469604492,0.12959980964660645,0.12159395217895508,0.17065811157226562,0.18007230758666992,0.15938496589660645,0.20171856880187988,0.09568905830383301,0.09526419639587402,0.09226417541503906,0.17673707008361816,0.08997988700866699,0.15500617027282715,0.17993497848510742,0.14373207092285156,0.09056901931762695,0.12235188484191895,0.18618178367614746,0.19492006301879883,0.11588811874389648,0.12311768531799316,0.17960882186889648,0.12624907493591309,0.17262601852416992,0.09795904159545898,0.09082293510437012,0.17183995246887207,0.15361499786376953,0.09095597267150879,0.19825100898742676,0.12649106979370117,0.18579792976379395,0.12008380889892578,0.15881013870239258,0.11922693252563477
DBLP	GEE	0.0019981861114501953,0.0019409656524658203,0.0018477439880371094,0.0018780231475830078,0.002368927001953125,0.0019199848175048828,0.0019230842590332031,0.0018761157989501953,0.001856088638305664,0.0019369125366210938,0.001990079879760742,0.0020139217376708984,0.002000093460083008,0.002245187759399414,0.0018639564514160156,0.0018908977508544922,0.0018889904022216797,0.0025491714477539062,0.0019290447235107422,0.001837015151977539,0.0018649101257324219,0.0019130706787109375,0.0018990039825439453,0.0018951892852783203,0.001931905746459961,0.0018520355224609375,0.0018768310546875,0.0021424293518066406,0.0019829273223876953,0.0018668174743652344,0.002009868621826172,0.0018858909606933594,0.001918792724609375,0.002207040786743164,0.002260923385620117,0.0023162364959716797,0.001859903335571289,0.029062986373901367,0.0019030570983886719,0.0020949840545654297,0.0018901824951171875,0.0018780231475830078,0.0020380020141601562,0.0019392967224121094,0.00185394287109375,0.0020570755004882812,0.0018610954284667969,0.0019390583038330078,0.001955270767211914,0.002246856689453125,0.0021851062774658203,0.0020301342010498047,0.0022420883178710938,0.001863241195678711,0.0024619102478027344,0.0019109249114990234,0.0018818378448486328,0.0021200180053710938,0.0022029876708984375,0.0021047592163085938,0.002349853515625,0.0020301342010498047,0.0019178390502929688,0.0018608570098876953,0.002096891403198242,0.0019850730895996094,0.002190113067626953,0.0019047260284423828,0.001901865005493164,0.0023250579833984375,0.0018949508666992188,0.002070903778076172,0.0019609928131103516,0.0018701553344726562,0.001895904541015625,0.0022079944610595703,0.001856088638305664,0.0020508766174316406,0.0019702911376953125,0.002160787582397461,0.0018780231475830078,0.001898050308227539,0.001936197280883789,0.0021409988403320312,0.0019099712371826172,0.002050161361694336,0.0019116401672363281,0.002033233642578125,0.0018281936645507812,0.0021851062774658203,0.001856088638305664,0.0018548965454101562,0.0018610954284667969,0.0022270679473876953,0.0021750926971435547,0.0021209716796875,0.001867055892944336,0.0019731521606445312,0.0018398761749267578,0.002382993698120117
DBLP	GNN	0.2413499355316162,0.33992695808410645,0.23749828338623047,0.30339574813842773,0.28850293159484863,0.3620772361755371,0.34267210960388184,0.23920893669128418,0.3855130672454834,0.321666955947876,0.2773129940032959,0.3448319435119629,0.29065394401550293,0.33469295501708984,0.3055579662322998,0.34658312797546387,0.308574914932251,0.2940070629119873,0.378648042678833,0.30295515060424805,0.2572438716888428,0.346909761428833,0.3510615825653076,0.2434539794921875,0.3265340328216553,0.23136615753173828,0.25122904777526855,0.3300762176513672,0.2508680820465088,0.4158809185028076,0.30733299255371094,0.2415299415588379,0.2547330856323242,0.3585240840911865,0.28005504608154297,0.24361777305603027,0.260235071182251,0.2501041889190674,0.2343912124633789,0.35717010498046875,0.35213804244995117,0.304703950881958,0.300462007522583,0.26427698135375977,0.23376679420471191,0.3936431407928467,0.24390387535095215,0.35010695457458496,0.38388490676879883,0.30520105361938477,0.2633640766143799,0.3086128234863281,0.24475598335266113,0.2642998695373535,0.30400705337524414,0.32220005989074707,0.23312997817993164,0.25530195236206055,0.25196003913879395,0.2789337635040283,0.2714419364929199,0.3525822162628174,0.37428712844848633,0.299929141998291,0.2827420234680176,0.24074292182922363,0.3257291316986084,0.23767685890197754,0.25202107429504395,0.3163449764251709,0.3093888759613037,0.2967550754547119,0.3588371276855469,0.3466298580169678,0.275331974029541,0.2912311553955078,0.24284124374389648,0.37497591972351074,0.23477602005004883,0.32439208030700684,0.24868488311767578,0.3298790454864502,0.24850106239318848,0.3460049629211426,0.3044779300689697,0.2701268196105957,0.2544240951538086,0.31357598304748535,0.2688121795654297,0.28072118759155273,0.3657419681549072,0.3995068073272705,0.3262977600097656,0.2881429195404053,0.3961799144744873,0.27494287490844727,0.4080660343170166,0.37278318405151367,0.3269040584564209,0.2743191719055176
DBLP	GG	0.39223694801330566,0.22767210006713867,0.2263469696044922,0.24090981483459473,0.24434399604797363,0.4757692813873291,0.24369502067565918,0.24187302589416504,0.28539371490478516,0.22846579551696777,0.2306828498840332,0.23245692253112793,0.42318010330200195,0.23198795318603516,0.2625551223754883,0.47109389305114746,0.23529505729675293,0.44922804832458496,0.5583479404449463,0.4574418067932129,0.23384308815002441,0.24076485633850098,0.24985504150390625,0.4225797653198242,0.22620487213134766,0.22511720657348633,0.23342514038085938,0.4080619812011719,0.4222121238708496,0.23403429985046387,0.23950886726379395,0.23936915397644043,0.26546597480773926,0.27222299575805664,0.31847119331359863,0.23228001594543457,0.2536449432373047,0.24450087547302246,0.23966503143310547,0.23759698867797852,0.2470569610595703,0.39813661575317383,0.4166579246520996,0.4263150691986084,0.2586848735809326,0.3699312210083008,0.44444918632507324,0.24182796478271484,0.23727893829345703,0.23010778427124023,0.24497294425964355,0.4519040584564209,0.23266196250915527,0.23094606399536133,0.24311494827270508,0.23622989654541016,0.2344813346862793,0.2669718265533447,0.23123502731323242,0.23863601684570312,0.3081648349761963,0.25652503967285156,0.24648094177246094,0.26334285736083984,0.24375295639038086,0.23631787300109863,0.3732469081878662,0.23375201225280762,0.23852324485778809,0.454334020614624,0.23392677307128906,0.229658842086792,0.23482799530029297,0.24366497993469238,0.24017000198364258,0.23308801651000977,0.237091064453125,0.2497870922088623,0.24489688873291016,0.2242569923400879,0.23531699180603027,0.23995375633239746,0.24469304084777832,0.23764896392822266,0.24204397201538086,0.23446297645568848,0.37793421745300293,0.2456657886505127,0.2472379207611084,0.2776219844818115,0.24414587020874023,0.2328929901123047,0.2832179069519043,0.2458789348602295,0.22808480262756348,0.2424781322479248,0.4542069435119629,0.2315211296081543,0.24205684661865234,0.2620861530303955
DBLP	GG2	0.39223694801330566,0.22767210006713867,0.2263469696044922,0.24090981483459473,0.24434399604797363,0.4757692813873291,0.24369502067565918,0.24187302589416504,0.28539371490478516,0.22846579551696777,0.2306828498840332,0.23245692253112793,0.42318010330200195,0.23198795318603516,0.2625551223754883,0.47109389305114746,0.23529505729675293,0.44922804832458496,0.5583479404449463,0.4574418067932129,0.23384308815002441,0.24076485633850098,0.24985504150390625,0.4225797653198242,0.22620487213134766,0.22511720657348633,0.23342514038085938,0.4080619812011719,0.4222121238708496,0.23403429985046387,0.23950886726379395,0.23936915397644043,0.26546597480773926,0.27222299575805664,0.31847119331359863,0.23228001594543457,0.2536449432373047,0.24450087547302246,0.23966503143310547,0.23759698867797852,0.2470569610595703,0.39813661575317383,0.4166579246520996,0.4263150691986084,0.2586848735809326,0.3699312210083008,0.44444918632507324,0.24182796478271484,0.23727893829345703,0.23010778427124023,0.24497294425964355,0.4519040584564209,0.23266196250915527,0.23094606399536133,0.24311494827270508,0.23622989654541016,0.2344813346862793,0.2669718265533447,0.23123502731323242,0.23863601684570312,0.3081648349761963,0.25652503967285156,0.24648094177246094,0.26334285736083984,0.24375295639038086,0.23631787300109863,0.3732469081878662,0.23375201225280762,0.23852324485778809,0.454334020614624,0.23392677307128906,0.229658842086792,0.23482799530029297,0.24366497993469238,0.24017000198364258,0.23308801651000977,0.237091064453125,0.2497870922088623,0.24489688873291016,0.2242569923400879,0.23531699180603027,0.23995375633239746,0.24469304084777832,0.23764896392822266,0.24204397201538086,0.23446297645568848,0.37793421745300293,0.2456657886505127,0.2472379207611084,0.2776219844818115,0.24414587020874023,0.2328929901123047,0.2832179069519043,0.2458789348602295,0.22808480262756348,0.2424781322479248,0.4542069435119629,0.2315211296081543,0.24205684661865234,0.2620861530303955
EAT	GEE	0.0023040771484375,0.002621173858642578,0.0027358531951904297,0.002508878707885742,0.0026061534881591797,0.002385854721069336,0.0023429393768310547,0.0024139881134033203,0.0024759769439697266,0.0024378299713134766,0.0027446746826171875,0.0023851394653320312,0.0023679733276367188,0.002434968948364258,0.0023429393768310547,0.00238800048828125,0.0023679733276367188,0.0024607181549072266,0.0026140213012695312,0.002371072769165039,0.002310037612915039,0.0024209022521972656,0.0026450157165527344,0.0023920536041259766,0.0023450851440429688,0.002413034439086914,0.0027740001678466797,0.002331972122192383,0.0025599002838134766,0.0024290084838867188,0.002368927001953125,0.0024178028106689453,0.002719879150390625,0.002418041229248047,0.002638101577758789,0.0025451183319091797,0.0025010108947753906,0.0025348663330078125,0.002398967742919922,0.002457141876220703,0.002469778060913086,0.0024161338806152344,0.0024421215057373047,0.0023717880249023438,0.0023322105407714844,0.0026960372924804688,0.002373218536376953,0.0027799606323242188,0.0023889541625976562,0.0028808116912841797,0.002312898635864258,0.002502918243408203,0.0025200843811035156,0.0027620792388916016,0.00244903564453125,0.0024759769439697266,0.002562999725341797,0.002554178237915039,0.0023000240325927734,0.002779722213745117,0.0022881031036376953,0.0023741722106933594,0.0023889541625976562,0.0024590492248535156,0.002454042434692383,0.0023870468139648438,0.002382993698120117,0.0024080276489257812,0.0027129650115966797,0.002446889877319336,0.0024220943450927734,0.0024018287658691406,0.0026760101318359375,0.0026407241821289062,0.0025300979614257812,0.0024483203887939453,0.002782106399536133,0.0027761459350585938,0.002479076385498047,0.0025522708892822266,0.002660036087036133,0.0024671554565429688,0.0024352073669433594,0.0022590160369873047,0.002370119094848633,0.0024261474609375,0.0023779869079589844,0.0024247169494628906,0.0028090476989746094,0.002706289291381836,0.002630949020385742,0.002418994903564453,0.002624034881591797,0.002554178237915039,0.0023779869079589844,0.0023360252380371094,0.002524852752685547,0.0025610923767089844,0.002541065216064453,0.002399921417236328
EAT	GNN	0.34927988052368164,0.15889191627502441,0.17186427116394043,0.17327499389648438,0.19183111190795898,0.2408289909362793,0.19040679931640625,0.1852099895477295,0.15854191780090332,0.20321416854858398,0.17860698699951172,0.1845989227294922,0.18784594535827637,0.2263350486755371,0.1782379150390625,0.18447208404541016,0.19755196571350098,0.15445208549499512,0.27365589141845703,0.18920087814331055,0.17387080192565918,0.15325522422790527,0.17621183395385742,0.1871192455291748,0.2618870735168457,0.17583203315734863,0.37413907051086426,0.2902982234954834,0.20510506629943848,0.27208614349365234,0.18888592720031738,0.307175874710083,0.30042099952697754,0.19318199157714844,0.25766897201538086,0.1752302646636963,0.24100303649902344,0.3198118209838867,0.21196317672729492,0.18861889839172363,0.20530414581298828,0.1901099681854248,0.2501370906829834,0.1918017864227295,0.18689489364624023,0.2557411193847656,0.2032179832458496,0.26453614234924316,0.15260028839111328,0.1489119529724121,0.17729401588439941,0.19546794891357422,0.2752420902252197,0.25601983070373535,0.299238920211792,0.1879138946533203,0.2793753147125244,0.1809220314025879,0.2748243808746338,0.16529107093811035,0.20547914505004883,0.17336702346801758,0.19237995147705078,0.15213704109191895,0.18262410163879395,0.18108487129211426,0.27710628509521484,0.25288915634155273,0.1377391815185547,0.22184014320373535,0.18569183349609375,0.18329095840454102,0.24150490760803223,0.17357802391052246,0.22340703010559082,0.19934988021850586,0.3091859817504883,0.17598891258239746,0.1808180809020996,0.19600820541381836,0.22381019592285156,0.1771862506866455,0.18111205101013184,0.18191313743591309,0.26572108268737793,0.25853490829467773,0.19724702835083008,0.18589210510253906,0.18703985214233398,0.17594599723815918,0.34783005714416504,0.2662181854248047,0.3309199810028076,0.19208502769470215,0.1908421516418457,0.2792539596557617,0.18175292015075684,0.14810919761657715,0.21526885032653809,0.23673701286315918
EAT	GG	0.18555998802185059,0.18184804916381836,0.20791888236999512,0.28217601776123047,0.18606114387512207,0.3379509449005127,0.17948102951049805,0.1572563648223877,0.18991994857788086,0.24075794219970703,0.1921231746673584,0.1864469051361084,0.2810189723968506,0.197861909866333,0.1875898838043213,0.18927288055419922,0.17140507698059082,0.29186582565307617,0.1927788257598877,0.2652270793914795,0.3489069938659668,0.181549072265625,0.18614506721496582,0.19142889976501465,0.18197393417358398,0.29524683952331543,0.17500638961791992,0.1834697723388672,0.17983198165893555,0.16550803184509277,0.17453575134277344,0.19541311264038086,0.19139909744262695,0.15620875358581543,0.15719008445739746,0.3223378658294678,0.28054285049438477,0.1806809902191162,0.18903613090515137,0.2456810474395752,0.24457001686096191,0.17953705787658691,0.18195033073425293,0.38944196701049805,0.21877288818359375,0.1910858154296875,0.18597722053527832,0.35745692253112793,0.22894835472106934,0.18404889106750488,0.1911458969116211,0.25544309616088867,0.24065828323364258,0.18573689460754395,0.1948089599609375,0.24589800834655762,0.1479201316833496,0.35249781608581543,0.28293824195861816,0.30141210556030273,0.18033194541931152,0.2743051052093506,0.18071818351745605,0.17412590980529785,0.18868708610534668,0.19131231307983398,0.1839289665222168,0.2797713279724121,0.18529200553894043,0.18711400032043457,0.19441509246826172,0.15311741828918457,0.1816246509552002,0.18256306648254395,0.17999911308288574,0.26782798767089844,0.1861429214477539,0.29436492919921875,0.2849390506744385,0.22490310668945312,0.18059897422790527,0.1991431713104248,0.2271418571472168,0.19252419471740723,0.3903486728668213,0.1740119457244873,0.2384960651397705,0.2580068111419678,0.22541093826293945,0.2465529441833496,0.18710780143737793,0.2556900978088379,0.2136850357055664,0.3728671073913574,0.19202113151550293,0.18746018409729004,0.31926703453063965,0.2323908805847168,0.2798950672149658,0.19176292419433594
EAT	GG2	0.18555998802185059,0.18184804916381836,0.20791888236999512,0.28217601776123047,0.18606114387512207,0.3379509449005127,0.17948102951049805,0.1572563648223877,0.18991994857788086,0.24075794219970703,0.1921231746673584,0.1864469051361084,0.2810189723968506,0.197861909866333,0.1875898838043213,0.18927288055419922,0.17140507698059082,0.29186582565307617,0.1927788257598877,0.2652270793914795,0.3489069938659668,0.181549072265625,0.18614506721496582,0.19142889976501465,0.18197393417358398,0.29524683952331543,0.17500638961791992,0.1834697723388672,0.17983198165893555,0.16550803184509277,0.17453575134277344,0.19541311264038086,0.19139909744262695,0.15620875358581543,0.15719008445739746,0.3223378658294678,0.28054285049438477,0.1806809902191162,0.18903613090515137,0.2456810474395752,0.24457001686096191,0.17953705787658691,0.18195033073425293,0.38944196701049805,0.21877288818359375,0.1910858154296875,0.18597722053527832,0.35745692253112793,0.22894835472106934,0.18404889106750488,0.1911458969116211,0.25544309616088867,0.24065828323364258,0.18573689460754395,0.1948089599609375,0.24589800834655762,0.1479201316833496,0.35249781608581543,0.28293824195861816,0.30141210556030273,0.18033194541931152,0.2743051052093506,0.18071818351745605,0.17412590980529785,0.18868708610534668,0.19131231307983398,0.1839289665222168,0.2797713279724121,0.18529200553894043,0.18711400032043457,0.19441509246826172,0.15311741828918457,0.1816246509552002,0.18256306648254395,0.17999911308288574,0.26782798767089844,0.1861429214477539,0.29436492919921875,0.2849390506744385,0.22490310668945312,0.18059897422790527,0.1991431713104248,0.2271418571472168,0.19252419471740723,0.3903486728668213,0.1740119457244873,0.2384960651397705,0.2580068111419678,0.22541093826293945,0.2465529441833496,0.18710780143737793,0.2556900978088379,0.2136850357055664,0.3728671073913574,0.19202113151550293,0.18746018409729004,0.31926703453063965,0.2323908805847168,0.2798950672149658,0.19176292419433594
UAT	GEE	0.0061910152435302734,0.0058591365814208984,0.005475044250488281,0.005267143249511719,0.005079030990600586,0.005221128463745117,0.005872964859008789,0.0057179927825927734,0.005483865737915039,0.005557060241699219,0.005470991134643555,0.005366086959838867,0.005572080612182617,0.005265951156616211,0.005244016647338867,0.006062030792236328,0.005903005599975586,0.005331993103027344,0.005316257476806641,0.0054569244384765625,0.005679130554199219,0.005242109298706055,0.006167173385620117,0.0053937435150146484,0.005828857421875,0.005364894866943359,0.005892038345336914,0.005133867263793945,0.005743265151977539,0.00532984733581543,0.006232023239135742,0.005207061767578125,0.005403041839599609,0.0058481693267822266,0.00616908073425293,0.0055310726165771484,0.005215883255004883,0.005350828170776367,0.0056111812591552734,0.005618095397949219,0.0053141117095947266,0.005251884460449219,0.0054819583892822266,0.0055272579193115234,0.006180286407470703,0.0058689117431640625,0.005266904830932617,0.006225109100341797,0.005278110504150391,0.0053560733795166016,0.006057024002075195,0.005500078201293945,0.005447864532470703,0.005370140075683594,0.005897998809814453,0.005363941192626953,0.005877971649169922,0.006653785705566406,0.006082057952880859,0.005420684814453125,0.00541996955871582,0.005291938781738281,0.005326032638549805,0.005513191223144531,0.005853176116943359,0.00539398193359375,0.005544185638427734,0.005912065505981445,0.005799055099487305,0.00574493408203125,0.006060123443603516,0.005898952484130859,0.005810976028442383,0.005917072296142578,0.005689859390258789,0.005950927734375,0.006194353103637695,0.006131172180175781,0.005776882171630859,0.005811214447021484,0.00573277473449707,0.005770683288574219,0.005780220031738281,0.006232738494873047,0.005938053131103516,0.005677700042724609,0.005727052688598633,0.005975008010864258,0.005784034729003906,0.006026268005371094,0.006056308746337891,0.005658864974975586,0.0055730342864990234,0.005919933319091797,0.005961894989013672,0.005839109420776367,0.005757808685302734,0.006019115447998047,0.00637507438659668,0.0056610107421875
UAT	GNN	0.32022976875305176,0.3017561435699463,0.27645373344421387,0.3209090232849121,0.3030059337615967,0.30258679389953613,0.555711030960083,0.29665589332580566,0.25470399856567383,0.2514913082122803,0.3588879108428955,0.3937408924102783,0.3837308883666992,0.2817537784576416,0.32413697242736816,0.30015993118286133,0.31885695457458496,0.304577112197876,0.27741217613220215,0.2597236633300781,0.2649710178375244,0.2572910785675049,0.34728288650512695,0.35283613204956055,0.30582189559936523,0.47012996673583984,0.27979087829589844,0.25917792320251465,0.30376219749450684,0.2713479995727539,0.5535650253295898,0.3965036869049072,0.2590157985687256,0.32495689392089844,0.43146705627441406,0.46912097930908203,0.35649681091308594,0.2385571002960205,0.37621402740478516,0.5011801719665527,0.36562609672546387,0.3257310390472412,0.28798794746398926,0.27259278297424316,0.3332078456878662,0.2791881561279297,0.26764893531799316,0.3219420909881592,0.2396678924560547,0.2537417411804199,0.252899169921875,0.26422595977783203,0.40630507469177246,0.46537280082702637,0.2807140350341797,0.24739694595336914,0.3646562099456787,0.3227682113647461,0.275745153427124,0.3694610595703125,0.2659730911254883,0.2922539710998535,0.2598278522491455,0.25678491592407227,0.2624640464782715,0.35153889656066895,0.24814963340759277,0.2753779888153076,0.3974788188934326,0.2718799114227295,0.41318702697753906,0.48863792419433594,0.25067710876464844,0.5681171417236328,0.39473485946655273,0.2507791519165039,0.4413421154022217,0.24043488502502441,0.31073904037475586,0.38458681106567383,0.3693549633026123,0.4081909656524658,0.23536300659179688,0.3198721408843994,0.3461742401123047,0.3045499324798584,0.31149792671203613,0.24041223526000977,0.2729060649871826,0.29955196380615234,0.2523949146270752,0.3783600330352783,0.32680201530456543,0.2595839500427246,0.27344584465026855,0.24207806587219238,0.24489378929138184,0.2590200901031494,0.3014259338378906,0.38327598571777344
UAT	GG	0.2892308235168457,0.28331804275512695,0.25644612312316895,0.2506260871887207,0.279278039932251,0.24724364280700684,0.25261712074279785,0.25704097747802734,0.2862992286682129,0.24984502792358398,0.2587769031524658,0.24492406845092773,0.2599196434020996,0.2658209800720215,0.30381011962890625,0.258929967880249,0.25139498710632324,0.25389814376831055,0.3404111862182617,0.2592799663543701,0.25597691535949707,0.2553431987762451,0.25082898139953613,0.2939009666442871,0.2505321502685547,0.26071691513061523,0.24707293510437012,0.24310898780822754,0.2568371295928955,0.2959160804748535,0.5927648544311523,0.24566316604614258,0.2578151226043701,0.2567789554595947,0.2958049774169922,0.42093992233276367,0.44631505012512207,0.2557692527770996,0.2518041133880615,0.5225720405578613,0.24204063415527344,0.5236208438873291,0.26951098442077637,0.2958657741546631,0.2612569332122803,0.2525441646575928,0.29059910774230957,0.36031484603881836,0.25478506088256836,0.4830310344696045,0.254072904586792,0.2849290370941162,0.25630736351013184,0.24573922157287598,0.2595210075378418,0.28862714767456055,0.2810649871826172,0.456254243850708,0.4456198215484619,0.2853989601135254,0.27826905250549316,0.5394017696380615,0.23752689361572266,0.27898192405700684,0.25530529022216797,0.4303607940673828,0.4890308380126953,0.4773690700531006,0.25418591499328613,0.4242260456085205,0.2615833282470703,0.3865349292755127,0.23711395263671875,0.23270821571350098,0.2521531581878662,0.26781392097473145,0.2525289058685303,0.26850271224975586,0.24440574645996094,0.2564883232116699,0.2372291088104248,0.6319339275360107,0.2805337905883789,0.2509028911590576,0.2569911479949951,0.26430201530456543,0.2623279094696045,0.25336694717407227,0.25203514099121094,0.5157570838928223,0.4484219551086426,0.25226783752441406,0.4613189697265625,0.25246167182922363,0.24517297744750977,0.25342702865600586,0.2890141010284424,0.3281731605529785,0.25150299072265625,0.24675822257995605
UAT	GG2	0.2892308235168457,0.28331804275512695,0.25644612312316895,0.2506260871887207,0.279278039932251,0.24724364280700684,0.25261712074279785,0.25704097747802734,0.2862992286682129,0.24984502792358398,0.2587769031524658,0.24492406845092773,0.2599196434020996,0.2658209800720215,0.30381011962890625,0.258929967880249,0.25139498710632324,0.25389814376831055,0.3404111862182617,0.2592799663543701,0.25597691535949707,0.2553431987762451,0.25082898139953613,0.2939009666442871,0.2505321502685547,0.26071691513061523,0.24707293510437012,0.24310898780822754,0.2568371295928955,0.2959160804748535,0.5927648544311523,0.24566316604614258,0.2578151226043701,0.2567789554595947,0.2958049774169922,0.42093992233276367,0.44631505012512207,0.2557692527770996,0.2518041133880615,0.5225720405578613,0.24204063415527344,0.5236208438873291,0.26951098442077637,0.2958657741546631,0.2612569332122803,0.2525441646575928,0.29059910774230957,0.36031484603881836,0.25478506088256836,0.4830310344696045,0.254072904586792,0.2849290370941162,0.25630736351013184,0.24573922157287598,0.2595210075378418,0.28862714767456055,0.2810649871826172,0.456254243850708,0.4456198215484619,0.2853989601135254,0.27826905250549316,0.5394017696380615,0.23752689361572266,0.27898192405700684,0.25530529022216797,0.4303607940673828,0.4890308380126953,0.4773690700531006,0.25418591499328613,0.4242260456085205,0.2615833282470703,0.3865349292755127,0.23711395263671875,0.23270821571350098,0.2521531581878662,0.26781392097473145,0.2525289058685303,0.26850271224975586,0.24440574645996094,0.2564883232116699,0.2372291088104248,0.6319339275360107,0.2805337905883789,0.2509028911590576,0.2569911479949951,0.26430201530456543,0.2623279094696045,0.25336694717407227,0.25203514099121094,0.5157570838928223,0.4484219551086426,0.25226783752441406,0.4613189697265625,0.25246167182922363,0.24517297744750977,0.25342702865600586,0.2890141010284424,0.3281731605529785,0.25150299072265625,0.24675822257995605
Wiki	GEE	0.006911039352416992,0.007475137710571289,0.007081031799316406,0.007321834564208984,0.007469654083251953,0.00757598876953125,0.0073010921478271484,0.007363080978393555,0.007840871810913086,0.00824117660522461,0.008131265640258789,0.007517099380493164,0.00768589973449707,0.00741887092590332,0.0077359676361083984,0.0076541900634765625,0.007354736328125,0.007632255554199219,0.0074770450592041016,0.007593870162963867,0.007941961288452148,0.0075991153717041016,0.007274150848388672,0.007349967956542969,0.007674217224121094,0.007634401321411133,0.007306098937988281,0.008043050765991211,0.007425069808959961,0.0076940059661865234,0.007359981536865234,0.007601261138916016,0.007493257522583008,0.008234977722167969,0.0076448917388916016,0.007649898529052734,0.007550954818725586,0.007687091827392578,0.00772404670715332,0.0076141357421875,0.009287834167480469,0.00782012939453125,0.007340192794799805,0.007615089416503906,0.007629871368408203,0.00782322883605957,0.007837057113647461,0.007351875305175781,0.0074841976165771484,0.007177829742431641,0.0075571537017822266,0.00769805908203125,0.007863044738769531,0.007603883743286133,0.0076558589935302734,0.007451057434082031,0.007364749908447266,0.007382869720458984,0.008020877838134766,0.007594108581542969,0.007621288299560547,0.00760197639465332,0.0077571868896484375,0.007781028747558594,0.007302999496459961,0.0076618194580078125,0.034658193588256836,0.007745981216430664,0.007873058319091797,0.007659912109375,0.008154869079589844,0.00752711296081543,0.008067846298217773,0.0075190067291259766,0.007409811019897461,0.00738215446472168,0.007825851440429688,0.007810115814208984,0.00757288932800293,0.0075550079345703125,0.007788896560668945,0.007496833801269531,0.0075969696044921875,0.007598876953125,0.007775068283081055,0.00790095329284668,0.0074689388275146484,0.008185863494873047,0.01176309585571289,0.0076258182525634766,0.007385730743408203,0.007382869720458984,0.007582902908325195,0.007804155349731445,0.011231184005737305,0.007413148880004883,0.008250236511230469,0.008200883865356445,0.007611989974975586,0.007918119430541992
Wiki	GNN	0.5174007415771484,0.565546989440918,1.2735838890075684,0.5821099281311035,0.6371901035308838,0.6539301872253418,0.6217660903930664,0.8661651611328125,0.6882321834564209,0.6924779415130615,1.0101780891418457,0.6314301490783691,1.0387580394744873,0.5596680641174316,0.6273097991943359,1.1932809352874756,0.6614100933074951,1.015618085861206,0.6645209789276123,0.6714448928833008,1.070382833480835,0.6680703163146973,0.6754539012908936,0.8724091053009033,0.7696058750152588,0.5435640811920166,0.5896918773651123,0.5863471031188965,1.0234858989715576,0.5831260681152344,1.400036096572876,0.6381371021270752,0.6350769996643066,0.5984611511230469,0.8863389492034912,0.6877670288085938,0.603065013885498,0.6655759811401367,0.633446216583252,0.5925028324127197,0.7987501621246338,0.5091321468353271,0.6532800197601318,0.7369120121002197,0.589108943939209,0.6029610633850098,0.7280330657958984,0.8757920265197754,0.5796511173248291,0.6181619167327881,1.373018741607666,0.7765650749206543,0.6815588474273682,0.7197041511535645,0.7145359516143799,0.621675968170166,0.5161960124969482,0.6835956573486328,1.0591189861297607,0.6667959690093994,0.6781718730926514,0.5602469444274902,1.03678297996521,0.6637980937957764,0.6886098384857178,0.7395641803741455,0.7262721061706543,0.6827330589294434,0.7242188453674316,0.7391102313995361,0.6735019683837891,0.8121302127838135,0.6567838191986084,0.8141219615936279,0.7419347763061523,0.5842080116271973,0.5987880229949951,0.7241911888122559,0.7936451435089111,0.6445062160491943,0.5284769535064697,0.6499850749969482,0.8073840141296387,0.7129049301147461,0.721221923828125,0.878136157989502,0.6466801166534424,1.0019981861114502,0.6561200618743896,0.5786371231079102,0.8801841735839844,1.4612171649932861,0.7419507503509521,0.5567607879638672,0.7667882442474365,0.5787200927734375,0.6427168846130371,0.5318691730499268,0.6260690689086914,0.888577938079834
Wiki	GG	0.671065092086792,0.6503660678863525,0.4923231601715088,0.49616312980651855,1.0065908432006836,0.5522260665893555,0.5060057640075684,0.8256680965423584,0.886854887008667,0.5378561019897461,0.49892687797546387,1.0360620021820068,0.5037367343902588,0.8442370891571045,0.7581257820129395,0.7877488136291504,0.6087579727172852,0.8437590599060059,0.5575649738311768,1.0313148498535156,0.8716599941253662,0.9109981060028076,0.8366007804870605,1.1108129024505615,1.0318899154663086,0.8686010837554932,0.5606801509857178,0.8482072353363037,0.9971039295196533,0.6301450729370117,0.512221097946167,0.9097199440002441,1.0183277130126953,0.9566230773925781,1.3038861751556396,1.1692469120025635,0.9260499477386475,0.8454761505126953,0.9999642372131348,0.6388559341430664,0.5736269950866699,0.606503963470459,0.8161220550537109,0.5334689617156982,0.8526248931884766,0.8228821754455566,0.552912712097168,0.8560171127319336,0.5187621116638184,0.8458998203277588,0.7816720008850098,0.9269402027130127,1.0665061473846436,0.8324217796325684,0.6879160404205322,0.6571729183197021,0.563107967376709,0.5583031177520752,0.8208742141723633,0.5528419017791748,0.9059641361236572,1.1423912048339844,1.0983521938323975,0.5568280220031738,0.5580389499664307,1.1355750560760498,0.6576502323150635,0.5610470771789551,0.6395812034606934,0.8486490249633789,0.5392696857452393,1.0129201412200928,0.5941617488861084,0.5066108703613281,0.5215539932250977,0.5146927833557129,0.5369222164154053,0.9678997993469238,0.521899938583374,0.8123891353607178,0.5528781414031982,0.5356090068817139,1.018052101135254,0.558424711227417,1.242185115814209,0.8851327896118164,0.9653489589691162,0.922645092010498,0.9577760696411133,0.8888700008392334,0.7019181251525879,0.9749572277069092,0.6941752433776855,0.7098391056060791,0.9571399688720703,0.9680531024932861,0.6459238529205322,0.5270349979400635,0.8520922660827637,0.519697904586792
Wiki	GG2	0.671065092086792,0.6503660678863525,0.4923231601715088,0.49616312980651855,1.0065908432006836,0.5522260665893555,0.5060057640075684,0.8256680965423584,0.886854887008667,0.5378561019897461,0.49892687797546387,1.0360620021820068,0.5037367343902588,0.8442370891571045,0.7581257820129395,0.7877488136291504,0.6087579727172852,0.8437590599060059,0.5575649738311768,1.0313148498535156,0.8716599941253662,0.9109981060028076,0.8366007804870605,1.1108129024505615,1.0318899154663086,0.8686010837554932,0.5606801509857178,0.8482072353363037,0.9971039295196533,0.6301450729370117,0.512221097946167,0.9097199440002441,1.0183277130126953,0.9566230773925781,1.3038861751556396,1.1692469120025635,0.9260499477386475,0.8454761505126953,0.9999642372131348,0.6388559341430664,0.5736269950866699,0.606503963470459,0.8161220550537109,0.5334689617156982,0.8526248931884766,0.8228821754455566,0.552912712097168,0.8560171127319336,0.5187621116638184,0.8458998203277588,0.7816720008850098,0.9269402027130127,1.0665061473846436,0.8324217796325684,0.6879160404205322,0.6571729183197021,0.563107967376709,0.5583031177520752,0.8208742141723633,0.5528419017791748,0.9059641361236572,1.1423912048339844,1.0983521938323975,0.5568280220031738,0.5580389499664307,1.1355750560760498,0.6576502323150635,0.5610470771789551,0.6395812034606934,0.8486490249633789,0.5392696857452393,1.0129201412200928,0.5941617488861084,0.5066108703613281,0.5215539932250977,0.5146927833557129,0.5369222164154053,0.9678997993469238,0.521899938583374,0.8123891353607178,0.5528781414031982,0.5356090068817139,1.018052101135254,0.558424711227417,1.242185115814209,0.8851327896118164,0.9653489589691162,0.922645092010498,0.9577760696411133,0.8888700008392334,0.7019181251525879,0.9749572277069092,0.6941752433776855,0.7098391056060791,0.9571399688720703,0.9680531024932861,0.6459238529205322,0.5270349979400635,0.8520922660827637,0.519697904586792
Gene	GEE	0.0010292530059814453,0.0009307861328125,0.0008680820465087891,0.0008630752563476562,0.0008597373962402344,0.0008280277252197266,0.0008699893951416016,0.0008671283721923828,0.0008749961853027344,0.000843048095703125,0.0008368492126464844,0.0008692741394042969,0.0008540153503417969,0.0008330345153808594,0.0008580684661865234,0.0008349418640136719,0.0008947849273681641,0.0008749961853027344,0.0008697509765625,0.0008499622344970703,0.0008656978607177734,0.0008649826049804688,0.000827789306640625,0.0008668899536132812,0.0008492469787597656,0.0008401870727539062,0.0008637905120849609,0.0008478164672851562,0.0008599758148193359,0.0008709430694580078,0.0008530616760253906,0.0008599758148193359,0.000865936279296875,0.0008690357208251953,0.0008628368377685547,0.0008900165557861328,0.0008640289306640625,0.0008790493011474609,0.0008776187896728516,0.0008637905120849609,0.0008618831634521484,0.0008578300476074219,0.0010759830474853516,0.0008580684661865234,0.0008687973022460938,0.0008869171142578125,0.0008630752563476562,0.000843048095703125,0.0008950233459472656,0.0008780956268310547,0.0008871555328369141,0.0008482933044433594,0.0009012222290039062,0.0008540153503417969,0.0009000301361083984,0.0009050369262695312,0.0008471012115478516,0.0008728504180908203,0.0008630752563476562,0.0008890628814697266,0.0008561611175537109,0.0009248256683349609,0.0008437633514404297,0.0008580684661865234,0.0008656978607177734,0.0008640289306640625,0.0008656978607177734,0.0008740425109863281,0.0008668899536132812,0.000904083251953125,0.0008771419525146484,0.0009322166442871094,0.0008738040924072266,0.0008561611175537109,0.0008931159973144531,0.0008788108825683594,0.0009012222290039062,0.0008571147918701172,0.0008938312530517578,0.0008580684661865234,0.0008969306945800781,0.0008530616760253906,0.0008790493011474609,0.001050710678100586,0.0008540153503417969,0.0008881092071533203,0.0008668899536132812,0.0008871555328369141,0.0008890628814697266,0.000843048095703125,0.000865936279296875,0.0009050369262695312,0.0008502006530761719,0.0008602142333984375,0.0008828639984130859,0.0008571147918701172,0.0008859634399414062,0.0008518695831298828,0.0008697509765625,0.0008521080017089844
Gene	GNN	0.14676308631896973,0.21907997131347656,0.1705000400543213,0.27281999588012695,0.2306838035583496,0.21642303466796875,0.10915303230285645,0.15715789794921875,0.11065292358398438,0.13699007034301758,0.14466524124145508,0.14752984046936035,0.11867618560791016,0.14888381958007812,0.24005722999572754,0.15527915954589844,0.14819931983947754,0.18971490859985352,0.20459508895874023,0.1497800350189209,0.13225698471069336,0.11080694198608398,0.2310798168182373,0.12342405319213867,0.13967585563659668,0.1557629108428955,0.11713695526123047,0.1479029655456543,0.14941811561584473,0.19793272018432617,0.15432405471801758,0.15252685546875,0.21356797218322754,0.11658859252929688,0.16268587112426758,0.14971113204956055,0.11801290512084961,0.17688393592834473,0.14827704429626465,0.15726613998413086,0.11777710914611816,0.14458703994750977,0.1364889144897461,0.20902681350708008,0.14361810684204102,0.1393740177154541,0.16306710243225098,0.25188684463500977,0.11850285530090332,0.1892998218536377,0.110015869140625,0.22732114791870117,0.19029784202575684,0.19038701057434082,0.13968896865844727,0.1223909854888916,0.15862393379211426,0.15094614028930664,0.23729705810546875,0.1284182071685791,0.19991087913513184,0.13548636436462402,0.23227691650390625,0.14419794082641602,0.14081907272338867,0.10986495018005371,0.13986587524414062,0.1486661434173584,0.14314699172973633,0.10931611061096191,0.14106106758117676,0.24042677879333496,0.14249587059020996,0.21083617210388184,0.27588605880737305,0.13945388793945312,0.11047720909118652,0.1351759433746338,0.22652792930603027,0.14389991760253906,0.12799787521362305,0.15877914428710938,0.2222299575805664,0.14311909675598145,0.17672395706176758,0.18343496322631836,0.17820405960083008,0.15605616569519043,0.20736408233642578,0.14566898345947266,0.14535188674926758,0.1421670913696289,0.15106511116027832,0.1426839828491211,0.19254398345947266,0.21904301643371582,0.11845612525939941,0.14046001434326172,0.1627941131591797,0.12125587463378906
Gene	GG	0.1589667797088623,0.14846277236938477,0.11020112037658691,0.12315177917480469,0.1461958885192871,0.13891816139221191,0.15401005744934082,0.20665907859802246,0.14034032821655273,0.12427783012390137,0.11573386192321777,0.14101004600524902,0.14078307151794434,0.1173408031463623,0.11299705505371094,0.1320500373840332,0.1478872299194336,0.13770580291748047,0.11172294616699219,0.11271190643310547,0.15099310874938965,0.13853716850280762,0.14229083061218262,0.14214086532592773,0.11528396606445312,0.14239811897277832,0.1437091827392578,0.11569380760192871,0.14185810089111328,0.11060786247253418,0.14814996719360352,0.11547493934631348,0.13742804527282715,0.14097094535827637,0.11789083480834961,0.14718103408813477,0.14309215545654297,0.1487569808959961,0.1954643726348877,0.14169025421142578,0.14457082748413086,0.15657591819763184,0.13871479034423828,0.1442241668701172,0.14446592330932617,0.11557173728942871,0.13920807838439941,0.14191603660583496,0.14046812057495117,0.15338897705078125,0.14514803886413574,0.14037418365478516,0.11028575897216797,0.23360991477966309,0.14655208587646484,0.13837122917175293,0.10998797416687012,0.19950103759765625,0.15235137939453125,0.14086198806762695,0.1452469825744629,0.15062999725341797,0.15488600730895996,0.11849379539489746,0.13990306854248047,0.14293622970581055,0.10749411582946777,0.2784290313720703,0.14154982566833496,0.14803481101989746,0.10956883430480957,0.2122969627380371,0.14374494552612305,0.11353278160095215,0.10928010940551758,0.15087103843688965,0.14281010627746582,0.20820307731628418,0.11180615425109863,0.13975906372070312,0.13819098472595215,0.10940408706665039,0.14560699462890625,0.10979795455932617,0.1406412124633789,0.10830497741699219,0.14705801010131836,0.10883212089538574,0.14048194885253906,0.11972498893737793,0.1167600154876709,0.1407020092010498,0.11676573753356934,0.11831283569335938,0.14314794540405273,0.1400291919708252,0.1441957950592041,0.11717510223388672,0.14030003547668457,0.13634681701660156
Gene	GG2	0.1589667797088623,0.14846277236938477,0.11020112037658691,0.12315177917480469,0.1461958885192871,0.13891816139221191,0.15401005744934082,0.20665907859802246,0.14034032821655273,0.12427783012390137,0.11573386192321777,0.14101004600524902,0.14078307151794434,0.1173408031463623,0.11299705505371094,0.1320500373840332,0.1478872299194336,0.13770580291748047,0.11172294616699219,0.11271190643310547,0.15099310874938965,0.13853716850280762,0.14229083061218262,0.14214086532592773,0.11528396606445312,0.14239811897277832,0.1437091827392578,0.11569380760192871,0.14185810089111328,0.11060786247253418,0.14814996719360352,0.11547493934631348,0.13742804527282715,0.14097094535827637,0.11789083480834961,0.14718103408813477,0.14309215545654297,0.1487569808959961,0.1954643726348877,0.14169025421142578,0.14457082748413086,0.15657591819763184,0.13871479034423828,0.1442241668701172,0.14446592330932617,0.11557173728942871,0.13920807838439941,0.14191603660583496,0.14046812057495117,0.15338897705078125,0.14514803886413574,0.14037418365478516,0.11028575897216797,0.23360991477966309,0.14655208587646484,0.13837122917175293,0.10998797416687012,0.19950103759765625,0.15235137939453125,0.14086198806762695,0.1452469825744629,0.15062999725341797,0.15488600730895996,0.11849379539489746,0.13990306854248047,0.14293622970581055,0.10749411582946777,0.2784290313720703,0.14154982566833496,0.14803481101989746,0.10956883430480957,0.2122969627380371,0.14374494552612305,0.11353278160095215,0.10928010940551758,0.15087103843688965,0.14281010627746582,0.20820307731628418,0.11180615425109863,0.13975906372070312,0.13819098472595215,0.10940408706665039,0.14560699462890625,0.10979795455932617,0.1406412124633789,0.10830497741699219,0.14705801010131836,0.10883212089538574,0.14048194885253906,0.11972498893737793,0.1167600154876709,0.1407020092010498,0.11676573753356934,0.11831283569335938,0.14314794540405273,0.1400291919708252,0.1441957950592041,0.11717510223388672,0.14030003547668457,0.13634681701660156
IIP	GEE	0.00033283233642578125,0.00035190582275390625,0.0003268718719482422,0.00032901763916015625,0.00032401084899902344,0.0003349781036376953,0.0003609657287597656,0.000324249267578125,0.0003170967102050781,0.00033092498779296875,0.0003261566162109375,0.0004401206970214844,0.0003190040588378906,0.00033092498779296875,0.0003261566162109375,0.0003161430358886719,0.00031876564025878906,0.0003218650817871094,0.00034880638122558594,0.0003409385681152344,0.0003199577331542969,0.00032806396484375,0.00032019615173339844,0.00035881996154785156,0.0003650188446044922,0.0003497600555419922,0.0003199577331542969,0.0003261566162109375,0.0003268718719482422,0.000370025634765625,0.00031685829162597656,0.0003190040588378906,0.0003230571746826172,0.00033593177795410156,0.00034499168395996094,0.0003178119659423828,0.00032019615173339844,0.0003159046173095703,0.0003287792205810547,0.00031685829162597656,0.00032520294189453125,0.00033926963806152344,0.00030803680419921875,0.00031185150146484375,0.0003211498260498047,0.000370025634765625,0.0003781318664550781,0.0003199577331542969,0.0003228187561035156,0.0003650188446044922,0.0003371238708496094,0.0007779598236083984,0.00037288665771484375,0.00029397010803222656,0.0003638267517089844,0.0003657341003417969,0.00033211708068847656,0.0003199577331542969,0.00036025047302246094,0.000331878662109375,0.00031113624572753906,0.0002930164337158203,0.0002989768981933594,0.0002980232238769531,0.0003142356872558594,0.0003230571746826172,0.0003561973571777344,0.0003390312194824219,0.00030112266540527344,0.00035309791564941406,0.00039386749267578125,0.00030303001403808594,0.0003249645233154297,0.0003399848937988281,0.0003371238708496094,0.00032806396484375,0.00030612945556640625,0.0002980232238769531,0.00031685829162597656,0.0003058910369873047,0.00030803680419921875,0.0003337860107421875,0.0003299713134765625,0.0003418922424316406,0.00031304359436035156,0.0003299713134765625,0.00029587745666503906,0.0003159046173095703,0.0003559589385986328,0.0003037452697753906,0.0003070831298828125,0.0003402233123779297,0.00037598609924316406,0.0003139972686767578,0.00031495094299316406,0.0003230571746826172,0.00034999847412109375,0.0003418922424316406,0.00032329559326171875,0.0003032684326171875
IIP	GNN	0.18334221839904785,0.19136285781860352,0.19449925422668457,0.09748005867004395,0.11679482460021973,0.13275408744812012,0.09206509590148926,0.0969090461730957,0.13144898414611816,0.14214301109313965,0.1990830898284912,0.17632198333740234,0.1464071273803711,0.1042320728302002,0.12504291534423828,0.1788320541381836,0.09114384651184082,0.0954141616821289,0.0996999740600586,0.12566804885864258,0.11953401565551758,0.12525296211242676,0.14395403861999512,0.1198720932006836,0.09069108963012695,0.09328508377075195,0.17542099952697754,0.11959695816040039,0.12955069541931152,0.1157529354095459,0.09183382987976074,0.15308785438537598,0.1642742156982422,0.18916916847229004,0.09613513946533203,0.09290885925292969,0.11864709854125977,0.15400218963623047,0.14576005935668945,0.12340903282165527,0.12880492210388184,0.11854386329650879,0.1275641918182373,0.1350710391998291,0.1494438648223877,0.12848806381225586,0.1033780574798584,0.15430212020874023,0.17038631439208984,0.1225588321685791,0.11907505989074707,0.09451913833618164,0.09324789047241211,0.1588890552520752,0.08912801742553711,0.09217572212219238,0.12195515632629395,0.13858413696289062,0.12996983528137207,0.12080001831054688,0.08988189697265625,0.09308576583862305,0.09322905540466309,0.09885811805725098,0.12081098556518555,0.127593994140625,0.11971116065979004,0.12708401679992676,0.10059690475463867,0.1255948543548584,0.1299731731414795,0.10110783576965332,0.13138818740844727,0.16356682777404785,0.09234786033630371,0.0962069034576416,0.11151909828186035,0.17934083938598633,0.1185920238494873,0.09902477264404297,0.11193394660949707,0.12142729759216309,0.1811690330505371,0.23044395446777344,0.08896398544311523,0.10680699348449707,0.13082194328308105,0.12399816513061523,0.1117401123046875,0.1303868293762207,0.1859278678894043,0.09029603004455566,0.1184990406036377,0.12426877021789551,0.1236729621887207,0.12831997871398926,0.12195301055908203,0.09859108924865723,0.10258007049560547,0.12024211883544922
IIP	GG	0.1584310531616211,0.09884119033813477,0.14450526237487793,0.11847305297851562,0.0929417610168457,0.17953824996948242,0.12157201766967773,0.20618128776550293,0.0961909294128418,0.09687304496765137,0.12633013725280762,0.09142875671386719,0.14330601692199707,0.16327905654907227,0.12883710861206055,0.1300342082977295,0.11829185485839844,0.11770081520080566,0.11242794990539551,0.10060310363769531,0.09145092964172363,0.10269498825073242,0.09778904914855957,0.13835811614990234,0.1275162696838379,0.12088799476623535,0.09177708625793457,0.11100006103515625,0.09515786170959473,0.1812000274658203,0.1262509822845459,0.2421281337738037,0.09338498115539551,0.12244701385498047,0.13391399383544922,0.12525486946105957,0.10147500038146973,0.09053897857666016,0.21003007888793945,0.1521599292755127,0.09254884719848633,0.21374797821044922,0.09067511558532715,0.09158802032470703,0.10170197486877441,0.12190794944763184,0.12871074676513672,0.09285712242126465,0.09159278869628906,0.09871315956115723,0.11382389068603516,0.12367510795593262,0.17596006393432617,0.1827709674835205,0.13194918632507324,0.1582939624786377,0.1042318344116211,0.0887448787689209,0.08849978446960449,0.1868879795074463,0.12064719200134277,0.12496685981750488,0.1152029037475586,0.14731407165527344,0.0894920825958252,0.0895688533782959,0.09434795379638672,0.15720295906066895,0.21301984786987305,0.10756564140319824,0.1895461082458496,0.12511086463928223,0.08861684799194336,0.12003898620605469,0.12052702903747559,0.16992473602294922,0.14978623390197754,0.12767577171325684,0.12030792236328125,0.11861777305603027,0.09834980964660645,0.09871697425842285,0.13044500350952148,0.21509814262390137,0.12024688720703125,0.11968803405761719,0.09216928482055664,0.19939517974853516,0.13009977340698242,0.12003803253173828,0.1379239559173584,0.12445378303527832,0.15741205215454102,0.09277677536010742,0.0898289680480957,0.12031102180480957,0.1178128719329834,0.12174296379089355,0.17905902862548828,0.08933687210083008
IIP	GG2	0.1584310531616211,0.09884119033813477,0.14450526237487793,0.11847305297851562,0.0929417610168457,0.17953824996948242,0.12157201766967773,0.20618128776550293,0.0961909294128418,0.09687304496765137,0.12633013725280762,0.09142875671386719,0.14330601692199707,0.16327905654907227,0.12883710861206055,0.1300342082977295,0.11829185485839844,0.11770081520080566,0.11242794990539551,0.10060310363769531,0.09145092964172363,0.10269498825073242,0.09778904914855957,0.13835811614990234,0.1275162696838379,0.12088799476623535,0.09177708625793457,0.11100006103515625,0.09515786170959473,0.1812000274658203,0.1262509822845459,0.2421281337738037,0.09338498115539551,0.12244701385498047,0.13391399383544922,0.12525486946105957,0.10147500038146973,0.09053897857666016,0.21003007888793945,0.1521599292755127,0.09254884719848633,0.21374797821044922,0.09067511558532715,0.09158802032470703,0.10170197486877441,0.12190794944763184,0.12871074676513672,0.09285712242126465,0.09159278869628906,0.09871315956115723,0.11382389068603516,0.12367510795593262,0.17596006393432617,0.1827709674835205,0.13194918632507324,0.1582939624786377,0.1042318344116211,0.0887448787689209,0.08849978446960449,0.1868879795074463,0.12064719200134277,0.12496685981750488,0.1152029037475586,0.14731407165527344,0.0894920825958252,0.0895688533782959,0.09434795379638672,0.15720295906066895,0.21301984786987305,0.10756564140319824,0.1895461082458496,0.12511086463928223,0.08861684799194336,0.12003898620605469,0.12052702903747559,0.16992473602294922,0.14978623390197754,0.12767577171325684,0.12030792236328125,0.11861777305603027,0.09834980964660645,0.09871697425842285,0.13044500350952148,0.21509814262390137,0.12024688720703125,0.11968803405761719,0.09216928482055664,0.19939517974853516,0.13009977340698242,0.12003803253173828,0.1379239559173584,0.12445378303527832,0.15741205215454102,0.09277677536010742,0.0898289680480957,0.12031102180480957,0.1178128719329834,0.12174296379089355,0.17905902862548828,0.08933687210083008
lastfm	GEE	0.01176595687866211,0.013215303421020508,0.013657093048095703,0.013638973236083984,0.013531208038330078,0.013593196868896484,0.013557195663452148,0.013969898223876953,0.014005899429321289,0.014074087142944336,0.014446020126342773,0.01414036750793457,0.014431953430175781,0.013859033584594727,0.013837099075317383,0.01476287841796875,0.013944864273071289,0.014128923416137695,0.013488054275512695,0.014140844345092773,0.013847112655639648,0.013850927352905273,0.014360189437866211,0.01396489143371582,0.013895273208618164,0.014076948165893555,0.013864994049072266,0.014003276824951172,0.014189004898071289,0.013976097106933594,0.014030218124389648,0.014116287231445312,0.015301942825317383,0.013918876647949219,0.014649152755737305,0.014044761657714844,0.014130830764770508,0.014020919799804688,0.014024972915649414,0.01389312744140625,0.013840913772583008,0.018745899200439453,0.014999866485595703,0.014084100723266602,0.013488054275512695,0.014041900634765625,0.01405477523803711,0.014126062393188477,0.014199972152709961,0.014484882354736328,0.015141010284423828,0.01664900779724121,0.013772010803222656,0.013614177703857422,0.013916015625,0.014036178588867188,0.01413106918334961,0.017780065536499023,0.015976905822753906,0.014009952545166016,0.014943122863769531,0.014175891876220703,0.014878034591674805,0.014075040817260742,0.01396799087524414,0.01390981674194336,0.0174710750579834,0.013901948928833008,0.014123678207397461,0.014760971069335938,0.01534271240234375,0.013824939727783203,0.014968156814575195,0.013926029205322266,0.013890981674194336,0.013967037200927734,0.014029979705810547,0.013931989669799805,0.014067888259887695,0.013937234878540039,0.013934850692749023,0.013981103897094727,0.015108108520507812,0.013704061508178711,0.013670921325683594,0.014267206192016602,0.013803958892822266,0.013427019119262695,0.017825841903686523,0.020485877990722656,0.014467000961303711,0.013900041580200195,0.013900041580200195,0.014227867126464844,0.014100074768066406,0.014297246932983398,0.013949871063232422,0.0140838623046875,0.01514887809753418,0.014193296432495117
lastfm	GNN	1.0719287395477295,1.3857231140136719,1.5229082107543945,1.1277492046356201,2.238399028778076,1.960240125656128,1.5274999141693115,1.3980810642242432,2.3685436248779297,1.5664517879486084,1.3088061809539795,2.745405912399292,1.8572008609771729,1.5993340015411377,1.992593765258789,1.623730182647705,1.3263518810272217,1.688098669052124,1.2503349781036377,1.2674801349639893,1.5689208507537842,1.8245389461517334,1.2291948795318604,1.5171558856964111,1.94415283203125,1.8804001808166504,1.350790023803711,2.1638920307159424,1.240950107574463,1.1424970626831055,2.0078158378601074,1.9733870029449463,2.395310163497925,1.4824061393737793,1.3584048748016357,1.2489659786224365,1.4591786861419678,1.9895668029785156,1.2333550453186035,1.2888031005859375,1.4055891036987305,1.7300701141357422,1.220278024673462,1.2497329711914062,1.880049705505371,1.2137649059295654,1.8391809463500977,1.5374369621276855,1.786776065826416,1.7211651802062988,2.2732529640197754,1.1581449508666992,1.257030963897705,1.138535976409912,1.8940510749816895,1.354882001876831,2.0182831287384033,1.316939115524292,1.1346230506896973,1.3127319812774658,1.6291930675506592,1.9978747367858887,1.2738568782806396,1.7183239459991455,2.4372382164001465,1.607442855834961,1.6816818714141846,1.9646127223968506,1.4095232486724854,1.1893739700317383,1.9645490646362305,1.2710189819335938,1.5894603729248047,1.5201270580291748,1.2597761154174805,1.453885793685913,1.734961986541748,1.9338197708129883,1.5187342166900635,1.9983389377593994,1.9174830913543701,1.754018783569336,1.398914098739624,1.1637530326843262,1.208873987197876,1.5799479484558105,1.3355650901794434,1.1180338859558105,1.7295300960540771,1.267199993133545,1.2538480758666992,1.871603012084961,1.274803876876831,1.1843831539154053,2.6676979064941406,1.4587938785552979,1.3396599292755127,1.5301740169525146,1.33762788772583,1.1272258758544922
lastfm	GG	1.981572151184082,2.136604070663452,2.124188184738159,2.04752779006958,1.6405980587005615,2.655405044555664,2.6629559993743896,2.2425427436828613,1.6538598537445068,1.9368078708648682,3.48246693611145,2.2504758834838867,1.9795341491699219,1.8819639682769775,1.9377281665802002,1.3938820362091064,1.9767587184906006,2.1858739852905273,1.8102967739105225,2.3714916706085205,1.7751312255859375,1.8571088314056396,3.465925931930542,2.1078269481658936,2.094473123550415,2.513127088546753,1.8883848190307617,2.2122750282287598,2.646277904510498,2.2535159587860107,2.404672861099243,1.7101922035217285,1.8336560726165771,2.2529098987579346,2.1703951358795166,1.5973799228668213,2.5383050441741943,1.5774142742156982,2.578070878982544,2.258213758468628,1.8359801769256592,2.084036111831665,2.465527057647705,1.816089153289795,1.9192299842834473,2.4726240634918213,2.3098912239074707,1.546323299407959,3.4329288005828857,2.3914318084716797,2.18416690826416,2.2885959148406982,1.6290717124938965,2.553618907928467,1.651928186416626,2.1462841033935547,2.804323196411133,2.569800853729248,1.3552939891815186,2.011306047439575,1.5401899814605713,2.268326997756958,1.7229881286621094,1.9135499000549316,2.344820976257324,3.0150320529937744,2.6982510089874268,2.9935219287872314,2.094558000564575,3.083549976348877,1.7421348094940186,1.6419298648834229,1.8241558074951172,2.5887112617492676,2.2934889793395996,2.303643226623535,2.0072262287139893,2.481750965118408,1.44468092918396,2.411257743835449,2.149406909942627,2.164153814315796,1.7659950256347656,2.154987096786499,2.205626964569092,1.987527847290039,2.5239479541778564,1.9620189666748047,1.4273521900177002,2.3420848846435547,1.8821041584014893,2.1187551021575928,2.257840156555176,2.0141310691833496,2.0946009159088135,2.148374080657959,2.69132399559021,1.7890050411224365,3.201663017272949,3.5804269313812256
lastfm	GG2	1.981572151184082,2.136604070663452,2.124188184738159,2.04752779006958,1.6405980587005615,2.655405044555664,2.6629559993743896,2.2425427436828613,1.6538598537445068,1.9368078708648682,3.48246693611145,2.2504758834838867,1.9795341491699219,1.8819639682769775,1.9377281665802002,1.3938820362091064,1.9767587184906006,2.1858739852905273,1.8102967739105225,2.3714916706085205,1.7751312255859375,1.8571088314056396,3.465925931930542,2.1078269481658936,2.094473123550415,2.513127088546753,1.8883848190307617,2.2122750282287598,2.646277904510498,2.2535159587860107,2.404672861099243,1.7101922035217285,1.8336560726165771,2.2529098987579346,2.1703951358795166,1.5973799228668213,2.5383050441741943,1.5774142742156982,2.578070878982544,2.258213758468628,1.8359801769256592,2.084036111831665,2.465527057647705,1.816089153289795,1.9192299842834473,2.4726240634918213,2.3098912239074707,1.546323299407959,3.4329288005828857,2.3914318084716797,2.18416690826416,2.2885959148406982,1.6290717124938965,2.553618907928467,1.651928186416626,2.1462841033935547,2.804323196411133,2.569800853729248,1.3552939891815186,2.011306047439575,1.5401899814605713,2.268326997756958,1.7229881286621094,1.9135499000549316,2.344820976257324,3.0150320529937744,2.6982510089874268,2.9935219287872314,2.094558000564575,3.083549976348877,1.7421348094940186,1.6419298648834229,1.8241558074951172,2.5887112617492676,2.2934889793395996,2.303643226623535,2.0072262287139893,2.481750965118408,1.44468092918396,2.411257743835449,2.149406909942627,2.164153814315796,1.7659950256347656,2.154987096786499,2.205626964569092,1.987527847290039,2.5239479541778564,1.9620189666748047,1.4273521900177002,2.3420848846435547,1.8821041584014893,2.1187551021575928,2.257840156555176,2.0141310691833496,2.0946009159088135,2.148374080657959,2.69132399559021,1.7890050411224365,3.201663017272949,3.5804269313812256
polblogs	GEE	0.0073070526123046875,0.007014036178588867,0.006897926330566406,0.007063627243041992,0.0071370601654052734,0.006831169128417969,0.0068569183349609375,0.007201194763183594,0.0069386959075927734,0.007000923156738281,0.006857872009277344,0.006815910339355469,0.0072629451751708984,0.007029056549072266,0.00690007209777832,0.006784200668334961,0.0066759586334228516,0.007004976272583008,0.006746053695678711,0.006850004196166992,0.007173776626586914,0.007010936737060547,0.006844043731689453,0.006780862808227539,0.0071680545806884766,0.00697016716003418,0.006958961486816406,0.0069348812103271484,0.00706791877746582,0.007339000701904297,0.0073850154876708984,0.0069408416748046875,0.0069828033447265625,0.006802082061767578,0.0071299076080322266,0.006971120834350586,0.007192850112915039,0.007289886474609375,0.0069408416748046875,0.007003307342529297,0.007255077362060547,0.006855964660644531,0.007132053375244141,0.008085012435913086,0.007087230682373047,0.006947755813598633,0.006939888000488281,0.006971836090087891,0.006967067718505859,0.006984233856201172,0.0069391727447509766,0.0069580078125,0.007071018218994141,0.007126808166503906,0.007025957107543945,0.006891965866088867,0.006937980651855469,0.007102251052856445,0.00690913200378418,0.0070858001708984375,0.0069539546966552734,0.007040977478027344,0.00691986083984375,0.0070226192474365234,0.006886005401611328,0.0068972110748291016,0.007017850875854492,0.007378101348876953,0.007014274597167969,0.0075948238372802734,0.00697016716003418,0.0067980289459228516,0.007646083831787109,0.006865262985229492,0.00687098503112793,0.006847858428955078,0.007239103317260742,0.006610870361328125,0.007688045501708984,0.006896018981933594,0.007104158401489258,0.007009029388427734,0.007750988006591797,0.007066965103149414,0.0069370269775390625,0.0072021484375,0.006989240646362305,0.006928920745849609,0.0068359375,0.0071637630462646484,0.007065773010253906,0.006841182708740234,0.007069826126098633,0.0069789886474609375,0.0068759918212890625,0.006929159164428711,0.006642818450927734,0.006936073303222656,0.006771087646484375,0.006721973419189453
polblogs	GNN	0.5618679523468018,0.2970130443572998,0.2792320251464844,0.31315183639526367,0.540747880935669,0.3541271686553955,0.2318711280822754,0.3256990909576416,0.30397605895996094,0.5391900539398193,0.2782409191131592,0.44936490058898926,0.29163193702697754,0.28653907775878906,0.2896859645843506,0.3761470317840576,0.24908876419067383,0.2782621383666992,0.4288759231567383,0.2788541316986084,0.3299601078033447,0.5394608974456787,0.3839240074157715,0.3619399070739746,0.4279820919036865,0.4943537712097168,0.34561610221862793,0.2281649112701416,0.27745914459228516,0.3625802993774414,0.5104131698608398,0.3252682685852051,0.24814105033874512,0.4462449550628662,0.31302499771118164,0.32645201683044434,0.3723177909851074,0.3352208137512207,0.37336182594299316,0.31371402740478516,0.2701249122619629,0.33477783203125,0.29271411895751953,0.3526468276977539,0.25062108039855957,0.4759809970855713,0.23708081245422363,0.29056215286254883,0.37708497047424316,0.2808198928833008,0.4056732654571533,0.30635786056518555,0.452333927154541,0.4074549674987793,0.2507619857788086,0.3033738136291504,0.2998659610748291,0.3204610347747803,0.43036794662475586,0.3762998580932617,0.25836896896362305,0.3395702838897705,0.2957470417022705,0.2555849552154541,0.36800312995910645,0.34542298316955566,0.2624483108520508,0.47023487091064453,0.3168158531188965,0.3397641181945801,0.5102698802947998,0.27858901023864746,0.43987202644348145,0.23303818702697754,0.24856185913085938,0.3200380802154541,0.40750789642333984,0.26996397972106934,0.44120025634765625,0.43253111839294434,0.4409620761871338,0.3064591884613037,0.2941277027130127,0.37014102935791016,0.42376017570495605,0.30123424530029297,0.2350149154663086,0.27996230125427246,0.2503232955932617,0.23988890647888184,0.23096799850463867,0.2957298755645752,0.3708341121673584,0.25162506103515625,0.24266982078552246,0.44469785690307617,0.2500581741333008,0.35465097427368164,0.40203022956848145,0.3536398410797119
polblogs	GG	0.2554330825805664,0.3843119144439697,0.26822400093078613,0.27690601348876953,0.2450089454650879,0.24576377868652344,0.313370943069458,0.2778208255767822,0.25079894065856934,0.23504281044006348,0.46686482429504395,0.24816679954528809,0.27216601371765137,0.25790905952453613,0.24195313453674316,0.23666810989379883,0.24657797813415527,0.24177098274230957,0.4070568084716797,0.2711360454559326,0.24344182014465332,0.2410292625427246,0.24846887588500977,0.30793118476867676,0.3661623001098633,0.30633020401000977,0.6412360668182373,0.24754977226257324,0.27259206771850586,0.2807638645172119,0.24222898483276367,0.25347018241882324,0.382861852645874,0.5157852172851562,0.266693115234375,0.24851393699645996,0.24104094505310059,0.23978185653686523,0.24852991104125977,0.48932909965515137,0.3771829605102539,0.41082310676574707,0.3108091354370117,0.28156495094299316,0.2324512004852295,0.5543661117553711,0.2637629508972168,0.2294929027557373,0.24654698371887207,0.7480158805847168,0.24541497230529785,0.27892136573791504,0.2426908016204834,0.23189187049865723,0.24172520637512207,0.3308110237121582,0.3956918716430664,0.27467799186706543,0.24201130867004395,0.486752986907959,0.3569600582122803,0.2403559684753418,0.515131950378418,0.24445700645446777,0.22724199295043945,0.2498471736907959,0.4488048553466797,0.2789802551269531,0.23601913452148438,0.24936699867248535,0.23956584930419922,0.3060770034790039,0.24274778366088867,0.2474968433380127,0.6057872772216797,0.22521018981933594,0.2573881149291992,0.26317501068115234,0.2409358024597168,0.23282980918884277,0.25447893142700195,0.5353989601135254,0.23264694213867188,0.2421119213104248,0.28362417221069336,0.24315595626831055,0.30644679069519043,0.2316591739654541,0.2720968723297119,0.24183988571166992,0.25708699226379395,0.23573589324951172,0.24530982971191406,0.24255013465881348,0.4921228885650635,0.22406721115112305,0.2240126132965088,0.2506880760192871,0.235914945602417,0.28699421882629395
polblogs	GG2	0.2554330825805664,0.3843119144439697,0.26822400093078613,0.27690601348876953,0.2450089454650879,0.24576377868652344,0.313370943069458,0.2778208255767822,0.25079894065856934,0.23504281044006348,0.46686482429504395,0.24816679954528809,0.27216601371765137,0.25790905952453613,0.24195313453674316,0.23666810989379883,0.24657797813415527,0.24177098274230957,0.4070568084716797,0.2711360454559326,0.24344182014465332,0.2410292625427246,0.24846887588500977,0.30793118476867676,0.3661623001098633,0.30633020401000977,0.6412360668182373,0.24754977226257324,0.27259206771850586,0.2807638645172119,0.24222898483276367,0.25347018241882324,0.382861852645874,0.5157852172851562,0.266693115234375,0.24851393699645996,0.24104094505310059,0.23978185653686523,0.24852991104125977,0.48932909965515137,0.3771829605102539,0.41082310676574707,0.3108091354370117,0.28156495094299316,0.2324512004852295,0.5543661117553711,0.2637629508972168,0.2294929027557373,0.24654698371887207,0.7480158805847168,0.24541497230529785,0.27892136573791504,0.2426908016204834,0.23189187049865723,0.24172520637512207,0.3308110237121582,0.3956918716430664,0.27467799186706543,0.24201130867004395,0.486752986907959,0.3569600582122803,0.2403559684753418,0.515131950378418,0.24445700645446777,0.22724199295043945,0.2498471736907959,0.4488048553466797,0.2789802551269531,0.23601913452148438,0.24936699867248535,0.23956584930419922,0.3060770034790039,0.24274778366088867,0.2474968433380127,0.6057872772216797,0.22521018981933594,0.2573881149291992,0.26317501068115234,0.2409358024597168,0.23282980918884277,0.25447893142700195,0.5353989601135254,0.23264694213867188,0.2421119213104248,0.28362417221069336,0.24315595626831055,0.30644679069519043,0.2316591739654541,0.2720968723297119,0.24183988571166992,0.25708699226379395,0.23573589324951172,0.24530982971191406,0.24255013465881348,0.4921228885650635,0.22406721115112305,0.2240126132965088,0.2506880760192871,0.235914945602417,0.28699421882629395
TerroristRel	GEE	0.004059791564941406,0.003534078598022461,0.0035321712493896484,0.0036568641662597656,0.003560781478881836,0.003850221633911133,0.0033578872680664062,0.0034720897674560547,0.003314971923828125,0.0034329891204833984,0.003341197967529297,0.0035638809204101562,0.0033431053161621094,0.003412961959838867,0.0034601688385009766,0.0033850669860839844,0.0050830841064453125,0.0034089088439941406,0.0033478736877441406,0.003816843032836914,0.003329038619995117,0.0033011436462402344,0.0033159255981445312,0.003468036651611328,0.0034360885620117188,0.003359079360961914,0.0033860206604003906,0.003471851348876953,0.003359079360961914,0.003633260726928711,0.0033788681030273438,0.003409147262573242,0.003593921661376953,0.0034542083740234375,0.0033981800079345703,0.003790140151977539,0.003342866897583008,0.003448963165283203,0.004029989242553711,0.0033478736877441406,0.0035631656646728516,0.0038728713989257812,0.003907203674316406,0.0033631324768066406,0.0035142898559570312,0.0034618377685546875,0.003500699996948242,0.0035130977630615234,0.003875732421875,0.003564119338989258,0.003677845001220703,0.003628969192504883,0.003580808639526367,0.003673076629638672,0.0037469863891601562,0.0034041404724121094,0.0034279823303222656,0.003425121307373047,0.0034461021423339844,0.003951072692871094,0.0034050941467285156,0.003900766372680664,0.003757953643798828,0.0038399696350097656,0.003916025161743164,0.0034580230712890625,0.003573894500732422,0.0034608840942382812,0.0039708614349365234,0.0033349990844726562,0.0034589767456054688,0.003531932830810547,0.0038373470306396484,0.0034439563751220703,0.003428936004638672,0.0035071372985839844,0.0033168792724609375,0.003339052200317383,0.0038819313049316406,0.0037686824798583984,0.003358125686645508,0.003664255142211914,0.0033500194549560547,0.0035419464111328125,0.003473997116088867,0.0038509368896484375,0.003454923629760742,0.0033109188079833984,0.0033271312713623047,0.003972768783569336,0.003345966339111328,0.0036149024963378906,0.0036242008209228516,0.003860950469970703,0.00370025634765625,0.003451824188232422,0.0039179325103759766,0.0034089088439941406,0.0034050941467285156,0.0035600662231445312
TerroristRel	GNN	0.22369599342346191,0.230316162109375,0.21978497505187988,0.24147772789001465,0.34926891326904297,0.28189682960510254,0.2139279842376709,0.22978568077087402,0.20933890342712402,0.23973774909973145,0.19363689422607422,0.2605760097503662,0.22038698196411133,0.23831510543823242,0.21689105033874512,0.216048002243042,0.22487998008728027,0.27161502838134766,0.28101301193237305,0.24449610710144043,0.21126484870910645,0.2075819969177246,0.23429489135742188,0.2202298641204834,0.33229494094848633,0.2346510887145996,0.3533596992492676,0.23723173141479492,0.2541639804840088,0.32079505920410156,0.24792981147766113,0.22488117218017578,0.23456096649169922,0.38934326171875,0.25401902198791504,0.2648301124572754,0.25155210494995117,0.24003911018371582,0.32437610626220703,0.2642080783843994,0.22421693801879883,0.2149059772491455,0.3039119243621826,0.25273704528808594,0.22272300720214844,0.21100902557373047,0.2091820240020752,0.25489115715026855,0.24452495574951172,0.23324203491210938,0.20404767990112305,0.24280405044555664,0.21187186241149902,0.40924906730651855,0.295269250869751,0.1985001564025879,0.23941493034362793,0.3747389316558838,0.23148179054260254,0.2774181365966797,0.24218130111694336,0.17707395553588867,0.20930719375610352,0.22265291213989258,0.24763894081115723,0.23369669914245605,0.23154807090759277,0.24386000633239746,0.24638700485229492,0.2911221981048584,0.23259687423706055,0.28586888313293457,0.2669849395751953,0.23579692840576172,0.2064211368560791,0.4215972423553467,0.25792908668518066,0.2198467254638672,0.23305606842041016,0.293212890625,0.3279881477355957,0.3330252170562744,0.27712273597717285,0.4269380569458008,0.22665810585021973,0.23094511032104492,0.23991775512695312,0.21171903610229492,0.3781912326812744,0.3163888454437256,0.21015405654907227,0.2514839172363281,0.2665750980377197,0.22838568687438965,0.2501239776611328,0.21118426322937012,0.2696499824523926,0.2037661075592041,0.21885895729064941,0.42968106269836426
TerroristRel	GG	0.2264080047607422,0.19968891143798828,0.32256293296813965,0.2062389850616455,0.20668578147888184,0.259904146194458,0.19891595840454102,0.2067711353302002,0.3912818431854248,0.20689797401428223,0.38147926330566406,0.1989290714263916,0.19928503036499023,0.20566177368164062,0.20111894607543945,0.20702600479125977,0.37157773971557617,0.3182849884033203,0.4078388214111328,0.30245089530944824,0.20010805130004883,0.20491600036621094,0.19620704650878906,0.20107269287109375,0.2725679874420166,0.21219301223754883,0.23145389556884766,0.3918130397796631,0.20558810234069824,0.2091538906097412,0.20927214622497559,0.2122790813446045,0.19974517822265625,0.2102210521697998,0.22812509536743164,0.461564302444458,0.21418094635009766,0.20544981956481934,0.39805102348327637,0.22744393348693848,0.22984695434570312,0.19428491592407227,0.2004232406616211,0.2035510540008545,0.2042250633239746,0.19658327102661133,0.20628094673156738,0.21840190887451172,0.19826388359069824,0.2001817226409912,0.1854689121246338,0.3025059700012207,0.212630033493042,0.24462318420410156,0.21096110343933105,0.20832395553588867,0.23609066009521484,0.20362114906311035,0.2948188781738281,0.28258681297302246,0.26949405670166016,0.24436306953430176,0.20421814918518066,0.2006359100341797,0.1996159553527832,0.20218801498413086,0.19741487503051758,0.21249890327453613,0.4597501754760742,0.19980311393737793,0.22366118431091309,0.21521377563476562,0.2164928913116455,0.3811047077178955,0.19953489303588867,0.34092092514038086,0.20755577087402344,0.35756802558898926,0.3790619373321533,0.37861084938049316,0.19834613800048828,0.21114611625671387,0.3521432876586914,0.21720385551452637,0.24003815650939941,0.35094285011291504,0.19610118865966797,0.5317709445953369,0.34441184997558594,0.21999597549438477,0.2846229076385498,0.3278839588165283,0.20539498329162598,0.22948908805847168,0.23033690452575684,0.3336308002471924,0.20708775520324707,0.25608205795288086,0.20210886001586914,0.22675585746765137
TerroristRel	GG2	0.2264080047607422,0.19968891143798828,0.32256293296813965,0.2062389850616455,0.20668578147888184,0.259904146194458,0.19891595840454102,0.2067711353302002,0.3912818431854248,0.20689797401428223,0.38147926330566406,0.1989290714263916,0.19928503036499023,0.20566177368164062,0.20111894607543945,0.20702600479125977,0.37157773971557617,0.3182849884033203,0.4078388214111328,0.30245089530944824,0.20010805130004883,0.20491600036621094,0.19620704650878906,0.20107269287109375,0.2725679874420166,0.21219301223754883,0.23145389556884766,0.3918130397796631,0.20558810234069824,0.2091538906097412,0.20927214622497559,0.2122790813446045,0.19974517822265625,0.2102210521697998,0.22812509536743164,0.461564302444458,0.21418094635009766,0.20544981956481934,0.39805102348327637,0.22744393348693848,0.22984695434570312,0.19428491592407227,0.2004232406616211,0.2035510540008545,0.2042250633239746,0.19658327102661133,0.20628094673156738,0.21840190887451172,0.19826388359069824,0.2001817226409912,0.1854689121246338,0.3025059700012207,0.212630033493042,0.24462318420410156,0.21096110343933105,0.20832395553588867,0.23609066009521484,0.20362114906311035,0.2948188781738281,0.28258681297302246,0.26949405670166016,0.24436306953430176,0.20421814918518066,0.2006359100341797,0.1996159553527832,0.20218801498413086,0.19741487503051758,0.21249890327453613,0.4597501754760742,0.19980311393737793,0.22366118431091309,0.21521377563476562,0.2164928913116455,0.3811047077178955,0.19953489303588867,0.34092092514038086,0.20755577087402344,0.35756802558898926,0.3790619373321533,0.37861084938049316,0.19834613800048828,0.21114611625671387,0.3521432876586914,0.21720385551452637,0.24003815650939941,0.35094285011291504,0.19610118865966797,0.5317709445953369,0.34441184997558594,0.21999597549438477,0.2846229076385498,0.3278839588165283,0.20539498329162598,0.22948908805847168,0.23033690452575684,0.3336308002471924,0.20708775520324707,0.25608205795288086,0.20210886001586914,0.22675585746765137
KarateClub	GEE	0.0001251697540283203,0.00011277198791503906,0.000102996826171875,0.00010395050048828125,0.00010585784912109375,0.00012493133544921875,0.00010323524475097656,0.00010919570922851562,0.00010704994201660156,0.00010585784912109375,0.0001068115234375,0.00013589859008789062,0.00010800361633300781,0.00011610984802246094,0.0001380443572998047,0.0001010894775390625,0.00012111663818359375,0.00013399124145507812,0.00010395050048828125,0.00010180473327636719,0.00012993812561035156,0.00011587142944335938,0.00010085105895996094,0.00010395050048828125,0.00010323524475097656,0.00010800361633300781,0.00011014938354492188,0.00012993812561035156,0.0001347064971923828,0.0001049041748046875,0.00010418891906738281,0.00010180473327636719,0.00011301040649414062,0.00010585784912109375,0.00011181831359863281,0.00013589859008789062,0.00010895729064941406,0.00010585784912109375,0.00010418891906738281,0.00010800361633300781,0.00010395050048828125,0.00012683868408203125,0.00011491775512695312,0.00012302398681640625,0.00010228157043457031,0.00010585784912109375,0.00012731552124023438,0.0001049041748046875,0.00013685226440429688,0.00011968612670898438,0.00010085105895996094,0.0001327991485595703,0.0001289844512939453,0.00010395050048828125,0.0001308917999267578,0.00013113021850585938,0.00013184547424316406,0.00011396408081054688,0.00010800361633300781,0.00010418891906738281,0.0001270771026611328,0.00010704994201660156,0.00010418891906738281,0.00010609626770019531,0.00011801719665527344,0.00012087821960449219,0.00011992454528808594,0.00010514259338378906,0.00010704994201660156,0.0001327991485595703,0.0001220703125,0.00016427040100097656,0.00010538101196289062,0.00011491775512695312,0.0001232624053955078,0.00011610984802246094,0.00010800361633300781,0.00011897087097167969,0.00011205673217773438,0.00011277198791503906,0.00011587142944335938,0.00012612342834472656,0.0001227855682373047,0.00014281272888183594,0.00012993812561035156,0.00011801719665527344,0.00013899803161621094,0.00013518333435058594,0.00013399124145507812,0.00013113021850585938,0.0001220703125,0.0001709461212158203,0.0001068115234375,0.00011277198791503906,0.0001251697540283203,0.00011110305786132812,0.00012612342834472656,0.00010824203491210938,0.00010704994201660156,0.00010585784912109375
KarateClub	GNN	0.12094306945800781,0.12061905860900879,0.21340227127075195,0.14883708953857422,0.17755126953125,0.16675090789794922,0.17520689964294434,0.12414717674255371,0.11776018142700195,0.11968994140625,0.15878701210021973,0.16035079956054688,0.1367509365081787,0.08325910568237305,0.0874478816986084,0.2200450897216797,0.10807490348815918,0.18093180656433105,0.12416791915893555,0.1146857738494873,0.10791993141174316,0.08474969863891602,0.08414602279663086,0.08353114128112793,0.17017602920532227,0.12442898750305176,0.15187597274780273,0.12260794639587402,0.10262417793273926,0.08662199974060059,0.08776593208312988,0.1630721092224121,0.13845109939575195,0.12247514724731445,0.1243293285369873,0.08585405349731445,0.13631606101989746,0.22552013397216797,0.08295488357543945,0.0845799446105957,0.12231302261352539,0.12503290176391602,0.11626791954040527,0.18256092071533203,0.08328509330749512,0.1661548614501953,0.11479997634887695,0.1642601490020752,0.11523890495300293,0.11411786079406738,0.2049858570098877,0.20827794075012207,0.1168670654296875,0.1461808681488037,0.09579586982727051,0.10787296295166016,0.09763121604919434,0.11562228202819824,0.12448596954345703,0.24656081199645996,0.11622381210327148,0.12472033500671387,0.11678910255432129,0.1437697410583496,0.08419108390808105,0.08968591690063477,0.1512432098388672,0.1316981315612793,0.11530375480651855,0.11792683601379395,0.14456391334533691,0.12668704986572266,0.11427783966064453,0.1935560703277588,0.19252800941467285,0.09484481811523438,0.17115306854248047,0.17191314697265625,0.08875393867492676,0.1158299446105957,0.1281290054321289,0.11458802223205566,0.11751604080200195,0.11610889434814453,0.11209917068481445,0.1079108715057373,0.13794898986816406,0.11541199684143066,0.10511207580566406,0.12390589714050293,0.08635687828063965,0.09723901748657227,0.16185593605041504,0.12523317337036133,0.11457490921020508,0.08520102500915527,0.262800931930542,0.17166495323181152,0.08225822448730469,0.25762200355529785
KarateClub	GG	0.0881049633026123,0.08512401580810547,0.12433576583862305,0.10544323921203613,0.08861899375915527,0.1241908073425293,0.08378481864929199,0.08777880668640137,0.08304405212402344,0.08616495132446289,0.11294984817504883,0.17202401161193848,0.19502806663513184,0.1210479736328125,0.16523480415344238,0.11642313003540039,0.11907720565795898,0.08778023719787598,0.08859395980834961,0.17170310020446777,0.15762615203857422,0.12490272521972656,0.1168661117553711,0.13248014450073242,0.08321690559387207,0.08510208129882812,0.09325098991394043,0.09462499618530273,0.18951106071472168,0.11592483520507812,0.1208641529083252,0.08491683006286621,0.08431577682495117,0.08535599708557129,0.16201090812683105,0.16280293464660645,0.11611819267272949,0.11884593963623047,0.12425684928894043,0.11757278442382812,0.17275214195251465,0.0847940444946289,0.08556413650512695,0.11606287956237793,0.18377995491027832,0.09100794792175293,0.21214580535888672,0.11801695823669434,0.11084389686584473,0.17690610885620117,0.22502803802490234,0.11577129364013672,0.1292731761932373,0.0922231674194336,0.11514592170715332,0.09327816963195801,0.11663269996643066,0.09254288673400879,0.08778810501098633,0.1710059642791748,0.08365321159362793,0.08491921424865723,0.08350324630737305,0.15930390357971191,0.11562705039978027,0.27289605140686035,0.17089295387268066,0.08666110038757324,0.15785503387451172,0.11266803741455078,0.13091611862182617,0.08659601211547852,0.0929708480834961,0.11552286148071289,0.0931081771850586,0.11275267601013184,0.09008002281188965,0.14743685722351074,0.16248583793640137,0.11959123611450195,0.08603286743164062,0.09125518798828125,0.08804607391357422,0.09424185752868652,0.10622096061706543,0.25329089164733887,0.09231686592102051,0.09550690650939941,0.09351086616516113,0.11290907859802246,0.13894224166870117,0.16719698905944824,0.08470296859741211,0.10178995132446289,0.18364191055297852,0.183762788772583,0.33130788803100586,0.16335201263427734,0.1882479190826416,0.11867022514343262
KarateClub	GG2	0.0881049633026123,0.08512401580810547,0.12433576583862305,0.10544323921203613,0.08861899375915527,0.1241908073425293,0.08378481864929199,0.08777880668640137,0.08304405212402344,0.08616495132446289,0.11294984817504883,0.17202401161193848,0.19502806663513184,0.1210479736328125,0.16523480415344238,0.11642313003540039,0.11907720565795898,0.08778023719787598,0.08859395980834961,0.17170310020446777,0.15762615203857422,0.12490272521972656,0.1168661117553711,0.13248014450073242,0.08321690559387207,0.08510208129882812,0.09325098991394043,0.09462499618530273,0.18951106071472168,0.11592483520507812,0.1208641529083252,0.08491683006286621,0.08431577682495117,0.08535599708557129,0.16201090812683105,0.16280293464660645,0.11611819267272949,0.11884593963623047,0.12425684928894043,0.11757278442382812,0.17275214195251465,0.0847940444946289,0.08556413650512695,0.11606287956237793,0.18377995491027832,0.09100794792175293,0.21214580535888672,0.11801695823669434,0.11084389686584473,0.17690610885620117,0.22502803802490234,0.11577129364013672,0.1292731761932373,0.0922231674194336,0.11514592170715332,0.09327816963195801,0.11663269996643066,0.09254288673400879,0.08778810501098633,0.1710059642791748,0.08365321159362793,0.08491921424865723,0.08350324630737305,0.15930390357971191,0.11562705039978027,0.27289605140686035,0.17089295387268066,0.08666110038757324,0.15785503387451172,0.11266803741455078,0.13091611862182617,0.08659601211547852,0.0929708480834961,0.11552286148071289,0.0931081771850586,0.11275267601013184,0.09008002281188965,0.14743685722351074,0.16248583793640137,0.11959123611450195,0.08603286743164062,0.09125518798828125,0.08804607391357422,0.09424185752868652,0.10622096061706543,0.25329089164733887,0.09231686592102051,0.09550690650939941,0.09351086616516113,0.11290907859802246,0.13894224166870117,0.16719698905944824,0.08470296859741211,0.10178995132446289,0.18364191055297852,0.183762788772583,0.33130788803100586,0.16335201263427734,0.1882479190826416,0.11867022514343262
Chameleon	GEE	0.012018918991088867,0.01217794418334961,0.01318979263305664,0.013298988342285156,0.012723207473754883,0.012876033782958984,0.012757062911987305,0.012778997421264648,0.012747049331665039,0.012950658798217773,0.013311147689819336,0.01286625862121582,0.013446807861328125,0.013330221176147461,0.01340794563293457,0.013082027435302734,0.012933015823364258,0.013077974319458008,0.013157844543457031,0.013175010681152344,0.013458967208862305,0.013657808303833008,0.013375997543334961,0.013617992401123047,0.013202905654907227,0.01385188102722168,0.013634920120239258,0.013303041458129883,0.013607025146484375,0.013338088989257812,0.013875961303710938,0.01389169692993164,0.014142990112304688,0.013463973999023438,0.013200998306274414,0.013472795486450195,0.013832807540893555,0.013520002365112305,0.013399124145507812,0.01320505142211914,0.014232158660888672,0.013191938400268555,0.014209985733032227,0.013821840286254883,0.013707876205444336,0.01316213607788086,0.013792037963867188,0.014156103134155273,0.01357889175415039,0.013511896133422852,0.013795137405395508,0.01388692855834961,0.01840829849243164,0.013681173324584961,0.013032913208007812,0.01370382308959961,0.013254165649414062,0.013217687606811523,0.01353001594543457,0.013643026351928711,0.013191938400268555,0.013583898544311523,0.01312708854675293,0.013253927230834961,0.01362299919128418,0.013092756271362305,0.013267040252685547,0.013080120086669922,0.013872146606445312,0.014343023300170898,0.013106822967529297,0.013193130493164062,0.013486146926879883,0.014244794845581055,0.013263225555419922,0.013564348220825195,0.01380014419555664,0.013318777084350586,0.015146017074584961,0.013773918151855469,0.013363838195800781,0.013957023620605469,0.013239145278930664,0.01314997673034668,0.013337850570678711,0.013591766357421875,0.013118982315063477,0.013441085815429688,0.012952804565429688,0.01372075080871582,0.013201713562011719,0.01361703872680664,0.01326608657836914,0.012842893600463867,0.013679981231689453,0.013720989227294922,0.013028860092163086,0.01355600357055664,0.013720035552978516,0.013822317123413086
Chameleon	GNN	0.5778348445892334,0.6645169258117676,0.8667640686035156,0.7002468109130859,0.48825812339782715,0.6184430122375488,0.4663968086242676,0.434279203414917,0.43492913246154785,0.5564131736755371,0.41716480255126953,0.956561803817749,0.4161038398742676,0.4392571449279785,0.43671202659606934,0.7478351593017578,0.6780850887298584,0.42014527320861816,0.5010149478912354,0.6804440021514893,0.5019428730010986,0.4373970031738281,0.5683860778808594,0.4554917812347412,0.5766940116882324,0.810218095779419,0.8066878318786621,0.4224119186401367,0.42769598960876465,0.48174428939819336,0.8083999156951904,0.721951961517334,0.519874095916748,0.5313031673431396,0.5327160358428955,0.4578971862792969,0.49229001998901367,0.4650142192840576,0.6301331520080566,0.7329120635986328,0.5654258728027344,0.5380430221557617,0.44765782356262207,0.617401123046875,0.4995880126953125,0.4334988594055176,0.4341590404510498,0.4249391555786133,0.6123001575469971,0.4938390254974365,0.5382747650146484,0.7392988204956055,0.4154667854309082,0.4929080009460449,0.6369028091430664,0.45222902297973633,0.472614049911499,0.4510791301727295,0.7875239849090576,0.5091867446899414,0.42903590202331543,0.4449021816253662,0.6845498085021973,0.5361599922180176,0.45114684104919434,0.5955631732940674,0.8547561168670654,0.5276238918304443,0.9642360210418701,0.5385680198669434,0.7859208583831787,0.43839573860168457,0.7142620086669922,0.4630568027496338,0.45827603340148926,0.6445932388305664,0.45911335945129395,0.7805230617523193,0.5273749828338623,0.41878223419189453,0.6081621646881104,0.5696220397949219,0.4725160598754883,0.5624170303344727,0.42183899879455566,0.6217718124389648,0.70302414894104,0.7005529403686523,0.8402760028839111,0.7099647521972656,0.8674376010894775,0.5565040111541748,0.45255398750305176,0.5235071182250977,0.4495968818664551,0.4763760566711426,0.48320722579956055,0.45746302604675293,0.45299792289733887,0.625417947769165
Chameleon	GG	0.4633979797363281,0.42695021629333496,0.4272887706756592,0.4290037155151367,0.39961695671081543,1.469454050064087,0.5900790691375732,0.4181070327758789,0.41063594818115234,0.5356290340423584,0.4325878620147705,0.3752479553222656,0.5702719688415527,0.42696213722229004,0.42397189140319824,0.5046770572662354,0.8592879772186279,0.4173257350921631,0.4044942855834961,0.5501918792724609,0.4268200397491455,0.4289059638977051,1.0485727787017822,0.7885019779205322,1.0483379364013672,0.4533379077911377,0.43613290786743164,0.4952549934387207,0.4209268093109131,0.4249532222747803,0.5042312145233154,1.2431621551513672,0.7188279628753662,0.3943159580230713,0.42371082305908203,0.43919801712036133,0.5481679439544678,0.4564518928527832,0.4271259307861328,0.39612412452697754,0.4355480670928955,0.5450088977813721,0.7842257022857666,0.44832396507263184,0.7847812175750732,0.5853288173675537,0.7616677284240723,0.44251537322998047,0.7050690650939941,0.44408583641052246,0.37872934341430664,1.033109188079834,0.4589829444885254,0.4398059844970703,0.4311189651489258,0.41451311111450195,0.4260752201080322,0.431135892868042,0.9483597278594971,0.7898123264312744,0.43342089653015137,0.42051196098327637,1.079798936843872,0.4263651371002197,0.4815967082977295,0.4430100917816162,0.4496347904205322,0.43264102935791016,0.6767821311950684,0.7625069618225098,0.4325270652770996,0.42247486114501953,0.9353499412536621,0.4381561279296875,0.6592750549316406,0.49195289611816406,0.7022957801818848,1.047724962234497,1.1098308563232422,0.40914487838745117,0.430621862411499,0.4963109493255615,0.4374110698699951,0.47481393814086914,0.6738197803497314,0.5986547470092773,0.4651029109954834,0.4869081974029541,0.5768349170684814,0.4329960346221924,0.5506231784820557,0.4279749393463135,0.4582540988922119,0.476240873336792,1.0709381103515625,0.4334299564361572,0.417248010635376,0.425065279006958,0.4555778503417969,0.45181703567504883
Chameleon	GG2	0.4633979797363281,0.42695021629333496,0.4272887706756592,0.4290037155151367,0.39961695671081543,1.469454050064087,0.5900790691375732,0.4181070327758789,0.41063594818115234,0.5356290340423584,0.4325878620147705,0.3752479553222656,0.5702719688415527,0.42696213722229004,0.42397189140319824,0.5046770572662354,0.8592879772186279,0.4173257350921631,0.4044942855834961,0.5501918792724609,0.4268200397491455,0.4289059638977051,1.0485727787017822,0.7885019779205322,1.0483379364013672,0.4533379077911377,0.43613290786743164,0.4952549934387207,0.4209268093109131,0.4249532222747803,0.5042312145233154,1.2431621551513672,0.7188279628753662,0.3943159580230713,0.42371082305908203,0.43919801712036133,0.5481679439544678,0.4564518928527832,0.4271259307861328,0.39612412452697754,0.4355480670928955,0.5450088977813721,0.7842257022857666,0.44832396507263184,0.7847812175750732,0.5853288173675537,0.7616677284240723,0.44251537322998047,0.7050690650939941,0.44408583641052246,0.37872934341430664,1.033109188079834,0.4589829444885254,0.4398059844970703,0.4311189651489258,0.41451311111450195,0.4260752201080322,0.431135892868042,0.9483597278594971,0.7898123264312744,0.43342089653015137,0.42051196098327637,1.079798936843872,0.4263651371002197,0.4815967082977295,0.4430100917816162,0.4496347904205322,0.43264102935791016,0.6767821311950684,0.7625069618225098,0.4325270652770996,0.42247486114501953,0.9353499412536621,0.4381561279296875,0.6592750549316406,0.49195289611816406,0.7022957801818848,1.047724962234497,1.1098308563232422,0.40914487838745117,0.430621862411499,0.4963109493255615,0.4374110698699951,0.47481393814086914,0.6738197803497314,0.5986547470092773,0.4651029109954834,0.4869081974029541,0.5768349170684814,0.4329960346221924,0.5506231784820557,0.4279749393463135,0.4582540988922119,0.476240873336792,1.0709381103515625,0.4334299564361572,0.417248010635376,0.425065279006958,0.4555778503417969,0.45181703567504883
Cora	GEE	0.0034842491149902344,0.0024869441986083984,0.0025882720947265625,0.002541780471801758,0.002529144287109375,0.0025310516357421875,0.002553224563598633,0.002501249313354492,0.0025758743286132812,0.0024831295013427734,0.002454042434692383,0.0025441646575927734,0.002543926239013672,0.0025589466094970703,0.002749919891357422,0.002496004104614258,0.002482891082763672,0.0027010440826416016,0.002540111541748047,0.002566099166870117,0.0025908946990966797,0.0026078224182128906,0.002992868423461914,0.0026547908782958984,0.002512693405151367,0.0025453567504882812,0.002653837203979492,0.0024869441986083984,0.0025081634521484375,0.002562999725341797,0.002468109130859375,0.0026090145111083984,0.0024797916412353516,0.002691030502319336,0.002532958984375,0.0024938583374023438,0.002524852752685547,0.002501964569091797,0.0026149749755859375,0.002483844757080078,0.002604961395263672,0.0025658607482910156,0.002479076385498047,0.0025768280029296875,0.002621889114379883,0.003063678741455078,0.0025610923767089844,0.002704143524169922,0.002508878707885742,0.002621889114379883,0.002785921096801758,0.0025539398193359375,0.0024428367614746094,0.0025119781494140625,0.0025529861450195312,0.0025479793548583984,0.0024700164794921875,0.0025398731231689453,0.002562999725341797,0.0025157928466796875,0.0027179718017578125,0.002618074417114258,0.002527952194213867,0.0025091171264648438,0.002531766891479492,0.002499818801879883,0.002547025680541992,0.0025391578674316406,0.0025119781494140625,0.0025200843811035156,0.0024950504302978516,0.0025472640991210938,0.0025408267974853516,0.002554178237915039,0.002499818801879883,0.002441883087158203,0.002621889114379883,0.002552032470703125,0.0025169849395751953,0.0025339126586914062,0.002505064010620117,0.0026559829711914062,0.0026297569274902344,0.002540111541748047,0.002549886703491211,0.0024938583374023438,0.0024871826171875,0.0025169849395751953,0.0025730133056640625,0.002524852752685547,0.00251007080078125,0.002597808837890625,0.0025000572204589844,0.0025980472564697266,0.002557039260864258,0.0024547576904296875,0.0025582313537597656,0.003108978271484375,0.002580881118774414,0.0025060176849365234
Cora	GNN	0.368729829788208,0.4547739028930664,0.36510372161865234,0.5149519443511963,0.31682515144348145,0.3302912712097168,0.36509013175964355,0.39745497703552246,0.3759889602661133,0.3828449249267578,0.4492158889770508,0.3517026901245117,0.36028432846069336,0.4161698818206787,0.3701319694519043,0.40456199645996094,0.40148305892944336,0.43332695960998535,0.27207493782043457,0.3200869560241699,0.31976890563964844,0.28757309913635254,0.5452570915222168,0.36698389053344727,0.34834718704223633,0.41854381561279297,0.4467451572418213,0.38369011878967285,0.38219213485717773,0.4035959243774414,0.3731510639190674,0.3117508888244629,0.3270230293273926,0.39110469818115234,0.3287179470062256,0.40369510650634766,0.38373303413391113,0.40119504928588867,0.510983943939209,0.4302821159362793,0.31842708587646484,0.365955114364624,0.48180079460144043,0.40076184272766113,0.2706921100616455,0.3193230628967285,0.34085893630981445,0.35224127769470215,0.391995906829834,0.32511210441589355,0.39496898651123047,0.3562002182006836,0.32581090927124023,0.364879846572876,0.3723418712615967,0.36489391326904297,0.3410639762878418,0.3859446048736572,0.520413875579834,0.40639519691467285,0.3764669895172119,0.2640979290008545,0.3263862133026123,0.3016190528869629,0.42523884773254395,0.39827990531921387,0.3383002281188965,0.28926897048950195,0.24817800521850586,0.3640248775482178,0.34450507164001465,0.4342820644378662,0.4641149044036865,0.2813897132873535,0.38726019859313965,0.33927392959594727,0.4177358150482178,0.354992151260376,0.3866307735443115,0.4111602306365967,0.40140700340270996,0.5020627975463867,0.33538389205932617,0.3575470447540283,0.37390899658203125,0.3789670467376709,0.33113765716552734,0.44017624855041504,0.32950925827026367,0.34787511825561523,0.4477651119232178,0.4328739643096924,0.3334317207336426,0.3729419708251953,0.38335704803466797,0.4265608787536621,0.31862616539001465,0.506594181060791,0.37251901626586914,0.30623579025268555
Cora	GG	0.6227939128875732,0.2650930881500244,0.32131290435791016,0.3429851531982422,0.43537282943725586,0.4889991283416748,0.4957270622253418,0.5920529365539551,0.2772557735443115,0.2525448799133301,0.43526768684387207,0.26100611686706543,0.45720386505126953,0.2595069408416748,0.47071003913879395,0.7116348743438721,0.5383119583129883,0.27802181243896484,0.30014705657958984,0.3374059200286865,0.30256080627441406,0.26587605476379395,0.36461400985717773,0.7990570068359375,0.6835927963256836,0.28514695167541504,0.25792908668518066,0.5068891048431396,0.26244020462036133,0.2532627582550049,0.2788069248199463,0.46451783180236816,0.49603796005249023,0.5030457973480225,0.24356818199157715,0.3311338424682617,0.2610909938812256,0.31118321418762207,0.3931751251220703,0.2900989055633545,0.43578410148620605,0.25910401344299316,0.2965681552886963,0.6455512046813965,0.3037300109863281,0.2984321117401123,0.5491769313812256,0.3040919303894043,0.39526891708374023,0.38411903381347656,0.7223091125488281,0.6362791061401367,0.48351097106933594,0.2610480785369873,0.2644228935241699,0.25780701637268066,0.5109868049621582,0.2678048610687256,0.5617990493774414,0.2909979820251465,0.3006467819213867,0.26541733741760254,0.4643399715423584,0.31234312057495117,0.26821303367614746,0.3930060863494873,0.29006409645080566,0.78183913230896,0.4346139430999756,0.2724590301513672,0.2892119884490967,0.2823350429534912,0.8589341640472412,0.24919986724853516,0.6111066341400146,0.641575813293457,0.27377915382385254,0.2575230598449707,0.2676708698272705,0.4673171043395996,0.30193400382995605,0.265347957611084,0.2704639434814453,0.24009108543395996,0.47719883918762207,0.42414093017578125,0.3320119380950928,0.5280351638793945,0.25316882133483887,0.2654702663421631,0.3238399028778076,0.5289819240570068,0.24831700325012207,0.27018284797668457,0.66597580909729,0.3130218982696533,0.5091390609741211,0.26401615142822266,0.3317849636077881,0.2659440040588379
Cora	GG2	0.6227939128875732,0.2650930881500244,0.32131290435791016,0.3429851531982422,0.43537282943725586,0.4889991283416748,0.4957270622253418,0.5920529365539551,0.2772557735443115,0.2525448799133301,0.43526768684387207,0.26100611686706543,0.45720386505126953,0.2595069408416748,0.47071003913879395,0.7116348743438721,0.5383119583129883,0.27802181243896484,0.30014705657958984,0.3374059200286865,0.30256080627441406,0.26587605476379395,0.36461400985717773,0.7990570068359375,0.6835927963256836,0.28514695167541504,0.25792908668518066,0.5068891048431396,0.26244020462036133,0.2532627582550049,0.2788069248199463,0.46451783180236816,0.49603796005249023,0.5030457973480225,0.24356818199157715,0.3311338424682617,0.2610909938812256,0.31118321418762207,0.3931751251220703,0.2900989055633545,0.43578410148620605,0.25910401344299316,0.2965681552886963,0.6455512046813965,0.3037300109863281,0.2984321117401123,0.5491769313812256,0.3040919303894043,0.39526891708374023,0.38411903381347656,0.7223091125488281,0.6362791061401367,0.48351097106933594,0.2610480785369873,0.2644228935241699,0.25780701637268066,0.5109868049621582,0.2678048610687256,0.5617990493774414,0.2909979820251465,0.3006467819213867,0.26541733741760254,0.4643399715423584,0.31234312057495117,0.26821303367614746,0.3930060863494873,0.29006409645080566,0.78183913230896,0.4346139430999756,0.2724590301513672,0.2892119884490967,0.2823350429534912,0.8589341640472412,0.24919986724853516,0.6111066341400146,0.641575813293457,0.27377915382385254,0.2575230598449707,0.2676708698272705,0.4673171043395996,0.30193400382995605,0.265347957611084,0.2704639434814453,0.24009108543395996,0.47719883918762207,0.42414093017578125,0.3320119380950928,0.5280351638793945,0.25316882133483887,0.2654702663421631,0.3238399028778076,0.5289819240570068,0.24831700325012207,0.27018284797668457,0.66597580909729,0.3130218982696533,0.5091390609741211,0.26401615142822266,0.3317849636077881,0.2659440040588379
Citeseer	GEE	0.0031061172485351562,0.002786874771118164,0.002626180648803711,0.0026149749755859375,0.0023241043090820312,0.002273082733154297,0.0022940635681152344,0.002500295639038086,0.002338886260986328,0.002290964126586914,0.0023610591888427734,0.0022912025451660156,0.0023431777954101562,0.0023810863494873047,0.002315998077392578,0.0023679733276367188,0.00251007080078125,0.0023140907287597656,0.002380847930908203,0.0024330615997314453,0.0023331642150878906,0.002340078353881836,0.002396821975708008,0.0022568702697753906,0.002407073974609375,0.0025501251220703125,0.0023071765899658203,0.002981901168823242,0.002315044403076172,0.002652883529663086,0.0023260116577148438,0.002373933792114258,0.0023260116577148438,0.002382040023803711,0.0023801326751708984,0.0023679733276367188,0.002759218215942383,0.002355813980102539,0.002454042434692383,0.0022377967834472656,0.0022339820861816406,0.0024797916412353516,0.002285003662109375,0.0022919178009033203,0.0024461746215820312,0.002244234085083008,0.002249002456665039,0.002240896224975586,0.0021631717681884766,0.002187013626098633,0.002437114715576172,0.0022552013397216797,0.0021982192993164062,0.0025169849395751953,0.0025260448455810547,0.0022857189178466797,0.002301931381225586,0.0022470951080322266,0.002202272415161133,0.0023360252380371094,0.002193927764892578,0.0021860599517822266,0.0022008419036865234,0.0022728443145751953,0.0023431777954101562,0.0024340152740478516,0.0024700164794921875,0.0029981136322021484,0.0021991729736328125,0.0025649070739746094,0.002360820770263672,0.0032219886779785156,0.0026650428771972656,0.002415180206298828,0.0024640560150146484,0.0025260448455810547,0.0022199153900146484,0.0022809505462646484,0.0028281211853027344,0.0022249221801757812,0.0021631717681884766,0.002359628677368164,0.0022089481353759766,0.002171039581298828,0.0022330284118652344,0.0024030208587646484,0.002384185791015625,0.0023698806762695312,0.002349853515625,0.0022878646850585938,0.0022962093353271484,0.002357006072998047,0.002228975296020508,0.002528667449951172,0.0024900436401367188,0.002543210983276367,0.002624988555908203,0.0025887489318847656,0.0023298263549804688,0.002456188201904297
Citeseer	GNN	0.33532118797302246,0.3597402572631836,0.3082139492034912,0.2938098907470703,0.2802278995513916,0.3278021812438965,0.2659149169921875,0.3597421646118164,0.24897098541259766,0.3047318458557129,0.36750125885009766,0.5465950965881348,0.468919038772583,0.29784488677978516,0.3189389705657959,0.35803794860839844,0.30835723876953125,0.37737584114074707,0.3152017593383789,0.3952772617340088,0.28879475593566895,0.3270909786224365,0.3597900867462158,0.3094336986541748,0.3650228977203369,0.26927900314331055,0.2691049575805664,0.36133384704589844,0.5347037315368652,0.281951904296875,0.4256172180175781,0.33402228355407715,0.24683809280395508,0.3927609920501709,0.2854018211364746,0.5086562633514404,0.30475783348083496,0.2875392436981201,0.2623269557952881,0.37230491638183594,0.36353302001953125,0.617091178894043,0.3512551784515381,0.29383111000061035,0.33723020553588867,0.3934769630432129,0.33692169189453125,0.2757909297943115,0.3242671489715576,0.31537318229675293,0.4113650321960449,0.38837599754333496,0.6298191547393799,0.31543564796447754,0.3356809616088867,0.3206210136413574,0.37212109565734863,0.3069782257080078,0.3850209712982178,0.38719797134399414,0.31125807762145996,0.36558103561401367,0.4433460235595703,0.3873908519744873,0.39447975158691406,0.34259462356567383,0.34421706199645996,0.32793593406677246,0.43455004692077637,0.36964988708496094,0.26329803466796875,0.28139495849609375,0.47913599014282227,0.29720306396484375,0.4200260639190674,0.5071051120758057,0.3342902660369873,0.27562594413757324,0.49753594398498535,0.28665685653686523,0.2863028049468994,0.39310526847839355,0.27723193168640137,0.3378458023071289,0.39763689041137695,0.30039501190185547,0.38555479049682617,0.4006667137145996,0.37750792503356934,0.3769710063934326,0.37125110626220703,0.35547375679016113,0.25400400161743164,0.3270409107208252,0.4777078628540039,0.35407471656799316,0.318634033203125,0.3207399845123291,0.31540822982788086,0.4292268753051758
Citeseer	GG	0.29389190673828125,0.536261796951294,0.2949192523956299,0.3693370819091797,0.4414510726928711,0.42133498191833496,0.674217939376831,0.4139399528503418,0.3564460277557373,0.265516996383667,0.8330991268157959,0.24719786643981934,0.31304001808166504,0.24132585525512695,0.26367688179016113,0.5317051410675049,0.2425081729888916,0.3293592929840088,0.4665191173553467,0.2604820728302002,0.26018404960632324,0.3010838031768799,0.29961585998535156,0.2516350746154785,0.4157869815826416,0.49358224868774414,0.24655604362487793,0.2532379627227783,0.2727699279785156,0.5138578414916992,0.2541489601135254,0.2536189556121826,0.25381994247436523,0.5919919013977051,0.2911520004272461,0.2561521530151367,0.6363430023193359,0.5242948532104492,0.254885196685791,0.28488993644714355,0.26043200492858887,0.46751999855041504,0.4539766311645508,0.5872330665588379,0.26921606063842773,0.2678201198577881,0.6618092060089111,0.5572793483734131,0.3180820941925049,0.297468900680542,0.2783529758453369,0.26400303840637207,0.2823188304901123,0.27197694778442383,0.2700531482696533,0.26705312728881836,0.2746751308441162,0.27547526359558105,0.5479578971862793,0.3887341022491455,0.532991886138916,0.2694249153137207,0.6717522144317627,0.45837903022766113,0.2937040328979492,0.26726222038269043,0.5789823532104492,0.317004919052124,0.5332369804382324,0.29145097732543945,0.3564767837524414,0.2851603031158447,0.4981193542480469,0.32924985885620117,0.2733488082885742,0.43382978439331055,0.3109440803527832,0.27274513244628906,0.6623497009277344,0.3192439079284668,0.5011739730834961,0.28432798385620117,0.32829904556274414,0.3039729595184326,0.5231070518493652,0.27140212059020996,0.39148521423339844,0.5615379810333252,0.45668792724609375,0.25830674171447754,0.44527196884155273,0.2719430923461914,0.2695128917694092,0.5060069561004639,0.634145975112915,0.2987852096557617,0.3068981170654297,0.5485939979553223,0.32071709632873535,0.2871689796447754
Citeseer	GG2	0.29389190673828125,0.536261796951294,0.2949192523956299,0.3693370819091797,0.4414510726928711,0.42133498191833496,0.674217939376831,0.4139399528503418,0.3564460277557373,0.265516996383667,0.8330991268157959,0.24719786643981934,0.31304001808166504,0.24132585525512695,0.26367688179016113,0.5317051410675049,0.2425081729888916,0.3293592929840088,0.4665191173553467,0.2604820728302002,0.26018404960632324,0.3010838031768799,0.29961585998535156,0.2516350746154785,0.4157869815826416,0.49358224868774414,0.24655604362487793,0.2532379627227783,0.2727699279785156,0.5138578414916992,0.2541489601135254,0.2536189556121826,0.25381994247436523,0.5919919013977051,0.2911520004272461,0.2561521530151367,0.6363430023193359,0.5242948532104492,0.254885196685791,0.28488993644714355,0.26043200492858887,0.46751999855041504,0.4539766311645508,0.5872330665588379,0.26921606063842773,0.2678201198577881,0.6618092060089111,0.5572793483734131,0.3180820941925049,0.297468900680542,0.2783529758453369,0.26400303840637207,0.2823188304901123,0.27197694778442383,0.2700531482696533,0.26705312728881836,0.2746751308441162,0.27547526359558105,0.5479578971862793,0.3887341022491455,0.532991886138916,0.2694249153137207,0.6717522144317627,0.45837903022766113,0.2937040328979492,0.26726222038269043,0.5789823532104492,0.317004919052124,0.5332369804382324,0.29145097732543945,0.3564767837524414,0.2851603031158447,0.4981193542480469,0.32924985885620117,0.2733488082885742,0.43382978439331055,0.3109440803527832,0.27274513244628906,0.6623497009277344,0.3192439079284668,0.5011739730834961,0.28432798385620117,0.32829904556274414,0.3039729595184326,0.5231070518493652,0.27140212059020996,0.39148521423339844,0.5615379810333252,0.45668792724609375,0.25830674171447754,0.44527196884155273,0.2719430923461914,0.2695128917694092,0.5060069561004639,0.634145975112915,0.2987852096557617,0.3068981170654297,0.5485939979553223,0.32071709632873535,0.2871689796447754
