ACM	GEE	0.00693202018737793,0.005012035369873047,0.005498170852661133,0.0052051544189453125,0.005173921585083008,0.0053250789642333984,0.00525212287902832,0.0052928924560546875,0.0052089691162109375,0.005151033401489258,0.005576133728027344,0.005259990692138672,0.0055239200592041016,0.005315065383911133,0.005171775817871094,0.005164146423339844,0.005111217498779297,0.005023002624511719,0.005140781402587891,0.005195140838623047,0.005304098129272461,0.005344867706298828,0.005234956741333008,0.005128145217895508,0.00566411018371582,0.005207061767578125,0.005143880844116211,0.0051441192626953125,0.005295991897583008,0.005110740661621094,0.0050928592681884766,0.005242824554443359,0.005422830581665039,0.005075216293334961,0.005192995071411133,0.0053751468658447266,0.005145072937011719,0.005276203155517578,0.005091190338134766,0.005239963531494141,0.005555868148803711,0.005179882049560547,0.0053598880767822266,0.005003929138183594,0.005231142044067383,0.005171775817871094,0.00504302978515625,0.005026817321777344,0.005048990249633789,0.005361795425415039,0.005172014236450195,0.0054779052734375,0.005327939987182617,0.005066871643066406,0.005305051803588867,0.005188941955566406,0.005440950393676758,0.005213022232055664,0.005206108093261719,0.004972696304321289,0.00506281852722168,0.005349159240722656,0.005146980285644531,0.005357980728149414,0.005135774612426758,0.005098104476928711,0.0053789615631103516,0.00542902946472168,0.00523686408996582,0.005349874496459961,0.0053980350494384766,0.0054090023040771484,0.0054438114166259766,0.005156993865966797,0.005262851715087891,0.005179882049560547,0.005181074142456055,0.005341291427612305,0.005229949951171875,0.005085945129394531,0.00545501708984375,0.006145954132080078,0.005134105682373047,0.0055959224700927734,0.005270719528198242,0.005151987075805664,0.00528717041015625,0.005267143249511719,0.0052607059478759766,0.005318880081176758,0.005209684371948242,0.00513005256652832,0.0055277347564697266,0.005548954010009766,0.0053980350494384766,0.005221843719482422,0.0054931640625,0.005275726318359375,0.005197763442993164,0.00516819953918457
ACM	GNN	0.4919309616088867,0.4560408592224121,0.34564685821533203,0.32014918327331543,0.565788984298706,0.5039541721343994,0.3149540424346924,0.5283529758453369,0.2854735851287842,0.44537806510925293,0.3894619941711426,0.32314085960388184,0.38784193992614746,0.3366682529449463,0.305797815322876,0.4250659942626953,0.2979602813720703,0.5017509460449219,0.303555965423584,0.3214390277862549,0.31685924530029297,0.31092405319213867,0.309459924697876,0.286862850189209,0.3126847743988037,0.5253441333770752,0.29344892501831055,0.3050658702850342,0.47102999687194824,0.3185110092163086,0.320965051651001,0.352827787399292,0.2824230194091797,0.45296406745910645,0.5913147926330566,0.4528470039367676,0.39231276512145996,0.4641110897064209,0.4139070510864258,0.3277418613433838,0.4315481185913086,0.3734731674194336,0.39553403854370117,0.38277411460876465,0.32448291778564453,0.3585681915283203,0.323361873626709,0.36614108085632324,0.46783995628356934,0.3291780948638916,0.4137742519378662,0.2913820743560791,0.4332089424133301,0.2850511074066162,0.29549479484558105,0.6656732559204102,0.3459048271179199,0.32566189765930176,0.3077518939971924,0.3282179832458496,0.39650726318359375,0.3544890880584717,0.524406909942627,0.603928804397583,0.2847280502319336,0.33325695991516113,0.29826974868774414,0.5857830047607422,0.4863119125366211,0.538851261138916,0.31249094009399414,0.3202061653137207,0.33988499641418457,0.3216991424560547,0.6281802654266357,0.4371159076690674,0.3166959285736084,0.36487889289855957,0.3840372562408447,0.4701828956604004,1.300588846206665,0.4468848705291748,0.3875851631164551,0.3701479434967041,0.360579252243042,0.287229061126709,0.29335498809814453,0.29728198051452637,0.31136202812194824,0.4385530948638916,0.29694628715515137,0.4657289981842041,0.4509899616241455,0.33105015754699707,0.3874168395996094,0.49222874641418457,0.3392810821533203,0.3143918514251709,0.3857841491699219,0.6911320686340332
ACM	GG	0.429502010345459,0.297015905380249,0.2877671718597412,0.4368157386779785,0.28688883781433105,0.27966785430908203,0.28188419342041016,0.5508451461791992,0.2802276611328125,0.28185486793518066,0.40162014961242676,0.643822193145752,0.3324012756347656,0.2874119281768799,0.3699939250946045,0.29882383346557617,0.30093836784362793,0.29129600524902344,0.47215795516967773,0.2854640483856201,0.28020787239074707,0.5287458896636963,0.3567218780517578,0.27994585037231445,0.6650891304016113,0.28745484352111816,0.28583502769470215,0.28798890113830566,0.5626559257507324,0.29303884506225586,0.3025658130645752,0.5083267688751221,0.6379890441894531,0.29615116119384766,0.7523140907287598,0.29104018211364746,0.28707289695739746,0.289597749710083,0.28672099113464355,0.50496506690979,0.28872179985046387,0.8600549697875977,0.2902390956878662,0.49417805671691895,0.48679280281066895,0.2900526523590088,0.48142576217651367,0.6554749011993408,0.2834208011627197,0.28615522384643555,0.28350210189819336,0.28603100776672363,0.28080224990844727,0.29489588737487793,0.29088807106018066,0.2840840816497803,0.4288797378540039,0.2832372188568115,0.2888340950012207,0.747154951095581,0.28696393966674805,0.29314589500427246,0.2848050594329834,0.28437304496765137,0.2898519039154053,0.42828798294067383,0.28985595703125,0.3086421489715576,0.28580713272094727,0.6022601127624512,0.2859330177307129,0.28323817253112793,0.5039229393005371,0.4698789119720459,0.3139469623565674,0.43323707580566406,0.28438305854797363,0.9716799259185791,0.2840919494628906,0.28871822357177734,0.28668713569641113,0.3675529956817627,0.30704712867736816,0.2938251495361328,0.46997785568237305,0.27996277809143066,0.28653883934020996,0.4315779209136963,0.38708996772766113,0.3483891487121582,0.2846720218658447,0.28235816955566406,0.557319164276123,0.5182948112487793,0.28532981872558594,0.2896418571472168,0.28452420234680176,0.2875521183013916,0.2826519012451172,0.2856419086456299
ACM	GG2	0.429502010345459,0.297015905380249,0.2877671718597412,0.4368157386779785,0.28688883781433105,0.27966785430908203,0.28188419342041016,0.5508451461791992,0.2802276611328125,0.28185486793518066,0.40162014961242676,0.643822193145752,0.3324012756347656,0.2874119281768799,0.3699939250946045,0.29882383346557617,0.30093836784362793,0.29129600524902344,0.47215795516967773,0.2854640483856201,0.28020787239074707,0.5287458896636963,0.3567218780517578,0.27994585037231445,0.6650891304016113,0.28745484352111816,0.28583502769470215,0.28798890113830566,0.5626559257507324,0.29303884506225586,0.3025658130645752,0.5083267688751221,0.6379890441894531,0.29615116119384766,0.7523140907287598,0.29104018211364746,0.28707289695739746,0.289597749710083,0.28672099113464355,0.50496506690979,0.28872179985046387,0.8600549697875977,0.2902390956878662,0.49417805671691895,0.48679280281066895,0.2900526523590088,0.48142576217651367,0.6554749011993408,0.2834208011627197,0.28615522384643555,0.28350210189819336,0.28603100776672363,0.28080224990844727,0.29489588737487793,0.29088807106018066,0.2840840816497803,0.4288797378540039,0.2832372188568115,0.2888340950012207,0.747154951095581,0.28696393966674805,0.29314589500427246,0.2848050594329834,0.28437304496765137,0.2898519039154053,0.42828798294067383,0.28985595703125,0.3086421489715576,0.28580713272094727,0.6022601127624512,0.2859330177307129,0.28323817253112793,0.5039229393005371,0.4698789119720459,0.3139469623565674,0.43323707580566406,0.28438305854797363,0.9716799259185791,0.2840919494628906,0.28871822357177734,0.28668713569641113,0.3675529956817627,0.30704712867736816,0.2938251495361328,0.46997785568237305,0.27996277809143066,0.28653883934020996,0.4315779209136963,0.38708996772766113,0.3483891487121582,0.2846720218658447,0.28235816955566406,0.557319164276123,0.5182948112487793,0.28532981872558594,0.2896418571472168,0.28452420234680176,0.2875521183013916,0.2826519012451172,0.2856419086456299
BAT	GEE	0.0005030632019042969,0.0005018711090087891,0.0004711151123046875,0.0004811286926269531,0.0004820823669433594,0.0004799365997314453,0.00048470497131347656,0.0004870891571044922,0.0005240440368652344,0.0004773139953613281,0.00048804283142089844,0.0004868507385253906,0.0004999637603759766,0.0005412101745605469,0.0004968643188476562,0.0005359649658203125,0.0004830360412597656,0.0004968643188476562,0.00047779083251953125,0.0004737377166748047,0.0004763603210449219,0.0004811286926269531,0.00047397613525390625,0.0004730224609375,0.00046372413635253906,0.0005130767822265625,0.0004899501800537109,0.0004601478576660156,0.00047278404235839844,0.0004870891571044922,0.00047326087951660156,0.0004711151123046875,0.00046896934509277344,0.0004742145538330078,0.0004680156707763672,0.0004611015319824219,0.0004839897155761719,0.0004699230194091797,0.0004711151123046875,0.00048804283142089844,0.00047206878662109375,0.0004837512969970703,0.00048279762268066406,0.0004971027374267578,0.00046706199645996094,0.0005114078521728516,0.00046181678771972656,0.0004832744598388672,0.0004940032958984375,0.0004780292510986328,0.00046896934509277344,0.0005078315734863281,0.00048804283142089844,0.0005319118499755859,0.0004761219024658203,0.00047898292541503906,0.0004620552062988281,0.0005352497100830078,0.00046181678771972656,0.0004611015319824219,0.0005099773406982422,0.0004630088806152344,0.0004622936248779297,0.0005021095275878906,0.0004811286926269531,0.00046181678771972656,0.0004887580871582031,0.0005497932434082031,0.0004620552062988281,0.0005128383636474609,0.00047898292541503906,0.0004680156707763672,0.0005412101745605469,0.0004999637603759766,0.0004711151123046875,0.0004839897155761719,0.0004999637603759766,0.0004639625549316406,0.0004901885986328125,0.0005030632019042969,0.0004799365997314453,0.0005650520324707031,0.0004942417144775391,0.00047326087951660156,0.0004911422729492188,0.0004858970642089844,0.00046896934509277344,0.00047397613525390625,0.00051116943359375,0.0004630088806152344,0.0005269050598144531,0.0004858970642089844,0.0005559921264648438,0.00047898292541503906,0.000492095947265625,0.0004780292510986328,0.0004730224609375,0.0004940032958984375,0.0004711151123046875,0.00047206878662109375
BAT	GNN	0.12360501289367676,0.11065101623535156,0.1118462085723877,0.11379027366638184,0.14466404914855957,0.14846014976501465,0.1311180591583252,0.14329814910888672,0.11077499389648438,0.12657713890075684,0.10827112197875977,0.12310600280761719,0.12421178817749023,0.11115407943725586,0.1091921329498291,0.10742688179016113,0.18043303489685059,0.10777497291564941,0.10720086097717285,0.11054086685180664,0.1103677749633789,0.10764575004577637,0.11056685447692871,0.183319091796875,0.14032578468322754,0.11224770545959473,0.11027407646179199,0.10811114311218262,0.13915801048278809,0.15557408332824707,0.10886812210083008,0.10899019241333008,0.1492748260498047,0.12906312942504883,0.16057586669921875,0.11257505416870117,0.12394881248474121,0.10924100875854492,0.10745096206665039,0.10906672477722168,0.10851812362670898,0.11053085327148438,0.10846900939941406,0.11568880081176758,0.1818859577178955,0.2053220272064209,0.10927104949951172,0.12458634376525879,0.22828388214111328,0.17516398429870605,0.10811114311218262,0.11140775680541992,0.17658424377441406,0.16418981552124023,0.11409306526184082,0.19749784469604492,0.20668697357177734,0.1429300308227539,0.11569619178771973,0.17668390274047852,0.10781407356262207,0.10832500457763672,0.11105012893676758,0.22211098670959473,0.13424301147460938,0.11023092269897461,0.11673092842102051,0.1129159927368164,0.21527910232543945,0.12969279289245605,0.10889005661010742,0.11081695556640625,0.11106467247009277,0.1500108242034912,0.10958600044250488,0.10956192016601562,0.11111092567443848,0.17813706398010254,0.10859799385070801,0.12500619888305664,0.12889599800109863,0.11986613273620605,0.11035704612731934,0.16852617263793945,0.15349912643432617,0.10937213897705078,0.17932581901550293,0.10874295234680176,0.10732507705688477,0.14996790885925293,0.20232820510864258,0.11667895317077637,0.1152341365814209,0.11059880256652832,0.11616182327270508,0.1066441535949707,0.10917782783508301,0.23585891723632812,0.10814166069030762,0.11891007423400879
BAT	GG	0.14955782890319824,0.1091921329498291,0.1849982738494873,0.15096592903137207,0.15009784698486328,0.11208319664001465,0.16341590881347656,0.12992405891418457,0.1091468334197998,0.13823986053466797,0.12073087692260742,0.16118812561035156,0.10734391212463379,0.13765501976013184,0.1492311954498291,0.1092519760131836,0.14586186408996582,0.1607518196105957,0.1907038688659668,0.11711907386779785,0.14884209632873535,0.157257080078125,0.10903573036193848,0.11016201972961426,0.11069798469543457,0.12044286727905273,0.10869288444519043,0.10904693603515625,0.107666015625,0.14621591567993164,0.11019492149353027,0.1333920955657959,0.10835480690002441,0.15720820426940918,0.13959312438964844,0.17781591415405273,0.11116600036621094,0.10953092575073242,0.11085700988769531,0.10801982879638672,0.17859697341918945,0.15471315383911133,0.11340212821960449,0.16119384765625,0.18451809883117676,0.16884207725524902,0.11138796806335449,0.10887503623962402,0.16898798942565918,0.1782670021057129,0.21488428115844727,0.20076513290405273,0.10910797119140625,0.10944294929504395,0.13253283500671387,0.11049509048461914,0.18295812606811523,0.10861706733703613,0.21426796913146973,0.15991592407226562,0.1371901035308838,0.18585896492004395,0.17260217666625977,0.13239312171936035,0.10924482345581055,0.15331506729125977,0.20464801788330078,0.1789259910583496,0.15668988227844238,0.1109170913696289,0.19597506523132324,0.10817933082580566,0.10982012748718262,0.15971612930297852,0.15143609046936035,0.10948395729064941,0.20522427558898926,0.1704099178314209,0.23923993110656738,0.10809493064880371,0.11225104331970215,0.26964783668518066,0.11196327209472656,0.15836286544799805,0.11035609245300293,0.1698298454284668,0.17086505889892578,0.11032485961914062,0.11052489280700684,0.10825514793395996,0.20753908157348633,0.14798831939697266,0.10875201225280762,0.1681368350982666,0.12355613708496094,0.11066293716430664,0.1974031925201416,0.19099998474121094,0.1468658447265625,0.11089420318603516
BAT	GG2	0.14955782890319824,0.1091921329498291,0.1849982738494873,0.15096592903137207,0.15009784698486328,0.11208319664001465,0.16341590881347656,0.12992405891418457,0.1091468334197998,0.13823986053466797,0.12073087692260742,0.16118812561035156,0.10734391212463379,0.13765501976013184,0.1492311954498291,0.1092519760131836,0.14586186408996582,0.1607518196105957,0.1907038688659668,0.11711907386779785,0.14884209632873535,0.157257080078125,0.10903573036193848,0.11016201972961426,0.11069798469543457,0.12044286727905273,0.10869288444519043,0.10904693603515625,0.107666015625,0.14621591567993164,0.11019492149353027,0.1333920955657959,0.10835480690002441,0.15720820426940918,0.13959312438964844,0.17781591415405273,0.11116600036621094,0.10953092575073242,0.11085700988769531,0.10801982879638672,0.17859697341918945,0.15471315383911133,0.11340212821960449,0.16119384765625,0.18451809883117676,0.16884207725524902,0.11138796806335449,0.10887503623962402,0.16898798942565918,0.1782670021057129,0.21488428115844727,0.20076513290405273,0.10910797119140625,0.10944294929504395,0.13253283500671387,0.11049509048461914,0.18295812606811523,0.10861706733703613,0.21426796913146973,0.15991592407226562,0.1371901035308838,0.18585896492004395,0.17260217666625977,0.13239312171936035,0.10924482345581055,0.15331506729125977,0.20464801788330078,0.1789259910583496,0.15668988227844238,0.1109170913696289,0.19597506523132324,0.10817933082580566,0.10982012748718262,0.15971612930297852,0.15143609046936035,0.10948395729064941,0.20522427558898926,0.1704099178314209,0.23923993110656738,0.10809493064880371,0.11225104331970215,0.26964783668518066,0.11196327209472656,0.15836286544799805,0.11035609245300293,0.1698298454284668,0.17086505889892578,0.11032485961914062,0.11052489280700684,0.10825514793395996,0.20753908157348633,0.14798831939697266,0.10875201225280762,0.1681368350982666,0.12355613708496094,0.11066293716430664,0.1974031925201416,0.19099998474121094,0.1468658447265625,0.11089420318603516
DBLP	GEE	0.001997709274291992,0.0018329620361328125,0.0018286705017089844,0.001811981201171875,0.0018689632415771484,0.0019199848175048828,0.002135038375854492,0.0018999576568603516,0.001847982406616211,0.0018680095672607422,0.0020449161529541016,0.0018367767333984375,0.001882791519165039,0.0018718242645263672,0.0031147003173828125,0.001940011978149414,0.0018723011016845703,0.001867055892944336,0.0018780231475830078,0.0018718242645263672,0.002028942108154297,0.0019028186798095703,0.0018630027770996094,0.0018520355224609375,0.0018858909606933594,0.0018868446350097656,0.001990079879760742,0.002020120620727539,0.001867055892944336,0.0020008087158203125,0.0019459724426269531,0.0018849372863769531,0.0019142627716064453,0.0019807815551757812,0.001953125,0.001837015151977539,0.0019659996032714844,0.001852273941040039,0.0018796920776367188,0.002012968063354492,0.0018799304962158203,0.001856088638305664,0.0019330978393554688,0.0019750595092773438,0.0019452571868896484,0.001837015151977539,0.0018901824951171875,0.0018630027770996094,0.0018723011016845703,0.0018877983093261719,0.001863718032836914,0.001844167709350586,0.0020020008087158203,0.00185394287109375,0.002118825912475586,0.0019309520721435547,0.0018663406372070312,0.0020270347595214844,0.0018658638000488281,0.0019292831420898438,0.002073049545288086,0.001847982406616211,0.00185394287109375,0.0018360614776611328,0.001850128173828125,0.0018701553344726562,0.0019338130950927734,0.0018749237060546875,0.0019440650939941406,0.001936197280883789,0.0018661022186279297,0.0021009445190429688,0.0018129348754882812,0.001909017562866211,0.0020639896392822266,0.0019199848175048828,0.001889944076538086,0.0019211769104003906,0.0018839836120605469,0.001905202865600586,0.001989126205444336,0.002051830291748047,0.0018482208251953125,0.0018749237060546875,0.0018548965454101562,0.0018858909606933594,0.0018811225891113281,0.0019428730010986328,0.0018377304077148438,0.0018858909606933594,0.0018610954284667969,0.001997232437133789,0.0018551349639892578,0.0018780231475830078,0.0018668174743652344,0.0018570423126220703,0.0018470287322998047,0.0018939971923828125,0.0018970966339111328,0.0018801689147949219
DBLP	GNN	0.2470703125,0.31943774223327637,0.36034703254699707,0.2794990539550781,0.29228901863098145,0.3658781051635742,0.24773406982421875,0.3191232681274414,0.29920482635498047,0.2559950351715088,0.2536792755126953,0.3965280055999756,0.2512221336364746,0.2467341423034668,0.37027406692504883,0.22952508926391602,0.28255677223205566,0.2882962226867676,0.3296220302581787,0.23531413078308105,0.2883729934692383,0.2731781005859375,0.2603161334991455,0.24976110458374023,0.25196099281311035,0.35161614418029785,0.2809407711029053,0.29888010025024414,0.273205041885376,0.29245877265930176,0.36602187156677246,0.26360392570495605,0.2996377944946289,0.23671412467956543,0.26638007164001465,0.49706268310546875,0.2994961738586426,0.24723196029663086,0.3009147644042969,0.3499720096588135,0.292125940322876,0.2797272205352783,0.2634718418121338,0.34789299964904785,0.24448394775390625,0.22963500022888184,0.32439517974853516,0.2452230453491211,0.2738611698150635,0.23852896690368652,0.24669790267944336,0.30918002128601074,0.2505478858947754,0.3077530860900879,0.2944309711456299,0.2558257579803467,0.2533838748931885,0.2586398124694824,0.24872970581054688,0.27436375617980957,0.2458329200744629,0.297774076461792,0.28087902069091797,0.27428293228149414,0.35536932945251465,0.30266308784484863,0.25737810134887695,0.24339580535888672,0.27017688751220703,0.29344797134399414,0.3536686897277832,0.31421327590942383,0.22875165939331055,0.2508201599121094,0.4766247272491455,0.22580289840698242,0.2781519889831543,0.27264904975891113,0.2737770080566406,0.22736811637878418,0.2365279197692871,0.2778792381286621,0.2580430507659912,0.23354005813598633,0.30017900466918945,0.23302412033081055,0.3269810676574707,0.2398090362548828,0.23155927658081055,0.258983850479126,0.37523984909057617,0.3250999450683594,0.22815203666687012,0.4687809944152832,0.28055882453918457,0.36362338066101074,0.349107027053833,0.24731898307800293,0.2796170711517334,0.2877991199493408
DBLP	GG	0.2405397891998291,0.42944812774658203,0.2270340919494629,0.24708199501037598,0.22692394256591797,0.25350284576416016,0.5093338489532471,0.43140292167663574,0.2306499481201172,0.22770094871520996,0.3002610206604004,0.23307514190673828,0.24135398864746094,1.0840182304382324,0.24004721641540527,0.33194494247436523,0.31961798667907715,0.5115559101104736,0.5495150089263916,0.32735610008239746,0.22395801544189453,0.6797378063201904,0.22992515563964844,0.3546750545501709,0.22471117973327637,0.2255229949951172,0.24564456939697266,0.6380488872528076,0.24133825302124023,0.2771158218383789,0.23222112655639648,0.24743390083312988,0.4277057647705078,0.27123403549194336,0.41508984565734863,0.24317288398742676,0.28634214401245117,0.23981308937072754,0.32203078269958496,0.3953988552093506,0.23232793807983398,0.24114274978637695,0.4305872917175293,0.2298598289489746,0.22534418106079102,0.24586796760559082,0.4549992084503174,0.22583341598510742,0.31874990463256836,0.22429585456848145,0.24866294860839844,0.6205980777740479,0.22354936599731445,0.38857126235961914,0.22888398170471191,0.22655630111694336,0.3674490451812744,0.22402596473693848,0.3897359371185303,0.30017805099487305,0.2746157646179199,0.2573409080505371,0.3664979934692383,0.2698061466217041,0.22632598876953125,0.32103800773620605,0.2628140449523926,0.22530603408813477,0.22579693794250488,0.2687368392944336,0.5089499950408936,0.23032212257385254,0.225783109664917,0.2456672191619873,0.29566407203674316,0.33035898208618164,0.22682690620422363,0.22641873359680176,0.26728105545043945,0.22454500198364258,0.2261807918548584,0.22559189796447754,0.22841596603393555,0.24636006355285645,0.22375917434692383,0.2470390796661377,0.35369205474853516,0.24811387062072754,0.22902894020080566,0.43303418159484863,0.2395339012145996,0.24559831619262695,0.23006892204284668,0.22919797897338867,0.22547483444213867,0.22417426109313965,0.23842096328735352,0.2484130859375,0.23014378547668457,0.2478501796722412
DBLP	GG2	0.2405397891998291,0.42944812774658203,0.2270340919494629,0.24708199501037598,0.22692394256591797,0.25350284576416016,0.5093338489532471,0.43140292167663574,0.2306499481201172,0.22770094871520996,0.3002610206604004,0.23307514190673828,0.24135398864746094,1.0840182304382324,0.24004721641540527,0.33194494247436523,0.31961798667907715,0.5115559101104736,0.5495150089263916,0.32735610008239746,0.22395801544189453,0.6797378063201904,0.22992515563964844,0.3546750545501709,0.22471117973327637,0.2255229949951172,0.24564456939697266,0.6380488872528076,0.24133825302124023,0.2771158218383789,0.23222112655639648,0.24743390083312988,0.4277057647705078,0.27123403549194336,0.41508984565734863,0.24317288398742676,0.28634214401245117,0.23981308937072754,0.32203078269958496,0.3953988552093506,0.23232793807983398,0.24114274978637695,0.4305872917175293,0.2298598289489746,0.22534418106079102,0.24586796760559082,0.4549992084503174,0.22583341598510742,0.31874990463256836,0.22429585456848145,0.24866294860839844,0.6205980777740479,0.22354936599731445,0.38857126235961914,0.22888398170471191,0.22655630111694336,0.3674490451812744,0.22402596473693848,0.3897359371185303,0.30017805099487305,0.2746157646179199,0.2573409080505371,0.3664979934692383,0.2698061466217041,0.22632598876953125,0.32103800773620605,0.2628140449523926,0.22530603408813477,0.22579693794250488,0.2687368392944336,0.5089499950408936,0.23032212257385254,0.225783109664917,0.2456672191619873,0.29566407203674316,0.33035898208618164,0.22682690620422363,0.22641873359680176,0.26728105545043945,0.22454500198364258,0.2261807918548584,0.22559189796447754,0.22841596603393555,0.24636006355285645,0.22375917434692383,0.2470390796661377,0.35369205474853516,0.24811387062072754,0.22902894020080566,0.43303418159484863,0.2395339012145996,0.24559831619262695,0.23006892204284668,0.22919797897338867,0.22547483444213867,0.22417426109313965,0.23842096328735352,0.2484130859375,0.23014378547668457,0.2478501796722412
EAT	GEE	0.00234222412109375,0.002398967742919922,0.0024127960205078125,0.0026178359985351562,0.0024309158325195312,0.002373218536376953,0.002340078353881836,0.002410888671875,0.002341747283935547,0.0023908615112304688,0.002351045608520508,0.002733945846557617,0.0024139881134033203,0.0027799606323242188,0.0024461746215820312,0.0026688575744628906,0.0024688243865966797,0.0025680065155029297,0.002516031265258789,0.0026841163635253906,0.002710103988647461,0.002593994140625,0.002560138702392578,0.002429962158203125,0.002285003662109375,0.002271890640258789,0.002296924591064453,0.002567768096923828,0.002373933792114258,0.0023081302642822266,0.0023119449615478516,0.002432107925415039,0.0025131702423095703,0.0025186538696289062,0.002526998519897461,0.0024940967559814453,0.002505064010620117,0.0023882389068603516,0.0023407936096191406,0.0026009082794189453,0.002354145050048828,0.002429962158203125,0.0024089813232421875,0.002470254898071289,0.0024912357330322266,0.0023810863494873047,0.002454042434692383,0.0023810863494873047,0.002543926239013672,0.0024199485778808594,0.002401113510131836,0.0025861263275146484,0.0024039745330810547,0.002540111541748047,0.002384185791015625,0.002380847930908203,0.002371072769165039,0.0024292469024658203,0.002331972122192383,0.002546072006225586,0.002335071563720703,0.0024280548095703125,0.002540111541748047,0.0024330615997314453,0.002521991729736328,0.002410888671875,0.0023698806762695312,0.0024340152740478516,0.0023288726806640625,0.0025339126586914062,0.0023751258850097656,0.002371072769165039,0.0023932456970214844,0.0023851394653320312,0.0024912357330322266,0.0023429393768310547,0.002479076385498047,0.0024268627166748047,0.0025331974029541016,0.002550840377807617,0.0023810863494873047,0.0024292469024658203,0.002413034439086914,0.002313375473022461,0.0023479461669921875,0.0024330615997314453,0.0023889541625976562,0.002507925033569336,0.002454042434692383,0.0024881362915039062,0.0023369789123535156,0.0026750564575195312,0.0026459693908691406,0.002344369888305664,0.002544879913330078,0.002431154251098633,0.0023279190063476562,0.0023517608642578125,0.0024361610412597656,0.0025720596313476562
EAT	GNN	0.24159979820251465,0.17641401290893555,0.18114209175109863,0.2006850242614746,0.42081785202026367,0.3463900089263916,0.18723511695861816,0.1997358798980713,0.18093109130859375,0.28929877281188965,0.17665600776672363,0.19016599655151367,1.1616029739379883,0.31699609756469727,0.2066798210144043,0.2579669952392578,0.19079875946044922,0.19323420524597168,0.18312311172485352,0.26702308654785156,0.19960689544677734,0.2762579917907715,0.2198319435119629,0.3233683109283447,0.1797029972076416,0.318666934967041,0.2939610481262207,0.17010903358459473,0.2339479923248291,0.29485583305358887,0.18545770645141602,0.1755828857421875,0.3645339012145996,0.18139100074768066,0.17800331115722656,0.2060389518737793,0.17284393310546875,0.18114399909973145,0.1795198917388916,0.19302821159362793,0.18909025192260742,0.17480182647705078,0.37947797775268555,0.19288396835327148,0.1832120418548584,0.20179462432861328,0.3075580596923828,0.18911123275756836,0.3863191604614258,0.2830352783203125,0.17913413047790527,0.3567471504211426,0.29302406311035156,0.17216897010803223,0.17350196838378906,0.1858658790588379,0.2802739143371582,0.17243480682373047,0.2512171268463135,0.2594261169433594,0.21280503273010254,0.1728839874267578,0.1717081069946289,0.318450927734375,0.19553494453430176,0.183945894241333,0.17951583862304688,0.2685561180114746,0.17516279220581055,0.1744670867919922,0.19736909866333008,0.21787500381469727,0.1945171356201172,0.31252193450927734,0.17749595642089844,0.20780491828918457,0.3280510902404785,0.17695403099060059,0.18218421936035156,0.2521708011627197,0.2763040065765381,0.17377209663391113,0.1849210262298584,0.24138116836547852,0.22712969779968262,0.2760450839996338,0.1708230972290039,0.21809005737304688,0.260775089263916,0.17236804962158203,0.17559218406677246,0.17225003242492676,0.29656410217285156,0.3375270366668701,0.3201868534088135,0.17482399940490723,0.27713775634765625,0.22824597358703613,0.18569588661193848,0.19391393661499023
EAT	GG	0.19883489608764648,0.17680883407592773,0.24616408348083496,0.1733698844909668,0.24818825721740723,0.17838597297668457,0.17536401748657227,0.18244218826293945,0.17616486549377441,0.1759486198425293,0.32195281982421875,0.19185304641723633,0.2242112159729004,0.4080648422241211,0.2603731155395508,0.647942066192627,0.2485640048980713,0.38752293586730957,0.318065881729126,0.20485496520996094,0.28088808059692383,0.18012714385986328,0.18929290771484375,0.2673518657684326,0.21751999855041504,0.28947901725769043,0.1696791648864746,0.1821587085723877,0.34949707984924316,0.18170690536499023,0.31095409393310547,0.2106003761291504,0.18903398513793945,0.2145979404449463,0.18774986267089844,0.17493581771850586,0.17431998252868652,0.17418313026428223,0.16922807693481445,0.24663400650024414,0.1695868968963623,0.19691705703735352,0.4947659969329834,0.20080184936523438,0.26335597038269043,0.3191971778869629,0.185621976852417,0.3385448455810547,0.23302721977233887,0.17244410514831543,0.1754610538482666,0.1883230209350586,0.18326973915100098,0.3012728691101074,0.17176079750061035,0.28682589530944824,0.1742868423461914,0.17344880104064941,0.17292094230651855,0.2330920696258545,0.38294029235839844,0.17052316665649414,0.17322397232055664,0.17341279983520508,0.26212000846862793,0.37415504455566406,0.17925667762756348,0.17791008949279785,0.1887800693511963,0.17363476753234863,0.23725199699401855,0.30315709114074707,0.20033907890319824,0.30920982360839844,0.2010338306427002,0.18248295783996582,0.17988300323486328,0.3548398017883301,0.273906946182251,0.1736600399017334,0.18683171272277832,0.17427706718444824,0.24494123458862305,0.22607731819152832,0.24833989143371582,0.20802903175354004,0.20241975784301758,0.287426233291626,0.17310404777526855,0.19926810264587402,0.1731271743774414,0.23189997673034668,0.19768118858337402,0.2590019702911377,0.17225074768066406,0.21394085884094238,0.28925490379333496,0.17611432075500488,0.17243599891662598,0.17342424392700195
EAT	GG2	0.19883489608764648,0.17680883407592773,0.24616408348083496,0.1733698844909668,0.24818825721740723,0.17838597297668457,0.17536401748657227,0.18244218826293945,0.17616486549377441,0.1759486198425293,0.32195281982421875,0.19185304641723633,0.2242112159729004,0.4080648422241211,0.2603731155395508,0.647942066192627,0.2485640048980713,0.38752293586730957,0.318065881729126,0.20485496520996094,0.28088808059692383,0.18012714385986328,0.18929290771484375,0.2673518657684326,0.21751999855041504,0.28947901725769043,0.1696791648864746,0.1821587085723877,0.34949707984924316,0.18170690536499023,0.31095409393310547,0.2106003761291504,0.18903398513793945,0.2145979404449463,0.18774986267089844,0.17493581771850586,0.17431998252868652,0.17418313026428223,0.16922807693481445,0.24663400650024414,0.1695868968963623,0.19691705703735352,0.4947659969329834,0.20080184936523438,0.26335597038269043,0.3191971778869629,0.185621976852417,0.3385448455810547,0.23302721977233887,0.17244410514831543,0.1754610538482666,0.1883230209350586,0.18326973915100098,0.3012728691101074,0.17176079750061035,0.28682589530944824,0.1742868423461914,0.17344880104064941,0.17292094230651855,0.2330920696258545,0.38294029235839844,0.17052316665649414,0.17322397232055664,0.17341279983520508,0.26212000846862793,0.37415504455566406,0.17925667762756348,0.17791008949279785,0.1887800693511963,0.17363476753234863,0.23725199699401855,0.30315709114074707,0.20033907890319824,0.30920982360839844,0.2010338306427002,0.18248295783996582,0.17988300323486328,0.3548398017883301,0.273906946182251,0.1736600399017334,0.18683171272277832,0.17427706718444824,0.24494123458862305,0.22607731819152832,0.24833989143371582,0.20802903175354004,0.20241975784301758,0.287426233291626,0.17310404777526855,0.19926810264587402,0.1731271743774414,0.23189997673034668,0.19768118858337402,0.2590019702911377,0.17225074768066406,0.21394085884094238,0.28925490379333496,0.17611432075500488,0.17243599891662598,0.17342424392700195
UAT	GEE	0.005256175994873047,0.005052089691162109,0.00518488883972168,0.005012989044189453,0.005197048187255859,0.005259990692138672,0.00521540641784668,0.00528407096862793,0.005333900451660156,0.004998922348022461,0.005518674850463867,0.00564885139465332,0.005410194396972656,0.005164146423339844,0.0050809383392333984,0.005125761032104492,0.005252838134765625,0.0051288604736328125,0.005143165588378906,0.005391120910644531,0.005448818206787109,0.0050601959228515625,0.005286693572998047,0.0051610469818115234,0.005206108093261719,0.005294084548950195,0.005295991897583008,0.00533294677734375,0.005184173583984375,0.005093097686767578,0.005153179168701172,0.005146026611328125,0.005416154861450195,0.005288124084472656,0.005151033401489258,0.005473136901855469,0.005341053009033203,0.00545501708984375,0.005771160125732422,0.005105018615722656,0.00499415397644043,0.0053141117095947266,0.00551915168762207,0.005479097366333008,0.005505084991455078,0.005120038986206055,0.005098104476928711,0.0052013397216796875,0.0052340030670166016,0.005167722702026367,0.005293130874633789,0.006253242492675781,0.005262851715087891,0.005228757858276367,0.005330801010131836,0.005502939224243164,0.005149126052856445,0.005210161209106445,0.0052242279052734375,0.005277872085571289,0.005212068557739258,0.005062103271484375,0.005251169204711914,0.00522923469543457,0.005067110061645508,0.005968809127807617,0.0049591064453125,0.004988908767700195,0.005057096481323242,0.0052678585052490234,0.005276918411254883,0.0051729679107666016,0.005163669586181641,0.005258321762084961,0.005304813385009766,0.0052280426025390625,0.004988908767700195,0.005092144012451172,0.0054438114166259766,0.00516200065612793,0.005465984344482422,0.0052490234375,0.005149126052856445,0.0053250789642333984,0.005769014358520508,0.005074977874755859,0.004961729049682617,0.005260944366455078,0.004985809326171875,0.005238056182861328,0.005095958709716797,0.005110979080200195,0.0051288604736328125,0.005365133285522461,0.005227088928222656,0.005040884017944336,0.005017995834350586,0.005179882049560547,0.005068063735961914,0.005213737487792969
UAT	GNN	0.3051578998565674,0.3315110206604004,0.31191301345825195,0.517413854598999,0.26508593559265137,0.33631181716918945,0.28500819206237793,0.30258989334106445,0.40735793113708496,0.38607192039489746,0.5493948459625244,0.35285234451293945,0.2967970371246338,0.28809404373168945,0.2699429988861084,0.2914729118347168,0.3379478454589844,0.26218390464782715,0.3335540294647217,0.449246883392334,0.30263185501098633,0.372791051864624,0.2640237808227539,0.44687485694885254,0.31279993057250977,0.44977593421936035,0.2686171531677246,0.2714827060699463,0.27335405349731445,0.4797549247741699,0.39014697074890137,0.3722238540649414,0.2611057758331299,0.26210594177246094,0.3527090549468994,0.2946028709411621,0.2811591625213623,0.3953061103820801,0.28769421577453613,0.5214829444885254,0.36097002029418945,0.33034420013427734,0.29004693031311035,1.3649709224700928,0.3737201690673828,0.3079712390899658,0.2824239730834961,0.3126871585845947,0.29343390464782715,0.26810789108276367,0.2764596939086914,0.3148229122161865,0.5148990154266357,0.35639381408691406,0.33487415313720703,0.2781229019165039,0.33408403396606445,0.2878289222717285,0.35628700256347656,0.3740110397338867,0.4184849262237549,0.2609889507293701,0.36081600189208984,0.2621428966522217,0.2601032257080078,0.2814168930053711,0.27924609184265137,0.36895298957824707,0.2781190872192383,0.2860281467437744,0.320281982421875,0.4635920524597168,0.5299408435821533,0.31015586853027344,0.28571295738220215,0.26608705520629883,0.3213961124420166,0.28459906578063965,0.27233314514160156,0.2626640796661377,0.2674980163574219,0.30872201919555664,0.3173210620880127,0.28630685806274414,0.28505706787109375,0.3208651542663574,0.2870960235595703,0.39655327796936035,0.3421168327331543,0.2898099422454834,0.2620248794555664,0.2602860927581787,0.33412694931030273,0.39111995697021484,0.25966310501098633,0.28473496437072754,0.5905890464782715,0.3364889621734619,0.25889110565185547,0.4340391159057617
UAT	GG	0.2713901996612549,0.47356224060058594,0.26494836807250977,0.4700920581817627,0.31281304359436035,0.3636329174041748,0.2620999813079834,0.728356122970581,0.2626500129699707,0.5036749839782715,0.26720523834228516,0.2654902935028076,0.26820874214172363,0.25664210319519043,0.47464799880981445,0.2646169662475586,0.516390323638916,0.2620201110839844,0.2597470283508301,0.261854887008667,0.3082771301269531,0.4440169334411621,0.2870941162109375,0.4964909553527832,0.25949597358703613,0.2956421375274658,0.26085519790649414,0.29070591926574707,0.4499549865722656,0.26791882514953613,0.29363083839416504,0.2664608955383301,0.30788516998291016,0.2585780620574951,0.2924981117248535,0.26236701011657715,0.407275915145874,0.2651069164276123,0.27663111686706543,0.2887439727783203,0.6026182174682617,0.2641730308532715,0.2608828544616699,0.3370051383972168,0.2594008445739746,0.2681748867034912,0.2982959747314453,0.5259199142456055,0.26302266120910645,0.6693751811981201,0.2554469108581543,0.4894559383392334,0.3032817840576172,0.6788032054901123,0.29076385498046875,0.29575610160827637,0.48282909393310547,0.3745768070220947,0.2840690612792969,0.28565502166748047,0.25980401039123535,0.2873380184173584,0.5786569118499756,0.2916989326477051,0.26864004135131836,0.28645873069763184,0.27913904190063477,0.28652501106262207,0.48105502128601074,0.25890398025512695,0.26221704483032227,0.26368093490600586,0.2633688449859619,0.4329040050506592,0.26015806198120117,0.35565614700317383,0.26337599754333496,0.4952051639556885,0.28693580627441406,0.2904932498931885,0.5355536937713623,0.40003180503845215,0.26087212562561035,0.26517510414123535,0.26082801818847656,0.2596139907836914,0.5051000118255615,0.2898519039154053,0.26311612129211426,0.2588160037994385,0.5365948677062988,0.3139808177947998,0.27838802337646484,0.2609851360321045,0.2662038803100586,0.26444506645202637,0.2644829750061035,0.31647205352783203,0.28716397285461426,0.2647271156311035
UAT	GG2	0.2713901996612549,0.47356224060058594,0.26494836807250977,0.4700920581817627,0.31281304359436035,0.3636329174041748,0.2620999813079834,0.728356122970581,0.2626500129699707,0.5036749839782715,0.26720523834228516,0.2654902935028076,0.26820874214172363,0.25664210319519043,0.47464799880981445,0.2646169662475586,0.516390323638916,0.2620201110839844,0.2597470283508301,0.261854887008667,0.3082771301269531,0.4440169334411621,0.2870941162109375,0.4964909553527832,0.25949597358703613,0.2956421375274658,0.26085519790649414,0.29070591926574707,0.4499549865722656,0.26791882514953613,0.29363083839416504,0.2664608955383301,0.30788516998291016,0.2585780620574951,0.2924981117248535,0.26236701011657715,0.407275915145874,0.2651069164276123,0.27663111686706543,0.2887439727783203,0.6026182174682617,0.2641730308532715,0.2608828544616699,0.3370051383972168,0.2594008445739746,0.2681748867034912,0.2982959747314453,0.5259199142456055,0.26302266120910645,0.6693751811981201,0.2554469108581543,0.4894559383392334,0.3032817840576172,0.6788032054901123,0.29076385498046875,0.29575610160827637,0.48282909393310547,0.3745768070220947,0.2840690612792969,0.28565502166748047,0.25980401039123535,0.2873380184173584,0.5786569118499756,0.2916989326477051,0.26864004135131836,0.28645873069763184,0.27913904190063477,0.28652501106262207,0.48105502128601074,0.25890398025512695,0.26221704483032227,0.26368093490600586,0.2633688449859619,0.4329040050506592,0.26015806198120117,0.35565614700317383,0.26337599754333496,0.4952051639556885,0.28693580627441406,0.2904932498931885,0.5355536937713623,0.40003180503845215,0.26087212562561035,0.26517510414123535,0.26082801818847656,0.2596139907836914,0.5051000118255615,0.2898519039154053,0.26311612129211426,0.2588160037994385,0.5365948677062988,0.3139808177947998,0.27838802337646484,0.2609851360321045,0.2662038803100586,0.26444506645202637,0.2644829750061035,0.31647205352783203,0.28716397285461426,0.2647271156311035
Wiki	GEE	0.006986856460571289,0.006453037261962891,0.006359100341796875,0.006978750228881836,0.006573677062988281,0.006602048873901367,0.006989955902099609,0.006457090377807617,0.006507158279418945,0.007122993469238281,0.006418943405151367,0.0066869258880615234,0.006375789642333984,0.006356954574584961,0.00692296028137207,0.006529092788696289,0.006553173065185547,0.006627798080444336,0.006616830825805664,0.006340980529785156,0.006448268890380859,0.006591796875,0.0063838958740234375,0.0063860416412353516,0.007368326187133789,0.006350994110107422,0.006300926208496094,0.00635218620300293,0.006512880325317383,0.006577968597412109,0.0063931941986083984,0.006621837615966797,0.0066301822662353516,0.0063440799713134766,0.0063169002532958984,0.029590845108032227,0.0065119266510009766,0.0073621273040771484,0.006825923919677734,0.00632786750793457,0.006405830383300781,0.006546974182128906,0.006491184234619141,0.006359100341796875,0.006335020065307617,0.006473064422607422,0.0069942474365234375,0.006734132766723633,0.006317138671875,0.006251096725463867,0.006415128707885742,0.00634765625,0.006470918655395508,0.0064849853515625,0.00636601448059082,0.006342887878417969,0.006499767303466797,0.006385326385498047,0.006582021713256836,0.00644993782043457,0.006554126739501953,0.006437063217163086,0.006431102752685547,0.006457090377807617,0.0063250064849853516,0.006390094757080078,0.006390094757080078,0.006825447082519531,0.00646209716796875,0.0063419342041015625,0.006476640701293945,0.006264925003051758,0.006474971771240234,0.0065190792083740234,0.0065648555755615234,0.006542205810546875,0.006432056427001953,0.006701946258544922,0.006986141204833984,0.006368160247802734,0.006474018096923828,0.006363868713378906,0.0066661834716796875,0.006367921829223633,0.006531238555908203,0.006430864334106445,0.006307125091552734,0.006559848785400391,0.006356000900268555,0.006337165832519531,0.006493806838989258,0.0064160823822021484,0.00634002685546875,0.007192134857177734,0.0064280033111572266,0.0064470767974853516,0.006325960159301758,0.006307125091552734,0.006322145462036133,0.006445169448852539
Wiki	GNN	0.7312190532684326,1.5023791790008545,0.9701418876647949,0.5900478363037109,1.2252418994903564,1.420666217803955,0.6275060176849365,0.6967470645904541,0.6399209499359131,1.058732032775879,0.6625378131866455,0.889923095703125,0.5924699306488037,0.7915880680084229,0.8968288898468018,0.6937050819396973,0.6722550392150879,0.9256939888000488,0.568699836730957,1.1159882545471191,0.7675530910491943,0.7546389102935791,0.7305986881256104,0.7090060710906982,0.6906392574310303,0.68808913230896,0.7270877361297607,0.575592041015625,0.6614902019500732,0.5712220668792725,0.5518431663513184,0.5535411834716797,0.6689820289611816,0.8443570137023926,0.5849909782409668,1.2916760444641113,0.5764329433441162,1.0194079875946045,0.6096470355987549,0.6097631454467773,0.8691561222076416,0.6138989925384521,0.6340360641479492,0.8526172637939453,0.6285569667816162,0.7499620914459229,0.5806519985198975,1.1753180027008057,0.541679859161377,0.5095729827880859,0.6728830337524414,1.8026609420776367,0.5384688377380371,0.6370611190795898,0.6775612831115723,0.5375938415527344,0.7616698741912842,0.6111660003662109,0.5450949668884277,0.5989601612091064,0.5765819549560547,0.7003078460693359,0.6058139801025391,0.727471113204956,0.567453145980835,0.6998758316040039,0.6705081462860107,1.0985019207000732,0.7933287620544434,0.688835620880127,0.7328739166259766,0.960319995880127,0.5631999969482422,0.5501620769500732,0.5681338310241699,0.951775074005127,0.9055731296539307,0.6558709144592285,0.6836187839508057,0.819788932800293,0.6323182582855225,0.7122550010681152,0.5709271430969238,0.6024298667907715,1.0725469589233398,0.6005396842956543,0.9458088874816895,1.1713671684265137,0.689924955368042,0.7432551383972168,0.960090160369873,0.5875270366668701,0.5059473514556885,0.7398419380187988,0.6433169841766357,0.5796079635620117,0.6457381248474121,0.7031302452087402,0.5701649188995361,0.72035813331604
Wiki	GG	0.5534918308258057,0.5760140419006348,0.8531279563903809,0.5319240093231201,0.670037031173706,1.0541090965270996,1.3070068359375,0.8556828498840332,1.0899991989135742,0.8266360759735107,0.5003430843353271,0.9333598613739014,0.5596311092376709,0.7058601379394531,0.6239719390869141,0.5238139629364014,0.5284850597381592,0.9078359603881836,0.981266975402832,0.5676531791687012,0.9587457180023193,1.0049288272857666,1.012598991394043,1.4279050827026367,0.6360843181610107,1.140753984451294,0.6754958629608154,0.942101001739502,0.8373630046844482,0.7532799243927002,0.5387740135192871,0.7625830173492432,1.1380789279937744,1.185305118560791,1.529515027999878,1.1460232734680176,1.1331381797790527,0.6999509334564209,1.0405917167663574,0.5763776302337646,0.9810009002685547,0.9992570877075195,0.9892778396606445,0.5782580375671387,0.503342866897583,0.5240938663482666,0.6307592391967773,0.7133660316467285,0.7274091243743896,0.926668643951416,0.5915307998657227,0.7261950969696045,0.7087070941925049,0.7951350212097168,1.219296932220459,0.5516619682312012,0.5427091121673584,0.9331917762756348,0.8620352745056152,0.8882808685302734,0.5014200210571289,0.5107028484344482,0.5174977779388428,0.5256252288818359,0.9732129573822021,1.1233818531036377,0.6921751499176025,0.5749950408935547,1.3123719692230225,0.8269169330596924,0.8593902587890625,0.7320091724395752,0.7011392116546631,0.9127261638641357,0.6972880363464355,0.6883358955383301,0.7972557544708252,2.0578088760375977,1.0227420330047607,1.020434856414795,0.606151819229126,1.231144905090332,0.5360631942749023,0.6199359893798828,0.8372468948364258,0.8174958229064941,0.6172499656677246,0.5361781120300293,0.5420088768005371,0.6427290439605713,0.7805352210998535,0.7201709747314453,1.0595009326934814,0.9086019992828369,0.5404112339019775,0.5304467678070068,0.5285160541534424,1.1934027671813965,0.5597960948944092,0.7490849494934082
Wiki	GG2	0.5534918308258057,0.5760140419006348,0.8531279563903809,0.5319240093231201,0.670037031173706,1.0541090965270996,1.3070068359375,0.8556828498840332,1.0899991989135742,0.8266360759735107,0.5003430843353271,0.9333598613739014,0.5596311092376709,0.7058601379394531,0.6239719390869141,0.5238139629364014,0.5284850597381592,0.9078359603881836,0.981266975402832,0.5676531791687012,0.9587457180023193,1.0049288272857666,1.012598991394043,1.4279050827026367,0.6360843181610107,1.140753984451294,0.6754958629608154,0.942101001739502,0.8373630046844482,0.7532799243927002,0.5387740135192871,0.7625830173492432,1.1380789279937744,1.185305118560791,1.529515027999878,1.1460232734680176,1.1331381797790527,0.6999509334564209,1.0405917167663574,0.5763776302337646,0.9810009002685547,0.9992570877075195,0.9892778396606445,0.5782580375671387,0.503342866897583,0.5240938663482666,0.6307592391967773,0.7133660316467285,0.7274091243743896,0.926668643951416,0.5915307998657227,0.7261950969696045,0.7087070941925049,0.7951350212097168,1.219296932220459,0.5516619682312012,0.5427091121673584,0.9331917762756348,0.8620352745056152,0.8882808685302734,0.5014200210571289,0.5107028484344482,0.5174977779388428,0.5256252288818359,0.9732129573822021,1.1233818531036377,0.6921751499176025,0.5749950408935547,1.3123719692230225,0.8269169330596924,0.8593902587890625,0.7320091724395752,0.7011392116546631,0.9127261638641357,0.6972880363464355,0.6883358955383301,0.7972557544708252,2.0578088760375977,1.0227420330047607,1.020434856414795,0.606151819229126,1.231144905090332,0.5360631942749023,0.6199359893798828,0.8372468948364258,0.8174958229064941,0.6172499656677246,0.5361781120300293,0.5420088768005371,0.6427290439605713,0.7805352210998535,0.7201709747314453,1.0595009326934814,0.9086019992828369,0.5404112339019775,0.5304467678070068,0.5285160541534424,1.1934027671813965,0.5597960948944092,0.7490849494934082
Gene	GEE	0.0008115768432617188,0.0008020401000976562,0.0007791519165039062,0.0007960796356201172,0.0008451938629150391,0.00078582763671875,0.0007779598236083984,0.0007879734039306641,0.0007798671722412109,0.0008709430694580078,0.0007879734039306641,0.0007958412170410156,0.0007810592651367188,0.0008356571197509766,0.0008089542388916016,0.0007801055908203125,0.0009911060333251953,0.0007879734039306641,0.0007951259613037109,0.000820159912109375,0.0007948875427246094,0.0008029937744140625,0.0007839202880859375,0.0007951259613037109,0.0007951259613037109,0.0008540153503417969,0.0008141994476318359,0.0008008480072021484,0.0008037090301513672,0.0008788108825683594,0.0007901191711425781,0.0007948875427246094,0.0008108615875244141,0.0007958412170410156,0.0008189678192138672,0.0008270740509033203,0.0008058547973632812,0.000804901123046875,0.0008068084716796875,0.0007848739624023438,0.0010058879852294922,0.0008032321929931641,0.0007841587066650391,0.0008230209350585938,0.0007729530334472656,0.0008349418640136719,0.0007960796356201172,0.0007920265197753906,0.0007979869842529297,0.0007998943328857422,0.0007860660552978516,0.0008149147033691406,0.0008680820465087891,0.0008068084716796875,0.0008101463317871094,0.0007960796356201172,0.0007879734039306641,0.0008256435394287109,0.0008161067962646484,0.0007970333099365234,0.0008141994476318359,0.0007982254028320312,0.0008249282836914062,0.0007779598236083984,0.0007660388946533203,0.0007941722869873047,0.0008068084716796875,0.0007967948913574219,0.0008120536804199219,0.0007958412170410156,0.0008001327514648438,0.0007960796356201172,0.0009300708770751953,0.0008249282836914062,0.00080108642578125,0.0007948875427246094,0.0008070468902587891,0.0008308887481689453,0.0007989406585693359,0.0008199214935302734,0.0008111000061035156,0.0007798671722412109,0.0008130073547363281,0.0008020401000976562,0.0007827281951904297,0.0008199214935302734,0.0007932186126708984,0.0008060932159423828,0.0008299350738525391,0.0008041858673095703,0.0008077621459960938,0.0008730888366699219,0.0008180141448974609,0.0008420944213867188,0.0008208751678466797,0.0008099079132080078,0.0007970333099365234,0.004443168640136719,0.0008227825164794922,0.0008161067962646484
Gene	GNN	0.13769292831420898,0.1606919765472412,0.16592073440551758,0.22323989868164062,0.16145586967468262,0.19420123100280762,0.14278602600097656,0.2318100929260254,0.16571688652038574,0.24919390678405762,0.1685481071472168,0.13055825233459473,0.13726496696472168,0.1671140193939209,0.12965130805969238,0.13275790214538574,0.15460491180419922,0.14712190628051758,0.13048219680786133,0.2840912342071533,0.1292119026184082,0.12835288047790527,0.1931931972503662,0.17151379585266113,0.1509850025177002,0.1434340476989746,0.17906904220581055,0.16299104690551758,0.13104987144470215,0.22311091423034668,0.1433730125427246,0.1339738368988037,0.22118020057678223,0.14023232460021973,0.13079333305358887,0.1501939296722412,0.1311039924621582,0.19573974609375,0.17394709587097168,0.2272651195526123,0.15210700035095215,0.26986002922058105,0.17322802543640137,0.26012325286865234,0.20392704010009766,0.1456739902496338,0.1309340000152588,0.1364271640777588,0.14470601081848145,0.15995287895202637,0.1899421215057373,0.21436285972595215,0.13724112510681152,0.26750993728637695,0.16584205627441406,0.15980863571166992,0.18707013130187988,0.15118002891540527,0.2816767692565918,0.24301433563232422,0.12818002700805664,0.16023802757263184,0.16959571838378906,0.16678309440612793,0.14548587799072266,0.1282508373260498,0.2428879737854004,0.21326303482055664,0.12796306610107422,0.14887022972106934,0.23095488548278809,0.15047574043273926,0.12950921058654785,0.15303397178649902,0.18185806274414062,0.13344883918762207,0.13072991371154785,0.1717700958251953,0.13013792037963867,0.15580391883850098,0.17346787452697754,0.17175507545471191,0.12873601913452148,0.16341114044189453,0.24901890754699707,0.1555461883544922,0.12749910354614258,0.21860098838806152,0.1385946273803711,0.202836275100708,0.2730231285095215,0.15729784965515137,0.1298809051513672,0.13431286811828613,0.13330793380737305,0.2503089904785156,0.14515304565429688,0.1507101058959961,0.1258687973022461,0.14647912979125977
Gene	GG	0.1607801914215088,0.14312386512756348,0.13100790977478027,0.1453721523284912,0.13041996955871582,0.1299879550933838,0.12808012962341309,0.18582820892333984,0.13620209693908691,0.12816500663757324,0.13084697723388672,0.1285572052001953,0.12672090530395508,0.13101911544799805,0.12771034240722656,0.13010621070861816,0.13019895553588867,0.12795281410217285,0.12922215461730957,0.1292591094970703,0.13222193717956543,0.14654302597045898,0.13066315650939941,0.13438916206359863,0.13317394256591797,0.13220500946044922,0.23385190963745117,0.1276259422302246,0.12873220443725586,0.13683199882507324,0.1307511329650879,0.13373422622680664,0.13036012649536133,0.13184189796447754,0.1286458969116211,0.12840509414672852,0.130842924118042,0.13216876983642578,0.13117408752441406,0.12823820114135742,0.13135218620300293,0.13068389892578125,0.13807272911071777,0.12756896018981934,0.15348505973815918,0.12747502326965332,0.1295180320739746,0.15302395820617676,0.21772384643554688,0.12651991844177246,0.160966157913208,0.13803815841674805,0.13105297088623047,0.13073205947875977,0.15006089210510254,0.13034915924072266,0.1272599697113037,0.1406569480895996,0.13283681869506836,0.1299283504486084,0.14601612091064453,0.1298661231994629,0.15431594848632812,0.1272420883178711,0.1513080596923828,0.14220595359802246,0.13170504570007324,0.1309819221496582,0.16411995887756348,0.1266312599182129,0.14241695404052734,0.1303722858428955,0.1531381607055664,0.12751388549804688,0.13092398643493652,0.15486478805541992,0.12723398208618164,0.14118289947509766,0.15097594261169434,0.13110709190368652,0.13123488426208496,0.13158822059631348,0.13054704666137695,0.12827396392822266,0.13935422897338867,0.12926530838012695,0.15445804595947266,0.13969206809997559,0.13248109817504883,0.13126897811889648,0.13559198379516602,0.15199899673461914,0.12731099128723145,0.13041400909423828,0.17239975929260254,0.13018393516540527,0.893991231918335,0.14482498168945312,0.249039888381958,0.13596296310424805
Gene	GG2	0.1607801914215088,0.14312386512756348,0.13100790977478027,0.1453721523284912,0.13041996955871582,0.1299879550933838,0.12808012962341309,0.18582820892333984,0.13620209693908691,0.12816500663757324,0.13084697723388672,0.1285572052001953,0.12672090530395508,0.13101911544799805,0.12771034240722656,0.13010621070861816,0.13019895553588867,0.12795281410217285,0.12922215461730957,0.1292591094970703,0.13222193717956543,0.14654302597045898,0.13066315650939941,0.13438916206359863,0.13317394256591797,0.13220500946044922,0.23385190963745117,0.1276259422302246,0.12873220443725586,0.13683199882507324,0.1307511329650879,0.13373422622680664,0.13036012649536133,0.13184189796447754,0.1286458969116211,0.12840509414672852,0.130842924118042,0.13216876983642578,0.13117408752441406,0.12823820114135742,0.13135218620300293,0.13068389892578125,0.13807272911071777,0.12756896018981934,0.15348505973815918,0.12747502326965332,0.1295180320739746,0.15302395820617676,0.21772384643554688,0.12651991844177246,0.160966157913208,0.13803815841674805,0.13105297088623047,0.13073205947875977,0.15006089210510254,0.13034915924072266,0.1272599697113037,0.1406569480895996,0.13283681869506836,0.1299283504486084,0.14601612091064453,0.1298661231994629,0.15431594848632812,0.1272420883178711,0.1513080596923828,0.14220595359802246,0.13170504570007324,0.1309819221496582,0.16411995887756348,0.1266312599182129,0.14241695404052734,0.1303722858428955,0.1531381607055664,0.12751388549804688,0.13092398643493652,0.15486478805541992,0.12723398208618164,0.14118289947509766,0.15097594261169434,0.13110709190368652,0.13123488426208496,0.13158822059631348,0.13054704666137695,0.12827396392822266,0.13935422897338867,0.12926530838012695,0.15445804595947266,0.13969206809997559,0.13248109817504883,0.13126897811889648,0.13559198379516602,0.15199899673461914,0.12731099128723145,0.13041400909423828,0.17239975929260254,0.13018393516540527,0.893991231918335,0.14482498168945312,0.249039888381958,0.13596296310424805
IIP	GEE	0.00033283233642578125,0.0003247261047363281,0.0002980232238769531,0.00030422210693359375,0.0003361701965332031,0.000354766845703125,0.0003178119659423828,0.00029397010803222656,0.00030303001403808594,0.000308990478515625,0.00033092498779296875,0.0003299713134765625,0.0002923011779785156,0.00029206275939941406,0.00030684471130371094,0.0002970695495605469,0.000293731689453125,0.0003190040588378906,0.0003402233123779297,0.0003020763397216797,0.0002961158752441406,0.0003230571746826172,0.0002999305725097656,0.0002930164337158203,0.00030803680419921875,0.0003101825714111328,0.0002989768981933594,0.0003120899200439453,0.000293731689453125,0.0003190040588378906,0.00029587745666503906,0.0002989768981933594,0.0002980232238769531,0.00030303001403808594,0.000347137451171875,0.0003039836883544922,0.0002999305725097656,0.0002980232238769531,0.0003180503845214844,0.0003502368927001953,0.00031828880310058594,0.0002899169921875,0.0002942085266113281,0.0002951622009277344,0.0002911090850830078,0.0002980232238769531,0.00030684471130371094,0.0002970695495605469,0.0003020763397216797,0.00030112266540527344,0.0003459453582763672,0.0003027915954589844,0.00032806396484375,0.0003037452697753906,0.00030112266540527344,0.0003008842468261719,0.00029277801513671875,0.0003330707550048828,0.00030994415283203125,0.00029730796813964844,0.00030994415283203125,0.00029015541076660156,0.0002930164337158203,0.0003020763397216797,0.00030612945556640625,0.00029206275939941406,0.0002999305725097656,0.00031113624572753906,0.0002949237823486328,0.0003020763397216797,0.00029587745666503906,0.0002999305725097656,0.00030517578125,0.0003180503845214844,0.00030112266540527344,0.0002932548522949219,0.0002989768981933594,0.0002942085266113281,0.00029206275939941406,0.00036787986755371094,0.0003032684326171875,0.00028896331787109375,0.0002980232238769531,0.00030803680419921875,0.0002930164337158203,0.0003330707550048828,0.00028705596923828125,0.0003020763397216797,0.0002999305725097656,0.0003008842468261719,0.000331878662109375,0.00030422210693359375,0.0002980232238769531,0.0002968311309814453,0.0003058910369873047,0.0003299713134765625,0.0003039836883544922,0.00030493736267089844,0.0003199577331542969,0.00028896331787109375
IIP	GNN	0.21899008750915527,0.16391611099243164,0.1422109603881836,0.14006924629211426,0.1129000186920166,0.10706591606140137,0.11839890480041504,0.10204100608825684,0.10591006278991699,0.11877989768981934,0.12008190155029297,0.117919921875,0.10508894920349121,0.13634014129638672,0.1153421401977539,0.10625481605529785,0.1085519790649414,0.12095189094543457,0.11321711540222168,0.10230708122253418,0.10458803176879883,0.1109161376953125,0.12869596481323242,0.11278915405273438,0.14298510551452637,0.10813021659851074,0.11436796188354492,0.2629108428955078,0.10351824760437012,0.10449004173278809,0.11041522026062012,0.12260007858276367,0.13696002960205078,0.11007881164550781,0.13628697395324707,0.15128612518310547,0.1338968276977539,0.13050508499145508,0.13045382499694824,0.1108710765838623,0.17932796478271484,0.10630178451538086,0.10838603973388672,0.10700201988220215,0.14686226844787598,0.19151902198791504,0.11042499542236328,0.1656479835510254,0.1696770191192627,0.10851693153381348,0.14563894271850586,0.13139605522155762,0.11882805824279785,0.1460421085357666,0.12564420700073242,0.10944819450378418,0.12550783157348633,0.10830998420715332,0.10326886177062988,0.10420727729797363,0.22888493537902832,0.10815620422363281,0.10141992568969727,0.10202169418334961,0.11991190910339355,0.10719084739685059,0.14161205291748047,0.12478899955749512,0.14721989631652832,0.1029350757598877,0.11937594413757324,0.11399722099304199,0.1714942455291748,0.1304781436920166,0.11507487297058105,0.11568903923034668,0.12392711639404297,0.10786318778991699,0.12322592735290527,0.1606578826904297,0.10381102561950684,0.13179492950439453,0.11926078796386719,0.11496973037719727,0.10343599319458008,0.12090492248535156,0.10807490348815918,0.10597705841064453,0.12523698806762695,0.10302400588989258,0.1039121150970459,0.10684704780578613,0.1174767017364502,0.11587095260620117,0.139268159866333,0.10880589485168457,0.10391092300415039,0.1178748607635498,0.13877010345458984,0.11275768280029297
IIP	GG	0.12598299980163574,0.11208295822143555,0.11259913444519043,0.10801386833190918,0.10995697975158691,0.11862659454345703,0.13306188583374023,0.19997096061706543,0.10342812538146973,0.11433100700378418,0.10751605033874512,0.14652490615844727,0.10434889793395996,0.10638213157653809,0.10335206985473633,0.10910677909851074,0.10223603248596191,0.10532307624816895,0.1193239688873291,0.10758304595947266,0.12221407890319824,0.10758399963378906,0.10346794128417969,0.10725188255310059,0.10253310203552246,0.17777514457702637,0.11801290512084961,0.1065821647644043,0.16190099716186523,0.11768603324890137,0.1257460117340088,0.10296964645385742,0.10383296012878418,0.1045377254486084,0.11845207214355469,0.10505509376525879,0.10356593132019043,0.10982608795166016,0.10750222206115723,0.10642623901367188,0.1473541259765625,0.11498212814331055,0.10371708869934082,0.10349488258361816,0.18332171440124512,0.10319113731384277,0.10312604904174805,0.17215204238891602,0.10351896286010742,0.11680006980895996,0.1093451976776123,0.12216925621032715,0.11608099937438965,0.18606114387512207,0.1933431625366211,0.1047368049621582,0.11628174781799316,0.10520696640014648,0.10769796371459961,0.10637903213500977,0.1031949520111084,0.19574904441833496,0.10804295539855957,0.15642189979553223,0.10309290885925293,0.10260200500488281,0.10304021835327148,0.10615992546081543,0.10850405693054199,0.10744881629943848,0.10540509223937988,0.10242319107055664,0.12374186515808105,0.10437893867492676,0.178969144821167,0.10390710830688477,0.1091458797454834,0.10298705101013184,0.10446906089782715,0.12290096282958984,0.11557221412658691,0.10148215293884277,0.2193470001220703,0.1255190372467041,0.12941503524780273,0.10299801826477051,0.10275411605834961,0.10340404510498047,0.15483307838439941,0.11736822128295898,0.1838369369506836,0.1028590202331543,0.10311412811279297,0.10391092300415039,0.10891485214233398,0.10739612579345703,0.11319518089294434,0.13321709632873535,0.10343813896179199,0.18467283248901367
IIP	GG2	0.12598299980163574,0.11208295822143555,0.11259913444519043,0.10801386833190918,0.10995697975158691,0.11862659454345703,0.13306188583374023,0.19997096061706543,0.10342812538146973,0.11433100700378418,0.10751605033874512,0.14652490615844727,0.10434889793395996,0.10638213157653809,0.10335206985473633,0.10910677909851074,0.10223603248596191,0.10532307624816895,0.1193239688873291,0.10758304595947266,0.12221407890319824,0.10758399963378906,0.10346794128417969,0.10725188255310059,0.10253310203552246,0.17777514457702637,0.11801290512084961,0.1065821647644043,0.16190099716186523,0.11768603324890137,0.1257460117340088,0.10296964645385742,0.10383296012878418,0.1045377254486084,0.11845207214355469,0.10505509376525879,0.10356593132019043,0.10982608795166016,0.10750222206115723,0.10642623901367188,0.1473541259765625,0.11498212814331055,0.10371708869934082,0.10349488258361816,0.18332171440124512,0.10319113731384277,0.10312604904174805,0.17215204238891602,0.10351896286010742,0.11680006980895996,0.1093451976776123,0.12216925621032715,0.11608099937438965,0.18606114387512207,0.1933431625366211,0.1047368049621582,0.11628174781799316,0.10520696640014648,0.10769796371459961,0.10637903213500977,0.1031949520111084,0.19574904441833496,0.10804295539855957,0.15642189979553223,0.10309290885925293,0.10260200500488281,0.10304021835327148,0.10615992546081543,0.10850405693054199,0.10744881629943848,0.10540509223937988,0.10242319107055664,0.12374186515808105,0.10437893867492676,0.178969144821167,0.10390710830688477,0.1091458797454834,0.10298705101013184,0.10446906089782715,0.12290096282958984,0.11557221412658691,0.10148215293884277,0.2193470001220703,0.1255190372467041,0.12941503524780273,0.10299801826477051,0.10275411605834961,0.10340404510498047,0.15483307838439941,0.11736822128295898,0.1838369369506836,0.1028590202331543,0.10311412811279297,0.10391092300415039,0.10891485214233398,0.10739612579345703,0.11319518089294434,0.13321709632873535,0.10343813896179199,0.18467283248901367
lastfm	GEE	0.011574029922485352,0.012459993362426758,0.011459112167358398,0.011719226837158203,0.011421918869018555,0.01169896125793457,0.011831045150756836,0.011767864227294922,0.011633872985839844,0.011799097061157227,0.011545181274414062,0.011775016784667969,0.013306140899658203,0.012748956680297852,0.011513948440551758,0.011419057846069336,0.011697053909301758,0.011991024017333984,0.012515068054199219,0.01196908950805664,0.011883735656738281,0.01158905029296875,0.01147913932800293,0.012544870376586914,0.01174020767211914,0.011928081512451172,0.011827945709228516,0.011979103088378906,0.011641979217529297,0.011862993240356445,0.013576269149780273,0.011703014373779297,0.011642217636108398,0.011739969253540039,0.011607170104980469,0.011636018753051758,0.011573076248168945,0.011752128601074219,0.012963056564331055,0.017019033432006836,0.011742353439331055,0.011736869812011719,0.011577129364013672,0.011695146560668945,0.01152801513671875,0.01155400276184082,0.011876106262207031,0.011648178100585938,0.013090133666992188,0.011705875396728516,0.011986970901489258,0.011765003204345703,0.011585235595703125,0.011496305465698242,0.011806011199951172,0.011810064315795898,0.011591911315917969,0.012660026550292969,0.012086153030395508,0.011442899703979492,0.01270914077758789,0.011495113372802734,0.011738061904907227,0.013160943984985352,0.011281013488769531,0.011594057083129883,0.012619972229003906,0.011966228485107422,0.012142181396484375,0.01155400276184082,0.011420965194702148,0.011279106140136719,0.011463165283203125,0.012158870697021484,0.011800050735473633,0.013106346130371094,0.011837005615234375,0.011239051818847656,0.011478185653686523,0.0113677978515625,0.011586904525756836,0.01202392578125,0.011850833892822266,0.011896848678588867,0.018882036209106445,0.014490127563476562,0.011633157730102539,0.01192617416381836,0.012173652648925781,0.011848926544189453,0.011924028396606445,0.011912345886230469,0.011691093444824219,0.012092828750610352,0.011456012725830078,0.011904001235961914,0.011693954467773438,0.011706113815307617,0.013408899307250977,0.012969017028808594
lastfm	GNN	1.8909289836883545,2.038712978363037,1.2117130756378174,1.199767827987671,1.1582410335540771,1.2299089431762695,1.6469800472259521,3.375530958175659,2.630845069885254,1.1337180137634277,1.3137319087982178,1.1650679111480713,2.9945199489593506,2.229757785797119,2.3414857387542725,1.2815470695495605,1.59964919090271,1.9046320915222168,1.8637809753417969,1.500702142715454,1.9185268878936768,1.3557538986206055,1.664612054824829,1.1757371425628662,1.2508533000946045,1.2900660037994385,1.3013319969177246,1.355259895324707,2.0421741008758545,2.2019550800323486,1.563079833984375,1.5519239902496338,1.6761341094970703,1.811702013015747,1.6774020195007324,1.900017261505127,1.18709397315979,1.6694159507751465,1.9432950019836426,1.3531908988952637,1.4373879432678223,1.5074710845947266,1.7347280979156494,1.6276917457580566,1.4320738315582275,1.5324211120605469,1.2479798793792725,2.2849771976470947,1.462656021118164,1.1746013164520264,1.6668918132781982,2.5894620418548584,1.1852216720581055,1.3202800750732422,1.638667106628418,1.3061821460723877,1.160965919494629,1.505417823791504,1.9570791721343994,2.393454074859619,1.9002251625061035,1.1811838150024414,1.331355094909668,1.7919871807098389,1.2582008838653564,2.2267048358917236,1.443678379058838,1.5094079971313477,1.7733120918273926,1.264970064163208,1.3327159881591797,1.9045262336730957,1.3722679615020752,1.4215850830078125,1.2846119403839111,2.7947709560394287,1.4862759113311768,1.6883587837219238,1.4066400527954102,1.2614409923553467,1.3215439319610596,1.688072919845581,2.181288003921509,2.3867979049682617,3.503565788269043,1.6206841468811035,1.958308219909668,1.7399742603302002,1.3168740272521973,1.3847370147705078,2.2056357860565186,1.527005910873413,1.6623430252075195,1.273277997970581,1.3603041172027588,1.3973021507263184,1.6094720363616943,1.3862888813018799,1.4422531127929688,2.000203847885132
lastfm	GG	2.8882200717926025,1.7858309745788574,1.8759129047393799,2.4007790088653564,2.1674087047576904,2.2520720958709717,2.7174813747406006,1.7586579322814941,2.842313051223755,2.290801763534546,1.873203992843628,2.265291929244995,2.3295390605926514,1.7879319190979004,2.1875879764556885,1.5939042568206787,1.9624018669128418,1.9761402606964111,1.8820056915283203,2.3176498413085938,1.976623773574829,1.8263909816741943,1.9396839141845703,3.3933510780334473,1.947436809539795,2.7263972759246826,2.2172160148620605,2.3341710567474365,1.867414951324463,2.355010747909546,2.382668972015381,1.4898080825805664,1.8239691257476807,2.59263014793396,2.0823659896850586,1.724546194076538,3.249147891998291,2.2390458583831787,3.430387020111084,2.2779319286346436,2.1789939403533936,2.1503357887268066,1.8850789070129395,2.525084972381592,2.3171489238739014,2.6435599327087402,2.1119112968444824,2.170103073120117,1.6239299774169922,2.05776309967041,2.919116973876953,1.7427198886871338,1.468339204788208,2.05310320854187,2.792224168777466,2.065973997116089,1.4245169162750244,1.6140358448028564,1.9735310077667236,2.969325065612793,2.433281183242798,2.0314128398895264,2.1517791748046875,2.5265190601348877,2.809352159500122,3.87601900100708,2.028455972671509,1.9741389751434326,2.5982351303100586,1.821904182434082,2.077462911605835,2.965979814529419,1.650743007659912,2.137248992919922,2.2039570808410645,2.088162660598755,2.586750030517578,2.5467309951782227,1.9034957885742188,2.3996198177337646,2.5153090953826904,1.9430408477783203,1.9724931716918945,3.696775197982788,7.877119064331055,2.3213138580322266,2.8972647190093994,1.7698962688446045,3.3598339557647705,2.551520824432373,2.8852949142456055,2.8506510257720947,2.7987759113311768,1.9532828330993652,2.043576955795288,1.8641860485076904,2.3464860916137695,2.2850921154022217,1.9120779037475586,2.4637229442596436
lastfm	GG2	2.8882200717926025,1.7858309745788574,1.8759129047393799,2.4007790088653564,2.1674087047576904,2.2520720958709717,2.7174813747406006,1.7586579322814941,2.842313051223755,2.290801763534546,1.873203992843628,2.265291929244995,2.3295390605926514,1.7879319190979004,2.1875879764556885,1.5939042568206787,1.9624018669128418,1.9761402606964111,1.8820056915283203,2.3176498413085938,1.976623773574829,1.8263909816741943,1.9396839141845703,3.3933510780334473,1.947436809539795,2.7263972759246826,2.2172160148620605,2.3341710567474365,1.867414951324463,2.355010747909546,2.382668972015381,1.4898080825805664,1.8239691257476807,2.59263014793396,2.0823659896850586,1.724546194076538,3.249147891998291,2.2390458583831787,3.430387020111084,2.2779319286346436,2.1789939403533936,2.1503357887268066,1.8850789070129395,2.525084972381592,2.3171489238739014,2.6435599327087402,2.1119112968444824,2.170103073120117,1.6239299774169922,2.05776309967041,2.919116973876953,1.7427198886871338,1.468339204788208,2.05310320854187,2.792224168777466,2.065973997116089,1.4245169162750244,1.6140358448028564,1.9735310077667236,2.969325065612793,2.433281183242798,2.0314128398895264,2.1517791748046875,2.5265190601348877,2.809352159500122,3.87601900100708,2.028455972671509,1.9741389751434326,2.5982351303100586,1.821904182434082,2.077462911605835,2.965979814529419,1.650743007659912,2.137248992919922,2.2039570808410645,2.088162660598755,2.586750030517578,2.5467309951782227,1.9034957885742188,2.3996198177337646,2.5153090953826904,1.9430408477783203,1.9724931716918945,3.696775197982788,7.877119064331055,2.3213138580322266,2.8972647190093994,1.7698962688446045,3.3598339557647705,2.551520824432373,2.8852949142456055,2.8506510257720947,2.7987759113311768,1.9532828330993652,2.043576955795288,1.8641860485076904,2.3464860916137695,2.2850921154022217,1.9120779037475586,2.4637229442596436
polblogs	GEE	0.007238149642944336,0.006251096725463867,0.006099224090576172,0.006397247314453125,0.0065190792083740234,0.006139993667602539,0.0063359737396240234,0.00651860237121582,0.006541013717651367,0.006555080413818359,0.006319999694824219,0.006083011627197266,0.0067119598388671875,0.0064697265625,0.00642704963684082,0.006717205047607422,0.006267070770263672,0.0061838626861572266,0.00632786750793457,0.006371974945068359,0.0063228607177734375,0.0060808658599853516,0.0061969757080078125,0.006075143814086914,0.00621795654296875,0.006465911865234375,0.0064449310302734375,0.006025791168212891,0.0062122344970703125,0.00637507438659668,0.006258964538574219,0.006208896636962891,0.006275177001953125,0.006597042083740234,0.006558895111083984,0.006044149398803711,0.006773948669433594,0.006753206253051758,0.005990028381347656,0.006168842315673828,0.006788969039916992,0.006533145904541016,0.006016969680786133,0.007154226303100586,0.0065860748291015625,0.006523847579956055,0.0063018798828125,0.006455183029174805,0.00609588623046875,0.006484031677246094,0.006439924240112305,0.00616002082824707,0.0064890384674072266,0.006505012512207031,0.006254911422729492,0.006433010101318359,0.0062253475189208984,0.006020069122314453,0.006317615509033203,0.006489276885986328,0.006072044372558594,0.006222963333129883,0.006248950958251953,0.006131887435913086,0.00625920295715332,0.006367206573486328,0.005995035171508789,0.006384134292602539,0.006653785705566406,0.006321907043457031,0.006079912185668945,0.0061609745025634766,0.0064508914947509766,0.0062160491943359375,0.006544828414916992,0.006224870681762695,0.0062673091888427734,0.006255149841308594,0.006143808364868164,0.006063222885131836,0.0064356327056884766,0.0068547725677490234,0.006208896636962891,0.006368875503540039,0.006340980529785156,0.006124973297119141,0.006475925445556641,0.006237983703613281,0.0067157745361328125,0.00700688362121582,0.0069580078125,0.006634950637817383,0.006971120834350586,0.006944894790649414,0.007106781005859375,0.006572723388671875,0.0066492557525634766,0.006967067718505859,0.006172895431518555,0.0070209503173828125
polblogs	GNN	0.3797760009765625,0.3707010746002197,0.42743396759033203,0.4802420139312744,0.3861820697784424,0.6113660335540771,0.46416807174682617,0.36704182624816895,0.36722898483276367,0.4631531238555908,0.3704960346221924,0.28902602195739746,0.39478611946105957,0.3360722064971924,0.38402485847473145,0.35562968254089355,0.3990638256072998,0.5044558048248291,0.4277629852294922,0.6352400779724121,0.40441083908081055,0.29598093032836914,0.33112001419067383,0.3045809268951416,0.3053140640258789,0.31650614738464355,0.2900657653808594,0.3209681510925293,0.31422996520996094,0.2825460433959961,0.5593528747558594,0.29310011863708496,0.3100428581237793,0.3278639316558838,0.5673837661743164,0.3128669261932373,0.4951968193054199,0.5188071727752686,0.3811917304992676,0.49034595489501953,0.2943689823150635,0.4865250587463379,0.27918076515197754,0.35625696182250977,0.32801294326782227,0.34412693977355957,0.3068821430206299,0.32624292373657227,0.5016031265258789,0.5682439804077148,0.28670477867126465,0.2627861499786377,0.3095860481262207,0.4130890369415283,0.2572159767150879,0.37368297576904297,0.37791919708251953,0.2772800922393799,0.3623659610748291,0.3896150588989258,0.2967360019683838,0.26853203773498535,0.35571718215942383,0.33115530014038086,0.4098658561706543,0.2931649684906006,0.2858860492706299,0.3471379280090332,0.2861979007720947,0.6003310680389404,0.36762404441833496,0.39795708656311035,0.3042140007019043,0.44149112701416016,0.3374671936035156,0.5065410137176514,0.3354489803314209,0.5552189350128174,0.3588287830352783,0.3256692886352539,0.30424022674560547,0.38227200508117676,0.4963710308074951,0.3325467109680176,0.5478432178497314,0.4322018623352051,0.415755033493042,0.41164088249206543,0.3333570957183838,0.2978370189666748,0.2554750442504883,0.4517800807952881,0.2580242156982422,0.5452718734741211,0.28376102447509766,0.31045103073120117,0.3135669231414795,0.5019490718841553,0.30181097984313965,0.5472190380096436
polblogs	GG	0.3167569637298584,0.30784177780151367,0.2745809555053711,0.4751567840576172,0.2572591304779053,0.29813098907470703,0.30402374267578125,0.27747201919555664,0.28374695777893066,0.2569007873535156,0.2546348571777344,0.2749960422515869,0.25647521018981934,0.26067423820495605,0.26653003692626953,0.263228178024292,0.2721121311187744,0.6533308029174805,0.704998254776001,0.25606822967529297,0.26506495475769043,0.43221235275268555,0.2546100616455078,0.3773629665374756,0.2640690803527832,0.37598514556884766,0.2915530204772949,0.3331279754638672,0.2890481948852539,0.2847568988800049,0.2789456844329834,0.2560272216796875,0.3016700744628906,0.2610130310058594,0.26077914237976074,0.5862820148468018,0.26322007179260254,0.2795388698577881,0.2581477165222168,0.28361082077026367,0.28162312507629395,0.25417494773864746,0.44565892219543457,0.2787320613861084,0.2677419185638428,0.285081148147583,0.28423094749450684,0.28788089752197266,0.2956862449645996,0.28829002380371094,0.2726469039916992,0.3123817443847656,0.2996993064880371,0.3084838390350342,0.43230199813842773,0.28853297233581543,0.3474256992340088,0.5573830604553223,0.6561040878295898,0.30169010162353516,0.30683326721191406,0.3220939636230469,0.3084590435028076,0.5017569065093994,0.2858610153198242,0.2769489288330078,0.27219104766845703,0.2776799201965332,0.2606170177459717,0.3484489917755127,0.288848876953125,0.5492880344390869,0.2683889865875244,0.26917099952697754,0.3762359619140625,0.309323787689209,0.3040339946746826,0.2689018249511719,0.3143901824951172,0.29437899589538574,0.26131606101989746,0.2891228199005127,0.2686929702758789,0.2617471218109131,0.25599098205566406,0.287365198135376,0.26212286949157715,0.4808330535888672,0.36243200302124023,0.46805405616760254,0.24546527862548828,0.28215885162353516,0.24964213371276855,0.376676082611084,0.26970696449279785,0.2705869674682617,0.27245616912841797,0.28632307052612305,0.5823459625244141,0.2871527671813965
polblogs	GG2	0.3167569637298584,0.30784177780151367,0.2745809555053711,0.4751567840576172,0.2572591304779053,0.29813098907470703,0.30402374267578125,0.27747201919555664,0.28374695777893066,0.2569007873535156,0.2546348571777344,0.2749960422515869,0.25647521018981934,0.26067423820495605,0.26653003692626953,0.263228178024292,0.2721121311187744,0.6533308029174805,0.704998254776001,0.25606822967529297,0.26506495475769043,0.43221235275268555,0.2546100616455078,0.3773629665374756,0.2640690803527832,0.37598514556884766,0.2915530204772949,0.3331279754638672,0.2890481948852539,0.2847568988800049,0.2789456844329834,0.2560272216796875,0.3016700744628906,0.2610130310058594,0.26077914237976074,0.5862820148468018,0.26322007179260254,0.2795388698577881,0.2581477165222168,0.28361082077026367,0.28162312507629395,0.25417494773864746,0.44565892219543457,0.2787320613861084,0.2677419185638428,0.285081148147583,0.28423094749450684,0.28788089752197266,0.2956862449645996,0.28829002380371094,0.2726469039916992,0.3123817443847656,0.2996993064880371,0.3084838390350342,0.43230199813842773,0.28853297233581543,0.3474256992340088,0.5573830604553223,0.6561040878295898,0.30169010162353516,0.30683326721191406,0.3220939636230469,0.3084590435028076,0.5017569065093994,0.2858610153198242,0.2769489288330078,0.27219104766845703,0.2776799201965332,0.2606170177459717,0.3484489917755127,0.288848876953125,0.5492880344390869,0.2683889865875244,0.26917099952697754,0.3762359619140625,0.309323787689209,0.3040339946746826,0.2689018249511719,0.3143901824951172,0.29437899589538574,0.26131606101989746,0.2891228199005127,0.2686929702758789,0.2617471218109131,0.25599098205566406,0.287365198135376,0.26212286949157715,0.4808330535888672,0.36243200302124023,0.46805405616760254,0.24546527862548828,0.28215885162353516,0.24964213371276855,0.376676082611084,0.26970696449279785,0.2705869674682617,0.27245616912841797,0.28632307052612305,0.5823459625244141,0.2871527671813965
TerroristRel	GEE	0.0037620067596435547,0.0035262107849121094,0.0032808780670166016,0.003325939178466797,0.003370046615600586,0.003304004669189453,0.0033550262451171875,0.003921985626220703,0.003367185592651367,0.003323078155517578,0.003298044204711914,0.003342866897583008,0.0032782554626464844,0.0036149024963378906,0.0038537979125976562,0.003309011459350586,0.0033152103424072266,0.0033369064331054688,0.0033380985260009766,0.003480672836303711,0.003354310989379883,0.0033049583435058594,0.003618955612182617,0.0034401416778564453,0.003317117691040039,0.0034542083740234375,0.0033249855041503906,0.0032820701599121094,0.003345966339111328,0.0033102035522460938,0.003471851348876953,0.0034177303314208984,0.0033342838287353516,0.003448963165283203,0.0037119388580322266,0.003416776657104492,0.003353118896484375,0.003699064254760742,0.003340005874633789,0.0035400390625,0.0034570693969726562,0.0034520626068115234,0.0033159255981445312,0.0038149356842041016,0.0035860538482666016,0.003322124481201172,0.0033409595489501953,0.00334930419921875,0.003351926803588867,0.0034248828887939453,0.003426790237426758,0.003648996353149414,0.003339052200317383,0.003511190414428711,0.003500223159790039,0.0033659934997558594,0.0034792423248291016,0.003434896469116211,0.003381967544555664,0.0033121109008789062,0.003324747085571289,0.0033369064331054688,0.003426790237426758,0.0032987594604492188,0.0033540725708007812,0.0033330917358398438,0.003393888473510742,0.003427743911743164,0.0035140514373779297,0.003963947296142578,0.0035941600799560547,0.0034780502319335938,0.0034990310668945312,0.0053670406341552734,0.016689062118530273,0.005769014358520508,0.004349946975708008,0.0032761096954345703,0.003564119338989258,0.003473043441772461,0.003403902053833008,0.0035080909729003906,0.0035381317138671875,0.003576040267944336,0.0033969879150390625,0.003448009490966797,0.003348112106323242,0.003576040267944336,0.003504037857055664,0.0036919116973876953,0.003486156463623047,0.0033240318298339844,0.0033822059631347656,0.0034618377685546875,0.0033097267150878906,0.003592967987060547,0.0034182071685791016,0.0034208297729492188,0.0034427642822265625,0.0034258365631103516
TerroristRel	GNN	0.23583173751831055,0.2904849052429199,0.22825288772583008,0.282926082611084,0.21297597885131836,0.3972780704498291,0.24340605735778809,0.2589240074157715,0.29866600036621094,0.3634769916534424,0.3166320323944092,0.2601780891418457,0.32683229446411133,0.24257397651672363,0.23062705993652344,0.20675015449523926,0.3419029712677002,0.23509764671325684,0.3037757873535156,0.25238585472106934,0.21881508827209473,0.22351622581481934,0.3019988536834717,0.2808539867401123,0.2800610065460205,0.40804505348205566,0.2868950366973877,0.2096540927886963,0.259843111038208,0.24759411811828613,0.29018402099609375,0.2606368064880371,0.4402308464050293,0.4282209873199463,0.34079718589782715,0.3322329521179199,0.32187986373901367,0.28191304206848145,0.31700801849365234,0.23613882064819336,0.4118459224700928,0.2682068347930908,0.24206805229187012,0.29249000549316406,0.2256028652191162,0.2586653232574463,0.2854580879211426,0.25823116302490234,0.46697282791137695,0.2574937343597412,0.27301788330078125,0.24427318572998047,0.2994565963745117,0.25733399391174316,0.2830359935760498,0.25656723976135254,0.28319406509399414,0.24585604667663574,0.25806212425231934,0.21812105178833008,0.2936701774597168,0.23682880401611328,0.2556579113006592,0.24702811241149902,0.25992608070373535,0.22375082969665527,0.22578978538513184,0.3176729679107666,0.23235702514648438,0.28218603134155273,0.29772400856018066,0.3220946788787842,0.3415670394897461,0.875014066696167,1.0513958930969238,3.3804306983947754,0.24633502960205078,0.2907891273498535,0.25509095191955566,0.2214040756225586,0.25754427909851074,0.22806310653686523,0.3320503234863281,0.22983717918395996,0.2392287254333496,0.23191380500793457,0.22341704368591309,0.21242284774780273,0.21210098266601562,0.2672007083892822,0.23441314697265625,0.22950983047485352,0.23813104629516602,0.23720097541809082,0.2376399040222168,0.24554705619812012,0.26836085319519043,0.22255897521972656,0.22875332832336426,0.32913899421691895
TerroristRel	GG	0.24370670318603516,0.2299208641052246,0.23561501502990723,0.23963093757629395,0.23772096633911133,0.2838129997253418,0.21088790893554688,0.21682310104370117,0.35430312156677246,0.24822688102722168,0.4107997417449951,0.2515270709991455,0.26909399032592773,0.21173810958862305,0.2473897933959961,0.23904919624328613,0.24437522888183594,0.21603894233703613,0.21745681762695312,0.23937630653381348,0.24697089195251465,0.2985250949859619,0.21436500549316406,0.2344810962677002,0.275493860244751,0.23549103736877441,0.5274486541748047,0.22838711738586426,0.4624209403991699,0.23636603355407715,0.20900583267211914,0.2483057975769043,0.3089017868041992,0.20983123779296875,0.4340062141418457,0.38115406036376953,0.2651667594909668,0.24628400802612305,0.22972893714904785,0.21989202499389648,0.22045207023620605,0.47472214698791504,0.2201080322265625,0.504086971282959,0.29715514183044434,0.21034908294677734,0.276623010635376,0.42568492889404297,0.34702014923095703,0.21516704559326172,0.21937203407287598,0.2102651596069336,0.4333219528198242,0.21878290176391602,0.31816720962524414,0.23013615608215332,0.42591214179992676,0.45123767852783203,0.2264699935913086,0.23695993423461914,0.23901104927062988,0.22649288177490234,0.21361303329467773,0.3851771354675293,0.24889230728149414,0.40798115730285645,0.3147447109222412,0.3752000331878662,0.9685342311859131,0.438662052154541,0.5256388187408447,0.24209380149841309,0.25928497314453125,0.7065169811248779,1.7644920349121094,1.820106029510498,0.2107257843017578,0.3054218292236328,0.38462376594543457,0.19077301025390625,0.3054509162902832,0.19501209259033203,0.28564882278442383,0.2236778736114502,0.24386882781982422,0.3434169292449951,0.43938112258911133,0.32134199142456055,0.34786510467529297,0.259570837020874,0.3777956962585449,0.22157788276672363,0.2170412540435791,0.22596502304077148,0.22138190269470215,0.43668103218078613,0.22528791427612305,0.20431303977966309,0.22284507751464844,0.28509068489074707
TerroristRel	GG2	0.24370670318603516,0.2299208641052246,0.23561501502990723,0.23963093757629395,0.23772096633911133,0.2838129997253418,0.21088790893554688,0.21682310104370117,0.35430312156677246,0.24822688102722168,0.4107997417449951,0.2515270709991455,0.26909399032592773,0.21173810958862305,0.2473897933959961,0.23904919624328613,0.24437522888183594,0.21603894233703613,0.21745681762695312,0.23937630653381348,0.24697089195251465,0.2985250949859619,0.21436500549316406,0.2344810962677002,0.275493860244751,0.23549103736877441,0.5274486541748047,0.22838711738586426,0.4624209403991699,0.23636603355407715,0.20900583267211914,0.2483057975769043,0.3089017868041992,0.20983123779296875,0.4340062141418457,0.38115406036376953,0.2651667594909668,0.24628400802612305,0.22972893714904785,0.21989202499389648,0.22045207023620605,0.47472214698791504,0.2201080322265625,0.504086971282959,0.29715514183044434,0.21034908294677734,0.276623010635376,0.42568492889404297,0.34702014923095703,0.21516704559326172,0.21937203407287598,0.2102651596069336,0.4333219528198242,0.21878290176391602,0.31816720962524414,0.23013615608215332,0.42591214179992676,0.45123767852783203,0.2264699935913086,0.23695993423461914,0.23901104927062988,0.22649288177490234,0.21361303329467773,0.3851771354675293,0.24889230728149414,0.40798115730285645,0.3147447109222412,0.3752000331878662,0.9685342311859131,0.438662052154541,0.5256388187408447,0.24209380149841309,0.25928497314453125,0.7065169811248779,1.7644920349121094,1.820106029510498,0.2107257843017578,0.3054218292236328,0.38462376594543457,0.19077301025390625,0.3054509162902832,0.19501209259033203,0.28564882278442383,0.2236778736114502,0.24386882781982422,0.3434169292449951,0.43938112258911133,0.32134199142456055,0.34786510467529297,0.259570837020874,0.3777956962585449,0.22157788276672363,0.2170412540435791,0.22596502304077148,0.22138190269470215,0.43668103218078613,0.22528791427612305,0.20431303977966309,0.22284507751464844,0.28509068489074707
KarateClub	GEE	0.0001251697540283203,0.0001049041748046875,0.00010991096496582031,0.00010609626770019531,0.000102996826171875,0.00010323524475097656,0.0001049041748046875,0.0001347064971923828,0.00010323524475097656,0.0001049041748046875,0.0001010894775390625,0.00010395050048828125,0.00010085105895996094,0.00011014938354492188,0.00011110305786132812,0.000102996826171875,0.00010538101196289062,0.0001068115234375,0.00010085105895996094,9.799003601074219e-05,0.00010609626770019531,0.00011277198791503906,0.00010514259338378906,0.00010323524475097656,0.00010085105895996094,0.00010395050048828125,0.00010704994201660156,0.00012993812561035156,0.00010395050048828125,0.00011277198791503906,0.00010395050048828125,0.00010275840759277344,0.0001010894775390625,0.00010991096496582031,0.00012493133544921875,0.0001049041748046875,0.00010514259338378906,0.00012373924255371094,0.00010704994201660156,0.00010800361633300781,0.00010395050048828125,9.918212890625e-05,0.00010919570922851562,0.0001220703125,0.00010085105895996094,0.0001227855682373047,0.00010418891906738281,0.00010395050048828125,0.00012874603271484375,0.00011110305786132812,0.00011396408081054688,0.00010395050048828125,0.00011897087097167969,0.00010395050048828125,0.00010704994201660156,0.00010704994201660156,0.00012111663818359375,0.00012493133544921875,0.00013494491577148438,0.00011897087097167969,0.00010013580322265625,0.0001010894775390625,0.00011014938354492188,0.00010323524475097656,0.00010204315185546875,0.00011372566223144531,0.00010013580322265625,0.000102996826171875,0.00010085105895996094,0.00010204315185546875,0.0001201629638671875,9.894371032714844e-05,9.965896606445312e-05,0.00010895729064941406,0.0001049041748046875,0.0001010894775390625,0.000102996826171875,0.0001049041748046875,0.00010895729064941406,0.00011181831359863281,0.00011014938354492188,0.00010919570922851562,0.00013113021850585938,0.0001251697540283203,0.00011110305786132812,0.00010204315185546875,0.0001010894775390625,0.0001010894775390625,0.00012111663818359375,0.00012803077697753906,0.00013709068298339844,0.00010895729064941406,0.000102996826171875,0.00010013580322265625,0.000102996826171875,0.00010514259338378906,0.00010418891906738281,0.00010418891906738281,0.00010395050048828125,0.00010800361633300781
KarateClub	GNN	0.15151405334472656,0.15039491653442383,0.11394214630126953,0.19461607933044434,0.09891700744628906,0.09663891792297363,0.201246976852417,0.12808609008789062,0.09819579124450684,0.09751296043395996,0.14115285873413086,0.10091900825500488,0.12496328353881836,0.09737014770507812,0.10191106796264648,0.14424824714660645,0.12466621398925781,0.10237383842468262,0.12148785591125488,0.16151785850524902,0.21180987358093262,0.1343400478363037,0.1294689178466797,0.10069394111633301,0.14580917358398438,0.09973907470703125,0.10132908821105957,0.14081788063049316,0.09812593460083008,0.1061258316040039,0.09825277328491211,0.24441313743591309,0.21730804443359375,0.12135910987854004,0.1403210163116455,0.10189580917358398,0.12343931198120117,0.15184497833251953,0.17942094802856445,0.10114264488220215,0.14339303970336914,0.12928271293640137,0.11591601371765137,0.14063191413879395,0.14429020881652832,0.146575927734375,0.19548392295837402,0.10859799385070801,0.10862207412719727,0.09790396690368652,0.16800189018249512,0.11790204048156738,0.16815590858459473,0.10298919677734375,0.10102510452270508,0.15937471389770508,0.09718990325927734,0.13414621353149414,0.12031698226928711,0.10747694969177246,0.09741783142089844,0.15117192268371582,0.10208487510681152,0.11778688430786133,0.10035371780395508,0.09969615936279297,0.11461400985717773,0.1621999740600586,0.1426699161529541,0.11221814155578613,0.19486689567565918,0.09809708595275879,0.09803009033203125,0.10250401496887207,0.12984085083007812,0.10277819633483887,0.12310314178466797,0.10102081298828125,0.11713790893554688,0.11080503463745117,0.14051198959350586,0.12865090370178223,0.12143898010253906,0.0972740650177002,0.09744596481323242,0.10734677314758301,0.10625100135803223,0.11705803871154785,0.10157203674316406,0.11496996879577637,0.11241388320922852,0.10310029983520508,0.15616607666015625,0.19684815406799316,0.10231208801269531,0.16779184341430664,0.10015726089477539,0.09858202934265137,0.24938106536865234,0.09950995445251465
KarateClub	GG	0.153853178024292,0.13881874084472656,0.11763978004455566,0.10455179214477539,0.1022939682006836,0.11926007270812988,0.274306058883667,0.1479651927947998,0.13965296745300293,0.17018985748291016,0.09725499153137207,0.09673404693603516,0.1745753288269043,0.12233114242553711,0.17359590530395508,0.10180211067199707,0.1862802505493164,0.13958311080932617,0.10131502151489258,0.20601487159729004,0.16000580787658691,0.17390704154968262,0.1409010887145996,0.11695599555969238,0.11813473701477051,0.1295948028564453,0.18256306648254395,0.13321280479431152,0.12030267715454102,0.10006499290466309,0.15076828002929688,0.14773321151733398,0.26085472106933594,0.0999751091003418,0.17420625686645508,0.1558079719543457,0.11991381645202637,0.10202693939208984,0.09811592102050781,0.09741902351379395,0.09852004051208496,0.11530613899230957,0.09932875633239746,0.12038707733154297,0.19911575317382812,0.20798397064208984,0.12229013442993164,0.23660492897033691,0.09992384910583496,0.15720796585083008,0.17360997200012207,0.11960077285766602,0.1011800765991211,0.24546265602111816,0.14702892303466797,0.21053504943847656,0.11988401412963867,0.22000908851623535,0.10748600959777832,0.11740303039550781,0.18589401245117188,0.09672808647155762,0.0976247787475586,0.09711527824401855,0.12160515785217285,0.21071505546569824,0.1111149787902832,0.09828805923461914,0.2690467834472656,0.09862399101257324,0.1002497673034668,0.10025715827941895,0.14736580848693848,0.10675621032714844,0.09699606895446777,0.0968480110168457,0.21496891975402832,0.17256402969360352,0.18294286727905273,0.1875619888305664,0.11602497100830078,0.1128530502319336,0.11911296844482422,0.1144258975982666,0.11430883407592773,0.14626002311706543,0.09692025184631348,0.10056304931640625,0.1925489902496338,0.18330883979797363,0.10532712936401367,0.13222622871398926,0.12594103813171387,0.13916802406311035,0.0977630615234375,0.11821484565734863,0.12066006660461426,0.19217991828918457,0.09744000434875488,0.11140298843383789
KarateClub	GG2	0.153853178024292,0.13881874084472656,0.11763978004455566,0.10455179214477539,0.1022939682006836,0.11926007270812988,0.274306058883667,0.1479651927947998,0.13965296745300293,0.17018985748291016,0.09725499153137207,0.09673404693603516,0.1745753288269043,0.12233114242553711,0.17359590530395508,0.10180211067199707,0.1862802505493164,0.13958311080932617,0.10131502151489258,0.20601487159729004,0.16000580787658691,0.17390704154968262,0.1409010887145996,0.11695599555969238,0.11813473701477051,0.1295948028564453,0.18256306648254395,0.13321280479431152,0.12030267715454102,0.10006499290466309,0.15076828002929688,0.14773321151733398,0.26085472106933594,0.0999751091003418,0.17420625686645508,0.1558079719543457,0.11991381645202637,0.10202693939208984,0.09811592102050781,0.09741902351379395,0.09852004051208496,0.11530613899230957,0.09932875633239746,0.12038707733154297,0.19911575317382812,0.20798397064208984,0.12229013442993164,0.23660492897033691,0.09992384910583496,0.15720796585083008,0.17360997200012207,0.11960077285766602,0.1011800765991211,0.24546265602111816,0.14702892303466797,0.21053504943847656,0.11988401412963867,0.22000908851623535,0.10748600959777832,0.11740303039550781,0.18589401245117188,0.09672808647155762,0.0976247787475586,0.09711527824401855,0.12160515785217285,0.21071505546569824,0.1111149787902832,0.09828805923461914,0.2690467834472656,0.09862399101257324,0.1002497673034668,0.10025715827941895,0.14736580848693848,0.10675621032714844,0.09699606895446777,0.0968480110168457,0.21496891975402832,0.17256402969360352,0.18294286727905273,0.1875619888305664,0.11602497100830078,0.1128530502319336,0.11911296844482422,0.1144258975982666,0.11430883407592773,0.14626002311706543,0.09692025184631348,0.10056304931640625,0.1925489902496338,0.18330883979797363,0.10532712936401367,0.13222622871398926,0.12594103813171387,0.13916802406311035,0.0977630615234375,0.11821484565734863,0.12066006660461426,0.19217991828918457,0.09744000434875488,0.11140298843383789
Chameleon	GEE	0.011584997177124023,0.011857986450195312,0.011780023574829102,0.01221919059753418,0.011681795120239258,0.011929750442504883,0.012334823608398438,0.011967897415161133,0.011972904205322266,0.01194000244140625,0.011887073516845703,0.012005090713500977,0.01364898681640625,0.01196599006652832,0.0133209228515625,0.011966228485107422,0.011845827102661133,0.011314868927001953,0.011626958847045898,0.011764049530029297,0.011697769165039062,0.011948823928833008,0.011872053146362305,0.012327194213867188,0.011602163314819336,0.012980937957763672,0.011696815490722656,0.013204097747802734,0.011762857437133789,0.011940717697143555,0.011747121810913086,0.011780261993408203,0.011656045913696289,0.011436223983764648,0.01190805435180664,0.011497020721435547,0.012357950210571289,0.01164698600769043,0.011522054672241211,0.012317895889282227,0.012207984924316406,0.011371612548828125,0.011853218078613281,0.012458086013793945,0.012122869491577148,0.011752128601074219,0.011595010757446289,0.011437177658081055,0.011790037155151367,0.01206207275390625,0.012032032012939453,0.012382030487060547,0.011967897415161133,0.012338876724243164,0.011707782745361328,0.012717723846435547,0.0120391845703125,0.011763811111450195,0.012458086013793945,0.011725187301635742,0.011441946029663086,0.011795997619628906,0.011806964874267578,0.012869834899902344,0.012184858322143555,0.011832714080810547,0.011913299560546875,0.012274742126464844,0.01168680191040039,0.012466907501220703,0.012282848358154297,0.014008760452270508,0.011802196502685547,0.012944936752319336,0.012052774429321289,0.01148080825805664,0.011652946472167969,0.011969804763793945,0.012196063995361328,0.012017250061035156,0.01200103759765625,0.011978864669799805,0.011948823928833008,0.011745929718017578,0.011327981948852539,0.011832952499389648,0.011419296264648438,0.011961936950683594,0.014020919799804688,0.01182103157043457,0.01199793815612793,0.011888742446899414,0.011633872985839844,0.011665821075439453,0.012172937393188477,0.012223958969116211,0.012293815612792969,0.012722969055175781,0.012244939804077148,0.011976003646850586
Chameleon	GNN	0.4854719638824463,0.6631858348846436,0.549997091293335,0.4765160083770752,0.4812178611755371,0.6418039798736572,0.5131149291992188,1.4052550792694092,0.6494698524475098,0.674633264541626,0.4557218551635742,0.5825133323669434,0.5140697956085205,0.46709585189819336,0.4886629581451416,0.4860959053039551,1.1720380783081055,0.65128493309021,0.5245392322540283,0.48929691314697266,0.46982502937316895,0.49393296241760254,0.6606850624084473,0.8078861236572266,0.5878159999847412,1.2958147525787354,1.1700410842895508,0.6031849384307861,0.5435569286346436,0.4876377582550049,0.479694128036499,0.9031438827514648,0.6278631687164307,0.8272759914398193,0.6821622848510742,0.8811111450195312,0.5466299057006836,0.6873159408569336,0.7819571495056152,0.5035650730133057,0.5834000110626221,0.4663963317871094,0.5463988780975342,0.5027079582214355,0.5556690692901611,0.5406551361083984,0.47664308547973633,0.4677550792694092,0.6645660400390625,0.6954288482666016,0.6409249305725098,0.7785196304321289,0.6390388011932373,0.5146632194519043,0.8072059154510498,0.6504549980163574,0.47522687911987305,0.6360898017883301,1.038111925125122,0.6946938037872314,0.48439788818359375,0.46926403045654297,0.536491870880127,0.6035828590393066,0.5017240047454834,0.5034258365631104,0.4884309768676758,0.8033127784729004,0.4961981773376465,0.46765685081481934,0.8608927726745605,0.5814149379730225,0.6501450538635254,0.46468496322631836,0.5293679237365723,0.4735691547393799,0.4989650249481201,0.46344804763793945,0.5496120452880859,0.4952261447906494,0.9471287727355957,0.7053780555725098,0.7453157901763916,0.5344650745391846,0.6461079120635986,0.6699059009552002,0.6703159809112549,0.6662881374359131,0.48350000381469727,0.9454200267791748,0.5726699829101562,0.5101313591003418,0.6090531349182129,0.6225419044494629,0.593250036239624,0.5500102043151855,1.064150094985962,0.5929861068725586,1.1368720531463623,0.6398508548736572
Chameleon	GG	0.8573031425476074,0.4488179683685303,0.9240741729736328,0.4749109745025635,0.4615511894226074,0.47279906272888184,0.5130188465118408,0.4872109889984131,0.49678993225097656,0.46460914611816406,0.46053290367126465,0.5378451347351074,0.8673250675201416,0.7263181209564209,0.46895885467529297,0.47707104682922363,0.5067672729492188,0.4681870937347412,0.46073007583618164,0.4675140380859375,0.48311495780944824,0.4513719081878662,0.5673608779907227,0.5043599605560303,0.7149569988250732,0.8505511283874512,0.47467494010925293,0.8542788028717041,0.4590001106262207,0.5550639629364014,0.48089599609375,0.4626429080963135,0.4750680923461914,0.7507808208465576,0.49080395698547363,0.6784398555755615,1.3115508556365967,0.4592108726501465,0.6700928211212158,0.4796431064605713,0.7907378673553467,0.4603259563446045,0.44991016387939453,0.8411159515380859,0.4846489429473877,1.2917358875274658,0.8669333457946777,0.48245716094970703,0.45847606658935547,0.47118520736694336,1.2509160041809082,0.4835779666900635,0.48567867279052734,0.46698689460754395,0.47676587104797363,0.4826197624206543,0.4649338722229004,0.4714329242706299,1.3360860347747803,0.46244096755981445,1.0251209735870361,0.4633462429046631,0.9132158756256104,0.4673900604248047,0.47376179695129395,0.4621469974517822,0.4471559524536133,0.46550774574279785,0.46268320083618164,1.1584928035736084,0.4628911018371582,0.4706289768218994,1.3974592685699463,0.4784572124481201,0.8385739326477051,0.8263390064239502,0.5379979610443115,0.84698486328125,0.4768869876861572,0.8305809497833252,1.1065731048583984,0.9294211864471436,0.4642298221588135,1.2010951042175293,0.6936202049255371,0.5309231281280518,0.8144350051879883,2.016566038131714,0.8737306594848633,0.7194390296936035,0.5974509716033936,0.49285078048706055,1.312675952911377,0.5035719871520996,0.4979991912841797,0.4888038635253906,0.4673168659210205,0.643618106842041,0.4911680221557617,0.8977980613708496
Chameleon	GG2	0.8573031425476074,0.4488179683685303,0.9240741729736328,0.4749109745025635,0.4615511894226074,0.47279906272888184,0.5130188465118408,0.4872109889984131,0.49678993225097656,0.46460914611816406,0.46053290367126465,0.5378451347351074,0.8673250675201416,0.7263181209564209,0.46895885467529297,0.47707104682922363,0.5067672729492188,0.4681870937347412,0.46073007583618164,0.4675140380859375,0.48311495780944824,0.4513719081878662,0.5673608779907227,0.5043599605560303,0.7149569988250732,0.8505511283874512,0.47467494010925293,0.8542788028717041,0.4590001106262207,0.5550639629364014,0.48089599609375,0.4626429080963135,0.4750680923461914,0.7507808208465576,0.49080395698547363,0.6784398555755615,1.3115508556365967,0.4592108726501465,0.6700928211212158,0.4796431064605713,0.7907378673553467,0.4603259563446045,0.44991016387939453,0.8411159515380859,0.4846489429473877,1.2917358875274658,0.8669333457946777,0.48245716094970703,0.45847606658935547,0.47118520736694336,1.2509160041809082,0.4835779666900635,0.48567867279052734,0.46698689460754395,0.47676587104797363,0.4826197624206543,0.4649338722229004,0.4714329242706299,1.3360860347747803,0.46244096755981445,1.0251209735870361,0.4633462429046631,0.9132158756256104,0.4673900604248047,0.47376179695129395,0.4621469974517822,0.4471559524536133,0.46550774574279785,0.46268320083618164,1.1584928035736084,0.4628911018371582,0.4706289768218994,1.3974592685699463,0.4784572124481201,0.8385739326477051,0.8263390064239502,0.5379979610443115,0.84698486328125,0.4768869876861572,0.8305809497833252,1.1065731048583984,0.9294211864471436,0.4642298221588135,1.2010951042175293,0.6936202049255371,0.5309231281280518,0.8144350051879883,2.016566038131714,0.8737306594848633,0.7194390296936035,0.5974509716033936,0.49285078048706055,1.312675952911377,0.5035719871520996,0.4979991912841797,0.4888038635253906,0.4673168659210205,0.643618106842041,0.4911680221557617,0.8977980613708496
Cora	GEE	0.002454996109008789,0.002432107925415039,0.0030639171600341797,0.002407073974609375,0.0025908946990966797,0.00238800048828125,0.002652883529663086,0.0023899078369140625,0.0026340484619140625,0.0023670196533203125,0.002318143844604492,0.0023658275604248047,0.0026280879974365234,0.002543210983276367,0.0025949478149414062,0.0024051666259765625,0.0023169517517089844,0.0023708343505859375,0.0026149749755859375,0.002335071563720703,0.0023331642150878906,0.0023627281188964844,0.002337932586669922,0.002647876739501953,0.002398967742919922,0.0023212432861328125,0.0024530887603759766,0.002402067184448242,0.002615690231323242,0.002393007278442383,0.0023260116577148438,0.002525806427001953,0.0023348331451416016,0.0023679733276367188,0.0023620128631591797,0.0023250579833984375,0.0022840499877929688,0.002443075180053711,0.002282857894897461,0.0023200511932373047,0.002335071563720703,0.002477884292602539,0.002585887908935547,0.0026412010192871094,0.002290010452270508,0.002393007278442383,0.002371072769165039,0.002396106719970703,0.002329111099243164,0.0023508071899414062,0.0024518966674804688,0.002846956253051758,0.0023539066314697266,0.00238800048828125,0.0024089813232421875,0.002465963363647461,0.002286195755004883,0.0026617050170898438,0.0025899410247802734,0.0023682117462158203,0.002329111099243164,0.002318143844604492,0.0023369789123535156,0.002482891082763672,0.0027468204498291016,0.0028107166290283203,0.002346038818359375,0.0023500919342041016,0.0025179386138916016,0.00244903564453125,0.002382040023803711,0.002332925796508789,0.002290010452270508,0.002324819564819336,0.002271890640258789,0.0022788047790527344,0.002332925796508789,0.0023276805877685547,0.0023369789123535156,0.002309083938598633,0.002329111099243164,0.002290010452270508,0.0024280548095703125,0.0023267269134521484,0.0023992061614990234,0.0023849010467529297,0.0023298263549804688,0.00232696533203125,0.0023832321166992188,0.002470254898071289,0.002357006072998047,0.0024271011352539062,0.0025949478149414062,0.002683877944946289,0.002389192581176758,0.002490997314453125,0.0022869110107421875,0.002343893051147461,0.0023810863494873047,0.002547025680541992
Cora	GNN	0.35938596725463867,0.3973398208618164,0.4773099422454834,0.28394603729248047,0.5145659446716309,0.39098501205444336,0.3466057777404785,0.47484707832336426,0.4045119285583496,0.34435200691223145,0.3946349620819092,0.31374406814575195,0.3119781017303467,0.6580281257629395,0.3394618034362793,0.8092958927154541,0.46132731437683105,0.5452079772949219,0.6979191303253174,0.43032288551330566,0.3878440856933594,0.36769723892211914,0.36771106719970703,0.37287306785583496,0.35776710510253906,0.41148900985717773,0.3050520420074463,0.43972301483154297,0.5751028060913086,0.410327672958374,0.38077616691589355,0.36998987197875977,0.4933180809020996,0.6827762126922607,0.8328149318695068,0.5945332050323486,0.3842039108276367,0.390963077545166,0.4127480983734131,0.28524279594421387,0.4375278949737549,0.3441159725189209,0.33022499084472656,0.48067688941955566,0.3541266918182373,0.4588940143585205,0.34686994552612305,0.35230517387390137,0.3339378833770752,0.33292579650878906,0.37569117546081543,0.3409280776977539,0.5415887832641602,0.4195280075073242,0.37216687202453613,0.3462488651275635,0.41521787643432617,0.4679379463195801,0.35187220573425293,0.4343240261077881,0.4662611484527588,0.2982971668243408,0.3240351676940918,1.1859509944915771,0.4312269687652588,0.40518689155578613,0.535534143447876,0.3760859966278076,0.38497185707092285,0.3685190677642822,0.3528420925140381,0.38862085342407227,0.3303103446960449,0.32591891288757324,0.3154282569885254,0.3872687816619873,0.3748288154602051,0.31728696823120117,0.5722270011901855,0.3572077751159668,0.3320949077606201,0.40571117401123047,0.34739017486572266,0.36484193801879883,0.40186309814453125,0.3393080234527588,0.3359248638153076,0.37308502197265625,0.3398871421813965,0.2894258499145508,0.3166370391845703,0.3861548900604248,0.4397439956665039,0.32648229598999023,0.3275332450866699,0.2990889549255371,0.3104121685028076,0.27855491638183594,0.4313352108001709,0.34548282623291016
Cora	GG	0.6622490882873535,0.831305980682373,0.6899597644805908,0.6151926517486572,0.443622350692749,0.553135871887207,0.29642701148986816,0.8508968353271484,0.5502517223358154,0.5547771453857422,0.42922496795654297,0.8227279186248779,0.29146432876586914,0.6294169425964355,0.31478095054626465,0.689967155456543,0.5244200229644775,0.3100306987762451,1.1666560173034668,0.31937623023986816,0.5793206691741943,0.2933807373046875,0.81374192237854,0.3089630603790283,0.3492898941040039,0.8041479587554932,0.3053560256958008,0.2994239330291748,0.29517102241516113,0.5012350082397461,0.4127669334411621,0.7032210826873779,0.628605842590332,0.29570698738098145,0.5228826999664307,0.6558361053466797,0.6609158515930176,0.2713639736175537,0.6082460880279541,0.5527389049530029,0.27557897567749023,0.48007822036743164,0.3014860153198242,0.3247497081756592,0.2971971035003662,0.5961410999298096,0.5975100994110107,0.4831349849700928,0.2738330364227295,0.34134817123413086,0.2699100971221924,0.6749987602233887,0.5088939666748047,0.4751620292663574,0.43155407905578613,0.3202681541442871,0.37068629264831543,0.5561368465423584,0.81545090675354,0.5228638648986816,0.31070780754089355,0.34261417388916016,0.32579731941223145,0.38086915016174316,0.4610559940338135,0.35045409202575684,0.5736918449401855,0.7491447925567627,0.44182801246643066,0.38605284690856934,0.4820218086242676,0.5828418731689453,0.4647970199584961,0.44313597679138184,0.4933178424835205,0.6117689609527588,0.47486019134521484,0.2978789806365967,0.5438599586486816,0.440885066986084,0.30516910552978516,0.2714669704437256,0.29551100730895996,0.5690360069274902,0.4820070266723633,0.3837151527404785,0.2711622714996338,0.32981300354003906,0.3982839584350586,0.30984973907470703,0.6939940452575684,0.4744420051574707,0.47493600845336914,0.3256697654724121,0.3150970935821533,0.2998180389404297,0.36275196075439453,0.4448518753051758,0.5455639362335205,0.31614184379577637
Cora	GG2	0.6622490882873535,0.831305980682373,0.6899597644805908,0.6151926517486572,0.443622350692749,0.553135871887207,0.29642701148986816,0.8508968353271484,0.5502517223358154,0.5547771453857422,0.42922496795654297,0.8227279186248779,0.29146432876586914,0.6294169425964355,0.31478095054626465,0.689967155456543,0.5244200229644775,0.3100306987762451,1.1666560173034668,0.31937623023986816,0.5793206691741943,0.2933807373046875,0.81374192237854,0.3089630603790283,0.3492898941040039,0.8041479587554932,0.3053560256958008,0.2994239330291748,0.29517102241516113,0.5012350082397461,0.4127669334411621,0.7032210826873779,0.628605842590332,0.29570698738098145,0.5228826999664307,0.6558361053466797,0.6609158515930176,0.2713639736175537,0.6082460880279541,0.5527389049530029,0.27557897567749023,0.48007822036743164,0.3014860153198242,0.3247497081756592,0.2971971035003662,0.5961410999298096,0.5975100994110107,0.4831349849700928,0.2738330364227295,0.34134817123413086,0.2699100971221924,0.6749987602233887,0.5088939666748047,0.4751620292663574,0.43155407905578613,0.3202681541442871,0.37068629264831543,0.5561368465423584,0.81545090675354,0.5228638648986816,0.31070780754089355,0.34261417388916016,0.32579731941223145,0.38086915016174316,0.4610559940338135,0.35045409202575684,0.5736918449401855,0.7491447925567627,0.44182801246643066,0.38605284690856934,0.4820218086242676,0.5828418731689453,0.4647970199584961,0.44313597679138184,0.4933178424835205,0.6117689609527588,0.47486019134521484,0.2978789806365967,0.5438599586486816,0.440885066986084,0.30516910552978516,0.2714669704437256,0.29551100730895996,0.5690360069274902,0.4820070266723633,0.3837151527404785,0.2711622714996338,0.32981300354003906,0.3982839584350586,0.30984973907470703,0.6939940452575684,0.4744420051574707,0.47493600845336914,0.3256697654724121,0.3150970935821533,0.2998180389404297,0.36275196075439453,0.4448518753051758,0.5455639362335205,0.31614184379577637
Citeseer	GEE	0.0023000240325927734,0.0024902820587158203,0.0023238658905029297,0.002231121063232422,0.002185821533203125,0.002371072769165039,0.002148151397705078,0.0021088123321533203,0.002403736114501953,0.002092123031616211,0.0021321773529052734,0.0022292137145996094,0.002202749252319336,0.0023920536041259766,0.0021512508392333984,0.0022461414337158203,0.002235889434814453,0.0021278858184814453,0.0021219253540039062,0.002157926559448242,0.0022118091583251953,0.002167940139770508,0.002137899398803711,0.002405881881713867,0.0022177696228027344,0.0022132396697998047,0.002176046371459961,0.002226114273071289,0.0021932125091552734,0.002149820327758789,0.002382040023803711,0.002148866653442383,0.002239227294921875,0.002206087112426758,0.0021681785583496094,0.0021390914916992188,0.002191305160522461,0.002359151840209961,0.0021491050720214844,0.002220630645751953,0.0022759437561035156,0.0023322105407714844,0.0022368431091308594,0.0021529197692871094,0.002225160598754883,0.0022230148315429688,0.0021779537200927734,0.0025169849395751953,0.0021860599517822266,0.002135038375854492,0.0024671554565429688,0.0021898746490478516,0.0025310516357421875,0.0021479129791259766,0.002187013626098633,0.0021369457244873047,0.002238035202026367,0.0021927356719970703,0.002323150634765625,0.0021660327911376953,0.0022089481353759766,0.0021753311157226562,0.0024471282958984375,0.0021758079528808594,0.0021469593048095703,0.0021970272064208984,0.0022802352905273438,0.002147197723388672,0.0033330917358398438,0.0021996498107910156,0.002228975296020508,0.003991127014160156,0.002398967742919922,0.0024209022521972656,0.002207040786743164,0.0023767948150634766,0.002226114273071289,0.0022101402282714844,0.0022068023681640625,0.0021979808807373047,0.002184152603149414,0.0022280216217041016,0.002201080322265625,0.002193927764892578,0.0024328231811523438,0.0022308826446533203,0.002238035202026367,0.0021550655364990234,0.0022368431091308594,0.002216815948486328,0.0023779869079589844,0.0021529197692871094,0.002151012420654297,0.0021622180938720703,0.0022559165954589844,0.0022401809692382812,0.0022542476654052734,0.0021991729736328125,0.002234935760498047,0.0024111270904541016
Citeseer	GNN	0.5124647617340088,0.3744330406188965,0.5151779651641846,0.31806421279907227,0.32059597969055176,0.35951685905456543,0.526691198348999,0.4054429531097412,0.4567890167236328,0.3748619556427002,0.32294797897338867,0.3180830478668213,0.32518911361694336,0.34398388862609863,0.3556978702545166,0.3996410369873047,0.3860032558441162,0.30655884742736816,0.309614896774292,0.5509989261627197,0.4087870121002197,0.2682640552520752,0.3534829616546631,0.3890368938446045,0.32160425186157227,0.39580512046813965,0.34531402587890625,0.3294379711151123,0.3066859245300293,0.29478907585144043,0.3459961414337158,0.29943299293518066,0.3790702819824219,0.2669978141784668,0.2976679801940918,0.6192090511322021,0.820281982421875,0.31377196311950684,0.3805727958679199,0.3863101005554199,0.5069482326507568,0.5684890747070312,0.3932032585144043,0.4640007019042969,0.3030238151550293,0.3173539638519287,0.3204762935638428,0.33721399307250977,0.31150007247924805,0.3509230613708496,0.3384582996368408,0.29315185546875,0.38363194465637207,0.32421016693115234,0.48557114601135254,0.3614809513092041,0.45328783988952637,0.26786303520202637,0.3258540630340576,0.41167426109313965,0.3312349319458008,0.3166017532348633,0.3489058017730713,0.453200101852417,0.35962486267089844,0.3584001064300537,0.34883904457092285,0.4728398323059082,0.31368517875671387,0.29509520530700684,0.41344571113586426,0.289762020111084,0.3748207092285156,0.3952293395996094,0.40024328231811523,0.3790006637573242,0.4139094352722168,0.2981560230255127,0.43506503105163574,0.30487895011901855,0.419130802154541,0.352020263671875,0.27693986892700195,0.4931221008300781,0.31665515899658203,0.323549747467041,0.3300130367279053,0.3710019588470459,0.6283509731292725,0.4679129123687744,0.4154829978942871,0.36114001274108887,0.2956712245941162,0.3419017791748047,0.5577020645141602,0.2855069637298584,0.3974740505218506,0.30870890617370605,0.32668089866638184,0.5972433090209961
Citeseer	GG	0.5757029056549072,0.49242711067199707,0.30992794036865234,0.28419995307922363,0.3849649429321289,0.7513909339904785,0.29787683486938477,0.5805351734161377,0.2948758602142334,0.2614467144012451,0.7073090076446533,0.29522180557250977,0.27028703689575195,0.2917909622192383,0.42541003227233887,0.49470996856689453,0.3672158718109131,0.29427599906921387,0.2620213031768799,0.284959077835083,0.5709340572357178,0.2977747917175293,0.28136491775512695,0.7118809223175049,0.40866994857788086,0.5410411357879639,0.2909717559814453,0.4671039581298828,0.3247230052947998,0.3180689811706543,0.809319019317627,0.35294318199157715,0.44969892501831055,0.2980611324310303,0.45111894607543945,0.4452171325683594,0.2864987850189209,0.35869479179382324,0.513676643371582,0.6598539352416992,0.2948579788208008,0.3666341304779053,0.4201359748840332,0.3109450340270996,0.2667210102081299,0.580348014831543,0.5521090030670166,0.6227130889892578,0.3011970520019531,0.5970070362091064,0.2947428226470947,0.547766923904419,0.6036660671234131,0.639970064163208,0.3075900077819824,0.4349842071533203,0.29120302200317383,0.4582490921020508,0.39592814445495605,0.6624541282653809,0.6207969188690186,0.29329705238342285,0.3624601364135742,0.29565000534057617,0.43460774421691895,0.30515408515930176,0.5810449123382568,0.34030890464782715,0.3012681007385254,0.28662776947021484,0.5504498481750488,0.29984211921691895,0.3183271884918213,0.31316184997558594,0.35483574867248535,0.544929027557373,0.37885379791259766,0.41248512268066406,0.32452988624572754,0.32964015007019043,0.2940328121185303,0.4475820064544678,0.3226330280303955,0.5079340934753418,0.3142731189727783,0.3286259174346924,0.3435540199279785,0.2902960777282715,0.3123741149902344,0.29575610160827637,0.506401777267456,0.3204319477081299,0.30280089378356934,0.4646337032318115,0.5562560558319092,0.2894160747528076,0.431959867477417,0.41504597663879395,0.28664088249206543,0.2905890941619873
Citeseer	GG2	0.5757029056549072,0.49242711067199707,0.30992794036865234,0.28419995307922363,0.3849649429321289,0.7513909339904785,0.29787683486938477,0.5805351734161377,0.2948758602142334,0.2614467144012451,0.7073090076446533,0.29522180557250977,0.27028703689575195,0.2917909622192383,0.42541003227233887,0.49470996856689453,0.3672158718109131,0.29427599906921387,0.2620213031768799,0.284959077835083,0.5709340572357178,0.2977747917175293,0.28136491775512695,0.7118809223175049,0.40866994857788086,0.5410411357879639,0.2909717559814453,0.4671039581298828,0.3247230052947998,0.3180689811706543,0.809319019317627,0.35294318199157715,0.44969892501831055,0.2980611324310303,0.45111894607543945,0.4452171325683594,0.2864987850189209,0.35869479179382324,0.513676643371582,0.6598539352416992,0.2948579788208008,0.3666341304779053,0.4201359748840332,0.3109450340270996,0.2667210102081299,0.580348014831543,0.5521090030670166,0.6227130889892578,0.3011970520019531,0.5970070362091064,0.2947428226470947,0.547766923904419,0.6036660671234131,0.639970064163208,0.3075900077819824,0.4349842071533203,0.29120302200317383,0.4582490921020508,0.39592814445495605,0.6624541282653809,0.6207969188690186,0.29329705238342285,0.3624601364135742,0.29565000534057617,0.43460774421691895,0.30515408515930176,0.5810449123382568,0.34030890464782715,0.3012681007385254,0.28662776947021484,0.5504498481750488,0.29984211921691895,0.3183271884918213,0.31316184997558594,0.35483574867248535,0.544929027557373,0.37885379791259766,0.41248512268066406,0.32452988624572754,0.32964015007019043,0.2940328121185303,0.4475820064544678,0.3226330280303955,0.5079340934753418,0.3142731189727783,0.3286259174346924,0.3435540199279785,0.2902960777282715,0.3123741149902344,0.29575610160827637,0.506401777267456,0.3204319477081299,0.30280089378356934,0.4646337032318115,0.5562560558319092,0.2894160747528076,0.431959867477417,0.41504597663879395,0.28664088249206543,0.2905890941619873
