ACM	GEE	0.7382683410442828,0.7237276933245208,0.7323198942498348,0.7290152015862524,0.7382683410442828,0.7554527428949108,0.7395902181097158,0.7633840052875083,0.7541308658294779,0.7666886979510905,0.7587574355584931,0.722405816259088,0.7627230667547918,0.7640449438202247,0.7263714474553866,0.7554527428949108,0.7376074025115664,0.7468605419695968,0.7547918043621943,0.7706543291473893,0.7594183740912095,0.7250495703899538,0.7614011896893589,0.7323198942498348,0.7580964970257766,0.7362855254461335,0.7263714474553866,0.7481824190350297,0.7614011896893589,0.7732980832782551,0.7607402511566425,0.7620621282220753,0.7528089887640449,0.7448777263714474,0.7303370786516854,0.767349636483807,0.7276933245208196,0.751487111698612,0.7349636483807006,0.7594183740912095,0.7501652346331791,0.73694646397885,0.7627230667547918,0.7541308658294779,0.783212161269002,0.7362855254461335,0.7614011896893589,0.7435558493060146,0.7488433575677462,0.7435558493060146,0.751487111698612,0.721083939193655,0.7329808327825512,0.7653668208856577,0.7633840052875083,0.7263714474553866,0.7713152676801057,0.7409120951751487,0.7594183740912095,0.744216787838731,0.7475214805023133,0.7541308658294779,0.7184401850627892,0.7554527428949108,0.7481824190350297,0.7541308658294779,0.7303370786516854,0.7316589557171183,0.7329808327825512,0.7501652346331791,0.7521480502313285,0.7713152676801057,0.7395902181097158,0.729676140118969,0.7541308658294779,0.7435558493060146,0.7541308658294779,0.7488433575677462,0.7389292795769994,0.7660277594183741,0.7455386649041639,0.7561136814276272,0.7924653007270324,0.7653668208856577,0.721083939193655,0.7415730337078652,0.7580964970257766,0.7501652346331791,0.7415730337078652,0.7461996034368804,0.722405816259088,0.7614011896893589,0.7686715135492399,0.7680105750165235,0.7594183740912095,0.7594183740912095,0.7660277594183741,0.7693324520819563,0.7554527428949108,0.7607402511566425
ACM	GNN	0.6543291473892928,0.5208195637805684,0.5003304692663583,0.5928618638466623,0.40251156642432256,0.6966292134831461,0.5267680105750165,0.3635161929940516,0.559153998678123,0.4454725710508923,0.5393258426966292,0.5102445472571051,0.5994712491738269,0.4712491738268341,0.39788499669530736,0.5029742233972241,0.44150693985459355,0.5928618638466623,0.5340383344348976,0.4534038334434898,0.4097818902842036,0.5644415069398546,0.6622604097818903,0.5551883674818242,0.5459352280237938,0.5895571711830799,0.534699272967614,0.62128222075347,0.5935228023793787,0.6933245208195637,0.4547257105089227,0.5056179775280899,0.4712491738268341,0.6939854593522803,0.5214805023132849,0.6880370125578321,0.4996695307336418,0.4038334434897555,0.5617977528089888,0.4996695307336418,0.6226040978189028,0.5003304692663583,0.39920687376074027,0.6186384666226041,0.5902181097157965,0.5214805023132849,0.5631196298744217,0.4500991407799075,0.5023132848645075,0.6886979510905485,0.4038334434897555,0.47587574355584933,0.6602775941837409,0.6754791804362195,0.6794448116325181,0.5267680105750165,0.5399867812293456,0.7078651685393258,0.5703899537343027,0.5935228023793787,0.5657633840052875,0.6133509583608724,0.4434897554527429,0.5413086582947786,0.45803040317250493,0.3549239920687376,0.6239259748843358,0.5294117647058824,0.44150693985459355,0.5353602115003304,0.5756774619960344,0.47257105089226703,0.550561797752809,0.6146728354263054,0.3906146728354263,0.47455386649041637,0.5882352941176471,0.6298744216787838,0.5717118307997356,0.5102445472571051,0.6946463978849967,0.5340383344348976,0.6721744877726371,0.5822868473231989,0.4983476536682089,0.6080634500991408,0.5042961004626569,0.5631196298744217,0.5148711169861203,0.7072042300066094,0.5611368142762723,0.627230667547918,0.5082617316589557,0.5280898876404494,0.541969596827495,0.4487772637144746,0.5254461335095836,0.5888962326503635,0.5287508261731659,0.47851949768671515
ACM	GG	0.7402511566424322,0.7799074686054197,0.7732980832782551,0.7779246530072703,0.7534699272967614,0.7594183740912095,0.7607402511566425,0.7455386649041639,0.7713152676801057,0.7428949107732981,0.7779246530072703,0.73694646397885,0.7706543291473893,0.7455386649041639,0.7455386649041639,0.7389292795769994,0.7415730337078652,0.7640449438202247,0.7660277594183741,0.7448777263714474,0.7204230006609386,0.7395902181097158,0.7825512227362855,0.7508261731658956,0.7647058823529411,0.5254461335095836,0.735624586913417,0.7884996695307337,0.7666886979510905,0.7799074686054197,0.7455386649041639,0.7435558493060146,0.7395902181097158,0.7647058823529411,0.7706543291473893,0.7580964970257766,0.7528089887640449,0.7699933906146729,0.7580964970257766,0.7554527428949108,0.7574355584930601,0.7640449438202247,0.7752808988764045,0.7640449438202247,0.7825512227362855,0.751487111698612,0.7633840052875083,0.7435558493060146,0.7349636483807006,0.7554527428949108,0.7574355584930601,0.7118307997356246,0.7666886979510905,0.7653668208856577,0.7785855915399867,0.7488433575677462,0.7746199603436881,0.5935228023793787,0.7739590218109715,0.712491738268341,0.7547918043621943,0.7587574355584931,0.7792465300727033,0.566424322538004,0.7686715135492399,0.7660277594183741,0.7171183079973562,0.7157964309319234,0.7316589557171183,0.7534699272967614,0.7415730337078652,0.7713152676801057,0.7567746199603437,0.7746199603436881,0.7640449438202247,0.7614011896893589,0.7640449438202247,0.7501652346331791,0.7799074686054197,0.7640449438202247,0.7812293456708526,0.7409120951751487,0.8003965631196299,0.7376074025115664,0.7746199603436881,0.728354263053536,0.7547918043621943,0.7475214805023133,0.7845340383344349,0.7455386649041639,0.7270323859881032,0.7713152676801057,0.7812293456708526,0.7415730337078652,0.7561136814276272,0.7528089887640449,0.7587574355584931,0.7541308658294779,0.7706543291473893,0.7739590218109715
ACM	GG2	0.7614011896893589,0.7521480502313285,0.7706543291473893,0.7746199603436881,0.7349636483807006,0.7547918043621943,0.760079312623926,0.7428949107732981,0.760079312623926,0.7508261731658956,0.7752808988764045,0.7448777263714474,0.7713152676801057,0.760079312623926,0.7481824190350297,0.735624586913417,0.7501652346331791,0.7640449438202247,0.7607402511566425,0.6926635822868473,0.7098479841374752,0.729676140118969,0.7779246530072703,0.7594183740912095,0.7574355584930601,0.7805684071381361,0.7362855254461335,0.7772637144745539,0.7713152676801057,0.7799074686054197,0.7680105750165235,0.7528089887640449,0.7415730337078652,0.7567746199603437,0.7752808988764045,0.7699933906146729,0.7561136814276272,0.7719762062128223,0.7699933906146729,0.7653668208856577,0.7554527428949108,0.7534699272967614,0.7766027759418375,0.7627230667547918,0.7838730998017185,0.7574355584930601,0.7699933906146729,0.7435558493060146,0.7647058823529411,0.7574355584930601,0.7647058823529411,0.73694646397885,0.7686715135492399,0.7633840052875083,0.7818902842035691,0.7792465300727033,0.7732980832782551,0.7845340383344349,0.7713152676801057,0.7085261070720423,0.7488433575677462,0.7633840052875083,0.7812293456708526,0.760079312623926,0.7699933906146729,0.7726371447455387,0.7574355584930601,0.729676140118969,0.729676140118969,0.7567746199603437,0.7428949107732981,0.7766027759418375,0.7217448777263714,0.7732980832782551,0.7746199603436881,0.7653668208856577,0.7620621282220753,0.7567746199603437,0.7521480502313285,0.7706543291473893,0.7818902842035691,0.7580964970257766,0.7878387309980172,0.7680105750165235,0.7766027759418375,0.7422339722405816,0.7567746199603437,0.7732980832782551,0.7812293456708526,0.7455386649041639,0.7250495703899538,0.7614011896893589,0.7812293456708526,0.7488433575677462,0.7693324520819563,0.7164573694646398,0.760079312623926,0.7653668208856577,0.7620621282220753,0.7719762062128223
BAT	GEE	0.4153846153846154,0.4307692307692308,0.2153846153846154,0.36923076923076925,0.3384615384615385,0.26153846153846155,0.3384615384615385,0.4,0.46153846153846156,0.4461538461538462,0.36923076923076925,0.27692307692307694,0.27692307692307694,0.4,0.4,0.3076923076923077,0.38461538461538464,0.4307692307692308,0.26153846153846155,0.46153846153846156,0.27692307692307694,0.2153846153846154,0.4,0.38461538461538464,0.4,0.47692307692307695,0.4,0.36923076923076925,0.3230769230769231,0.35384615384615387,0.4153846153846154,0.4461538461538462,0.4307692307692308,0.4,0.35384615384615387,0.3384615384615385,0.26153846153846155,0.5076923076923077,0.4153846153846154,0.5076923076923077,0.35384615384615387,0.24615384615384617,0.23076923076923078,0.27692307692307694,0.46153846153846156,0.4461538461538462,0.24615384615384617,0.36923076923076925,0.3076923076923077,0.18461538461538463,0.35384615384615387,0.4307692307692308,0.27692307692307694,0.2923076923076923,0.24615384615384617,0.23076923076923078,0.38461538461538464,0.27692307692307694,0.4307692307692308,0.35384615384615387,0.23076923076923078,0.26153846153846155,0.24615384615384617,0.35384615384615387,0.46153846153846156,0.23076923076923078,0.24615384615384617,0.2923076923076923,0.38461538461538464,0.26153846153846155,0.2923076923076923,0.27692307692307694,0.38461538461538464,0.4,0.46153846153846156,0.3076923076923077,0.26153846153846155,0.4,0.4461538461538462,0.36923076923076925,0.4,0.35384615384615387,0.2923076923076923,0.4307692307692308,0.35384615384615387,0.36923076923076925,0.36923076923076925,0.35384615384615387,0.47692307692307695,0.47692307692307695,0.23076923076923078,0.3230769230769231,0.27692307692307694,0.3384615384615385,0.26153846153846155,0.36923076923076925,0.2923076923076923,0.36923076923076925,0.49230769230769234,0.27692307692307694
BAT	GNN	0.4,0.3384615384615385,0.26153846153846155,0.4461538461538462,0.3230769230769231,0.46153846153846156,0.36923076923076925,0.3384615384615385,0.2153846153846154,0.4307692307692308,0.38461538461538464,0.36923076923076925,0.3384615384615385,0.35384615384615387,0.38461538461538464,0.35384615384615387,0.36923076923076925,0.3076923076923077,0.3230769230769231,0.4,0.2923076923076923,0.3076923076923077,0.5230769230769231,0.4153846153846154,0.35384615384615387,0.5076923076923077,0.3384615384615385,0.4153846153846154,0.36923076923076925,0.4153846153846154,0.4153846153846154,0.3384615384615385,0.3076923076923077,0.2923076923076923,0.4,0.2153846153846154,0.3230769230769231,0.4,0.4307692307692308,0.4,0.35384615384615387,0.3384615384615385,0.46153846153846156,0.4153846153846154,0.3384615384615385,0.35384615384615387,0.3384615384615385,0.27692307692307694,0.36923076923076925,0.24615384615384617,0.4,0.4153846153846154,0.35384615384615387,0.4307692307692308,0.4153846153846154,0.4461538461538462,0.3384615384615385,0.2923076923076923,0.3384615384615385,0.3230769230769231,0.4153846153846154,0.38461538461538464,0.36923076923076925,0.49230769230769234,0.49230769230769234,0.18461538461538463,0.38461538461538464,0.35384615384615387,0.35384615384615387,0.35384615384615387,0.3076923076923077,0.4,0.35384615384615387,0.27692307692307694,0.4,0.4153846153846154,0.4,0.4,0.4307692307692308,0.24615384615384617,0.18461538461538463,0.47692307692307695,0.35384615384615387,0.35384615384615387,0.4461538461538462,0.36923076923076925,0.3076923076923077,0.35384615384615387,0.38461538461538464,0.36923076923076925,0.5384615384615384,0.4153846153846154,0.4307692307692308,0.35384615384615387,0.3384615384615385,0.35384615384615387,0.3230769230769231,0.46153846153846156,0.4307692307692308,0.46153846153846156
BAT	GG	0.3076923076923077,0.38461538461538464,0.27692307692307694,0.3230769230769231,0.23076923076923078,0.3384615384615385,0.4153846153846154,0.3384615384615385,0.27692307692307694,0.4153846153846154,0.3384615384615385,0.4307692307692308,0.35384615384615387,0.3230769230769231,0.36923076923076925,0.3230769230769231,0.27692307692307694,0.49230769230769234,0.3384615384615385,0.4461538461538462,0.2923076923076923,0.2923076923076923,0.4,0.4,0.3230769230769231,0.38461538461538464,0.27692307692307694,0.23076923076923078,0.26153846153846155,0.27692307692307694,0.26153846153846155,0.27692307692307694,0.35384615384615387,0.4461538461538462,0.38461538461538464,0.27692307692307694,0.2923076923076923,0.4461538461538462,0.4307692307692308,0.38461538461538464,0.26153846153846155,0.24615384615384617,0.2153846153846154,0.12307692307692308,0.4461538461538462,0.3076923076923077,0.16923076923076924,0.4153846153846154,0.26153846153846155,0.2923076923076923,0.3384615384615385,0.3230769230769231,0.3076923076923077,0.12307692307692308,0.36923076923076925,0.23076923076923078,0.3076923076923077,0.09230769230769231,0.38461538461538464,0.3230769230769231,0.26153846153846155,0.27692307692307694,0.2,0.3076923076923077,0.24615384615384617,0.23076923076923078,0.18461538461538463,0.24615384615384617,0.2923076923076923,0.26153846153846155,0.38461538461538464,0.2,0.2153846153846154,0.3230769230769231,0.36923076923076925,0.2923076923076923,0.3076923076923077,0.3230769230769231,0.2923076923076923,0.2923076923076923,0.38461538461538464,0.3076923076923077,0.3230769230769231,0.35384615384615387,0.38461538461538464,0.26153846153846155,0.35384615384615387,0.4153846153846154,0.36923076923076925,0.5230769230769231,0.27692307692307694,0.4,0.35384615384615387,0.3384615384615385,0.35384615384615387,0.3230769230769231,0.24615384615384617,0.35384615384615387,0.46153846153846156,0.36923076923076925
BAT	GG2	0.3384615384615385,0.5076923076923077,0.27692307692307694,0.3384615384615385,0.46153846153846156,0.4,0.4461538461538462,0.4,0.46153846153846156,0.46153846153846156,0.3076923076923077,0.4307692307692308,0.35384615384615387,0.4,0.4,0.4307692307692308,0.3230769230769231,0.4153846153846154,0.35384615384615387,0.5230769230769231,0.27692307692307694,0.4461538461538462,0.4153846153846154,0.4153846153846154,0.4,0.5230769230769231,0.3384615384615385,0.3076923076923077,0.2153846153846154,0.3384615384615385,0.4461538461538462,0.46153846153846156,0.38461538461538464,0.4153846153846154,0.47692307692307695,0.3230769230769231,0.35384615384615387,0.46153846153846156,0.47692307692307695,0.4153846153846154,0.4461538461538462,0.35384615384615387,0.3076923076923077,0.35384615384615387,0.49230769230769234,0.3076923076923077,0.26153846153846155,0.4153846153846154,0.3076923076923077,0.23076923076923078,0.36923076923076925,0.5076923076923077,0.38461538461538464,0.35384615384615387,0.3230769230769231,0.4153846153846154,0.4307692307692308,0.4,0.4153846153846154,0.4,0.3076923076923077,0.27692307692307694,0.3076923076923077,0.4,0.6,0.35384615384615387,0.3076923076923077,0.3384615384615385,0.4461538461538462,0.3076923076923077,0.49230769230769234,0.35384615384615387,0.3230769230769231,0.4461538461538462,0.38461538461538464,0.46153846153846156,0.3230769230769231,0.4,0.36923076923076925,0.4,0.4153846153846154,0.38461538461538464,0.3230769230769231,0.5076923076923077,0.5076923076923077,0.46153846153846156,0.38461538461538464,0.38461538461538464,0.5384615384615384,0.46153846153846156,0.38461538461538464,0.4153846153846154,0.4,0.3230769230769231,0.4,0.35384615384615387,0.46153846153846156,0.36923076923076925,0.47692307692307695,0.4153846153846154
DBLP	GEE	0.5342533267619517,0.5322819122720552,0.5421389847215377,0.531296205027107,0.5480532281912273,0.5534746180384426,0.5036964021685559,0.5061606702809266,0.5337604731394776,0.5347461803844258,0.5416461310990636,0.5342533267619517,0.5475603745687531,0.5524889107934944,0.5505174963035978,0.5273533760473139,0.5372104484967964,0.551010349926072,0.5421389847215377,0.5539674716609168,0.551010349926072,0.5396747166091671,0.5421389847215377,0.5337604731394776,0.5298176441596846,0.5421389847215377,0.531296205027107,0.5268605224248398,0.5460818137013307,0.5465746673238048,0.5455889600788566,0.5253819615574175,0.531296205027107,0.5391818629866929,0.5377033021192705,0.5327747658945293,0.54361754558896,0.5303104977821587,0.5352390340069,0.5298176441596846,0.5288319369147363,0.5401675702316412,0.5214391325776244,0.5529817644159685,0.5308033514046329,0.5515032035485461,0.5372104484967964,0.5283390832922622,0.5357318876293741,0.5421389847215377,0.5263676688023657,0.551010349926072,0.5450961064563824,0.5505174963035978,0.5263676688023657,0.5391818629866929,0.5337604731394776,0.5367175948743224,0.5441103992114342,0.559388861508132,0.5411532774765895,0.5455889600788566,0.5357318876293741,0.5401675702316412,0.5455889600788566,0.5475603745687531,0.5248891079349434,0.5263676688023657,0.5229176934450468,0.5214391325776244,0.5426318383440119,0.5357318876293741,0.5347461803844258,0.5253819615574175,0.5401675702316412,0.5401675702316412,0.5298176441596846,0.5263676688023657,0.5480532281912273,0.5559388861508132,0.5460818137013307,0.5327747658945293,0.5500246426811237,0.5342533267619517,0.5273533760473139,0.5372104484967964,0.5288319369147363,0.5475603745687531,0.5391818629866929,0.5253819615574175,0.5283390832922622,0.531789058649581,0.5377033021192705,0.5455889600788566,0.5500246426811237,0.5268605224248398,0.5352390340069,0.5441103992114342,0.5381961557417447,0.5421389847215377
DBLP	GNN	0.4105470675209463,0.3440118284869394,0.3987185805815673,0.3676688023656974,0.3972400197141449,0.4460325283390833,0.3602759980285855,0.39477575160177425,0.3854115327747659,0.38393297190734355,0.42730409068506653,0.3854115327747659,0.3637259733859044,0.34351897486446525,0.3139477575160177,0.35978314440611137,0.36323311976343026,0.37111877772301627,0.4406111384918679,0.23804829965500246,0.3479546574667324,0.26712666338097585,0.4302612124199113,0.4208969935929029,0.31444061113849187,0.4031542631838344,0.31345490389354363,0.39428289797930016,0.2720551996057171,0.34647609659931,0.33760473139477576,0.35485460818137016,0.31789058649581076,0.4760965993100049,0.3642188270083785,0.37604731394775753,0.34943321833415475,0.3696402168555939,0.4125184820108428,0.3592902907836373,0.3676688023656974,0.30458353868900934,0.3440118284869394,0.41202562838836865,0.34696895022178414,0.40956136027599804,0.37949728930507637,0.4046328240512568,0.2819122720551996,0.4356826022671267,0.32134056185312965,0.3326761951700345,0.4169541646131099,0.4090685066535239,0.4194184327254805,0.34943321833415475,0.3164120256283884,0.44307540660423855,0.3499260719566289,0.34154756037456874,0.3642188270083785,0.34746180384425823,0.3790044356826023,0.4701823558403154,0.3932971907343519,0.38393297190734355,0.34696895022178414,0.39477575160177425,0.362247412518482,0.3558403154263184,0.4287826515524889,0.42237555446032526,0.3755544603252834,0.42336126170527355,0.3642188270083785,0.47215377033021194,0.366190241498275,0.3523903400689995,0.4425825529817644,0.41005421389847213,0.3676688023656974,0.3730901922129128,0.44652538196155744,0.4125184820108428,0.3518974864465254,0.4460325283390833,0.30655495317890585,0.4268112370625924,0.4046328240512568,0.42385411532774764,0.3405618531296205,0.40857565303104976,0.38442582552981763,0.4075899457861015,0.3405618531296205,0.36471168063085263,0.34549038935436177,0.4480039428289798,0.4647609659931001,0.43716116313454906
DBLP	GG	0.4948250369640217,0.5155248891079349,0.5638245441103992,0.5268605224248398,0.5416461310990636,0.5293247905372105,0.5243962543124692,0.4982750123213406,0.5401675702316412,0.5056678166584524,0.5160177427304091,0.5455889600788566,0.5278462296697881,0.570724494825037,0.5529817644159685,0.5549531789058649,0.519960571710202,0.5771315919172005,0.5613602759980286,0.5633316904879251,0.5115820601281419,0.5229176934450468,0.5515032035485461,0.4588467225234105,0.5101034992607195,0.5441103992114342,0.5239034006899951,0.5322819122720552,0.5569245933957615,0.5224248398225727,0.5648102513553475,0.48053228191227204,0.5490389354361754,0.5278462296697881,0.5214391325776244,0.5539674716609168,0.5303104977821587,0.5421389847215377,0.5406604238541153,0.5441103992114342,0.5303104977821587,0.5145391818629866,0.5352390340069,0.5860029571217349,0.5002464268112371,0.5795958600295712,0.5283390832922622,0.5515032035485461,0.551010349926072,0.519467718087728,0.48644652538196154,0.5692459339576146,0.5357318876293741,0.5150320354854608,0.5524889107934944,0.5677673730901922,0.5283390832922622,0.5219319862000986,0.5480532281912273,0.5544603252833908,0.5446032528339083,0.5574174470182356,0.5549531789058649,0.5110892065056678,0.5002464268112371,0.5411532774765895,0.5342533267619517,0.5209462789551503,0.5337604731394776,0.5165105963528832,0.5293247905372105,0.5165105963528832,0.5204534253326762,0.5322819122720552,0.47313947757516017,0.5618531296205027,0.4972893050763923,0.5204534253326762,0.5549531789058649,0.5431246919664859,0.5170034499753573,0.54361754558896,0.4879250862493839,0.547067520946279,0.5342533267619517,0.5337604731394776,0.5603745687530803,0.5273533760473139,0.5268605224248398,0.5081320847708231,0.50418925579103,0.5342533267619517,0.5529817644159685,0.5214391325776244,0.5243962543124692,0.5524889107934944,0.4972893050763923,0.5165105963528832,0.5155248891079349,0.5209462789551503
DBLP	GG2	0.5372104484967964,0.5046821094135042,0.559388861508132,0.5534746180384426,0.5480532281912273,0.5672745194677181,0.5332676195170034,0.5135534746180385,0.5544603252833908,0.5322819122720552,0.5273533760473139,0.5184820108427797,0.5155248891079349,0.5781172991621488,0.5101034992607195,0.5441103992114342,0.558896007885658,0.5396747166091671,0.5135534746180385,0.5480532281912273,0.4672252341054707,0.5524889107934944,0.5584031542631839,0.5268605224248398,0.5362247412518482,0.5421389847215377,0.5115820601281419,0.5465746673238048,0.5672745194677181,0.5623459832429768,0.5549531789058649,0.519467718087728,0.5150320354854608,0.562838836865451,0.5342533267619517,0.5081320847708231,0.5386890093642188,0.5485460818137013,0.4972893050763923,0.5450961064563824,0.5051749630359783,0.5150320354854608,0.5174963035978315,0.5869886643666831,0.5229176934450468,0.571217348447511,0.5298176441596846,0.5450961064563824,0.5569245933957615,0.5500246426811237,0.523410547067521,0.5702316412025629,0.5579103006407097,0.562838836865451,0.5416461310990636,0.5308033514046329,0.5633316904879251,0.5125677673730902,0.5431246919664859,0.5662888122227698,0.5135534746180385,0.5500246426811237,0.5184820108427797,0.5396747166091671,0.4475110892065057,0.5372104484967964,0.5386890093642188,0.5258748151798915,0.5450961064563824,0.5214391325776244,0.5623459832429768,0.5381961557417447,0.5303104977821587,0.5130606209955643,0.5539674716609168,0.5268605224248398,0.5061606702809266,0.5248891079349434,0.4913750616067028,0.562838836865451,0.5495317890586496,0.5450961064563824,0.531789058649581,0.5411532774765895,0.5475603745687531,0.4992607195662888,0.5643173977328734,0.5638245441103992,0.5135534746180385,0.5115820601281419,0.4613109906357812,0.531789058649581,0.5529817644159685,0.5515032035485461,0.5273533760473139,0.5411532774765895,0.5362247412518482,0.547067520946279,0.5214391325776244,0.5657959586002957
EAT	GEE	0.40404040404040403,0.35353535353535354,0.24242424242424243,0.3181818181818182,0.3888888888888889,0.29292929292929293,0.2777777777777778,0.3888888888888889,0.4292929292929293,0.36363636363636365,0.25252525252525254,0.17676767676767677,0.18686868686868688,0.30303030303030304,0.32323232323232326,0.4090909090909091,0.4393939393939394,0.20707070707070707,0.20202020202020202,0.24242424242424243,0.35858585858585856,0.18686868686868688,0.17676767676767677,0.35858585858585856,0.21717171717171718,0.20707070707070707,0.398989898989899,0.32323232323232326,0.37373737373737376,0.2222222222222222,0.13131313131313133,0.30303030303030304,0.3838383838383838,0.25252525252525254,0.35353535353535354,0.3181818181818182,0.4090909090909091,0.24242424242424243,0.30808080808080807,0.3383838383838384,0.43434343434343436,0.2222222222222222,0.2676767676767677,0.36363636363636365,0.2828282828282828,0.30808080808080807,0.2777777777777778,0.3686868686868687,0.32323232323232326,0.4090909090909091,0.3939393939393939,0.4090909090909091,0.29292929292929293,0.46464646464646464,0.20707070707070707,0.3383838383838384,0.43434343434343436,0.30808080808080807,0.4090909090909091,0.35858585858585856,0.3838383838383838,0.26262626262626265,0.36363636363636365,0.18686868686868688,0.35858585858585856,0.36363636363636365,0.1919191919191919,0.2777777777777778,0.31313131313131315,0.25757575757575757,0.23232323232323232,0.26262626262626265,0.3181818181818182,0.3787878787878788,0.19696969696969696,0.3838383838383838,0.41414141414141414,0.4090909090909091,0.2676767676767677,0.3282828282828283,0.21717171717171718,0.3181818181818182,0.4292929292929293,0.2727272727272727,0.41414141414141414,0.45454545454545453,0.40404040404040403,0.2828282828282828,0.21212121212121213,0.4595959595959596,0.398989898989899,0.16666666666666666,0.25757575757575757,0.18181818181818182,0.19696969696969696,0.4393939393939394,0.20707070707070707,0.32323232323232326,0.2474747474747475,0.398989898989899
EAT	GNN	0.4090909090909091,0.3434343434343434,0.36363636363636365,0.3838383838383838,0.2777777777777778,0.3838383838383838,0.3333333333333333,0.25757575757575757,0.31313131313131315,0.3888888888888889,0.42424242424242425,0.30303030303030304,0.41919191919191917,0.3484848484848485,0.25757575757575757,0.40404040404040403,0.36363636363636365,0.4090909090909091,0.398989898989899,0.36363636363636365,0.2777777777777778,0.3787878787878788,0.3434343434343434,0.4292929292929293,0.35858585858585856,0.3333333333333333,0.30808080808080807,0.3484848484848485,0.32323232323232326,0.3434343434343434,0.3686868686868687,0.3686868686868687,0.36363636363636365,0.398989898989899,0.3787878787878788,0.3484848484848485,0.3383838383838384,0.4090909090909091,0.3787878787878788,0.2777777777777778,0.4090909090909091,0.3181818181818182,0.41919191919191917,0.3484848484848485,0.37373737373737376,0.36363636363636365,0.4595959595959596,0.3888888888888889,0.3888888888888889,0.2777777777777778,0.2727272727272727,0.35353535353535354,0.36363636363636365,0.3434343434343434,0.40404040404040403,0.4090909090909091,0.30808080808080807,0.3939393939393939,0.4292929292929293,0.32323232323232326,0.3434343434343434,0.29797979797979796,0.3939393939393939,0.35858585858585856,0.3888888888888889,0.3888888888888889,0.37373737373737376,0.32323232323232326,0.3686868686868687,0.40404040404040403,0.3484848484848485,0.3383838383838384,0.3686868686868687,0.35858585858585856,0.2878787878787879,0.30303030303030304,0.24242424242424243,0.3787878787878788,0.3838383838383838,0.35858585858585856,0.30808080808080807,0.3838383838383838,0.29797979797979796,0.35353535353535354,0.37373737373737376,0.36363636363636365,0.2727272727272727,0.30808080808080807,0.3484848484848485,0.35353535353535354,0.40404040404040403,0.3939393939393939,0.4494949494949495,0.3282828282828283,0.29292929292929293,0.2878787878787879,0.4292929292929293,0.42424242424242425,0.3434343434343434,0.35353535353535354
EAT	GG	0.2474747474747475,0.2878787878787879,0.30303030303030304,0.16161616161616163,0.2222222222222222,0.24242424242424243,0.29797979797979796,0.31313131313131315,0.26262626262626265,0.18686868686868688,0.2727272727272727,0.23232323232323232,0.18181818181818182,0.2222222222222222,0.23737373737373738,0.25252525252525254,0.24242424242424243,0.2727272727272727,0.25757575757575757,0.20202020202020202,0.20707070707070707,0.26262626262626265,0.20707070707070707,0.2222222222222222,0.20707070707070707,0.3787878787878788,0.23232323232323232,0.21212121212121213,0.22727272727272727,0.23232323232323232,0.2474747474747475,0.21212121212121213,0.2727272727272727,0.15656565656565657,0.31313131313131315,0.31313131313131315,0.2727272727272727,0.20202020202020202,0.32323232323232326,0.16161616161616163,0.20202020202020202,0.24242424242424243,0.3282828282828283,0.17676767676767677,0.20707070707070707,0.20202020202020202,0.3181818181818182,0.3282828282828283,0.18181818181818182,0.2828282828282828,0.18181818181818182,0.29797979797979796,0.29797979797979796,0.17676767676767677,0.29292929292929293,0.20202020202020202,0.2222222222222222,0.09090909090909091,0.21717171717171718,0.20707070707070707,0.29797979797979796,0.13636363636363635,0.23232323232323232,0.25757575757575757,0.26262626262626265,0.21212121212121213,0.31313131313131315,0.2878787878787879,0.26262626262626265,0.20202020202020202,0.30808080808080807,0.2727272727272727,0.12626262626262627,0.2727272727272727,0.2474747474747475,0.31313131313131315,0.31313131313131315,0.21212121212121213,0.23232323232323232,0.29797979797979796,0.26262626262626265,0.20707070707070707,0.31313131313131315,0.18181818181818182,0.32323232323232326,0.16161616161616163,0.25252525252525254,0.26262626262626265,0.3181818181818182,0.25252525252525254,0.25757575757575757,0.3181818181818182,0.2828282828282828,0.23737373737373738,0.26262626262626265,0.26262626262626265,0.26262626262626265,0.37373737373737376,0.22727272727272727,0.3181818181818182
EAT	GG2	0.41919191919191917,0.36363636363636365,0.35353535353535354,0.23737373737373738,0.4444444444444444,0.2878787878787879,0.3686868686868687,0.4292929292929293,0.3939393939393939,0.45454545454545453,0.42424242424242425,0.2727272727272727,0.3434343434343434,0.31313131313131315,0.3181818181818182,0.4444444444444444,0.37373737373737376,0.35858585858585856,0.40404040404040403,0.3383838383838384,0.42424242424242425,0.2676767676767677,0.29797979797979796,0.43434343434343436,0.40404040404040403,0.3787878787878788,0.4696969696969697,0.21717171717171718,0.47474747474747475,0.3686868686868687,0.30303030303030304,0.41414141414141414,0.3434343434343434,0.3282828282828283,0.398989898989899,0.3939393939393939,0.3686868686868687,0.37373737373737376,0.3484848484848485,0.4393939393939394,0.46464646464646464,0.2676767676767677,0.3383838383838384,0.45454545454545453,0.2474747474747475,0.35858585858585856,0.4292929292929293,0.3838383838383838,0.3383838383838384,0.41414141414141414,0.3282828282828283,0.5,0.35858585858585856,0.41919191919191917,0.3282828282828283,0.4797979797979798,0.4595959595959596,0.41414141414141414,0.4595959595959596,0.4696969696969697,0.4090909090909091,0.36363636363636365,0.5,0.2676767676767677,0.37373737373737376,0.4696969696969697,0.30808080808080807,0.3888888888888889,0.30808080808080807,0.35353535353535354,0.4494949494949495,0.3383838383838384,0.3333333333333333,0.37373737373737376,0.2878787878787879,0.41919191919191917,0.47474747474747475,0.5,0.24242424242424243,0.4292929292929293,0.32323232323232326,0.45454545454545453,0.43434343434343436,0.45454545454545453,0.40404040404040403,0.4696969696969697,0.40404040404040403,0.35353535353535354,0.3434343434343434,0.5202020202020202,0.47474747474747475,0.30303030303030304,0.3484848484848485,0.2878787878787879,0.35353535353535354,0.4797979797979798,0.5404040404040404,0.37373737373737376,0.42424242424242425,0.47474747474747475
UAT	GEE	0.5042158516020236,0.5042158516020236,0.47048903878583476,0.46037099494097805,0.49409780775716694,0.5008431703204047,0.521079258010118,0.5042158516020236,0.5042158516020236,0.4924114671163575,0.5126475548060708,0.4974704890387858,0.47048903878583476,0.5025295109612141,0.5227655986509275,0.5396290050590219,0.5261382799325464,0.46037099494097805,0.5278246205733558,0.4991568296795953,0.47217537942664417,0.5193929173693086,0.5362563237774031,0.45531197301854975,0.4350758853288364,0.4957841483979764,0.5059021922428331,0.5075885328836425,0.4418212478920742,0.5075885328836425,0.4772344013490725,0.5126475548060708,0.524451939291737,0.47386172006745364,0.44350758853288363,0.5059021922428331,0.4654300168634064,0.4806070826306914,0.4822934232715008,0.5261382799325464,0.5160202360876898,0.4957841483979764,0.46037099494097805,0.4873524451939292,0.5059021922428331,0.47554806070826305,0.49072512647554806,0.524451939291737,0.5345699831365935,0.4991568296795953,0.4772344013490725,0.5075885328836425,0.4856661045531197,0.45531197301854975,0.49072512647554806,0.49409780775716694,0.5328836424957841,0.5143338954468802,0.4873524451939292,0.521079258010118,0.5042158516020236,0.49409780775716694,0.48903878583473864,0.5413153456998314,0.49072512647554806,0.5025295109612141,0.3827993254637437,0.554806070826307,0.4839797639123103,0.4772344013490725,0.46037099494097805,0.5193929173693086,0.5160202360876898,0.5160202360876898,0.5143338954468802,0.4418212478920742,0.49072512647554806,0.47554806070826305,0.5295109612141653,0.4873524451939292,0.47892074198988194,0.5008431703204047,0.45699831365935917,0.5059021922428331,0.4991568296795953,0.5396290050590219,0.4839797639123103,0.5227655986509275,0.4806070826306914,0.5328836424957841,0.47048903878583476,0.5092748735244519,0.5042158516020236,0.4688026981450253,0.4839797639123103,0.5362563237774031,0.5261382799325464,0.5328836424957841,0.4873524451939292,0.5295109612141653
UAT	GNN	0.4772344013490725,0.40809443507588533,0.4148397976391231,0.36593591905564926,0.2951096121416526,0.3591905564924115,0.3591905564924115,0.30016863406408095,0.3524451939291737,0.4671163575042159,0.3372681281618887,0.3473861720067454,0.43844856661045534,0.4131534569983137,0.2748735244519393,0.4451939291736931,0.3962900505902192,0.41989881956155145,0.4317032040472175,0.2951096121416526,0.28836424957841483,0.3372681281618887,0.463743676222597,0.3996627318718381,0.3086003372681282,0.4688026981450253,0.2799325463743676,0.3642495784148398,0.33389544688026984,0.42495784148397975,0.4131534569983137,0.4502529510961214,0.45193929173693087,0.4148397976391231,0.3440134907251265,0.3642495784148398,0.33895446880269814,0.4300168634064081,0.4350758853288364,0.3372681281618887,0.40134907251264756,0.3676222596964587,0.40978077571669475,0.3490725126475548,0.3372681281618887,0.28330522765598654,0.38785834738617203,0.39291736930860033,0.40134907251264756,0.42495784148397975,0.3305227655986509,0.3440134907251265,0.47554806070826305,0.4300168634064081,0.4350758853288364,0.3136593591905565,0.3591905564924115,0.41989881956155145,0.3254637436762226,0.3946037099494098,0.40134907251264756,0.36930860033726814,0.45193929173693087,0.4688026981450253,0.42327150084317033,0.3625632377740304,0.433389544688027,0.342327150084317,0.3827993254637437,0.31703204047217537,0.3086003372681282,0.433389544688027,0.3946037099494098,0.37099494097807756,0.35413153456998314,0.4317032040472175,0.28330522765598654,0.4131534569983137,0.5075885328836425,0.3962900505902192,0.2934232715008432,0.4114671163575042,0.3136593591905565,0.4671163575042159,0.4502529510961214,0.4468802698145025,0.3406408094435076,0.3254637436762226,0.44013490725126475,0.5059021922428331,0.37268128161888703,0.4688026981450253,0.43676222596964587,0.3069139966273187,0.327150084317032,0.37099494097807756,0.3490725126475548,0.42495784148397975,0.37436762225969644,0.4418212478920742
UAT	GG	0.46037099494097805,0.3979763912310287,0.43844856661045534,0.4300168634064081,0.40134907251264756,0.448566610455312,0.4317032040472175,0.40134907251264756,0.41652613827993257,0.44013490725126475,0.4131534569983137,0.37436762225969644,0.45193929173693087,0.47554806070826305,0.3811129848229342,0.49072512647554806,0.5025295109612141,0.4654300168634064,0.47048903878583476,0.3811129848229342,0.3811129848229342,0.45868465430016864,0.46037099494097805,0.4536256323777403,0.433389544688027,0.4502529510961214,0.418212478920742,0.4671163575042159,0.3946037099494098,0.463743676222597,0.42833052276559863,0.45193929173693087,0.4266441821247892,0.45868465430016864,0.45868465430016864,0.4991568296795953,0.448566610455312,0.45531197301854975,0.40809443507588533,0.47048903878583476,0.26475548060708265,0.40640809443507586,0.43844856661045534,0.45531197301854975,0.4451939291736931,0.45699831365935917,0.41652613827993257,0.46037099494097805,0.49409780775716694,0.4772344013490725,0.36930860033726814,0.45193929173693087,0.4974704890387858,0.5008431703204047,0.3996627318718381,0.41989881956155145,0.5193929173693086,0.5193929173693086,0.433389544688027,0.4654300168634064,0.4468802698145025,0.5059021922428331,0.49072512647554806,0.4131534569983137,0.40640809443507586,0.31703204047217537,0.4502529510961214,0.3608768971332209,0.47892074198988194,0.463743676222597,0.44350758853288363,0.4806070826306914,0.43844856661045534,0.4957841483979764,0.40640809443507586,0.40809443507588533,0.4131534569983137,0.3996627318718381,0.4468802698145025,0.4468802698145025,0.4654300168634064,0.47892074198988194,0.42327150084317033,0.3962900505902192,0.4772344013490725,0.38617200674536256,0.40472175379426645,0.4839797639123103,0.44350758853288363,0.4991568296795953,0.41989881956155145,0.4451939291736931,0.4654300168634064,0.4266441821247892,0.45868465430016864,0.4536256323777403,0.22596964586846544,0.463743676222597,0.3979763912310287,0.4957841483979764
UAT	GG2	0.47892074198988194,0.47048903878583476,0.4266441821247892,0.44350758853288363,0.433389544688027,0.47892074198988194,0.47892074198988194,0.4772344013490725,0.41652613827993257,0.47048903878583476,0.5025295109612141,0.5025295109612141,0.46037099494097805,0.4772344013490725,0.42833052276559863,0.5261382799325464,0.5311973018549747,0.4502529510961214,0.524451939291737,0.403035413153457,0.37268128161888703,0.5025295109612141,0.4822934232715008,0.418212478920742,0.4654300168634064,0.4806070826306914,0.3979763912310287,0.49409780775716694,0.403035413153457,0.49072512647554806,0.42327150084317033,0.4772344013490725,0.45699831365935917,0.4772344013490725,0.4620573355817875,0.5177065767284992,0.4317032040472175,0.47217537942664417,0.4671163575042159,0.5025295109612141,0.47386172006745364,0.5059021922428331,0.41989881956155145,0.4654300168634064,0.47217537942664417,0.4468802698145025,0.4300168634064081,0.521079258010118,0.5328836424957841,0.47892074198988194,0.39291736930860033,0.4654300168634064,0.463743676222597,0.47892074198988194,0.43676222596964587,0.4654300168634064,0.5430016863406408,0.5295109612141653,0.47892074198988194,0.5025295109612141,0.48903878583473864,0.4974704890387858,0.4822934232715008,0.5042158516020236,0.40134907251264756,0.4856661045531197,0.45699831365935917,0.5598650927487352,0.4873524451939292,0.4300168634064081,0.4839797639123103,0.521079258010118,0.47048903878583476,0.5261382799325464,0.4974704890387858,0.40978077571669475,0.4536256323777403,0.3912310286677909,0.521079258010118,0.47217537942664417,0.4924114671163575,0.5109612141652614,0.418212478920742,0.38785834738617203,0.4924114671163575,0.5311973018549747,0.45699831365935917,0.5075885328836425,0.45868465430016864,0.4856661045531197,0.463743676222597,0.4350758853288364,0.4806070826306914,0.47048903878583476,0.4856661045531197,0.49409780775716694,0.5682967959527825,0.5193929173693086,0.448566610455312,0.5042158516020236
Wiki	GEE	0.5920066611157369,0.601165695253955,0.5961698584512906,0.5870108243130724,0.5828476269775187,0.6028309741881765,0.5895087427144047,0.556203164029975,0.5886761032472939,0.6103247293921732,0.5920066611157369,0.5911740216486261,0.5845129059117402,0.5861781848459617,0.5878434637801832,0.5861781848459617,0.5995004163197336,0.5695253955037469,0.6036636136552873,0.5761865112406328,0.6153205661948377,0.5828476269775187,0.5936719400499584,0.582014987510408,0.575353871773522,0.6036636136552873,0.5995004163197336,0.5895087427144047,0.5928393005828476,0.5978351373855121,0.6053288925895087,0.5836802664446294,0.5861781848459617,0.5928393005828476,0.5911740216486261,0.5736885928393006,0.5870108243130724,0.6003330557868443,0.5920066611157369,0.5836802664446294,0.607826810990841,0.601165695253955,0.626977518734388,0.5945045795170691,0.5778517901748543,0.5936719400499584,0.5903413821815154,0.5978351373855121,0.5870108243130724,0.6003330557868443,0.5928393005828476,0.6061615320566195,0.604496253122398,0.582014987510408,0.5703580349708576,0.5961698584512906,0.5861781848459617,0.5953372189841799,0.5761865112406328,0.5878434637801832,0.5836802664446294,0.5761865112406328,0.5886761032472939,0.5920066611157369,0.5978351373855121,0.5986677768526228,0.5945045795170691,0.5961698584512906,0.5903413821815154,0.6119900083263947,0.5970024979184013,0.604496253122398,0.5811823480432973,0.5895087427144047,0.5761865112406328,0.5736885928393006,0.6061615320566195,0.6053288925895087,0.6144879267277269,0.6053288925895087,0.575353871773522,0.5911740216486261,0.5653621981681932,0.5845129059117402,0.5970024979184013,0.5828476269775187,0.6203164029975021,0.6053288925895087,0.5811823480432973,0.5936719400499584,0.6128226477935054,0.5920066611157369,0.6144879267277269,0.5978351373855121,0.5761865112406328,0.585345545378851,0.5795170691090757,0.5795170691090757,0.601165695253955,0.5470441298917569
Wiki	GNN	0.41298917568692756,0.4462947543713572,0.4029975020815987,0.48209825145711904,0.43130724396336384,0.443796835970025,0.43297252289758537,0.4521232306411324,0.4071606994171524,0.4079933388842631,0.4079933388842631,0.4462947543713572,0.4138218151540383,0.43130724396336384,0.37885095753538717,0.3463780183180683,0.35803497085761865,0.45961698584512906,0.398834304746045,0.4363030807660283,0.395503746877602,0.39633638634471274,0.38634471273938387,0.4687760199833472,0.4579517069109076,0.30724396336386345,0.4196502914238135,0.37635303913405493,0.41298917568692756,0.33139050791007496,0.4196502914238135,0.4221482098251457,0.36219816819317235,0.3971690258118235,0.4113238967527061,0.38384679433805163,0.4138218151540383,0.41881765195670273,0.43130724396336384,0.35803497085761865,0.38218151540383016,0.3946711074104913,0.4104912572855953,0.47543713572023316,0.3896752706078268,0.43880099916736054,0.3930058284762698,0.3655287260616153,0.32556203164029973,0.37635303913405493,0.34388009991673607,0.3871773522064946,0.3547044129891757,0.35803497085761865,0.4021648626144879,0.4587843463780183,0.4537885095753539,0.48376353039134057,0.38051623646960864,0.38384679433805163,0.4579517069109076,0.37218984179850123,0.3430474604496253,0.4113238967527061,0.42964196502914237,0.395503746877602,0.4104912572855953,0.3946711074104913,0.4421315570358035,0.46544546211490423,0.4321398834304746,0.4096586178184846,0.4096586178184846,0.4221482098251457,0.3713572023313905,0.33638634471273937,0.3530391340549542,0.3655287260616153,0.373022481265612,0.3913405495420483,0.3980016652789342,0.4579517069109076,0.43297252289758537,0.40049958368026645,0.43047460449625313,0.4579517069109076,0.42631140716069943,0.44712739383846795,0.3896752706078268,0.3547044129891757,0.4454621149042465,0.4338051623646961,0.3913405495420483,0.3755203996669442,0.3813488759367194,0.37635303913405493,0.3980016652789342,0.4071606994171524,0.42714404662781014,0.4096586178184846
Wiki	GG	0.6344712739383847,0.6369691923397169,0.6236469608659451,0.6203164029975021,0.6103247293921732,0.6236469608659451,0.607826810990841,0.585345545378851,0.6194837635303914,0.6203164029975021,0.6153205661948377,0.6069941715237303,0.6228143213988343,0.6103247293921732,0.6153205661948377,0.6178184845961698,0.6186511240632806,0.5928393005828476,0.6194837635303914,0.6069941715237303,0.6153205661948377,0.607826810990841,0.6261448792672772,0.6236469608659451,0.6136552872606161,0.626977518734388,0.6294754371357202,0.6169858451290591,0.6311407160699417,0.6328059950041632,0.6452955870108243,0.6086594504579517,0.6153205661948377,0.626977518734388,0.6178184845961698,0.601165695253955,0.6203164029975021,0.6353039134054954,0.6244796003330558,0.6253122398001665,0.6253122398001665,0.6128226477935054,0.6502914238134888,0.6228143213988343,0.6169858451290591,0.6178184845961698,0.611157368859284,0.6169858451290591,0.5953372189841799,0.6069941715237303,0.6286427976686095,0.6186511240632806,0.6261448792672772,0.6086594504579517,0.5928393005828476,0.6144879267277269,0.6228143213988343,0.6153205661948377,0.6094920899250624,0.6036636136552873,0.6261448792672772,0.5945045795170691,0.6061615320566195,0.6128226477935054,0.6294754371357202,0.6361365528726062,0.6228143213988343,0.6228143213988343,0.6194837635303914,0.6236469608659451,0.6194837635303914,0.6086594504579517,0.6169858451290591,0.6203164029975021,0.6136552872606161,0.6003330557868443,0.626977518734388,0.6253122398001665,0.6219816819317235,0.6502914238134888,0.5886761032472939,0.6153205661948377,0.5870108243130724,0.6194837635303914,0.6161532056619484,0.6144879267277269,0.6278101582014988,0.6319733555370525,0.6144879267277269,0.6319733555370525,0.6353039134054954,0.6161532056619484,0.6344712739383847,0.6244796003330558,0.5920066611157369,0.607826810990841,0.6061615320566195,0.6061615320566195,0.6194837635303914,0.5828476269775187
Wiki	GG2	0.6128226477935054,0.6452955870108243,0.6211490424646128,0.6144879267277269,0.6036636136552873,0.6219816819317235,0.6069941715237303,0.5778517901748543,0.6186511240632806,0.6203164029975021,0.6119900083263947,0.5995004163197336,0.604496253122398,0.6103247293921732,0.611157368859284,0.5995004163197336,0.6186511240632806,0.5911740216486261,0.6086594504579517,0.5961698584512906,0.6344712739383847,0.601165695253955,0.6228143213988343,0.6053288925895087,0.6144879267277269,0.6178184845961698,0.6278101582014988,0.6019983347210658,0.6203164029975021,0.6361365528726062,0.630308076602831,0.5986677768526228,0.6053288925895087,0.6178184845961698,0.604496253122398,0.5920066611157369,0.6119900083263947,0.6178184845961698,0.6103247293921732,0.6069941715237303,0.6211490424646128,0.6153205661948377,0.6436303080766028,0.6119900083263947,0.604496253122398,0.6211490424646128,0.6028309741881765,0.6103247293921732,0.5928393005828476,0.6153205661948377,0.6236469608659451,0.6219816819317235,0.626977518734388,0.604496253122398,0.5878434637801832,0.6128226477935054,0.6144879267277269,0.6086594504579517,0.5978351373855121,0.6036636136552873,0.6069941715237303,0.5928393005828476,0.6019983347210658,0.6061615320566195,0.6228143213988343,0.6261448792672772,0.6186511240632806,0.6036636136552873,0.6061615320566195,0.6261448792672772,0.6203164029975021,0.6153205661948377,0.6103247293921732,0.6094920899250624,0.6128226477935054,0.5945045795170691,0.6253122398001665,0.6186511240632806,0.6261448792672772,0.6311407160699417,0.5886761032472939,0.6136552872606161,0.5861781848459617,0.6094920899250624,0.6178184845961698,0.6094920899250624,0.6311407160699417,0.6203164029975021,0.6053288925895087,0.6186511240632806,0.6444629475437136,0.6103247293921732,0.6236469608659451,0.6136552872606161,0.5878434637801832,0.6094920899250624,0.6203164029975021,0.5970024979184013,0.6186511240632806,0.5711906744379683
Gene	GEE	0.7282608695652174,0.7445652173913043,0.769927536231884,0.7862318840579711,0.7681159420289855,0.7282608695652174,0.7608695652173914,0.7572463768115942,0.7626811594202898,0.7681159420289855,0.697463768115942,0.7663043478260869,0.7445652173913043,0.7608695652173914,0.6938405797101449,0.7644927536231884,0.7771739130434783,0.7771739130434783,0.7916666666666666,0.7481884057971014,0.7681159420289855,0.7971014492753623,0.7572463768115942,0.7626811594202898,0.769927536231884,0.7463768115942029,0.7536231884057971,0.7572463768115942,0.75,0.730072463768116,0.7898550724637681,0.7644927536231884,0.769927536231884,0.7427536231884058,0.7481884057971014,0.7717391304347826,0.75,0.7644927536231884,0.7554347826086957,0.8007246376811594,0.7789855072463768,0.7735507246376812,0.75,0.7663043478260869,0.769927536231884,0.7572463768115942,0.7771739130434783,0.769927536231884,0.7971014492753623,0.7880434782608695,0.7554347826086957,0.7481884057971014,0.7572463768115942,0.782608695652174,0.7717391304347826,0.7807971014492754,0.7518115942028986,0.6956521739130435,0.7789855072463768,0.6902173913043478,0.7445652173913043,0.7644927536231884,0.7717391304347826,0.782608695652174,0.782608695652174,0.7934782608695652,0.7391304347826086,0.7771739130434783,0.7427536231884058,0.7518115942028986,0.7934782608695652,0.7663043478260869,0.7137681159420289,0.7735507246376812,0.7663043478260869,0.7735507246376812,0.7590579710144928,0.7644927536231884,0.7590579710144928,0.7590579710144928,0.7137681159420289,0.7644927536231884,0.7753623188405797,0.6920289855072463,0.7644927536231884,0.7663043478260869,0.7807971014492754,0.7898550724637681,0.8043478260869565,0.769927536231884,0.782608695652174,0.7735507246376812,0.7590579710144928,0.7590579710144928,0.7916666666666666,0.7463768115942029,0.782608695652174,0.782608695652174,0.7753623188405797,0.7608695652173914
Gene	GNN	0.6648550724637681,0.6123188405797102,0.6666666666666666,0.6902173913043478,0.4746376811594203,0.6376811594202898,0.5289855072463768,0.6231884057971014,0.6177536231884058,0.5942028985507246,0.5887681159420289,0.5108695652173914,0.5688405797101449,0.6721014492753623,0.7101449275362319,0.5452898550724637,0.5634057971014492,0.7192028985507246,0.6503623188405797,0.6394927536231884,0.5797101449275363,0.5960144927536232,0.5489130434782609,0.5978260869565217,0.5108695652173914,0.6920289855072463,0.7318840579710145,0.3605072463768116,0.6141304347826086,0.6865942028985508,0.6231884057971014,0.7572463768115942,0.5489130434782609,0.5362318840579711,0.5452898550724637,0.45471014492753625,0.41847826086956524,0.6684782608695652,0.6195652173913043,0.6322463768115942,0.7028985507246377,0.6177536231884058,0.6231884057971014,0.7083333333333334,0.4855072463768116,0.5181159420289855,0.6358695652173914,0.3858695652173913,0.6630434782608695,0.7663043478260869,0.5271739130434783,0.5144927536231884,0.7065217391304348,0.5434782608695652,0.48188405797101447,0.7735507246376812,0.6141304347826086,0.6539855072463768,0.5434782608695652,0.6793478260869565,0.4855072463768116,0.7572463768115942,0.717391304347826,0.5905797101449275,0.6992753623188406,0.7246376811594203,0.5851449275362319,0.7210144927536232,0.5289855072463768,0.7409420289855072,0.519927536231884,0.7409420289855072,0.7210144927536232,0.7717391304347826,0.7010869565217391,0.5,0.6648550724637681,0.7101449275362319,0.6413043478260869,0.6938405797101449,0.5706521739130435,0.5778985507246377,0.483695652173913,0.5887681159420289,0.4528985507246377,0.6286231884057971,0.6304347826086957,0.6630434782608695,0.3442028985507246,0.5,0.6105072463768116,0.6884057971014492,0.45471014492753625,0.5398550724637681,0.5652173913043478,0.5217391304347826,0.5706521739130435,0.6177536231884058,0.677536231884058,0.5344202898550725
Gene	GG	0.7246376811594203,0.7192028985507246,0.7518115942028986,0.7101449275362319,0.7644927536231884,0.7355072463768116,0.7554347826086957,0.730072463768116,0.7663043478260869,0.7789855072463768,0.7246376811594203,0.7445652173913043,0.769927536231884,0.7626811594202898,0.644927536231884,0.46557971014492755,0.7572463768115942,0.7028985507246377,0.49094202898550726,0.4583333333333333,0.75,0.5670289855072463,0.2898550724637681,0.5434782608695652,0.7445652173913043,0.7572463768115942,0.7391304347826086,0.5887681159420289,0.5253623188405797,0.7373188405797102,0.6902173913043478,0.7626811594202898,0.7626811594202898,0.6938405797101449,0.7318840579710145,0.7355072463768116,0.7210144927536232,0.7355072463768116,0.5670289855072463,0.7989130434782609,0.7010869565217391,0.7355072463768116,0.6902173913043478,0.7554347826086957,0.7681159420289855,0.6376811594202898,0.7789855072463768,0.5543478260869565,0.7753623188405797,0.7608695652173914,0.7590579710144928,0.4891304347826087,0.7481884057971014,0.7264492753623188,0.7119565217391305,0.6992753623188406,0.7753623188405797,0.6811594202898551,0.7717391304347826,0.7373188405797102,0.75,0.7445652173913043,0.7246376811594203,0.782608695652174,0.6630434782608695,0.7101449275362319,0.7264492753623188,0.5126811594202898,0.7481884057971014,0.769927536231884,0.49094202898550726,0.7644927536231884,0.677536231884058,0.782608695652174,0.5235507246376812,0.7590579710144928,0.7572463768115942,0.7228260869565217,0.7355072463768116,0.7010869565217391,0.7246376811594203,0.7047101449275363,0.7735507246376812,0.7409420289855072,0.572463768115942,0.7681159420289855,0.7246376811594203,0.7355072463768116,0.7155797101449275,0.7644927536231884,0.7862318840579711,0.7626811594202898,0.7536231884057971,0.7554347826086957,0.7228260869565217,0.7137681159420289,0.7590579710144928,0.7518115942028986,0.7137681159420289,0.7246376811594203
Gene	GG2	0.7264492753623188,0.7355072463768116,0.7608695652173914,0.7427536231884058,0.7481884057971014,0.7663043478260869,0.7590579710144928,0.7210144927536232,0.7554347826086957,0.7862318840579711,0.7155797101449275,0.7481884057971014,0.7608695652173914,0.7373188405797102,0.6630434782608695,0.7608695652173914,0.7644927536231884,0.6956521739130435,0.7427536231884058,0.7228260869565217,0.7536231884057971,0.7481884057971014,0.7445652173913043,0.7210144927536232,0.769927536231884,0.7518115942028986,0.7735507246376812,0.7934782608695652,0.6739130434782609,0.7137681159420289,0.6938405797101449,0.7626811594202898,0.7681159420289855,0.7028985507246377,0.769927536231884,0.7355072463768116,0.7518115942028986,0.7481884057971014,0.7536231884057971,0.7880434782608695,0.6902173913043478,0.7336956521739131,0.7445652173913043,0.7518115942028986,0.7952898550724637,0.7554347826086957,0.7735507246376812,0.7445652173913043,0.7681159420289855,0.769927536231884,0.7572463768115942,0.7445652173913043,0.7590579710144928,0.7518115942028986,0.7373188405797102,0.7373188405797102,0.7518115942028986,0.6757246376811594,0.7753623188405797,0.7101449275362319,0.7445652173913043,0.7373188405797102,0.7264492753623188,0.7663043478260869,0.6865942028985508,0.75,0.7536231884057971,0.7590579710144928,0.75,0.7789855072463768,0.7481884057971014,0.7391304347826086,0.7264492753623188,0.7463768115942029,0.769927536231884,0.7608695652173914,0.7572463768115942,0.75,0.7518115942028986,0.7463768115942029,0.7391304347826086,0.6956521739130435,0.7391304347826086,0.7445652173913043,0.7101449275362319,0.7590579710144928,0.7264492753623188,0.7282608695652174,0.6902173913043478,0.7626811594202898,0.7807971014492754,0.7644927536231884,0.7282608695652174,0.7717391304347826,0.7934782608695652,0.7101449275362319,0.7735507246376812,0.7336956521739131,0.7264492753623188,0.7228260869565217
IIP	GEE	0.6238532110091743,0.6605504587155964,0.6238532110091743,0.5963302752293578,0.5963302752293578,0.6146788990825688,0.6146788990825688,0.6422018348623854,0.6605504587155964,0.6513761467889908,0.5963302752293578,0.5871559633027523,0.6146788990825688,0.5871559633027523,0.5779816513761468,0.6697247706422018,0.5963302752293578,0.6238532110091743,0.6238532110091743,0.6055045871559633,0.5871559633027523,0.6238532110091743,0.6146788990825688,0.5504587155963303,0.6238532110091743,0.5871559633027523,0.48623853211009177,0.5321100917431193,0.6330275229357798,0.5779816513761468,0.45871559633027525,0.7155963302752294,0.5871559633027523,0.7431192660550459,0.6880733944954128,0.6055045871559633,0.5412844036697247,0.4954128440366973,0.6055045871559633,0.5963302752293578,0.6055045871559633,0.5871559633027523,0.6422018348623854,0.5412844036697247,0.6330275229357798,0.5963302752293578,0.5321100917431193,0.6055045871559633,0.5963302752293578,0.6422018348623854,0.5688073394495413,0.6146788990825688,0.5688073394495413,0.6146788990825688,0.6513761467889908,0.6788990825688074,0.6238532110091743,0.6330275229357798,0.5688073394495413,0.6422018348623854,0.47706422018348627,0.5412844036697247,0.5321100917431193,0.5504587155963303,0.5688073394495413,0.6513761467889908,0.6146788990825688,0.5779816513761468,0.5963302752293578,0.6146788990825688,0.6146788990825688,0.6513761467889908,0.6513761467889908,0.5871559633027523,0.5321100917431193,0.6238532110091743,0.5871559633027523,0.6238532110091743,0.5596330275229358,0.5412844036697247,0.6146788990825688,0.6605504587155964,0.6146788990825688,0.5871559633027523,0.6055045871559633,0.5504587155963303,0.5963302752293578,0.6055045871559633,0.5871559633027523,0.6330275229357798,0.5779816513761468,0.6055045871559633,0.5871559633027523,0.5412844036697247,0.6055045871559633,0.5137614678899083,0.6238532110091743,0.6238532110091743,0.6146788990825688,0.6422018348623854
IIP	GNN	0.5596330275229358,0.44036697247706424,0.42201834862385323,0.5229357798165137,0.45871559633027525,0.5688073394495413,0.5321100917431193,0.47706422018348627,0.5504587155963303,0.47706422018348627,0.5871559633027523,0.45871559633027525,0.5229357798165137,0.3853211009174312,0.5045871559633027,0.5412844036697247,0.43119266055045874,0.5229357798165137,0.5871559633027523,0.44954128440366975,0.5137614678899083,0.5321100917431193,0.5504587155963303,0.5688073394495413,0.5412844036697247,0.5963302752293578,0.5045871559633027,0.44036697247706424,0.5504587155963303,0.47706422018348627,0.3761467889908257,0.5137614678899083,0.5137614678899083,0.5412844036697247,0.43119266055045874,0.5137614678899083,0.5229357798165137,0.4954128440366973,0.5504587155963303,0.44036697247706424,0.5504587155963303,0.41284403669724773,0.47706422018348627,0.44036697247706424,0.5596330275229358,0.5779816513761468,0.5229357798165137,0.4954128440366973,0.5229357798165137,0.5688073394495413,0.5412844036697247,0.42201834862385323,0.5229357798165137,0.5963302752293578,0.6055045871559633,0.47706422018348627,0.4036697247706422,0.6146788990825688,0.5045871559633027,0.5504587155963303,0.5321100917431193,0.5504587155963303,0.46788990825688076,0.5045871559633027,0.6146788990825688,0.4954128440366973,0.5412844036697247,0.46788990825688076,0.5412844036697247,0.5045871559633027,0.48623853211009177,0.5596330275229358,0.4954128440366973,0.4954128440366973,0.5137614678899083,0.3669724770642202,0.5137614678899083,0.5321100917431193,0.6146788990825688,0.47706422018348627,0.5321100917431193,0.46788990825688076,0.4954128440366973,0.5504587155963303,0.5229357798165137,0.46788990825688076,0.5229357798165137,0.5688073394495413,0.5871559633027523,0.6422018348623854,0.5137614678899083,0.5045871559633027,0.44954128440366975,0.44954128440366975,0.45871559633027525,0.41284403669724773,0.5137614678899083,0.5779816513761468,0.5229357798165137,0.5045871559633027
IIP	GG	0.6788990825688074,0.6880733944954128,0.5596330275229358,0.5871559633027523,0.6788990825688074,0.6513761467889908,0.5688073394495413,0.5871559633027523,0.5779816513761468,0.5596330275229358,0.5871559633027523,0.6238532110091743,0.6055045871559633,0.5871559633027523,0.6238532110091743,0.5688073394495413,0.6788990825688074,0.5688073394495413,0.6513761467889908,0.5596330275229358,0.6146788990825688,0.6330275229357798,0.6788990825688074,0.5963302752293578,0.6605504587155964,0.5779816513761468,0.5137614678899083,0.6238532110091743,0.6788990825688074,0.6146788990825688,0.5321100917431193,0.6972477064220184,0.5596330275229358,0.7339449541284404,0.7339449541284404,0.5871559633027523,0.5596330275229358,0.6146788990825688,0.5871559633027523,0.5229357798165137,0.5779816513761468,0.5596330275229358,0.6513761467889908,0.5229357798165137,0.6788990825688074,0.6146788990825688,0.5137614678899083,0.6422018348623854,0.6697247706422018,0.6880733944954128,0.5688073394495413,0.6422018348623854,0.6146788990825688,0.5963302752293578,0.6605504587155964,0.6605504587155964,0.6238532110091743,0.6788990825688074,0.6513761467889908,0.6422018348623854,0.5412844036697247,0.5596330275229358,0.5321100917431193,0.6238532110091743,0.5412844036697247,0.6972477064220184,0.5688073394495413,0.5229357798165137,0.6146788990825688,0.6146788990825688,0.5779816513761468,0.6605504587155964,0.6513761467889908,0.6422018348623854,0.6330275229357798,0.5963302752293578,0.6055045871559633,0.5504587155963303,0.5688073394495413,0.6055045871559633,0.7155963302752294,0.6513761467889908,0.6330275229357798,0.5963302752293578,0.6422018348623854,0.5229357798165137,0.6146788990825688,0.6238532110091743,0.6238532110091743,0.6422018348623854,0.5963302752293578,0.5963302752293578,0.6513761467889908,0.6055045871559633,0.6238532110091743,0.5504587155963303,0.6238532110091743,0.6330275229357798,0.6330275229357798,0.7155963302752294
IIP	GG2	0.6697247706422018,0.7064220183486238,0.6055045871559633,0.6055045871559633,0.6788990825688074,0.6238532110091743,0.5871559633027523,0.6055045871559633,0.6422018348623854,0.6880733944954128,0.6146788990825688,0.6422018348623854,0.6146788990825688,0.5963302752293578,0.5871559633027523,0.6330275229357798,0.6513761467889908,0.5779816513761468,0.6788990825688074,0.5779816513761468,0.6055045871559633,0.6146788990825688,0.6513761467889908,0.5596330275229358,0.6513761467889908,0.5688073394495413,0.5137614678899083,0.5871559633027523,0.7064220183486238,0.5963302752293578,0.44954128440366975,0.6972477064220184,0.5963302752293578,0.7155963302752294,0.7339449541284404,0.6330275229357798,0.5779816513761468,0.5596330275229358,0.6238532110091743,0.5779816513761468,0.5688073394495413,0.5596330275229358,0.6972477064220184,0.5504587155963303,0.6788990825688074,0.6146788990825688,0.6330275229357798,0.6513761467889908,0.6513761467889908,0.6697247706422018,0.6055045871559633,0.6605504587155964,0.6146788990825688,0.6330275229357798,0.6513761467889908,0.6422018348623854,0.6972477064220184,0.6788990825688074,0.6330275229357798,0.6605504587155964,0.5045871559633027,0.5596330275229358,0.5412844036697247,0.6146788990825688,0.5321100917431193,0.6880733944954128,0.5688073394495413,0.5596330275229358,0.5963302752293578,0.6238532110091743,0.6513761467889908,0.6880733944954128,0.6697247706422018,0.6330275229357798,0.5596330275229358,0.6238532110091743,0.6605504587155964,0.6238532110091743,0.5596330275229358,0.6422018348623854,0.7064220183486238,0.6697247706422018,0.6788990825688074,0.6330275229357798,0.6330275229357798,0.5688073394495413,0.6422018348623854,0.6697247706422018,0.6422018348623854,0.6238532110091743,0.5871559633027523,0.6238532110091743,0.6513761467889908,0.5963302752293578,0.5963302752293578,0.5596330275229358,0.6880733944954128,0.6513761467889908,0.6513761467889908,0.6880733944954128
lastfm	GEE	0.7155602204145893,0.7215953817895565,0.7158226187352401,0.7215953817895565,0.7218577801102073,0.7147730254526371,0.7271057465232222,0.7289425347677775,0.7231697717134611,0.7239569666754133,0.7250065599580162,0.7142482288113357,0.7205457885069536,0.7137234321700341,0.7150354237732879,0.7069010758331147,0.7168722120178431,0.7184466019417476,0.7145106271319863,0.7276305431645238,0.7234321700341118,0.7008659144581475,0.7210705851482551,0.7197585935450013,0.7257937549199686,0.7213329834689058,0.7173970086591446,0.7202833901863028,0.7042770926266072,0.7223825767515087,0.7079506691157177,0.7108370506428758,0.7082130674363684,0.7231697717134611,0.725268958278667,0.7223825767515087,0.7110994489635266,0.7226449750721595,0.7145106271319863,0.7061138808711624,0.7289425347677775,0.7187090002623984,0.717921805300446,0.7100498556809236,0.7063762791918132,0.7192337969036998,0.7268433482025715,0.7137234321700341,0.7260561532406192,0.7210705851482551,0.7292049330884283,0.695093151403831,0.7310417213329835,0.7053266859092102,0.7126738388874311,0.7208081868276043,0.6929939648386251,0.732616111256888,0.7118866439254788,0.7113618472841774,0.7278929414851745,0.7234321700341118,0.7173970086591446,0.7163474153765416,0.7265809498819208,0.7310417213329835,0.7226449750721595,0.7147730254526371,0.7297297297297297,0.7286801364471267,0.7000787194961953,0.7134610338493834,0.7168722120178431,0.7152978220939386,0.7239569666754133,0.7145106271319863,0.7152978220939386,0.7255313565993178,0.7276305431645238,0.7223825767515087,0.7166098136971923,0.7171346103384938,0.720020991865652,0.7050642875885594,0.7171346103384938,0.7069010758331147,0.7053266859092102,0.7000787194961953,0.7229073733928103,0.7105746523222252,0.7053266859092102,0.7192337969036998,0.7061138808711624,0.6969299396483862,0.7160850170558909,0.7173970086591446,0.6977171346103385,0.7231697717134611,0.7129362372080819,0.7271057465232222
lastfm	GNN	0.6444502755182366,0.6407766990291263,0.5922330097087378,0.6061401207032275,0.6079769089477828,0.6573077932301233,0.6158488585673052,0.6234584098661768,0.6339543426922067,0.6239832065074784,0.6218840199422724,0.6350039359748098,0.6266071897139859,0.5982681710837051,0.6612437680398845,0.5961689845184991,0.6242456048281291,0.6373655208606664,0.6523222251377592,0.6811860404093414,0.6447126738388874,0.6625557596431383,0.6100760955129887,0.615061663605353,0.6444502755182366,0.5861978483337706,0.6350039359748098,0.6292311729204934,0.6502230385725531,0.63159275780635,0.599317764366308,0.5890842298609289,0.5938073996326424,0.6069273156651798,0.6263447913933351,0.6457622671214904,0.668066124376804,0.5851482550511676,0.5972185778011021,0.5801626869588035,0.6523222251377592,0.6134872736814484,0.5948569929152453,0.6279191813172396,0.6491734452899501,0.6082393072684334,0.6289687745998426,0.6103384938336395,0.5507740750459197,0.5843610600892154,0.636840724219365,0.6360535292574128,0.5951193912358961,0.6460246654421412,0.6636053529257413,0.6226712149042246,0.5680923642088691,0.6171608501705589,0.606664917344529,0.6279191813172396,0.6247704014694306,0.5783258987142482,0.6119128837575439,0.6289687745998426,0.6523222251377592,0.6329047494096037,0.6127000787194962,0.6247704014694306,0.6462870637627919,0.6016793492521648,0.6612437680398845,0.6473366570453949,0.6229336132248754,0.5552348464969824,0.667016531094201,0.5633691944371556,0.6405143007084755,0.5980057727630543,0.6696405143007085,0.6426134872736814,0.6292311729204934,0.5959065861978483,0.6032537391760693,0.6258199947520335,0.634741537654159,0.6155864602466544,0.5778011020729468,0.5770139071109945,0.6218840199422724,0.6615061663605353,0.6462870637627919,0.6189976384151141,0.5924954080293886,0.6491734452899501,0.6266071897139859,0.6203096300183679,0.583836263447914,0.6029913408554185,0.6008921542902126,0.6006297559695618
lastfm	GG	0.7753870375229599,0.7913933350826555,0.7719758593545001,0.7819469955392285,0.786670165310942,0.7551823668328522,0.7541327735502493,0.7772238257675151,0.7853581737076882,0.7667278929414851,0.8005772763054316,0.7745998425610076,0.7730254526371031,0.7730254526371031,0.7643663080556284,0.7620047231697717,0.763841511414327,0.7732878509577539,0.7693518761479926,0.7861453686696405,0.7777486224088166,0.7735502492784047,0.7738126475990553,0.7727630543164524,0.7735502492784047,0.7664654946208345,0.7769614274468644,0.7473104172133298,0.7698766727892942,0.7740750459197061,0.7711886643925479,0.770139071109945,0.758593545001312,0.7620047231697717,0.7732878509577539,0.778273419050118,0.7759118341642613,0.7745998425610076,0.7727630543164524,0.7714510627131986,0.79296772500656,0.7785358173707688,0.7759118341642613,0.7698766727892942,0.763841511414327,0.7680398845447389,0.7790606140120703,0.7714510627131986,0.7785358173707688,0.7829965888218315,0.7921805300446078,0.7515087903437419,0.7916557334033062,0.7711886643925479,0.770139071109945,0.7780110207294674,0.7507215953817895,0.7950669115717659,0.7777486224088166,0.7722382576751509,0.7814221988979271,0.7772238257675151,0.7725006559958016,0.770139071109945,0.7753870375229599,0.7858829703489898,0.7774862240881658,0.7680398845447389,0.7803726056153241,0.7738126475990553,0.7654159013382315,0.7722382576751509,0.7732878509577539,0.7761742324849121,0.7801102072946733,0.7816845972185777,0.7683022828653897,0.7798478089740226,0.7861453686696405,0.7654159013382315,0.7675150879034374,0.7735502492784047,0.770139071109945,0.7735502492784047,0.7756494358436106,0.7580687483600105,0.762791918131724,0.7675150879034374,0.7609551298871687,0.7824717921805301,0.7648911046969299,0.7549199685122016,0.785620572028339,0.7659406979795329,0.7683022828653897,0.7764366308055628,0.7549199685122016,0.7882445552348465,0.7656782996588822,0.7654159013382315
lastfm	GG2	0.7641039097349777,0.7832589871424823,0.7745998425610076,0.7717134610338494,0.7756494358436106,0.7578063500393597,0.7425872474416164,0.7738126475990553,0.7777486224088166,0.7709262660718972,0.7874573602728943,0.7685646811860404,0.7596431382839149,0.7630543164523748,0.7588559433219627,0.7625295198110732,0.7580687483600105,0.7672526895827867,0.7730254526371031,0.786670165310942,0.7683022828653897,0.7667278929414851,0.7622671214904224,0.760692731566518,0.7683022828653897,0.7667278929414851,0.7704014694305956,0.7583311466806613,0.7593807399632643,0.7693518761479926,0.7604303332458672,0.757543951718709,0.7525583836263448,0.7596431382839149,0.7704014694305956,0.7680398845447389,0.7717134610338494,0.7630543164523748,0.7677774862240881,0.7612175282078195,0.7843085804250853,0.7766990291262136,0.7680398845447389,0.755444765153503,0.7522959853056941,0.7614799265284702,0.7766990291262136,0.7601679349252165,0.7730254526371031,0.7785358173707688,0.7777486224088166,0.7423248491209656,0.7824717921805301,0.7583311466806613,0.7690894778273419,0.7704014694305956,0.7462608239307268,0.7843085804250853,0.7709262660718972,0.7651535030175807,0.7654159013382315,0.7698766727892942,0.7740750459197061,0.7675150879034374,0.7696142744686434,0.7790606140120703,0.7711886643925479,0.7583311466806613,0.7685646811860404,0.7643663080556284,0.7677774862240881,0.7646287063762792,0.7609551298871687,0.7591183416426135,0.7743374442403569,0.7759118341642613,0.7656782996588822,0.7735502492784047,0.7864077669902912,0.7609551298871687,0.770139071109945,0.770139071109945,0.756494358436106,0.7570191550774075,0.762791918131724,0.7478352138546314,0.7551823668328522,0.7680398845447389,0.7522959853056941,0.7735502492784047,0.761742324849121,0.7488848071372344,0.7766990291262136,0.7580687483600105,0.755444765153503,0.7745998425610076,0.7462608239307268,0.7740750459197061,0.7669902912621359,0.7509839937024403
polblogs	GEE	0.9183006535947712,0.8872549019607843,0.923202614379085,0.9264705882352942,0.9035947712418301,0.8954248366013072,0.9215686274509803,0.8741830065359477,0.9199346405228758,0.8986928104575164,0.9052287581699346,0.9281045751633987,0.9101307189542484,0.9133986928104575,0.880718954248366,0.8839869281045751,0.9068627450980392,0.9101307189542484,0.9068627450980392,0.8986928104575164,0.9264705882352942,0.8872549019607843,0.923202614379085,0.8921568627450981,0.9395424836601307,0.8888888888888888,0.8888888888888888,0.8970588235294118,0.8905228758169934,0.9183006535947712,0.9035947712418301,0.9183006535947712,0.8741830065359477,0.9003267973856209,0.8758169934640523,0.9264705882352942,0.9117647058823529,0.8986928104575164,0.8970588235294118,0.9264705882352942,0.8741830065359477,0.9133986928104575,0.8921568627450981,0.9313725490196079,0.9019607843137255,0.9215686274509803,0.9166666666666666,0.9003267973856209,0.9117647058823529,0.9215686274509803,0.9068627450980392,0.8954248366013072,0.9166666666666666,0.8839869281045751,0.8839869281045751,0.923202614379085,0.9215686274509803,0.9052287581699346,0.9068627450980392,0.9003267973856209,0.9215686274509803,0.9117647058823529,0.9183006535947712,0.9264705882352942,0.8937908496732027,0.8905228758169934,0.923202614379085,0.9150326797385621,0.9019607843137255,0.9052287581699346,0.880718954248366,0.9313725490196079,0.9248366013071896,0.9003267973856209,0.8872549019607843,0.9117647058823529,0.8921568627450981,0.8856209150326797,0.9019607843137255,0.9101307189542484,0.9068627450980392,0.934640522875817,0.923202614379085,0.8921568627450981,0.9264705882352942,0.9183006535947712,0.9281045751633987,0.9117647058823529,0.9313725490196079,0.9199346405228758,0.9281045751633987,0.9150326797385621,0.9101307189542484,0.8888888888888888,0.8839869281045751,0.9150326797385621,0.8954248366013072,0.9068627450980392,0.9199346405228758,0.8839869281045751
polblogs	GNN	0.8300653594771242,0.7549019607843137,0.8366013071895425,0.8741830065359477,0.5686274509803921,0.7761437908496732,0.5,0.8643790849673203,0.7107843137254902,0.8006535947712419,0.7156862745098039,0.6633986928104575,0.7173202614379085,0.8660130718954249,0.7990196078431373,0.7450980392156863,0.5424836601307189,0.8611111111111112,0.8088235294117647,0.8088235294117647,0.6813725490196079,0.6781045751633987,0.5947712418300654,0.8218954248366013,0.5277777777777778,0.9150326797385621,0.8872549019607843,0.5016339869281046,0.7189542483660131,0.8856209150326797,0.7320261437908496,0.8284313725490197,0.6911764705882353,0.6078431372549019,0.7189542483660131,0.6388888888888888,0.5375816993464052,0.8333333333333334,0.815359477124183,0.7401960784313726,0.803921568627451,0.7434640522875817,0.8758169934640523,0.7450980392156863,0.6421568627450981,0.6535947712418301,0.7532679738562091,0.5637254901960784,0.8366013071895425,0.8398692810457516,0.8169934640522876,0.6683006535947712,0.8284313725490197,0.5490196078431373,0.5032679738562091,0.8366013071895425,0.630718954248366,0.7189542483660131,0.6323529411764706,0.8235294117647058,0.7303921568627451,0.8790849673202614,0.8986928104575164,0.6388888888888888,0.8562091503267973,0.8545751633986928,0.6535947712418301,0.8921568627450981,0.6879084967320261,0.8496732026143791,0.684640522875817,0.8823529411764706,0.8970588235294118,0.8937908496732027,0.8447712418300654,0.5866013071895425,0.8006535947712419,0.8905228758169934,0.7450980392156863,0.7794117647058824,0.6552287581699346,0.7091503267973857,0.6013071895424836,0.684640522875817,0.5163398692810458,0.8137254901960784,0.7450980392156863,0.7924836601307189,0.5032679738562091,0.7761437908496732,0.815359477124183,0.9019607843137255,0.4133986928104575,0.6928104575163399,0.5147058823529411,0.8006535947712419,0.6437908496732027,0.8251633986928104,0.8202614379084967,0.6519607843137255
polblogs	GG	0.9444444444444444,0.7892156862745098,0.9150326797385621,0.8725490196078431,0.9133986928104575,0.9150326797385621,0.9395424836601307,0.9183006535947712,0.9428104575163399,0.9281045751633987,0.9166666666666666,0.9297385620915033,0.9248366013071896,0.9117647058823529,0.8627450980392157,0.5490196078431373,0.9444444444444444,0.934640522875817,0.5751633986928104,0.5375816993464052,0.8937908496732027,0.47875816993464054,0.49019607843137253,0.8006535947712419,0.9509803921568627,0.8954248366013072,0.8937908496732027,0.5016339869281046,0.8839869281045751,0.9215686274509803,0.8905228758169934,0.954248366013072,0.8921568627450981,0.9199346405228758,0.8464052287581699,0.9166666666666666,0.9166666666666666,0.9379084967320261,0.6601307189542484,0.9395424836601307,0.8856209150326797,0.9035947712418301,0.7581699346405228,0.946078431372549,0.9183006535947712,0.8088235294117647,0.9297385620915033,0.4869281045751634,0.9248366013071896,0.9101307189542484,0.934640522875817,0.8856209150326797,0.9215686274509803,0.8905228758169934,0.9297385620915033,0.8741830065359477,0.9281045751633987,0.9166666666666666,0.9362745098039216,0.8006535947712419,0.9068627450980392,0.9117647058823529,0.8970588235294118,0.9313725490196079,0.8937908496732027,0.7287581699346405,0.923202614379085,0.9183006535947712,0.9411764705882353,0.9150326797385621,0.5408496732026143,0.9330065359477124,0.934640522875817,0.9362745098039216,0.803921568627451,0.934640522875817,0.9297385620915033,0.9101307189542484,0.9117647058823529,0.8725490196078431,0.8790849673202614,0.8676470588235294,0.9264705882352942,0.9248366013071896,0.8823529411764706,0.9215686274509803,0.9444444444444444,0.8741830065359477,0.923202614379085,0.9526143790849673,0.9117647058823529,0.9101307189542484,0.946078431372549,0.8513071895424836,0.8790849673202614,0.9166666666666666,0.9199346405228758,0.9068627450980392,0.8888888888888888,0.8006535947712419
polblogs	GG2	0.9379084967320261,0.8415032679738562,0.9183006535947712,0.8921568627450981,0.9117647058823529,0.923202614379085,0.9428104575163399,0.923202614379085,0.9411764705882353,0.923202614379085,0.9215686274509803,0.9313725490196079,0.923202614379085,0.9183006535947712,0.8839869281045751,0.9166666666666666,0.9428104575163399,0.9362745098039216,0.9068627450980392,0.9264705882352942,0.923202614379085,0.9248366013071896,0.9133986928104575,0.8333333333333334,0.9411764705882353,0.9068627450980392,0.9215686274509803,0.9281045751633987,0.8986928104575164,0.9215686274509803,0.9003267973856209,0.954248366013072,0.8856209150326797,0.9248366013071896,0.9003267973856209,0.9183006535947712,0.9166666666666666,0.9379084967320261,0.8790849673202614,0.9379084967320261,0.9019607843137255,0.8986928104575164,0.8839869281045751,0.954248366013072,0.9264705882352942,0.9035947712418301,0.9297385620915033,0.8986928104575164,0.9117647058823529,0.9199346405228758,0.9362745098039216,0.8856209150326797,0.9215686274509803,0.9215686274509803,0.9362745098039216,0.8823529411764706,0.9248366013071896,0.9183006535947712,0.9330065359477124,0.9003267973856209,0.9052287581699346,0.9068627450980392,0.8986928104575164,0.9330065359477124,0.9019607843137255,0.8774509803921569,0.9215686274509803,0.9281045751633987,0.9444444444444444,0.9166666666666666,0.8872549019607843,0.9313725490196079,0.9411764705882353,0.9183006535947712,0.8464052287581699,0.934640522875817,0.9281045751633987,0.923202614379085,0.9183006535947712,0.8839869281045751,0.9297385620915033,0.8872549019607843,0.9297385620915033,0.9117647058823529,0.8986928104575164,0.9281045751633987,0.9395424836601307,0.9313725490196079,0.9150326797385621,0.954248366013072,0.9215686274509803,0.9117647058823529,0.9166666666666666,0.9117647058823529,0.8905228758169934,0.9150326797385621,0.9183006535947712,0.9084967320261438,0.9117647058823529,0.8627450980392157
TerroristRel	GEE	0.9183673469387755,0.9002267573696145,0.9115646258503401,0.9251700680272109,0.9160997732426304,0.9024943310657596,0.9297052154195011,0.8956916099773242,0.8979591836734694,0.8866213151927438,0.9002267573696145,0.9024943310657596,0.9002267573696145,0.8934240362811792,0.8888888888888888,0.927437641723356,0.8798185941043084,0.9047619047619048,0.891156462585034,0.8752834467120182,0.873015873015873,0.9047619047619048,0.9024943310657596,0.9070294784580499,0.9002267573696145,0.9002267573696145,0.9002267573696145,0.8775510204081632,0.8866213151927438,0.8820861678004536,0.8934240362811792,0.8594104308390023,0.8979591836734694,0.9024943310657596,0.8820861678004536,0.891156462585034,0.909297052154195,0.8956916099773242,0.8752834467120182,0.8979591836734694,0.9024943310657596,0.8843537414965986,0.9229024943310657,0.9070294784580499,0.8798185941043084,0.8820861678004536,0.8956916099773242,0.8820861678004536,0.8843537414965986,0.8843537414965986,0.9160997732426304,0.909297052154195,0.8934240362811792,0.9229024943310657,0.8979591836734694,0.9047619047619048,0.9115646258503401,0.9024943310657596,0.8979591836734694,0.909297052154195,0.9047619047619048,0.9024943310657596,0.9047619047619048,0.9115646258503401,0.9138321995464853,0.873015873015873,0.9138321995464853,0.8775510204081632,0.8888888888888888,0.8888888888888888,0.9070294784580499,0.8866213151927438,0.891156462585034,0.8979591836734694,0.8888888888888888,0.8934240362811792,0.9183673469387755,0.9024943310657596,0.8979591836734694,0.9024943310657596,0.9387755102040817,0.8888888888888888,0.8934240362811792,0.909297052154195,0.909297052154195,0.8843537414965986,0.9024943310657596,0.8866213151927438,0.9002267573696145,0.9342403628117913,0.9002267573696145,0.9251700680272109,0.909297052154195,0.8979591836734694,0.9251700680272109,0.9002267573696145,0.8888888888888888,0.8956916099773242,0.891156462585034,0.8956916099773242
TerroristRel	GNN	0.8344671201814059,0.5759637188208617,0.6394557823129252,0.8072562358276644,0.673469387755102,0.854875283446712,0.54421768707483,0.564625850340136,0.7981859410430839,0.562358276643991,0.7664399092970522,0.7414965986394558,0.7732426303854876,0.7029478458049887,0.48072562358276644,0.7732426303854876,0.7210884353741497,0.8163265306122449,0.4557823129251701,0.7596371882086168,0.6077097505668935,0.8435374149659864,0.8095238095238095,0.7913832199546486,0.8117913832199547,0.7097505668934241,0.5714285714285714,0.691609977324263,0.7891156462585034,0.8163265306122449,0.5804988662131519,0.6938775510204082,0.7233560090702947,0.8526077097505669,0.7324263038548753,0.873015873015873,0.7052154195011338,0.5895691609977324,0.8435374149659864,0.6122448979591837,0.8117913832199547,0.5374149659863946,0.48072562358276644,0.854875283446712,0.8276643990929705,0.5510204081632653,0.7505668934240363,0.6303854875283447,0.7437641723356009,0.8594104308390023,0.7437641723356009,0.42857142857142855,0.8684807256235828,0.8820861678004536,0.800453514739229,0.5555555555555556,0.6258503401360545,0.8798185941043084,0.7619047619047619,0.7755102040816326,0.854875283446712,0.7913832199546486,0.5963718820861678,0.764172335600907,0.6643990929705216,0.46485260770975056,0.8140589569160998,0.6326530612244898,0.6575963718820862,0.7528344671201814,0.746031746031746,0.6643990929705216,0.854875283446712,0.8412698412698413,0.4467120181405896,0.7233560090702947,0.8526077097505669,0.7301587301587301,0.5532879818594104,0.5351473922902494,0.8684807256235828,0.5759637188208617,0.7551020408163265,0.8662131519274376,0.5079365079365079,0.7959183673469388,0.6666666666666666,0.6938775510204082,0.7006802721088435,0.8299319727891157,0.8072562358276644,0.8480725623582767,0.6122448979591837,0.8049886621315193,0.7709750566893424,0.5532879818594104,0.5714285714285714,0.8208616780045351,0.7233560090702947,0.6054421768707483
TerroristRel	GG	0.8684807256235828,0.8367346938775511,0.927437641723356,0.7664399092970522,0.8594104308390023,0.9138321995464853,0.9365079365079365,0.9160997732426304,0.7777777777777778,0.780045351473923,0.9024943310657596,0.8979591836734694,0.8888888888888888,0.8208616780045351,0.9047619047619048,0.9410430839002267,0.8956916099773242,0.9251700680272109,0.8979591836734694,0.8616780045351474,0.671201814058957,0.8888888888888888,0.9206349206349206,0.8594104308390023,0.909297052154195,0.8435374149659864,0.9206349206349206,0.8775510204081632,0.8798185941043084,0.9183673469387755,0.7664399092970522,0.6530612244897959,0.800453514739229,0.9115646258503401,0.8775510204081632,0.8979591836734694,0.9387755102040817,0.8888888888888888,0.8866213151927438,0.9070294784580499,0.9047619047619048,0.8888888888888888,0.9206349206349206,0.909297052154195,0.9002267573696145,0.8072562358276644,0.8843537414965986,0.8888888888888888,0.8979591836734694,0.8820861678004536,0.9206349206349206,0.8956916099773242,0.9455782312925171,0.7891156462585034,0.8934240362811792,0.909297052154195,0.9206349206349206,0.8616780045351474,0.8684807256235828,0.2698412698412698,0.9433106575963719,0.8888888888888888,0.7346938775510204,0.8503401360544217,0.873015873015873,0.8843537414965986,0.8934240362811792,0.8367346938775511,0.8888888888888888,0.8208616780045351,0.9115646258503401,0.8798185941043084,0.8616780045351474,0.8616780045351474,0.8639455782312925,0.8888888888888888,0.9206349206349206,0.7732426303854876,0.9047619047619048,0.9229024943310657,0.9478458049886621,0.8798185941043084,0.8979591836734694,0.9160997732426304,0.9047619047619048,0.854875283446712,0.8707482993197279,0.8662131519274376,0.9387755102040817,0.8866213151927438,0.8956916099773242,0.8321995464852607,0.9251700680272109,0.7981859410430839,0.9229024943310657,0.8775510204081632,0.3197278911564626,0.8775510204081632,0.8979591836734694,0.8934240362811792
TerroristRel	GG2	0.9229024943310657,0.8979591836734694,0.9297052154195011,0.9206349206349206,0.9070294784580499,0.9229024943310657,0.9410430839002267,0.9183673469387755,0.873015873015873,0.8956916099773242,0.9047619047619048,0.9115646258503401,0.8979591836734694,0.8934240362811792,0.9138321995464853,0.9659863945578231,0.8934240362811792,0.9251700680272109,0.9002267573696145,0.8888888888888888,0.8956916099773242,0.9070294784580499,0.9138321995464853,0.8798185941043084,0.9115646258503401,0.9183673469387755,0.9342403628117913,0.8820861678004536,0.8843537414965986,0.9206349206349206,0.8843537414965986,0.8458049886621315,0.9206349206349206,0.9206349206349206,0.8866213151927438,0.909297052154195,0.9365079365079365,0.9115646258503401,0.8843537414965986,0.9070294784580499,0.9115646258503401,0.891156462585034,0.9183673469387755,0.9297052154195011,0.9024943310657596,0.8571428571428571,0.8934240362811792,0.9047619047619048,0.9070294784580499,0.8934240362811792,0.9251700680272109,0.9047619047619048,0.9160997732426304,0.9229024943310657,0.9002267573696145,0.9183673469387755,0.9319727891156463,0.9024943310657596,0.8956916099773242,0.909297052154195,0.9410430839002267,0.9070294784580499,0.9160997732426304,0.9160997732426304,0.9297052154195011,0.8888888888888888,0.9138321995464853,0.8594104308390023,0.8956916099773242,0.9002267573696145,0.9365079365079365,0.8843537414965986,0.9342403628117913,0.891156462585034,0.8934240362811792,0.891156462585034,0.9297052154195011,0.9206349206349206,0.9047619047619048,0.9229024943310657,0.9501133786848073,0.8843537414965986,0.909297052154195,0.9229024943310657,0.9206349206349206,0.8866213151927438,0.8798185941043084,0.8843537414965986,0.9433106575963719,0.9160997732426304,0.9160997732426304,0.9251700680272109,0.9206349206349206,0.9183673469387755,0.9365079365079365,0.891156462585034,0.9070294784580499,0.9002267573696145,0.9070294784580499,0.8934240362811792
KarateClub	GEE	0.8666666666666667,0.8666666666666667,0.8,0.8,0.6666666666666666,1.0,0.7333333333333333,0.8,0.8,0.9333333333333333,0.8,0.9333333333333333,0.8,0.8666666666666667,0.8,0.8,0.6666666666666666,0.9333333333333333,0.8,0.8666666666666667,0.6,0.6666666666666666,0.8,0.8,0.8666666666666667,0.7333333333333333,0.7333333333333333,0.9333333333333333,0.9333333333333333,0.8,0.9333333333333333,0.6666666666666666,0.7333333333333333,0.8666666666666667,0.8666666666666667,0.9333333333333333,0.5333333333333333,1.0,0.8,0.6666666666666666,0.7333333333333333,0.9333333333333333,0.8,1.0,0.8666666666666667,0.8,0.8666666666666667,0.8666666666666667,0.8666666666666667,0.8666666666666667,0.8,1.0,0.5333333333333333,0.9333333333333333,1.0,0.8666666666666667,0.8666666666666667,0.9333333333333333,0.8666666666666667,0.8666666666666667,0.6666666666666666,0.8,0.6666666666666666,0.8,0.8666666666666667,0.7333333333333333,0.8666666666666667,0.8,0.8666666666666667,0.8666666666666667,0.9333333333333333,0.8666666666666667,0.8666666666666667,0.8666666666666667,0.8,0.6,0.9333333333333333,0.8666666666666667,0.8666666666666667,0.7333333333333333,0.8666666666666667,0.9333333333333333,0.8666666666666667,0.7333333333333333,0.7333333333333333,0.8,0.8666666666666667,0.8666666666666667,0.9333333333333333,0.8,0.8,1.0,0.8666666666666667,0.9333333333333333,0.7333333333333333,0.9333333333333333,1.0,0.5333333333333333,0.7333333333333333,0.7333333333333333
KarateClub	GNN	0.7333333333333333,0.4,0.8,0.3333333333333333,0.3333333333333333,0.4,0.5333333333333333,0.5333333333333333,0.4666666666666667,0.4,0.3333333333333333,0.4666666666666667,0.4,0.6,0.3333333333333333,0.06666666666666667,0.4,0.26666666666666666,0.4666666666666667,0.4666666666666667,0.6,0.4666666666666667,0.4,0.26666666666666666,0.5333333333333333,0.4666666666666667,0.13333333333333333,0.4,0.5333333333333333,0.26666666666666666,0.5333333333333333,0.4,0.26666666666666666,0.26666666666666666,0.3333333333333333,0.3333333333333333,0.3333333333333333,0.26666666666666666,0.4,0.06666666666666667,0.26666666666666666,0.2,0.5333333333333333,0.26666666666666666,0.4,0.26666666666666666,0.26666666666666666,0.6666666666666666,0.4666666666666667,0.6666666666666666,0.4,0.5333333333333333,0.5333333333333333,0.6,0.13333333333333333,0.5333333333333333,0.2,0.26666666666666666,0.4,0.5333333333333333,0.4,0.5333333333333333,0.26666666666666666,0.3333333333333333,0.13333333333333333,0.3333333333333333,0.4666666666666667,0.3333333333333333,0.26666666666666666,0.3333333333333333,0.5333333333333333,0.4,0.3333333333333333,0.3333333333333333,0.4,0.3333333333333333,0.2,0.3333333333333333,0.4,0.3333333333333333,0.4666666666666667,0.4666666666666667,0.3333333333333333,0.4,0.2,0.6666666666666666,0.4,0.13333333333333333,0.26666666666666666,0.5333333333333333,0.3333333333333333,0.7333333333333333,0.26666666666666666,0.6,0.4,0.3333333333333333,0.13333333333333333,0.5333333333333333,0.3333333333333333,0.3333333333333333
KarateClub	GG	0.6666666666666666,0.7333333333333333,0.5333333333333333,0.8666666666666667,0.8,0.9333333333333333,0.5333333333333333,0.8,0.8666666666666667,0.8666666666666667,0.8666666666666667,1.0,0.8666666666666667,0.8666666666666667,0.7333333333333333,0.8666666666666667,0.8,0.9333333333333333,0.8,0.8666666666666667,0.8666666666666667,0.7333333333333333,0.9333333333333333,0.8666666666666667,0.8666666666666667,0.13333333333333333,0.6,0.9333333333333333,0.7333333333333333,0.9333333333333333,0.7333333333333333,0.6666666666666666,0.7333333333333333,0.8,0.8,0.8666666666666667,0.7333333333333333,0.9333333333333333,0.8,0.7333333333333333,0.6666666666666666,1.0,0.7333333333333333,0.7333333333333333,0.9333333333333333,0.8,1.0,0.8,0.8666666666666667,0.8666666666666667,0.8,0.9333333333333333,0.8,0.9333333333333333,1.0,0.8,0.8666666666666667,0.9333333333333333,0.8,0.7333333333333333,0.6666666666666666,0.6666666666666666,0.6666666666666666,0.8666666666666667,0.8,0.7333333333333333,0.4,0.8,0.8666666666666667,0.8666666666666667,0.8666666666666667,0.8666666666666667,0.8666666666666667,0.8666666666666667,0.7333333333333333,0.8666666666666667,0.8666666666666667,0.8,0.7333333333333333,0.8,1.0,0.8666666666666667,0.5333333333333333,0.8,0.6666666666666666,0.9333333333333333,0.9333333333333333,0.8,0.7333333333333333,0.8,0.9333333333333333,0.9333333333333333,0.8666666666666667,0.9333333333333333,0.6666666666666666,1.0,0.6666666666666666,0.9333333333333333,0.6,0.5333333333333333
KarateClub	GG2	0.9333333333333333,0.8,0.7333333333333333,0.8,0.7333333333333333,0.8666666666666667,0.7333333333333333,0.8,0.8666666666666667,0.9333333333333333,0.8,0.9333333333333333,0.8666666666666667,0.8666666666666667,0.8666666666666667,0.8,0.7333333333333333,0.9333333333333333,0.8,0.8666666666666667,0.8666666666666667,0.8,0.8666666666666667,0.8666666666666667,0.8666666666666667,0.6,0.7333333333333333,0.9333333333333333,0.8,0.8666666666666667,0.9333333333333333,0.7333333333333333,0.8,0.8,0.8666666666666667,0.9333333333333333,0.5333333333333333,1.0,0.8,0.6666666666666666,0.8,0.9333333333333333,0.7333333333333333,0.9333333333333333,0.9333333333333333,0.8,1.0,0.8,0.8,0.8666666666666667,0.7333333333333333,0.9333333333333333,0.7333333333333333,1.0,0.9333333333333333,0.8666666666666667,0.8666666666666667,0.8666666666666667,0.8666666666666667,0.8666666666666667,0.4666666666666667,0.8,0.7333333333333333,0.9333333333333333,0.9333333333333333,0.7333333333333333,0.8666666666666667,0.8,0.8666666666666667,0.8,0.9333333333333333,0.8666666666666667,0.8,0.8,0.8666666666666667,0.8666666666666667,0.9333333333333333,0.8666666666666667,0.8666666666666667,0.8,0.8,0.9333333333333333,0.8666666666666667,0.8,0.7333333333333333,0.7333333333333333,0.8666666666666667,0.8666666666666667,0.8666666666666667,0.8666666666666667,0.9333333333333333,1.0,0.8666666666666667,0.9333333333333333,0.7333333333333333,0.9333333333333333,1.0,0.8,0.7333333333333333,0.8
Chameleon	GEE	0.2704126426690079,0.2528533801580334,0.18964003511852504,0.2115891132572432,0.30114135206321335,0.26251097453906935,0.3476733977172959,0.26251097453906935,0.2589991220368745,0.2914837576821773,0.2730465320456541,0.286215978928885,0.3854258121158911,0.2467076382791923,0.25636523266022826,0.24934152765583845,0.3283582089552239,0.28270412642669007,0.2598770851624232,0.2309043020193152,0.2528533801580334,0.2783143107989464,0.2607550482879719,0.247585601404741,0.3652326602282704,0.2607550482879719,0.28884986830553117,0.2642669007901668,0.2730465320456541,0.2993854258121159,0.2528533801580334,0.20456540825285338,0.26251097453906935,0.2309043020193152,0.24231782265144863,0.286215978928885,0.33099209833187004,0.25021949078138717,0.26953467954345917,0.20368744512730466,0.2151009657594381,0.2730465320456541,0.26953467954345917,0.3353819139596137,0.22914837576821773,0.228270412642669,0.2344161545215101,0.276558384547849,0.2151009657594381,0.28884986830553117,0.2704126426690079,0.2537313432835821,0.2660228270412643,0.2177348551360843,0.2309043020193152,0.3292361720807726,0.2054433713784021,0.266900790166813,0.21422300263388938,0.228270412642669,0.2730465320456541,0.28182616330114135,0.315188762071993,0.28797190517998245,0.286215978928885,0.24846356453028973,0.23529411764705882,0.228270412642669,0.22651448639157157,0.21685689201053557,0.24319578577699735,0.35996488147497807,0.25197541703248466,0.28182616330114135,0.28884986830553117,0.20280948200175591,0.2405618964003512,0.30816505706760317,0.247585601404741,0.34416154521510095,0.266900790166813,0.3687445127304653,0.25021949078138717,0.3099209833187006,0.2247585601404741,0.1984196663740123,0.22300263388937663,0.2528533801580334,0.2370500438981563,0.2054433713784021,0.28270412642669007,0.2712906057945566,0.21597892888498682,0.22036874451273047,0.27568042142230026,0.20456540825285338,0.305531167690957,0.2589991220368745,0.23353819139596138,0.31957857769973663
Chameleon	GNN	0.27480245829675154,0.2528533801580334,0.2589991220368745,0.3283582089552239,0.26163301141352063,0.23353819139596138,0.22651448639157157,0.3037752414398595,0.3099209833187006,0.3125548726953468,0.28884986830553117,0.3160667251975417,0.30816505706760317,0.28094820017559263,0.3546971027216857,0.37664618086040386,0.25636523266022826,0.26865671641791045,0.3169446883230904,0.2923617208077261,0.2212467076382792,0.30026338893766463,0.276558384547849,0.32045654082528535,0.228270412642669,0.3028972783143108,0.2440737489025461,0.2897278314310799,0.2967515364354697,0.2844600526777875,0.3388937664618086,0.25197541703248466,0.2932396839332748,0.2440737489025461,0.30114135206321335,0.2835820895522388,0.3283582089552239,0.29499561018437226,0.24495171202809482,0.32396839332748023,0.20456540825285338,0.25021949078138717,0.27568042142230026,0.237928007023705,0.2993854258121159,0.35030728709394204,0.28094820017559263,0.3107989464442493,0.3090430201931519,0.3028972783143108,0.25021949078138717,0.23529411764705882,0.2870939420544337,0.33099209833187004,0.3222124670763828,0.2677787532923617,0.276558384547849,0.305531167690957,0.2528533801580334,0.2528533801580334,0.2914837576821773,0.2739244951712028,0.3090430201931519,0.30816505706760317,0.2677787532923617,0.23529411764705882,0.23968393327480245,0.24582967515364354,0.26251097453906935,0.2642669007901668,0.2739244951712028,0.21949078138718173,0.3028972783143108,0.30026338893766463,0.29499561018437226,0.28094820017559263,0.2317822651448639,0.3037752414398595,0.28094820017559263,0.30816505706760317,0.2528533801580334,0.24495171202809482,0.2914837576821773,0.28182616330114135,0.3090430201931519,0.2853380158033363,0.3669885864793679,0.2537313432835821,0.33274802458296754,0.2704126426690079,0.3099209833187006,0.2317822651448639,0.247585601404741,0.2528533801580334,0.2405618964003512,0.2177348551360843,0.32484635645302895,0.2467076382791923,0.2721685689201054,0.2660228270412643
Chameleon	GG	0.32396839332748023,0.3064091308165057,0.22651448639157157,0.2721685689201054,0.34416154521510095,0.30201931518876207,0.30465320456540823,0.3740122914837577,0.32133450395083407,0.26163301141352063,0.3494293239683933,0.29499561018437226,0.208955223880597,0.32133450395083407,0.2712906057945566,0.3617208077260755,0.2633889376646181,0.2993854258121159,0.3608428446005268,0.31957857769973663,0.3169446883230904,0.3520632133450395,0.32133450395083407,0.3617208077260755,0.31957857769973663,0.26953467954345917,0.31870061457418786,0.4240561896400351,0.33362598770851626,0.315188762071993,0.26163301141352063,0.334503950834065,0.3424056189640035,0.35294117647058826,0.2510974539069359,0.33274802458296754,0.266900790166813,0.2923617208077261,0.2897278314310799,0.353819139596137,0.32484635645302895,0.3555750658472344,0.2440737489025461,0.4047410008779631,0.3292361720807726,0.3160667251975417,0.26953467954345917,0.3283582089552239,0.2589991220368745,0.30465320456540823,0.30026338893766463,0.34591747146619845,0.33274802458296754,0.3617208077260755,0.34328358208955223,0.295873573309921,0.35294117647058826,0.3292361720807726,0.2712906057945566,0.2721685689201054,0.3353819139596137,0.3283582089552239,0.29411764705882354,0.31957857769973663,0.3494293239683933,0.3424056189640035,0.35733099209833186,0.3608428446005268,0.2783143107989464,0.3125548726953468,0.36435469710272167,0.28182616330114135,0.37050043898156276,0.3037752414398595,0.3099209833187006,0.33977172958735735,0.3424056189640035,0.3871817383669886,0.35645302897278314,0.32748024582967517,0.35733099209833186,0.26251097453906935,0.3555750658472344,0.31431079894644426,0.34679543459174716,0.33099209833187004,0.31431079894644426,0.3801580333625988,0.33274802458296754,0.305531167690957,0.3801580333625988,0.3669885864793679,0.33801580333625986,0.315188762071993,0.23266022827041263,0.28094820017559263,0.3099209833187006,0.2914837576821773,0.3476733977172959,0.2976294995610184
Chameleon	GG2	0.35733099209833186,0.3977172958735733,0.2598770851624232,0.3476733977172959,0.44161545215100967,0.3546971027216857,0.42142230026338895,0.41527655838454786,0.4302019315188762,0.3555750658472344,0.3669885864793679,0.3810359964881475,0.437225636523266,0.33187006145741876,0.4038630377524144,0.40561896400351183,0.40825285338015804,0.4003511852502195,0.3994732221246708,0.32396839332748023,0.305531167690957,0.4047410008779631,0.4064969271290606,0.3810359964881475,0.3933274802458297,0.3915715539947322,0.38893766461808604,0.4424934152765584,0.3485513608428446,0.38366988586479367,0.34503950834064967,0.36611062335381916,0.39508340649692714,0.36962247585601404,0.32396839332748023,0.4240561896400351,0.4047410008779631,0.3494293239683933,0.3722563652326602,0.35733099209833186,0.35996488147497807,0.3678665496049166,0.4495171202809482,0.43985952589991223,0.37928007023705007,0.3292361720807726,0.3301141352063213,0.3915715539947322,0.3301141352063213,0.3880597014925373,0.4363476733977173,0.36962247585601404,0.33362598770851626,0.4038630377524144,0.3801580333625988,0.4161545215100966,0.35294117647058826,0.4442493415276558,0.31343283582089554,0.31782265144863914,0.36611062335381916,0.36435469710272167,0.43283582089552236,0.3871817383669886,0.398595258999122,0.3722563652326602,0.38279192273924495,0.38366988586479367,0.3915715539947322,0.3388937664618086,0.3687445127304653,0.398595258999122,0.3871817383669886,0.33977172958735735,0.3722563652326602,0.34064969271290607,0.36435469710272167,0.417910447761194,0.36259877085162423,0.3942054433713784,0.3810359964881475,0.4161545215100966,0.4135206321334504,0.4495171202809482,0.3582089552238806,0.3608428446005268,0.34416154521510095,0.38279192273924495,0.40210711150131695,0.305531167690957,0.38981562774363476,0.3968393327480246,0.33187006145741876,0.3678665496049166,0.44512730465320455,0.3037752414398595,0.4302019315188762,0.3977172958735733,0.36347673397717295,0.4064969271290606
Cora	GEE	0.7368810051736882,0.7191426459719142,0.7257945306725795,0.713229859571323,0.7309682187730968,0.7442719881744272,0.7191426459719142,0.7220990391722099,0.7243163340724317,0.7073170731707317,0.7272727272727273,0.7317073170731707,0.7420546932742055,0.7272727272727273,0.7028824833702882,0.7487065779748706,0.7272727272727273,0.7442719881744272,0.7228381374722838,0.7228381374722838,0.70509977827051,0.7287509238728751,0.7124907612712491,0.7398373983739838,0.6836659275683666,0.7028824833702882,0.7124907612712491,0.7368810051736882,0.7257945306725795,0.7361419068736141,0.7220990391722099,0.7014042867701404,0.7272727272727273,0.7080561714708056,0.7472283813747228,0.729490022172949,0.7006651884700665,0.7191426459719142,0.7427937915742794,0.7250554323725056,0.7472283813747228,0.7184035476718403,0.7368810051736882,0.7354028085735402,0.7161862527716186,0.7184035476718403,0.7080561714708056,0.7472283813747228,0.7021433850702143,0.7339246119733924,0.7280118255728012,0.7280118255728012,0.7102734663710274,0.7346637102734663,0.7361419068736141,0.7080561714708056,0.7324464153732446,0.7317073170731707,0.7501847745750185,0.7354028085735402,0.7102734663710274,0.7198817442719881,0.729490022172949,0.6947524020694752,0.7036215816703622,0.7154471544715447,0.7368810051736882,0.7302291204730229,0.7420546932742055,0.7028824833702882,0.6977087952697709,0.7124907612712491,0.7354028085735402,0.7368810051736882,0.7191426459719142,0.7354028085735402,0.7169253510716925,0.7331855136733185,0.7287509238728751,0.7265336289726534,0.7450110864745011,0.7354028085735402,0.7095343680709535,0.7169253510716925,0.7420546932742055,0.7317073170731707,0.70509977827051,0.713229859571323,0.7354028085735402,0.6910569105691057,0.7368810051736882,0.70509977827051,0.7361419068736141,0.7265336289726534,0.7243163340724317,0.6947524020694752,0.7442719881744272,0.7220990391722099,0.7280118255728012,0.704360679970436
Cora	GNN	0.3954175905395418,0.623059866962306,0.36215816703621584,0.4530672579453067,0.43237250554323725,0.5646711012564671,0.442719881744272,0.42276422764227645,0.516629711751663,0.467110125646711,0.5040650406504065,0.41019955654101997,0.4441980783444198,0.3961566888396157,0.41832963784183297,0.45602365114560234,0.45602365114560234,0.3976348854397635,0.44789356984478934,0.4722838137472284,0.541019955654102,0.4818920916481892,0.47745750184774577,0.5343680709534369,0.35698447893569846,0.4870657797487066,0.50849963045085,0.5351071692535108,0.467110125646711,0.5262379896526238,0.6082779009608278,0.42276422764227645,0.5424981522542498,0.43163340724316335,0.458980044345898,0.49002217294900224,0.47745750184774577,0.5114560236511456,0.5025868440502587,0.44715447154471544,0.49371766444937176,0.6053215077605322,0.5048041389504804,0.4611973392461197,0.4501108647450111,0.48337028824833705,0.37324464153732445,0.5424981522542498,0.42424242424242425,0.4360679970436068,0.4634146341463415,0.48410938654841096,0.3939393939393939,0.4892830746489283,0.5543237250554324,0.4604582409460458,0.5262379896526238,0.5565410199556541,0.5365853658536586,0.5728011825572801,0.29046563192904656,0.5218033998521804,0.5284552845528455,0.5284552845528455,0.475240206947524,0.5114560236511456,0.39320029563932,0.6119733924611973,0.41832963784183297,0.4892830746489283,0.44863266814486324,0.4626755358462675,0.48337028824833705,0.6031042128603105,0.4878048780487805,0.5373244641537325,0.4597191426459719,0.4538063562453806,0.5254988913525499,0.49002217294900224,0.5144124168514412,0.4028085735402809,0.5365853658536586,0.450849963045085,0.5025868440502587,0.5070214338507022,0.41759053954175906,0.5062823355506282,0.4959349593495935,0.4146341463414634,0.4745011086474501,0.48632668144863267,0.43237250554323725,0.4693274205469327,0.4715447154471545,0.4663710273466371,0.48484848484848486,0.48632668144863267,0.4198078344419808,0.3466371027346637
Cora	GG	0.7087952697708795,0.7413155949741316,0.7501847745750185,0.7147080561714708,0.7575757575757576,0.779009608277901,0.7524020694752402,0.7390983000739099,0.7317073170731707,0.7117516629711752,0.7590539541759054,0.713229859571323,0.7191426459719142,0.7745750184774575,0.7154471544715447,0.7339246119733924,0.7228381374722838,0.7657058388765706,0.7464892830746489,0.7309682187730968,0.7309682187730968,0.745750184774575,0.7191426459719142,0.7147080561714708,0.7324464153732446,0.7073170731707317,0.7760532150776053,0.7597930524759793,0.7346637102734663,0.7657058388765706,0.7745750184774575,0.7095343680709535,0.720620842572062,0.7302291204730229,0.7420546932742055,0.7243163340724317,0.7147080561714708,0.7065779748706578,0.7642276422764228,0.7198817442719881,0.7664449371766445,0.7516629711751663,0.7686622320768662,0.7435328898743533,0.7390983000739099,0.7191426459719142,0.6999260901699926,0.7627494456762749,0.7309682187730968,0.7575757575757576,0.7287509238728751,0.7250554323725056,0.7354028085735402,0.7324464153732446,0.7472283813747228,0.6991869918699187,0.7228381374722838,0.7649667405764967,0.7649667405764967,0.7398373983739838,0.7390983000739099,0.70509977827051,0.762010347376201,0.713229859571323,0.7110125646711013,0.7161862527716186,0.7420546932742055,0.7479674796747967,0.7442719881744272,0.7339246119733924,0.7191426459719142,0.7575757575757576,0.7450110864745011,0.7694013303769401,0.7664449371766445,0.7671840354767184,0.7317073170731707,0.7553584626755359,0.7339246119733924,0.7427937915742794,0.7413155949741316,0.7723577235772358,0.7427937915742794,0.7220990391722099,0.7723577235772358,0.7420546932742055,0.7368810051736882,0.721359940872136,0.7583148558758315,0.7014042867701404,0.7738359201773836,0.7450110864745011,0.7686622320768662,0.7036215816703622,0.720620842572062,0.7368810051736882,0.7516629711751663,0.7139689578713969,0.7560975609756098,0.7117516629711752
Cora	GG2	0.7287509238728751,0.7487065779748706,0.7479674796747967,0.7272727272727273,0.7560975609756098,0.770879526977088,0.7568366592756837,0.7398373983739838,0.7553584626755359,0.7464892830746489,0.7575757575757576,0.7161862527716186,0.7257945306725795,0.7745750184774575,0.7339246119733924,0.7228381374722838,0.7331855136733185,0.7679231337767923,0.7524020694752402,0.7361419068736141,0.7302291204730229,0.754619364375462,0.7354028085735402,0.7161862527716186,0.762010347376201,0.7102734663710274,0.770140428677014,0.7612712490761271,0.7494456762749445,0.7671840354767184,0.779009608277901,0.7220990391722099,0.7272727272727273,0.7376201034737621,0.7627494456762749,0.7479674796747967,0.7420546932742055,0.7516629711751663,0.7671840354767184,0.745750184774575,0.7745750184774575,0.7531411677753141,0.7657058388765706,0.7583148558758315,0.7420546932742055,0.7442719881744272,0.7272727272727273,0.7583148558758315,0.7390983000739099,0.7649667405764967,0.7302291204730229,0.7376201034737621,0.7487065779748706,0.7339246119733924,0.7501847745750185,0.7021433850702143,0.7235772357723578,0.7878787878787878,0.7745750184774575,0.7376201034737621,0.7420546932742055,0.7331855136733185,0.7649667405764967,0.7354028085735402,0.7287509238728751,0.7361419068736141,0.7686622320768662,0.745750184774575,0.7812269031781227,0.7427937915742794,0.7117516629711752,0.7590539541759054,0.7627494456762749,0.7945306725794531,0.7812269031781227,0.7657058388765706,0.7361419068736141,0.7560975609756098,0.7568366592756837,0.7479674796747967,0.770140428677014,0.7767923133776792,0.745750184774575,0.7220990391722099,0.7834441980783444,0.7679231337767923,0.7450110864745011,0.7479674796747967,0.7590539541759054,0.7139689578713969,0.7767923133776792,0.7450110864745011,0.7560975609756098,0.7339246119733924,0.745750184774575,0.7583148558758315,0.770140428677014,0.7302291204730229,0.7664449371766445,0.7331855136733185
Citeseer	GEE	0.544798556825015,0.5694527961515333,0.5550210463018641,0.5670475045099218,0.5490078171978352,0.5159350571256764,0.5580276608538786,0.5159350571256764,0.5472038484666266,0.5423932651834035,0.508117859290439,0.5405892964521948,0.5490078171978352,0.5279615153337343,0.5574263379434756,0.5405892964521948,0.5351773902585688,0.5333734215273602,0.5490078171978352,0.5706554419723392,0.5285628382441371,0.5333734215273602,0.5472038484666266,0.5453998797354179,0.5375826819001804,0.5309681298857486,0.5550210463018641,0.5327720986169573,0.5514131088394468,0.5472038484666266,0.544798556825015,0.5514131088394468,0.5369813589897775,0.5429945880938064,0.5417919422730006,0.5490078171978352,0.5562236921226699,0.5243535778713169,0.5423932651834035,0.544798556825015,0.5514131088394468,0.5429945880938064,0.5580276608538786,0.5297654840649428,0.5496091401082381,0.555622369212267,0.5327720986169573,0.5700541190619363,0.5550210463018641,0.5093205051112447,0.5604329524954901,0.539386650631389,0.5417919422730006,0.534576067348166,0.5622369212266988,0.565844858689116,0.5490078171978352,0.550210463018641,0.5694527961515333,0.5357787131689717,0.5592303066746843,0.5429945880938064,0.5441972339146122,0.5586289837642814,0.49609140108238126,0.5688514732411305,0.5303668069753458,0.5243535778713169,0.5315694527961515,0.5093205051112447,0.5429945880938064,0.5460012026458209,0.5772699939867709,0.5243535778713169,0.5327720986169573,0.5478051713770294,0.5285628382441371,0.5508117859290439,0.5532170775706554,0.5453998797354179,0.5532170775706554,0.5544197233914612,0.5381840048105833,0.550210463018641,0.5411906193625977,0.5598316295850871,0.5670475045099218,0.544798556825015,0.5574263379434756,0.5363800360793747,0.5267588695129285,0.5514131088394468,0.5441972339146122,0.5544197233914612,0.5580276608538786,0.5538184004810583,0.5249549007817198,0.5598316295850871,0.539987973541792,0.5411906193625977
Citeseer	GNN	0.36500300661455204,0.3613950691521347,0.3920625375826819,0.3938665063138906,0.3686109440769693,0.39326518340348765,0.30246542393265186,0.4173180998196031,0.36981358989777513,0.4588093806374023,0.3253156945279615,0.43235117257967526,0.3920625375826819,0.33794347564642213,0.3686109440769693,0.35898977751052313,0.2862297053517739,0.49488875526157544,0.3848466626578473,0.3788334335538184,0.3638003607937462,0.3265183403487673,0.35598316295850874,0.3217077570655442,0.4016837041491281,0.33553818400481056,0.4377630787733013,0.3824413710162357,0.3746241731809982,0.30126277811184604,0.4101022248947685,0.3776307877330126,0.40889957907396274,0.40288634996993383,0.3271196632591702,0.38063740228502707,0.42994588093806374,0.3337342152736019,0.3259170174383644,0.4275405892964522,0.42092603728202044,0.3782321106434155,0.3223090799759471,0.35598316295850874,0.34515935057125674,0.4016837041491281,0.40348767288033677,0.41310883944678295,0.36319903788334335,0.3619963920625376,0.4533974744437763,0.34515935057125674,0.38123872519542995,0.32832230907997595,0.33974744437763077,0.3295249549007817,0.4485868911605532,0.4010823812387252,0.40829825616355986,0.30607336139506913,0.30246542393265186,0.3126879134095009,0.3517739025856885,0.44317498496692725,0.35538184004810586,0.2946482260974143,0.2760072158749248,0.3842453397474444,0.3896572459410704,0.29164161154539986,0.370414912808178,0.4107035478051714,0.3644016837041491,0.3565844858689116,0.3523752254960914,0.343956704750451,0.4143114852675887,0.3409500901984366,0.4052916416115454,0.40709561034275404,0.28442573662056525,0.4864702345159351,0.3523752254960914,0.45520144317498495,0.40228502705953095,0.31449188214070956,0.3138905592303067,0.370414912808178,0.32772098616957307,0.37161755862898377,0.30306674684305474,0.35117257967528565,0.3668069753457607,0.3794347564642213,0.428743235117258,0.47384245339747444,0.3746241731809982,0.4052916416115454,0.45580276608538783,0.4263379434756464
Citeseer	GG	0.582080577269994,0.597714972940469,0.5694527961515333,0.5814792543595911,0.5898977751052316,0.5832832230907997,0.5917017438364401,0.5574263379434756,0.565844858689116,0.5844858689116055,0.5435959110042092,0.571256764882742,0.582080577269994,0.550210463018641,0.5989176187612748,0.5724594107035478,0.5688514732411305,0.5838845460012027,0.5862898376428142,0.6019242333132893,0.5754660252555622,0.5844858689116055,0.5772699939867709,0.5736620565243535,0.6103427540589297,0.5580276608538786,0.5959110042092604,0.6109440769693325,0.5460012026458209,0.5724594107035478,0.5682501503307276,0.5526157546602526,0.5429945880938064,0.576668671076368,0.5604329524954901,0.5730607336139507,0.5508117859290439,0.5478051713770294,0.5886951292844257,0.5760673481659652,0.5790739627179795,0.5886951292844257,0.5862898376428142,0.5971136500300661,0.5886951292844257,0.6103427540589297,0.5417919422730006,0.6097414311485267,0.5802766085387854,0.5466025255562237,0.5929043896572459,0.5838845460012027,0.5808779314491882,0.5670475045099218,0.5929043896572459,0.5880938063740229,0.5736620565243535,0.5917017438364401,0.5574263379434756,0.5754660252555622,0.5598316295850871,0.5989176187612748,0.5941070354780517,0.5760673481659652,0.5568250150330728,0.5892964521948286,0.5838845460012027,0.5772699939867709,0.5568250150330728,0.565844858689116,0.5634395670475045,0.5736620565243535,0.5772699939867709,0.5496091401082381,0.613349368610944,0.5790739627179795,0.5580276608538786,0.5892964521948286,0.5568250150330728,0.5790739627179795,0.5586289837642814,0.5538184004810583,0.5676488274203247,0.5784726398075767,0.5880938063740229,0.5628382441371016,0.5778713168971737,0.5892964521948286,0.5923030667468431,0.5911004209260373,0.571858087793145,0.6001202645820806,0.5832832230907997,0.6193625977149729,0.5874924834636199,0.5417919422730006,0.5917017438364401,0.565844858689116,0.5784726398075767,0.5826819001803969
Citeseer	GG2	0.5784726398075767,0.608538785327721,0.5892964521948286,0.5965123271196633,0.5892964521948286,0.5904990980156344,0.5898977751052316,0.5796752856283824,0.5514131088394468,0.5832832230907997,0.5580276608538786,0.5772699939867709,0.5862898376428142,0.5652435357787132,0.6043295249549008,0.5628382441371016,0.5754660252555622,0.5941070354780517,0.5898977751052316,0.6091401082381239,0.5742633794347565,0.5862898376428142,0.5730607336139507,0.5748647023451593,0.6061334936861095,0.5622369212266988,0.6001202645820806,0.5802766085387854,0.5676488274203247,0.5995189416716777,0.5802766085387854,0.5676488274203247,0.5496091401082381,0.5622369212266988,0.5670475045099218,0.5790739627179795,0.571858087793145,0.5742633794347565,0.5754660252555622,0.5832832230907997,0.608538785327721,0.5917017438364401,0.5935057125676488,0.5742633794347565,0.6043295249549008,0.6073361395069152,0.5862898376428142,0.6091401082381239,0.5880938063740229,0.5466025255562237,0.5971136500300661,0.5802766085387854,0.5736620565243535,0.5682501503307276,0.5947083583884546,0.5983162958508719,0.5724594107035478,0.6061334936861095,0.5706554419723392,0.5838845460012027,0.5754660252555622,0.6151533373421527,0.6043295249549008,0.5742633794347565,0.576668671076368,0.5995189416716777,0.5772699939867709,0.5790739627179795,0.5634395670475045,0.5742633794347565,0.5616355983162958,0.5880938063740229,0.5796752856283824,0.5538184004810583,0.6019242333132893,0.6007215874924835,0.5670475045099218,0.5784726398075767,0.5917017438364401,0.5796752856283824,0.5682501503307276,0.5598316295850871,0.5682501503307276,0.5953096812988575,0.582080577269994,0.5730607336139507,0.5850871918220084,0.5923030667468431,0.5892964521948286,0.5844858689116055,0.5838845460012027,0.5748647023451593,0.5844858689116055,0.6073361395069152,0.5898977751052316,0.5682501503307276,0.5862898376428142,0.5694527961515333,0.571858087793145,0.5748647023451593
