ACM	GEE	0.009663820266723633,0.00946497917175293,0.008841991424560547,0.008866071701049805,0.008606195449829102,0.008633136749267578,0.008550882339477539,0.010647058486938477,0.008748054504394531,0.009351253509521484,0.008662939071655273,0.008633136749267578,0.009945869445800781,0.008694171905517578,0.008498907089233398,0.008682012557983398,0.008644819259643555,0.008469104766845703,0.008483171463012695,0.008349895477294922,0.00887608528137207,0.008665800094604492,0.008551836013793945,0.008459806442260742,0.008684158325195312,0.008702993392944336,0.008962154388427734,0.008731842041015625,0.009073972702026367,0.00869607925415039,0.008788824081420898,0.008898019790649414,0.008899927139282227,0.008577108383178711,0.008896112442016602,0.008959054946899414,0.008842945098876953,0.008714914321899414,0.008760929107666016,0.008714914321899414,0.009086370468139648,0.009351968765258789,0.008720874786376953,0.008975028991699219,0.008894205093383789,0.008514881134033203,0.008626937866210938,0.008748769760131836,0.008852243423461914,0.008875131607055664,0.00898289680480957,0.008763313293457031,0.008773088455200195,0.008884906768798828,0.00886392593383789,0.009515762329101562,0.008678913116455078,0.008533000946044922,0.008658885955810547,0.009092092514038086,0.008447885513305664,0.009066104888916016,0.008800983428955078,0.008584976196289062,0.009060144424438477,0.00896596908569336,0.008719921112060547,0.009310007095336914,0.008859872817993164,0.008954048156738281,0.009015083312988281,0.008919000625610352,0.008922100067138672,0.008881092071533203,0.008763790130615234,0.008569002151489258,0.008840799331665039,0.008939027786254883,0.008748054504394531,0.008613109588623047,0.009247064590454102,0.009064197540283203,0.008802175521850586,0.008690834045410156,0.008708000183105469,0.008963823318481445,0.009100914001464844,0.008797883987426758,0.008831024169921875,0.008961915969848633,0.008930206298828125,0.008797168731689453,0.008528947830200195,0.008685827255249023,0.008986949920654297,0.008987188339233398,0.009428977966308594,0.009032964706420898,0.008883953094482422,0.0086669921875
ACM	GNN	0.6930749416351318,0.35005617141723633,0.38459229469299316,0.49323511123657227,0.5114800930023193,0.489940881729126,0.3320341110229492,0.24137020111083984,0.6921038627624512,0.38738584518432617,0.4302022457122803,0.3659782409667969,0.41158103942871094,0.3226602077484131,0.3703458309173584,0.3887300491333008,0.43488574028015137,0.39676690101623535,0.7658860683441162,0.3451666831970215,0.4520101547241211,0.3240981101989746,0.3283689022064209,0.4162468910217285,0.37621283531188965,0.36393189430236816,0.4192008972167969,0.6968400478363037,0.4411289691925049,0.37024998664855957,0.4485187530517578,0.43432188034057617,0.32167506217956543,0.3411257266998291,0.3572564125061035,0.395906925201416,0.3455078601837158,0.39696192741394043,0.30835413932800293,0.4126248359680176,0.8118679523468018,0.5222430229187012,0.359468936920166,0.46137428283691406,0.42086315155029297,0.29723501205444336,0.44431114196777344,0.4864461421966553,0.33335304260253906,0.32413816452026367,0.2949488162994385,0.3636441230773926,0.37610292434692383,0.4505181312561035,0.3598141670227051,0.3733391761779785,0.5003929138183594,0.5669021606445312,0.3376927375793457,0.3302161693572998,0.2918121814727783,0.4109499454498291,0.2559359073638916,0.36635422706604004,0.38490891456604004,0.28154492378234863,0.3558931350708008,0.31264209747314453,0.3394351005554199,0.3538680076599121,0.5238809585571289,0.3701651096343994,0.36986398696899414,0.32511091232299805,0.3592867851257324,0.39792466163635254,0.41690492630004883,0.35509800910949707,0.3301258087158203,0.34421420097351074,0.4342358112335205,0.43010592460632324,0.3552560806274414,0.396625280380249,0.2874321937561035,0.31828999519348145,0.37094902992248535,0.4086148738861084,0.36666202545166016,0.39629483222961426,0.34419870376586914,0.3141751289367676,0.4087977409362793,0.3820991516113281,0.7102780342102051,0.28733110427856445,0.32789111137390137,0.4236140251159668,0.29106712341308594,0.38016605377197266
ACM	GG	0.894232988357544,0.6345851421356201,0.8430216312408447,0.8951108455657959,0.8718967437744141,0.4934120178222656,0.7690861225128174,0.736595869064331,1.0190112590789795,0.9670462608337402,0.4555940628051758,0.5578830242156982,0.4641759395599365,1.2485599517822266,0.22629284858703613,0.6091001033782959,1.1669750213623047,0.7518210411071777,0.47418808937072754,1.5515170097351074,1.1812739372253418,0.5699808597564697,0.49555301666259766,0.8397769927978516,0.5685429573059082,0.2749171257019043,0.557438850402832,0.45274901390075684,0.32830190658569336,0.5707979202270508,0.9139382839202881,1.1065049171447754,1.1066319942474365,0.5949318408966064,0.2880702018737793,0.8519167900085449,0.4170198440551758,0.29138803482055664,0.609320878982544,0.554624080657959,0.7945153713226318,1.1701810359954834,1.0475749969482422,0.7803168296813965,0.6377518177032471,1.0261690616607666,0.2666327953338623,0.8407611846923828,0.7548069953918457,0.3034811019897461,0.4388539791107178,0.5351941585540771,0.8462018966674805,0.9692227840423584,0.41182994842529297,0.26170802116394043,0.5368661880493164,0.23195385932922363,0.8747520446777344,1.015604019165039,0.753715991973877,0.49402308464050293,0.9315950870513916,0.2316749095916748,1.0162301063537598,0.7143478393554688,0.3853187561035156,0.8265950679779053,0.7830619812011719,0.548346757888794,0.7164809703826904,0.4304020404815674,1.2061643600463867,0.48755407333374023,0.46864986419677734,0.5990312099456787,0.5566160678863525,0.6464817523956299,0.9453039169311523,0.6078498363494873,0.4152688980102539,0.8200418949127197,0.4586610794067383,0.6388280391693115,0.529918909072876,1.2715272903442383,1.412203073501587,0.8397879600524902,0.5701310634613037,0.6898937225341797,0.6731278896331787,1.016514778137207,0.3125138282775879,0.5986289978027344,0.8732550144195557,0.9218378067016602,1.1036570072174072,1.0574898719787598,0.23839902877807617,0.3689711093902588
ACM	GG2	0.894232988357544,0.6345851421356201,0.8430216312408447,0.8951108455657959,0.8718967437744141,0.4934120178222656,0.7690861225128174,0.736595869064331,1.0190112590789795,0.9670462608337402,0.4555940628051758,0.5578830242156982,0.4641759395599365,1.2485599517822266,0.22629284858703613,0.6091001033782959,1.1669750213623047,0.7518210411071777,0.47418808937072754,1.5515170097351074,1.1812739372253418,0.5699808597564697,0.49555301666259766,0.8397769927978516,0.5685429573059082,0.2749171257019043,0.557438850402832,0.45274901390075684,0.32830190658569336,0.5707979202270508,0.9139382839202881,1.1065049171447754,1.1066319942474365,0.5949318408966064,0.2880702018737793,0.8519167900085449,0.4170198440551758,0.29138803482055664,0.609320878982544,0.554624080657959,0.7945153713226318,1.1701810359954834,1.0475749969482422,0.7803168296813965,0.6377518177032471,1.0261690616607666,0.2666327953338623,0.8407611846923828,0.7548069953918457,0.3034811019897461,0.4388539791107178,0.5351941585540771,0.8462018966674805,0.9692227840423584,0.41182994842529297,0.26170802116394043,0.5368661880493164,0.23195385932922363,0.8747520446777344,1.015604019165039,0.753715991973877,0.49402308464050293,0.9315950870513916,0.2316749095916748,1.0162301063537598,0.7143478393554688,0.3853187561035156,0.8265950679779053,0.7830619812011719,0.548346757888794,0.7164809703826904,0.4304020404815674,1.2061643600463867,0.48755407333374023,0.46864986419677734,0.5990312099456787,0.5566160678863525,0.6464817523956299,0.9453039169311523,0.6078498363494873,0.4152688980102539,0.8200418949127197,0.4586610794067383,0.6388280391693115,0.529918909072876,1.2715272903442383,1.412203073501587,0.8397879600524902,0.5701310634613037,0.6898937225341797,0.6731278896331787,1.016514778137207,0.3125138282775879,0.5986289978027344,0.8732550144195557,0.9218378067016602,1.1036570072174072,1.0574898719787598,0.23839902877807617,0.3689711093902588
BAT	GEE	0.0007452964782714844,0.0007278919219970703,0.0007498264312744141,0.0007088184356689453,0.0007817745208740234,0.0007302761077880859,0.000759124755859375,0.0007460117340087891,0.0006983280181884766,0.0007512569427490234,0.0006959438323974609,0.0007259845733642578,0.0007309913635253906,0.0006959438323974609,0.0007569789886474609,0.0007228851318359375,0.0007381439208984375,0.0006971359252929688,0.0007171630859375,0.0007319450378417969,0.0007979869842529297,0.0007290840148925781,0.0006968975067138672,0.0007481575012207031,0.0007529258728027344,0.0007710456848144531,0.0007698535919189453,0.0007281303405761719,0.0007479190826416016,0.0007412433624267578,0.0007390975952148438,0.0007562637329101562,0.0007200241088867188,0.0007250308990478516,0.0007388591766357422,0.0007150173187255859,0.0007770061492919922,0.0007441043853759766,0.0007429122924804688,0.0007162094116210938,0.0007517337799072266,0.0007419586181640625,0.0008423328399658203,0.0007538795471191406,0.0007052421569824219,0.0007109642028808594,0.0007181167602539062,0.000743865966796875,0.0007507801055908203,0.00074005126953125,0.0007410049438476562,0.0007081031799316406,0.0008058547973632812,0.0008220672607421875,0.0007188320159912109,0.0007979869842529297,0.0007219314575195312,0.0007419586181640625,0.0007250308990478516,0.0008251667022705078,0.0008020401000976562,0.0007510185241699219,0.0007569789886474609,0.0007450580596923828,0.0007259845733642578,0.0007188320159912109,0.0007357597351074219,0.0007772445678710938,0.0007488727569580078,0.0007381439208984375,0.0007431507110595703,0.0007338523864746094,0.0007321834564208984,0.0007398128509521484,0.0007319450378417969,0.0008649826049804688,0.0007350444793701172,0.0007109642028808594,0.0007381439208984375,0.0007758140563964844,0.0008068084716796875,0.0007271766662597656,0.0007181167602539062,0.0007410049438476562,0.0007538795471191406,0.0007369518280029297,0.0007009506225585938,0.0007371902465820312,0.0007631778717041016,0.0007381439208984375,0.0007328987121582031,0.0007541179656982422,0.0007698535919189453,0.0007238388061523438,0.0007607936859130859,0.0007469654083251953,0.0007598400115966797,0.000698089599609375,0.0007610321044921875,0.0007431507110595703
BAT	GNN	0.12259936332702637,0.16714906692504883,0.0916748046875,0.09220409393310547,0.0915977954864502,0.09183096885681152,0.09067487716674805,0.0894320011138916,0.17081809043884277,0.17178106307983398,0.17967486381530762,0.09074521064758301,0.12600994110107422,0.11136269569396973,0.1069490909576416,0.22636198997497559,0.10948681831359863,0.08925604820251465,0.0915992259979248,0.18830609321594238,0.21882081031799316,0.09010910987854004,0.23640704154968262,0.0906839370727539,0.09069490432739258,0.09399867057800293,0.10391712188720703,0.1987459659576416,0.09199094772338867,0.15743613243103027,0.31296324729919434,0.160567045211792,0.12822294235229492,0.10910511016845703,0.0919337272644043,0.11683988571166992,0.12335896492004395,0.12156987190246582,0.1513378620147705,0.14829707145690918,0.08879613876342773,0.2793769836425781,0.12571096420288086,0.13872599601745605,0.09499120712280273,0.1771688461303711,0.09192299842834473,0.10205793380737305,0.0880129337310791,0.08787703514099121,0.14449596405029297,0.14851617813110352,0.16210007667541504,0.11633896827697754,0.10065889358520508,0.19492197036743164,0.11736583709716797,0.09002900123596191,0.20827603340148926,0.1731889247894287,0.10823392868041992,0.2142491340637207,0.14178919792175293,0.2866382598876953,0.12253594398498535,0.09433698654174805,0.14075803756713867,0.10358881950378418,0.15422630310058594,0.26486706733703613,0.26150012016296387,0.23822689056396484,0.16785216331481934,0.11616897583007812,0.0912618637084961,0.08993196487426758,0.21869230270385742,0.174299955368042,0.2270197868347168,0.14620113372802734,0.272554874420166,0.1424880027770996,0.14455699920654297,0.09316492080688477,0.1605532169342041,0.16759109497070312,0.1720268726348877,0.1374521255493164,0.09253907203674316,0.15459585189819336,0.13625192642211914,0.14140105247497559,0.09264898300170898,0.10735201835632324,0.1883387565612793,0.08933615684509277,0.0892488956451416,0.2309131622314453,0.20863986015319824,0.20768213272094727
BAT	GG	0.1782999038696289,0.08855819702148438,0.13197612762451172,0.14575481414794922,0.08948183059692383,0.08893609046936035,0.08942794799804688,0.0910639762878418,0.10090398788452148,0.15951323509216309,0.27793288230895996,0.1054997444152832,0.1520991325378418,0.08937215805053711,0.2109072208404541,0.09081482887268066,0.1809558868408203,0.09557390213012695,0.18448996543884277,0.14520764350891113,0.15482592582702637,0.09135794639587402,0.08871984481811523,0.13177967071533203,0.13771915435791016,0.09781193733215332,0.17960500717163086,0.12044286727905273,0.1731247901916504,0.16827702522277832,0.12471914291381836,0.09162282943725586,0.10020589828491211,0.11082315444946289,0.16323518753051758,0.13871097564697266,0.10321688652038574,0.10376214981079102,0.17917704582214355,0.16996312141418457,0.09256601333618164,0.09458303451538086,0.12018990516662598,0.0924069881439209,0.09110784530639648,0.1166841983795166,0.20824384689331055,0.10371994972229004,0.12597990036010742,0.11559605598449707,0.09259867668151855,0.08845996856689453,0.12259101867675781,0.15927696228027344,0.12488818168640137,0.17003607749938965,0.13752317428588867,0.09028315544128418,0.08845210075378418,0.09088277816772461,0.19917798042297363,0.17877411842346191,0.10662603378295898,0.10875892639160156,0.08865618705749512,0.1451420783996582,0.0971982479095459,0.14554190635681152,0.08862113952636719,0.18271303176879883,0.08978509902954102,0.14618802070617676,0.11150288581848145,0.08785796165466309,0.13998627662658691,0.0886220932006836,0.10868000984191895,0.0912480354309082,0.09593391418457031,0.18947601318359375,0.08908510208129883,0.20693707466125488,0.08834290504455566,0.0882871150970459,0.08808302879333496,0.12093687057495117,0.0925288200378418,0.08868408203125,0.14715790748596191,0.1287839412689209,0.17034411430358887,0.2549920082092285,0.0976707935333252,0.13408637046813965,0.09032583236694336,0.17301201820373535,0.14548969268798828,0.19250106811523438,0.2256302833557129,0.2159137725830078
BAT	GG2	0.1782999038696289,0.08855819702148438,0.13197612762451172,0.14575481414794922,0.08948183059692383,0.08893609046936035,0.08942794799804688,0.0910639762878418,0.10090398788452148,0.15951323509216309,0.27793288230895996,0.1054997444152832,0.1520991325378418,0.08937215805053711,0.2109072208404541,0.09081482887268066,0.1809558868408203,0.09557390213012695,0.18448996543884277,0.14520764350891113,0.15482592582702637,0.09135794639587402,0.08871984481811523,0.13177967071533203,0.13771915435791016,0.09781193733215332,0.17960500717163086,0.12044286727905273,0.1731247901916504,0.16827702522277832,0.12471914291381836,0.09162282943725586,0.10020589828491211,0.11082315444946289,0.16323518753051758,0.13871097564697266,0.10321688652038574,0.10376214981079102,0.17917704582214355,0.16996312141418457,0.09256601333618164,0.09458303451538086,0.12018990516662598,0.0924069881439209,0.09110784530639648,0.1166841983795166,0.20824384689331055,0.10371994972229004,0.12597990036010742,0.11559605598449707,0.09259867668151855,0.08845996856689453,0.12259101867675781,0.15927696228027344,0.12488818168640137,0.17003607749938965,0.13752317428588867,0.09028315544128418,0.08845210075378418,0.09088277816772461,0.19917798042297363,0.17877411842346191,0.10662603378295898,0.10875892639160156,0.08865618705749512,0.1451420783996582,0.0971982479095459,0.14554190635681152,0.08862113952636719,0.18271303176879883,0.08978509902954102,0.14618802070617676,0.11150288581848145,0.08785796165466309,0.13998627662658691,0.0886220932006836,0.10868000984191895,0.0912480354309082,0.09593391418457031,0.18947601318359375,0.08908510208129883,0.20693707466125488,0.08834290504455566,0.0882871150970459,0.08808302879333496,0.12093687057495117,0.0925288200378418,0.08868408203125,0.14715790748596191,0.1287839412689209,0.17034411430358887,0.2549920082092285,0.0976707935333252,0.13408637046813965,0.09032583236694336,0.17301201820373535,0.14548969268798828,0.19250106811523438,0.2256302833557129,0.2159137725830078
DBLP	GEE	0.0030498504638671875,0.003125905990600586,0.002997875213623047,0.0031332969665527344,0.003083944320678711,0.0032749176025390625,0.0031862258911132812,0.003072977066040039,0.0030159950256347656,0.003061056137084961,0.0031769275665283203,0.003072977066040039,0.003092050552368164,0.003100872039794922,0.0031659603118896484,0.003103971481323242,0.003094911575317383,0.0031499862670898438,0.003362894058227539,0.0031800270080566406,0.0030889511108398438,0.003122091293334961,0.003278970718383789,0.003016948699951172,0.0031158924102783203,0.003242015838623047,0.0031549930572509766,0.0030269622802734375,0.003217935562133789,0.003142833709716797,0.0033495426177978516,0.0030629634857177734,0.0030508041381835938,0.0031287670135498047,0.003161191940307617,0.003016948699951172,0.0031249523162841797,0.0030739307403564453,0.0030813217163085938,0.0031058788299560547,0.003099203109741211,0.0030679702758789062,0.0030181407928466797,0.003000974655151367,0.003052949905395508,0.0031249523162841797,0.0030930042266845703,0.0030891895294189453,0.0033102035522460938,0.0030651092529296875,0.0032129287719726562,0.0031287670135498047,0.0030672550201416016,0.0030908584594726562,0.0030448436737060547,0.003203868865966797,0.0031659603118896484,0.0033011436462402344,0.003097057342529297,0.0031380653381347656,0.0032110214233398438,0.0030248165130615234,0.00316619873046875,0.003031015396118164,0.003088235855102539,0.003256082534790039,0.0030820369720458984,0.0030438899993896484,0.003222942352294922,0.003183126449584961,0.0030889511108398438,0.003046274185180664,0.003329038619995117,0.0030870437622070312,0.003042936325073242,0.003183126449584961,0.00311279296875,0.0030291080474853516,0.0030519962310791016,0.00316619873046875,0.0030832290649414062,0.0030879974365234375,0.003201007843017578,0.003032207489013672,0.003144979476928711,0.0030739307403564453,0.003100156784057617,0.003021240234375,0.0031728744506835938,0.0029969215393066406,0.00315093994140625,0.0031588077545166016,0.002981901168823242,0.0030908584594726562,0.0030977725982666016,0.002974987030029297,0.0030601024627685547,0.0030450820922851562,0.003039121627807617,0.0032188892364501953
DBLP	GNN	0.3730449676513672,0.2810502052307129,0.2629570960998535,0.3030250072479248,0.33754920959472656,0.32050418853759766,0.3217301368713379,0.2507631778717041,0.2920191287994385,0.2503490447998047,0.308513879776001,0.2494499683380127,0.3098437786102295,0.27066493034362793,0.21186375617980957,0.3669588565826416,0.23794102668762207,0.2830510139465332,0.3329353332519531,0.21738100051879883,0.3304109573364258,0.22972989082336426,0.2761349678039551,0.2643599510192871,0.2792367935180664,0.353762149810791,0.2705519199371338,0.6956870555877686,0.30327486991882324,0.33568406105041504,0.3803529739379883,0.2571108341217041,0.2439100742340088,0.3058619499206543,0.3405880928039551,0.27004170417785645,0.3119211196899414,0.39098024368286133,0.31508827209472656,0.42114710807800293,0.3217589855194092,0.3044769763946533,0.26831889152526855,0.2799398899078369,0.336108922958374,0.3543689250946045,0.25632691383361816,0.3424530029296875,0.2715799808502197,0.5962660312652588,0.3255131244659424,0.41735386848449707,0.28135204315185547,0.26330065727233887,0.5101170539855957,0.44163990020751953,0.2773559093475342,0.282196044921875,0.355205774307251,0.354931116104126,0.3035290241241455,0.28432679176330566,0.33236098289489746,0.2913041114807129,0.27122926712036133,0.3935990333557129,0.4204061031341553,0.2831428050994873,0.5287380218505859,0.2744410037994385,0.2614140510559082,0.3787829875946045,0.29851412773132324,0.5409619808197021,0.44036078453063965,0.32430171966552734,0.23197317123413086,0.2678079605102539,0.357410192489624,0.4380972385406494,0.34363794326782227,0.29946064949035645,0.32774806022644043,0.2596418857574463,0.276472806930542,0.5013420581817627,0.24546599388122559,0.27718400955200195,0.39005208015441895,0.29725098609924316,0.29596590995788574,0.2946949005126953,0.21988296508789062,0.4307851791381836,0.27141404151916504,0.3431429862976074,0.2843472957611084,0.28498291969299316,0.34152793884277344,0.26830601692199707
DBLP	GG	0.653404951095581,0.5004017353057861,0.7312209606170654,0.20456886291503906,0.6796259880065918,0.6186277866363525,0.6336050033569336,0.3717801570892334,0.341846227645874,0.3870260715484619,0.3376169204711914,0.4317750930786133,0.41137170791625977,0.195357084274292,0.4515819549560547,0.5703849792480469,0.5335161685943604,0.5718629360198975,0.4653751850128174,0.5096383094787598,0.6156940460205078,0.4243941307067871,0.42033886909484863,0.22414064407348633,1.1539320945739746,0.5065920352935791,1.0443072319030762,0.20348000526428223,0.7881028652191162,0.4412369728088379,0.7197020053863525,0.3851127624511719,0.4706301689147949,0.20252323150634766,0.3740682601928711,0.9275109767913818,0.6773829460144043,0.4142131805419922,0.9840891361236572,0.7700908184051514,0.6799719333648682,0.8663899898529053,0.6398940086364746,0.8808200359344482,0.19229602813720703,0.6410229206085205,0.402789831161499,0.3409430980682373,0.5448529720306396,0.8076741695404053,0.509505033493042,0.3753941059112549,0.4035930633544922,0.1941390037536621,0.49318408966064453,0.5008549690246582,0.61983323097229,0.6379649639129639,0.3117079734802246,0.6240849494934082,0.4430508613586426,0.6324679851531982,0.554516077041626,0.46399426460266113,0.5442941188812256,0.7533040046691895,0.6399922370910645,1.001128911972046,0.8774991035461426,0.5152990818023682,0.6750049591064453,0.6287248134613037,0.26349592208862305,0.4414968490600586,0.3781101703643799,0.32965922355651855,0.7901990413665771,0.42611193656921387,0.6199500560760498,0.19620203971862793,0.34670209884643555,0.6203691959381104,0.456496000289917,0.7028119564056396,0.22286200523376465,0.9285850524902344,0.34467506408691406,0.3003420829772949,0.5423569679260254,0.724355936050415,0.1990489959716797,0.7186241149902344,0.5375349521636963,0.610069990158081,0.769622802734375,0.5129528045654297,0.8691458702087402,0.44771695137023926,0.7932720184326172,0.500068187713623
DBLP	GG2	0.653404951095581,0.5004017353057861,0.7312209606170654,0.20456886291503906,0.6796259880065918,0.6186277866363525,0.6336050033569336,0.3717801570892334,0.341846227645874,0.3870260715484619,0.3376169204711914,0.4317750930786133,0.41137170791625977,0.195357084274292,0.4515819549560547,0.5703849792480469,0.5335161685943604,0.5718629360198975,0.4653751850128174,0.5096383094787598,0.6156940460205078,0.4243941307067871,0.42033886909484863,0.22414064407348633,1.1539320945739746,0.5065920352935791,1.0443072319030762,0.20348000526428223,0.7881028652191162,0.4412369728088379,0.7197020053863525,0.3851127624511719,0.4706301689147949,0.20252323150634766,0.3740682601928711,0.9275109767913818,0.6773829460144043,0.4142131805419922,0.9840891361236572,0.7700908184051514,0.6799719333648682,0.8663899898529053,0.6398940086364746,0.8808200359344482,0.19229602813720703,0.6410229206085205,0.402789831161499,0.3409430980682373,0.5448529720306396,0.8076741695404053,0.509505033493042,0.3753941059112549,0.4035930633544922,0.1941390037536621,0.49318408966064453,0.5008549690246582,0.61983323097229,0.6379649639129639,0.3117079734802246,0.6240849494934082,0.4430508613586426,0.6324679851531982,0.554516077041626,0.46399426460266113,0.5442941188812256,0.7533040046691895,0.6399922370910645,1.001128911972046,0.8774991035461426,0.5152990818023682,0.6750049591064453,0.6287248134613037,0.26349592208862305,0.4414968490600586,0.3781101703643799,0.32965922355651855,0.7901990413665771,0.42611193656921387,0.6199500560760498,0.19620203971862793,0.34670209884643555,0.6203691959381104,0.456496000289917,0.7028119564056396,0.22286200523376465,0.9285850524902344,0.34467506408691406,0.3003420829772949,0.5423569679260254,0.724355936050415,0.1990489959716797,0.7186241149902344,0.5375349521636963,0.610069990158081,0.769622802734375,0.5129528045654297,0.8691458702087402,0.44771695137023926,0.7932720184326172,0.500068187713623
EAT	GEE	0.0038149356842041016,0.0037560462951660156,0.003859996795654297,0.0037741661071777344,0.003983259201049805,0.0037310123443603516,0.004057884216308594,0.0037500858306884766,0.0038878917694091797,0.00400996208190918,0.0037648677825927734,0.004069089889526367,0.003910064697265625,0.0038428306579589844,0.0037860870361328125,0.003935098648071289,0.004134178161621094,0.003838777542114258,0.003910064697265625,0.0038530826568603516,0.004040241241455078,0.003826141357421875,0.004105091094970703,0.004186868667602539,0.003976106643676758,0.0038862228393554688,0.003834247589111328,0.004155158996582031,0.0040280818939208984,0.003782987594604492,0.003960132598876953,0.003920793533325195,0.0039141178131103516,0.0038671493530273438,0.0038509368896484375,0.0040819644927978516,0.003996133804321289,0.004080057144165039,0.003921985626220703,0.003931760787963867,0.0038170814514160156,0.0040090084075927734,0.0039861202239990234,0.0039520263671875,0.0039899349212646484,0.003983259201049805,0.0040781497955322266,0.0038132667541503906,0.0038640499114990234,0.004258871078491211,0.0041239261627197266,0.003815174102783203,0.0038862228393554688,0.0039212703704833984,0.004209995269775391,0.0038950443267822266,0.003965139389038086,0.0039920806884765625,0.003795146942138672,0.003939151763916016,0.003976106643676758,0.0037338733673095703,0.003915071487426758,0.004200935363769531,0.004106998443603516,0.003977060317993164,0.003932952880859375,0.003863096237182617,0.004060983657836914,0.003981828689575195,0.0038499832153320312,0.004006862640380859,0.003975868225097656,0.003962039947509766,0.003880023956298828,0.004162788391113281,0.003912925720214844,0.004126071929931641,0.004266023635864258,0.003964900970458984,0.0039217472076416016,0.004154205322265625,0.004027843475341797,0.003934144973754883,0.004049062728881836,0.003785848617553711,0.003911018371582031,0.004118919372558594,0.0040950775146484375,0.003846883773803711,0.004160881042480469,0.0038290023803710938,0.0039598941802978516,0.003682851791381836,0.0039000511169433594,0.004218101501464844,0.004223823547363281,0.0038421154022216797,0.004085063934326172,0.0038347244262695312
EAT	GNN	0.34189605712890625,0.24512505531311035,0.21730828285217285,0.2009899616241455,0.25714802742004395,0.2493271827697754,0.19777798652648926,0.21973204612731934,0.2725718021392822,0.23947978019714355,0.27308011054992676,0.13842988014221191,0.19558286666870117,0.23415708541870117,0.2792026996612549,0.3459939956665039,0.24423694610595703,0.23838305473327637,0.22001099586486816,0.14128470420837402,0.18251490592956543,0.27167320251464844,0.2982358932495117,0.3066978454589844,0.1544351577758789,0.3232431411743164,0.1463329792022705,0.41136598587036133,0.18584799766540527,0.37560105323791504,0.3049478530883789,0.29335784912109375,0.23285388946533203,0.21766996383666992,0.24561381340026855,0.22194790840148926,0.30716991424560547,0.29216527938842773,0.3883049488067627,0.19769597053527832,0.25301289558410645,0.141524076461792,0.22870802879333496,0.2996699810028076,0.1786670684814453,0.14266419410705566,0.15259432792663574,0.22281432151794434,0.18996214866638184,0.25882697105407715,0.3141629695892334,0.2403550148010254,0.1450786590576172,0.15659689903259277,0.18507909774780273,0.23368215560913086,0.18319487571716309,0.3225679397583008,0.28141188621520996,0.37447404861450195,0.13945913314819336,0.25903892517089844,0.22577714920043945,0.2977309226989746,0.24966096878051758,0.19829511642456055,0.18420100212097168,0.17967581748962402,0.2625739574432373,0.1473381519317627,0.2753000259399414,0.19769287109375,0.3184800148010254,0.2480180263519287,0.20368719100952148,0.367189884185791,0.33916211128234863,0.28981804847717285,0.3543260097503662,0.3548243045806885,0.1587362289428711,0.26253485679626465,0.17470121383666992,0.24184322357177734,0.13477396965026855,0.2743258476257324,0.1415729522705078,0.2555820941925049,0.2302842140197754,0.1510629653930664,0.15202689170837402,0.40100622177124023,0.2608768939971924,0.254990816116333,0.292647123336792,0.2698700428009033,0.308635950088501,0.2307116985321045,0.21970796585083008,0.14768195152282715
EAT	GG	0.15130329132080078,0.18514180183410645,0.289780855178833,0.26827192306518555,0.13981413841247559,0.35309505462646484,0.13503384590148926,0.14261388778686523,0.15265297889709473,0.13854193687438965,0.14087772369384766,0.1980571746826172,0.2883646488189697,0.24622797966003418,0.2550196647644043,0.22659826278686523,0.14664387702941895,0.15785503387451172,0.25157618522644043,0.2487170696258545,0.14791607856750488,0.4896087646484375,0.24693584442138672,0.16556096076965332,0.2733590602874756,0.3274800777435303,0.14343810081481934,0.18206024169921875,0.15788912773132324,0.16389894485473633,0.33930182456970215,0.17719388008117676,0.13986992835998535,0.22562098503112793,0.14820313453674316,0.24605488777160645,0.20327091217041016,0.24017715454101562,0.22209787368774414,0.1496748924255371,0.15787100791931152,0.22162389755249023,0.30260705947875977,0.148665189743042,0.3452179431915283,0.17743492126464844,0.14075803756713867,0.1375880241394043,0.22791290283203125,0.13587212562561035,0.18263602256774902,0.14868593215942383,0.1422410011291504,0.14740896224975586,0.27270984649658203,0.1572580337524414,0.13936495780944824,0.13658380508422852,0.15877795219421387,0.14297080039978027,0.13900184631347656,0.1716620922088623,0.13679289817810059,0.3639819622039795,0.17611408233642578,0.14009904861450195,0.35406017303466797,0.23403072357177734,0.47487473487854004,0.21211695671081543,0.2181849479675293,0.41802191734313965,0.1966569423675537,0.13869094848632812,0.2856321334838867,0.13934803009033203,0.1382589340209961,0.143815279006958,0.38292813301086426,0.1669771671295166,0.20783495903015137,0.13751769065856934,0.15707111358642578,0.14153194427490234,0.1536269187927246,0.1683351993560791,0.19192814826965332,0.18203425407409668,0.22053313255310059,0.1853177547454834,0.1484239101409912,0.45793986320495605,0.3429391384124756,0.30231714248657227,0.2120990753173828,0.1354351043701172,0.25162386894226074,0.5499858856201172,0.1511368751525879,0.1369788646697998
EAT	GG2	0.15130329132080078,0.18514180183410645,0.289780855178833,0.26827192306518555,0.13981413841247559,0.35309505462646484,0.13503384590148926,0.14261388778686523,0.15265297889709473,0.13854193687438965,0.14087772369384766,0.1980571746826172,0.2883646488189697,0.24622797966003418,0.2550196647644043,0.22659826278686523,0.14664387702941895,0.15785503387451172,0.25157618522644043,0.2487170696258545,0.14791607856750488,0.4896087646484375,0.24693584442138672,0.16556096076965332,0.2733590602874756,0.3274800777435303,0.14343810081481934,0.18206024169921875,0.15788912773132324,0.16389894485473633,0.33930182456970215,0.17719388008117676,0.13986992835998535,0.22562098503112793,0.14820313453674316,0.24605488777160645,0.20327091217041016,0.24017715454101562,0.22209787368774414,0.1496748924255371,0.15787100791931152,0.22162389755249023,0.30260705947875977,0.148665189743042,0.3452179431915283,0.17743492126464844,0.14075803756713867,0.1375880241394043,0.22791290283203125,0.13587212562561035,0.18263602256774902,0.14868593215942383,0.1422410011291504,0.14740896224975586,0.27270984649658203,0.1572580337524414,0.13936495780944824,0.13658380508422852,0.15877795219421387,0.14297080039978027,0.13900184631347656,0.1716620922088623,0.13679289817810059,0.3639819622039795,0.17611408233642578,0.14009904861450195,0.35406017303466797,0.23403072357177734,0.47487473487854004,0.21211695671081543,0.2181849479675293,0.41802191734313965,0.1966569423675537,0.13869094848632812,0.2856321334838867,0.13934803009033203,0.1382589340209961,0.143815279006958,0.38292813301086426,0.1669771671295166,0.20783495903015137,0.13751769065856934,0.15707111358642578,0.14153194427490234,0.1536269187927246,0.1683351993560791,0.19192814826965332,0.18203425407409668,0.22053313255310059,0.1853177547454834,0.1484239101409912,0.45793986320495605,0.3429391384124756,0.30231714248657227,0.2120990753173828,0.1354351043701172,0.25162386894226074,0.5499858856201172,0.1511368751525879,0.1369788646697998
UAT	GEE	0.009238719940185547,0.009084224700927734,0.008766889572143555,0.008672952651977539,0.00855112075805664,0.00879526138305664,0.009855985641479492,0.008700132369995117,0.00885772705078125,0.008476972579956055,0.008619070053100586,0.00872492790222168,0.008894920349121094,0.009500980377197266,0.008496999740600586,0.008661985397338867,0.008353948593139648,0.008352041244506836,0.008564949035644531,0.008741140365600586,0.008577823638916016,0.008727788925170898,0.008578062057495117,0.008946895599365234,0.008820056915283203,0.008718013763427734,0.008463144302368164,0.008620738983154297,0.008428812026977539,0.00865316390991211,0.009016752243041992,0.008293867111206055,0.008449077606201172,0.008870840072631836,0.008680343627929688,0.008545160293579102,0.008836984634399414,0.008697032928466797,0.00847315788269043,0.00871896743774414,0.008842945098876953,0.008702993392944336,0.008723020553588867,0.009073019027709961,0.008296966552734375,0.009124279022216797,0.009190797805786133,0.008488893508911133,0.009367942810058594,0.008973121643066406,0.008790016174316406,0.009074211120605469,0.00915980339050293,0.008682012557983398,0.008707046508789062,0.009387016296386719,0.00851297378540039,0.009112119674682617,0.008887052536010742,0.008676767349243164,0.009248971939086914,0.008857965469360352,0.008786201477050781,0.00927114486694336,0.008300065994262695,0.008641958236694336,0.008746147155761719,0.00873708724975586,0.00874018669128418,0.008915901184082031,0.008771181106567383,0.008594989776611328,0.008553028106689453,0.008427858352661133,0.008722305297851562,0.00877690315246582,0.00832986831665039,0.008744001388549805,0.008598804473876953,0.008868932723999023,0.008947134017944336,0.008606910705566406,0.009077072143554688,0.008657217025756836,0.008883953094482422,0.008898019790649414,0.008291959762573242,0.009334087371826172,0.009037256240844727,0.009002923965454102,0.008482933044433594,0.009632110595703125,0.008598089218139648,0.008941173553466797,0.008861780166625977,0.00840616226196289,0.008803129196166992,0.008664846420288086,0.008667945861816406,0.008908748626708984
UAT	GNN	0.3779947757720947,0.32776904106140137,0.7465329170227051,0.267179012298584,0.3475050926208496,0.30423498153686523,0.43579721450805664,0.36818814277648926,0.36958909034729004,0.5336778163909912,0.3275148868560791,0.2039639949798584,0.41713786125183105,0.4556150436401367,0.29479408264160156,0.3207211494445801,0.37274885177612305,0.3075907230377197,0.28328824043273926,0.23276686668395996,0.27124595642089844,0.33527231216430664,0.28745317459106445,0.48086023330688477,0.28316211700439453,0.3514559268951416,0.36334896087646484,0.8579046726226807,0.5665810108184814,0.39655590057373047,0.3149850368499756,0.27859997749328613,0.39815497398376465,0.34714818000793457,0.2879941463470459,0.43213486671447754,0.3382298946380615,0.37789392471313477,0.3600010871887207,0.25167322158813477,0.37796998023986816,0.4865438938140869,0.409959077835083,0.3566169738769531,0.2539091110229492,0.3211100101470947,0.24796414375305176,0.291118860244751,0.30926990509033203,0.34864211082458496,0.30333495140075684,0.22723817825317383,0.533236026763916,0.44501805305480957,0.3455679416656494,0.3115389347076416,0.3019418716430664,0.2574131488800049,0.2624680995941162,0.36642885208129883,0.45250988006591797,0.845693826675415,0.3442859649658203,0.4410240650177002,0.2998819351196289,0.37958192825317383,0.5485460758209229,0.323775053024292,0.466292142868042,0.26446104049682617,0.32334208488464355,0.5118257999420166,0.3032689094543457,0.29254889488220215,0.3498852252960205,0.29416489601135254,0.3129251003265381,0.4731326103210449,0.3718240261077881,0.33425211906433105,0.2603459358215332,0.3439450263977051,0.2557399272918701,0.7350819110870361,0.2970740795135498,0.32902979850769043,0.3404819965362549,0.2561800479888916,0.3285212516784668,0.32173824310302734,0.24054408073425293,0.9592568874359131,0.31274914741516113,0.34540700912475586,0.31662702560424805,0.2687969207763672,0.6164000034332275,0.38041114807128906,0.28290677070617676,0.5202300548553467
UAT	GG	0.47705507278442383,0.2890334129333496,0.6628859043121338,0.5251951217651367,0.7205469608306885,0.3422212600708008,0.20267200469970703,0.2244420051574707,0.45308923721313477,0.6123981475830078,0.37557005882263184,0.2267749309539795,0.6315453052520752,0.2910749912261963,0.5857758522033691,0.20322489738464355,0.37747693061828613,0.7360227108001709,0.30107712745666504,0.611126184463501,0.6825568675994873,0.30479001998901367,0.3440389633178711,0.6439728736877441,0.4845108985900879,0.6638710498809814,0.4668591022491455,0.5295379161834717,0.8288929462432861,0.36011171340942383,0.777777910232544,0.4508180618286133,0.34607791900634766,0.2962758541107178,0.5424351692199707,0.5607209205627441,0.7182419300079346,0.6058568954467773,0.24342703819274902,0.49459099769592285,0.20012497901916504,0.21329092979431152,0.6465060710906982,0.7782309055328369,0.2927520275115967,0.46922802925109863,0.7858140468597412,0.20601487159729004,0.20343518257141113,0.6983108520507812,0.7022140026092529,0.566180944442749,0.43074822425842285,0.41704392433166504,0.2075028419494629,0.2299022674560547,0.36582088470458984,0.6223609447479248,0.4059021472930908,0.5503888130187988,0.3652641773223877,0.594249963760376,0.5371301174163818,0.24117302894592285,0.7731428146362305,0.22409820556640625,0.5643179416656494,0.23186826705932617,0.6574177742004395,0.56744384765625,0.6658589839935303,0.48027920722961426,0.21217012405395508,0.24094319343566895,0.2326211929321289,0.641700029373169,0.5502359867095947,0.5569589138031006,0.23691320419311523,0.41846227645874023,0.36812782287597656,0.5435371398925781,0.680933952331543,0.5862782001495361,0.4340658187866211,0.49172186851501465,0.5741169452667236,0.32740020751953125,0.9441838264465332,0.4599590301513672,0.27428293228149414,0.712073802947998,0.2870490550994873,0.5029072761535645,0.2948169708251953,0.3277709484100342,0.22213506698608398,0.45032596588134766,0.4582977294921875,0.5996639728546143
UAT	GG2	0.47705507278442383,0.2890334129333496,0.6628859043121338,0.5251951217651367,0.7205469608306885,0.3422212600708008,0.20267200469970703,0.2244420051574707,0.45308923721313477,0.6123981475830078,0.37557005882263184,0.2267749309539795,0.6315453052520752,0.2910749912261963,0.5857758522033691,0.20322489738464355,0.37747693061828613,0.7360227108001709,0.30107712745666504,0.611126184463501,0.6825568675994873,0.30479001998901367,0.3440389633178711,0.6439728736877441,0.4845108985900879,0.6638710498809814,0.4668591022491455,0.5295379161834717,0.8288929462432861,0.36011171340942383,0.777777910232544,0.4508180618286133,0.34607791900634766,0.2962758541107178,0.5424351692199707,0.5607209205627441,0.7182419300079346,0.6058568954467773,0.24342703819274902,0.49459099769592285,0.20012497901916504,0.21329092979431152,0.6465060710906982,0.7782309055328369,0.2927520275115967,0.46922802925109863,0.7858140468597412,0.20601487159729004,0.20343518257141113,0.6983108520507812,0.7022140026092529,0.566180944442749,0.43074822425842285,0.41704392433166504,0.2075028419494629,0.2299022674560547,0.36582088470458984,0.6223609447479248,0.4059021472930908,0.5503888130187988,0.3652641773223877,0.594249963760376,0.5371301174163818,0.24117302894592285,0.7731428146362305,0.22409820556640625,0.5643179416656494,0.23186826705932617,0.6574177742004395,0.56744384765625,0.6658589839935303,0.48027920722961426,0.21217012405395508,0.24094319343566895,0.2326211929321289,0.641700029373169,0.5502359867095947,0.5569589138031006,0.23691320419311523,0.41846227645874023,0.36812782287597656,0.5435371398925781,0.680933952331543,0.5862782001495361,0.4340658187866211,0.49172186851501465,0.5741169452667236,0.32740020751953125,0.9441838264465332,0.4599590301513672,0.27428293228149414,0.712073802947998,0.2870490550994873,0.5029072761535645,0.2948169708251953,0.3277709484100342,0.22213506698608398,0.45032596588134766,0.4582977294921875,0.5996639728546143
Wiki	GEE	0.010897159576416016,0.01049494743347168,0.011002063751220703,0.011955022811889648,0.010754108428955078,0.011156082153320312,0.011071205139160156,0.011507987976074219,0.010650873184204102,0.01093602180480957,0.011557817459106445,0.01046299934387207,0.011449813842773438,0.010979175567626953,0.010682106018066406,0.010850906372070312,0.01091313362121582,0.010876893997192383,0.010974884033203125,0.010972976684570312,0.01090097427368164,0.01085805892944336,0.010882854461669922,0.010998010635375977,0.010745048522949219,0.01082301139831543,0.010699033737182617,0.010900020599365234,0.010953903198242188,0.010734081268310547,0.010499954223632812,0.011156797409057617,0.01087188720703125,0.010439395904541016,0.011139154434204102,0.011301994323730469,0.010680198669433594,0.010848045349121094,0.010567903518676758,0.010204076766967773,0.010625123977661133,0.010736942291259766,0.011555910110473633,0.011111259460449219,0.010910987854003906,0.010936975479125977,0.0110321044921875,0.010838985443115234,0.011686086654663086,0.010782957077026367,0.011022806167602539,0.01076507568359375,0.010473966598510742,0.011787176132202148,0.011072874069213867,0.011365175247192383,0.011407136917114258,0.01093912124633789,0.010867834091186523,0.011018991470336914,0.011316776275634766,0.010972976684570312,0.011123895645141602,0.010748147964477539,0.012032032012939453,0.010387897491455078,0.010537147521972656,0.010849952697753906,0.010936260223388672,0.012021780014038086,0.011622905731201172,0.010826826095581055,0.010567903518676758,0.010500669479370117,0.012246847152709961,0.011171102523803711,0.01056671142578125,0.010953187942504883,0.011140823364257812,0.010957956314086914,0.011001110076904297,0.010375022888183594,0.010955095291137695,0.010716915130615234,0.011028051376342773,0.010489940643310547,0.012265920639038086,0.010701894760131836,0.01044774055480957,0.010863780975341797,0.01207280158996582,0.011811971664428711,0.010622024536132812,0.010767936706542969,0.01095890998840332,0.010979890823364258,0.011120080947875977,0.010864973068237305,0.010779857635498047,0.011164188385009766
Wiki	GNN	0.5456268787384033,0.5870909690856934,1.0254919528961182,1.2136750221252441,0.543036937713623,0.5248699188232422,0.5030522346496582,0.5697968006134033,0.5133471488952637,0.5412318706512451,0.5528628826141357,1.1706798076629639,0.9432661533355713,0.5302948951721191,0.559973955154419,0.5281078815460205,0.5297398567199707,1.5121262073516846,0.5558080673217773,0.573138952255249,0.588381290435791,0.6036648750305176,0.8879470825195312,0.5527641773223877,1.4572417736053467,0.5558359622955322,0.5673799514770508,0.5857150554656982,0.7675299644470215,0.6153171062469482,0.5915088653564453,1.438966989517212,0.5463879108428955,0.6051130294799805,1.1776041984558105,0.5467958450317383,1.2765178680419922,0.5469729900360107,0.7174510955810547,0.5546441078186035,0.5889878273010254,0.6217598915100098,0.7001941204071045,0.5615012645721436,0.5734720230102539,0.9765312671661377,0.5883121490478516,1.3055520057678223,0.5895049571990967,0.9921731948852539,0.5489909648895264,0.9319822788238525,0.581186056137085,0.5658218860626221,1.8976409435272217,0.5865788459777832,0.5383727550506592,1.036942958831787,0.58188796043396,0.7822210788726807,1.2271728515625,1.107935905456543,1.2673680782318115,0.5495452880859375,0.6974401473999023,0.5394659042358398,0.601658821105957,1.2362480163574219,0.8320987224578857,0.8284289836883545,1.1961188316345215,0.8087317943572998,0.5510306358337402,1.5217649936676025,1.3663809299468994,0.6193578243255615,0.5966160297393799,0.5460877418518066,0.5732729434967041,0.718682050704956,0.5413548946380615,1.4272849559783936,0.5914549827575684,0.5431349277496338,1.8398399353027344,1.189073085784912,1.3230626583099365,0.5566508769989014,0.5401802062988281,1.2903318405151367,1.2124972343444824,1.3608348369598389,0.5370492935180664,2.226999044418335,1.176105260848999,1.9300830364227295,1.5840981006622314,1.3025939464569092,0.8632309436798096,0.575206995010376
Wiki	GG	0.9735159873962402,1.1158788204193115,0.7027130126953125,0.5232758522033691,0.6437840461730957,0.761876106262207,0.9014647006988525,0.9247658252716064,1.0320899486541748,0.48601698875427246,1.186918020248413,0.7966539859771729,1.0020010471343994,1.2406630516052246,1.1472063064575195,0.8145186901092529,1.6089131832122803,0.9503490924835205,0.7711141109466553,0.9557347297668457,0.5929338932037354,0.6233828067779541,1.2542040348052979,0.7648441791534424,1.2251999378204346,1.1332049369812012,1.0400660037994385,0.9304349422454834,0.7525022029876709,0.9347140789031982,0.7499279975891113,0.9774868488311768,0.8307290077209473,0.8309352397918701,0.978691816329956,1.1795010566711426,1.0374541282653809,0.9530360698699951,1.3410789966583252,0.8555951118469238,0.8289980888366699,0.6494121551513672,0.5803351402282715,1.1320509910583496,1.153203010559082,0.9597001075744629,0.6777551174163818,0.7846829891204834,0.8064301013946533,0.6497640609741211,0.7717251777648926,0.8519210815429688,0.5984008312225342,1.2448577880859375,0.6856980323791504,0.9260997772216797,1.061476707458496,0.9589989185333252,1.2026257514953613,0.778447151184082,0.7009079456329346,0.6525702476501465,0.6359157562255859,0.5630710124969482,1.328373908996582,1.1931378841400146,0.6926891803741455,0.7294890880584717,0.9943211078643799,0.8996729850769043,0.6759178638458252,0.7657709121704102,0.8049287796020508,0.9238982200622559,1.258984088897705,1.202763557434082,1.2744290828704834,0.7446599006652832,1.4853930473327637,0.8929572105407715,1.059772253036499,0.849388837814331,1.4257400035858154,0.8718080520629883,1.2908947467803955,1.0714788436889648,0.8155398368835449,0.6615407466888428,1.0400829315185547,0.738253116607666,0.6130828857421875,0.9753801822662354,1.055609941482544,0.8013348579406738,1.4784290790557861,0.9605588912963867,0.5963630676269531,1.2146787643432617,0.8338150978088379,1.4502537250518799
Wiki	GG2	0.9735159873962402,1.1158788204193115,0.7027130126953125,0.5232758522033691,0.6437840461730957,0.761876106262207,0.9014647006988525,0.9247658252716064,1.0320899486541748,0.48601698875427246,1.186918020248413,0.7966539859771729,1.0020010471343994,1.2406630516052246,1.1472063064575195,0.8145186901092529,1.6089131832122803,0.9503490924835205,0.7711141109466553,0.9557347297668457,0.5929338932037354,0.6233828067779541,1.2542040348052979,0.7648441791534424,1.2251999378204346,1.1332049369812012,1.0400660037994385,0.9304349422454834,0.7525022029876709,0.9347140789031982,0.7499279975891113,0.9774868488311768,0.8307290077209473,0.8309352397918701,0.978691816329956,1.1795010566711426,1.0374541282653809,0.9530360698699951,1.3410789966583252,0.8555951118469238,0.8289980888366699,0.6494121551513672,0.5803351402282715,1.1320509910583496,1.153203010559082,0.9597001075744629,0.6777551174163818,0.7846829891204834,0.8064301013946533,0.6497640609741211,0.7717251777648926,0.8519210815429688,0.5984008312225342,1.2448577880859375,0.6856980323791504,0.9260997772216797,1.061476707458496,0.9589989185333252,1.2026257514953613,0.778447151184082,0.7009079456329346,0.6525702476501465,0.6359157562255859,0.5630710124969482,1.328373908996582,1.1931378841400146,0.6926891803741455,0.7294890880584717,0.9943211078643799,0.8996729850769043,0.6759178638458252,0.7657709121704102,0.8049287796020508,0.9238982200622559,1.258984088897705,1.202763557434082,1.2744290828704834,0.7446599006652832,1.4853930473327637,0.8929572105407715,1.059772253036499,0.849388837814331,1.4257400035858154,0.8718080520629883,1.2908947467803955,1.0714788436889648,0.8155398368835449,0.6615407466888428,1.0400829315185547,0.738253116607666,0.6130828857421875,0.9753801822662354,1.055609941482544,0.8013348579406738,1.4784290790557861,0.9605588912963867,0.5963630676269531,1.2146787643432617,0.8338150978088379,1.4502537250518799
Gene	GEE	0.0014390945434570312,0.001299142837524414,0.0013146400451660156,0.0013339519500732422,0.0013039112091064453,0.001359701156616211,0.0013799667358398438,0.001336812973022461,0.0013632774353027344,0.0013377666473388672,0.0012726783752441406,0.0013020038604736328,0.0013189315795898438,0.0013079643249511719,0.0014121532440185547,0.001447916030883789,0.0013401508331298828,0.0015571117401123047,0.0014278888702392578,0.0012929439544677734,0.0013060569763183594,0.001360177993774414,0.0013298988342285156,0.0013051033020019531,0.0013420581817626953,0.0014638900756835938,0.0012850761413574219,0.0014138221740722656,0.001383066177368164,0.0013759136199951172,0.0013277530670166016,0.0014300346374511719,0.0013480186462402344,0.0013308525085449219,0.0013508796691894531,0.0013289451599121094,0.0014231204986572266,0.0013518333435058594,0.0013222694396972656,0.0013167858123779297,0.0013680458068847656,0.0013480186462402344,0.0013248920440673828,0.0013141632080078125,0.0013120174407958984,0.0013511180877685547,0.0013189315795898438,0.0012867450714111328,0.0013229846954345703,0.0013298988342285156,0.0013089179992675781,0.0013260841369628906,0.0013408660888671875,0.0013051033020019531,0.0013120174407958984,0.0013189315795898438,0.0012888908386230469,0.0013167858123779297,0.0013039112091064453,0.0013189315795898438,0.0014469623565673828,0.0014541149139404297,0.0013380050659179688,0.0013279914855957031,0.0013651847839355469,0.0013110637664794922,0.0013742446899414062,0.0014309883117675781,0.0013208389282226562,0.0012829303741455078,0.0013217926025390625,0.0013010501861572266,0.0013349056243896484,0.0013430118560791016,0.0012850761413574219,0.0013010501861572266,0.0013508796691894531,0.0013451576232910156,0.0013628005981445312,0.0013070106506347656,0.001318216323852539,0.0013189315795898438,0.00131988525390625,0.00128936767578125,0.0013759136199951172,0.0013129711151123047,0.0013167858123779297,0.0013151168823242188,0.0013301372528076172,0.0012748241424560547,0.0012972354888916016,0.0014190673828125,0.0013458728790283203,0.0013277530670166016,0.0013728141784667969,0.001325845718383789,0.001344919204711914,0.0014421939849853516,0.0013420581817626953,0.0013592243194580078
Gene	GNN	0.14112305641174316,0.2519958019256592,0.2162790298461914,0.15351605415344238,0.18430089950561523,0.17234301567077637,0.2173922061920166,0.1957569122314453,0.17455697059631348,0.14234089851379395,0.16914916038513184,0.14419293403625488,0.22073984146118164,0.17181015014648438,0.1383681297302246,0.16881990432739258,0.11483311653137207,0.2869539260864258,0.1800220012664795,0.315169095993042,0.19515609741210938,0.11180710792541504,0.13762307167053223,0.24030470848083496,0.17158293724060059,0.27860498428344727,0.2315962314605713,0.12252521514892578,0.1932079792022705,0.1992812156677246,0.2441098690032959,0.1726701259613037,0.18324017524719238,0.18747806549072266,0.21850013732910156,0.11150217056274414,0.1179971694946289,0.1911640167236328,0.25434017181396484,0.1723942756652832,0.2013530731201172,0.22011804580688477,0.20072293281555176,0.19089007377624512,0.23753690719604492,0.12163615226745605,0.2342698574066162,0.10756087303161621,0.12952613830566406,0.3198990821838379,0.18978190422058105,0.18012428283691406,0.2304210662841797,0.14402198791503906,0.11513185501098633,0.24009418487548828,0.22295188903808594,0.181473970413208,0.20334482192993164,0.21047186851501465,0.22724604606628418,0.2901632785797119,0.31520605087280273,0.21523785591125488,0.25308704376220703,0.21182489395141602,0.12333321571350098,0.28233766555786133,0.1277918815612793,0.2091519832611084,0.11338210105895996,0.21093010902404785,0.2125108242034912,0.2879033088684082,0.23508787155151367,0.15440583229064941,0.23125123977661133,0.37931180000305176,0.19489097595214844,0.2569868564605713,0.14632201194763184,0.11801910400390625,0.14996099472045898,0.284945011138916,0.15502119064331055,0.18781805038452148,0.16616201400756836,0.18399286270141602,0.13910603523254395,0.16263341903686523,0.18473076820373535,0.22461605072021484,0.11892175674438477,0.17898797988891602,0.1985480785369873,0.14557909965515137,0.15982508659362793,0.19008302688598633,0.3434581756591797,0.12938976287841797
Gene	GG	0.23119306564331055,0.16332411766052246,0.1246490478515625,0.10821104049682617,0.13504576683044434,0.35758113861083984,0.11892104148864746,0.1075901985168457,0.12789607048034668,0.13161182403564453,0.39794039726257324,0.13964104652404785,0.14042091369628906,0.1475520133972168,0.5066461563110352,0.1091609001159668,0.1376347541809082,0.3816089630126953,0.11650300025939941,0.1172170639038086,0.11869692802429199,0.13341116905212402,0.10925483703613281,0.17499995231628418,0.11414194107055664,0.1080770492553711,0.11012101173400879,0.1228179931640625,0.12027788162231445,0.10795402526855469,0.24116206169128418,0.3653528690338135,0.21964001655578613,0.372509241104126,0.3801882266998291,0.22293782234191895,0.11200094223022461,0.15879297256469727,0.12932801246643066,0.15725207328796387,0.10843396186828613,0.1204521656036377,0.10684633255004883,0.16765809059143066,0.13976812362670898,0.11235928535461426,0.11048078536987305,0.12149310111999512,0.13043212890625,0.2829570770263672,0.10663294792175293,0.13059520721435547,0.11197710037231445,0.11903595924377441,0.19582104682922363,0.1228029727935791,0.11324906349182129,0.44036316871643066,0.10800480842590332,0.46012187004089355,0.18784570693969727,0.10771298408508301,0.20959186553955078,0.2372889518737793,0.4764978885650635,0.3587219715118408,0.20949983596801758,0.10878801345825195,0.13270092010498047,0.12073397636413574,0.12386012077331543,0.13751816749572754,0.4199678897857666,0.2075049877166748,0.1217198371887207,0.12276816368103027,0.4316589832305908,0.11219191551208496,0.10805702209472656,0.11049699783325195,0.2658271789550781,0.10758709907531738,0.21712207794189453,0.22832322120666504,0.11404800415039062,0.1100010871887207,0.14030003547668457,0.10601496696472168,0.10817503929138184,0.1326618194580078,0.11795997619628906,0.18380212783813477,0.18419218063354492,0.14284086227416992,0.13833308219909668,0.10759401321411133,0.11030983924865723,0.3704540729522705,0.27129077911376953,0.20248794555664062
Gene	GG2	0.23119306564331055,0.16332411766052246,0.1246490478515625,0.10821104049682617,0.13504576683044434,0.35758113861083984,0.11892104148864746,0.1075901985168457,0.12789607048034668,0.13161182403564453,0.39794039726257324,0.13964104652404785,0.14042091369628906,0.1475520133972168,0.5066461563110352,0.1091609001159668,0.1376347541809082,0.3816089630126953,0.11650300025939941,0.1172170639038086,0.11869692802429199,0.13341116905212402,0.10925483703613281,0.17499995231628418,0.11414194107055664,0.1080770492553711,0.11012101173400879,0.1228179931640625,0.12027788162231445,0.10795402526855469,0.24116206169128418,0.3653528690338135,0.21964001655578613,0.372509241104126,0.3801882266998291,0.22293782234191895,0.11200094223022461,0.15879297256469727,0.12932801246643066,0.15725207328796387,0.10843396186828613,0.1204521656036377,0.10684633255004883,0.16765809059143066,0.13976812362670898,0.11235928535461426,0.11048078536987305,0.12149310111999512,0.13043212890625,0.2829570770263672,0.10663294792175293,0.13059520721435547,0.11197710037231445,0.11903595924377441,0.19582104682922363,0.1228029727935791,0.11324906349182129,0.44036316871643066,0.10800480842590332,0.46012187004089355,0.18784570693969727,0.10771298408508301,0.20959186553955078,0.2372889518737793,0.4764978885650635,0.3587219715118408,0.20949983596801758,0.10878801345825195,0.13270092010498047,0.12073397636413574,0.12386012077331543,0.13751816749572754,0.4199678897857666,0.2075049877166748,0.1217198371887207,0.12276816368103027,0.4316589832305908,0.11219191551208496,0.10805702209472656,0.11049699783325195,0.2658271789550781,0.10758709907531738,0.21712207794189453,0.22832322120666504,0.11404800415039062,0.1100010871887207,0.14030003547668457,0.10601496696472168,0.10817503929138184,0.1326618194580078,0.11795997619628906,0.18380212783813477,0.18419218063354492,0.14284086227416992,0.13833308219909668,0.10759401321411133,0.11030983924865723,0.3704540729522705,0.27129077911376953,0.20248794555664062
IIP	GEE	0.000514984130859375,0.0004711151123046875,0.0004639625549316406,0.00044608116149902344,0.00047588348388671875,0.00045680999755859375,0.0005400180816650391,0.0004630088806152344,0.00043487548828125,0.0004849433898925781,0.0004749298095703125,0.0004818439483642578,0.0004830360412597656,0.0005259513854980469,0.0005450248718261719,0.0004730224609375,0.0005037784576416016,0.00047779083251953125,0.0004949569702148438,0.0006279945373535156,0.0004999637603759766,0.0005214214324951172,0.0004730224609375,0.0005769729614257812,0.0004711151123046875,0.0004627704620361328,0.00047016143798828125,0.0005147457122802734,0.0004680156707763672,0.0004949569702148438,0.0005319118499755859,0.0005180835723876953,0.0005190372467041016,0.0004909038543701172,0.0004949569702148438,0.00047588348388671875,0.0004432201385498047,0.0004811286926269531,0.0005080699920654297,0.0004658699035644531,0.0005409717559814453,0.0004680156707763672,0.0004830360412597656,0.0005333423614501953,0.00047516822814941406,0.0005350112915039062,0.0005099773406982422,0.0004980564117431641,0.0005090236663818359,0.0005340576171875,0.0004899501800537109,0.0004792213439941406,0.00047898292541503906,0.0004489421844482422,0.0005218982696533203,0.0005540847778320312,0.0004658699035644531,0.0005087852478027344,0.0005459785461425781,0.00047206878662109375,0.0005431175231933594,0.00046515464782714844,0.0004730224609375,0.0004868507385253906,0.0004630088806152344,0.0004582405090332031,0.00047707557678222656,0.0004940032958984375,0.0004801750183105469,0.00045680999755859375,0.0004909038543701172,0.0004780292510986328,0.00046372413635253906,0.0004649162292480469,0.00047779083251953125,0.0004730224609375,0.00045990943908691406,0.0004448890686035156,0.00047087669372558594,0.0005190372467041016,0.0004839897155761719,0.0004951953887939453,0.0005028247833251953,0.0005578994750976562,0.0005409717559814453,0.00046181678771972656,0.00047898292541503906,0.0004899501800537109,0.0005018711090087891,0.00044989585876464844,0.0004711151123046875,0.0004830360412597656,0.0005388259887695312,0.0005731582641601562,0.000492095947265625,0.0004851818084716797,0.00047326087951660156,0.0004658699035644531,0.000514984130859375,0.0004940032958984375
IIP	GNN	0.10465574264526367,0.13905119895935059,0.2448101043701172,0.1115870475769043,0.16427898406982422,0.17804694175720215,0.13745403289794922,0.15412497520446777,0.12091612815856934,0.0892491340637207,0.11959981918334961,0.11081409454345703,0.14560484886169434,0.14084410667419434,0.10641217231750488,0.12266802787780762,0.11216115951538086,0.11013913154602051,0.12514591217041016,0.1462719440460205,0.11188077926635742,0.1453402042388916,0.12328815460205078,0.1465587615966797,0.11684012413024902,0.12082099914550781,0.14629912376403809,0.11354613304138184,0.12742304801940918,0.13014507293701172,0.14078116416931152,0.1168050765991211,0.11627984046936035,0.16626477241516113,0.13607001304626465,0.1496269702911377,0.11439681053161621,0.11698412895202637,0.1530008316040039,0.14005398750305176,0.12062907218933105,0.14560985565185547,0.13586831092834473,0.1074676513671875,0.1269090175628662,0.10010290145874023,0.11542487144470215,0.2053999900817871,0.19123506546020508,0.15438508987426758,0.10555005073547363,0.1405477523803711,0.13888907432556152,0.14642596244812012,0.11481809616088867,0.1272571086883545,0.18822288513183594,0.12458014488220215,0.12407517433166504,0.13662195205688477,0.09809708595275879,0.13270187377929688,0.1444101333618164,0.1724259853363037,0.11188697814941406,0.12506675720214844,0.12549901008605957,0.1871941089630127,0.19256210327148438,0.08964109420776367,0.09836196899414062,0.09910392761230469,0.1308300495147705,0.14283013343811035,0.11940979957580566,0.284334659576416,0.1322319507598877,0.19065403938293457,0.1699368953704834,0.10135507583618164,0.2200157642364502,0.13441205024719238,0.16060709953308105,0.11694169044494629,0.10482311248779297,0.12931203842163086,0.1583859920501709,0.19183015823364258,0.11293792724609375,0.29160213470458984,0.12908220291137695,0.1543123722076416,0.133436918258667,0.15333890914916992,0.23925399780273438,0.12521600723266602,0.11700105667114258,0.17550086975097656,0.11374902725219727,0.12903904914855957
IIP	GG	0.09838104248046875,0.13353204727172852,0.17055082321166992,0.21097707748413086,0.10829019546508789,0.12295985221862793,0.20716476440429688,0.17285895347595215,0.12883400917053223,0.10431575775146484,0.08941292762756348,0.143204927444458,0.1142420768737793,0.1082768440246582,0.185502290725708,0.17753291130065918,0.09937095642089844,0.17825698852539062,0.15038681030273438,0.24281692504882812,0.1299130916595459,0.23778295516967773,0.10685110092163086,0.19895291328430176,0.1329021453857422,0.08832526206970215,0.2655649185180664,0.16745209693908691,0.10974907875061035,0.1888289451599121,0.1732800006866455,0.15415120124816895,0.19196391105651855,0.09274411201477051,0.09658074378967285,0.19980716705322266,0.1513378620147705,0.10726499557495117,0.1348099708557129,0.10594892501831055,0.08898687362670898,0.10836482048034668,0.08812308311462402,0.16392779350280762,0.13122200965881348,0.10283088684082031,0.1044461727142334,0.17312979698181152,0.13382506370544434,0.1051630973815918,0.15334129333496094,0.10605192184448242,0.16474390029907227,0.198760986328125,0.13755011558532715,0.09881901741027832,0.14823579788208008,0.0885162353515625,0.16114497184753418,0.17035293579101562,0.22573590278625488,0.08717679977416992,0.1902480125427246,0.17894983291625977,0.16230177879333496,0.0938107967376709,0.1703019142150879,0.1890122890472412,0.11840200424194336,0.12004423141479492,0.16110992431640625,0.09325480461120605,0.1088709831237793,0.12694382667541504,0.08903908729553223,0.0870051383972168,0.08716797828674316,0.1652050018310547,0.3037550449371338,0.11755490303039551,0.10358285903930664,0.09188604354858398,0.11944913864135742,0.11532068252563477,0.09099793434143066,0.09234786033630371,0.09387588500976562,0.09203982353210449,0.18061423301696777,0.19899392127990723,0.20838212966918945,0.16025710105895996,0.14907097816467285,0.09178495407104492,0.09343671798706055,0.106170654296875,0.11121106147766113,0.18155288696289062,0.09242892265319824,0.11010098457336426
IIP	GG2	0.09838104248046875,0.13353204727172852,0.17055082321166992,0.21097707748413086,0.10829019546508789,0.12295985221862793,0.20716476440429688,0.17285895347595215,0.12883400917053223,0.10431575775146484,0.08941292762756348,0.143204927444458,0.1142420768737793,0.1082768440246582,0.185502290725708,0.17753291130065918,0.09937095642089844,0.17825698852539062,0.15038681030273438,0.24281692504882812,0.1299130916595459,0.23778295516967773,0.10685110092163086,0.19895291328430176,0.1329021453857422,0.08832526206970215,0.2655649185180664,0.16745209693908691,0.10974907875061035,0.1888289451599121,0.1732800006866455,0.15415120124816895,0.19196391105651855,0.09274411201477051,0.09658074378967285,0.19980716705322266,0.1513378620147705,0.10726499557495117,0.1348099708557129,0.10594892501831055,0.08898687362670898,0.10836482048034668,0.08812308311462402,0.16392779350280762,0.13122200965881348,0.10283088684082031,0.1044461727142334,0.17312979698181152,0.13382506370544434,0.1051630973815918,0.15334129333496094,0.10605192184448242,0.16474390029907227,0.198760986328125,0.13755011558532715,0.09881901741027832,0.14823579788208008,0.0885162353515625,0.16114497184753418,0.17035293579101562,0.22573590278625488,0.08717679977416992,0.1902480125427246,0.17894983291625977,0.16230177879333496,0.0938107967376709,0.1703019142150879,0.1890122890472412,0.11840200424194336,0.12004423141479492,0.16110992431640625,0.09325480461120605,0.1088709831237793,0.12694382667541504,0.08903908729553223,0.0870051383972168,0.08716797828674316,0.1652050018310547,0.3037550449371338,0.11755490303039551,0.10358285903930664,0.09188604354858398,0.11944913864135742,0.11532068252563477,0.09099793434143066,0.09234786033630371,0.09387588500976562,0.09203982353210449,0.18061423301696777,0.19899392127990723,0.20838212966918945,0.16025710105895996,0.14907097816467285,0.09178495407104492,0.09343671798706055,0.106170654296875,0.11121106147766113,0.18155288696289062,0.09242892265319824,0.11010098457336426
lastfm	GEE	0.018938779830932617,0.02066802978515625,0.020487070083618164,0.01973104476928711,0.019218921661376953,0.019781827926635742,0.020180940628051758,0.01949787139892578,0.021158933639526367,0.01886296272277832,0.02164316177368164,0.019553184509277344,0.01947331428527832,0.01964282989501953,0.019743919372558594,0.01960897445678711,0.019690990447998047,0.019671201705932617,0.02058577537536621,0.020040035247802734,0.020142793655395508,0.019278764724731445,0.020360231399536133,0.020914793014526367,0.022113800048828125,0.020163297653198242,0.020591259002685547,0.020988941192626953,0.020557880401611328,0.0217440128326416,0.020895957946777344,0.021149158477783203,0.021468162536621094,0.02074909210205078,0.02285909652709961,0.024355173110961914,0.02056121826171875,0.02183985710144043,0.02211618423461914,0.022010087966918945,0.0236358642578125,0.02188897132873535,0.022214889526367188,0.023376941680908203,0.024358034133911133,0.022535085678100586,0.022774934768676758,0.02309417724609375,0.022665977478027344,0.02388620376586914,0.023131132125854492,0.022079944610595703,0.023075103759765625,0.022507905960083008,0.023428916931152344,0.022547006607055664,0.021915197372436523,0.02306199073791504,0.022493839263916016,0.02376389503479004,0.02241992950439453,0.022928953170776367,0.022582054138183594,0.022665023803710938,0.02432084083557129,0.02461075782775879,0.02333378791809082,0.02226996421813965,0.022669076919555664,0.022825956344604492,0.022322893142700195,0.022705793380737305,0.022597074508666992,0.022930145263671875,0.022803306579589844,0.022694110870361328,0.023138999938964844,0.022572040557861328,0.022306203842163086,0.022742033004760742,0.024470806121826172,0.02245807647705078,0.023808002471923828,0.021969079971313477,0.022899866104125977,0.022406816482543945,0.025359153747558594,0.02278304100036621,0.022999048233032227,0.022686004638671875,0.02387094497680664,0.022546052932739258,0.022610902786254883,0.02253413200378418,0.023222684860229492,0.023845911026000977,0.02208399772644043,0.022706985473632812,0.0226900577545166,0.022459983825683594
lastfm	GNN	1.539841890335083,1.7694129943847656,2.2745020389556885,1.6806392669677734,1.2955341339111328,1.5147700309753418,1.3887050151824951,1.4701740741729736,1.6883618831634521,1.5668082237243652,1.6595089435577393,1.4629089832305908,1.2298839092254639,1.0882790088653564,1.55623197555542,1.8688478469848633,1.0538718700408936,1.3577227592468262,1.092834711074829,1.1063427925109863,1.0831031799316406,1.4566779136657715,1.057178020477295,1.710096836090088,1.5186169147491455,1.7696881294250488,1.3261990547180176,1.9348540306091309,1.2726471424102783,1.2349178791046143,1.0409517288208008,1.5042729377746582,2.3553199768066406,2.0363540649414062,1.4274210929870605,1.3189661502838135,1.0851149559020996,1.908271074295044,1.597472906112671,1.550825834274292,1.1926441192626953,1.41314697265625,1.8889930248260498,1.3662409782409668,1.6637778282165527,1.8145661354064941,1.7498037815093994,1.6807117462158203,2.047651767730713,1.1027920246124268,1.9942739009857178,2.2848970890045166,1.3627269268035889,1.6928048133850098,1.481773853302002,1.76332688331604,1.4848859310150146,1.5158889293670654,1.7466139793395996,1.088320016860962,1.4255669116973877,1.4673988819122314,1.0730738639831543,1.3886017799377441,1.491217851638794,1.105508804321289,1.6789016723632812,1.755141019821167,1.3544487953186035,1.1072697639465332,1.6056039333343506,1.6512727737426758,1.2240619659423828,2.197857618331909,1.17252779006958,2.29892897605896,1.189209222793579,2.32590913772583,1.4649221897125244,1.3706731796264648,2.0633320808410645,2.1819088459014893,1.860868215560913,2.8130691051483154,1.646442174911499,1.600282907485962,1.5509779453277588,2.3143889904022217,1.72878098487854,1.2248141765594482,1.2180757522583008,1.3315091133117676,2.1028010845184326,1.1471138000488281,1.6439170837402344,1.677839756011963,1.9807617664337158,1.9047651290893555,1.0935537815093994,1.8911001682281494
lastfm	GG	2.991395950317383,2.4610908031463623,3.985968828201294,4.0035059452056885,1.9862289428710938,4.478596925735474,3.3551528453826904,5.0084240436553955,1.6756229400634766,4.018558025360107,3.000558853149414,4.23747706413269,1.9536199569702148,2.0713558197021484,2.509800910949707,3.7042367458343506,2.5395939350128174,4.156001806259155,2.1049818992614746,2.151078224182129,2.156592845916748,2.421199083328247,3.4759621620178223,3.5807909965515137,2.389104127883911,1.8133289813995361,3.0729498863220215,1.9191138744354248,2.374056100845337,3.081408739089966,3.283860206604004,1.35288405418396,1.5079281330108643,2.6406049728393555,2.4612748622894287,2.0421528816223145,1.4775018692016602,2.756711959838867,1.69514799118042,1.7742421627044678,3.9104020595550537,2.6587061882019043,3.133028030395508,2.8547661304473877,1.7706897258758545,3.763295888900757,3.851226806640625,3.5155200958251953,1.86397385597229,2.4671871662139893,2.973961114883423,2.6226022243499756,3.771851062774658,3.7512099742889404,3.4746642112731934,1.8251729011535645,1.8628249168395996,3.3674721717834473,2.5537519454956055,3.698547124862671,2.084099054336548,3.4770350456237793,3.193126916885376,2.637916088104248,2.6110501289367676,2.015418291091919,2.0421435832977295,2.5163421630859375,2.970661163330078,3.629438877105713,2.6195850372314453,4.450329780578613,2.780543804168701,2.4964821338653564,2.5592522621154785,2.5337588787078857,1.791337013244629,3.046217203140259,2.8287549018859863,2.482282876968384,3.3645009994506836,2.640765905380249,2.731032133102417,2.6286263465881348,3.977385997772217,1.7986817359924316,3.1176021099090576,2.2744622230529785,2.052596092224121,2.8496220111846924,2.433882713317871,2.6226909160614014,2.7994039058685303,2.030524969100952,2.451514959335327,2.2697842121124268,3.2544329166412354,4.014934062957764,4.90047812461853,1.644648790359497
lastfm	GG2	2.991395950317383,2.4610908031463623,3.985968828201294,4.0035059452056885,1.9862289428710938,4.478596925735474,3.3551528453826904,5.0084240436553955,1.6756229400634766,4.018558025360107,3.000558853149414,4.23747706413269,1.9536199569702148,2.0713558197021484,2.509800910949707,3.7042367458343506,2.5395939350128174,4.156001806259155,2.1049818992614746,2.151078224182129,2.156592845916748,2.421199083328247,3.4759621620178223,3.5807909965515137,2.389104127883911,1.8133289813995361,3.0729498863220215,1.9191138744354248,2.374056100845337,3.081408739089966,3.283860206604004,1.35288405418396,1.5079281330108643,2.6406049728393555,2.4612748622894287,2.0421528816223145,1.4775018692016602,2.756711959838867,1.69514799118042,1.7742421627044678,3.9104020595550537,2.6587061882019043,3.133028030395508,2.8547661304473877,1.7706897258758545,3.763295888900757,3.851226806640625,3.5155200958251953,1.86397385597229,2.4671871662139893,2.973961114883423,2.6226022243499756,3.771851062774658,3.7512099742889404,3.4746642112731934,1.8251729011535645,1.8628249168395996,3.3674721717834473,2.5537519454956055,3.698547124862671,2.084099054336548,3.4770350456237793,3.193126916885376,2.637916088104248,2.6110501289367676,2.015418291091919,2.0421435832977295,2.5163421630859375,2.970661163330078,3.629438877105713,2.6195850372314453,4.450329780578613,2.780543804168701,2.4964821338653564,2.5592522621154785,2.5337588787078857,1.791337013244629,3.046217203140259,2.8287549018859863,2.482282876968384,3.3645009994506836,2.640765905380249,2.731032133102417,2.6286263465881348,3.977385997772217,1.7986817359924316,3.1176021099090576,2.2744622230529785,2.052596092224121,2.8496220111846924,2.433882713317871,2.6226909160614014,2.7994039058685303,2.030524969100952,2.451514959335327,2.2697842121124268,3.2544329166412354,4.014934062957764,4.90047812461853,1.644648790359497
polblogs	GEE	0.011895179748535156,0.010991096496582031,0.011260032653808594,0.01094508171081543,0.011090278625488281,0.011136770248413086,0.011413097381591797,0.010675907135009766,0.011632919311523438,0.011661052703857422,0.011472225189208984,0.011647939682006836,0.011603355407714844,0.011124134063720703,0.01110982894897461,0.011208295822143555,0.011188983917236328,0.01169586181640625,0.01139688491821289,0.01102590560913086,0.011337995529174805,0.011011838912963867,0.011739253997802734,0.010509014129638672,0.011421918869018555,0.010886907577514648,0.010925054550170898,0.011459112167358398,0.01157236099243164,0.011254072189331055,0.011448144912719727,0.010851621627807617,0.010743141174316406,0.010251998901367188,0.01047825813293457,0.01093602180480957,0.010779142379760742,0.010448932647705078,0.010127782821655273,0.010725259780883789,0.011227130889892578,0.010859966278076172,0.010236024856567383,0.011329174041748047,0.011570930480957031,0.011507034301757812,0.010819196701049805,0.011312723159790039,0.01040196418762207,0.010931968688964844,0.010326147079467773,0.01081705093383789,0.011425018310546875,0.012018918991088867,0.010499000549316406,0.010154962539672852,0.011600017547607422,0.010663986206054688,0.010551929473876953,0.010580062866210938,0.01047968864440918,0.011279106140136719,0.010963916778564453,0.011311054229736328,0.01053619384765625,0.010442018508911133,0.010786056518554688,0.010768890380859375,0.011577844619750977,0.010907173156738281,0.010737180709838867,0.011196136474609375,0.010699987411499023,0.010762929916381836,0.010855913162231445,0.011177778244018555,0.010859966278076172,0.010486125946044922,0.010488033294677734,0.010740041732788086,0.010412216186523438,0.01099395751953125,0.010953903198242188,0.010023355484008789,0.014518022537231445,0.010523080825805664,0.011746883392333984,0.010809898376464844,0.010588884353637695,0.010833740234375,0.011337041854858398,0.010581016540527344,0.010936975479125977,0.011176109313964844,0.010858297348022461,0.01089620590209961,0.010838985443115234,0.010317802429199219,0.010618209838867188,0.011388063430786133
polblogs	GNN	0.3731698989868164,0.4105651378631592,0.33187294006347656,0.4557609558105469,0.22537803649902344,0.28893089294433594,0.3046557903289795,0.3966493606567383,0.48531293869018555,0.6995179653167725,0.2681748867034912,0.32770204544067383,0.39757704734802246,0.32805609703063965,0.31771016120910645,0.3378281593322754,0.22991108894348145,0.46386194229125977,0.3172922134399414,0.4419059753417969,0.3849160671234131,0.3594532012939453,0.40036582946777344,0.6225571632385254,0.46370482444763184,0.4482088088989258,0.45341014862060547,0.2977919578552246,0.32593297958374023,0.657210111618042,0.33768486976623535,0.5702357292175293,0.5043249130249023,0.29919004440307617,0.3792088031768799,0.3217329978942871,0.22117280960083008,0.292773962020874,0.41794800758361816,0.41521191596984863,0.41146087646484375,0.4841451644897461,0.3295149803161621,0.3961069583892822,0.605125904083252,0.7146286964416504,0.31575870513916016,0.5041842460632324,0.4353938102722168,0.37512803077697754,0.8356211185455322,0.30642008781433105,0.6152660846710205,0.2876279354095459,0.3438420295715332,0.3901240825653076,0.45780515670776367,0.42340087890625,0.5618460178375244,0.35009002685546875,0.4008328914642334,0.3622598648071289,0.677631139755249,0.3691222667694092,0.3087611198425293,0.3670532703399658,0.37491297721862793,0.44833898544311523,0.6887650489807129,0.379439115524292,0.6093378067016602,0.328355073928833,0.5463728904724121,0.6081161499023438,0.38291096687316895,0.5427560806274414,0.4064769744873047,0.49121832847595215,0.34872913360595703,0.4645061492919922,0.5226712226867676,0.3964509963989258,0.42575883865356445,0.9403378963470459,0.23120498657226562,0.41080689430236816,0.37773799896240234,0.4602839946746826,0.34261202812194824,0.6705639362335205,0.45130133628845215,0.4047698974609375,0.2817709445953369,0.3365302085876465,0.32250213623046875,0.41905784606933594,0.38745784759521484,0.440352201461792,0.33168601989746094,0.5931320190429688
polblogs	GG	0.21614599227905273,0.6283719539642334,0.2529478073120117,0.39578819274902344,0.2554481029510498,0.8109488487243652,0.21930170059204102,0.24045610427856445,0.2243962287902832,0.39980173110961914,0.8955280780792236,0.22705674171447754,0.22813892364501953,0.22478532791137695,0.7221939563751221,0.21850299835205078,0.2535560131072998,0.8088638782501221,0.20187687873840332,0.22746515274047852,0.3906700611114502,0.22286319732666016,0.5513572692871094,1.2522950172424316,0.2909560203552246,0.37540698051452637,0.31462812423706055,0.22794818878173828,0.7488648891448975,0.2899320125579834,0.6167590618133545,0.24788284301757812,0.811276912689209,0.7614572048187256,0.7212541103363037,0.8161227703094482,0.6353352069854736,0.34833383560180664,0.29627394676208496,0.3147101402282715,0.4913341999053955,0.4029347896575928,0.3975090980529785,0.2269120216369629,0.22864413261413574,0.47806596755981445,0.2164599895477295,0.2257840633392334,0.21958088874816895,0.6499719619750977,0.6557648181915283,0.843055248260498,0.22716093063354492,0.4019289016723633,0.7940011024475098,0.7530679702758789,0.221052885055542,0.8842518329620361,0.21982693672180176,0.8667769432067871,0.26508593559265137,0.23052597045898438,0.5265579223632812,0.27933812141418457,1.0416960716247559,0.6327378749847412,0.5446069240570068,1.0797908306121826,0.23132920265197754,0.2164909839630127,0.2172408103942871,0.6637082099914551,1.502892017364502,0.43649983406066895,0.7821240425109863,0.21936583518981934,0.7049221992492676,0.553490161895752,0.23307490348815918,0.35048604011535645,0.5705320835113525,0.6494948863983154,0.46329712867736816,0.21484804153442383,1.1897411346435547,0.23427104949951172,0.3204061985015869,0.2191147804260254,0.5108880996704102,0.3657500743865967,0.22708702087402344,0.5839543342590332,0.2892110347747803,0.4650838375091553,0.6864440441131592,0.24063587188720703,0.6294679641723633,0.6603572368621826,0.7661688327789307,0.2935328483581543
polblogs	GG2	0.21614599227905273,0.6283719539642334,0.2529478073120117,0.39578819274902344,0.2554481029510498,0.8109488487243652,0.21930170059204102,0.24045610427856445,0.2243962287902832,0.39980173110961914,0.8955280780792236,0.22705674171447754,0.22813892364501953,0.22478532791137695,0.7221939563751221,0.21850299835205078,0.2535560131072998,0.8088638782501221,0.20187687873840332,0.22746515274047852,0.3906700611114502,0.22286319732666016,0.5513572692871094,1.2522950172424316,0.2909560203552246,0.37540698051452637,0.31462812423706055,0.22794818878173828,0.7488648891448975,0.2899320125579834,0.6167590618133545,0.24788284301757812,0.811276912689209,0.7614572048187256,0.7212541103363037,0.8161227703094482,0.6353352069854736,0.34833383560180664,0.29627394676208496,0.3147101402282715,0.4913341999053955,0.4029347896575928,0.3975090980529785,0.2269120216369629,0.22864413261413574,0.47806596755981445,0.2164599895477295,0.2257840633392334,0.21958088874816895,0.6499719619750977,0.6557648181915283,0.843055248260498,0.22716093063354492,0.4019289016723633,0.7940011024475098,0.7530679702758789,0.221052885055542,0.8842518329620361,0.21982693672180176,0.8667769432067871,0.26508593559265137,0.23052597045898438,0.5265579223632812,0.27933812141418457,1.0416960716247559,0.6327378749847412,0.5446069240570068,1.0797908306121826,0.23132920265197754,0.2164909839630127,0.2172408103942871,0.6637082099914551,1.502892017364502,0.43649983406066895,0.7821240425109863,0.21936583518981934,0.7049221992492676,0.553490161895752,0.23307490348815918,0.35048604011535645,0.5705320835113525,0.6494948863983154,0.46329712867736816,0.21484804153442383,1.1897411346435547,0.23427104949951172,0.3204061985015869,0.2191147804260254,0.5108880996704102,0.3657500743865967,0.22708702087402344,0.5839543342590332,0.2892110347747803,0.4650838375091553,0.6864440441131592,0.24063587188720703,0.6294679641723633,0.6603572368621826,0.7661688327789307,0.2935328483581543
TerroristRel	GEE	0.005643129348754883,0.0053598880767822266,0.0056781768798828125,0.00590205192565918,0.00586700439453125,0.005646228790283203,0.005614042282104492,0.005614042282104492,0.005536079406738281,0.005419015884399414,0.005586862564086914,0.0054950714111328125,0.005406856536865234,0.006315946578979492,0.005829811096191406,0.005479097366333008,0.005819797515869141,0.00585174560546875,0.005544900894165039,0.0056612491607666016,0.005532979965209961,0.00552821159362793,0.005547046661376953,0.005560636520385742,0.0055201053619384766,0.006051778793334961,0.0055811405181884766,0.005975008010864258,0.006161928176879883,0.00549769401550293,0.0063207149505615234,0.005446910858154297,0.005539894104003906,0.005796670913696289,0.005509853363037109,0.005532026290893555,0.005445003509521484,0.005689859390258789,0.005655050277709961,0.005548715591430664,0.005667686462402344,0.0059702396392822266,0.005475044250488281,0.0054662227630615234,0.00556492805480957,0.0054929256439208984,0.005572080612182617,0.005532026290893555,0.005547046661376953,0.005421876907348633,0.0055239200592041016,0.005457162857055664,0.005517005920410156,0.005628347396850586,0.0055429935455322266,0.0057048797607421875,0.005754947662353516,0.005445241928100586,0.005622148513793945,0.005655050277709961,0.005630970001220703,0.0056340694427490234,0.0058841705322265625,0.005685091018676758,0.005769968032836914,0.00609588623046875,0.005460977554321289,0.006349086761474609,0.005628108978271484,0.005615234375,0.00561976432800293,0.0056629180908203125,0.005478858947753906,0.0057680606842041016,0.005922079086303711,0.0054781436920166016,0.005632877349853516,0.00550389289855957,0.0055789947509765625,0.005742073059082031,0.005504608154296875,0.00587916374206543,0.005630016326904297,0.005545854568481445,0.005627870559692383,0.0057179927825927734,0.005569934844970703,0.005563974380493164,0.0056858062744140625,0.005672931671142578,0.005594015121459961,0.00556182861328125,0.006003856658935547,0.0056018829345703125,0.005465984344482422,0.00587010383605957,0.005634784698486328,0.00545191764831543,0.005712985992431641,0.005928993225097656
TerroristRel	GNN	0.28505897521972656,0.24645471572875977,0.2329847812652588,0.5011270046234131,0.2657499313354492,0.2510490417480469,0.2464909553527832,0.2263779640197754,0.24358391761779785,0.3040502071380615,0.2502880096435547,0.2408888339996338,0.30162906646728516,0.22674894332885742,0.34549570083618164,0.2753140926361084,0.32814478874206543,0.2670750617980957,0.27509522438049316,0.22452306747436523,0.33828186988830566,0.22396183013916016,0.26305723190307617,0.25568270683288574,0.2376842498779297,0.27353429794311523,0.23169493675231934,0.20568084716796875,0.24918198585510254,0.28273606300354004,0.2214670181274414,0.24159526824951172,0.3431227207183838,0.356248140335083,0.2239828109741211,0.4285850524902344,0.2725830078125,0.25429773330688477,0.2744710445404053,0.3111419677734375,0.27176976203918457,0.342191219329834,0.2267770767211914,0.45105504989624023,0.3049030303955078,0.2973449230194092,0.25981783866882324,0.3127739429473877,0.21742916107177734,0.2592658996582031,0.2864220142364502,0.23661303520202637,0.3146970272064209,0.27588510513305664,0.3694629669189453,0.2562079429626465,0.26128530502319336,0.3039529323577881,0.2982749938964844,0.327761173248291,0.21781206130981445,0.27750205993652344,0.3064289093017578,0.2990868091583252,0.4091498851776123,0.3165419101715088,0.2557680606842041,0.2852311134338379,0.290177583694458,0.23283886909484863,0.28935766220092773,0.27237510681152344,0.28594112396240234,0.30747222900390625,0.24940013885498047,0.3880040645599365,0.29419589042663574,0.35088086128234863,0.30751991271972656,0.4051957130432129,0.41860508918762207,0.2669229507446289,0.31922292709350586,0.3468620777130127,0.3258790969848633,0.3379251956939697,0.28616786003112793,0.3028271198272705,0.25008630752563477,0.3214280605316162,0.3007771968841553,0.2723519802093506,0.27527499198913574,0.2888188362121582,0.3908209800720215,0.2766079902648926,0.265470027923584,0.2964468002319336,0.31753993034362793,0.2510359287261963
TerroristRel	GG	0.3346409797668457,0.21922993659973145,0.8608040809631348,0.16521000862121582,0.8282680511474609,0.4396982192993164,0.3672969341278076,0.4080078601837158,0.6211071014404297,0.25768518447875977,0.39315009117126465,0.3831641674041748,0.39496707916259766,0.41795897483825684,0.1688072681427002,0.1957550048828125,0.7711727619171143,0.5183391571044922,0.3312530517578125,0.5991780757904053,1.0723209381103516,0.18909382820129395,0.4099249839782715,0.2852780818939209,0.3353903293609619,0.2523782253265381,0.3124849796295166,0.1956470012664795,0.200700044631958,0.3048529624938965,0.3222160339355469,0.6114120483398438,0.16452598571777344,0.21605324745178223,0.18784379959106445,0.556434154510498,0.2813291549682617,0.17470908164978027,0.38367795944213867,0.25364208221435547,0.4384019374847412,0.29096102714538574,0.43449926376342773,0.553786039352417,0.20340299606323242,0.33582282066345215,0.17229485511779785,0.6843478679656982,0.33185410499572754,0.1656172275543213,0.17150020599365234,0.34819936752319336,0.49817895889282227,0.18733787536621094,0.17506623268127441,0.18308281898498535,0.18966007232666016,0.18210506439208984,0.650515079498291,0.18437504768371582,0.7755200862884521,0.360048770904541,0.1572730541229248,0.18436884880065918,0.15921807289123535,0.6282691955566406,0.22028112411499023,0.5888009071350098,0.46734189987182617,0.27203798294067383,0.3306748867034912,0.5957067012786865,0.3146541118621826,0.35391688346862793,0.33506202697753906,0.33962082862854004,0.25188112258911133,0.16520333290100098,0.39319682121276855,0.4171738624572754,0.18363595008850098,0.48760986328125,0.4638102054595947,0.23932433128356934,0.17864012718200684,0.4021308422088623,0.7222690582275391,0.388808012008667,0.2545459270477295,0.60270094871521,0.404217004776001,0.614067792892456,0.2739241123199463,0.21320319175720215,0.3746330738067627,0.4163661003112793,0.1808786392211914,0.36900997161865234,0.19115591049194336,0.24069881439208984
TerroristRel	GG2	0.3346409797668457,0.21922993659973145,0.8608040809631348,0.16521000862121582,0.8282680511474609,0.4396982192993164,0.3672969341278076,0.4080078601837158,0.6211071014404297,0.25768518447875977,0.39315009117126465,0.3831641674041748,0.39496707916259766,0.41795897483825684,0.1688072681427002,0.1957550048828125,0.7711727619171143,0.5183391571044922,0.3312530517578125,0.5991780757904053,1.0723209381103516,0.18909382820129395,0.4099249839782715,0.2852780818939209,0.3353903293609619,0.2523782253265381,0.3124849796295166,0.1956470012664795,0.200700044631958,0.3048529624938965,0.3222160339355469,0.6114120483398438,0.16452598571777344,0.21605324745178223,0.18784379959106445,0.556434154510498,0.2813291549682617,0.17470908164978027,0.38367795944213867,0.25364208221435547,0.4384019374847412,0.29096102714538574,0.43449926376342773,0.553786039352417,0.20340299606323242,0.33582282066345215,0.17229485511779785,0.6843478679656982,0.33185410499572754,0.1656172275543213,0.17150020599365234,0.34819936752319336,0.49817895889282227,0.18733787536621094,0.17506623268127441,0.18308281898498535,0.18966007232666016,0.18210506439208984,0.650515079498291,0.18437504768371582,0.7755200862884521,0.360048770904541,0.1572730541229248,0.18436884880065918,0.15921807289123535,0.6282691955566406,0.22028112411499023,0.5888009071350098,0.46734189987182617,0.27203798294067383,0.3306748867034912,0.5957067012786865,0.3146541118621826,0.35391688346862793,0.33506202697753906,0.33962082862854004,0.25188112258911133,0.16520333290100098,0.39319682121276855,0.4171738624572754,0.18363595008850098,0.48760986328125,0.4638102054595947,0.23932433128356934,0.17864012718200684,0.4021308422088623,0.7222690582275391,0.388808012008667,0.2545459270477295,0.60270094871521,0.404217004776001,0.614067792892456,0.2739241123199463,0.21320319175720215,0.3746330738067627,0.4163661003112793,0.1808786392211914,0.36900997161865234,0.19115591049194336,0.24069881439208984
KarateClub	GEE	0.00011205673217773438,0.00011777877807617188,0.00012993812561035156,0.00013589859008789062,0.00013494491577148438,0.00011801719665527344,0.0001461505889892578,0.00012493133544921875,0.00011086463928222656,0.00011992454528808594,0.00011420249938964844,0.00014209747314453125,0.00011396408081054688,0.00011610984802246094,0.00011181831359863281,0.0001289844512939453,0.00011587142944335938,0.00013184547424316406,0.00013899803161621094,0.00011301040649414062,0.00011515617370605469,0.0001442432403564453,0.00011801719665527344,0.0001201629638671875,0.00011277198791503906,0.0001289844512939453,0.00013113021850585938,0.00012874603271484375,0.00011491775512695312,0.00011205673217773438,0.0001201629638671875,0.00011491775512695312,0.0001270771026611328,0.00011491775512695312,0.00011897087097167969,0.00011706352233886719,0.00011420249938964844,0.00011897087097167969,0.00013518333435058594,0.0001251697540283203,0.00011539459228515625,0.00011515617370605469,0.00015592575073242188,0.00012302398681640625,0.00011277198791503906,0.00011396408081054688,0.00014734268188476562,0.00011706352233886719,0.00011706352233886719,0.00011706352233886719,0.00011491775512695312,0.0001201629638671875,0.00011110305786132812,0.00011706352233886719,0.00012183189392089844,0.00011587142944335938,0.00011897087097167969,0.00012993812561035156,0.00011396408081054688,0.00011396408081054688,0.0001232624053955078,0.00011181831359863281,0.0001289844512939453,0.0001480579376220703,0.00011801719665527344,0.00011086463928222656,0.00011491775512695312,0.00011110305786132812,0.0001399517059326172,0.000110626220703125,0.00011301040649414062,0.00011324882507324219,0.00011372566223144531,0.00011897087097167969,0.00011801719665527344,0.00013184547424316406,0.00011396408081054688,0.00013375282287597656,0.0001201629638671875,0.00012874603271484375,0.00011897087097167969,0.00012183189392089844,0.0001289844512939453,0.00011706352233886719,0.00011587142944335938,0.00011301040649414062,0.00011086463928222656,0.00012183189392089844,0.00014209747314453125,0.00011396408081054688,0.00011873245239257812,0.00012302398681640625,0.00011301040649414062,0.00011610984802246094,0.00011706352233886719,0.00011706352233886719,0.00011801719665527344,0.00011086463928222656,0.00012803077697753906,0.00013113021850585938
KarateClub	GNN	0.08774685859680176,0.08206701278686523,0.19511985778808594,0.12142610549926758,0.1266472339630127,0.08102107048034668,0.11526203155517578,0.15599274635314941,0.08551502227783203,0.11351180076599121,0.13434123992919922,0.16243505477905273,0.13757991790771484,0.11756110191345215,0.11414194107055664,0.0879366397857666,0.189849853515625,0.08745408058166504,0.08208799362182617,0.13650202751159668,0.16873383522033691,0.1807842254638672,0.11214590072631836,0.10374760627746582,0.19498181343078613,0.09534168243408203,0.08610200881958008,0.16391873359680176,0.08183598518371582,0.16968202590942383,0.08030223846435547,0.08210086822509766,0.09463024139404297,0.10407495498657227,0.08207058906555176,0.08170819282531738,0.08271193504333496,0.15507197380065918,0.2192058563232422,0.11432600021362305,0.08052301406860352,0.08189511299133301,0.12984609603881836,0.08772993087768555,0.08392500877380371,0.0879979133605957,0.162445068359375,0.12717914581298828,0.09264898300170898,0.1933887004852295,0.19905710220336914,0.11125302314758301,0.14948391914367676,0.19959712028503418,0.08077430725097656,0.09973716735839844,0.08334732055664062,0.08226299285888672,0.11345624923706055,0.1395556926727295,0.14084506034851074,0.18176722526550293,0.1505289077758789,0.08072113990783691,0.08211088180541992,0.08317780494689941,0.12564992904663086,0.10433101654052734,0.12047696113586426,0.08337712287902832,0.14557790756225586,0.1569349765777588,0.16533398628234863,0.08304786682128906,0.1212930679321289,0.09425806999206543,0.19207215309143066,0.10459113121032715,0.1387331485748291,0.12586188316345215,0.08240103721618652,0.08246588706970215,0.08164405822753906,0.09413409233093262,0.10516524314880371,0.16786932945251465,0.17044806480407715,0.08216691017150879,0.0986628532409668,0.18114256858825684,0.0810859203338623,0.17755126953125,0.10812520980834961,0.12749624252319336,0.09677624702453613,0.08850669860839844,0.11008477210998535,0.2586038112640381,0.12745213508605957,0.09356307983398438
KarateClub	GG	0.09981513023376465,0.15271687507629395,0.08394217491149902,0.10046911239624023,0.08836817741394043,0.08193588256835938,0.08213281631469727,0.17876601219177246,0.08358097076416016,0.11507129669189453,0.14081573486328125,0.20752501487731934,0.08686399459838867,0.08138012886047363,0.08092188835144043,0.08153128623962402,0.08861374855041504,0.1603069305419922,0.08705401420593262,0.1536118984222412,0.1311323642730713,0.1126561164855957,0.15736174583435059,0.08154916763305664,0.09688591957092285,0.09169316291809082,0.08193111419677734,0.08554196357727051,0.08253121376037598,0.08535480499267578,0.1222078800201416,0.08337569236755371,0.10047507286071777,0.1405479907989502,0.1718580722808838,0.15346503257751465,0.1788477897644043,0.08285903930664062,0.1906449794769287,0.1656949520111084,0.10290408134460449,0.21657180786132812,0.08280801773071289,0.0824728012084961,0.1526353359222412,0.08203005790710449,0.20533514022827148,0.1262812614440918,0.11769604682922363,0.13687515258789062,0.09774112701416016,0.08202981948852539,0.08164215087890625,0.12729597091674805,0.13255882263183594,0.08610296249389648,0.11625027656555176,0.19171786308288574,0.08157515525817871,0.17663311958312988,0.08715105056762695,0.08394432067871094,0.18038702011108398,0.14615702629089355,0.1603248119354248,0.15617823600769043,0.0813131332397461,0.16026806831359863,0.17832303047180176,0.13691282272338867,0.09433889389038086,0.13036704063415527,0.09430694580078125,0.09608101844787598,0.14567303657531738,0.0913999080657959,0.08346414566040039,0.08136296272277832,0.08361291885375977,0.13883399963378906,0.10587406158447266,0.16067910194396973,0.1086740493774414,0.3146779537200928,0.11730813980102539,0.11340904235839844,0.11666512489318848,0.08709406852722168,0.08234715461730957,0.10616683959960938,0.13016796112060547,0.10941815376281738,0.1814408302307129,0.11128616333007812,0.10260701179504395,0.1821439266204834,0.08172798156738281,0.18226289749145508,0.16337800025939941,0.14119505882263184
KarateClub	GG2	0.09981513023376465,0.15271687507629395,0.08394217491149902,0.10046911239624023,0.08836817741394043,0.08193588256835938,0.08213281631469727,0.17876601219177246,0.08358097076416016,0.11507129669189453,0.14081573486328125,0.20752501487731934,0.08686399459838867,0.08138012886047363,0.08092188835144043,0.08153128623962402,0.08861374855041504,0.1603069305419922,0.08705401420593262,0.1536118984222412,0.1311323642730713,0.1126561164855957,0.15736174583435059,0.08154916763305664,0.09688591957092285,0.09169316291809082,0.08193111419677734,0.08554196357727051,0.08253121376037598,0.08535480499267578,0.1222078800201416,0.08337569236755371,0.10047507286071777,0.1405479907989502,0.1718580722808838,0.15346503257751465,0.1788477897644043,0.08285903930664062,0.1906449794769287,0.1656949520111084,0.10290408134460449,0.21657180786132812,0.08280801773071289,0.0824728012084961,0.1526353359222412,0.08203005790710449,0.20533514022827148,0.1262812614440918,0.11769604682922363,0.13687515258789062,0.09774112701416016,0.08202981948852539,0.08164215087890625,0.12729597091674805,0.13255882263183594,0.08610296249389648,0.11625027656555176,0.19171786308288574,0.08157515525817871,0.17663311958312988,0.08715105056762695,0.08394432067871094,0.18038702011108398,0.14615702629089355,0.1603248119354248,0.15617823600769043,0.0813131332397461,0.16026806831359863,0.17832303047180176,0.13691282272338867,0.09433889389038086,0.13036704063415527,0.09430694580078125,0.09608101844787598,0.14567303657531738,0.0913999080657959,0.08346414566040039,0.08136296272277832,0.08361291885375977,0.13883399963378906,0.10587406158447266,0.16067910194396973,0.1086740493774414,0.3146779537200928,0.11730813980102539,0.11340904235839844,0.11666512489318848,0.08709406852722168,0.08234715461730957,0.10616683959960938,0.13016796112060547,0.10941815376281738,0.1814408302307129,0.11128616333007812,0.10260701179504395,0.1821439266204834,0.08172798156738281,0.18226289749145508,0.16337800025939941,0.14119505882263184
Chameleon	GEE	0.01930999755859375,0.020422935485839844,0.02356696128845215,0.020021915435791016,0.020735979080200195,0.019874095916748047,0.021641969680786133,0.020466089248657227,0.019887208938598633,0.02065110206604004,0.020183086395263672,0.02054595947265625,0.020386934280395508,0.019308090209960938,0.021170854568481445,0.020460844039916992,0.02022695541381836,0.019849777221679688,0.02227926254272461,0.019301891326904297,0.02028489112854004,0.021969079971313477,0.020246028900146484,0.020362138748168945,0.02011394500732422,0.0197298526763916,0.019889116287231445,0.020573854446411133,0.020375728607177734,0.02029895782470703,0.01995110511779785,0.019837141036987305,0.0230710506439209,0.021028995513916016,0.019683122634887695,0.020262718200683594,0.02244091033935547,0.020174741744995117,0.019958972930908203,0.021979093551635742,0.022509098052978516,0.020593881607055664,0.02034282684326172,0.019600868225097656,0.020950794219970703,0.020813941955566406,0.020580768585205078,0.019608020782470703,0.020422935485839844,0.0201261043548584,0.020170927047729492,0.023342132568359375,0.01912403106689453,0.023114919662475586,0.0204622745513916,0.01999187469482422,0.020557880401611328,0.02166604995727539,0.020159006118774414,0.01958608627319336,0.019733428955078125,0.021127939224243164,0.021819114685058594,0.02030205726623535,0.021129846572875977,0.019868850708007812,0.02017688751220703,0.02010965347290039,0.020200014114379883,0.020693063735961914,0.020630836486816406,0.021811962127685547,0.021706819534301758,0.020953893661499023,0.022237300872802734,0.02128124237060547,0.020639896392822266,0.020605087280273438,0.02184605598449707,0.021069049835205078,0.02193927764892578,0.021502971649169922,0.022136211395263672,0.022109270095825195,0.021859169006347656,0.022190093994140625,0.02211928367614746,0.023694753646850586,0.04509902000427246,0.021838903427124023,0.021851301193237305,0.021671056747436523,0.022450923919677734,0.022005319595336914,0.022587060928344727,0.02202010154724121,0.022249221801757812,0.02190113067626953,0.023047208786010742,0.022513866424560547
Chameleon	GNN	0.675457239151001,0.41719603538513184,0.49131321907043457,0.5444631576538086,0.510775089263916,0.5299220085144043,0.41715097427368164,0.5839521884918213,0.4548070430755615,0.48941898345947266,0.8190300464630127,0.6307802200317383,0.512782096862793,0.6346619129180908,1.093785047531128,2.405358076095581,0.588629961013794,0.5652682781219482,1.8957951068878174,0.545598030090332,0.6399669647216797,0.7144460678100586,0.5181632041931152,1.3836431503295898,0.5028927326202393,1.0627658367156982,0.5275750160217285,0.4637022018432617,0.4447500705718994,0.46726298332214355,0.9167466163635254,0.5785322189331055,0.43523597717285156,0.5437312126159668,0.5447778701782227,0.6131439208984375,0.7830238342285156,0.46115803718566895,0.5118248462677002,0.5141310691833496,0.4335520267486572,0.48144006729125977,0.4665560722351074,0.3985099792480469,0.5301539897918701,1.0290448665618896,0.5306258201599121,0.4476590156555176,0.5397722721099854,0.8442749977111816,0.5661330223083496,0.5770270824432373,0.7626056671142578,0.6997759342193604,0.513484001159668,0.4107089042663574,0.4373500347137451,0.657027006149292,0.7263610363006592,0.44861912727355957,0.4646267890930176,0.5273058414459229,0.3646278381347656,0.4501047134399414,0.43807125091552734,0.44754815101623535,0.5081079006195068,0.6133451461791992,0.5044350624084473,0.672065019607544,0.7078168392181396,0.37587499618530273,0.5515551567077637,1.1974918842315674,0.5369131565093994,0.6954281330108643,0.563601016998291,0.4808199405670166,0.5002069473266602,0.7864570617675781,0.5935659408569336,0.42762017250061035,0.4127662181854248,0.4898030757904053,0.5634658336639404,0.49865174293518066,1.3527090549468994,0.5501391887664795,0.8886802196502686,0.44364094734191895,0.49764585494995117,0.46921586990356445,0.4090540409088135,0.5161402225494385,0.4366719722747803,0.6849339008331299,0.5455949306488037,0.5944693088531494,0.5365800857543945,0.4509601593017578
Chameleon	GG	1.1038792133331299,0.7479507923126221,1.2742831707000732,0.7726216316223145,0.9203510284423828,1.103262186050415,0.40369296073913574,1.1673259735107422,0.7600688934326172,0.6307361125946045,1.0341017246246338,0.5999879837036133,0.4030158519744873,1.8939111232757568,0.4252479076385498,1.0831012725830078,0.44442009925842285,0.6037840843200684,0.6170828342437744,1.5815470218658447,1.3579068183898926,0.8846340179443359,0.5708601474761963,1.2698380947113037,0.40290117263793945,0.7449462413787842,0.5217649936676025,0.8494319915771484,1.11098313331604,0.9803330898284912,0.7165887355804443,1.689521074295044,0.8292899131774902,1.8111557960510254,1.2337121963500977,0.5954270362854004,0.3899998664855957,1.1054012775421143,0.6522939205169678,1.9476091861724854,2.038796901702881,1.3007938861846924,0.41889119148254395,0.7514722347259521,1.6685829162597656,1.831212043762207,0.7247040271759033,1.3171887397766113,1.2743399143218994,0.9913420677185059,0.5875177383422852,1.4369251728057861,1.6107780933380127,1.2430002689361572,1.2468149662017822,0.5935399532318115,1.2767000198364258,0.7120838165283203,1.4991769790649414,1.932920217514038,0.9991579055786133,1.0465447902679443,0.4617269039154053,1.129457950592041,0.7219257354736328,1.0713529586791992,0.8391671180725098,1.100877046585083,0.7989997863769531,1.316939115524292,1.6167409420013428,0.35619306564331055,0.8741393089294434,1.3058390617370605,0.8403060436248779,1.2632999420166016,1.165395975112915,1.353499174118042,2.0381178855895996,0.5070459842681885,1.1183171272277832,0.3912041187286377,0.9615590572357178,0.4918179512023926,1.5032591819763184,1.2330281734466553,1.270519733428955,0.9164438247680664,1.170821189880371,1.37754487991333,1.9917380809783936,0.8361399173736572,2.0389132499694824,1.3222980499267578,0.4596138000488281,1.6234800815582275,0.5054199695587158,0.7137539386749268,1.541616678237915,0.5514371395111084
Chameleon	GG2	1.1038792133331299,0.7479507923126221,1.2742831707000732,0.7726216316223145,0.9203510284423828,1.103262186050415,0.40369296073913574,1.1673259735107422,0.7600688934326172,0.6307361125946045,1.0341017246246338,0.5999879837036133,0.4030158519744873,1.8939111232757568,0.4252479076385498,1.0831012725830078,0.44442009925842285,0.6037840843200684,0.6170828342437744,1.5815470218658447,1.3579068183898926,0.8846340179443359,0.5708601474761963,1.2698380947113037,0.40290117263793945,0.7449462413787842,0.5217649936676025,0.8494319915771484,1.11098313331604,0.9803330898284912,0.7165887355804443,1.689521074295044,0.8292899131774902,1.8111557960510254,1.2337121963500977,0.5954270362854004,0.3899998664855957,1.1054012775421143,0.6522939205169678,1.9476091861724854,2.038796901702881,1.3007938861846924,0.41889119148254395,0.7514722347259521,1.6685829162597656,1.831212043762207,0.7247040271759033,1.3171887397766113,1.2743399143218994,0.9913420677185059,0.5875177383422852,1.4369251728057861,1.6107780933380127,1.2430002689361572,1.2468149662017822,0.5935399532318115,1.2767000198364258,0.7120838165283203,1.4991769790649414,1.932920217514038,0.9991579055786133,1.0465447902679443,0.4617269039154053,1.129457950592041,0.7219257354736328,1.0713529586791992,0.8391671180725098,1.100877046585083,0.7989997863769531,1.316939115524292,1.6167409420013428,0.35619306564331055,0.8741393089294434,1.3058390617370605,0.8403060436248779,1.2632999420166016,1.165395975112915,1.353499174118042,2.0381178855895996,0.5070459842681885,1.1183171272277832,0.3912041187286377,0.9615590572357178,0.4918179512023926,1.5032591819763184,1.2330281734466553,1.270519733428955,0.9164438247680664,1.170821189880371,1.37754487991333,1.9917380809783936,0.8361399173736572,2.0389132499694824,1.3222980499267578,0.4596138000488281,1.6234800815582275,0.5054199695587158,0.7137539386749268,1.541616678237915,0.5514371395111084
Cora	GEE	0.004623889923095703,0.004042863845825195,0.004003047943115234,0.004467010498046875,0.004029035568237305,0.004069089889526367,0.004259824752807617,0.004142045974731445,0.004589080810546875,0.0040400028228759766,0.004023075103759766,0.004207134246826172,0.0038900375366210938,0.004179239273071289,0.003796815872192383,0.0037560462951660156,0.003789186477661133,0.00398707389831543,0.003961086273193359,0.003896951675415039,0.003796100616455078,0.003882169723510742,0.0038170814514160156,0.0038700103759765625,0.003827810287475586,0.003871917724609375,0.0039958953857421875,0.004318952560424805,0.003827810287475586,0.0038051605224609375,0.004260063171386719,0.004657745361328125,0.0039560794830322266,0.004179954528808594,0.0037958621978759766,0.004024028778076172,0.003912925720214844,0.0038030147552490234,0.003957033157348633,0.00422215461730957,0.004003047943115234,0.004941701889038086,0.004061222076416016,0.004175901412963867,0.003860950469970703,0.0038170814514160156,0.003880023956298828,0.003977060317993164,0.00405120849609375,0.003796815872192383,0.004096031188964844,0.00397801399230957,0.003822803497314453,0.0039789676666259766,0.0038230419158935547,0.003943920135498047,0.004009246826171875,0.004830837249755859,0.004209995269775391,0.003946065902709961,0.003954172134399414,0.003904104232788086,0.0041332244873046875,0.003922224044799805,0.004094362258911133,0.004110097885131836,0.004050731658935547,0.004212856292724609,0.004151105880737305,0.004307985305786133,0.004161834716796875,0.004072904586791992,0.004170894622802734,0.004502773284912109,0.003993988037109375,0.004431009292602539,0.004225015640258789,0.004181861877441406,0.004157066345214844,0.004478931427001953,0.00404810905456543,0.004355669021606445,0.0041730403900146484,0.0041980743408203125,0.004102945327758789,0.004269838333129883,0.004096031188964844,0.004146099090576172,0.004203081130981445,0.0056171417236328125,0.004266977310180664,0.004385709762573242,0.004019737243652344,0.00419306755065918,0.004378080368041992,0.004160881042480469,0.004090309143066406,0.004308938980102539,0.004219770431518555,0.004293203353881836
Cora	GNN	0.444072961807251,0.41434788703918457,0.584080696105957,0.49718666076660156,0.356503963470459,1.3709690570831299,0.5759589672088623,0.3923940658569336,0.49100279808044434,0.47328996658325195,0.4114408493041992,0.34790992736816406,0.40276122093200684,0.3745608329772949,0.39650774002075195,0.42418503761291504,0.3641531467437744,0.40500807762145996,0.7468922138214111,0.4901421070098877,0.3764019012451172,0.43372106552124023,0.6180241107940674,0.38581013679504395,0.4104492664337158,0.42193102836608887,0.6300337314605713,0.5049657821655273,0.4142179489135742,0.4114251136779785,0.6854228973388672,0.35716986656188965,0.4127528667449951,0.3963181972503662,0.3767118453979492,0.4269719123840332,0.40584516525268555,0.42125511169433594,0.450592041015625,0.34914398193359375,0.4204390048980713,0.3637959957122803,0.43682098388671875,0.44947099685668945,0.38406968116760254,0.45228004455566406,0.599102258682251,0.5027859210968018,0.35839104652404785,0.3604471683502197,0.4547090530395508,0.3804447650909424,0.344890832901001,0.38854193687438965,0.6244938373565674,0.45321083068847656,0.4498167037963867,0.36731791496276855,0.9876999855041504,0.4646468162536621,0.38244080543518066,0.41580700874328613,0.7389078140258789,0.4841020107269287,0.39760613441467285,0.32768702507019043,0.39218997955322266,0.5554990768432617,0.37375378608703613,0.47267985343933105,0.36677980422973633,0.390225887298584,0.3955118656158447,1.0481491088867188,0.3919529914855957,0.3317251205444336,0.3988919258117676,0.37102675437927246,0.3905808925628662,0.3300800323486328,0.3514859676361084,0.35622501373291016,0.46503710746765137,0.40447998046875,0.41956591606140137,0.7693102359771729,0.36874818801879883,0.44899916648864746,0.39341282844543457,0.3409919738769531,0.37447071075439453,0.3945279121398926,0.36036086082458496,0.46112895011901855,0.4235570430755615,0.3889749050140381,0.4127202033996582,0.3747420310974121,0.8811769485473633,0.39475178718566895
Cora	GG	1.114645004272461,1.2023491859436035,0.6895401477813721,0.47568511962890625,0.9436748027801514,1.2073891162872314,0.8260657787322998,0.802844762802124,0.5782930850982666,0.5127208232879639,1.0061838626861572,1.3059179782867432,0.8702259063720703,0.6209652423858643,1.066335916519165,0.8135828971862793,0.851179838180542,0.6135749816894531,0.895880937576294,0.5219919681549072,1.8269312381744385,1.0181031227111816,0.6887781620025635,0.727586030960083,0.7729871273040771,0.709895133972168,0.7554869651794434,0.9599690437316895,0.5967381000518799,1.0028769969940186,1.0005531311035156,1.2258458137512207,0.7315618991851807,0.8182640075683594,1.0518887042999268,0.8557350635528564,0.8213701248168945,0.47803711891174316,0.9734108448028564,0.5971019268035889,0.3246181011199951,0.7817308902740479,0.6959090232849121,0.35192298889160156,0.6269621849060059,0.7116818428039551,0.6825547218322754,1.621340036392212,0.45496606826782227,0.8548688888549805,1.106266975402832,0.6085288524627686,0.7658250331878662,0.9509129524230957,1.0257039070129395,0.7646470069885254,0.7581820487976074,0.44477272033691406,0.8370199203491211,0.8811130523681641,0.9935190677642822,0.649404764175415,0.9750068187713623,0.6276302337646484,0.526515007019043,0.5838961601257324,1.031898021697998,1.2851803302764893,0.8107361793518066,0.6621010303497314,0.5402240753173828,0.8500669002532959,0.7485830783843994,0.34329795837402344,0.6026980876922607,0.613867998123169,0.8261110782623291,0.5671708583831787,0.7478368282318115,0.6163721084594727,0.6145780086517334,1.2031211853027344,0.5614902973175049,0.7651431560516357,0.7378489971160889,0.42749810218811035,0.6105561256408691,0.501964807510376,0.47808289527893066,0.7863490581512451,0.7401869297027588,0.8317210674285889,0.6970498561859131,0.5925970077514648,0.6781570911407471,1.0985448360443115,0.29732775688171387,0.9068930149078369,0.5939550399780273,0.5173320770263672
Cora	GG2	1.114645004272461,1.2023491859436035,0.6895401477813721,0.47568511962890625,0.9436748027801514,1.2073891162872314,0.8260657787322998,0.802844762802124,0.5782930850982666,0.5127208232879639,1.0061838626861572,1.3059179782867432,0.8702259063720703,0.6209652423858643,1.066335916519165,0.8135828971862793,0.851179838180542,0.6135749816894531,0.895880937576294,0.5219919681549072,1.8269312381744385,1.0181031227111816,0.6887781620025635,0.727586030960083,0.7729871273040771,0.709895133972168,0.7554869651794434,0.9599690437316895,0.5967381000518799,1.0028769969940186,1.0005531311035156,1.2258458137512207,0.7315618991851807,0.8182640075683594,1.0518887042999268,0.8557350635528564,0.8213701248168945,0.47803711891174316,0.9734108448028564,0.5971019268035889,0.3246181011199951,0.7817308902740479,0.6959090232849121,0.35192298889160156,0.6269621849060059,0.7116818428039551,0.6825547218322754,1.621340036392212,0.45496606826782227,0.8548688888549805,1.106266975402832,0.6085288524627686,0.7658250331878662,0.9509129524230957,1.0257039070129395,0.7646470069885254,0.7581820487976074,0.44477272033691406,0.8370199203491211,0.8811130523681641,0.9935190677642822,0.649404764175415,0.9750068187713623,0.6276302337646484,0.526515007019043,0.5838961601257324,1.031898021697998,1.2851803302764893,0.8107361793518066,0.6621010303497314,0.5402240753173828,0.8500669002532959,0.7485830783843994,0.34329795837402344,0.6026980876922607,0.613867998123169,0.8261110782623291,0.5671708583831787,0.7478368282318115,0.6163721084594727,0.6145780086517334,1.2031211853027344,0.5614902973175049,0.7651431560516357,0.7378489971160889,0.42749810218811035,0.6105561256408691,0.501964807510376,0.47808289527893066,0.7863490581512451,0.7401869297027588,0.8317210674285889,0.6970498561859131,0.5925970077514648,0.6781570911407471,1.0985448360443115,0.29732775688171387,0.9068930149078369,0.5939550399780273,0.5173320770263672
Citeseer	GEE	0.003846883773803711,0.003907680511474609,0.003939151763916016,0.003915071487426758,0.0038459300994873047,0.0038480758666992188,0.0037932395935058594,0.00379180908203125,0.006623983383178711,0.003865957260131836,0.003862619400024414,0.003939151763916016,0.0038471221923828125,0.003772735595703125,0.003820657730102539,0.0038552284240722656,0.003818035125732422,0.0038390159606933594,0.003804922103881836,0.005997180938720703,0.0038919448852539062,0.0037491321563720703,0.003865957260131836,0.004006147384643555,0.003754138946533203,0.0037899017333984375,0.0037839412689208984,0.00374603271484375,0.0043790340423583984,0.0039598941802978516,0.004065036773681641,0.003985166549682617,0.00395512580871582,0.004128932952880859,0.0040531158447265625,0.0039310455322265625,0.004363059997558594,0.0038449764251708984,0.003805875778198242,0.0038900375366210938,0.0038030147552490234,0.003801107406616211,0.0038721561431884766,0.003942012786865234,0.003785848617553711,0.0037789344787597656,0.003738880157470703,0.003932952880859375,0.0039250850677490234,0.0038111209869384766,0.003873109817504883,0.0037131309509277344,0.0037870407104492188,0.0037970542907714844,0.003859996795654297,0.00400090217590332,0.003818988800048828,0.004040956497192383,0.0038568973541259766,0.003859996795654297,0.0037839412689208984,0.0036840438842773438,0.003777027130126953,0.004614114761352539,0.0038690567016601562,0.0038542747497558594,0.003719806671142578,0.003721952438354492,0.003742218017578125,0.0038619041442871094,0.0042760372161865234,0.0038862228393554688,0.0038912296295166016,0.00380706787109375,0.003796100616455078,0.003947019577026367,0.0040509700775146484,0.004704952239990234,0.0038139820098876953,0.003920793533325195,0.003961801528930664,0.004307985305786133,0.0038611888885498047,0.003930091857910156,0.0038847923278808594,0.0039250850677490234,0.003846883773803711,0.0042459964752197266,0.003944873809814453,0.0038559436798095703,0.0038001537322998047,0.00410008430480957,0.0044498443603515625,0.0038373470306396484,0.003857851028442383,0.0038263797760009766,0.003958225250244141,0.003782033920288086,0.0038280487060546875,0.0038819313049316406
Citeseer	GNN	0.3967311382293701,0.35947108268737793,0.4003119468688965,0.44629907608032227,0.3624739646911621,0.4144430160522461,0.3817431926727295,0.49283790588378906,0.35044407844543457,0.42589306831359863,0.40795183181762695,0.606616735458374,0.44449710845947266,0.45152807235717773,0.32217907905578613,0.4847748279571533,0.3149111270904541,0.6696591377258301,0.31430482864379883,0.38468313217163086,0.3617210388183594,0.42490506172180176,0.35135412216186523,0.35216617584228516,0.3328068256378174,0.5696897506713867,0.38857030868530273,0.36127686500549316,0.3212728500366211,0.4138147830963135,0.5562350749969482,0.5666921138763428,0.47347402572631836,0.46645593643188477,0.3935840129852295,0.3364863395690918,0.37891626358032227,0.3570079803466797,0.4137122631072998,0.40842199325561523,0.3576090335845947,0.3767719268798828,0.43285393714904785,0.36852002143859863,0.41631484031677246,0.4238758087158203,0.37037181854248047,0.41356801986694336,0.3491640090942383,0.5224509239196777,0.3955860137939453,0.4894993305206299,0.34838104248046875,0.3699488639831543,0.45634984970092773,0.35453081130981445,0.415647029876709,0.9517691135406494,0.9272949695587158,0.42807602882385254,1.1420109272003174,0.4245128631591797,0.39865708351135254,0.5231130123138428,0.4211578369140625,0.4571669101715088,0.28382396697998047,0.5418431758880615,0.40006399154663086,0.3216676712036133,0.3507041931152344,0.41989874839782715,0.44641995429992676,0.3872530460357666,0.5861601829528809,0.3250889778137207,0.41503000259399414,0.5247528553009033,0.5881049633026123,0.4381530284881592,0.38712596893310547,0.4160010814666748,0.7340540885925293,0.4230940341949463,0.406757116317749,0.3974330425262451,0.30442309379577637,0.3721301555633545,0.34145402908325195,0.5195410251617432,0.37641334533691406,0.3527989387512207,0.3543422222137451,0.36778974533081055,0.504094123840332,0.5114271640777588,0.34751200675964355,0.49587297439575195,0.38637399673461914,0.39852190017700195
Citeseer	GG	0.6302669048309326,0.6386640071868896,0.7674689292907715,0.9254238605499268,0.9048101902008057,0.8717601299285889,0.45944809913635254,0.40759706497192383,0.8603260517120361,1.0015618801116943,0.70135498046875,0.6716527938842773,1.0369198322296143,1.070591926574707,0.5851130485534668,0.8044998645782471,0.8441460132598877,0.764611005783081,0.48871779441833496,0.6386229991912842,1.0183322429656982,0.9098961353302002,0.8490293025970459,0.6676669120788574,0.588594913482666,0.8533520698547363,1.124018907546997,0.8551359176635742,0.6825170516967773,0.5025920867919922,0.7162308692932129,0.6532340049743652,0.6250941753387451,0.8079328536987305,0.6182680130004883,0.884777307510376,0.588886022567749,0.8700320720672607,0.7633140087127686,0.5612993240356445,0.5920231342315674,0.6618690490722656,0.9692752361297607,0.7209289073944092,0.6748952865600586,0.7036871910095215,0.2812919616699219,0.6512348651885986,0.6293158531188965,0.9961838722229004,0.29815220832824707,0.7409021854400635,1.0242071151733398,0.6934130191802979,1.14205002784729,0.5167930126190186,0.6875967979431152,0.5261659622192383,0.790553092956543,0.6571831703186035,0.6189358234405518,0.7403759956359863,1.0238571166992188,0.6619069576263428,0.6738307476043701,0.8962609767913818,0.6739137172698975,0.8315260410308838,0.8288731575012207,0.6939148902893066,0.8098530769348145,0.48802995681762695,0.39495015144348145,0.6223611831665039,0.8429620265960693,0.4581170082092285,0.8440079689025879,0.9822440147399902,0.6410098075866699,1.339608907699585,0.8742530345916748,1.0349509716033936,0.5907907485961914,0.8194561004638672,0.8832559585571289,0.6138079166412354,0.4792501926422119,0.7029361724853516,0.6138210296630859,0.7567012310028076,0.653439998626709,1.3123869895935059,0.797001838684082,0.5808079242706299,0.4993100166320801,0.8274552822113037,0.8752338886260986,0.7043359279632568,0.5474240779876709,0.8737900257110596
Citeseer	GG2	0.6302669048309326,0.6386640071868896,0.7674689292907715,0.9254238605499268,0.9048101902008057,0.8717601299285889,0.45944809913635254,0.40759706497192383,0.8603260517120361,1.0015618801116943,0.70135498046875,0.6716527938842773,1.0369198322296143,1.070591926574707,0.5851130485534668,0.8044998645782471,0.8441460132598877,0.764611005783081,0.48871779441833496,0.6386229991912842,1.0183322429656982,0.9098961353302002,0.8490293025970459,0.6676669120788574,0.588594913482666,0.8533520698547363,1.124018907546997,0.8551359176635742,0.6825170516967773,0.5025920867919922,0.7162308692932129,0.6532340049743652,0.6250941753387451,0.8079328536987305,0.6182680130004883,0.884777307510376,0.588886022567749,0.8700320720672607,0.7633140087127686,0.5612993240356445,0.5920231342315674,0.6618690490722656,0.9692752361297607,0.7209289073944092,0.6748952865600586,0.7036871910095215,0.2812919616699219,0.6512348651885986,0.6293158531188965,0.9961838722229004,0.29815220832824707,0.7409021854400635,1.0242071151733398,0.6934130191802979,1.14205002784729,0.5167930126190186,0.6875967979431152,0.5261659622192383,0.790553092956543,0.6571831703186035,0.6189358234405518,0.7403759956359863,1.0238571166992188,0.6619069576263428,0.6738307476043701,0.8962609767913818,0.6739137172698975,0.8315260410308838,0.8288731575012207,0.6939148902893066,0.8098530769348145,0.48802995681762695,0.39495015144348145,0.6223611831665039,0.8429620265960693,0.4581170082092285,0.8440079689025879,0.9822440147399902,0.6410098075866699,1.339608907699585,0.8742530345916748,1.0349509716033936,0.5907907485961914,0.8194561004638672,0.8832559585571289,0.6138079166412354,0.4792501926422119,0.7029361724853516,0.6138210296630859,0.7567012310028076,0.653439998626709,1.3123869895935059,0.797001838684082,0.5808079242706299,0.4993100166320801,0.8274552822113037,0.8752338886260986,0.7043359279632568,0.5474240779876709,0.8737900257110596
